solid OpenSCAD_Model
  facet normal 0 -1 0
    outer loop
      vertex 92.5 -2.5 6
      vertex 105 -2.5 12
      vertex 92.5 -2.5 12
    endloop
  endfacet
  facet normal 0 -1 -0
    outer loop
      vertex 105 -2.5 12
      vertex 92.5 -2.5 6
      vertex 105 -2.5 6
    endloop
  endfacet
  facet normal 0 -1 0
    outer loop
      vertex -7.7 -2.5 6
      vertex -4.87008 -2.5 12
      vertex -7.7 -2.5 12
    endloop
  endfacet
  facet normal 0 -1 -0
    outer loop
      vertex -4.87008 -2.5 12
      vertex -7.7 -2.5 6
      vertex -4.87008 -2.5 6
    endloop
  endfacet
  facet normal 0 -1 0
    outer loop
      vertex 4.87008 -2.5 6
      vertex 18.5 -2.5 12
      vertex 4.87008 -2.5 12
    endloop
  endfacet
  facet normal 0 -1 -0
    outer loop
      vertex 18.5 -2.5 12
      vertex 4.87008 -2.5 6
      vertex 18.5 -2.5 6
    endloop
  endfacet
  facet normal 0 -1 0
    outer loop
      vertex 20.5 -2.5 6
      vertex 30.5 -2.5 12
      vertex 20.5 -2.5 12
    endloop
  endfacet
  facet normal 0 -1 -0
    outer loop
      vertex 30.5 -2.5 12
      vertex 20.5 -2.5 6
      vertex 30.5 -2.5 6
    endloop
  endfacet
  facet normal 0 -1 0
    outer loop
      vertex 32.5 -2.5 6
      vertex 42.5 -2.5 12
      vertex 32.5 -2.5 12
    endloop
  endfacet
  facet normal 0 -1 -0
    outer loop
      vertex 42.5 -2.5 12
      vertex 32.5 -2.5 6
      vertex 42.5 -2.5 6
    endloop
  endfacet
  facet normal 0 -1 0
    outer loop
      vertex 44.5 -2.5 6
      vertex 54.5 -2.5 12
      vertex 44.5 -2.5 12
    endloop
  endfacet
  facet normal 0 -1 -0
    outer loop
      vertex 54.5 -2.5 12
      vertex 44.5 -2.5 6
      vertex 54.5 -2.5 6
    endloop
  endfacet
  facet normal 0 -1 0
    outer loop
      vertex 56.5 -2.5 6
      vertex 66.5 -2.5 12
      vertex 56.5 -2.5 12
    endloop
  endfacet
  facet normal 0 -1 -0
    outer loop
      vertex 66.5 -2.5 12
      vertex 56.5 -2.5 6
      vertex 66.5 -2.5 6
    endloop
  endfacet
  facet normal 0 -1 0
    outer loop
      vertex 68.5 -2.5 6
      vertex 78.5 -2.5 12
      vertex 68.5 -2.5 12
    endloop
  endfacet
  facet normal 0 -1 -0
    outer loop
      vertex 78.5 -2.5 12
      vertex 68.5 -2.5 6
      vertex 78.5 -2.5 6
    endloop
  endfacet
  facet normal 0 -1 0
    outer loop
      vertex 80.5 -2.5 6
      vertex 90.5 -2.5 12
      vertex 80.5 -2.5 12
    endloop
  endfacet
  facet normal 0 -1 -0
    outer loop
      vertex 90.5 -2.5 12
      vertex 80.5 -2.5 6
      vertex 90.5 -2.5 6
    endloop
  endfacet
  facet normal 1 -0 0
    outer loop
      vertex 105 -2.5 12
      vertex 105 4 6
      vertex 105 4 12
    endloop
  endfacet
  facet normal 1 0 0
    outer loop
      vertex 105 4 6
      vertex 105 -2.5 12
      vertex 105 -2.5 6
    endloop
  endfacet
  facet normal 0 1 -0
    outer loop
      vertex -4.87008 2.5 6
      vertex -7.7 2.5 12
      vertex -4.87008 2.5 12
    endloop
  endfacet
  facet normal 0 1 0
    outer loop
      vertex -7.7 2.5 12
      vertex -4.87008 2.5 6
      vertex -7.7 2.5 6
    endloop
  endfacet
  facet normal 0 1 -0
    outer loop
      vertex 97 2.5 6
      vertex 4.87008 2.5 12
      vertex 97 2.5 12
    endloop
  endfacet
  facet normal 0 1 0
    outer loop
      vertex 4.87008 2.5 12
      vertex 97 2.5 6
      vertex 4.87008 2.5 6
    endloop
  endfacet
  facet normal 0 0 -1
    outer loop
      vertex 18.5 -2.5 6
      vertex 4.87008 -2.5 6
      vertex 18.5 -1.9 6
    endloop
  endfacet
  facet normal 0 0 -1
    outer loop
      vertex 30.5 -2.5 6
      vertex 20.5 -2.5 6
      vertex 30.5 -1.9 6
    endloop
  endfacet
  facet normal 0 0 -1
    outer loop
      vertex 42.5 -2.5 6
      vertex 32.5 -2.5 6
      vertex 42.5 -1.9 6
    endloop
  endfacet
  facet normal 0 0 -1
    outer loop
      vertex 54.5 -2.5 6
      vertex 44.5 -2.5 6
      vertex 54.5 -1.9 6
    endloop
  endfacet
  facet normal 0 0 -1
    outer loop
      vertex 66.5 -2.5 6
      vertex 56.5 -2.5 6
      vertex 66.5 -1.9 6
    endloop
  endfacet
  facet normal 0 0 -1
    outer loop
      vertex 78.5 -2.5 6
      vertex 68.5 -2.5 6
      vertex 78.5 -1.9 6
    endloop
  endfacet
  facet normal 0 0 -1
    outer loop
      vertex 90.5 -2.5 6
      vertex 80.5 -2.5 6
      vertex 90.5 -1.9 6
    endloop
  endfacet
  facet normal 0 0 -1
    outer loop
      vertex 105 -2.5 6
      vertex 97 2.5 6
      vertex 105 4 6
    endloop
  endfacet
  facet normal 0 0 -1
    outer loop
      vertex 92.5 -2.5 6
      vertex 97 2.5 6
      vertex 105 -2.5 6
    endloop
  endfacet
  facet normal 0 0 -1
    outer loop
      vertex 92.5 -1.9 6
      vertex 97 2.5 6
      vertex 92.5 -2.5 6
    endloop
  endfacet
  facet normal 0 0 -1
    outer loop
      vertex 90.5 -1.9 6
      vertex 97 2.5 6
      vertex 92.5 -1.9 6
    endloop
  endfacet
  facet normal 0 0 -1
    outer loop
      vertex 80.5 -1.9 6
      vertex 90.5 -1.9 6
      vertex 80.5 -2.5 6
    endloop
  endfacet
  facet normal 0 0 -1
    outer loop
      vertex 90.5 -1.9 6
      vertex 80.5 -1.9 6
      vertex 97 2.5 6
    endloop
  endfacet
  facet normal 0 0 -1
    outer loop
      vertex 78.5 -1.9 6
      vertex 97 2.5 6
      vertex 80.5 -1.9 6
    endloop
  endfacet
  facet normal 0 0 -1
    outer loop
      vertex 68.5 -1.9 6
      vertex 78.5 -1.9 6
      vertex 68.5 -2.5 6
    endloop
  endfacet
  facet normal 0 0 -1
    outer loop
      vertex 78.5 -1.9 6
      vertex 68.5 -1.9 6
      vertex 97 2.5 6
    endloop
  endfacet
  facet normal 0 0 -1
    outer loop
      vertex 66.5 -1.9 6
      vertex 97 2.5 6
      vertex 68.5 -1.9 6
    endloop
  endfacet
  facet normal 0 0 -1
    outer loop
      vertex 56.5 -1.9 6
      vertex 66.5 -1.9 6
      vertex 56.5 -2.5 6
    endloop
  endfacet
  facet normal 0 0 -1
    outer loop
      vertex 66.5 -1.9 6
      vertex 56.5 -1.9 6
      vertex 97 2.5 6
    endloop
  endfacet
  facet normal 0 0 -1
    outer loop
      vertex 54.5 -1.9 6
      vertex 97 2.5 6
      vertex 56.5 -1.9 6
    endloop
  endfacet
  facet normal 0 0 -1
    outer loop
      vertex 44.5 -1.9 6
      vertex 54.5 -1.9 6
      vertex 44.5 -2.5 6
    endloop
  endfacet
  facet normal 0 0 -1
    outer loop
      vertex 54.5 -1.9 6
      vertex 44.5 -1.9 6
      vertex 97 2.5 6
    endloop
  endfacet
  facet normal 0 0 -1
    outer loop
      vertex 4.87008 2.5 6
      vertex 44.5 -1.9 6
      vertex 42.5 -1.9 6
    endloop
  endfacet
  facet normal 0 0 -1
    outer loop
      vertex 32.5 -1.9 6
      vertex 42.5 -1.9 6
      vertex 32.5 -2.5 6
    endloop
  endfacet
  facet normal 0 0 -1
    outer loop
      vertex 4.87008 2.5 6
      vertex 42.5 -1.9 6
      vertex 32.5 -1.9 6
    endloop
  endfacet
  facet normal 0 0 -1
    outer loop
      vertex 4.87008 2.5 6
      vertex 32.5 -1.9 6
      vertex 30.5 -1.9 6
    endloop
  endfacet
  facet normal 0 0 -1
    outer loop
      vertex 20.5 -1.9 6
      vertex 30.5 -1.9 6
      vertex 20.5 -2.5 6
    endloop
  endfacet
  facet normal 0 0 -1
    outer loop
      vertex 4.87008 2.5 6
      vertex 30.5 -1.9 6
      vertex 20.5 -1.9 6
    endloop
  endfacet
  facet normal 0 0 -1
    outer loop
      vertex 4.87008 2.5 6
      vertex 20.5 -1.9 6
      vertex 18.5 -1.9 6
    endloop
  endfacet
  facet normal 0 0 -1
    outer loop
      vertex 4.87008 2.5 6
      vertex 18.5 -1.9 6
      vertex 4.87008 -2.5 6
    endloop
  endfacet
  facet normal 0 0 -1
    outer loop
      vertex 44.5 -1.9 6
      vertex 4.87008 2.5 6
      vertex 97 2.5 6
    endloop
  endfacet
  facet normal 0 0 -1
    outer loop
      vertex 0.685962 -0.458345 6
      vertex 4.87008 -2.5 6
      vertex 4.57308 -3.05564 6
    endloop
  endfacet
  facet normal 0 0 -1
    outer loop
      vertex 4.87008 -2.5 6
      vertex 0.825 0 6
      vertex 4.87008 2.5 6
    endloop
  endfacet
  facet normal 0 0 -1
    outer loop
      vertex 0.685962 -0.458345 6
      vertex 4.57308 -3.05564 6
      vertex 3.88909 -3.88909 6
    endloop
  endfacet
  facet normal 0 0 -1
    outer loop
      vertex 0.809148 0.160949 6
      vertex 4.87008 2.5 6
      vertex 0.825 0 6
    endloop
  endfacet
  facet normal 0 0 -1
    outer loop
      vertex 0.583363 -0.583363 6
      vertex 3.88909 -3.88909 6
      vertex 3.05564 -4.57308 6
    endloop
  endfacet
  facet normal 0 0 -1
    outer loop
      vertex 0.7622 0.315713 6
      vertex 4.87008 2.5 6
      vertex 0.809148 0.160949 6
    endloop
  endfacet
  facet normal 0 0 -1
    outer loop
      vertex 0.458345 -0.685962 6
      vertex 3.05564 -4.57308 6
      vertex 2.10476 -5.08134 6
    endloop
  endfacet
  facet normal 0 0 -1
    outer loop
      vertex 0.685962 0.458345 6
      vertex 4.87008 2.5 6
      vertex 0.7622 0.315713 6
    endloop
  endfacet
  facet normal 0 0 -1
    outer loop
      vertex 0.315713 -0.7622 6
      vertex 2.10476 -5.08134 6
      vertex 1.073 -5.39432 6
    endloop
  endfacet
  facet normal -0 0 -1
    outer loop
      vertex 4.87008 2.5 6
      vertex 0.685962 0.458345 6
      vertex 4.57308 3.05564 6
    endloop
  endfacet
  facet normal -0 0 -1
    outer loop
      vertex 4.57308 3.05564 6
      vertex 0.685962 0.458345 6
      vertex 3.88909 3.88909 6
    endloop
  endfacet
  facet normal 0 0 -1
    outer loop
      vertex 4.87008 -2.5 6
      vertex 0.809148 -0.160949 6
      vertex 0.825 0 6
    endloop
  endfacet
  facet normal 0 0 -1
    outer loop
      vertex 4.87008 -2.5 6
      vertex 0.7622 -0.315713 6
      vertex 0.809148 -0.160949 6
    endloop
  endfacet
  facet normal 0 0 -1
    outer loop
      vertex 4.87008 -2.5 6
      vertex 0.685962 -0.458345 6
      vertex 0.7622 -0.315713 6
    endloop
  endfacet
  facet normal 0 0 -1
    outer loop
      vertex 3.88909 -3.88909 6
      vertex 0.583363 -0.583363 6
      vertex 0.685962 -0.458345 6
    endloop
  endfacet
  facet normal 0 0 -1
    outer loop
      vertex 3.05564 -4.57308 6
      vertex 0.458345 -0.685962 6
      vertex 0.583363 -0.583363 6
    endloop
  endfacet
  facet normal 0 0 -1
    outer loop
      vertex 2.10476 -5.08134 6
      vertex 0.315713 -0.7622 6
      vertex 0.458345 -0.685962 6
    endloop
  endfacet
  facet normal 0 0 -1
    outer loop
      vertex 1.073 -5.39432 6
      vertex 0.160949 -0.809148 6
      vertex 0.315713 -0.7622 6
    endloop
  endfacet
  facet normal 0 0 -1
    outer loop
      vertex 0 -5.5 6
      vertex 0.160949 -0.809148 6
      vertex 1.073 -5.39432 6
    endloop
  endfacet
  facet normal 0 0 -1
    outer loop
      vertex 0 -5.5 6
      vertex 0 -0.825 6
      vertex 0.160949 -0.809148 6
    endloop
  endfacet
  facet normal 0 0 -1
    outer loop
      vertex 0 -5.5 6
      vertex -0.160949 -0.809148 6
      vertex 0 -0.825 6
    endloop
  endfacet
  facet normal 0 0 -1
    outer loop
      vertex -1.073 -5.39432 6
      vertex -0.160949 -0.809148 6
      vertex 0 -5.5 6
    endloop
  endfacet
  facet normal -0 0 -1
    outer loop
      vertex -0.160949 -0.809148 6
      vertex -1.073 -5.39432 6
      vertex -0.315713 -0.7622 6
    endloop
  endfacet
  facet normal 0 0 -1
    outer loop
      vertex -2.10476 -5.08134 6
      vertex -0.315713 -0.7622 6
      vertex -1.073 -5.39432 6
    endloop
  endfacet
  facet normal -0 0 -1
    outer loop
      vertex -0.315713 -0.7622 6
      vertex -2.10476 -5.08134 6
      vertex -0.458345 -0.685962 6
    endloop
  endfacet
  facet normal 0 0 -1
    outer loop
      vertex -3.05564 -4.57308 6
      vertex -0.458345 -0.685962 6
      vertex -2.10476 -5.08134 6
    endloop
  endfacet
  facet normal -0 0 -1
    outer loop
      vertex -0.458345 -0.685962 6
      vertex -3.05564 -4.57308 6
      vertex -0.583363 -0.583363 6
    endloop
  endfacet
  facet normal -0 0 -1
    outer loop
      vertex -0.583363 -0.583363 6
      vertex -3.88909 -3.88909 6
      vertex -0.685962 -0.458345 6
    endloop
  endfacet
  facet normal 0 0 -1
    outer loop
      vertex -3.88909 -3.88909 6
      vertex -0.583363 -0.583363 6
      vertex -3.05564 -4.57308 6
    endloop
  endfacet
  facet normal -0 0 -1
    outer loop
      vertex 105 4 6
      vertex 97 2.5 6
      vertex 97 4 6
    endloop
  endfacet
  facet normal 0 0 -1
    outer loop
      vertex 0.583363 0.583363 6
      vertex 3.88909 3.88909 6
      vertex 0.685962 0.458345 6
    endloop
  endfacet
  facet normal -0 0 -1
    outer loop
      vertex 3.88909 3.88909 6
      vertex 0.583363 0.583363 6
      vertex 3.05564 4.57308 6
    endloop
  endfacet
  facet normal 0 0 -1
    outer loop
      vertex 0.458345 0.685962 6
      vertex 3.05564 4.57308 6
      vertex 0.583363 0.583363 6
    endloop
  endfacet
  facet normal -0 0 -1
    outer loop
      vertex 3.05564 4.57308 6
      vertex 0.458345 0.685962 6
      vertex 2.10476 5.08134 6
    endloop
  endfacet
  facet normal 0 0 -1
    outer loop
      vertex 0.315713 0.7622 6
      vertex 2.10476 5.08134 6
      vertex 0.458345 0.685962 6
    endloop
  endfacet
  facet normal -0 0 -1
    outer loop
      vertex 2.10476 5.08134 6
      vertex 0.315713 0.7622 6
      vertex 1.073 5.39432 6
    endloop
  endfacet
  facet normal 0 0 -1
    outer loop
      vertex 0.160949 0.809148 6
      vertex 1.073 5.39432 6
      vertex 0.315713 0.7622 6
    endloop
  endfacet
  facet normal 0 0 -1
    outer loop
      vertex 0 0.825 6
      vertex 1.073 5.39432 6
      vertex 0.160949 0.809148 6
    endloop
  endfacet
  facet normal 0 0 -1
    outer loop
      vertex 0 0.825 6
      vertex 0 5.5 6
      vertex 1.073 5.39432 6
    endloop
  endfacet
  facet normal 0 0 -1
    outer loop
      vertex -0.160949 0.809148 6
      vertex 0 5.5 6
      vertex 0 0.825 6
    endloop
  endfacet
  facet normal 0 0 -1
    outer loop
      vertex -1.073 5.39432 6
      vertex -0.160949 0.809148 6
      vertex -0.315713 0.7622 6
    endloop
  endfacet
  facet normal 0 0 -1
    outer loop
      vertex -2.10476 5.08134 6
      vertex -0.315713 0.7622 6
      vertex -0.458345 0.685962 6
    endloop
  endfacet
  facet normal 0 0 -1
    outer loop
      vertex -3.05564 4.57308 6
      vertex -0.458345 0.685962 6
      vertex -0.583363 0.583363 6
    endloop
  endfacet
  facet normal 0 0 -1
    outer loop
      vertex -3.88909 3.88909 6
      vertex -0.583363 0.583363 6
      vertex -0.685962 0.458345 6
    endloop
  endfacet
  facet normal 0 0 -1
    outer loop
      vertex -4.87008 2.5 6
      vertex -0.685962 0.458345 6
      vertex -0.7622 0.315713 6
    endloop
  endfacet
  facet normal 0 0 -1
    outer loop
      vertex -4.87008 2.5 6
      vertex -0.7622 0.315713 6
      vertex -0.809148 0.160949 6
    endloop
  endfacet
  facet normal 0 0 -1
    outer loop
      vertex -0.160949 0.809148 6
      vertex -1.073 5.39432 6
      vertex 0 5.5 6
    endloop
  endfacet
  facet normal 0 0 -1
    outer loop
      vertex -4.87008 2.5 6
      vertex -0.809148 0.160949 6
      vertex -0.825 0 6
    endloop
  endfacet
  facet normal 0 0 -1
    outer loop
      vertex -4.57308 -3.05564 6
      vertex -0.685962 -0.458345 6
      vertex -3.88909 -3.88909 6
    endloop
  endfacet
  facet normal 0 0 -1
    outer loop
      vertex -4.87008 -2.5 6
      vertex -0.685962 -0.458345 6
      vertex -4.57308 -3.05564 6
    endloop
  endfacet
  facet normal 0 0 -1
    outer loop
      vertex -0.315713 0.7622 6
      vertex -2.10476 5.08134 6
      vertex -1.073 5.39432 6
    endloop
  endfacet
  facet normal -0 0 -1
    outer loop
      vertex -0.685962 -0.458345 6
      vertex -4.87008 -2.5 6
      vertex -0.7622 -0.315713 6
    endloop
  endfacet
  facet normal 0 0 -1
    outer loop
      vertex -4.87008 2.5 6
      vertex -0.825 0 6
      vertex -4.87008 -2.5 6
    endloop
  endfacet
  facet normal -0 0 -1
    outer loop
      vertex -0.7622 -0.315713 6
      vertex -4.87008 -2.5 6
      vertex -0.809148 -0.160949 6
    endloop
  endfacet
  facet normal 0 0 -1
    outer loop
      vertex -0.685962 0.458345 6
      vertex -4.87008 2.5 6
      vertex -4.57308 3.05564 6
    endloop
  endfacet
  facet normal -0 0 -1
    outer loop
      vertex -0.809148 -0.160949 6
      vertex -4.87008 -2.5 6
      vertex -0.825 0 6
    endloop
  endfacet
  facet normal 0 0 -1
    outer loop
      vertex -0.458345 0.685962 6
      vertex -3.05564 4.57308 6
      vertex -2.10476 5.08134 6
    endloop
  endfacet
  facet normal 0 0 -1
    outer loop
      vertex -0.583363 0.583363 6
      vertex -3.88909 3.88909 6
      vertex -3.05564 4.57308 6
    endloop
  endfacet
  facet normal 0 0 -1
    outer loop
      vertex -0.685962 0.458345 6
      vertex -4.57308 3.05564 6
      vertex -3.88909 3.88909 6
    endloop
  endfacet
  facet normal 0 0 -1
    outer loop
      vertex -7.7 -2.5 6
      vertex -4.87008 2.5 6
      vertex -4.87008 -2.5 6
    endloop
  endfacet
  facet normal -0 0 -1
    outer loop
      vertex -4.87008 2.5 6
      vertex -7.7 -2.5 6
      vertex -7.7 2.5 6
    endloop
  endfacet
  facet normal 0 0 1
    outer loop
      vertex 97 2.5 12
      vertex 90.5 -1.9 12
      vertex 92.5 -1.9 12
    endloop
  endfacet
  facet normal 0 0 1
    outer loop
      vertex 90.5 -1.9 12
      vertex 80.5 -1.9 12
      vertex 90.5 -2.5 12
    endloop
  endfacet
  facet normal 0 0 1
    outer loop
      vertex 97 2.5 12
      vertex 80.5 -1.9 12
      vertex 90.5 -1.9 12
    endloop
  endfacet
  facet normal 0 0 1
    outer loop
      vertex 97 2.5 12
      vertex 78.5 -1.9 12
      vertex 80.5 -1.9 12
    endloop
  endfacet
  facet normal 0 0 1
    outer loop
      vertex 78.5 -1.9 12
      vertex 68.5 -1.9 12
      vertex 78.5 -2.5 12
    endloop
  endfacet
  facet normal 0 0 1
    outer loop
      vertex 97 2.5 12
      vertex 68.5 -1.9 12
      vertex 78.5 -1.9 12
    endloop
  endfacet
  facet normal 0 0 1
    outer loop
      vertex 97 2.5 12
      vertex 66.5 -1.9 12
      vertex 68.5 -1.9 12
    endloop
  endfacet
  facet normal 0 0 1
    outer loop
      vertex 66.5 -1.9 12
      vertex 56.5 -1.9 12
      vertex 66.5 -2.5 12
    endloop
  endfacet
  facet normal 0 0 1
    outer loop
      vertex 97 2.5 12
      vertex 56.5 -1.9 12
      vertex 66.5 -1.9 12
    endloop
  endfacet
  facet normal 0 0 1
    outer loop
      vertex 97 2.5 12
      vertex 54.5 -1.9 12
      vertex 56.5 -1.9 12
    endloop
  endfacet
  facet normal 0 0 1
    outer loop
      vertex 54.5 -1.9 12
      vertex 44.5 -1.9 12
      vertex 54.5 -2.5 12
    endloop
  endfacet
  facet normal 0 0 1
    outer loop
      vertex 97 2.5 12
      vertex 44.5 -1.9 12
      vertex 54.5 -1.9 12
    endloop
  endfacet
  facet normal -0 0 1
    outer loop
      vertex 4.87008 2.5 12
      vertex 44.5 -1.9 12
      vertex 97 2.5 12
    endloop
  endfacet
  facet normal 0 0 1
    outer loop
      vertex 42.5 -1.9 12
      vertex 32.5 -1.9 12
      vertex 42.5 -2.5 12
    endloop
  endfacet
  facet normal 0 0 1
    outer loop
      vertex 44.5 -1.9 12
      vertex 4.87008 2.5 12
      vertex 42.5 -1.9 12
    endloop
  endfacet
  facet normal 0 0 1
    outer loop
      vertex 42.5 -1.9 12
      vertex 4.87008 2.5 12
      vertex 32.5 -1.9 12
    endloop
  endfacet
  facet normal 0 0 1
    outer loop
      vertex 30.5 -1.9 12
      vertex 20.5 -1.9 12
      vertex 30.5 -2.5 12
    endloop
  endfacet
  facet normal 0 0 1
    outer loop
      vertex 32.5 -1.9 12
      vertex 4.87008 2.5 12
      vertex 30.5 -1.9 12
    endloop
  endfacet
  facet normal 0 0 1
    outer loop
      vertex 30.5 -1.9 12
      vertex 4.87008 2.5 12
      vertex 20.5 -1.9 12
    endloop
  endfacet
  facet normal 0 0 1
    outer loop
      vertex 20.5 -1.9 12
      vertex 4.87008 2.5 12
      vertex 18.5 -1.9 12
    endloop
  endfacet
  facet normal 0 0 1
    outer loop
      vertex 4.87008 -2.5 12
      vertex 18.5 -1.9 12
      vertex 4.87008 2.5 12
    endloop
  endfacet
  facet normal 0 0 1
    outer loop
      vertex 18.5 -1.9 12
      vertex 4.87008 -2.5 12
      vertex 18.5 -2.5 12
    endloop
  endfacet
  facet normal 0 0 1
    outer loop
      vertex 0.685962 0.458345 12
      vertex 4.87008 2.5 12
      vertex 4.57308 3.05564 12
    endloop
  endfacet
  facet normal 0 0 1
    outer loop
      vertex 4.87008 2.5 12
      vertex 0.825 0 12
      vertex 4.87008 -2.5 12
    endloop
  endfacet
  facet normal 0 0 1
    outer loop
      vertex 0.685962 0.458345 12
      vertex 4.57308 3.05564 12
      vertex 3.88909 3.88909 12
    endloop
  endfacet
  facet normal -0 0 1
    outer loop
      vertex 0.809148 -0.160949 12
      vertex 4.87008 -2.5 12
      vertex 0.825 0 12
    endloop
  endfacet
  facet normal 0 0 1
    outer loop
      vertex 0.583363 0.583363 12
      vertex 3.88909 3.88909 12
      vertex 3.05564 4.57308 12
    endloop
  endfacet
  facet normal -0 0 1
    outer loop
      vertex 0.7622 -0.315713 12
      vertex 4.87008 -2.5 12
      vertex 0.809148 -0.160949 12
    endloop
  endfacet
  facet normal 0 0 1
    outer loop
      vertex 0.458345 0.685962 12
      vertex 3.05564 4.57308 12
      vertex 2.10476 5.08134 12
    endloop
  endfacet
  facet normal -0 0 1
    outer loop
      vertex 0.685962 -0.458345 12
      vertex 4.87008 -2.5 12
      vertex 0.7622 -0.315713 12
    endloop
  endfacet
  facet normal 0 0 1
    outer loop
      vertex 0.315713 0.7622 12
      vertex 2.10476 5.08134 12
      vertex 1.073 5.39432 12
    endloop
  endfacet
  facet normal 0 0 1
    outer loop
      vertex 4.87008 -2.5 12
      vertex 0.685962 -0.458345 12
      vertex 4.57308 -3.05564 12
    endloop
  endfacet
  facet normal 0 0 1
    outer loop
      vertex 4.57308 -3.05564 12
      vertex 0.685962 -0.458345 12
      vertex 3.88909 -3.88909 12
    endloop
  endfacet
  facet normal 0 0 1
    outer loop
      vertex 4.87008 2.5 12
      vertex 0.809148 0.160949 12
      vertex 0.825 0 12
    endloop
  endfacet
  facet normal 0 0 1
    outer loop
      vertex 4.87008 2.5 12
      vertex 0.7622 0.315713 12
      vertex 0.809148 0.160949 12
    endloop
  endfacet
  facet normal 0 0 1
    outer loop
      vertex 4.87008 2.5 12
      vertex 0.685962 0.458345 12
      vertex 0.7622 0.315713 12
    endloop
  endfacet
  facet normal 0 0 1
    outer loop
      vertex 3.88909 3.88909 12
      vertex 0.583363 0.583363 12
      vertex 0.685962 0.458345 12
    endloop
  endfacet
  facet normal 0 0 1
    outer loop
      vertex 3.05564 4.57308 12
      vertex 0.458345 0.685962 12
      vertex 0.583363 0.583363 12
    endloop
  endfacet
  facet normal 0 0 1
    outer loop
      vertex 2.10476 5.08134 12
      vertex 0.315713 0.7622 12
      vertex 0.458345 0.685962 12
    endloop
  endfacet
  facet normal 0 0 1
    outer loop
      vertex 1.073 5.39432 12
      vertex 0.160949 0.809148 12
      vertex 0.315713 0.7622 12
    endloop
  endfacet
  facet normal 0 0 1
    outer loop
      vertex 0 5.5 12
      vertex 0.160949 0.809148 12
      vertex 1.073 5.39432 12
    endloop
  endfacet
  facet normal 0 0 1
    outer loop
      vertex 0 5.5 12
      vertex 0 0.825 12
      vertex 0.160949 0.809148 12
    endloop
  endfacet
  facet normal 0 0 1
    outer loop
      vertex 0 5.5 12
      vertex -0.160949 0.809148 12
      vertex 0 0.825 12
    endloop
  endfacet
  facet normal -0 0 1
    outer loop
      vertex -1.073 5.39432 12
      vertex -0.160949 0.809148 12
      vertex 0 5.5 12
    endloop
  endfacet
  facet normal 0 0 1
    outer loop
      vertex -0.160949 0.809148 12
      vertex -1.073 5.39432 12
      vertex -0.315713 0.7622 12
    endloop
  endfacet
  facet normal -0 0 1
    outer loop
      vertex -2.10476 5.08134 12
      vertex -0.315713 0.7622 12
      vertex -1.073 5.39432 12
    endloop
  endfacet
  facet normal 0 0 1
    outer loop
      vertex -0.315713 0.7622 12
      vertex -2.10476 5.08134 12
      vertex -0.458345 0.685962 12
    endloop
  endfacet
  facet normal -0 0 1
    outer loop
      vertex -3.05564 4.57308 12
      vertex -0.458345 0.685962 12
      vertex -2.10476 5.08134 12
    endloop
  endfacet
  facet normal 0 0 1
    outer loop
      vertex -0.458345 0.685962 12
      vertex -3.05564 4.57308 12
      vertex -0.583363 0.583363 12
    endloop
  endfacet
  facet normal 0 0 1
    outer loop
      vertex -0.583363 0.583363 12
      vertex -3.88909 3.88909 12
      vertex -0.685962 0.458345 12
    endloop
  endfacet
  facet normal -0 0 1
    outer loop
      vertex -3.88909 3.88909 12
      vertex -0.583363 0.583363 12
      vertex -3.05564 4.57308 12
    endloop
  endfacet
  facet normal 0 0 1
    outer loop
      vertex 97 2.5 12
      vertex 105 4 12
      vertex 97 4 12
    endloop
  endfacet
  facet normal 0 0 1
    outer loop
      vertex 105 4 12
      vertex 97 2.5 12
      vertex 105 -2.5 12
    endloop
  endfacet
  facet normal 0 0 1
    outer loop
      vertex 92.5 -2.5 12
      vertex 97 2.5 12
      vertex 92.5 -1.9 12
    endloop
  endfacet
  facet normal 0 0 1
    outer loop
      vertex 97 2.5 12
      vertex 92.5 -2.5 12
      vertex 105 -2.5 12
    endloop
  endfacet
  facet normal 0 0 1
    outer loop
      vertex 90.5 -2.5 12
      vertex 80.5 -1.9 12
      vertex 80.5 -2.5 12
    endloop
  endfacet
  facet normal 0 0 1
    outer loop
      vertex 78.5 -2.5 12
      vertex 68.5 -1.9 12
      vertex 68.5 -2.5 12
    endloop
  endfacet
  facet normal 0 0 1
    outer loop
      vertex 66.5 -2.5 12
      vertex 56.5 -1.9 12
      vertex 56.5 -2.5 12
    endloop
  endfacet
  facet normal 0 0 1
    outer loop
      vertex 54.5 -2.5 12
      vertex 44.5 -1.9 12
      vertex 44.5 -2.5 12
    endloop
  endfacet
  facet normal 0 0 1
    outer loop
      vertex 42.5 -2.5 12
      vertex 32.5 -1.9 12
      vertex 32.5 -2.5 12
    endloop
  endfacet
  facet normal 0 0 1
    outer loop
      vertex 30.5 -2.5 12
      vertex 20.5 -1.9 12
      vertex 20.5 -2.5 12
    endloop
  endfacet
  facet normal -0 0 1
    outer loop
      vertex 0.583363 -0.583363 12
      vertex 3.88909 -3.88909 12
      vertex 0.685962 -0.458345 12
    endloop
  endfacet
  facet normal 0 0 1
    outer loop
      vertex 3.88909 -3.88909 12
      vertex 0.583363 -0.583363 12
      vertex 3.05564 -4.57308 12
    endloop
  endfacet
  facet normal -0 0 1
    outer loop
      vertex 0.458345 -0.685962 12
      vertex 3.05564 -4.57308 12
      vertex 0.583363 -0.583363 12
    endloop
  endfacet
  facet normal 0 0 1
    outer loop
      vertex 3.05564 -4.57308 12
      vertex 0.458345 -0.685962 12
      vertex 2.10476 -5.08134 12
    endloop
  endfacet
  facet normal -0 0 1
    outer loop
      vertex 0.315713 -0.7622 12
      vertex 2.10476 -5.08134 12
      vertex 0.458345 -0.685962 12
    endloop
  endfacet
  facet normal 0 0 1
    outer loop
      vertex 2.10476 -5.08134 12
      vertex 0.315713 -0.7622 12
      vertex 1.073 -5.39432 12
    endloop
  endfacet
  facet normal -0 0 1
    outer loop
      vertex 0.160949 -0.809148 12
      vertex 1.073 -5.39432 12
      vertex 0.315713 -0.7622 12
    endloop
  endfacet
  facet normal -0 0 1
    outer loop
      vertex 0 -0.825 12
      vertex 1.073 -5.39432 12
      vertex 0.160949 -0.809148 12
    endloop
  endfacet
  facet normal 0 0 1
    outer loop
      vertex 0 -0.825 12
      vertex 0 -5.5 12
      vertex 1.073 -5.39432 12
    endloop
  endfacet
  facet normal 0 0 1
    outer loop
      vertex -0.160949 -0.809148 12
      vertex 0 -5.5 12
      vertex 0 -0.825 12
    endloop
  endfacet
  facet normal 0 0 1
    outer loop
      vertex -1.073 -5.39432 12
      vertex -0.160949 -0.809148 12
      vertex -0.315713 -0.7622 12
    endloop
  endfacet
  facet normal 0 0 1
    outer loop
      vertex -2.10476 -5.08134 12
      vertex -0.315713 -0.7622 12
      vertex -0.458345 -0.685962 12
    endloop
  endfacet
  facet normal 0 0 1
    outer loop
      vertex -3.05564 -4.57308 12
      vertex -0.458345 -0.685962 12
      vertex -0.583363 -0.583363 12
    endloop
  endfacet
  facet normal 0 0 1
    outer loop
      vertex -3.88909 -3.88909 12
      vertex -0.583363 -0.583363 12
      vertex -0.685962 -0.458345 12
    endloop
  endfacet
  facet normal 0 0 1
    outer loop
      vertex -4.87008 -2.5 12
      vertex -0.685962 -0.458345 12
      vertex -0.7622 -0.315713 12
    endloop
  endfacet
  facet normal 0 0 1
    outer loop
      vertex -4.87008 -2.5 12
      vertex -0.7622 -0.315713 12
      vertex -0.809148 -0.160949 12
    endloop
  endfacet
  facet normal 0 0 1
    outer loop
      vertex -0.160949 -0.809148 12
      vertex -1.073 -5.39432 12
      vertex 0 -5.5 12
    endloop
  endfacet
  facet normal 0 0 1
    outer loop
      vertex -4.87008 -2.5 12
      vertex -0.809148 -0.160949 12
      vertex -0.825 0 12
    endloop
  endfacet
  facet normal -0 0 1
    outer loop
      vertex -4.57308 3.05564 12
      vertex -0.685962 0.458345 12
      vertex -3.88909 3.88909 12
    endloop
  endfacet
  facet normal -0 0 1
    outer loop
      vertex -4.87008 2.5 12
      vertex -0.685962 0.458345 12
      vertex -4.57308 3.05564 12
    endloop
  endfacet
  facet normal 0 0 1
    outer loop
      vertex -0.315713 -0.7622 12
      vertex -2.10476 -5.08134 12
      vertex -1.073 -5.39432 12
    endloop
  endfacet
  facet normal 0 0 1
    outer loop
      vertex -0.685962 0.458345 12
      vertex -4.87008 2.5 12
      vertex -0.7622 0.315713 12
    endloop
  endfacet
  facet normal 0 0 1
    outer loop
      vertex -4.87008 -2.5 12
      vertex -0.825 0 12
      vertex -4.87008 2.5 12
    endloop
  endfacet
  facet normal 0 0 1
    outer loop
      vertex -0.7622 0.315713 12
      vertex -4.87008 2.5 12
      vertex -0.809148 0.160949 12
    endloop
  endfacet
  facet normal 0 0 1
    outer loop
      vertex -0.685962 -0.458345 12
      vertex -4.87008 -2.5 12
      vertex -4.57308 -3.05564 12
    endloop
  endfacet
  facet normal 0 0 1
    outer loop
      vertex -0.809148 0.160949 12
      vertex -4.87008 2.5 12
      vertex -0.825 0 12
    endloop
  endfacet
  facet normal 0 0 1
    outer loop
      vertex -0.458345 -0.685962 12
      vertex -3.05564 -4.57308 12
      vertex -2.10476 -5.08134 12
    endloop
  endfacet
  facet normal 0 0 1
    outer loop
      vertex -0.583363 -0.583363 12
      vertex -3.88909 -3.88909 12
      vertex -3.05564 -4.57308 12
    endloop
  endfacet
  facet normal 0 0 1
    outer loop
      vertex -0.685962 -0.458345 12
      vertex -4.57308 -3.05564 12
      vertex -3.88909 -3.88909 12
    endloop
  endfacet
  facet normal -0 0 1
    outer loop
      vertex -7.7 2.5 12
      vertex -4.87008 -2.5 12
      vertex -4.87008 2.5 12
    endloop
  endfacet
  facet normal 0 0 1
    outer loop
      vertex -4.87008 -2.5 12
      vertex -7.7 2.5 12
      vertex -7.7 -2.5 12
    endloop
  endfacet
  facet normal 0.634391 0.773013 -0
    outer loop
      vertex 3.88909 3.88909 6
      vertex 3.05564 4.57308 12
      vertex 3.88909 3.88909 12
    endloop
  endfacet
  facet normal 0.634391 0.773013 0
    outer loop
      vertex 3.05564 4.57308 12
      vertex 3.88909 3.88909 6
      vertex 3.05564 4.57308 6
    endloop
  endfacet
  facet normal -0.290284 -0.956941 0
    outer loop
      vertex -2.10476 -5.08134 6
      vertex -1.073 -5.39432 12
      vertex -2.10476 -5.08134 12
    endloop
  endfacet
  facet normal -0.290284 -0.956941 -0
    outer loop
      vertex -1.073 -5.39432 12
      vertex -2.10476 -5.08134 6
      vertex -1.073 -5.39432 6
    endloop
  endfacet
  facet normal -0.290284 0.956941 0
    outer loop
      vertex -1.073 5.39432 6
      vertex -2.10476 5.08134 12
      vertex -1.073 5.39432 12
    endloop
  endfacet
  facet normal -0.290284 0.956941 0
    outer loop
      vertex -2.10476 5.08134 12
      vertex -1.073 5.39432 6
      vertex -2.10476 5.08134 6
    endloop
  endfacet
  facet normal -0.881918 0.471402 0
    outer loop
      vertex -4.87008 2.5 6
      vertex -4.57308 3.05564 12
      vertex -4.57308 3.05564 6
    endloop
  endfacet
  facet normal -0.881918 0.471402 0
    outer loop
      vertex -4.57308 3.05564 12
      vertex -4.87008 2.5 6
      vertex -4.87008 2.5 12
    endloop
  endfacet
  facet normal -0.881918 -0.471402 0
    outer loop
      vertex -4.57308 -3.05564 6
      vertex -4.87008 -2.5 12
      vertex -4.87008 -2.5 6
    endloop
  endfacet
  facet normal -0.881918 -0.471402 0
    outer loop
      vertex -4.87008 -2.5 12
      vertex -4.57308 -3.05564 6
      vertex -4.57308 -3.05564 12
    endloop
  endfacet
  facet normal 0.881918 0.471402 0
    outer loop
      vertex 4.87008 2.5 12
      vertex 4.57308 3.05564 6
      vertex 4.57308 3.05564 12
    endloop
  endfacet
  facet normal 0.881918 0.471402 0
    outer loop
      vertex 4.57308 3.05564 6
      vertex 4.87008 2.5 12
      vertex 4.87008 2.5 6
    endloop
  endfacet
  facet normal 0.773013 0.634391 0
    outer loop
      vertex 4.57308 3.05564 12
      vertex 3.88909 3.88909 6
      vertex 3.88909 3.88909 12
    endloop
  endfacet
  facet normal 0.773013 0.634391 0
    outer loop
      vertex 3.88909 3.88909 6
      vertex 4.57308 3.05564 12
      vertex 4.57308 3.05564 6
    endloop
  endfacet
  facet normal 0.4714 0.88192 -0
    outer loop
      vertex 3.05564 4.57308 6
      vertex 2.10476 5.08134 12
      vertex 3.05564 4.57308 12
    endloop
  endfacet
  facet normal 0.4714 0.88192 0
    outer loop
      vertex 2.10476 5.08134 12
      vertex 3.05564 4.57308 6
      vertex 2.10476 5.08134 6
    endloop
  endfacet
  facet normal 0.098016 0.995185 -0
    outer loop
      vertex 1.073 5.39432 6
      vertex 0 5.5 12
      vertex 1.073 5.39432 12
    endloop
  endfacet
  facet normal 0.098016 0.995185 0
    outer loop
      vertex 0 5.5 12
      vertex 1.073 5.39432 6
      vertex 0 5.5 6
    endloop
  endfacet
  facet normal 0.290284 0.956941 -0
    outer loop
      vertex 2.10476 5.08134 6
      vertex 1.073 5.39432 12
      vertex 2.10476 5.08134 12
    endloop
  endfacet
  facet normal 0.290284 0.956941 0
    outer loop
      vertex 1.073 5.39432 12
      vertex 2.10476 5.08134 6
      vertex 1.073 5.39432 6
    endloop
  endfacet
  facet normal -0.773013 0.634391 0
    outer loop
      vertex -4.57308 3.05564 6
      vertex -3.88909 3.88909 12
      vertex -3.88909 3.88909 6
    endloop
  endfacet
  facet normal -0.773013 0.634391 0
    outer loop
      vertex -3.88909 3.88909 12
      vertex -4.57308 3.05564 6
      vertex -4.57308 3.05564 12
    endloop
  endfacet
  facet normal -0.4714 0.88192 0
    outer loop
      vertex -2.10476 5.08134 6
      vertex -3.05564 4.57308 12
      vertex -2.10476 5.08134 12
    endloop
  endfacet
  facet normal -0.4714 0.88192 0
    outer loop
      vertex -3.05564 4.57308 12
      vertex -2.10476 5.08134 6
      vertex -3.05564 4.57308 6
    endloop
  endfacet
  facet normal -0.098016 0.995185 0
    outer loop
      vertex 0 5.5 6
      vertex -1.073 5.39432 12
      vertex 0 5.5 12
    endloop
  endfacet
  facet normal -0.098016 0.995185 0
    outer loop
      vertex -1.073 5.39432 12
      vertex 0 5.5 6
      vertex -1.073 5.39432 6
    endloop
  endfacet
  facet normal -0.634391 0.773013 0
    outer loop
      vertex -3.05564 4.57308 6
      vertex -3.88909 3.88909 12
      vertex -3.05564 4.57308 12
    endloop
  endfacet
  facet normal -0.634391 0.773013 0
    outer loop
      vertex -3.88909 3.88909 12
      vertex -3.05564 4.57308 6
      vertex -3.88909 3.88909 6
    endloop
  endfacet
  facet normal 0.098016 -0.995185 0
    outer loop
      vertex 0 -5.5 6
      vertex 1.073 -5.39432 12
      vertex 0 -5.5 12
    endloop
  endfacet
  facet normal 0.098016 -0.995185 0
    outer loop
      vertex 1.073 -5.39432 12
      vertex 0 -5.5 6
      vertex 1.073 -5.39432 6
    endloop
  endfacet
  facet normal 0.290284 -0.956941 0
    outer loop
      vertex 1.073 -5.39432 6
      vertex 2.10476 -5.08134 12
      vertex 1.073 -5.39432 12
    endloop
  endfacet
  facet normal 0.290284 -0.956941 0
    outer loop
      vertex 2.10476 -5.08134 12
      vertex 1.073 -5.39432 6
      vertex 2.10476 -5.08134 6
    endloop
  endfacet
  facet normal 0.4714 -0.88192 0
    outer loop
      vertex 2.10476 -5.08134 6
      vertex 3.05564 -4.57308 12
      vertex 2.10476 -5.08134 12
    endloop
  endfacet
  facet normal 0.4714 -0.88192 0
    outer loop
      vertex 3.05564 -4.57308 12
      vertex 2.10476 -5.08134 6
      vertex 3.05564 -4.57308 6
    endloop
  endfacet
  facet normal 0.773013 -0.634391 0
    outer loop
      vertex 3.88909 -3.88909 12
      vertex 4.57308 -3.05564 6
      vertex 4.57308 -3.05564 12
    endloop
  endfacet
  facet normal 0.773013 -0.634391 0
    outer loop
      vertex 4.57308 -3.05564 6
      vertex 3.88909 -3.88909 12
      vertex 3.88909 -3.88909 6
    endloop
  endfacet
  facet normal -0.098016 -0.995185 0
    outer loop
      vertex -1.073 -5.39432 6
      vertex 0 -5.5 12
      vertex -1.073 -5.39432 12
    endloop
  endfacet
  facet normal -0.098016 -0.995185 -0
    outer loop
      vertex 0 -5.5 12
      vertex -1.073 -5.39432 6
      vertex 0 -5.5 6
    endloop
  endfacet
  facet normal -0.4714 -0.88192 0
    outer loop
      vertex -3.05564 -4.57308 6
      vertex -2.10476 -5.08134 12
      vertex -3.05564 -4.57308 12
    endloop
  endfacet
  facet normal -0.4714 -0.88192 -0
    outer loop
      vertex -2.10476 -5.08134 12
      vertex -3.05564 -4.57308 6
      vertex -2.10476 -5.08134 6
    endloop
  endfacet
  facet normal -0.634391 -0.773013 0
    outer loop
      vertex -3.88909 -3.88909 6
      vertex -3.05564 -4.57308 12
      vertex -3.88909 -3.88909 12
    endloop
  endfacet
  facet normal -0.634391 -0.773013 -0
    outer loop
      vertex -3.05564 -4.57308 12
      vertex -3.88909 -3.88909 6
      vertex -3.05564 -4.57308 6
    endloop
  endfacet
  facet normal 0.634391 -0.773013 0
    outer loop
      vertex 3.05564 -4.57308 6
      vertex 3.88909 -3.88909 12
      vertex 3.05564 -4.57308 12
    endloop
  endfacet
  facet normal 0.634391 -0.773013 0
    outer loop
      vertex 3.88909 -3.88909 12
      vertex 3.05564 -4.57308 6
      vertex 3.88909 -3.88909 6
    endloop
  endfacet
  facet normal 0.881918 -0.471402 0
    outer loop
      vertex 4.57308 -3.05564 12
      vertex 4.87008 -2.5 6
      vertex 4.87008 -2.5 12
    endloop
  endfacet
  facet normal 0.881918 -0.471402 0
    outer loop
      vertex 4.87008 -2.5 6
      vertex 4.57308 -3.05564 12
      vertex 4.57308 -3.05564 6
    endloop
  endfacet
  facet normal -0.773013 -0.634391 0
    outer loop
      vertex -3.88909 -3.88909 6
      vertex -4.57308 -3.05564 12
      vertex -4.57308 -3.05564 6
    endloop
  endfacet
  facet normal -0.773013 -0.634391 0
    outer loop
      vertex -4.57308 -3.05564 12
      vertex -3.88909 -3.88909 6
      vertex -3.88909 -3.88909 12
    endloop
  endfacet
  facet normal -1 0 0
    outer loop
      vertex -23.7 -9 0
      vertex -23.7 9 18
      vertex -23.7 9 0
    endloop
  endfacet
  facet normal -1 -0 0
    outer loop
      vertex -23.7 9 18
      vertex -23.7 -9 0
      vertex -23.7 -9 18
    endloop
  endfacet
  facet normal 0 -1 0
    outer loop
      vertex -23.7 -9 0
      vertex -7.7 -9 18
      vertex -23.7 -9 18
    endloop
  endfacet
  facet normal 0 -1 -0
    outer loop
      vertex -7.7 -9 18
      vertex -23.7 -9 0
      vertex -7.7 -9 0
    endloop
  endfacet
  facet normal 1 0 0
    outer loop
      vertex -7.7 9 18
      vertex -7.7 2.5 12
      vertex -7.7 9 0
    endloop
  endfacet
  facet normal 1 0 0
    outer loop
      vertex -7.7 9 18
      vertex -7.7 -2.5 12
      vertex -7.7 2.5 12
    endloop
  endfacet
  facet normal 1 0 0
    outer loop
      vertex -7.7 -2.5 12
      vertex -7.7 -9 18
      vertex -7.7 -2.5 6
    endloop
  endfacet
  facet normal 1 -0 0
    outer loop
      vertex -7.7 -9 18
      vertex -7.7 -2.5 12
      vertex -7.7 9 18
    endloop
  endfacet
  facet normal 1 -0 0
    outer loop
      vertex -7.7 2.5 6
      vertex -7.7 9 0
      vertex -7.7 2.5 12
    endloop
  endfacet
  facet normal 1 -0 0
    outer loop
      vertex -7.7 -2.5 6
      vertex -7.7 9 0
      vertex -7.7 2.5 6
    endloop
  endfacet
  facet normal 1 0 0
    outer loop
      vertex -7.7 -2.5 6
      vertex -7.7 -9 0
      vertex -7.7 9 0
    endloop
  endfacet
  facet normal 1 0 0
    outer loop
      vertex -7.7 -9 0
      vertex -7.7 -2.5 6
      vertex -7.7 -9 18
    endloop
  endfacet
  facet normal 0 1 -0
    outer loop
      vertex -7.7 9 0
      vertex -23.7 9 18
      vertex -7.7 9 18
    endloop
  endfacet
  facet normal 0 1 0
    outer loop
      vertex -23.7 9 18
      vertex -7.7 9 0
      vertex -23.7 9 0
    endloop
  endfacet
  facet normal 0 0 -1
    outer loop
      vertex -7.7 -9 0
      vertex -9.7 -6 0
      vertex -7.7 9 0
    endloop
  endfacet
  facet normal 0 0 -1
    outer loop
      vertex -7.7 -9 0
      vertex -21.7 -6 0
      vertex -9.7 -6 0
    endloop
  endfacet
  facet normal -0 0 -1
    outer loop
      vertex -21.7 -6 0
      vertex -23.7 -9 0
      vertex -21.7 6 0
    endloop
  endfacet
  facet normal 0 0 -1
    outer loop
      vertex -23.7 -9 0
      vertex -21.7 -6 0
      vertex -7.7 -9 0
    endloop
  endfacet
  facet normal 0 0 -1
    outer loop
      vertex -9.7 6 0
      vertex -7.7 9 0
      vertex -9.7 -6 0
    endloop
  endfacet
  facet normal 0 0 -1
    outer loop
      vertex -21.7 6 0
      vertex -7.7 9 0
      vertex -9.7 6 0
    endloop
  endfacet
  facet normal 0 0 -1
    outer loop
      vertex -21.7 6 0
      vertex -23.7 9 0
      vertex -7.7 9 0
    endloop
  endfacet
  facet normal 0 0 -1
    outer loop
      vertex -23.7 9 0
      vertex -21.7 6 0
      vertex -23.7 -9 0
    endloop
  endfacet
  facet normal 0 0 1
    outer loop
      vertex -7.7 9 18
      vertex -9.7 6 18
      vertex -7.7 -9 18
    endloop
  endfacet
  facet normal 0 0 1
    outer loop
      vertex -7.7 9 18
      vertex -21.7 6 18
      vertex -9.7 6 18
    endloop
  endfacet
  facet normal 0 0 1
    outer loop
      vertex -21.7 6 18
      vertex -23.7 9 18
      vertex -21.7 -6 18
    endloop
  endfacet
  facet normal -0 0 1
    outer loop
      vertex -23.7 9 18
      vertex -21.7 6 18
      vertex -7.7 9 18
    endloop
  endfacet
  facet normal -0 0 1
    outer loop
      vertex -9.7 -6 18
      vertex -7.7 -9 18
      vertex -9.7 6 18
    endloop
  endfacet
  facet normal -0 0 1
    outer loop
      vertex -21.7 -6 18
      vertex -7.7 -9 18
      vertex -9.7 -6 18
    endloop
  endfacet
  facet normal 0 0 1
    outer loop
      vertex -21.7 -6 18
      vertex -23.7 -9 18
      vertex -7.7 -9 18
    endloop
  endfacet
  facet normal 0 0 1
    outer loop
      vertex -23.7 -9 18
      vertex -21.7 -6 18
      vertex -23.7 9 18
    endloop
  endfacet
  facet normal -1 0 0
    outer loop
      vertex 97 2.5 6
      vertex 97 4 12
      vertex 97 4 6
    endloop
  endfacet
  facet normal -1 -0 0
    outer loop
      vertex 97 4 12
      vertex 97 2.5 6
      vertex 97 2.5 12
    endloop
  endfacet
  facet normal 0 1 -0
    outer loop
      vertex 105 4 6
      vertex 97 4 12
      vertex 105 4 12
    endloop
  endfacet
  facet normal 0 1 0
    outer loop
      vertex 97 4 12
      vertex 105 4 6
      vertex 97 4 6
    endloop
  endfacet
  facet normal 1 -0 0
    outer loop
      vertex 18.5 -2.5 12
      vertex 18.5 -1.9 6
      vertex 18.5 -1.9 12
    endloop
  endfacet
  facet normal 1 0 0
    outer loop
      vertex 18.5 -1.9 6
      vertex 18.5 -2.5 12
      vertex 18.5 -2.5 6
    endloop
  endfacet
  facet normal -1 0 0
    outer loop
      vertex 20.5 -2.5 6
      vertex 20.5 -1.9 12
      vertex 20.5 -1.9 6
    endloop
  endfacet
  facet normal -1 -0 0
    outer loop
      vertex 20.5 -1.9 12
      vertex 20.5 -2.5 6
      vertex 20.5 -2.5 12
    endloop
  endfacet
  facet normal 0 -1 0
    outer loop
      vertex 18.5 -1.9 6
      vertex 20.5 -1.9 12
      vertex 18.5 -1.9 12
    endloop
  endfacet
  facet normal 0 -1 -0
    outer loop
      vertex 20.5 -1.9 12
      vertex 18.5 -1.9 6
      vertex 20.5 -1.9 6
    endloop
  endfacet
  facet normal 1 -0 0
    outer loop
      vertex 30.5 -2.5 12
      vertex 30.5 -1.9 6
      vertex 30.5 -1.9 12
    endloop
  endfacet
  facet normal 1 0 0
    outer loop
      vertex 30.5 -1.9 6
      vertex 30.5 -2.5 12
      vertex 30.5 -2.5 6
    endloop
  endfacet
  facet normal -1 0 0
    outer loop
      vertex 32.5 -2.5 6
      vertex 32.5 -1.9 12
      vertex 32.5 -1.9 6
    endloop
  endfacet
  facet normal -1 -0 0
    outer loop
      vertex 32.5 -1.9 12
      vertex 32.5 -2.5 6
      vertex 32.5 -2.5 12
    endloop
  endfacet
  facet normal 0 -1 0
    outer loop
      vertex 30.5 -1.9 6
      vertex 32.5 -1.9 12
      vertex 30.5 -1.9 12
    endloop
  endfacet
  facet normal 0 -1 -0
    outer loop
      vertex 32.5 -1.9 12
      vertex 30.5 -1.9 6
      vertex 32.5 -1.9 6
    endloop
  endfacet
  facet normal 1 -0 0
    outer loop
      vertex 42.5 -2.5 12
      vertex 42.5 -1.9 6
      vertex 42.5 -1.9 12
    endloop
  endfacet
  facet normal 1 0 0
    outer loop
      vertex 42.5 -1.9 6
      vertex 42.5 -2.5 12
      vertex 42.5 -2.5 6
    endloop
  endfacet
  facet normal -1 0 0
    outer loop
      vertex 44.5 -2.5 6
      vertex 44.5 -1.9 12
      vertex 44.5 -1.9 6
    endloop
  endfacet
  facet normal -1 -0 0
    outer loop
      vertex 44.5 -1.9 12
      vertex 44.5 -2.5 6
      vertex 44.5 -2.5 12
    endloop
  endfacet
  facet normal 0 -1 0
    outer loop
      vertex 42.5 -1.9 6
      vertex 44.5 -1.9 12
      vertex 42.5 -1.9 12
    endloop
  endfacet
  facet normal 0 -1 -0
    outer loop
      vertex 44.5 -1.9 12
      vertex 42.5 -1.9 6
      vertex 44.5 -1.9 6
    endloop
  endfacet
  facet normal 1 -0 0
    outer loop
      vertex 54.5 -2.5 12
      vertex 54.5 -1.9 6
      vertex 54.5 -1.9 12
    endloop
  endfacet
  facet normal 1 0 0
    outer loop
      vertex 54.5 -1.9 6
      vertex 54.5 -2.5 12
      vertex 54.5 -2.5 6
    endloop
  endfacet
  facet normal -1 0 0
    outer loop
      vertex 56.5 -2.5 6
      vertex 56.5 -1.9 12
      vertex 56.5 -1.9 6
    endloop
  endfacet
  facet normal -1 -0 0
    outer loop
      vertex 56.5 -1.9 12
      vertex 56.5 -2.5 6
      vertex 56.5 -2.5 12
    endloop
  endfacet
  facet normal 0 -1 0
    outer loop
      vertex 54.5 -1.9 6
      vertex 56.5 -1.9 12
      vertex 54.5 -1.9 12
    endloop
  endfacet
  facet normal 0 -1 -0
    outer loop
      vertex 56.5 -1.9 12
      vertex 54.5 -1.9 6
      vertex 56.5 -1.9 6
    endloop
  endfacet
  facet normal 1 -0 0
    outer loop
      vertex 66.5 -2.5 12
      vertex 66.5 -1.9 6
      vertex 66.5 -1.9 12
    endloop
  endfacet
  facet normal 1 0 0
    outer loop
      vertex 66.5 -1.9 6
      vertex 66.5 -2.5 12
      vertex 66.5 -2.5 6
    endloop
  endfacet
  facet normal -1 0 0
    outer loop
      vertex 68.5 -2.5 6
      vertex 68.5 -1.9 12
      vertex 68.5 -1.9 6
    endloop
  endfacet
  facet normal -1 -0 0
    outer loop
      vertex 68.5 -1.9 12
      vertex 68.5 -2.5 6
      vertex 68.5 -2.5 12
    endloop
  endfacet
  facet normal 0 -1 0
    outer loop
      vertex 66.5 -1.9 6
      vertex 68.5 -1.9 12
      vertex 66.5 -1.9 12
    endloop
  endfacet
  facet normal 0 -1 -0
    outer loop
      vertex 68.5 -1.9 12
      vertex 66.5 -1.9 6
      vertex 68.5 -1.9 6
    endloop
  endfacet
  facet normal 1 -0 0
    outer loop
      vertex 78.5 -2.5 12
      vertex 78.5 -1.9 6
      vertex 78.5 -1.9 12
    endloop
  endfacet
  facet normal 1 0 0
    outer loop
      vertex 78.5 -1.9 6
      vertex 78.5 -2.5 12
      vertex 78.5 -2.5 6
    endloop
  endfacet
  facet normal -1 0 0
    outer loop
      vertex 80.5 -2.5 6
      vertex 80.5 -1.9 12
      vertex 80.5 -1.9 6
    endloop
  endfacet
  facet normal -1 -0 0
    outer loop
      vertex 80.5 -1.9 12
      vertex 80.5 -2.5 6
      vertex 80.5 -2.5 12
    endloop
  endfacet
  facet normal 0 -1 0
    outer loop
      vertex 78.5 -1.9 6
      vertex 80.5 -1.9 12
      vertex 78.5 -1.9 12
    endloop
  endfacet
  facet normal 0 -1 -0
    outer loop
      vertex 80.5 -1.9 12
      vertex 78.5 -1.9 6
      vertex 80.5 -1.9 6
    endloop
  endfacet
  facet normal 1 -0 0
    outer loop
      vertex 90.5 -2.5 12
      vertex 90.5 -1.9 6
      vertex 90.5 -1.9 12
    endloop
  endfacet
  facet normal 1 0 0
    outer loop
      vertex 90.5 -1.9 6
      vertex 90.5 -2.5 12
      vertex 90.5 -2.5 6
    endloop
  endfacet
  facet normal -1 0 0
    outer loop
      vertex 92.5 -2.5 6
      vertex 92.5 -1.9 12
      vertex 92.5 -1.9 6
    endloop
  endfacet
  facet normal -1 -0 0
    outer loop
      vertex 92.5 -1.9 12
      vertex 92.5 -2.5 6
      vertex 92.5 -2.5 12
    endloop
  endfacet
  facet normal 0 -1 0
    outer loop
      vertex 90.5 -1.9 6
      vertex 92.5 -1.9 12
      vertex 90.5 -1.9 12
    endloop
  endfacet
  facet normal 0 -1 -0
    outer loop
      vertex 92.5 -1.9 12
      vertex 90.5 -1.9 6
      vertex 92.5 -1.9 6
    endloop
  endfacet
  facet normal -0.995185 -0.0980166 0
    outer loop
      vertex 0.825 0 6
      vertex 0.809148 0.160949 12
      vertex 0.809148 0.160949 6
    endloop
  endfacet
  facet normal -0.995185 -0.0980166 0
    outer loop
      vertex 0.809148 0.160949 12
      vertex 0.825 0 6
      vertex 0.825 0 12
    endloop
  endfacet
  facet normal 0.995185 -0.0980166 0
    outer loop
      vertex -0.825 0 12
      vertex -0.809148 0.160949 6
      vertex -0.809148 0.160949 12
    endloop
  endfacet
  facet normal 0.995185 -0.0980166 0
    outer loop
      vertex -0.809148 0.160949 6
      vertex -0.825 0 12
      vertex -0.825 0 6
    endloop
  endfacet
  facet normal 0.0980166 -0.995185 0
    outer loop
      vertex -0.160949 0.809148 6
      vertex 0 0.825 12
      vertex -0.160949 0.809148 12
    endloop
  endfacet
  facet normal 0.0980166 -0.995185 0
    outer loop
      vertex 0 0.825 12
      vertex -0.160949 0.809148 6
      vertex 0 0.825 6
    endloop
  endfacet
  facet normal -0.634391 -0.773012 0
    outer loop
      vertex 0.458345 0.685962 6
      vertex 0.583363 0.583363 12
      vertex 0.458345 0.685962 12
    endloop
  endfacet
  facet normal -0.634391 -0.773012 -0
    outer loop
      vertex 0.583363 0.583363 12
      vertex 0.458345 0.685962 6
      vertex 0.583363 0.583363 6
    endloop
  endfacet
  facet normal 0.773012 -0.634391 0
    outer loop
      vertex -0.685962 0.458345 12
      vertex -0.583363 0.583363 6
      vertex -0.583363 0.583363 12
    endloop
  endfacet
  facet normal 0.773012 -0.634391 0
    outer loop
      vertex -0.583363 0.583363 6
      vertex -0.685962 0.458345 12
      vertex -0.685962 0.458345 6
    endloop
  endfacet
  facet normal 0.471395 -0.881922 0
    outer loop
      vertex -0.458345 0.685962 6
      vertex -0.315713 0.7622 12
      vertex -0.458345 0.685962 12
    endloop
  endfacet
  facet normal 0.471395 -0.881922 0
    outer loop
      vertex -0.315713 0.7622 12
      vertex -0.458345 0.685962 6
      vertex -0.315713 0.7622 6
    endloop
  endfacet
  facet normal -0.881922 0.471395 0
    outer loop
      vertex 0.685962 -0.458345 6
      vertex 0.7622 -0.315713 12
      vertex 0.7622 -0.315713 6
    endloop
  endfacet
  facet normal -0.881922 0.471395 0
    outer loop
      vertex 0.7622 -0.315713 12
      vertex 0.685962 -0.458345 6
      vertex 0.685962 -0.458345 12
    endloop
  endfacet
  facet normal -0.881922 -0.471395 0
    outer loop
      vertex 0.7622 0.315713 6
      vertex 0.685962 0.458345 12
      vertex 0.685962 0.458345 6
    endloop
  endfacet
  facet normal -0.881922 -0.471395 0
    outer loop
      vertex 0.685962 0.458345 12
      vertex 0.7622 0.315713 6
      vertex 0.7622 0.315713 12
    endloop
  endfacet
  facet normal -0.956939 -0.29029 0
    outer loop
      vertex 0.809148 0.160949 6
      vertex 0.7622 0.315713 12
      vertex 0.7622 0.315713 6
    endloop
  endfacet
  facet normal -0.956939 -0.29029 0
    outer loop
      vertex 0.7622 0.315713 12
      vertex 0.809148 0.160949 6
      vertex 0.809148 0.160949 12
    endloop
  endfacet
  facet normal -0.773012 -0.634391 0
    outer loop
      vertex 0.685962 0.458345 6
      vertex 0.583363 0.583363 12
      vertex 0.583363 0.583363 6
    endloop
  endfacet
  facet normal -0.773012 -0.634391 0
    outer loop
      vertex 0.583363 0.583363 12
      vertex 0.685962 0.458345 6
      vertex 0.685962 0.458345 12
    endloop
  endfacet
  facet normal -0.29029 -0.956939 0
    outer loop
      vertex 0.160949 0.809148 6
      vertex 0.315713 0.7622 12
      vertex 0.160949 0.809148 12
    endloop
  endfacet
  facet normal -0.29029 -0.956939 -0
    outer loop
      vertex 0.315713 0.7622 12
      vertex 0.160949 0.809148 6
      vertex 0.315713 0.7622 6
    endloop
  endfacet
  facet normal -0.0980166 -0.995185 0
    outer loop
      vertex 0 0.825 6
      vertex 0.160949 0.809148 12
      vertex 0 0.825 12
    endloop
  endfacet
  facet normal -0.0980166 -0.995185 -0
    outer loop
      vertex 0.160949 0.809148 12
      vertex 0 0.825 6
      vertex 0.160949 0.809148 6
    endloop
  endfacet
  facet normal -0.471395 -0.881922 0
    outer loop
      vertex 0.315713 0.7622 6
      vertex 0.458345 0.685962 12
      vertex 0.315713 0.7622 12
    endloop
  endfacet
  facet normal -0.471395 -0.881922 -0
    outer loop
      vertex 0.458345 0.685962 12
      vertex 0.315713 0.7622 6
      vertex 0.458345 0.685962 6
    endloop
  endfacet
  facet normal 0.881922 -0.471395 0
    outer loop
      vertex -0.7622 0.315713 12
      vertex -0.685962 0.458345 6
      vertex -0.685962 0.458345 12
    endloop
  endfacet
  facet normal 0.881922 -0.471395 0
    outer loop
      vertex -0.685962 0.458345 6
      vertex -0.7622 0.315713 12
      vertex -0.7622 0.315713 6
    endloop
  endfacet
  facet normal 0.956939 -0.29029 0
    outer loop
      vertex -0.809148 0.160949 12
      vertex -0.7622 0.315713 6
      vertex -0.7622 0.315713 12
    endloop
  endfacet
  facet normal 0.956939 -0.29029 0
    outer loop
      vertex -0.7622 0.315713 6
      vertex -0.809148 0.160949 12
      vertex -0.809148 0.160949 6
    endloop
  endfacet
  facet normal 0.634391 -0.773012 0
    outer loop
      vertex -0.583363 0.583363 6
      vertex -0.458345 0.685962 12
      vertex -0.583363 0.583363 12
    endloop
  endfacet
  facet normal 0.634391 -0.773012 0
    outer loop
      vertex -0.458345 0.685962 12
      vertex -0.583363 0.583363 6
      vertex -0.458345 0.685962 6
    endloop
  endfacet
  facet normal 0.29029 -0.956939 0
    outer loop
      vertex -0.315713 0.7622 6
      vertex -0.160949 0.809148 12
      vertex -0.315713 0.7622 12
    endloop
  endfacet
  facet normal 0.29029 -0.956939 0
    outer loop
      vertex -0.160949 0.809148 12
      vertex -0.315713 0.7622 6
      vertex -0.160949 0.809148 6
    endloop
  endfacet
  facet normal 0.0980166 0.995185 -0
    outer loop
      vertex 0 -0.825 6
      vertex -0.160949 -0.809148 12
      vertex 0 -0.825 12
    endloop
  endfacet
  facet normal 0.0980166 0.995185 0
    outer loop
      vertex -0.160949 -0.809148 12
      vertex 0 -0.825 6
      vertex -0.160949 -0.809148 6
    endloop
  endfacet
  facet normal 0.881922 0.471395 0
    outer loop
      vertex -0.685962 -0.458345 12
      vertex -0.7622 -0.315713 6
      vertex -0.7622 -0.315713 12
    endloop
  endfacet
  facet normal 0.881922 0.471395 0
    outer loop
      vertex -0.7622 -0.315713 6
      vertex -0.685962 -0.458345 12
      vertex -0.685962 -0.458345 6
    endloop
  endfacet
  facet normal -0.634391 0.773012 0
    outer loop
      vertex 0.583363 -0.583363 6
      vertex 0.458345 -0.685962 12
      vertex 0.583363 -0.583363 12
    endloop
  endfacet
  facet normal -0.634391 0.773012 0
    outer loop
      vertex 0.458345 -0.685962 12
      vertex 0.583363 -0.583363 6
      vertex 0.458345 -0.685962 6
    endloop
  endfacet
  facet normal -0.956939 0.29029 0
    outer loop
      vertex 0.7622 -0.315713 6
      vertex 0.809148 -0.160949 12
      vertex 0.809148 -0.160949 6
    endloop
  endfacet
  facet normal -0.956939 0.29029 0
    outer loop
      vertex 0.809148 -0.160949 12
      vertex 0.7622 -0.315713 6
      vertex 0.7622 -0.315713 12
    endloop
  endfacet
  facet normal -0.995185 0.0980166 0
    outer loop
      vertex 0.809148 -0.160949 6
      vertex 0.825 0 12
      vertex 0.825 0 6
    endloop
  endfacet
  facet normal -0.995185 0.0980166 0
    outer loop
      vertex 0.825 0 12
      vertex 0.809148 -0.160949 6
      vertex 0.809148 -0.160949 12
    endloop
  endfacet
  facet normal 0.773012 0.634391 0
    outer loop
      vertex -0.583363 -0.583363 12
      vertex -0.685962 -0.458345 6
      vertex -0.685962 -0.458345 12
    endloop
  endfacet
  facet normal 0.773012 0.634391 0
    outer loop
      vertex -0.685962 -0.458345 6
      vertex -0.583363 -0.583363 12
      vertex -0.583363 -0.583363 6
    endloop
  endfacet
  facet normal 0.995185 0.0980166 0
    outer loop
      vertex -0.809148 -0.160949 12
      vertex -0.825 0 6
      vertex -0.825 0 12
    endloop
  endfacet
  facet normal 0.995185 0.0980166 0
    outer loop
      vertex -0.825 0 6
      vertex -0.809148 -0.160949 12
      vertex -0.809148 -0.160949 6
    endloop
  endfacet
  facet normal 0.956939 0.29029 0
    outer loop
      vertex -0.7622 -0.315713 12
      vertex -0.809148 -0.160949 6
      vertex -0.809148 -0.160949 12
    endloop
  endfacet
  facet normal 0.956939 0.29029 0
    outer loop
      vertex -0.809148 -0.160949 6
      vertex -0.7622 -0.315713 12
      vertex -0.7622 -0.315713 6
    endloop
  endfacet
  facet normal -0.29029 0.956939 0
    outer loop
      vertex 0.315713 -0.7622 6
      vertex 0.160949 -0.809148 12
      vertex 0.315713 -0.7622 12
    endloop
  endfacet
  facet normal -0.29029 0.956939 0
    outer loop
      vertex 0.160949 -0.809148 12
      vertex 0.315713 -0.7622 6
      vertex 0.160949 -0.809148 6
    endloop
  endfacet
  facet normal -0.0980166 0.995185 0
    outer loop
      vertex 0.160949 -0.809148 6
      vertex 0 -0.825 12
      vertex 0.160949 -0.809148 12
    endloop
  endfacet
  facet normal -0.0980166 0.995185 0
    outer loop
      vertex 0 -0.825 12
      vertex 0.160949 -0.809148 6
      vertex 0 -0.825 6
    endloop
  endfacet
  facet normal 0.29029 0.956939 -0
    outer loop
      vertex -0.160949 -0.809148 6
      vertex -0.315713 -0.7622 12
      vertex -0.160949 -0.809148 12
    endloop
  endfacet
  facet normal 0.29029 0.956939 0
    outer loop
      vertex -0.315713 -0.7622 12
      vertex -0.160949 -0.809148 6
      vertex -0.315713 -0.7622 6
    endloop
  endfacet
  facet normal 0.634391 0.773012 -0
    outer loop
      vertex -0.458345 -0.685962 6
      vertex -0.583363 -0.583363 12
      vertex -0.458345 -0.685962 12
    endloop
  endfacet
  facet normal 0.634391 0.773012 0
    outer loop
      vertex -0.583363 -0.583363 12
      vertex -0.458345 -0.685962 6
      vertex -0.583363 -0.583363 6
    endloop
  endfacet
  facet normal -0.471395 0.881922 0
    outer loop
      vertex 0.458345 -0.685962 6
      vertex 0.315713 -0.7622 12
      vertex 0.458345 -0.685962 12
    endloop
  endfacet
  facet normal -0.471395 0.881922 0
    outer loop
      vertex 0.315713 -0.7622 12
      vertex 0.458345 -0.685962 6
      vertex 0.315713 -0.7622 6
    endloop
  endfacet
  facet normal -0.773012 0.634391 0
    outer loop
      vertex 0.583363 -0.583363 6
      vertex 0.685962 -0.458345 12
      vertex 0.685962 -0.458345 6
    endloop
  endfacet
  facet normal -0.773012 0.634391 0
    outer loop
      vertex 0.685962 -0.458345 12
      vertex 0.583363 -0.583363 6
      vertex 0.583363 -0.583363 12
    endloop
  endfacet
  facet normal 0.471395 0.881922 -0
    outer loop
      vertex -0.315713 -0.7622 6
      vertex -0.458345 -0.685962 12
      vertex -0.315713 -0.7622 12
    endloop
  endfacet
  facet normal 0.471395 0.881922 0
    outer loop
      vertex -0.458345 -0.685962 12
      vertex -0.315713 -0.7622 6
      vertex -0.458345 -0.685962 6
    endloop
  endfacet
  facet normal 1 -0 0
    outer loop
      vertex -21.7 -6 0.6
      vertex -21.7 6 0
      vertex -21.7 6 0.6
    endloop
  endfacet
  facet normal 1 0 0
    outer loop
      vertex -21.7 6 0
      vertex -21.7 -6 0.6
      vertex -21.7 -6 0
    endloop
  endfacet
  facet normal 0 1 -0
    outer loop
      vertex -9.7 -6 0
      vertex -21.7 -6 0.6
      vertex -9.7 -6 0.6
    endloop
  endfacet
  facet normal 0 1 0
    outer loop
      vertex -21.7 -6 0.6
      vertex -9.7 -6 0
      vertex -21.7 -6 0
    endloop
  endfacet
  facet normal -1 0 0
    outer loop
      vertex -9.7 -6 0
      vertex -9.7 6 0.6
      vertex -9.7 6 0
    endloop
  endfacet
  facet normal -1 -0 0
    outer loop
      vertex -9.7 6 0.6
      vertex -9.7 -6 0
      vertex -9.7 -6 0.6
    endloop
  endfacet
  facet normal 0 -1 0
    outer loop
      vertex -21.7 6 0
      vertex -9.7 6 0.6
      vertex -21.7 6 0.6
    endloop
  endfacet
  facet normal 0 -1 -0
    outer loop
      vertex -9.7 6 0.6
      vertex -21.7 6 0
      vertex -9.7 6 0
    endloop
  endfacet
  facet normal 0 0 -1
    outer loop
      vertex -21.7 -6 0.6
      vertex -9.7 6 0.6
      vertex -9.7 -6 0.6
    endloop
  endfacet
  facet normal -0 0 -1
    outer loop
      vertex -9.7 6 0.6
      vertex -21.7 -6 0.6
      vertex -21.7 6 0.6
    endloop
  endfacet
  facet normal 1 -0 0
    outer loop
      vertex -21.7 -6 18
      vertex -21.7 6 17.4
      vertex -21.7 6 18
    endloop
  endfacet
  facet normal 1 0 0
    outer loop
      vertex -21.7 6 17.4
      vertex -21.7 -6 18
      vertex -21.7 -6 17.4
    endloop
  endfacet
  facet normal 0 1 -0
    outer loop
      vertex -9.7 -6 17.4
      vertex -21.7 -6 18
      vertex -9.7 -6 18
    endloop
  endfacet
  facet normal 0 1 0
    outer loop
      vertex -21.7 -6 18
      vertex -9.7 -6 17.4
      vertex -21.7 -6 17.4
    endloop
  endfacet
  facet normal -1 0 0
    outer loop
      vertex -9.7 -6 17.4
      vertex -9.7 6 18
      vertex -9.7 6 17.4
    endloop
  endfacet
  facet normal -1 -0 0
    outer loop
      vertex -9.7 6 18
      vertex -9.7 -6 17.4
      vertex -9.7 -6 18
    endloop
  endfacet
  facet normal 0 -1 0
    outer loop
      vertex -21.7 6 17.4
      vertex -9.7 6 18
      vertex -21.7 6 18
    endloop
  endfacet
  facet normal 0 -1 -0
    outer loop
      vertex -9.7 6 18
      vertex -21.7 6 17.4
      vertex -9.7 6 17.4
    endloop
  endfacet
  facet normal -0 0 1
    outer loop
      vertex -21.7 6 17.4
      vertex -9.7 -6 17.4
      vertex -9.7 6 17.4
    endloop
  endfacet
  facet normal 0 0 1
    outer loop
      vertex -9.7 -6 17.4
      vertex -21.7 6 17.4
      vertex -21.7 -6 17.4
    endloop
  endfacet
  facet normal -1 0 0
    outer loop
      vertex -17 33 0
      vertex -17 67 4.2
      vertex -17 67 0
    endloop
  endfacet
  facet normal -1 -0 0
    outer loop
      vertex -17 67 4.2
      vertex -17 33 0
      vertex -17 33 4.2
    endloop
  endfacet
  facet normal 0 0 1
    outer loop
      vertex 17 67 4.2
      vertex 14.5 64.5 4.2
      vertex 17 33 4.2
    endloop
  endfacet
  facet normal 0 0 1
    outer loop
      vertex 17 67 4.2
      vertex -14.5 64.5 4.2
      vertex 14.5 64.5 4.2
    endloop
  endfacet
  facet normal 0 0 1
    outer loop
      vertex -14.5 64.5 4.2
      vertex -17 67 4.2
      vertex -14.5 35.5 4.2
    endloop
  endfacet
  facet normal -0 0 1
    outer loop
      vertex -17 67 4.2
      vertex -14.5 64.5 4.2
      vertex 17 67 4.2
    endloop
  endfacet
  facet normal -0 0 1
    outer loop
      vertex 14.5 35.5 4.2
      vertex 17 33 4.2
      vertex 14.5 64.5 4.2
    endloop
  endfacet
  facet normal -0 0 1
    outer loop
      vertex -14.5 35.5 4.2
      vertex 17 33 4.2
      vertex 14.5 35.5 4.2
    endloop
  endfacet
  facet normal 0 0 1
    outer loop
      vertex -14.5 35.5 4.2
      vertex -17 33 4.2
      vertex 17 33 4.2
    endloop
  endfacet
  facet normal 0 0 1
    outer loop
      vertex -17 33 4.2
      vertex -14.5 35.5 4.2
      vertex -17 67 4.2
    endloop
  endfacet
  facet normal 1 -0 0
    outer loop
      vertex 17 33 4.2
      vertex 17 67 0
      vertex 17 67 4.2
    endloop
  endfacet
  facet normal 1 0 0
    outer loop
      vertex 17 67 0
      vertex 17 33 4.2
      vertex 17 33 0
    endloop
  endfacet
  facet normal 0 1 -0
    outer loop
      vertex 17 67 0
      vertex -17 67 4.2
      vertex 17 67 4.2
    endloop
  endfacet
  facet normal 0 1 0
    outer loop
      vertex -17 67 4.2
      vertex 17 67 0
      vertex -17 67 0
    endloop
  endfacet
  facet normal 0 0 -1
    outer loop
      vertex -17 33 0
      vertex 17 67 0
      vertex 17 33 0
    endloop
  endfacet
  facet normal -0 0 -1
    outer loop
      vertex 17 67 0
      vertex -17 33 0
      vertex -17 67 0
    endloop
  endfacet
  facet normal 0 -1 0
    outer loop
      vertex -17 33 0
      vertex 17 33 4.2
      vertex -17 33 4.2
    endloop
  endfacet
  facet normal 0 -1 -0
    outer loop
      vertex 17 33 4.2
      vertex -17 33 0
      vertex 17 33 0
    endloop
  endfacet
  facet normal 1 -0 0
    outer loop
      vertex -14.5 35.5 4.2
      vertex -14.5 64.5 3
      vertex -14.5 64.5 4.2
    endloop
  endfacet
  facet normal 1 0 0
    outer loop
      vertex -14.5 64.5 3
      vertex -14.5 35.5 4.2
      vertex -14.5 35.5 3
    endloop
  endfacet
  facet normal -1 0 0
    outer loop
      vertex 14.5 35.5 3
      vertex 14.5 64.5 4.2
      vertex 14.5 64.5 3
    endloop
  endfacet
  facet normal -1 -0 0
    outer loop
      vertex 14.5 64.5 4.2
      vertex 14.5 35.5 3
      vertex 14.5 35.5 4.2
    endloop
  endfacet
  facet normal 0 1 -0
    outer loop
      vertex 14.5 35.5 3
      vertex -14.5 35.5 4.2
      vertex 14.5 35.5 4.2
    endloop
  endfacet
  facet normal 0 1 0
    outer loop
      vertex -14.5 35.5 4.2
      vertex 14.5 35.5 3
      vertex -14.5 35.5 3
    endloop
  endfacet
  facet normal 0 -1 0
    outer loop
      vertex -14.5 64.5 3
      vertex 14.5 64.5 4.2
      vertex -14.5 64.5 4.2
    endloop
  endfacet
  facet normal 0 -1 -0
    outer loop
      vertex 14.5 64.5 4.2
      vertex -14.5 64.5 3
      vertex 14.5 64.5 3
    endloop
  endfacet
  facet normal 0 -1 0
    outer loop
      vertex 0 53.5 33.85
      vertex 0 53.5 40
      vertex -1.36563 53.5 39.8655
    endloop
  endfacet
  facet normal 0 -1 0
    outer loop
      vertex -0.165826 53.5 33.8337
      vertex -1.36563 53.5 39.8655
      vertex -2.67878 53.5 39.4672
    endloop
  endfacet
  facet normal 0 -1 0
    outer loop
      vertex 0 53.5 40
      vertex 0 53.5 33.85
      vertex 1.36563 53.5 39.8655
    endloop
  endfacet
  facet normal 0 -1 0
    outer loop
      vertex -0.32528 53.5 33.7853
      vertex -2.67878 53.5 39.4672
      vertex -3.88899 53.5 38.8203
    endloop
  endfacet
  facet normal 0 -1 0
    outer loop
      vertex 0.165826 53.5 33.8337
      vertex 1.36563 53.5 39.8655
      vertex 0 53.5 33.85
    endloop
  endfacet
  facet normal 0 -1 0
    outer loop
      vertex -0.472234 53.5 33.7067
      vertex -3.88899 53.5 38.8203
      vertex -4.94975 53.5 37.9497
    endloop
  endfacet
  facet normal 0 -1 -0
    outer loop
      vertex 1.36563 53.5 39.8655
      vertex 0.165826 53.5 33.8337
      vertex 2.67878 53.5 39.4672
    endloop
  endfacet
  facet normal 0 -1 0
    outer loop
      vertex -0.60104 53.5 33.601
      vertex -4.94975 53.5 37.9497
      vertex -5.82029 53.5 36.889
    endloop
  endfacet
  facet normal 0 -1 0
    outer loop
      vertex 0.32528 53.5 33.7853
      vertex 2.67878 53.5 39.4672
      vertex 0.165826 53.5 33.8337
    endloop
  endfacet
  facet normal 0 -1 0
    outer loop
      vertex -0.706749 53.5 33.4722
      vertex -5.82029 53.5 36.889
      vertex -6.46716 53.5 35.6788
    endloop
  endfacet
  facet normal 0 -1 -0
    outer loop
      vertex 2.67878 53.5 39.4672
      vertex 0.32528 53.5 33.7853
      vertex 3.88899 53.5 38.8203
    endloop
  endfacet
  facet normal 0 -1 0
    outer loop
      vertex -0.785297 53.5 33.3253
      vertex -6.46716 53.5 35.6788
      vertex -6.8655 53.5 34.3656
    endloop
  endfacet
  facet normal 0 -1 0
    outer loop
      vertex 0.472234 53.5 33.7067
      vertex 3.88899 53.5 38.8203
      vertex 0.32528 53.5 33.7853
    endloop
  endfacet
  facet normal 0 -1 -0
    outer loop
      vertex 3.88899 53.5 38.8203
      vertex 0.472234 53.5 33.7067
      vertex 4.94975 53.5 37.9497
    endloop
  endfacet
  facet normal 0 -1 0
    outer loop
      vertex -1.36563 53.5 39.8655
      vertex -0.165826 53.5 33.8337
      vertex 0 53.5 33.85
    endloop
  endfacet
  facet normal 0 -1 0
    outer loop
      vertex -2.67878 53.5 39.4672
      vertex -0.32528 53.5 33.7853
      vertex -0.165826 53.5 33.8337
    endloop
  endfacet
  facet normal 0 -1 0
    outer loop
      vertex -3.88899 53.5 38.8203
      vertex -0.472234 53.5 33.7067
      vertex -0.32528 53.5 33.7853
    endloop
  endfacet
  facet normal 0 -1 0
    outer loop
      vertex -4.94975 53.5 37.9497
      vertex -0.60104 53.5 33.601
      vertex -0.472234 53.5 33.7067
    endloop
  endfacet
  facet normal 0 -1 0
    outer loop
      vertex -5.82029 53.5 36.889
      vertex -0.706749 53.5 33.4722
      vertex -0.60104 53.5 33.601
    endloop
  endfacet
  facet normal 0 -1 0
    outer loop
      vertex -6.46716 53.5 35.6788
      vertex -0.785297 53.5 33.3253
      vertex -0.706749 53.5 33.4722
    endloop
  endfacet
  facet normal 0 -1 0
    outer loop
      vertex -6.8655 53.5 34.3656
      vertex -0.833667 53.5 33.1658
      vertex -0.785297 53.5 33.3253
    endloop
  endfacet
  facet normal 0 -1 0
    outer loop
      vertex -7 53.5 33
      vertex -0.833667 53.5 33.1658
      vertex -6.8655 53.5 34.3656
    endloop
  endfacet
  facet normal 0 -1 0
    outer loop
      vertex -7 53.5 33
      vertex -0.849999 53.5 33
      vertex -0.833667 53.5 33.1658
    endloop
  endfacet
  facet normal 0 -1 0
    outer loop
      vertex -7 53.5 33
      vertex -0.833667 53.5 32.8342
      vertex -0.849999 53.5 33
    endloop
  endfacet
  facet normal 0 -1 0
    outer loop
      vertex -7 53.5 33
      vertex -0.785297 53.5 32.6747
      vertex -0.833667 53.5 32.8342
    endloop
  endfacet
  facet normal 0 -1 0
    outer loop
      vertex -7 53.5 33
      vertex -0.706749 53.5 32.5278
      vertex -0.785297 53.5 32.6747
    endloop
  endfacet
  facet normal 0 -1 0
    outer loop
      vertex -7 53.5 33
      vertex -0.60104 53.5 32.399
      vertex -0.706749 53.5 32.5278
    endloop
  endfacet
  facet normal 0 -1 0
    outer loop
      vertex -7 53.5 33
      vertex -0.472234 53.5 32.2933
      vertex -0.60104 53.5 32.399
    endloop
  endfacet
  facet normal 0 -1 0
    outer loop
      vertex -7 53.5 33
      vertex -0.32528 53.5 32.2147
      vertex -0.472234 53.5 32.2933
    endloop
  endfacet
  facet normal 0 -1 0
    outer loop
      vertex -7 53.5 3
      vertex -0.32528 53.5 32.2147
      vertex -7 53.5 33
    endloop
  endfacet
  facet normal 0 -1 -0
    outer loop
      vertex -0.165826 53.5 32.1663
      vertex -7 53.5 3
      vertex 0 53.5 32.15
    endloop
  endfacet
  facet normal 0 -1 -0
    outer loop
      vertex -0.32528 53.5 32.2147
      vertex -7 53.5 3
      vertex -0.165826 53.5 32.1663
    endloop
  endfacet
  facet normal 0 -1 0
    outer loop
      vertex 0.60104 53.5 33.601
      vertex 4.94975 53.5 37.9497
      vertex 0.472234 53.5 33.7067
    endloop
  endfacet
  facet normal 0 -1 -0
    outer loop
      vertex 4.94975 53.5 37.9497
      vertex 0.60104 53.5 33.601
      vertex 5.82029 53.5 36.889
    endloop
  endfacet
  facet normal 0 -1 0
    outer loop
      vertex 0.706749 53.5 33.4722
      vertex 5.82029 53.5 36.889
      vertex 0.60104 53.5 33.601
    endloop
  endfacet
  facet normal 0 -1 -0
    outer loop
      vertex 5.82029 53.5 36.889
      vertex 0.706749 53.5 33.4722
      vertex 6.46716 53.5 35.6788
    endloop
  endfacet
  facet normal 0 -1 0
    outer loop
      vertex 0.785297 53.5 33.3253
      vertex 6.46716 53.5 35.6788
      vertex 0.706749 53.5 33.4722
    endloop
  endfacet
  facet normal 0 -1 -0
    outer loop
      vertex 6.46716 53.5 35.6788
      vertex 0.785297 53.5 33.3253
      vertex 6.8655 53.5 34.3656
    endloop
  endfacet
  facet normal 0 -1 0
    outer loop
      vertex 0.833667 53.5 33.1658
      vertex 6.8655 53.5 34.3656
      vertex 0.785297 53.5 33.3253
    endloop
  endfacet
  facet normal 0 -1 0
    outer loop
      vertex 0.849999 53.5 33
      vertex 6.8655 53.5 34.3656
      vertex 0.833667 53.5 33.1658
    endloop
  endfacet
  facet normal 0 -1 0
    outer loop
      vertex 0.849999 53.5 33
      vertex 7 53.5 33
      vertex 6.8655 53.5 34.3656
    endloop
  endfacet
  facet normal 0 -1 0
    outer loop
      vertex 0.833667 53.5 32.8342
      vertex 7 53.5 33
      vertex 0.849999 53.5 33
    endloop
  endfacet
  facet normal 0 -1 0
    outer loop
      vertex 0.785297 53.5 32.6747
      vertex 7 53.5 33
      vertex 0.833667 53.5 32.8342
    endloop
  endfacet
  facet normal 0 -1 0
    outer loop
      vertex 0.706749 53.5 32.5278
      vertex 7 53.5 33
      vertex 0.785297 53.5 32.6747
    endloop
  endfacet
  facet normal 0 -1 0
    outer loop
      vertex 0.60104 53.5 32.399
      vertex 7 53.5 33
      vertex 0.706749 53.5 32.5278
    endloop
  endfacet
  facet normal 0 -1 0
    outer loop
      vertex 0.472234 53.5 32.2933
      vertex 7 53.5 33
      vertex 0.60104 53.5 32.399
    endloop
  endfacet
  facet normal 0 -1 0
    outer loop
      vertex 0.32528 53.5 32.2147
      vertex 7 53.5 33
      vertex 0.472234 53.5 32.2933
    endloop
  endfacet
  facet normal 0 -1 0
    outer loop
      vertex 7 53.5 3
      vertex 0.32528 53.5 32.2147
      vertex 0.165826 53.5 32.1663
    endloop
  endfacet
  facet normal 0 -1 0
    outer loop
      vertex 7 53.5 3
      vertex 0 53.5 32.15
      vertex -7 53.5 3
    endloop
  endfacet
  facet normal 0 -1 0
    outer loop
      vertex 0 53.5 32.15
      vertex 7 53.5 3
      vertex 0.165826 53.5 32.1663
    endloop
  endfacet
  facet normal 0 -1 0
    outer loop
      vertex 0.32528 53.5 32.2147
      vertex 7 53.5 3
      vertex 7 53.5 33
    endloop
  endfacet
  facet normal -1 0 0
    outer loop
      vertex -7 53.5 3
      vertex -7 57.5 33
      vertex -7 57.5 3
    endloop
  endfacet
  facet normal -1 -0 0
    outer loop
      vertex -7 57.5 33
      vertex -7 53.5 3
      vertex -7 53.5 33
    endloop
  endfacet
  facet normal 0 1 0
    outer loop
      vertex 0 57.5 33.85
      vertex 0 57.5 40
      vertex 1.36563 57.5 39.8655
    endloop
  endfacet
  facet normal 0 1 0
    outer loop
      vertex 0.165826 57.5 33.8337
      vertex 1.36563 57.5 39.8655
      vertex 2.67878 57.5 39.4672
    endloop
  endfacet
  facet normal 0 1 0
    outer loop
      vertex 0 57.5 40
      vertex 0 57.5 33.85
      vertex -1.36563 57.5 39.8655
    endloop
  endfacet
  facet normal 0 1 0
    outer loop
      vertex 0.32528 57.5 33.7853
      vertex 2.67878 57.5 39.4672
      vertex 3.88899 57.5 38.8203
    endloop
  endfacet
  facet normal 0 1 -0
    outer loop
      vertex -0.165826 57.5 33.8337
      vertex -1.36563 57.5 39.8655
      vertex 0 57.5 33.85
    endloop
  endfacet
  facet normal 0 1 0
    outer loop
      vertex 0.472234 57.5 33.7067
      vertex 3.88899 57.5 38.8203
      vertex 4.94975 57.5 37.9497
    endloop
  endfacet
  facet normal 0 1 0
    outer loop
      vertex -1.36563 57.5 39.8655
      vertex -0.165826 57.5 33.8337
      vertex -2.67878 57.5 39.4672
    endloop
  endfacet
  facet normal 0 1 0
    outer loop
      vertex 0.60104 57.5 33.601
      vertex 4.94975 57.5 37.9497
      vertex 5.82029 57.5 36.889
    endloop
  endfacet
  facet normal 0 1 -0
    outer loop
      vertex -0.32528 57.5 33.7853
      vertex -2.67878 57.5 39.4672
      vertex -0.165826 57.5 33.8337
    endloop
  endfacet
  facet normal 0 1 0
    outer loop
      vertex 0.706749 57.5 33.4722
      vertex 5.82029 57.5 36.889
      vertex 6.46716 57.5 35.6788
    endloop
  endfacet
  facet normal 0 1 0
    outer loop
      vertex -2.67878 57.5 39.4672
      vertex -0.32528 57.5 33.7853
      vertex -3.88899 57.5 38.8203
    endloop
  endfacet
  facet normal 0 1 0
    outer loop
      vertex 0.785297 57.5 33.3253
      vertex 6.46716 57.5 35.6788
      vertex 6.8655 57.5 34.3656
    endloop
  endfacet
  facet normal 0 1 -0
    outer loop
      vertex -0.472234 57.5 33.7067
      vertex -3.88899 57.5 38.8203
      vertex -0.32528 57.5 33.7853
    endloop
  endfacet
  facet normal 0 1 0
    outer loop
      vertex -3.88899 57.5 38.8203
      vertex -0.472234 57.5 33.7067
      vertex -4.94975 57.5 37.9497
    endloop
  endfacet
  facet normal 0 1 0
    outer loop
      vertex 1.36563 57.5 39.8655
      vertex 0.165826 57.5 33.8337
      vertex 0 57.5 33.85
    endloop
  endfacet
  facet normal 0 1 0
    outer loop
      vertex 2.67878 57.5 39.4672
      vertex 0.32528 57.5 33.7853
      vertex 0.165826 57.5 33.8337
    endloop
  endfacet
  facet normal 0 1 0
    outer loop
      vertex 3.88899 57.5 38.8203
      vertex 0.472234 57.5 33.7067
      vertex 0.32528 57.5 33.7853
    endloop
  endfacet
  facet normal 0 1 0
    outer loop
      vertex 4.94975 57.5 37.9497
      vertex 0.60104 57.5 33.601
      vertex 0.472234 57.5 33.7067
    endloop
  endfacet
  facet normal 0 1 0
    outer loop
      vertex 5.82029 57.5 36.889
      vertex 0.706749 57.5 33.4722
      vertex 0.60104 57.5 33.601
    endloop
  endfacet
  facet normal 0 1 0
    outer loop
      vertex 6.46716 57.5 35.6788
      vertex 0.785297 57.5 33.3253
      vertex 0.706749 57.5 33.4722
    endloop
  endfacet
  facet normal 0 1 0
    outer loop
      vertex 6.8655 57.5 34.3656
      vertex 0.833667 57.5 33.1658
      vertex 0.785297 57.5 33.3253
    endloop
  endfacet
  facet normal 0 1 0
    outer loop
      vertex 7 57.5 33
      vertex 0.833667 57.5 33.1658
      vertex 6.8655 57.5 34.3656
    endloop
  endfacet
  facet normal 0 1 0
    outer loop
      vertex 7 57.5 33
      vertex 0.849999 57.5 33
      vertex 0.833667 57.5 33.1658
    endloop
  endfacet
  facet normal 0 1 0
    outer loop
      vertex 7 57.5 33
      vertex 0.833667 57.5 32.8342
      vertex 0.849999 57.5 33
    endloop
  endfacet
  facet normal 0 1 0
    outer loop
      vertex 7 57.5 33
      vertex 0.785297 57.5 32.6747
      vertex 0.833667 57.5 32.8342
    endloop
  endfacet
  facet normal 0 1 0
    outer loop
      vertex 7 57.5 33
      vertex 0.706749 57.5 32.5278
      vertex 0.785297 57.5 32.6747
    endloop
  endfacet
  facet normal 0 1 0
    outer loop
      vertex 7 57.5 33
      vertex 0.60104 57.5 32.399
      vertex 0.706749 57.5 32.5278
    endloop
  endfacet
  facet normal 0 1 0
    outer loop
      vertex 7 57.5 33
      vertex 0.472234 57.5 32.2933
      vertex 0.60104 57.5 32.399
    endloop
  endfacet
  facet normal 0 1 0
    outer loop
      vertex 7 57.5 33
      vertex 0.32528 57.5 32.2147
      vertex 0.472234 57.5 32.2933
    endloop
  endfacet
  facet normal 0 1 -0
    outer loop
      vertex 7 57.5 3
      vertex 0.32528 57.5 32.2147
      vertex 7 57.5 33
    endloop
  endfacet
  facet normal 0 1 0
    outer loop
      vertex 0.165826 57.5 32.1663
      vertex 7 57.5 3
      vertex 0 57.5 32.15
    endloop
  endfacet
  facet normal 0 1 0
    outer loop
      vertex 0.32528 57.5 32.2147
      vertex 7 57.5 3
      vertex 0.165826 57.5 32.1663
    endloop
  endfacet
  facet normal 0 1 -0
    outer loop
      vertex -0.60104 57.5 33.601
      vertex -4.94975 57.5 37.9497
      vertex -0.472234 57.5 33.7067
    endloop
  endfacet
  facet normal 0 1 0
    outer loop
      vertex -4.94975 57.5 37.9497
      vertex -0.60104 57.5 33.601
      vertex -5.82029 57.5 36.889
    endloop
  endfacet
  facet normal 0 1 -0
    outer loop
      vertex -0.706749 57.5 33.4722
      vertex -5.82029 57.5 36.889
      vertex -0.60104 57.5 33.601
    endloop
  endfacet
  facet normal 0 1 0
    outer loop
      vertex -5.82029 57.5 36.889
      vertex -0.706749 57.5 33.4722
      vertex -6.46716 57.5 35.6788
    endloop
  endfacet
  facet normal 0 1 -0
    outer loop
      vertex -0.785297 57.5 33.3253
      vertex -6.46716 57.5 35.6788
      vertex -0.706749 57.5 33.4722
    endloop
  endfacet
  facet normal 0 1 0
    outer loop
      vertex -6.46716 57.5 35.6788
      vertex -0.785297 57.5 33.3253
      vertex -6.8655 57.5 34.3656
    endloop
  endfacet
  facet normal 0 1 -0
    outer loop
      vertex -0.833667 57.5 33.1658
      vertex -6.8655 57.5 34.3656
      vertex -0.785297 57.5 33.3253
    endloop
  endfacet
  facet normal 0 1 -0
    outer loop
      vertex -0.849999 57.5 33
      vertex -6.8655 57.5 34.3656
      vertex -0.833667 57.5 33.1658
    endloop
  endfacet
  facet normal 0 1 0
    outer loop
      vertex -0.849999 57.5 33
      vertex -7 57.5 33
      vertex -6.8655 57.5 34.3656
    endloop
  endfacet
  facet normal 0 1 0
    outer loop
      vertex -0.833667 57.5 32.8342
      vertex -7 57.5 33
      vertex -0.849999 57.5 33
    endloop
  endfacet
  facet normal 0 1 0
    outer loop
      vertex -0.785297 57.5 32.6747
      vertex -7 57.5 33
      vertex -0.833667 57.5 32.8342
    endloop
  endfacet
  facet normal 0 1 0
    outer loop
      vertex -0.706749 57.5 32.5278
      vertex -7 57.5 33
      vertex -0.785297 57.5 32.6747
    endloop
  endfacet
  facet normal 0 1 0
    outer loop
      vertex -0.60104 57.5 32.399
      vertex -7 57.5 33
      vertex -0.706749 57.5 32.5278
    endloop
  endfacet
  facet normal 0 1 0
    outer loop
      vertex -0.472234 57.5 32.2933
      vertex -7 57.5 33
      vertex -0.60104 57.5 32.399
    endloop
  endfacet
  facet normal 0 1 0
    outer loop
      vertex -0.32528 57.5 32.2147
      vertex -7 57.5 33
      vertex -0.472234 57.5 32.2933
    endloop
  endfacet
  facet normal 0 1 0
    outer loop
      vertex -7 57.5 3
      vertex -0.32528 57.5 32.2147
      vertex -0.165826 57.5 32.1663
    endloop
  endfacet
  facet normal 0 1 0
    outer loop
      vertex -7 57.5 3
      vertex 0 57.5 32.15
      vertex 7 57.5 3
    endloop
  endfacet
  facet normal 0 1 0
    outer loop
      vertex 0 57.5 32.15
      vertex -7 57.5 3
      vertex -0.165826 57.5 32.1663
    endloop
  endfacet
  facet normal 0 1 0
    outer loop
      vertex -0.32528 57.5 32.2147
      vertex -7 57.5 3
      vertex -7 57.5 33
    endloop
  endfacet
  facet normal -0 0 1
    outer loop
      vertex -7 53.5 3
      vertex 7 46.5 3
      vertex 7 53.5 3
    endloop
  endfacet
  facet normal 0 0 1
    outer loop
      vertex 7 46.5 3
      vertex -7 53.5 3
      vertex -7 46.5 3
    endloop
  endfacet
  facet normal 0 0 1
    outer loop
      vertex 7 53.5 3
      vertex 14.5 64.5 3
      vertex 7 57.5 3
    endloop
  endfacet
  facet normal 0 0 1
    outer loop
      vertex 14.5 64.5 3
      vertex -7 57.5 3
      vertex 7 57.5 3
    endloop
  endfacet
  facet normal 0 0 1
    outer loop
      vertex -14.5 64.5 3
      vertex -7 53.5 3
      vertex -7 57.5 3
    endloop
  endfacet
  facet normal 0 0 1
    outer loop
      vertex -7 53.5 3
      vertex -14.5 64.5 3
      vertex -7 46.5 3
    endloop
  endfacet
  facet normal 0 0 1
    outer loop
      vertex -14.5 35.5 3
      vertex -7 46.5 3
      vertex -14.5 64.5 3
    endloop
  endfacet
  facet normal -0 0 1
    outer loop
      vertex -14.5 64.5 3
      vertex -7 57.5 3
      vertex 14.5 64.5 3
    endloop
  endfacet
  facet normal 0 0 1
    outer loop
      vertex 14.5 64.5 3
      vertex 7 53.5 3
      vertex 14.5 35.5 3
    endloop
  endfacet
  facet normal -0 0 1
    outer loop
      vertex 7 46.5 3
      vertex 14.5 35.5 3
      vertex 7 53.5 3
    endloop
  endfacet
  facet normal -0 0 1
    outer loop
      vertex 7 42.5 3
      vertex 14.5 35.5 3
      vertex 7 46.5 3
    endloop
  endfacet
  facet normal -0 0 1
    outer loop
      vertex -7 42.5 3
      vertex 14.5 35.5 3
      vertex 7 42.5 3
    endloop
  endfacet
  facet normal 0 0 1
    outer loop
      vertex -7 42.5 3
      vertex -14.5 35.5 3
      vertex 14.5 35.5 3
    endloop
  endfacet
  facet normal 0 0 1
    outer loop
      vertex -7 46.5 3
      vertex -14.5 35.5 3
      vertex -7 42.5 3
    endloop
  endfacet
  facet normal 1 -0 0
    outer loop
      vertex 7 53.5 33
      vertex 7 57.5 3
      vertex 7 57.5 33
    endloop
  endfacet
  facet normal 1 0 0
    outer loop
      vertex 7 57.5 3
      vertex 7 53.5 33
      vertex 7 53.5 3
    endloop
  endfacet
  facet normal 0.995185 -0 0.0980172
    outer loop
      vertex 6.8655 53.5 34.3656
      vertex 7 57.5 33
      vertex 6.8655 57.5 34.3656
    endloop
  endfacet
  facet normal 0.995185 0 0.0980172
    outer loop
      vertex 7 57.5 33
      vertex 6.8655 53.5 34.3656
      vertex 7 53.5 33
    endloop
  endfacet
  facet normal 0.0980151 0 0.995185
    outer loop
      vertex 0 57.5 40
      vertex 1.36563 53.5 39.8655
      vertex 1.36563 57.5 39.8655
    endloop
  endfacet
  facet normal 0.0980151 0 0.995185
    outer loop
      vertex 1.36563 53.5 39.8655
      vertex 0 57.5 40
      vertex 0 53.5 40
    endloop
  endfacet
  facet normal 0.772994 -0 0.634413
    outer loop
      vertex 4.94975 53.5 37.9497
      vertex 5.82029 57.5 36.889
      vertex 4.94975 57.5 37.9497
    endloop
  endfacet
  facet normal 0.772994 0 0.634413
    outer loop
      vertex 5.82029 57.5 36.889
      vertex 4.94975 53.5 37.9497
      vertex 5.82029 53.5 36.889
    endloop
  endfacet
  facet normal -0.0980151 0 0.995185
    outer loop
      vertex -1.36563 57.5 39.8655
      vertex 0 53.5 40
      vertex 0 57.5 40
    endloop
  endfacet
  facet normal -0.0980151 0 0.995185
    outer loop
      vertex 0 53.5 40
      vertex -1.36563 57.5 39.8655
      vertex -1.36563 53.5 39.8655
    endloop
  endfacet
  facet normal -0.995185 0 0.0980172
    outer loop
      vertex -7 53.5 33
      vertex -6.8655 57.5 34.3656
      vertex -7 57.5 33
    endloop
  endfacet
  facet normal -0.995185 0 0.0980172
    outer loop
      vertex -6.8655 57.5 34.3656
      vertex -7 53.5 33
      vertex -6.8655 53.5 34.3656
    endloop
  endfacet
  facet normal 0.290258 0 0.956948
    outer loop
      vertex 1.36563 57.5 39.8655
      vertex 2.67878 53.5 39.4672
      vertex 2.67878 57.5 39.4672
    endloop
  endfacet
  facet normal 0.290258 0 0.956948
    outer loop
      vertex 2.67878 53.5 39.4672
      vertex 1.36563 57.5 39.8655
      vertex 1.36563 53.5 39.8655
    endloop
  endfacet
  facet normal 0.634418 0 0.77299
    outer loop
      vertex 3.88899 57.5 38.8203
      vertex 4.94975 53.5 37.9497
      vertex 4.94975 57.5 37.9497
    endloop
  endfacet
  facet normal 0.634418 0 0.77299
    outer loop
      vertex 4.94975 53.5 37.9497
      vertex 3.88899 57.5 38.8203
      vertex 3.88899 53.5 38.8203
    endloop
  endfacet
  facet normal 0.88192 -0 0.471399
    outer loop
      vertex 5.82029 53.5 36.889
      vertex 6.46716 57.5 35.6788
      vertex 5.82029 57.5 36.889
    endloop
  endfacet
  facet normal 0.88192 0 0.471399
    outer loop
      vertex 6.46716 57.5 35.6788
      vertex 5.82029 53.5 36.889
      vertex 6.46716 53.5 35.6788
    endloop
  endfacet
  facet normal -0.634418 0 0.77299
    outer loop
      vertex -4.94975 57.5 37.9497
      vertex -3.88899 53.5 38.8203
      vertex -3.88899 57.5 38.8203
    endloop
  endfacet
  facet normal -0.634418 0 0.77299
    outer loop
      vertex -3.88899 53.5 38.8203
      vertex -4.94975 57.5 37.9497
      vertex -4.94975 53.5 37.9497
    endloop
  endfacet
  facet normal -0.772994 0 0.634413
    outer loop
      vertex -5.82029 53.5 36.889
      vertex -4.94975 57.5 37.9497
      vertex -5.82029 57.5 36.889
    endloop
  endfacet
  facet normal -0.772994 0 0.634413
    outer loop
      vertex -4.94975 57.5 37.9497
      vertex -5.82029 53.5 36.889
      vertex -4.94975 53.5 37.9497
    endloop
  endfacet
  facet normal -0.956943 0 0.290275
    outer loop
      vertex -6.8655 53.5 34.3656
      vertex -6.46716 57.5 35.6788
      vertex -6.8655 57.5 34.3656
    endloop
  endfacet
  facet normal -0.956943 0 0.290275
    outer loop
      vertex -6.46716 57.5 35.6788
      vertex -6.8655 53.5 34.3656
      vertex -6.46716 53.5 35.6788
    endloop
  endfacet
  facet normal 0.471413 0 0.881912
    outer loop
      vertex 2.67878 57.5 39.4672
      vertex 3.88899 53.5 38.8203
      vertex 3.88899 57.5 38.8203
    endloop
  endfacet
  facet normal 0.471413 0 0.881912
    outer loop
      vertex 3.88899 53.5 38.8203
      vertex 2.67878 57.5 39.4672
      vertex 2.67878 53.5 39.4672
    endloop
  endfacet
  facet normal 0.956943 -0 0.290275
    outer loop
      vertex 6.46716 53.5 35.6788
      vertex 6.8655 57.5 34.3656
      vertex 6.46716 57.5 35.6788
    endloop
  endfacet
  facet normal 0.956943 0 0.290275
    outer loop
      vertex 6.8655 57.5 34.3656
      vertex 6.46716 53.5 35.6788
      vertex 6.8655 53.5 34.3656
    endloop
  endfacet
  facet normal -0.88192 0 0.471399
    outer loop
      vertex -6.46716 53.5 35.6788
      vertex -5.82029 57.5 36.889
      vertex -6.46716 57.5 35.6788
    endloop
  endfacet
  facet normal -0.88192 0 0.471399
    outer loop
      vertex -5.82029 57.5 36.889
      vertex -6.46716 53.5 35.6788
      vertex -5.82029 53.5 36.889
    endloop
  endfacet
  facet normal -0.290258 0 0.956948
    outer loop
      vertex -2.67878 57.5 39.4672
      vertex -1.36563 53.5 39.8655
      vertex -1.36563 57.5 39.8655
    endloop
  endfacet
  facet normal -0.290258 0 0.956948
    outer loop
      vertex -1.36563 53.5 39.8655
      vertex -2.67878 57.5 39.4672
      vertex -2.67878 53.5 39.4672
    endloop
  endfacet
  facet normal -0.471413 0 0.881912
    outer loop
      vertex -3.88899 57.5 38.8203
      vertex -2.67878 53.5 39.4672
      vertex -2.67878 57.5 39.4672
    endloop
  endfacet
  facet normal -0.471413 0 0.881912
    outer loop
      vertex -2.67878 53.5 39.4672
      vertex -3.88899 57.5 38.8203
      vertex -3.88899 53.5 38.8203
    endloop
  endfacet
  facet normal -0.471637 0 0.881793
    outer loop
      vertex 0.32528 57.5 32.2147
      vertex 0.472234 53.5 32.2933
      vertex 0.472234 57.5 32.2933
    endloop
  endfacet
  facet normal -0.471637 0 0.881793
    outer loop
      vertex 0.472234 53.5 32.2933
      vertex 0.32528 57.5 32.2147
      vertex 0.32528 53.5 32.2147
    endloop
  endfacet
  facet normal -0.995183 0 -0.0980298
    outer loop
      vertex 0.849999 53.5 33
      vertex 0.833667 57.5 33.1658
      vertex 0.849999 57.5 33
    endloop
  endfacet
  facet normal -0.995183 -0 -0.0980298
    outer loop
      vertex 0.833667 57.5 33.1658
      vertex 0.849999 53.5 33
      vertex 0.833667 53.5 33.1658
    endloop
  endfacet
  facet normal 0.29045 0 -0.95689
    outer loop
      vertex -0.32528 53.5 33.7853
      vertex -0.165826 57.5 33.8337
      vertex -0.165826 53.5 33.8337
    endloop
  endfacet
  facet normal 0.29045 0 -0.95689
    outer loop
      vertex -0.165826 57.5 33.8337
      vertex -0.32528 53.5 33.7853
      vertex -0.32528 57.5 33.7853
    endloop
  endfacet
  facet normal 0.29045 0 0.95689
    outer loop
      vertex -0.32528 57.5 32.2147
      vertex -0.165826 53.5 32.1663
      vertex -0.165826 57.5 32.1663
    endloop
  endfacet
  facet normal 0.29045 0 0.95689
    outer loop
      vertex -0.165826 53.5 32.1663
      vertex -0.32528 57.5 32.2147
      vertex -0.32528 53.5 32.2147
    endloop
  endfacet
  facet normal 0.881851 -0 0.471529
    outer loop
      vertex -0.785297 53.5 32.6747
      vertex -0.706749 57.5 32.5278
      vertex -0.785297 57.5 32.6747
    endloop
  endfacet
  facet normal 0.881851 0 0.471529
    outer loop
      vertex -0.706749 57.5 32.5278
      vertex -0.785297 53.5 32.6747
      vertex -0.706749 53.5 32.5278
    endloop
  endfacet
  facet normal -0.881851 0 0.471529
    outer loop
      vertex 0.706749 53.5 32.5278
      vertex 0.785297 57.5 32.6747
      vertex 0.706749 57.5 32.5278
    endloop
  endfacet
  facet normal -0.881851 0 0.471529
    outer loop
      vertex 0.785297 57.5 32.6747
      vertex 0.706749 53.5 32.5278
      vertex 0.785297 53.5 32.6747
    endloop
  endfacet
  facet normal -0.772994 0 0.634413
    outer loop
      vertex 0.60104 53.5 32.399
      vertex 0.706749 57.5 32.5278
      vertex 0.60104 57.5 32.399
    endloop
  endfacet
  facet normal -0.772994 0 0.634413
    outer loop
      vertex 0.706749 57.5 32.5278
      vertex 0.60104 53.5 32.399
      vertex 0.706749 53.5 32.5278
    endloop
  endfacet
  facet normal -0.634363 0 0.773035
    outer loop
      vertex 0.472234 57.5 32.2933
      vertex 0.60104 53.5 32.399
      vertex 0.60104 57.5 32.399
    endloop
  endfacet
  facet normal -0.634363 0 0.773035
    outer loop
      vertex 0.60104 53.5 32.399
      vertex 0.472234 57.5 32.2933
      vertex 0.472234 53.5 32.2933
    endloop
  endfacet
  facet normal -0.0978243 0 0.995204
    outer loop
      vertex 0 57.5 32.15
      vertex 0.165826 53.5 32.1663
      vertex 0.165826 57.5 32.1663
    endloop
  endfacet
  facet normal -0.0978243 0 0.995204
    outer loop
      vertex 0.165826 53.5 32.1663
      vertex 0 57.5 32.15
      vertex 0 53.5 32.15
    endloop
  endfacet
  facet normal 0.995183 -0 0.0980298
    outer loop
      vertex -0.849999 53.5 33
      vertex -0.833667 57.5 32.8342
      vertex -0.849999 57.5 33
    endloop
  endfacet
  facet normal 0.995183 0 0.0980298
    outer loop
      vertex -0.833667 57.5 32.8342
      vertex -0.849999 53.5 33
      vertex -0.833667 53.5 32.8342
    endloop
  endfacet
  facet normal 0.772994 -0 0.634413
    outer loop
      vertex -0.706749 53.5 32.5278
      vertex -0.60104 57.5 32.399
      vertex -0.706749 57.5 32.5278
    endloop
  endfacet
  facet normal 0.772994 0 0.634413
    outer loop
      vertex -0.60104 57.5 32.399
      vertex -0.706749 53.5 32.5278
      vertex -0.60104 53.5 32.399
    endloop
  endfacet
  facet normal 0.471637 0 0.881793
    outer loop
      vertex -0.472234 57.5 32.2933
      vertex -0.32528 53.5 32.2147
      vertex -0.32528 57.5 32.2147
    endloop
  endfacet
  facet normal 0.471637 0 0.881793
    outer loop
      vertex -0.32528 53.5 32.2147
      vertex -0.472234 57.5 32.2933
      vertex -0.472234 53.5 32.2933
    endloop
  endfacet
  facet normal 0.0978243 0 0.995204
    outer loop
      vertex -0.165826 57.5 32.1663
      vertex 0 53.5 32.15
      vertex 0 57.5 32.15
    endloop
  endfacet
  facet normal 0.0978243 0 0.995204
    outer loop
      vertex 0 53.5 32.15
      vertex -0.165826 57.5 32.1663
      vertex -0.165826 53.5 32.1663
    endloop
  endfacet
  facet normal 0.634363 0 0.773035
    outer loop
      vertex -0.60104 57.5 32.399
      vertex -0.472234 53.5 32.2933
      vertex -0.472234 57.5 32.2933
    endloop
  endfacet
  facet normal 0.634363 0 0.773035
    outer loop
      vertex -0.472234 53.5 32.2933
      vertex -0.60104 57.5 32.399
      vertex -0.60104 53.5 32.399
    endloop
  endfacet
  facet normal -0.995183 0 0.0980298
    outer loop
      vertex 0.833667 53.5 32.8342
      vertex 0.849999 57.5 33
      vertex 0.833667 57.5 32.8342
    endloop
  endfacet
  facet normal -0.995183 0 0.0980298
    outer loop
      vertex 0.849999 57.5 33
      vertex 0.833667 53.5 32.8342
      vertex 0.849999 53.5 33
    endloop
  endfacet
  facet normal -0.0978243 0 -0.995204
    outer loop
      vertex 0 53.5 33.85
      vertex 0.165826 57.5 33.8337
      vertex 0.165826 53.5 33.8337
    endloop
  endfacet
  facet normal -0.0978243 0 -0.995204
    outer loop
      vertex 0.165826 57.5 33.8337
      vertex 0 53.5 33.85
      vertex 0 57.5 33.85
    endloop
  endfacet
  facet normal -0.881851 0 -0.471529
    outer loop
      vertex 0.785297 53.5 33.3253
      vertex 0.706749 57.5 33.4722
      vertex 0.785297 57.5 33.3253
    endloop
  endfacet
  facet normal -0.881851 -0 -0.471529
    outer loop
      vertex 0.706749 57.5 33.4722
      vertex 0.785297 53.5 33.3253
      vertex 0.706749 53.5 33.4722
    endloop
  endfacet
  facet normal -0.956963 0 -0.290209
    outer loop
      vertex 0.833667 53.5 33.1658
      vertex 0.785297 57.5 33.3253
      vertex 0.833667 57.5 33.1658
    endloop
  endfacet
  facet normal -0.956963 -0 -0.290209
    outer loop
      vertex 0.785297 57.5 33.3253
      vertex 0.833667 53.5 33.1658
      vertex 0.785297 53.5 33.3253
    endloop
  endfacet
  facet normal -0.29045 0 -0.95689
    outer loop
      vertex 0.165826 53.5 33.8337
      vertex 0.32528 57.5 33.7853
      vertex 0.32528 53.5 33.7853
    endloop
  endfacet
  facet normal -0.29045 0 -0.95689
    outer loop
      vertex 0.32528 57.5 33.7853
      vertex 0.165826 53.5 33.8337
      vertex 0.165826 57.5 33.8337
    endloop
  endfacet
  facet normal -0.471637 0 -0.881793
    outer loop
      vertex 0.32528 53.5 33.7853
      vertex 0.472234 57.5 33.7067
      vertex 0.472234 53.5 33.7067
    endloop
  endfacet
  facet normal -0.471637 0 -0.881793
    outer loop
      vertex 0.472234 57.5 33.7067
      vertex 0.32528 53.5 33.7853
      vertex 0.32528 57.5 33.7853
    endloop
  endfacet
  facet normal 0.0978243 0 -0.995204
    outer loop
      vertex -0.165826 53.5 33.8337
      vertex 0 57.5 33.85
      vertex 0 53.5 33.85
    endloop
  endfacet
  facet normal 0.0978243 0 -0.995204
    outer loop
      vertex 0 57.5 33.85
      vertex -0.165826 53.5 33.8337
      vertex -0.165826 57.5 33.8337
    endloop
  endfacet
  facet normal 0.634363 0 -0.773035
    outer loop
      vertex -0.60104 53.5 33.601
      vertex -0.472234 57.5 33.7067
      vertex -0.472234 53.5 33.7067
    endloop
  endfacet
  facet normal 0.634363 0 -0.773035
    outer loop
      vertex -0.472234 57.5 33.7067
      vertex -0.60104 53.5 33.601
      vertex -0.60104 57.5 33.601
    endloop
  endfacet
  facet normal 0.881851 0 -0.471529
    outer loop
      vertex -0.706749 53.5 33.4722
      vertex -0.785297 57.5 33.3253
      vertex -0.706749 57.5 33.4722
    endloop
  endfacet
  facet normal 0.881851 0 -0.471529
    outer loop
      vertex -0.785297 57.5 33.3253
      vertex -0.706749 53.5 33.4722
      vertex -0.785297 53.5 33.3253
    endloop
  endfacet
  facet normal 0.995183 0 -0.0980298
    outer loop
      vertex -0.833667 53.5 33.1658
      vertex -0.849999 57.5 33
      vertex -0.833667 57.5 33.1658
    endloop
  endfacet
  facet normal 0.995183 0 -0.0980298
    outer loop
      vertex -0.849999 57.5 33
      vertex -0.833667 53.5 33.1658
      vertex -0.849999 53.5 33
    endloop
  endfacet
  facet normal 0.772994 0 -0.634413
    outer loop
      vertex -0.60104 53.5 33.601
      vertex -0.706749 57.5 33.4722
      vertex -0.60104 57.5 33.601
    endloop
  endfacet
  facet normal 0.772994 0 -0.634413
    outer loop
      vertex -0.706749 57.5 33.4722
      vertex -0.60104 53.5 33.601
      vertex -0.706749 53.5 33.4722
    endloop
  endfacet
  facet normal -0.956963 0 0.290209
    outer loop
      vertex 0.785297 53.5 32.6747
      vertex 0.833667 57.5 32.8342
      vertex 0.785297 57.5 32.6747
    endloop
  endfacet
  facet normal -0.956963 0 0.290209
    outer loop
      vertex 0.833667 57.5 32.8342
      vertex 0.785297 53.5 32.6747
      vertex 0.833667 53.5 32.8342
    endloop
  endfacet
  facet normal -0.29045 0 0.95689
    outer loop
      vertex 0.165826 57.5 32.1663
      vertex 0.32528 53.5 32.2147
      vertex 0.32528 57.5 32.2147
    endloop
  endfacet
  facet normal -0.29045 0 0.95689
    outer loop
      vertex 0.32528 53.5 32.2147
      vertex 0.165826 57.5 32.1663
      vertex 0.165826 53.5 32.1663
    endloop
  endfacet
  facet normal 0.956963 -0 0.290209
    outer loop
      vertex -0.833667 53.5 32.8342
      vertex -0.785297 57.5 32.6747
      vertex -0.833667 57.5 32.8342
    endloop
  endfacet
  facet normal 0.956963 0 0.290209
    outer loop
      vertex -0.785297 57.5 32.6747
      vertex -0.833667 53.5 32.8342
      vertex -0.785297 53.5 32.6747
    endloop
  endfacet
  facet normal -0.634363 0 -0.773035
    outer loop
      vertex 0.472234 53.5 33.7067
      vertex 0.60104 57.5 33.601
      vertex 0.60104 53.5 33.601
    endloop
  endfacet
  facet normal -0.634363 0 -0.773035
    outer loop
      vertex 0.60104 57.5 33.601
      vertex 0.472234 53.5 33.7067
      vertex 0.472234 57.5 33.7067
    endloop
  endfacet
  facet normal 0.471637 0 -0.881793
    outer loop
      vertex -0.472234 53.5 33.7067
      vertex -0.32528 57.5 33.7853
      vertex -0.32528 53.5 33.7853
    endloop
  endfacet
  facet normal 0.471637 0 -0.881793
    outer loop
      vertex -0.32528 57.5 33.7853
      vertex -0.472234 53.5 33.7067
      vertex -0.472234 57.5 33.7067
    endloop
  endfacet
  facet normal 0.956963 0 -0.290209
    outer loop
      vertex -0.785297 53.5 33.3253
      vertex -0.833667 57.5 33.1658
      vertex -0.785297 57.5 33.3253
    endloop
  endfacet
  facet normal 0.956963 0 -0.290209
    outer loop
      vertex -0.833667 57.5 33.1658
      vertex -0.785297 53.5 33.3253
      vertex -0.833667 53.5 33.1658
    endloop
  endfacet
  facet normal -0.772994 0 -0.634413
    outer loop
      vertex 0.706749 53.5 33.4722
      vertex 0.60104 57.5 33.601
      vertex 0.706749 57.5 33.4722
    endloop
  endfacet
  facet normal -0.772994 -0 -0.634413
    outer loop
      vertex 0.60104 57.5 33.601
      vertex 0.706749 53.5 33.4722
      vertex 0.60104 53.5 33.601
    endloop
  endfacet
  facet normal 0 -1 0
    outer loop
      vertex 0 42.5 34
      vertex 0 42.5 40
      vertex -1.36563 42.5 39.8655
    endloop
  endfacet
  facet normal 0 -1 0
    outer loop
      vertex -0.19509 42.5 33.9808
      vertex -1.36563 42.5 39.8655
      vertex -2.67878 42.5 39.4672
    endloop
  endfacet
  facet normal 0 -1 0
    outer loop
      vertex 0 42.5 40
      vertex 0 42.5 34
      vertex 1.36563 42.5 39.8655
    endloop
  endfacet
  facet normal 0 -1 0
    outer loop
      vertex -0.382683 42.5 33.9239
      vertex -2.67878 42.5 39.4672
      vertex -3.88899 42.5 38.8203
    endloop
  endfacet
  facet normal 0 -1 0
    outer loop
      vertex 0.19509 42.5 33.9808
      vertex 1.36563 42.5 39.8655
      vertex 0 42.5 34
    endloop
  endfacet
  facet normal 0 -1 0
    outer loop
      vertex -0.55557 42.5 33.8315
      vertex -3.88899 42.5 38.8203
      vertex -4.94975 42.5 37.9497
    endloop
  endfacet
  facet normal 0 -1 -0
    outer loop
      vertex 1.36563 42.5 39.8655
      vertex 0.19509 42.5 33.9808
      vertex 2.67878 42.5 39.4672
    endloop
  endfacet
  facet normal 0 -1 0
    outer loop
      vertex -0.707107 42.5 33.7071
      vertex -4.94975 42.5 37.9497
      vertex -5.82029 42.5 36.889
    endloop
  endfacet
  facet normal 0 -1 0
    outer loop
      vertex 0.382683 42.5 33.9239
      vertex 2.67878 42.5 39.4672
      vertex 0.19509 42.5 33.9808
    endloop
  endfacet
  facet normal 0 -1 0
    outer loop
      vertex -0.83147 42.5 33.5556
      vertex -5.82029 42.5 36.889
      vertex -6.46716 42.5 35.6788
    endloop
  endfacet
  facet normal 0 -1 -0
    outer loop
      vertex 2.67878 42.5 39.4672
      vertex 0.382683 42.5 33.9239
      vertex 3.88899 42.5 38.8203
    endloop
  endfacet
  facet normal 0 -1 0
    outer loop
      vertex -0.923879 42.5 33.3827
      vertex -6.46716 42.5 35.6788
      vertex -6.8655 42.5 34.3656
    endloop
  endfacet
  facet normal 0 -1 0
    outer loop
      vertex 0.55557 42.5 33.8315
      vertex 3.88899 42.5 38.8203
      vertex 0.382683 42.5 33.9239
    endloop
  endfacet
  facet normal 0 -1 -0
    outer loop
      vertex 3.88899 42.5 38.8203
      vertex 0.55557 42.5 33.8315
      vertex 4.94975 42.5 37.9497
    endloop
  endfacet
  facet normal 0 -1 0
    outer loop
      vertex -1.36563 42.5 39.8655
      vertex -0.19509 42.5 33.9808
      vertex 0 42.5 34
    endloop
  endfacet
  facet normal 0 -1 0
    outer loop
      vertex -2.67878 42.5 39.4672
      vertex -0.382683 42.5 33.9239
      vertex -0.19509 42.5 33.9808
    endloop
  endfacet
  facet normal 0 -1 0
    outer loop
      vertex -3.88899 42.5 38.8203
      vertex -0.55557 42.5 33.8315
      vertex -0.382683 42.5 33.9239
    endloop
  endfacet
  facet normal 0 -1 0
    outer loop
      vertex -4.94975 42.5 37.9497
      vertex -0.707107 42.5 33.7071
      vertex -0.55557 42.5 33.8315
    endloop
  endfacet
  facet normal 0 -1 0
    outer loop
      vertex -5.82029 42.5 36.889
      vertex -0.83147 42.5 33.5556
      vertex -0.707107 42.5 33.7071
    endloop
  endfacet
  facet normal 0 -1 0
    outer loop
      vertex -6.46716 42.5 35.6788
      vertex -0.923879 42.5 33.3827
      vertex -0.83147 42.5 33.5556
    endloop
  endfacet
  facet normal 0 -1 0
    outer loop
      vertex -6.8655 42.5 34.3656
      vertex -0.980784 42.5 33.1951
      vertex -0.923879 42.5 33.3827
    endloop
  endfacet
  facet normal 0 -1 0
    outer loop
      vertex -7 42.5 33
      vertex -0.980784 42.5 33.1951
      vertex -6.8655 42.5 34.3656
    endloop
  endfacet
  facet normal 0 -1 0
    outer loop
      vertex -7 42.5 33
      vertex -1 42.5 33
      vertex -0.980784 42.5 33.1951
    endloop
  endfacet
  facet normal 0 -1 0
    outer loop
      vertex -7 42.5 33
      vertex -0.980784 42.5 32.8049
      vertex -1 42.5 33
    endloop
  endfacet
  facet normal 0 -1 0
    outer loop
      vertex -7 42.5 33
      vertex -0.923879 42.5 32.6173
      vertex -0.980784 42.5 32.8049
    endloop
  endfacet
  facet normal 0 -1 0
    outer loop
      vertex -7 42.5 33
      vertex -0.83147 42.5 32.4444
      vertex -0.923879 42.5 32.6173
    endloop
  endfacet
  facet normal 0 -1 0
    outer loop
      vertex -7 42.5 33
      vertex -0.707107 42.5 32.2929
      vertex -0.83147 42.5 32.4444
    endloop
  endfacet
  facet normal 0 -1 0
    outer loop
      vertex -7 42.5 33
      vertex -0.55557 42.5 32.1685
      vertex -0.707107 42.5 32.2929
    endloop
  endfacet
  facet normal 0 -1 0
    outer loop
      vertex -7 42.5 33
      vertex -0.382683 42.5 32.0761
      vertex -0.55557 42.5 32.1685
    endloop
  endfacet
  facet normal 0 -1 0
    outer loop
      vertex -7 42.5 3
      vertex -0.382683 42.5 32.0761
      vertex -7 42.5 33
    endloop
  endfacet
  facet normal 0 -1 -0
    outer loop
      vertex -0.19509 42.5 32.0192
      vertex -7 42.5 3
      vertex 0 42.5 32
    endloop
  endfacet
  facet normal 0 -1 -0
    outer loop
      vertex -0.382683 42.5 32.0761
      vertex -7 42.5 3
      vertex -0.19509 42.5 32.0192
    endloop
  endfacet
  facet normal 0 -1 0
    outer loop
      vertex 0.707107 42.5 33.7071
      vertex 4.94975 42.5 37.9497
      vertex 0.55557 42.5 33.8315
    endloop
  endfacet
  facet normal 0 -1 -0
    outer loop
      vertex 4.94975 42.5 37.9497
      vertex 0.707107 42.5 33.7071
      vertex 5.82029 42.5 36.889
    endloop
  endfacet
  facet normal 0 -1 0
    outer loop
      vertex 0.83147 42.5 33.5556
      vertex 5.82029 42.5 36.889
      vertex 0.707107 42.5 33.7071
    endloop
  endfacet
  facet normal 0 -1 -0
    outer loop
      vertex 5.82029 42.5 36.889
      vertex 0.83147 42.5 33.5556
      vertex 6.46716 42.5 35.6788
    endloop
  endfacet
  facet normal 0 -1 0
    outer loop
      vertex 0.923879 42.5 33.3827
      vertex 6.46716 42.5 35.6788
      vertex 0.83147 42.5 33.5556
    endloop
  endfacet
  facet normal 0 -1 -0
    outer loop
      vertex 6.46716 42.5 35.6788
      vertex 0.923879 42.5 33.3827
      vertex 6.8655 42.5 34.3656
    endloop
  endfacet
  facet normal 0 -1 0
    outer loop
      vertex 0.980784 42.5 33.1951
      vertex 6.8655 42.5 34.3656
      vertex 0.923879 42.5 33.3827
    endloop
  endfacet
  facet normal 0 -1 0
    outer loop
      vertex 1 42.5 33
      vertex 6.8655 42.5 34.3656
      vertex 0.980784 42.5 33.1951
    endloop
  endfacet
  facet normal 0 -1 0
    outer loop
      vertex 1 42.5 33
      vertex 7 42.5 33
      vertex 6.8655 42.5 34.3656
    endloop
  endfacet
  facet normal 0 -1 0
    outer loop
      vertex 0.980784 42.5 32.8049
      vertex 7 42.5 33
      vertex 1 42.5 33
    endloop
  endfacet
  facet normal 0 -1 0
    outer loop
      vertex 0.923879 42.5 32.6173
      vertex 7 42.5 33
      vertex 0.980784 42.5 32.8049
    endloop
  endfacet
  facet normal 0 -1 0
    outer loop
      vertex 0.83147 42.5 32.4444
      vertex 7 42.5 33
      vertex 0.923879 42.5 32.6173
    endloop
  endfacet
  facet normal 0 -1 0
    outer loop
      vertex 0.707107 42.5 32.2929
      vertex 7 42.5 33
      vertex 0.83147 42.5 32.4444
    endloop
  endfacet
  facet normal 0 -1 0
    outer loop
      vertex 0.55557 42.5 32.1685
      vertex 7 42.5 33
      vertex 0.707107 42.5 32.2929
    endloop
  endfacet
  facet normal 0 -1 0
    outer loop
      vertex 0.382683 42.5 32.0761
      vertex 7 42.5 33
      vertex 0.55557 42.5 32.1685
    endloop
  endfacet
  facet normal 0 -1 0
    outer loop
      vertex 7 42.5 3
      vertex 0.382683 42.5 32.0761
      vertex 0.19509 42.5 32.0192
    endloop
  endfacet
  facet normal 0 -1 0
    outer loop
      vertex 7 42.5 3
      vertex 0 42.5 32
      vertex -7 42.5 3
    endloop
  endfacet
  facet normal 0 -1 0
    outer loop
      vertex 0 42.5 32
      vertex 7 42.5 3
      vertex 0.19509 42.5 32.0192
    endloop
  endfacet
  facet normal 0 -1 0
    outer loop
      vertex 0.382683 42.5 32.0761
      vertex 7 42.5 3
      vertex 7 42.5 33
    endloop
  endfacet
  facet normal -1 0 0
    outer loop
      vertex -7 42.5 3
      vertex -7 46.5 33
      vertex -7 46.5 3
    endloop
  endfacet
  facet normal -1 -0 0
    outer loop
      vertex -7 46.5 33
      vertex -7 42.5 3
      vertex -7 42.5 33
    endloop
  endfacet
  facet normal 0 1 0
    outer loop
      vertex 0 46.5 34
      vertex 0 46.5 40
      vertex 1.36563 46.5 39.8655
    endloop
  endfacet
  facet normal 0 1 0
    outer loop
      vertex 0.19509 46.5 33.9808
      vertex 1.36563 46.5 39.8655
      vertex 2.67878 46.5 39.4672
    endloop
  endfacet
  facet normal 0 1 0
    outer loop
      vertex 0 46.5 40
      vertex 0 46.5 34
      vertex -1.36563 46.5 39.8655
    endloop
  endfacet
  facet normal 0 1 0
    outer loop
      vertex 0.382683 46.5 33.9239
      vertex 2.67878 46.5 39.4672
      vertex 3.88899 46.5 38.8203
    endloop
  endfacet
  facet normal 0 1 -0
    outer loop
      vertex -0.19509 46.5 33.9808
      vertex -1.36563 46.5 39.8655
      vertex 0 46.5 34
    endloop
  endfacet
  facet normal 0 1 0
    outer loop
      vertex 0.55557 46.5 33.8315
      vertex 3.88899 46.5 38.8203
      vertex 4.94975 46.5 37.9497
    endloop
  endfacet
  facet normal 0 1 0
    outer loop
      vertex -1.36563 46.5 39.8655
      vertex -0.19509 46.5 33.9808
      vertex -2.67878 46.5 39.4672
    endloop
  endfacet
  facet normal 0 1 0
    outer loop
      vertex 0.707107 46.5 33.7071
      vertex 4.94975 46.5 37.9497
      vertex 5.82029 46.5 36.889
    endloop
  endfacet
  facet normal 0 1 -0
    outer loop
      vertex -0.382683 46.5 33.9239
      vertex -2.67878 46.5 39.4672
      vertex -0.19509 46.5 33.9808
    endloop
  endfacet
  facet normal 0 1 0
    outer loop
      vertex 0.83147 46.5 33.5556
      vertex 5.82029 46.5 36.889
      vertex 6.46716 46.5 35.6788
    endloop
  endfacet
  facet normal 0 1 0
    outer loop
      vertex -2.67878 46.5 39.4672
      vertex -0.382683 46.5 33.9239
      vertex -3.88899 46.5 38.8203
    endloop
  endfacet
  facet normal 0 1 0
    outer loop
      vertex 0.923879 46.5 33.3827
      vertex 6.46716 46.5 35.6788
      vertex 6.8655 46.5 34.3656
    endloop
  endfacet
  facet normal 0 1 -0
    outer loop
      vertex -0.55557 46.5 33.8315
      vertex -3.88899 46.5 38.8203
      vertex -0.382683 46.5 33.9239
    endloop
  endfacet
  facet normal 0 1 0
    outer loop
      vertex -3.88899 46.5 38.8203
      vertex -0.55557 46.5 33.8315
      vertex -4.94975 46.5 37.9497
    endloop
  endfacet
  facet normal 0 1 0
    outer loop
      vertex 1.36563 46.5 39.8655
      vertex 0.19509 46.5 33.9808
      vertex 0 46.5 34
    endloop
  endfacet
  facet normal 0 1 0
    outer loop
      vertex 2.67878 46.5 39.4672
      vertex 0.382683 46.5 33.9239
      vertex 0.19509 46.5 33.9808
    endloop
  endfacet
  facet normal 0 1 0
    outer loop
      vertex 3.88899 46.5 38.8203
      vertex 0.55557 46.5 33.8315
      vertex 0.382683 46.5 33.9239
    endloop
  endfacet
  facet normal 0 1 0
    outer loop
      vertex 4.94975 46.5 37.9497
      vertex 0.707107 46.5 33.7071
      vertex 0.55557 46.5 33.8315
    endloop
  endfacet
  facet normal 0 1 0
    outer loop
      vertex 5.82029 46.5 36.889
      vertex 0.83147 46.5 33.5556
      vertex 0.707107 46.5 33.7071
    endloop
  endfacet
  facet normal 0 1 0
    outer loop
      vertex 6.46716 46.5 35.6788
      vertex 0.923879 46.5 33.3827
      vertex 0.83147 46.5 33.5556
    endloop
  endfacet
  facet normal 0 1 0
    outer loop
      vertex 6.8655 46.5 34.3656
      vertex 0.980784 46.5 33.1951
      vertex 0.923879 46.5 33.3827
    endloop
  endfacet
  facet normal 0 1 0
    outer loop
      vertex 7 46.5 33
      vertex 0.980784 46.5 33.1951
      vertex 6.8655 46.5 34.3656
    endloop
  endfacet
  facet normal 0 1 0
    outer loop
      vertex 7 46.5 33
      vertex 1 46.5 33
      vertex 0.980784 46.5 33.1951
    endloop
  endfacet
  facet normal 0 1 0
    outer loop
      vertex 7 46.5 33
      vertex 0.980784 46.5 32.8049
      vertex 1 46.5 33
    endloop
  endfacet
  facet normal 0 1 0
    outer loop
      vertex 7 46.5 33
      vertex 0.923879 46.5 32.6173
      vertex 0.980784 46.5 32.8049
    endloop
  endfacet
  facet normal 0 1 0
    outer loop
      vertex 7 46.5 33
      vertex 0.83147 46.5 32.4444
      vertex 0.923879 46.5 32.6173
    endloop
  endfacet
  facet normal 0 1 0
    outer loop
      vertex 7 46.5 33
      vertex 0.707107 46.5 32.2929
      vertex 0.83147 46.5 32.4444
    endloop
  endfacet
  facet normal 0 1 0
    outer loop
      vertex 7 46.5 33
      vertex 0.55557 46.5 32.1685
      vertex 0.707107 46.5 32.2929
    endloop
  endfacet
  facet normal 0 1 0
    outer loop
      vertex 7 46.5 33
      vertex 0.382683 46.5 32.0761
      vertex 0.55557 46.5 32.1685
    endloop
  endfacet
  facet normal 0 1 -0
    outer loop
      vertex 7 46.5 3
      vertex 0.382683 46.5 32.0761
      vertex 7 46.5 33
    endloop
  endfacet
  facet normal 0 1 0
    outer loop
      vertex 0.19509 46.5 32.0192
      vertex 7 46.5 3
      vertex 0 46.5 32
    endloop
  endfacet
  facet normal 0 1 0
    outer loop
      vertex 0.382683 46.5 32.0761
      vertex 7 46.5 3
      vertex 0.19509 46.5 32.0192
    endloop
  endfacet
  facet normal 0 1 -0
    outer loop
      vertex -0.707107 46.5 33.7071
      vertex -4.94975 46.5 37.9497
      vertex -0.55557 46.5 33.8315
    endloop
  endfacet
  facet normal 0 1 0
    outer loop
      vertex -4.94975 46.5 37.9497
      vertex -0.707107 46.5 33.7071
      vertex -5.82029 46.5 36.889
    endloop
  endfacet
  facet normal 0 1 -0
    outer loop
      vertex -0.83147 46.5 33.5556
      vertex -5.82029 46.5 36.889
      vertex -0.707107 46.5 33.7071
    endloop
  endfacet
  facet normal 0 1 0
    outer loop
      vertex -5.82029 46.5 36.889
      vertex -0.83147 46.5 33.5556
      vertex -6.46716 46.5 35.6788
    endloop
  endfacet
  facet normal 0 1 -0
    outer loop
      vertex -0.923879 46.5 33.3827
      vertex -6.46716 46.5 35.6788
      vertex -0.83147 46.5 33.5556
    endloop
  endfacet
  facet normal 0 1 0
    outer loop
      vertex -6.46716 46.5 35.6788
      vertex -0.923879 46.5 33.3827
      vertex -6.8655 46.5 34.3656
    endloop
  endfacet
  facet normal 0 1 -0
    outer loop
      vertex -0.980784 46.5 33.1951
      vertex -6.8655 46.5 34.3656
      vertex -0.923879 46.5 33.3827
    endloop
  endfacet
  facet normal 0 1 -0
    outer loop
      vertex -1 46.5 33
      vertex -6.8655 46.5 34.3656
      vertex -0.980784 46.5 33.1951
    endloop
  endfacet
  facet normal 0 1 0
    outer loop
      vertex -1 46.5 33
      vertex -7 46.5 33
      vertex -6.8655 46.5 34.3656
    endloop
  endfacet
  facet normal 0 1 0
    outer loop
      vertex -0.980784 46.5 32.8049
      vertex -7 46.5 33
      vertex -1 46.5 33
    endloop
  endfacet
  facet normal 0 1 0
    outer loop
      vertex -0.923879 46.5 32.6173
      vertex -7 46.5 33
      vertex -0.980784 46.5 32.8049
    endloop
  endfacet
  facet normal 0 1 0
    outer loop
      vertex -0.83147 46.5 32.4444
      vertex -7 46.5 33
      vertex -0.923879 46.5 32.6173
    endloop
  endfacet
  facet normal 0 1 0
    outer loop
      vertex -0.707107 46.5 32.2929
      vertex -7 46.5 33
      vertex -0.83147 46.5 32.4444
    endloop
  endfacet
  facet normal 0 1 0
    outer loop
      vertex -0.55557 46.5 32.1685
      vertex -7 46.5 33
      vertex -0.707107 46.5 32.2929
    endloop
  endfacet
  facet normal 0 1 0
    outer loop
      vertex -0.382683 46.5 32.0761
      vertex -7 46.5 33
      vertex -0.55557 46.5 32.1685
    endloop
  endfacet
  facet normal 0 1 0
    outer loop
      vertex -7 46.5 3
      vertex -0.382683 46.5 32.0761
      vertex -0.19509 46.5 32.0192
    endloop
  endfacet
  facet normal 0 1 0
    outer loop
      vertex -7 46.5 3
      vertex 0 46.5 32
      vertex 7 46.5 3
    endloop
  endfacet
  facet normal 0 1 0
    outer loop
      vertex 0 46.5 32
      vertex -7 46.5 3
      vertex -0.19509 46.5 32.0192
    endloop
  endfacet
  facet normal 0 1 0
    outer loop
      vertex -0.382683 46.5 32.0761
      vertex -7 46.5 3
      vertex -7 46.5 33
    endloop
  endfacet
  facet normal 1 -0 0
    outer loop
      vertex 7 42.5 33
      vertex 7 46.5 3
      vertex 7 46.5 33
    endloop
  endfacet
  facet normal 1 0 0
    outer loop
      vertex 7 46.5 3
      vertex 7 42.5 33
      vertex 7 42.5 3
    endloop
  endfacet
  facet normal 0.995185 -0 0.0980172
    outer loop
      vertex 6.8655 42.5 34.3656
      vertex 7 46.5 33
      vertex 6.8655 46.5 34.3656
    endloop
  endfacet
  facet normal 0.995185 0 0.0980172
    outer loop
      vertex 7 46.5 33
      vertex 6.8655 42.5 34.3656
      vertex 7 42.5 33
    endloop
  endfacet
  facet normal 0.0980151 0 0.995185
    outer loop
      vertex 0 46.5 40
      vertex 1.36563 42.5 39.8655
      vertex 1.36563 46.5 39.8655
    endloop
  endfacet
  facet normal 0.0980151 0 0.995185
    outer loop
      vertex 1.36563 42.5 39.8655
      vertex 0 46.5 40
      vertex 0 42.5 40
    endloop
  endfacet
  facet normal 0.772994 -0 0.634413
    outer loop
      vertex 4.94975 42.5 37.9497
      vertex 5.82029 46.5 36.889
      vertex 4.94975 46.5 37.9497
    endloop
  endfacet
  facet normal 0.772994 0 0.634413
    outer loop
      vertex 5.82029 46.5 36.889
      vertex 4.94975 42.5 37.9497
      vertex 5.82029 42.5 36.889
    endloop
  endfacet
  facet normal -0.0980151 0 0.995185
    outer loop
      vertex -1.36563 46.5 39.8655
      vertex 0 42.5 40
      vertex 0 46.5 40
    endloop
  endfacet
  facet normal -0.0980151 0 0.995185
    outer loop
      vertex 0 42.5 40
      vertex -1.36563 46.5 39.8655
      vertex -1.36563 42.5 39.8655
    endloop
  endfacet
  facet normal -0.995185 0 0.0980172
    outer loop
      vertex -7 42.5 33
      vertex -6.8655 46.5 34.3656
      vertex -7 46.5 33
    endloop
  endfacet
  facet normal -0.995185 0 0.0980172
    outer loop
      vertex -6.8655 46.5 34.3656
      vertex -7 42.5 33
      vertex -6.8655 42.5 34.3656
    endloop
  endfacet
  facet normal 0.290258 0 0.956948
    outer loop
      vertex 1.36563 46.5 39.8655
      vertex 2.67878 42.5 39.4672
      vertex 2.67878 46.5 39.4672
    endloop
  endfacet
  facet normal 0.290258 0 0.956948
    outer loop
      vertex 2.67878 42.5 39.4672
      vertex 1.36563 46.5 39.8655
      vertex 1.36563 42.5 39.8655
    endloop
  endfacet
  facet normal 0.634418 0 0.77299
    outer loop
      vertex 3.88899 46.5 38.8203
      vertex 4.94975 42.5 37.9497
      vertex 4.94975 46.5 37.9497
    endloop
  endfacet
  facet normal 0.634418 0 0.77299
    outer loop
      vertex 4.94975 42.5 37.9497
      vertex 3.88899 46.5 38.8203
      vertex 3.88899 42.5 38.8203
    endloop
  endfacet
  facet normal 0.88192 -0 0.471399
    outer loop
      vertex 5.82029 42.5 36.889
      vertex 6.46716 46.5 35.6788
      vertex 5.82029 46.5 36.889
    endloop
  endfacet
  facet normal 0.88192 0 0.471399
    outer loop
      vertex 6.46716 46.5 35.6788
      vertex 5.82029 42.5 36.889
      vertex 6.46716 42.5 35.6788
    endloop
  endfacet
  facet normal -0.634418 0 0.77299
    outer loop
      vertex -4.94975 46.5 37.9497
      vertex -3.88899 42.5 38.8203
      vertex -3.88899 46.5 38.8203
    endloop
  endfacet
  facet normal -0.634418 0 0.77299
    outer loop
      vertex -3.88899 42.5 38.8203
      vertex -4.94975 46.5 37.9497
      vertex -4.94975 42.5 37.9497
    endloop
  endfacet
  facet normal -0.772994 0 0.634413
    outer loop
      vertex -5.82029 42.5 36.889
      vertex -4.94975 46.5 37.9497
      vertex -5.82029 46.5 36.889
    endloop
  endfacet
  facet normal -0.772994 0 0.634413
    outer loop
      vertex -4.94975 46.5 37.9497
      vertex -5.82029 42.5 36.889
      vertex -4.94975 42.5 37.9497
    endloop
  endfacet
  facet normal -0.956943 0 0.290275
    outer loop
      vertex -6.8655 42.5 34.3656
      vertex -6.46716 46.5 35.6788
      vertex -6.8655 46.5 34.3656
    endloop
  endfacet
  facet normal -0.956943 0 0.290275
    outer loop
      vertex -6.46716 46.5 35.6788
      vertex -6.8655 42.5 34.3656
      vertex -6.46716 42.5 35.6788
    endloop
  endfacet
  facet normal 0.471413 0 0.881912
    outer loop
      vertex 2.67878 46.5 39.4672
      vertex 3.88899 42.5 38.8203
      vertex 3.88899 46.5 38.8203
    endloop
  endfacet
  facet normal 0.471413 0 0.881912
    outer loop
      vertex 3.88899 42.5 38.8203
      vertex 2.67878 46.5 39.4672
      vertex 2.67878 42.5 39.4672
    endloop
  endfacet
  facet normal 0.956943 -0 0.290275
    outer loop
      vertex 6.46716 42.5 35.6788
      vertex 6.8655 46.5 34.3656
      vertex 6.46716 46.5 35.6788
    endloop
  endfacet
  facet normal 0.956943 0 0.290275
    outer loop
      vertex 6.8655 46.5 34.3656
      vertex 6.46716 42.5 35.6788
      vertex 6.8655 42.5 34.3656
    endloop
  endfacet
  facet normal -0.88192 0 0.471399
    outer loop
      vertex -6.46716 42.5 35.6788
      vertex -5.82029 46.5 36.889
      vertex -6.46716 46.5 35.6788
    endloop
  endfacet
  facet normal -0.88192 0 0.471399
    outer loop
      vertex -5.82029 46.5 36.889
      vertex -6.46716 42.5 35.6788
      vertex -5.82029 42.5 36.889
    endloop
  endfacet
  facet normal -0.290258 0 0.956948
    outer loop
      vertex -2.67878 46.5 39.4672
      vertex -1.36563 42.5 39.8655
      vertex -1.36563 46.5 39.8655
    endloop
  endfacet
  facet normal -0.290258 0 0.956948
    outer loop
      vertex -1.36563 42.5 39.8655
      vertex -2.67878 46.5 39.4672
      vertex -2.67878 42.5 39.4672
    endloop
  endfacet
  facet normal -0.471413 0 0.881912
    outer loop
      vertex -3.88899 46.5 38.8203
      vertex -2.67878 42.5 39.4672
      vertex -2.67878 46.5 39.4672
    endloop
  endfacet
  facet normal -0.471413 0 0.881912
    outer loop
      vertex -2.67878 42.5 39.4672
      vertex -3.88899 46.5 38.8203
      vertex -3.88899 42.5 38.8203
    endloop
  endfacet
  facet normal -0.471357 0 0.881943
    outer loop
      vertex 0.382683 46.5 32.0761
      vertex 0.55557 42.5 32.1685
      vertex 0.55557 46.5 32.1685
    endloop
  endfacet
  facet normal -0.471357 0 0.881943
    outer loop
      vertex 0.55557 42.5 32.1685
      vertex 0.382683 46.5 32.0761
      vertex 0.382683 42.5 32.0761
    endloop
  endfacet
  facet normal -0.995185 0 -0.0980188
    outer loop
      vertex 1 42.5 33
      vertex 0.980784 46.5 33.1951
      vertex 1 46.5 33
    endloop
  endfacet
  facet normal -0.995185 -0 -0.0980188
    outer loop
      vertex 0.980784 46.5 33.1951
      vertex 1 42.5 33
      vertex 0.980784 42.5 33.1951
    endloop
  endfacet
  facet normal 0.290258 0 -0.956948
    outer loop
      vertex -0.382683 42.5 33.9239
      vertex -0.19509 46.5 33.9808
      vertex -0.19509 42.5 33.9808
    endloop
  endfacet
  facet normal 0.290258 0 -0.956948
    outer loop
      vertex -0.19509 46.5 33.9808
      vertex -0.382683 42.5 33.9239
      vertex -0.382683 46.5 33.9239
    endloop
  endfacet
  facet normal 0.471357 0 0.881943
    outer loop
      vertex -0.55557 46.5 32.1685
      vertex -0.382683 42.5 32.0761
      vertex -0.382683 46.5 32.0761
    endloop
  endfacet
  facet normal 0.471357 0 0.881943
    outer loop
      vertex -0.382683 42.5 32.0761
      vertex -0.55557 46.5 32.1685
      vertex -0.55557 42.5 32.1685
    endloop
  endfacet
  facet normal 0.881938 -0 0.471365
    outer loop
      vertex -0.923879 42.5 32.6173
      vertex -0.83147 46.5 32.4444
      vertex -0.923879 46.5 32.6173
    endloop
  endfacet
  facet normal 0.881938 0 0.471365
    outer loop
      vertex -0.83147 46.5 32.4444
      vertex -0.923879 42.5 32.6173
      vertex -0.83147 42.5 32.4444
    endloop
  endfacet
  facet normal 0.634505 0 0.772918
    outer loop
      vertex -0.707107 46.5 32.2929
      vertex -0.55557 42.5 32.1685
      vertex -0.55557 46.5 32.1685
    endloop
  endfacet
  facet normal 0.634505 0 0.772918
    outer loop
      vertex -0.55557 42.5 32.1685
      vertex -0.707107 46.5 32.2929
      vertex -0.707107 42.5 32.2929
    endloop
  endfacet
  facet normal -0.881938 0 0.471365
    outer loop
      vertex 0.83147 42.5 32.4444
      vertex 0.923879 46.5 32.6173
      vertex 0.83147 46.5 32.4444
    endloop
  endfacet
  facet normal -0.881938 0 0.471365
    outer loop
      vertex 0.923879 46.5 32.6173
      vertex 0.83147 42.5 32.4444
      vertex 0.923879 42.5 32.6173
    endloop
  endfacet
  facet normal -0.772935 0 0.634485
    outer loop
      vertex 0.707107 42.5 32.2929
      vertex 0.83147 46.5 32.4444
      vertex 0.707107 46.5 32.2929
    endloop
  endfacet
  facet normal -0.772935 0 0.634485
    outer loop
      vertex 0.83147 46.5 32.4444
      vertex 0.707107 42.5 32.2929
      vertex 0.83147 42.5 32.4444
    endloop
  endfacet
  facet normal -0.634505 0 0.772918
    outer loop
      vertex 0.55557 46.5 32.1685
      vertex 0.707107 42.5 32.2929
      vertex 0.707107 46.5 32.2929
    endloop
  endfacet
  facet normal -0.634505 0 0.772918
    outer loop
      vertex 0.707107 42.5 32.2929
      vertex 0.55557 46.5 32.1685
      vertex 0.55557 42.5 32.1685
    endloop
  endfacet
  facet normal -0.290258 0 0.956948
    outer loop
      vertex 0.19509 46.5 32.0192
      vertex 0.382683 42.5 32.0761
      vertex 0.382683 46.5 32.0761
    endloop
  endfacet
  facet normal -0.290258 0 0.956948
    outer loop
      vertex 0.382683 42.5 32.0761
      vertex 0.19509 46.5 32.0192
      vertex 0.19509 42.5 32.0192
    endloop
  endfacet
  facet normal 0.0979429 0 0.995192
    outer loop
      vertex -0.19509 46.5 32.0192
      vertex 0 42.5 32
      vertex 0 46.5 32
    endloop
  endfacet
  facet normal 0.0979429 0 0.995192
    outer loop
      vertex 0 42.5 32
      vertex -0.19509 46.5 32.0192
      vertex -0.19509 42.5 32.0192
    endloop
  endfacet
  facet normal 0.995185 -0 0.0980188
    outer loop
      vertex -1 42.5 33
      vertex -0.980784 46.5 32.8049
      vertex -1 46.5 33
    endloop
  endfacet
  facet normal 0.995185 0 0.0980188
    outer loop
      vertex -0.980784 46.5 32.8049
      vertex -1 42.5 33
      vertex -0.980784 42.5 32.8049
    endloop
  endfacet
  facet normal 0.772935 -0 0.634485
    outer loop
      vertex -0.83147 42.5 32.4444
      vertex -0.707107 46.5 32.2929
      vertex -0.83147 46.5 32.4444
    endloop
  endfacet
  facet normal 0.772935 0 0.634485
    outer loop
      vertex -0.707107 46.5 32.2929
      vertex -0.83147 42.5 32.4444
      vertex -0.707107 42.5 32.2929
    endloop
  endfacet
  facet normal 0.290258 0 0.956948
    outer loop
      vertex -0.382683 46.5 32.0761
      vertex -0.19509 42.5 32.0192
      vertex -0.19509 46.5 32.0192
    endloop
  endfacet
  facet normal 0.290258 0 0.956948
    outer loop
      vertex -0.19509 42.5 32.0192
      vertex -0.382683 46.5 32.0761
      vertex -0.382683 42.5 32.0761
    endloop
  endfacet
  facet normal -0.995185 0 0.0980188
    outer loop
      vertex 0.980784 42.5 32.8049
      vertex 1 46.5 33
      vertex 0.980784 46.5 32.8049
    endloop
  endfacet
  facet normal -0.995185 0 0.0980188
    outer loop
      vertex 1 46.5 33
      vertex 0.980784 42.5 32.8049
      vertex 1 42.5 33
    endloop
  endfacet
  facet normal -0.0979429 0 -0.995192
    outer loop
      vertex 0 42.5 34
      vertex 0.19509 46.5 33.9808
      vertex 0.19509 42.5 33.9808
    endloop
  endfacet
  facet normal -0.0979429 0 -0.995192
    outer loop
      vertex 0.19509 46.5 33.9808
      vertex 0 42.5 34
      vertex 0 46.5 34
    endloop
  endfacet
  facet normal -0.956944 0 -0.290271
    outer loop
      vertex 0.980784 42.5 33.1951
      vertex 0.923879 46.5 33.3827
      vertex 0.980784 46.5 33.1951
    endloop
  endfacet
  facet normal -0.956944 -0 -0.290271
    outer loop
      vertex 0.923879 46.5 33.3827
      vertex 0.980784 42.5 33.1951
      vertex 0.923879 42.5 33.3827
    endloop
  endfacet
  facet normal -0.290258 0 -0.956948
    outer loop
      vertex 0.19509 42.5 33.9808
      vertex 0.382683 46.5 33.9239
      vertex 0.382683 42.5 33.9239
    endloop
  endfacet
  facet normal -0.290258 0 -0.956948
    outer loop
      vertex 0.382683 46.5 33.9239
      vertex 0.19509 42.5 33.9808
      vertex 0.19509 46.5 33.9808
    endloop
  endfacet
  facet normal -0.471357 0 -0.881943
    outer loop
      vertex 0.382683 42.5 33.9239
      vertex 0.55557 46.5 33.8315
      vertex 0.55557 42.5 33.8315
    endloop
  endfacet
  facet normal -0.471357 0 -0.881943
    outer loop
      vertex 0.55557 46.5 33.8315
      vertex 0.382683 42.5 33.9239
      vertex 0.382683 46.5 33.9239
    endloop
  endfacet
  facet normal 0.0979429 0 -0.995192
    outer loop
      vertex -0.19509 42.5 33.9808
      vertex 0 46.5 34
      vertex 0 42.5 34
    endloop
  endfacet
  facet normal 0.0979429 0 -0.995192
    outer loop
      vertex 0 46.5 34
      vertex -0.19509 42.5 33.9808
      vertex -0.19509 46.5 33.9808
    endloop
  endfacet
  facet normal 0.634505 0 -0.772918
    outer loop
      vertex -0.707107 42.5 33.7071
      vertex -0.55557 46.5 33.8315
      vertex -0.55557 42.5 33.8315
    endloop
  endfacet
  facet normal 0.634505 0 -0.772918
    outer loop
      vertex -0.55557 46.5 33.8315
      vertex -0.707107 42.5 33.7071
      vertex -0.707107 46.5 33.7071
    endloop
  endfacet
  facet normal 0.881938 0 -0.471365
    outer loop
      vertex -0.83147 42.5 33.5556
      vertex -0.923879 46.5 33.3827
      vertex -0.83147 46.5 33.5556
    endloop
  endfacet
  facet normal 0.881938 0 -0.471365
    outer loop
      vertex -0.923879 46.5 33.3827
      vertex -0.83147 42.5 33.5556
      vertex -0.923879 42.5 33.3827
    endloop
  endfacet
  facet normal 0.995185 0 -0.0980188
    outer loop
      vertex -0.980784 42.5 33.1951
      vertex -1 46.5 33
      vertex -0.980784 46.5 33.1951
    endloop
  endfacet
  facet normal 0.995185 0 -0.0980188
    outer loop
      vertex -1 46.5 33
      vertex -0.980784 42.5 33.1951
      vertex -1 42.5 33
    endloop
  endfacet
  facet normal 0.772935 0 -0.634485
    outer loop
      vertex -0.707107 42.5 33.7071
      vertex -0.83147 46.5 33.5556
      vertex -0.707107 46.5 33.7071
    endloop
  endfacet
  facet normal 0.772935 0 -0.634485
    outer loop
      vertex -0.83147 46.5 33.5556
      vertex -0.707107 42.5 33.7071
      vertex -0.83147 42.5 33.5556
    endloop
  endfacet
  facet normal -0.956944 0 0.290271
    outer loop
      vertex 0.923879 42.5 32.6173
      vertex 0.980784 46.5 32.8049
      vertex 0.923879 46.5 32.6173
    endloop
  endfacet
  facet normal -0.956944 0 0.290271
    outer loop
      vertex 0.980784 46.5 32.8049
      vertex 0.923879 42.5 32.6173
      vertex 0.980784 42.5 32.8049
    endloop
  endfacet
  facet normal -0.0979429 0 0.995192
    outer loop
      vertex 0 46.5 32
      vertex 0.19509 42.5 32.0192
      vertex 0.19509 46.5 32.0192
    endloop
  endfacet
  facet normal -0.0979429 0 0.995192
    outer loop
      vertex 0.19509 42.5 32.0192
      vertex 0 46.5 32
      vertex 0 42.5 32
    endloop
  endfacet
  facet normal 0.956944 -0 0.290271
    outer loop
      vertex -0.980784 42.5 32.8049
      vertex -0.923879 46.5 32.6173
      vertex -0.980784 46.5 32.8049
    endloop
  endfacet
  facet normal 0.956944 0 0.290271
    outer loop
      vertex -0.923879 46.5 32.6173
      vertex -0.980784 42.5 32.8049
      vertex -0.923879 42.5 32.6173
    endloop
  endfacet
  facet normal -0.772935 0 -0.634485
    outer loop
      vertex 0.83147 42.5 33.5556
      vertex 0.707107 46.5 33.7071
      vertex 0.83147 46.5 33.5556
    endloop
  endfacet
  facet normal -0.772935 -0 -0.634485
    outer loop
      vertex 0.707107 46.5 33.7071
      vertex 0.83147 42.5 33.5556
      vertex 0.707107 42.5 33.7071
    endloop
  endfacet
  facet normal -0.881938 0 -0.471365
    outer loop
      vertex 0.923879 42.5 33.3827
      vertex 0.83147 46.5 33.5556
      vertex 0.923879 46.5 33.3827
    endloop
  endfacet
  facet normal -0.881938 -0 -0.471365
    outer loop
      vertex 0.83147 46.5 33.5556
      vertex 0.923879 42.5 33.3827
      vertex 0.83147 42.5 33.5556
    endloop
  endfacet
  facet normal -0.634505 0 -0.772918
    outer loop
      vertex 0.55557 42.5 33.8315
      vertex 0.707107 46.5 33.7071
      vertex 0.707107 42.5 33.7071
    endloop
  endfacet
  facet normal -0.634505 0 -0.772918
    outer loop
      vertex 0.707107 46.5 33.7071
      vertex 0.55557 42.5 33.8315
      vertex 0.55557 46.5 33.8315
    endloop
  endfacet
  facet normal 0.471357 0 -0.881943
    outer loop
      vertex -0.55557 42.5 33.8315
      vertex -0.382683 46.5 33.9239
      vertex -0.382683 42.5 33.9239
    endloop
  endfacet
  facet normal 0.471357 0 -0.881943
    outer loop
      vertex -0.382683 46.5 33.9239
      vertex -0.55557 42.5 33.8315
      vertex -0.55557 46.5 33.8315
    endloop
  endfacet
  facet normal 0.956944 0 -0.290271
    outer loop
      vertex -0.923879 42.5 33.3827
      vertex -0.980784 46.5 33.1951
      vertex -0.923879 46.5 33.3827
    endloop
  endfacet
  facet normal 0.956944 0 -0.290271
    outer loop
      vertex -0.980784 46.5 33.1951
      vertex -0.923879 42.5 33.3827
      vertex -0.980784 42.5 33.1951
    endloop
  endfacet
  facet normal -1 0 0
    outer loop
      vertex 50 47 0
      vertex 50 53 33.5
      vertex 50 53 0
    endloop
  endfacet
  facet normal -1 -0 0
    outer loop
      vertex 50 53 33.5
      vertex 50 47 0
      vertex 50 47 33.5
    endloop
  endfacet
  facet normal 1 -0 0
    outer loop
      vertex 60 47 33.5
      vertex 60 53 0
      vertex 60 53 33.5
    endloop
  endfacet
  facet normal 1 0 0
    outer loop
      vertex 60 53 0
      vertex 60 47 33.5
      vertex 60 47 0
    endloop
  endfacet
  facet normal 0 1 0
    outer loop
      vertex 60 53 33.5
      vertex 59.4135 53 32.6221
      vertex 59.5 53 33.5
    endloop
  endfacet
  facet normal 0 1 0
    outer loop
      vertex 60 53 33.5
      vertex 59.1575 53 31.7779
      vertex 59.4135 53 32.6221
    endloop
  endfacet
  facet normal 0 1 0
    outer loop
      vertex 55.8779 53 29.0865
      vertex 60 53 0
      vertex 55 53 29
    endloop
  endfacet
  facet normal 0 1 0
    outer loop
      vertex 56.7221 53 29.3425
      vertex 60 53 0
      vertex 55.8779 53 29.0865
    endloop
  endfacet
  facet normal 0 1 0
    outer loop
      vertex 57.5001 53 29.7584
      vertex 60 53 0
      vertex 56.7221 53 29.3425
    endloop
  endfacet
  facet normal 0 1 0
    outer loop
      vertex 58.182 53 30.318
      vertex 60 53 0
      vertex 57.5001 53 29.7584
    endloop
  endfacet
  facet normal 0 1 0
    outer loop
      vertex 58.7416 53 30.9999
      vertex 60 53 0
      vertex 58.182 53 30.318
    endloop
  endfacet
  facet normal 0 1 0
    outer loop
      vertex 59.1575 53 31.7779
      vertex 60 53 0
      vertex 58.7416 53 30.9999
    endloop
  endfacet
  facet normal 0 1 -0
    outer loop
      vertex 60 53 0
      vertex 59.1575 53 31.7779
      vertex 60 53 33.5
    endloop
  endfacet
  facet normal 0 1 0
    outer loop
      vertex 50.5865 53 32.6221
      vertex 50 53 33.5
      vertex 50.5 53 33.5
    endloop
  endfacet
  facet normal 0 1 0
    outer loop
      vertex 50.8425 53 31.7779
      vertex 50 53 33.5
      vertex 50.5865 53 32.6221
    endloop
  endfacet
  facet normal 0 1 0
    outer loop
      vertex 50 53 0
      vertex 55 53 29
      vertex 60 53 0
    endloop
  endfacet
  facet normal 0 1 0
    outer loop
      vertex 55 53 29
      vertex 50 53 0
      vertex 54.1221 53 29.0865
    endloop
  endfacet
  facet normal 0 1 0
    outer loop
      vertex 54.1221 53 29.0865
      vertex 50 53 0
      vertex 53.2779 53 29.3425
    endloop
  endfacet
  facet normal 0 1 0
    outer loop
      vertex 53.2779 53 29.3425
      vertex 50 53 0
      vertex 52.4999 53 29.7584
    endloop
  endfacet
  facet normal 0 1 0
    outer loop
      vertex 52.4999 53 29.7584
      vertex 50 53 0
      vertex 51.818 53 30.318
    endloop
  endfacet
  facet normal 0 1 0
    outer loop
      vertex 51.818 53 30.318
      vertex 50 53 0
      vertex 51.2584 53 30.9999
    endloop
  endfacet
  facet normal 0 1 0
    outer loop
      vertex 51.2584 53 30.9999
      vertex 50 53 0
      vertex 50.8425 53 31.7779
    endloop
  endfacet
  facet normal 0 1 0
    outer loop
      vertex 50.8425 53 31.7779
      vertex 50 53 0
      vertex 50 53 33.5
    endloop
  endfacet
  facet normal 0 0 -1
    outer loop
      vertex 50 47 0
      vertex 60 53 0
      vertex 60 47 0
    endloop
  endfacet
  facet normal -0 0 -1
    outer loop
      vertex 60 53 0
      vertex 50 47 0
      vertex 50 53 0
    endloop
  endfacet
  facet normal 0 -1 0
    outer loop
      vertex 50 47 33.5
      vertex 50.5865 47 32.6221
      vertex 50.5 47 33.5
    endloop
  endfacet
  facet normal 0 -1 0
    outer loop
      vertex 50 47 33.5
      vertex 50.8425 47 31.7779
      vertex 50.5865 47 32.6221
    endloop
  endfacet
  facet normal 0 -1 -0
    outer loop
      vertex 54.1221 47 29.0865
      vertex 50 47 0
      vertex 55 47 29
    endloop
  endfacet
  facet normal 0 -1 -0
    outer loop
      vertex 53.2779 47 29.3425
      vertex 50 47 0
      vertex 54.1221 47 29.0865
    endloop
  endfacet
  facet normal 0 -1 -0
    outer loop
      vertex 52.4999 47 29.7584
      vertex 50 47 0
      vertex 53.2779 47 29.3425
    endloop
  endfacet
  facet normal 0 -1 -0
    outer loop
      vertex 51.818 47 30.318
      vertex 50 47 0
      vertex 52.4999 47 29.7584
    endloop
  endfacet
  facet normal 0 -1 -0
    outer loop
      vertex 51.2584 47 30.9999
      vertex 50 47 0
      vertex 51.818 47 30.318
    endloop
  endfacet
  facet normal 0 -1 -0
    outer loop
      vertex 50.8425 47 31.7779
      vertex 50 47 0
      vertex 51.2584 47 30.9999
    endloop
  endfacet
  facet normal 0 -1 0
    outer loop
      vertex 50 47 0
      vertex 50.8425 47 31.7779
      vertex 50 47 33.5
    endloop
  endfacet
  facet normal 0 -1 0
    outer loop
      vertex 59.4135 47 32.6221
      vertex 60 47 33.5
      vertex 59.5 47 33.5
    endloop
  endfacet
  facet normal 0 -1 0
    outer loop
      vertex 59.1575 47 31.7779
      vertex 60 47 33.5
      vertex 59.4135 47 32.6221
    endloop
  endfacet
  facet normal 0 -1 0
    outer loop
      vertex 60 47 0
      vertex 55 47 29
      vertex 50 47 0
    endloop
  endfacet
  facet normal 0 -1 0
    outer loop
      vertex 55 47 29
      vertex 60 47 0
      vertex 55.8779 47 29.0865
    endloop
  endfacet
  facet normal 0 -1 0
    outer loop
      vertex 55.8779 47 29.0865
      vertex 60 47 0
      vertex 56.7221 47 29.3425
    endloop
  endfacet
  facet normal 0 -1 0
    outer loop
      vertex 56.7221 47 29.3425
      vertex 60 47 0
      vertex 57.5001 47 29.7584
    endloop
  endfacet
  facet normal 0 -1 0
    outer loop
      vertex 57.5001 47 29.7584
      vertex 60 47 0
      vertex 58.182 47 30.318
    endloop
  endfacet
  facet normal 0 -1 0
    outer loop
      vertex 58.182 47 30.318
      vertex 60 47 0
      vertex 58.7416 47 30.9999
    endloop
  endfacet
  facet normal 0 -1 0
    outer loop
      vertex 58.7416 47 30.9999
      vertex 60 47 0
      vertex 59.1575 47 31.7779
    endloop
  endfacet
  facet normal 0 -1 0
    outer loop
      vertex 59.1575 47 31.7779
      vertex 60 47 0
      vertex 60 47 33.5
    endloop
  endfacet
  facet normal -0 0 1
    outer loop
      vertex 59.5 53 33.5
      vertex 60 47 33.5
      vertex 60 53 33.5
    endloop
  endfacet
  facet normal 0 0 1
    outer loop
      vertex 60 47 33.5
      vertex 59.5 53 33.5
      vertex 59.5 47 33.5
    endloop
  endfacet
  facet normal -0 0 1
    outer loop
      vertex 50 53 33.5
      vertex 50.5 47 33.5
      vertex 50.5 53 33.5
    endloop
  endfacet
  facet normal 0 0 1
    outer loop
      vertex 50.5 47 33.5
      vertex 50 53 33.5
      vertex 50 47 33.5
    endloop
  endfacet
  facet normal -0.995181 0 0.0980558
    outer loop
      vertex 59.4135 47 32.6221
      vertex 59.5 53 33.5
      vertex 59.4135 53 32.6221
    endloop
  endfacet
  facet normal -0.995181 0 0.0980558
    outer loop
      vertex 59.5 53 33.5
      vertex 59.4135 47 32.6221
      vertex 59.5 47 33.5
    endloop
  endfacet
  facet normal 0.995181 -0 0.0980558
    outer loop
      vertex 50.5 47 33.5
      vertex 50.5865 53 32.6221
      vertex 50.5 53 33.5
    endloop
  endfacet
  facet normal 0.995181 0 0.0980558
    outer loop
      vertex 50.5865 53 32.6221
      vertex 50.5 47 33.5
      vertex 50.5865 47 32.6221
    endloop
  endfacet
  facet normal 0.0980558 0 0.995181
    outer loop
      vertex 54.1221 53 29.0865
      vertex 55 47 29
      vertex 55 53 29
    endloop
  endfacet
  facet normal 0.0980558 0 0.995181
    outer loop
      vertex 55 47 29
      vertex 54.1221 53 29.0865
      vertex 54.1221 47 29.0865
    endloop
  endfacet
  facet normal -0.634379 0 0.773022
    outer loop
      vertex 57.5001 53 29.7584
      vertex 58.182 47 30.318
      vertex 58.182 53 30.318
    endloop
  endfacet
  facet normal -0.634379 0 0.773022
    outer loop
      vertex 58.182 47 30.318
      vertex 57.5001 53 29.7584
      vertex 57.5001 47 29.7584
    endloop
  endfacet
  facet normal 0.634379 0 0.773022
    outer loop
      vertex 51.818 53 30.318
      vertex 52.4999 47 29.7584
      vertex 52.4999 53 29.7584
    endloop
  endfacet
  facet normal 0.634379 0 0.773022
    outer loop
      vertex 52.4999 47 29.7584
      vertex 51.818 53 30.318
      vertex 51.818 47 30.318
    endloop
  endfacet
  facet normal 0.290196 0 0.956967
    outer loop
      vertex 53.2779 53 29.3425
      vertex 54.1221 47 29.0865
      vertex 54.1221 53 29.0865
    endloop
  endfacet
  facet normal 0.290196 0 0.956967
    outer loop
      vertex 54.1221 47 29.0865
      vertex 53.2779 53 29.3425
      vertex 53.2779 47 29.3425
    endloop
  endfacet
  facet normal -0.881898 0 0.471441
    outer loop
      vertex 58.7416 47 30.9999
      vertex 59.1575 53 31.7779
      vertex 58.7416 53 30.9999
    endloop
  endfacet
  facet normal -0.881898 0 0.471441
    outer loop
      vertex 59.1575 53 31.7779
      vertex 58.7416 47 30.9999
      vertex 59.1575 47 31.7779
    endloop
  endfacet
  facet normal -0.956967 0 0.290196
    outer loop
      vertex 59.1575 47 31.7779
      vertex 59.4135 53 32.6221
      vertex 59.1575 53 31.7779
    endloop
  endfacet
  facet normal -0.956967 0 0.290196
    outer loop
      vertex 59.4135 53 32.6221
      vertex 59.1575 47 31.7779
      vertex 59.4135 47 32.6221
    endloop
  endfacet
  facet normal -0.773022 0 0.634379
    outer loop
      vertex 58.182 47 30.318
      vertex 58.7416 53 30.9999
      vertex 58.182 53 30.318
    endloop
  endfacet
  facet normal -0.773022 0 0.634379
    outer loop
      vertex 58.7416 53 30.9999
      vertex 58.182 47 30.318
      vertex 58.7416 47 30.9999
    endloop
  endfacet
  facet normal -0.290196 0 0.956967
    outer loop
      vertex 55.8779 53 29.0865
      vertex 56.7221 47 29.3425
      vertex 56.7221 53 29.3425
    endloop
  endfacet
  facet normal -0.290196 0 0.956967
    outer loop
      vertex 56.7221 47 29.3425
      vertex 55.8779 53 29.0865
      vertex 55.8779 47 29.0865
    endloop
  endfacet
  facet normal -0.0980558 0 0.995181
    outer loop
      vertex 55 53 29
      vertex 55.8779 47 29.0865
      vertex 55.8779 53 29.0865
    endloop
  endfacet
  facet normal -0.0980558 0 0.995181
    outer loop
      vertex 55.8779 47 29.0865
      vertex 55 53 29
      vertex 55 47 29
    endloop
  endfacet
  facet normal -0.471441 0 0.881898
    outer loop
      vertex 56.7221 53 29.3425
      vertex 57.5001 47 29.7584
      vertex 57.5001 53 29.7584
    endloop
  endfacet
  facet normal -0.471441 0 0.881898
    outer loop
      vertex 57.5001 47 29.7584
      vertex 56.7221 53 29.3425
      vertex 56.7221 47 29.3425
    endloop
  endfacet
  facet normal 0.881898 -0 0.471441
    outer loop
      vertex 50.8425 47 31.7779
      vertex 51.2584 53 30.9999
      vertex 50.8425 53 31.7779
    endloop
  endfacet
  facet normal 0.881898 0 0.471441
    outer loop
      vertex 51.2584 53 30.9999
      vertex 50.8425 47 31.7779
      vertex 51.2584 47 30.9999
    endloop
  endfacet
  facet normal 0.773022 -0 0.634379
    outer loop
      vertex 51.2584 47 30.9999
      vertex 51.818 53 30.318
      vertex 51.2584 53 30.9999
    endloop
  endfacet
  facet normal 0.773022 0 0.634379
    outer loop
      vertex 51.818 53 30.318
      vertex 51.2584 47 30.9999
      vertex 51.818 47 30.318
    endloop
  endfacet
  facet normal 0.956967 -0 0.290196
    outer loop
      vertex 50.5865 47 32.6221
      vertex 50.8425 53 31.7779
      vertex 50.5865 53 32.6221
    endloop
  endfacet
  facet normal 0.956967 0 0.290196
    outer loop
      vertex 50.8425 53 31.7779
      vertex 50.5865 47 32.6221
      vertex 50.8425 47 31.7779
    endloop
  endfacet
  facet normal 0.471441 0 0.881898
    outer loop
      vertex 52.4999 53 29.7584
      vertex 53.2779 47 29.3425
      vertex 53.2779 53 29.3425
    endloop
  endfacet
  facet normal 0.471441 0 0.881898
    outer loop
      vertex 53.2779 47 29.3425
      vertex 52.4999 53 29.7584
      vertex 52.4999 47 29.7584
    endloop
  endfacet
  facet normal 0.995192 0.0979479 0
    outer loop
      vertex 77.5 50 2
      vertex 77.452 50.4877 0
      vertex 77.452 50.4877 2
    endloop
  endfacet
  facet normal 0.995192 0.0979479 0
    outer loop
      vertex 77.452 50.4877 0
      vertex 77.5 50 2
      vertex 77.5 50 0
    endloop
  endfacet
  facet normal -0.995192 0.0979479 0
    outer loop
      vertex 72.5 50 0
      vertex 72.548 50.4877 2
      vertex 72.548 50.4877 0
    endloop
  endfacet
  facet normal -0.995192 0.0979479 0
    outer loop
      vertex 72.548 50.4877 2
      vertex 72.5 50 0
      vertex 72.5 50 2
    endloop
  endfacet
  facet normal 0.0979479 0.995192 -0
    outer loop
      vertex 75.4877 52.452 0
      vertex 75 52.5 2
      vertex 75.4877 52.452 2
    endloop
  endfacet
  facet normal 0.0979479 0.995192 0
    outer loop
      vertex 75 52.5 2
      vertex 75.4877 52.452 0
      vertex 75 52.5 0
    endloop
  endfacet
  facet normal -0.0979479 -0.995192 0
    outer loop
      vertex 74.5123 47.548 0
      vertex 75 47.5 2
      vertex 74.5123 47.548 2
    endloop
  endfacet
  facet normal -0.0979479 -0.995192 -0
    outer loop
      vertex 75 47.5 2
      vertex 74.5123 47.548 0
      vertex 75 47.5 0
    endloop
  endfacet
  facet normal -0.773066 -0.634326 0
    outer loop
      vertex 73.2322 48.2322 0
      vertex 72.9213 48.6111 2
      vertex 72.9213 48.6111 0
    endloop
  endfacet
  facet normal -0.773066 -0.634326 0
    outer loop
      vertex 72.9213 48.6111 2
      vertex 73.2322 48.2322 0
      vertex 73.2322 48.2322 2
    endloop
  endfacet
  facet normal 0.773066 0.634326 0
    outer loop
      vertex 77.0787 51.3889 2
      vertex 76.7678 51.7678 0
      vertex 76.7678 51.7678 2
    endloop
  endfacet
  facet normal 0.773066 0.634326 0
    outer loop
      vertex 76.7678 51.7678 0
      vertex 77.0787 51.3889 2
      vertex 77.0787 51.3889 0
    endloop
  endfacet
  facet normal -0.634326 0.773066 0
    outer loop
      vertex 73.6111 52.0787 0
      vertex 73.2322 51.7678 2
      vertex 73.6111 52.0787 2
    endloop
  endfacet
  facet normal -0.634326 0.773066 0
    outer loop
      vertex 73.2322 51.7678 2
      vertex 73.6111 52.0787 0
      vertex 73.2322 51.7678 0
    endloop
  endfacet
  facet normal -0.290341 0.956923 0
    outer loop
      vertex 74.5123 52.452 0
      vertex 74.0433 52.3097 2
      vertex 74.5123 52.452 2
    endloop
  endfacet
  facet normal -0.290341 0.956923 0
    outer loop
      vertex 74.0433 52.3097 2
      vertex 74.5123 52.452 0
      vertex 74.0433 52.3097 0
    endloop
  endfacet
  facet normal 0.634326 -0.773066 0
    outer loop
      vertex 76.3889 47.9213 0
      vertex 76.7678 48.2322 2
      vertex 76.3889 47.9213 2
    endloop
  endfacet
  facet normal 0.634326 -0.773066 0
    outer loop
      vertex 76.7678 48.2322 2
      vertex 76.3889 47.9213 0
      vertex 76.7678 48.2322 0
    endloop
  endfacet
  facet normal 0.773066 -0.634326 0
    outer loop
      vertex 76.7678 48.2322 2
      vertex 77.0787 48.6111 0
      vertex 77.0787 48.6111 2
    endloop
  endfacet
  facet normal 0.773066 -0.634326 0
    outer loop
      vertex 77.0787 48.6111 0
      vertex 76.7678 48.2322 2
      vertex 76.7678 48.2322 0
    endloop
  endfacet
  facet normal 0 0 -1
    outer loop
      vertex 75.825 50 0
      vertex 77.5 50 0
      vertex 77.452 49.5123 0
    endloop
  endfacet
  facet normal 0 0 -1
    outer loop
      vertex 75.8092 49.8391 0
      vertex 77.452 49.5123 0
      vertex 77.3097 49.0433 0
    endloop
  endfacet
  facet normal 0 0 -1
    outer loop
      vertex 77.5 50 0
      vertex 75.825 50 0
      vertex 77.452 50.4877 0
    endloop
  endfacet
  facet normal 0 0 -1
    outer loop
      vertex 75.7622 49.6843 0
      vertex 77.3097 49.0433 0
      vertex 77.0787 48.6111 0
    endloop
  endfacet
  facet normal 0 0 -1
    outer loop
      vertex 75.8092 50.1609 0
      vertex 77.452 50.4877 0
      vertex 75.825 50 0
    endloop
  endfacet
  facet normal 0 0 -1
    outer loop
      vertex 75.686 49.5417 0
      vertex 77.0787 48.6111 0
      vertex 76.7678 48.2322 0
    endloop
  endfacet
  facet normal -0 0 -1
    outer loop
      vertex 77.452 50.4877 0
      vertex 75.8092 50.1609 0
      vertex 77.3097 50.9567 0
    endloop
  endfacet
  facet normal 0 0 -1
    outer loop
      vertex 75.5834 49.4166 0
      vertex 76.7678 48.2322 0
      vertex 76.3889 47.9213 0
    endloop
  endfacet
  facet normal 0 0 -1
    outer loop
      vertex 75.7622 50.3157 0
      vertex 77.3097 50.9567 0
      vertex 75.8092 50.1609 0
    endloop
  endfacet
  facet normal 0 0 -1
    outer loop
      vertex 75.4583 49.314 0
      vertex 76.3889 47.9213 0
      vertex 75.9567 47.6903 0
    endloop
  endfacet
  facet normal -0 0 -1
    outer loop
      vertex 77.3097 50.9567 0
      vertex 75.7622 50.3157 0
      vertex 77.0787 51.3889 0
    endloop
  endfacet
  facet normal 0 0 -1
    outer loop
      vertex 75.686 50.4583 0
      vertex 77.0787 51.3889 0
      vertex 75.7622 50.3157 0
    endloop
  endfacet
  facet normal 0 0 -1
    outer loop
      vertex 77.452 49.5123 0
      vertex 75.8092 49.8391 0
      vertex 75.825 50 0
    endloop
  endfacet
  facet normal 0 0 -1
    outer loop
      vertex 77.3097 49.0433 0
      vertex 75.7622 49.6843 0
      vertex 75.8092 49.8391 0
    endloop
  endfacet
  facet normal 0 0 -1
    outer loop
      vertex 77.0787 48.6111 0
      vertex 75.686 49.5417 0
      vertex 75.7622 49.6843 0
    endloop
  endfacet
  facet normal 0 0 -1
    outer loop
      vertex 76.7678 48.2322 0
      vertex 75.5834 49.4166 0
      vertex 75.686 49.5417 0
    endloop
  endfacet
  facet normal 0 0 -1
    outer loop
      vertex 75.3157 49.2378 0
      vertex 75.9567 47.6903 0
      vertex 75.4877 47.548 0
    endloop
  endfacet
  facet normal 0 0 -1
    outer loop
      vertex 76.3889 47.9213 0
      vertex 75.4583 49.314 0
      vertex 75.5834 49.4166 0
    endloop
  endfacet
  facet normal 0 0 -1
    outer loop
      vertex 75.9567 47.6903 0
      vertex 75.3157 49.2378 0
      vertex 75.4583 49.314 0
    endloop
  endfacet
  facet normal 0 0 -1
    outer loop
      vertex 75.4877 47.548 0
      vertex 75.1609 49.1909 0
      vertex 75.3157 49.2378 0
    endloop
  endfacet
  facet normal 0 0 -1
    outer loop
      vertex 75 47.5 0
      vertex 75.1609 49.1909 0
      vertex 75.4877 47.548 0
    endloop
  endfacet
  facet normal 0 0 -1
    outer loop
      vertex 75 47.5 0
      vertex 75 49.175 0
      vertex 75.1609 49.1909 0
    endloop
  endfacet
  facet normal 0 0 -1
    outer loop
      vertex 75 47.5 0
      vertex 74.8391 49.1909 0
      vertex 75 49.175 0
    endloop
  endfacet
  facet normal 0 0 -1
    outer loop
      vertex 74.5123 47.548 0
      vertex 74.8391 49.1909 0
      vertex 75 47.5 0
    endloop
  endfacet
  facet normal -0 0 -1
    outer loop
      vertex 74.8391 49.1909 0
      vertex 74.5123 47.548 0
      vertex 74.6843 49.2378 0
    endloop
  endfacet
  facet normal 0 0 -1
    outer loop
      vertex 74.0433 47.6903 0
      vertex 74.6843 49.2378 0
      vertex 74.5123 47.548 0
    endloop
  endfacet
  facet normal -0 0 -1
    outer loop
      vertex 74.6843 49.2378 0
      vertex 74.0433 47.6903 0
      vertex 74.5417 49.314 0
    endloop
  endfacet
  facet normal 0 0 -1
    outer loop
      vertex 73.6111 47.9213 0
      vertex 74.5417 49.314 0
      vertex 74.0433 47.6903 0
    endloop
  endfacet
  facet normal -0 0 -1
    outer loop
      vertex 74.5417 49.314 0
      vertex 73.6111 47.9213 0
      vertex 74.4166 49.4166 0
    endloop
  endfacet
  facet normal 0 0 -1
    outer loop
      vertex 73.2322 48.2322 0
      vertex 74.4166 49.4166 0
      vertex 73.6111 47.9213 0
    endloop
  endfacet
  facet normal 0 0 -1
    outer loop
      vertex 72.9213 48.6111 0
      vertex 74.314 49.5417 0
      vertex 73.2322 48.2322 0
    endloop
  endfacet
  facet normal -0 0 -1
    outer loop
      vertex 74.4166 49.4166 0
      vertex 73.2322 48.2322 0
      vertex 74.314 49.5417 0
    endloop
  endfacet
  facet normal -0 0 -1
    outer loop
      vertex 77.0787 51.3889 0
      vertex 75.686 50.4583 0
      vertex 76.7678 51.7678 0
    endloop
  endfacet
  facet normal 0 0 -1
    outer loop
      vertex 75.5834 50.5834 0
      vertex 76.7678 51.7678 0
      vertex 75.686 50.4583 0
    endloop
  endfacet
  facet normal -0 0 -1
    outer loop
      vertex 76.7678 51.7678 0
      vertex 75.5834 50.5834 0
      vertex 76.3889 52.0787 0
    endloop
  endfacet
  facet normal 0 0 -1
    outer loop
      vertex 75.4583 50.686 0
      vertex 76.3889 52.0787 0
      vertex 75.5834 50.5834 0
    endloop
  endfacet
  facet normal -0 0 -1
    outer loop
      vertex 76.3889 52.0787 0
      vertex 75.4583 50.686 0
      vertex 75.9567 52.3097 0
    endloop
  endfacet
  facet normal 0 0 -1
    outer loop
      vertex 75.3157 50.7622 0
      vertex 75.9567 52.3097 0
      vertex 75.4583 50.686 0
    endloop
  endfacet
  facet normal -0 0 -1
    outer loop
      vertex 75.9567 52.3097 0
      vertex 75.3157 50.7622 0
      vertex 75.4877 52.452 0
    endloop
  endfacet
  facet normal 0 0 -1
    outer loop
      vertex 75.1609 50.8091 0
      vertex 75.4877 52.452 0
      vertex 75.3157 50.7622 0
    endloop
  endfacet
  facet normal 0 0 -1
    outer loop
      vertex 75 50.825 0
      vertex 75.4877 52.452 0
      vertex 75.1609 50.8091 0
    endloop
  endfacet
  facet normal 0 0 -1
    outer loop
      vertex 75 50.825 0
      vertex 75 52.5 0
      vertex 75.4877 52.452 0
    endloop
  endfacet
  facet normal 0 0 -1
    outer loop
      vertex 74.8391 50.8091 0
      vertex 75 52.5 0
      vertex 75 50.825 0
    endloop
  endfacet
  facet normal 0 0 -1
    outer loop
      vertex 74.5123 52.452 0
      vertex 74.8391 50.8091 0
      vertex 74.6843 50.7622 0
    endloop
  endfacet
  facet normal 0 0 -1
    outer loop
      vertex 74.0433 52.3097 0
      vertex 74.6843 50.7622 0
      vertex 74.5417 50.686 0
    endloop
  endfacet
  facet normal 0 0 -1
    outer loop
      vertex 74.8391 50.8091 0
      vertex 74.5123 52.452 0
      vertex 75 52.5 0
    endloop
  endfacet
  facet normal 0 0 -1
    outer loop
      vertex 73.6111 52.0787 0
      vertex 74.5417 50.686 0
      vertex 74.4166 50.5834 0
    endloop
  endfacet
  facet normal 0 0 -1
    outer loop
      vertex 73.2322 51.7678 0
      vertex 74.4166 50.5834 0
      vertex 74.314 50.4583 0
    endloop
  endfacet
  facet normal 0 0 -1
    outer loop
      vertex 72.9213 51.3889 0
      vertex 74.314 50.4583 0
      vertex 74.2378 50.3157 0
    endloop
  endfacet
  facet normal 0 0 -1
    outer loop
      vertex 72.6903 50.9567 0
      vertex 74.2378 50.3157 0
      vertex 74.1908 50.1609 0
    endloop
  endfacet
  facet normal 0 0 -1
    outer loop
      vertex 74.6843 50.7622 0
      vertex 74.0433 52.3097 0
      vertex 74.5123 52.452 0
    endloop
  endfacet
  facet normal 0 0 -1
    outer loop
      vertex 72.548 50.4877 0
      vertex 74.1908 50.1609 0
      vertex 74.175 50 0
    endloop
  endfacet
  facet normal -0 0 -1
    outer loop
      vertex 74.314 49.5417 0
      vertex 72.9213 48.6111 0
      vertex 74.2378 49.6843 0
    endloop
  endfacet
  facet normal 0 0 -1
    outer loop
      vertex 72.6903 49.0433 0
      vertex 74.2378 49.6843 0
      vertex 72.9213 48.6111 0
    endloop
  endfacet
  facet normal 0 0 -1
    outer loop
      vertex 74.5417 50.686 0
      vertex 73.6111 52.0787 0
      vertex 74.0433 52.3097 0
    endloop
  endfacet
  facet normal -0 0 -1
    outer loop
      vertex 74.2378 49.6843 0
      vertex 72.6903 49.0433 0
      vertex 74.1908 49.8391 0
    endloop
  endfacet
  facet normal 0 0 -1
    outer loop
      vertex 74.4166 50.5834 0
      vertex 73.2322 51.7678 0
      vertex 73.6111 52.0787 0
    endloop
  endfacet
  facet normal 0 0 -1
    outer loop
      vertex 72.548 49.5123 0
      vertex 74.1908 49.8391 0
      vertex 72.6903 49.0433 0
    endloop
  endfacet
  facet normal 0 0 -1
    outer loop
      vertex 74.314 50.4583 0
      vertex 72.9213 51.3889 0
      vertex 73.2322 51.7678 0
    endloop
  endfacet
  facet normal -0 0 -1
    outer loop
      vertex 74.1908 49.8391 0
      vertex 72.548 49.5123 0
      vertex 74.175 50 0
    endloop
  endfacet
  facet normal 0 0 -1
    outer loop
      vertex 74.2378 50.3157 0
      vertex 72.6903 50.9567 0
      vertex 72.9213 51.3889 0
    endloop
  endfacet
  facet normal 0 0 -1
    outer loop
      vertex 72.5 50 0
      vertex 74.175 50 0
      vertex 72.548 49.5123 0
    endloop
  endfacet
  facet normal 0 0 -1
    outer loop
      vertex 74.1908 50.1609 0
      vertex 72.548 50.4877 0
      vertex 72.6903 50.9567 0
    endloop
  endfacet
  facet normal 0 0 -1
    outer loop
      vertex 74.175 50 0
      vertex 72.5 50 0
      vertex 72.548 50.4877 0
    endloop
  endfacet
  facet normal 0.881935 0.471372 0
    outer loop
      vertex 77.3097 50.9567 2
      vertex 77.0787 51.3889 0
      vertex 77.0787 51.3889 2
    endloop
  endfacet
  facet normal 0.881935 0.471372 0
    outer loop
      vertex 77.0787 51.3889 0
      vertex 77.3097 50.9567 2
      vertex 77.3097 50.9567 0
    endloop
  endfacet
  facet normal 0.956923 0.290341 0
    outer loop
      vertex 77.452 50.4877 2
      vertex 77.3097 50.9567 0
      vertex 77.3097 50.9567 2
    endloop
  endfacet
  facet normal 0.956923 0.290341 0
    outer loop
      vertex 77.3097 50.9567 0
      vertex 77.452 50.4877 2
      vertex 77.452 50.4877 0
    endloop
  endfacet
  facet normal 0.471372 0.881935 -0
    outer loop
      vertex 76.3889 52.0787 0
      vertex 75.9567 52.3097 2
      vertex 76.3889 52.0787 2
    endloop
  endfacet
  facet normal 0.471372 0.881935 0
    outer loop
      vertex 75.9567 52.3097 2
      vertex 76.3889 52.0787 0
      vertex 75.9567 52.3097 0
    endloop
  endfacet
  facet normal 0.290341 0.956923 -0
    outer loop
      vertex 75.9567 52.3097 0
      vertex 75.4877 52.452 2
      vertex 75.9567 52.3097 2
    endloop
  endfacet
  facet normal 0.290341 0.956923 0
    outer loop
      vertex 75.4877 52.452 2
      vertex 75.9567 52.3097 0
      vertex 75.4877 52.452 0
    endloop
  endfacet
  facet normal 0.634326 0.773066 -0
    outer loop
      vertex 76.7678 51.7678 0
      vertex 76.3889 52.0787 2
      vertex 76.7678 51.7678 2
    endloop
  endfacet
  facet normal 0.634326 0.773066 0
    outer loop
      vertex 76.3889 52.0787 2
      vertex 76.7678 51.7678 0
      vertex 76.3889 52.0787 0
    endloop
  endfacet
  facet normal -0.881935 0.471372 0
    outer loop
      vertex 72.6903 50.9567 0
      vertex 72.9213 51.3889 2
      vertex 72.9213 51.3889 0
    endloop
  endfacet
  facet normal -0.881935 0.471372 0
    outer loop
      vertex 72.9213 51.3889 2
      vertex 72.6903 50.9567 0
      vertex 72.6903 50.9567 2
    endloop
  endfacet
  facet normal -0.773066 0.634326 0
    outer loop
      vertex 72.9213 51.3889 0
      vertex 73.2322 51.7678 2
      vertex 73.2322 51.7678 0
    endloop
  endfacet
  facet normal -0.773066 0.634326 0
    outer loop
      vertex 73.2322 51.7678 2
      vertex 72.9213 51.3889 0
      vertex 72.9213 51.3889 2
    endloop
  endfacet
  facet normal -0.956923 0.290341 0
    outer loop
      vertex 72.548 50.4877 0
      vertex 72.6903 50.9567 2
      vertex 72.6903 50.9567 0
    endloop
  endfacet
  facet normal -0.956923 0.290341 0
    outer loop
      vertex 72.6903 50.9567 2
      vertex 72.548 50.4877 0
      vertex 72.548 50.4877 2
    endloop
  endfacet
  facet normal 0 0 1
    outer loop
      vertex 75.825 50 2
      vertex 77.5 50 2
      vertex 77.452 50.4877 2
    endloop
  endfacet
  facet normal 0 0 1
    outer loop
      vertex 75.8092 50.1609 2
      vertex 77.452 50.4877 2
      vertex 77.3097 50.9567 2
    endloop
  endfacet
  facet normal 0 0 1
    outer loop
      vertex 77.5 50 2
      vertex 75.825 50 2
      vertex 77.452 49.5123 2
    endloop
  endfacet
  facet normal 0 0 1
    outer loop
      vertex 75.7622 50.3157 2
      vertex 77.3097 50.9567 2
      vertex 77.0787 51.3889 2
    endloop
  endfacet
  facet normal -0 0 1
    outer loop
      vertex 75.8092 49.8391 2
      vertex 77.452 49.5123 2
      vertex 75.825 50 2
    endloop
  endfacet
  facet normal 0 0 1
    outer loop
      vertex 75.686 50.4583 2
      vertex 77.0787 51.3889 2
      vertex 76.7678 51.7678 2
    endloop
  endfacet
  facet normal 0 0 1
    outer loop
      vertex 77.452 49.5123 2
      vertex 75.8092 49.8391 2
      vertex 77.3097 49.0433 2
    endloop
  endfacet
  facet normal 0 0 1
    outer loop
      vertex 75.5834 50.5834 2
      vertex 76.7678 51.7678 2
      vertex 76.3889 52.0787 2
    endloop
  endfacet
  facet normal -0 0 1
    outer loop
      vertex 75.7622 49.6843 2
      vertex 77.3097 49.0433 2
      vertex 75.8092 49.8391 2
    endloop
  endfacet
  facet normal 0 0 1
    outer loop
      vertex 75.4583 50.686 2
      vertex 76.3889 52.0787 2
      vertex 75.9567 52.3097 2
    endloop
  endfacet
  facet normal 0 0 1
    outer loop
      vertex 77.3097 49.0433 2
      vertex 75.7622 49.6843 2
      vertex 77.0787 48.6111 2
    endloop
  endfacet
  facet normal -0 0 1
    outer loop
      vertex 75.686 49.5417 2
      vertex 77.0787 48.6111 2
      vertex 75.7622 49.6843 2
    endloop
  endfacet
  facet normal 0 0 1
    outer loop
      vertex 77.452 50.4877 2
      vertex 75.8092 50.1609 2
      vertex 75.825 50 2
    endloop
  endfacet
  facet normal 0 0 1
    outer loop
      vertex 77.3097 50.9567 2
      vertex 75.7622 50.3157 2
      vertex 75.8092 50.1609 2
    endloop
  endfacet
  facet normal 0 0 1
    outer loop
      vertex 77.0787 51.3889 2
      vertex 75.686 50.4583 2
      vertex 75.7622 50.3157 2
    endloop
  endfacet
  facet normal 0 0 1
    outer loop
      vertex 76.7678 51.7678 2
      vertex 75.5834 50.5834 2
      vertex 75.686 50.4583 2
    endloop
  endfacet
  facet normal 0 0 1
    outer loop
      vertex 75.3157 50.7622 2
      vertex 75.9567 52.3097 2
      vertex 75.4877 52.452 2
    endloop
  endfacet
  facet normal 0 0 1
    outer loop
      vertex 76.3889 52.0787 2
      vertex 75.4583 50.686 2
      vertex 75.5834 50.5834 2
    endloop
  endfacet
  facet normal 0 0 1
    outer loop
      vertex 75.9567 52.3097 2
      vertex 75.3157 50.7622 2
      vertex 75.4583 50.686 2
    endloop
  endfacet
  facet normal 0 0 1
    outer loop
      vertex 75.4877 52.452 2
      vertex 75.1609 50.8091 2
      vertex 75.3157 50.7622 2
    endloop
  endfacet
  facet normal 0 0 1
    outer loop
      vertex 75 52.5 2
      vertex 75.1609 50.8091 2
      vertex 75.4877 52.452 2
    endloop
  endfacet
  facet normal 0 0 1
    outer loop
      vertex 75 52.5 2
      vertex 75 50.825 2
      vertex 75.1609 50.8091 2
    endloop
  endfacet
  facet normal 0 0 1
    outer loop
      vertex 75 52.5 2
      vertex 74.8391 50.8091 2
      vertex 75 50.825 2
    endloop
  endfacet
  facet normal -0 0 1
    outer loop
      vertex 74.5123 52.452 2
      vertex 74.8391 50.8091 2
      vertex 75 52.5 2
    endloop
  endfacet
  facet normal 0 0 1
    outer loop
      vertex 74.8391 50.8091 2
      vertex 74.5123 52.452 2
      vertex 74.6843 50.7622 2
    endloop
  endfacet
  facet normal -0 0 1
    outer loop
      vertex 74.0433 52.3097 2
      vertex 74.6843 50.7622 2
      vertex 74.5123 52.452 2
    endloop
  endfacet
  facet normal 0 0 1
    outer loop
      vertex 74.6843 50.7622 2
      vertex 74.0433 52.3097 2
      vertex 74.5417 50.686 2
    endloop
  endfacet
  facet normal -0 0 1
    outer loop
      vertex 73.6111 52.0787 2
      vertex 74.5417 50.686 2
      vertex 74.0433 52.3097 2
    endloop
  endfacet
  facet normal 0 0 1
    outer loop
      vertex 74.5417 50.686 2
      vertex 73.6111 52.0787 2
      vertex 74.4166 50.5834 2
    endloop
  endfacet
  facet normal -0 0 1
    outer loop
      vertex 73.2322 51.7678 2
      vertex 74.4166 50.5834 2
      vertex 73.6111 52.0787 2
    endloop
  endfacet
  facet normal -0 0 1
    outer loop
      vertex 72.9213 51.3889 2
      vertex 74.314 50.4583 2
      vertex 73.2322 51.7678 2
    endloop
  endfacet
  facet normal 0 0 1
    outer loop
      vertex 74.4166 50.5834 2
      vertex 73.2322 51.7678 2
      vertex 74.314 50.4583 2
    endloop
  endfacet
  facet normal 0 0 1
    outer loop
      vertex 77.0787 48.6111 2
      vertex 75.686 49.5417 2
      vertex 76.7678 48.2322 2
    endloop
  endfacet
  facet normal -0 0 1
    outer loop
      vertex 75.5834 49.4166 2
      vertex 76.7678 48.2322 2
      vertex 75.686 49.5417 2
    endloop
  endfacet
  facet normal 0 0 1
    outer loop
      vertex 76.7678 48.2322 2
      vertex 75.5834 49.4166 2
      vertex 76.3889 47.9213 2
    endloop
  endfacet
  facet normal -0 0 1
    outer loop
      vertex 75.4583 49.314 2
      vertex 76.3889 47.9213 2
      vertex 75.5834 49.4166 2
    endloop
  endfacet
  facet normal 0 0 1
    outer loop
      vertex 76.3889 47.9213 2
      vertex 75.4583 49.314 2
      vertex 75.9567 47.6903 2
    endloop
  endfacet
  facet normal -0 0 1
    outer loop
      vertex 75.3157 49.2378 2
      vertex 75.9567 47.6903 2
      vertex 75.4583 49.314 2
    endloop
  endfacet
  facet normal 0 0 1
    outer loop
      vertex 75.9567 47.6903 2
      vertex 75.3157 49.2378 2
      vertex 75.4877 47.548 2
    endloop
  endfacet
  facet normal -0 0 1
    outer loop
      vertex 75.1609 49.1909 2
      vertex 75.4877 47.548 2
      vertex 75.3157 49.2378 2
    endloop
  endfacet
  facet normal -0 0 1
    outer loop
      vertex 75 49.175 2
      vertex 75.4877 47.548 2
      vertex 75.1609 49.1909 2
    endloop
  endfacet
  facet normal 0 0 1
    outer loop
      vertex 75 49.175 2
      vertex 75 47.5 2
      vertex 75.4877 47.548 2
    endloop
  endfacet
  facet normal 0 0 1
    outer loop
      vertex 74.8391 49.1909 2
      vertex 75 47.5 2
      vertex 75 49.175 2
    endloop
  endfacet
  facet normal 0 0 1
    outer loop
      vertex 74.5123 47.548 2
      vertex 74.8391 49.1909 2
      vertex 74.6843 49.2378 2
    endloop
  endfacet
  facet normal 0 0 1
    outer loop
      vertex 74.0433 47.6903 2
      vertex 74.6843 49.2378 2
      vertex 74.5417 49.314 2
    endloop
  endfacet
  facet normal 0 0 1
    outer loop
      vertex 74.8391 49.1909 2
      vertex 74.5123 47.548 2
      vertex 75 47.5 2
    endloop
  endfacet
  facet normal 0 0 1
    outer loop
      vertex 73.6111 47.9213 2
      vertex 74.5417 49.314 2
      vertex 74.4166 49.4166 2
    endloop
  endfacet
  facet normal 0 0 1
    outer loop
      vertex 73.2322 48.2322 2
      vertex 74.4166 49.4166 2
      vertex 74.314 49.5417 2
    endloop
  endfacet
  facet normal 0 0 1
    outer loop
      vertex 72.9213 48.6111 2
      vertex 74.314 49.5417 2
      vertex 74.2378 49.6843 2
    endloop
  endfacet
  facet normal 0 0 1
    outer loop
      vertex 72.6903 49.0433 2
      vertex 74.2378 49.6843 2
      vertex 74.1908 49.8391 2
    endloop
  endfacet
  facet normal 0 0 1
    outer loop
      vertex 74.6843 49.2378 2
      vertex 74.0433 47.6903 2
      vertex 74.5123 47.548 2
    endloop
  endfacet
  facet normal 0 0 1
    outer loop
      vertex 72.548 49.5123 2
      vertex 74.1908 49.8391 2
      vertex 74.175 50 2
    endloop
  endfacet
  facet normal 0 0 1
    outer loop
      vertex 74.314 50.4583 2
      vertex 72.9213 51.3889 2
      vertex 74.2378 50.3157 2
    endloop
  endfacet
  facet normal -0 0 1
    outer loop
      vertex 72.6903 50.9567 2
      vertex 74.2378 50.3157 2
      vertex 72.9213 51.3889 2
    endloop
  endfacet
  facet normal 0 0 1
    outer loop
      vertex 74.5417 49.314 2
      vertex 73.6111 47.9213 2
      vertex 74.0433 47.6903 2
    endloop
  endfacet
  facet normal 0 0 1
    outer loop
      vertex 74.2378 50.3157 2
      vertex 72.6903 50.9567 2
      vertex 74.1908 50.1609 2
    endloop
  endfacet
  facet normal 0 0 1
    outer loop
      vertex 74.4166 49.4166 2
      vertex 73.2322 48.2322 2
      vertex 73.6111 47.9213 2
    endloop
  endfacet
  facet normal -0 0 1
    outer loop
      vertex 72.548 50.4877 2
      vertex 74.1908 50.1609 2
      vertex 72.6903 50.9567 2
    endloop
  endfacet
  facet normal 0 0 1
    outer loop
      vertex 74.314 49.5417 2
      vertex 72.9213 48.6111 2
      vertex 73.2322 48.2322 2
    endloop
  endfacet
  facet normal 0 0 1
    outer loop
      vertex 74.1908 50.1609 2
      vertex 72.548 50.4877 2
      vertex 74.175 50 2
    endloop
  endfacet
  facet normal 0 0 1
    outer loop
      vertex 74.2378 49.6843 2
      vertex 72.6903 49.0433 2
      vertex 72.9213 48.6111 2
    endloop
  endfacet
  facet normal 0 0 1
    outer loop
      vertex 72.5 50 2
      vertex 74.175 50 2
      vertex 72.548 50.4877 2
    endloop
  endfacet
  facet normal 0 0 1
    outer loop
      vertex 74.1908 49.8391 2
      vertex 72.548 49.5123 2
      vertex 72.6903 49.0433 2
    endloop
  endfacet
  facet normal 0 0 1
    outer loop
      vertex 74.175 50 2
      vertex 72.5 50 2
      vertex 72.548 49.5123 2
    endloop
  endfacet
  facet normal -0.471372 0.881935 0
    outer loop
      vertex 74.0433 52.3097 0
      vertex 73.6111 52.0787 2
      vertex 74.0433 52.3097 2
    endloop
  endfacet
  facet normal -0.471372 0.881935 0
    outer loop
      vertex 73.6111 52.0787 2
      vertex 74.0433 52.3097 0
      vertex 73.6111 52.0787 0
    endloop
  endfacet
  facet normal -0.0979479 0.995192 0
    outer loop
      vertex 75 52.5 0
      vertex 74.5123 52.452 2
      vertex 75 52.5 2
    endloop
  endfacet
  facet normal -0.0979479 0.995192 0
    outer loop
      vertex 74.5123 52.452 2
      vertex 75 52.5 0
      vertex 74.5123 52.452 0
    endloop
  endfacet
  facet normal 0.995192 -0.0979479 0
    outer loop
      vertex 77.452 49.5123 2
      vertex 77.5 50 0
      vertex 77.5 50 2
    endloop
  endfacet
  facet normal 0.995192 -0.0979479 0
    outer loop
      vertex 77.5 50 0
      vertex 77.452 49.5123 2
      vertex 77.452 49.5123 0
    endloop
  endfacet
  facet normal 0.0979479 -0.995192 0
    outer loop
      vertex 75 47.5 0
      vertex 75.4877 47.548 2
      vertex 75 47.5 2
    endloop
  endfacet
  facet normal 0.0979479 -0.995192 0
    outer loop
      vertex 75.4877 47.548 2
      vertex 75 47.5 0
      vertex 75.4877 47.548 0
    endloop
  endfacet
  facet normal 0.471372 -0.881935 0
    outer loop
      vertex 75.9567 47.6903 0
      vertex 76.3889 47.9213 2
      vertex 75.9567 47.6903 2
    endloop
  endfacet
  facet normal 0.471372 -0.881935 0
    outer loop
      vertex 76.3889 47.9213 2
      vertex 75.9567 47.6903 0
      vertex 76.3889 47.9213 0
    endloop
  endfacet
  facet normal -0.634326 -0.773066 0
    outer loop
      vertex 73.2322 48.2322 0
      vertex 73.6111 47.9213 2
      vertex 73.2322 48.2322 2
    endloop
  endfacet
  facet normal -0.634326 -0.773066 -0
    outer loop
      vertex 73.6111 47.9213 2
      vertex 73.2322 48.2322 0
      vertex 73.6111 47.9213 0
    endloop
  endfacet
  facet normal -0.290341 -0.956923 0
    outer loop
      vertex 74.0433 47.6903 0
      vertex 74.5123 47.548 2
      vertex 74.0433 47.6903 2
    endloop
  endfacet
  facet normal -0.290341 -0.956923 -0
    outer loop
      vertex 74.5123 47.548 2
      vertex 74.0433 47.6903 0
      vertex 74.5123 47.548 0
    endloop
  endfacet
  facet normal -0.881935 -0.471372 0
    outer loop
      vertex 72.9213 48.6111 0
      vertex 72.6903 49.0433 2
      vertex 72.6903 49.0433 0
    endloop
  endfacet
  facet normal -0.881935 -0.471372 0
    outer loop
      vertex 72.6903 49.0433 2
      vertex 72.9213 48.6111 0
      vertex 72.9213 48.6111 2
    endloop
  endfacet
  facet normal -0.995192 -0.0979479 0
    outer loop
      vertex 72.548 49.5123 0
      vertex 72.5 50 2
      vertex 72.5 50 0
    endloop
  endfacet
  facet normal -0.995192 -0.0979479 0
    outer loop
      vertex 72.5 50 2
      vertex 72.548 49.5123 0
      vertex 72.548 49.5123 2
    endloop
  endfacet
  facet normal 0.290341 -0.956923 0
    outer loop
      vertex 75.4877 47.548 0
      vertex 75.9567 47.6903 2
      vertex 75.4877 47.548 2
    endloop
  endfacet
  facet normal 0.290341 -0.956923 0
    outer loop
      vertex 75.9567 47.6903 2
      vertex 75.4877 47.548 0
      vertex 75.9567 47.6903 0
    endloop
  endfacet
  facet normal 0.881935 -0.471372 0
    outer loop
      vertex 77.0787 48.6111 2
      vertex 77.3097 49.0433 0
      vertex 77.3097 49.0433 2
    endloop
  endfacet
  facet normal 0.881935 -0.471372 0
    outer loop
      vertex 77.3097 49.0433 0
      vertex 77.0787 48.6111 2
      vertex 77.0787 48.6111 0
    endloop
  endfacet
  facet normal 0.956923 -0.290341 0
    outer loop
      vertex 77.3097 49.0433 2
      vertex 77.452 49.5123 0
      vertex 77.452 49.5123 2
    endloop
  endfacet
  facet normal 0.956923 -0.290341 0
    outer loop
      vertex 77.452 49.5123 0
      vertex 77.3097 49.0433 2
      vertex 77.3097 49.0433 0
    endloop
  endfacet
  facet normal -0.471372 -0.881935 0
    outer loop
      vertex 73.6111 47.9213 0
      vertex 74.0433 47.6903 2
      vertex 73.6111 47.9213 2
    endloop
  endfacet
  facet normal -0.471372 -0.881935 -0
    outer loop
      vertex 74.0433 47.6903 2
      vertex 73.6111 47.9213 0
      vertex 74.0433 47.6903 0
    endloop
  endfacet
  facet normal -0.956923 -0.290341 0
    outer loop
      vertex 72.6903 49.0433 0
      vertex 72.548 49.5123 2
      vertex 72.548 49.5123 0
    endloop
  endfacet
  facet normal -0.956923 -0.290341 0
    outer loop
      vertex 72.548 49.5123 2
      vertex 72.6903 49.0433 0
      vertex 72.6903 49.0433 2
    endloop
  endfacet
  facet normal -0.995213 -0.0977276 0
    outer loop
      vertex 75.825 50 0
      vertex 75.8092 50.1609 2
      vertex 75.8092 50.1609 0
    endloop
  endfacet
  facet normal -0.995213 -0.0977276 0
    outer loop
      vertex 75.8092 50.1609 2
      vertex 75.825 50 0
      vertex 75.825 50 2
    endloop
  endfacet
  facet normal 0.995213 -0.0977276 0
    outer loop
      vertex 74.175 50 2
      vertex 74.1908 50.1609 0
      vertex 74.1908 50.1609 2
    endloop
  endfacet
  facet normal 0.995213 -0.0977276 0
    outer loop
      vertex 74.1908 50.1609 0
      vertex 74.175 50 2
      vertex 74.175 50 0
    endloop
  endfacet
  facet normal 0.0983402 -0.995153 0
    outer loop
      vertex 74.8391 50.8091 0
      vertex 75 50.825 2
      vertex 74.8391 50.8091 2
    endloop
  endfacet
  facet normal 0.0983402 -0.995153 0
    outer loop
      vertex 75 50.825 2
      vertex 74.8391 50.8091 0
      vertex 75 50.825 0
    endloop
  endfacet
  facet normal -0.0983402 0.995153 0
    outer loop
      vertex 75.1609 49.1909 0
      vertex 75 49.175 2
      vertex 75.1609 49.1909 2
    endloop
  endfacet
  facet normal -0.0983402 0.995153 0
    outer loop
      vertex 75 49.175 2
      vertex 75.1609 49.1909 0
      vertex 75 49.175 0
    endloop
  endfacet
  facet normal -0.634146 -0.773213 0
    outer loop
      vertex 75.4583 50.686 0
      vertex 75.5834 50.5834 2
      vertex 75.4583 50.686 2
    endloop
  endfacet
  facet normal -0.634146 -0.773213 -0
    outer loop
      vertex 75.5834 50.5834 2
      vertex 75.4583 50.686 0
      vertex 75.5834 50.5834 0
    endloop
  endfacet
  facet normal 0.773213 -0.634146 0
    outer loop
      vertex 74.314 50.4583 2
      vertex 74.4166 50.5834 0
      vertex 74.4166 50.5834 2
    endloop
  endfacet
  facet normal 0.773213 -0.634146 0
    outer loop
      vertex 74.4166 50.5834 0
      vertex 74.314 50.4583 2
      vertex 74.314 50.4583 0
    endloop
  endfacet
  facet normal 0.471294 -0.881976 0
    outer loop
      vertex 74.5417 50.686 0
      vertex 74.6843 50.7622 2
      vertex 74.5417 50.686 2
    endloop
  endfacet
  facet normal 0.471294 -0.881976 0
    outer loop
      vertex 74.6843 50.7622 2
      vertex 74.5417 50.686 0
      vertex 74.6843 50.7622 0
    endloop
  endfacet
  facet normal -0.881976 0.471294 0
    outer loop
      vertex 75.686 49.5417 0
      vertex 75.7622 49.6843 2
      vertex 75.7622 49.6843 0
    endloop
  endfacet
  facet normal -0.881976 0.471294 0
    outer loop
      vertex 75.7622 49.6843 2
      vertex 75.686 49.5417 0
      vertex 75.686 49.5417 2
    endloop
  endfacet
  facet normal -0.881976 -0.471294 0
    outer loop
      vertex 75.7622 50.3157 0
      vertex 75.686 50.4583 2
      vertex 75.686 50.4583 0
    endloop
  endfacet
  facet normal -0.881976 -0.471294 0
    outer loop
      vertex 75.686 50.4583 2
      vertex 75.7622 50.3157 0
      vertex 75.7622 50.3157 2
    endloop
  endfacet
  facet normal -0.956868 -0.290522 0
    outer loop
      vertex 75.8092 50.1609 0
      vertex 75.7622 50.3157 2
      vertex 75.7622 50.3157 0
    endloop
  endfacet
  facet normal -0.956868 -0.290522 0
    outer loop
      vertex 75.7622 50.3157 2
      vertex 75.8092 50.1609 0
      vertex 75.8092 50.1609 2
    endloop
  endfacet
  facet normal -0.773213 -0.634146 0
    outer loop
      vertex 75.686 50.4583 0
      vertex 75.5834 50.5834 2
      vertex 75.5834 50.5834 0
    endloop
  endfacet
  facet normal -0.773213 -0.634146 0
    outer loop
      vertex 75.5834 50.5834 2
      vertex 75.686 50.4583 0
      vertex 75.686 50.4583 2
    endloop
  endfacet
  facet normal -0.289956 -0.95704 0
    outer loop
      vertex 75.1609 50.8091 0
      vertex 75.3157 50.7622 2
      vertex 75.1609 50.8091 2
    endloop
  endfacet
  facet normal -0.289956 -0.95704 -0
    outer loop
      vertex 75.3157 50.7622 2
      vertex 75.1609 50.8091 0
      vertex 75.3157 50.7622 0
    endloop
  endfacet
  facet normal -0.0983402 -0.995153 0
    outer loop
      vertex 75 50.825 0
      vertex 75.1609 50.8091 2
      vertex 75 50.825 2
    endloop
  endfacet
  facet normal -0.0983402 -0.995153 -0
    outer loop
      vertex 75.1609 50.8091 2
      vertex 75 50.825 0
      vertex 75.1609 50.8091 0
    endloop
  endfacet
  facet normal -0.471294 -0.881976 0
    outer loop
      vertex 75.3157 50.7622 0
      vertex 75.4583 50.686 2
      vertex 75.3157 50.7622 2
    endloop
  endfacet
  facet normal -0.471294 -0.881976 -0
    outer loop
      vertex 75.4583 50.686 2
      vertex 75.3157 50.7622 0
      vertex 75.4583 50.686 0
    endloop
  endfacet
  facet normal 0.881976 -0.471294 0
    outer loop
      vertex 74.2378 50.3157 2
      vertex 74.314 50.4583 0
      vertex 74.314 50.4583 2
    endloop
  endfacet
  facet normal 0.881976 -0.471294 0
    outer loop
      vertex 74.314 50.4583 0
      vertex 74.2378 50.3157 2
      vertex 74.2378 50.3157 0
    endloop
  endfacet
  facet normal 0.956868 -0.290522 0
    outer loop
      vertex 74.1908 50.1609 2
      vertex 74.2378 50.3157 0
      vertex 74.2378 50.3157 2
    endloop
  endfacet
  facet normal 0.956868 -0.290522 0
    outer loop
      vertex 74.2378 50.3157 0
      vertex 74.1908 50.1609 2
      vertex 74.1908 50.1609 0
    endloop
  endfacet
  facet normal 0.634146 -0.773213 0
    outer loop
      vertex 74.4166 50.5834 0
      vertex 74.5417 50.686 2
      vertex 74.4166 50.5834 2
    endloop
  endfacet
  facet normal 0.634146 -0.773213 0
    outer loop
      vertex 74.5417 50.686 2
      vertex 74.4166 50.5834 0
      vertex 74.5417 50.686 0
    endloop
  endfacet
  facet normal 0.289956 -0.95704 0
    outer loop
      vertex 74.6843 50.7622 0
      vertex 74.8391 50.8091 2
      vertex 74.6843 50.7622 2
    endloop
  endfacet
  facet normal 0.289956 -0.95704 0
    outer loop
      vertex 74.8391 50.8091 2
      vertex 74.6843 50.7622 0
      vertex 74.8391 50.8091 0
    endloop
  endfacet
  facet normal -0.956868 0.290522 0
    outer loop
      vertex 75.7622 49.6843 0
      vertex 75.8092 49.8391 2
      vertex 75.8092 49.8391 0
    endloop
  endfacet
  facet normal -0.956868 0.290522 0
    outer loop
      vertex 75.8092 49.8391 2
      vertex 75.7622 49.6843 0
      vertex 75.7622 49.6843 2
    endloop
  endfacet
  facet normal -0.995213 0.0977276 0
    outer loop
      vertex 75.8092 49.8391 0
      vertex 75.825 50 2
      vertex 75.825 50 0
    endloop
  endfacet
  facet normal -0.995213 0.0977276 0
    outer loop
      vertex 75.825 50 2
      vertex 75.8092 49.8391 0
      vertex 75.8092 49.8391 2
    endloop
  endfacet
  facet normal 0.995213 0.0977276 0
    outer loop
      vertex 74.1908 49.8391 2
      vertex 74.175 50 0
      vertex 74.175 50 2
    endloop
  endfacet
  facet normal 0.995213 0.0977276 0
    outer loop
      vertex 74.175 50 0
      vertex 74.1908 49.8391 2
      vertex 74.1908 49.8391 0
    endloop
  endfacet
  facet normal -0.289956 0.95704 0
    outer loop
      vertex 75.3157 49.2378 0
      vertex 75.1609 49.1909 2
      vertex 75.3157 49.2378 2
    endloop
  endfacet
  facet normal -0.289956 0.95704 0
    outer loop
      vertex 75.1609 49.1909 2
      vertex 75.3157 49.2378 0
      vertex 75.1609 49.1909 0
    endloop
  endfacet
  facet normal -0.634146 0.773213 0
    outer loop
      vertex 75.5834 49.4166 0
      vertex 75.4583 49.314 2
      vertex 75.5834 49.4166 2
    endloop
  endfacet
  facet normal -0.634146 0.773213 0
    outer loop
      vertex 75.4583 49.314 2
      vertex 75.5834 49.4166 0
      vertex 75.4583 49.314 0
    endloop
  endfacet
  facet normal 0.0983402 0.995153 -0
    outer loop
      vertex 75 49.175 0
      vertex 74.8391 49.1909 2
      vertex 75 49.175 2
    endloop
  endfacet
  facet normal 0.0983402 0.995153 0
    outer loop
      vertex 74.8391 49.1909 2
      vertex 75 49.175 0
      vertex 74.8391 49.1909 0
    endloop
  endfacet
  facet normal 0.634146 0.773213 -0
    outer loop
      vertex 74.5417 49.314 0
      vertex 74.4166 49.4166 2
      vertex 74.5417 49.314 2
    endloop
  endfacet
  facet normal 0.634146 0.773213 0
    outer loop
      vertex 74.4166 49.4166 2
      vertex 74.5417 49.314 0
      vertex 74.4166 49.4166 0
    endloop
  endfacet
  facet normal 0.773213 0.634146 0
    outer loop
      vertex 74.4166 49.4166 2
      vertex 74.314 49.5417 0
      vertex 74.314 49.5417 2
    endloop
  endfacet
  facet normal 0.773213 0.634146 0
    outer loop
      vertex 74.314 49.5417 0
      vertex 74.4166 49.4166 2
      vertex 74.4166 49.4166 0
    endloop
  endfacet
  facet normal 0.956868 0.290522 0
    outer loop
      vertex 74.2378 49.6843 2
      vertex 74.1908 49.8391 0
      vertex 74.1908 49.8391 2
    endloop
  endfacet
  facet normal 0.956868 0.290522 0
    outer loop
      vertex 74.1908 49.8391 0
      vertex 74.2378 49.6843 2
      vertex 74.2378 49.6843 0
    endloop
  endfacet
  facet normal -0.471294 0.881976 0
    outer loop
      vertex 75.4583 49.314 0
      vertex 75.3157 49.2378 2
      vertex 75.4583 49.314 2
    endloop
  endfacet
  facet normal -0.471294 0.881976 0
    outer loop
      vertex 75.3157 49.2378 2
      vertex 75.4583 49.314 0
      vertex 75.3157 49.2378 0
    endloop
  endfacet
  facet normal -0.773213 0.634146 0
    outer loop
      vertex 75.5834 49.4166 0
      vertex 75.686 49.5417 2
      vertex 75.686 49.5417 0
    endloop
  endfacet
  facet normal -0.773213 0.634146 0
    outer loop
      vertex 75.686 49.5417 2
      vertex 75.5834 49.4166 0
      vertex 75.5834 49.4166 2
    endloop
  endfacet
  facet normal 0.289956 0.95704 -0
    outer loop
      vertex 74.8391 49.1909 0
      vertex 74.6843 49.2378 2
      vertex 74.8391 49.1909 2
    endloop
  endfacet
  facet normal 0.289956 0.95704 0
    outer loop
      vertex 74.6843 49.2378 2
      vertex 74.8391 49.1909 0
      vertex 74.6843 49.2378 0
    endloop
  endfacet
  facet normal 0.471294 0.881976 -0
    outer loop
      vertex 74.6843 49.2378 0
      vertex 74.5417 49.314 2
      vertex 74.6843 49.2378 2
    endloop
  endfacet
  facet normal 0.471294 0.881976 0
    outer loop
      vertex 74.5417 49.314 2
      vertex 74.6843 49.2378 0
      vertex 74.5417 49.314 0
    endloop
  endfacet
  facet normal 0.881976 0.471294 0
    outer loop
      vertex 74.314 49.5417 2
      vertex 74.2378 49.6843 0
      vertex 74.2378 49.6843 2
    endloop
  endfacet
  facet normal 0.881976 0.471294 0
    outer loop
      vertex 74.2378 49.6843 0
      vertex 74.314 49.5417 2
      vertex 74.314 49.5417 0
    endloop
  endfacet
  facet normal 0.995192 0.0979479 0
    outer loop
      vertex 87.5 50 2
      vertex 87.452 50.4877 0
      vertex 87.452 50.4877 2
    endloop
  endfacet
  facet normal 0.995192 0.0979479 0
    outer loop
      vertex 87.452 50.4877 0
      vertex 87.5 50 2
      vertex 87.5 50 0
    endloop
  endfacet
  facet normal -0.995192 0.0979479 0
    outer loop
      vertex 82.5 50 0
      vertex 82.548 50.4877 2
      vertex 82.548 50.4877 0
    endloop
  endfacet
  facet normal -0.995192 0.0979479 0
    outer loop
      vertex 82.548 50.4877 2
      vertex 82.5 50 0
      vertex 82.5 50 2
    endloop
  endfacet
  facet normal 0.0979479 0.995192 -0
    outer loop
      vertex 85.4877 52.452 0
      vertex 85 52.5 2
      vertex 85.4877 52.452 2
    endloop
  endfacet
  facet normal 0.0979479 0.995192 0
    outer loop
      vertex 85 52.5 2
      vertex 85.4877 52.452 0
      vertex 85 52.5 0
    endloop
  endfacet
  facet normal -0.0979479 -0.995192 0
    outer loop
      vertex 84.5123 47.548 0
      vertex 85 47.5 2
      vertex 84.5123 47.548 2
    endloop
  endfacet
  facet normal -0.0979479 -0.995192 -0
    outer loop
      vertex 85 47.5 2
      vertex 84.5123 47.548 0
      vertex 85 47.5 0
    endloop
  endfacet
  facet normal -0.773066 -0.634326 0
    outer loop
      vertex 83.2322 48.2322 0
      vertex 82.9213 48.6111 2
      vertex 82.9213 48.6111 0
    endloop
  endfacet
  facet normal -0.773066 -0.634326 0
    outer loop
      vertex 82.9213 48.6111 2
      vertex 83.2322 48.2322 0
      vertex 83.2322 48.2322 2
    endloop
  endfacet
  facet normal 0.773066 0.634326 0
    outer loop
      vertex 87.0787 51.3889 2
      vertex 86.7678 51.7678 0
      vertex 86.7678 51.7678 2
    endloop
  endfacet
  facet normal 0.773066 0.634326 0
    outer loop
      vertex 86.7678 51.7678 0
      vertex 87.0787 51.3889 2
      vertex 87.0787 51.3889 0
    endloop
  endfacet
  facet normal -0.634326 0.773066 0
    outer loop
      vertex 83.6111 52.0787 0
      vertex 83.2322 51.7678 2
      vertex 83.6111 52.0787 2
    endloop
  endfacet
  facet normal -0.634326 0.773066 0
    outer loop
      vertex 83.2322 51.7678 2
      vertex 83.6111 52.0787 0
      vertex 83.2322 51.7678 0
    endloop
  endfacet
  facet normal -0.290341 0.956923 0
    outer loop
      vertex 84.5123 52.452 0
      vertex 84.0433 52.3097 2
      vertex 84.5123 52.452 2
    endloop
  endfacet
  facet normal -0.290341 0.956923 0
    outer loop
      vertex 84.0433 52.3097 2
      vertex 84.5123 52.452 0
      vertex 84.0433 52.3097 0
    endloop
  endfacet
  facet normal 0.634326 -0.773066 0
    outer loop
      vertex 86.3889 47.9213 0
      vertex 86.7678 48.2322 2
      vertex 86.3889 47.9213 2
    endloop
  endfacet
  facet normal 0.634326 -0.773066 0
    outer loop
      vertex 86.7678 48.2322 2
      vertex 86.3889 47.9213 0
      vertex 86.7678 48.2322 0
    endloop
  endfacet
  facet normal 0.773066 -0.634326 0
    outer loop
      vertex 86.7678 48.2322 2
      vertex 87.0787 48.6111 0
      vertex 87.0787 48.6111 2
    endloop
  endfacet
  facet normal 0.773066 -0.634326 0
    outer loop
      vertex 87.0787 48.6111 0
      vertex 86.7678 48.2322 2
      vertex 86.7678 48.2322 0
    endloop
  endfacet
  facet normal 0 0 -1
    outer loop
      vertex 85.825 50 0
      vertex 87.5 50 0
      vertex 87.452 49.5123 0
    endloop
  endfacet
  facet normal 0 0 -1
    outer loop
      vertex 85.8092 49.8391 0
      vertex 87.452 49.5123 0
      vertex 87.3097 49.0433 0
    endloop
  endfacet
  facet normal 0 0 -1
    outer loop
      vertex 87.5 50 0
      vertex 85.825 50 0
      vertex 87.452 50.4877 0
    endloop
  endfacet
  facet normal 0 0 -1
    outer loop
      vertex 85.7622 49.6843 0
      vertex 87.3097 49.0433 0
      vertex 87.0787 48.6111 0
    endloop
  endfacet
  facet normal 0 0 -1
    outer loop
      vertex 85.8092 50.1609 0
      vertex 87.452 50.4877 0
      vertex 85.825 50 0
    endloop
  endfacet
  facet normal 0 0 -1
    outer loop
      vertex 85.686 49.5417 0
      vertex 87.0787 48.6111 0
      vertex 86.7678 48.2322 0
    endloop
  endfacet
  facet normal -0 0 -1
    outer loop
      vertex 87.452 50.4877 0
      vertex 85.8092 50.1609 0
      vertex 87.3097 50.9567 0
    endloop
  endfacet
  facet normal 0 0 -1
    outer loop
      vertex 85.5834 49.4166 0
      vertex 86.7678 48.2322 0
      vertex 86.3889 47.9213 0
    endloop
  endfacet
  facet normal 0 0 -1
    outer loop
      vertex 85.7622 50.3157 0
      vertex 87.3097 50.9567 0
      vertex 85.8092 50.1609 0
    endloop
  endfacet
  facet normal 0 0 -1
    outer loop
      vertex 85.4583 49.314 0
      vertex 86.3889 47.9213 0
      vertex 85.9567 47.6903 0
    endloop
  endfacet
  facet normal -0 0 -1
    outer loop
      vertex 87.3097 50.9567 0
      vertex 85.7622 50.3157 0
      vertex 87.0787 51.3889 0
    endloop
  endfacet
  facet normal 0 0 -1
    outer loop
      vertex 85.686 50.4583 0
      vertex 87.0787 51.3889 0
      vertex 85.7622 50.3157 0
    endloop
  endfacet
  facet normal 0 0 -1
    outer loop
      vertex 87.452 49.5123 0
      vertex 85.8092 49.8391 0
      vertex 85.825 50 0
    endloop
  endfacet
  facet normal 0 0 -1
    outer loop
      vertex 87.3097 49.0433 0
      vertex 85.7622 49.6843 0
      vertex 85.8092 49.8391 0
    endloop
  endfacet
  facet normal 0 0 -1
    outer loop
      vertex 87.0787 48.6111 0
      vertex 85.686 49.5417 0
      vertex 85.7622 49.6843 0
    endloop
  endfacet
  facet normal 0 0 -1
    outer loop
      vertex 86.7678 48.2322 0
      vertex 85.5834 49.4166 0
      vertex 85.686 49.5417 0
    endloop
  endfacet
  facet normal 0 0 -1
    outer loop
      vertex 85.3157 49.2378 0
      vertex 85.9567 47.6903 0
      vertex 85.4877 47.548 0
    endloop
  endfacet
  facet normal 0 0 -1
    outer loop
      vertex 86.3889 47.9213 0
      vertex 85.4583 49.314 0
      vertex 85.5834 49.4166 0
    endloop
  endfacet
  facet normal 0 0 -1
    outer loop
      vertex 85.9567 47.6903 0
      vertex 85.3157 49.2378 0
      vertex 85.4583 49.314 0
    endloop
  endfacet
  facet normal 0 0 -1
    outer loop
      vertex 85.4877 47.548 0
      vertex 85.1609 49.1909 0
      vertex 85.3157 49.2378 0
    endloop
  endfacet
  facet normal 0 0 -1
    outer loop
      vertex 85 47.5 0
      vertex 85.1609 49.1909 0
      vertex 85.4877 47.548 0
    endloop
  endfacet
  facet normal 0 0 -1
    outer loop
      vertex 85 47.5 0
      vertex 85 49.175 0
      vertex 85.1609 49.1909 0
    endloop
  endfacet
  facet normal 0 0 -1
    outer loop
      vertex 85 47.5 0
      vertex 84.8391 49.1909 0
      vertex 85 49.175 0
    endloop
  endfacet
  facet normal 0 0 -1
    outer loop
      vertex 84.5123 47.548 0
      vertex 84.8391 49.1909 0
      vertex 85 47.5 0
    endloop
  endfacet
  facet normal -0 0 -1
    outer loop
      vertex 84.8391 49.1909 0
      vertex 84.5123 47.548 0
      vertex 84.6843 49.2378 0
    endloop
  endfacet
  facet normal 0 0 -1
    outer loop
      vertex 84.0433 47.6903 0
      vertex 84.6843 49.2378 0
      vertex 84.5123 47.548 0
    endloop
  endfacet
  facet normal -0 0 -1
    outer loop
      vertex 84.6843 49.2378 0
      vertex 84.0433 47.6903 0
      vertex 84.5417 49.314 0
    endloop
  endfacet
  facet normal 0 0 -1
    outer loop
      vertex 83.6111 47.9213 0
      vertex 84.5417 49.314 0
      vertex 84.0433 47.6903 0
    endloop
  endfacet
  facet normal -0 0 -1
    outer loop
      vertex 84.5417 49.314 0
      vertex 83.6111 47.9213 0
      vertex 84.4166 49.4166 0
    endloop
  endfacet
  facet normal 0 0 -1
    outer loop
      vertex 83.2322 48.2322 0
      vertex 84.4166 49.4166 0
      vertex 83.6111 47.9213 0
    endloop
  endfacet
  facet normal 0 0 -1
    outer loop
      vertex 82.9213 48.6111 0
      vertex 84.314 49.5417 0
      vertex 83.2322 48.2322 0
    endloop
  endfacet
  facet normal -0 0 -1
    outer loop
      vertex 84.4166 49.4166 0
      vertex 83.2322 48.2322 0
      vertex 84.314 49.5417 0
    endloop
  endfacet
  facet normal -0 0 -1
    outer loop
      vertex 87.0787 51.3889 0
      vertex 85.686 50.4583 0
      vertex 86.7678 51.7678 0
    endloop
  endfacet
  facet normal 0 0 -1
    outer loop
      vertex 85.5834 50.5834 0
      vertex 86.7678 51.7678 0
      vertex 85.686 50.4583 0
    endloop
  endfacet
  facet normal -0 0 -1
    outer loop
      vertex 86.7678 51.7678 0
      vertex 85.5834 50.5834 0
      vertex 86.3889 52.0787 0
    endloop
  endfacet
  facet normal 0 0 -1
    outer loop
      vertex 85.4583 50.686 0
      vertex 86.3889 52.0787 0
      vertex 85.5834 50.5834 0
    endloop
  endfacet
  facet normal -0 0 -1
    outer loop
      vertex 86.3889 52.0787 0
      vertex 85.4583 50.686 0
      vertex 85.9567 52.3097 0
    endloop
  endfacet
  facet normal 0 0 -1
    outer loop
      vertex 85.3157 50.7622 0
      vertex 85.9567 52.3097 0
      vertex 85.4583 50.686 0
    endloop
  endfacet
  facet normal -0 0 -1
    outer loop
      vertex 85.9567 52.3097 0
      vertex 85.3157 50.7622 0
      vertex 85.4877 52.452 0
    endloop
  endfacet
  facet normal 0 0 -1
    outer loop
      vertex 85.1609 50.8091 0
      vertex 85.4877 52.452 0
      vertex 85.3157 50.7622 0
    endloop
  endfacet
  facet normal 0 0 -1
    outer loop
      vertex 85 50.825 0
      vertex 85.4877 52.452 0
      vertex 85.1609 50.8091 0
    endloop
  endfacet
  facet normal 0 0 -1
    outer loop
      vertex 85 50.825 0
      vertex 85 52.5 0
      vertex 85.4877 52.452 0
    endloop
  endfacet
  facet normal 0 0 -1
    outer loop
      vertex 84.8391 50.8091 0
      vertex 85 52.5 0
      vertex 85 50.825 0
    endloop
  endfacet
  facet normal 0 0 -1
    outer loop
      vertex 84.5123 52.452 0
      vertex 84.8391 50.8091 0
      vertex 84.6843 50.7622 0
    endloop
  endfacet
  facet normal 0 0 -1
    outer loop
      vertex 84.0433 52.3097 0
      vertex 84.6843 50.7622 0
      vertex 84.5417 50.686 0
    endloop
  endfacet
  facet normal 0 0 -1
    outer loop
      vertex 84.8391 50.8091 0
      vertex 84.5123 52.452 0
      vertex 85 52.5 0
    endloop
  endfacet
  facet normal 0 0 -1
    outer loop
      vertex 83.6111 52.0787 0
      vertex 84.5417 50.686 0
      vertex 84.4166 50.5834 0
    endloop
  endfacet
  facet normal 0 0 -1
    outer loop
      vertex 83.2322 51.7678 0
      vertex 84.4166 50.5834 0
      vertex 84.314 50.4583 0
    endloop
  endfacet
  facet normal 0 0 -1
    outer loop
      vertex 82.9213 51.3889 0
      vertex 84.314 50.4583 0
      vertex 84.2378 50.3157 0
    endloop
  endfacet
  facet normal 0 0 -1
    outer loop
      vertex 82.6903 50.9567 0
      vertex 84.2378 50.3157 0
      vertex 84.1908 50.1609 0
    endloop
  endfacet
  facet normal 0 0 -1
    outer loop
      vertex 84.6843 50.7622 0
      vertex 84.0433 52.3097 0
      vertex 84.5123 52.452 0
    endloop
  endfacet
  facet normal 0 0 -1
    outer loop
      vertex 82.548 50.4877 0
      vertex 84.1908 50.1609 0
      vertex 84.175 50 0
    endloop
  endfacet
  facet normal -0 0 -1
    outer loop
      vertex 84.314 49.5417 0
      vertex 82.9213 48.6111 0
      vertex 84.2378 49.6843 0
    endloop
  endfacet
  facet normal 0 0 -1
    outer loop
      vertex 82.6903 49.0433 0
      vertex 84.2378 49.6843 0
      vertex 82.9213 48.6111 0
    endloop
  endfacet
  facet normal 0 0 -1
    outer loop
      vertex 84.5417 50.686 0
      vertex 83.6111 52.0787 0
      vertex 84.0433 52.3097 0
    endloop
  endfacet
  facet normal -0 0 -1
    outer loop
      vertex 84.2378 49.6843 0
      vertex 82.6903 49.0433 0
      vertex 84.1908 49.8391 0
    endloop
  endfacet
  facet normal 0 0 -1
    outer loop
      vertex 84.4166 50.5834 0
      vertex 83.2322 51.7678 0
      vertex 83.6111 52.0787 0
    endloop
  endfacet
  facet normal 0 0 -1
    outer loop
      vertex 82.548 49.5123 0
      vertex 84.1908 49.8391 0
      vertex 82.6903 49.0433 0
    endloop
  endfacet
  facet normal 0 0 -1
    outer loop
      vertex 84.314 50.4583 0
      vertex 82.9213 51.3889 0
      vertex 83.2322 51.7678 0
    endloop
  endfacet
  facet normal -0 0 -1
    outer loop
      vertex 84.1908 49.8391 0
      vertex 82.548 49.5123 0
      vertex 84.175 50 0
    endloop
  endfacet
  facet normal 0 0 -1
    outer loop
      vertex 84.2378 50.3157 0
      vertex 82.6903 50.9567 0
      vertex 82.9213 51.3889 0
    endloop
  endfacet
  facet normal 0 0 -1
    outer loop
      vertex 82.5 50 0
      vertex 84.175 50 0
      vertex 82.548 49.5123 0
    endloop
  endfacet
  facet normal 0 0 -1
    outer loop
      vertex 84.1908 50.1609 0
      vertex 82.548 50.4877 0
      vertex 82.6903 50.9567 0
    endloop
  endfacet
  facet normal 0 0 -1
    outer loop
      vertex 84.175 50 0
      vertex 82.5 50 0
      vertex 82.548 50.4877 0
    endloop
  endfacet
  facet normal 0.881935 0.471372 0
    outer loop
      vertex 87.3097 50.9567 2
      vertex 87.0787 51.3889 0
      vertex 87.0787 51.3889 2
    endloop
  endfacet
  facet normal 0.881935 0.471372 0
    outer loop
      vertex 87.0787 51.3889 0
      vertex 87.3097 50.9567 2
      vertex 87.3097 50.9567 0
    endloop
  endfacet
  facet normal 0.956923 0.290341 0
    outer loop
      vertex 87.452 50.4877 2
      vertex 87.3097 50.9567 0
      vertex 87.3097 50.9567 2
    endloop
  endfacet
  facet normal 0.956923 0.290341 0
    outer loop
      vertex 87.3097 50.9567 0
      vertex 87.452 50.4877 2
      vertex 87.452 50.4877 0
    endloop
  endfacet
  facet normal 0.471372 0.881935 -0
    outer loop
      vertex 86.3889 52.0787 0
      vertex 85.9567 52.3097 2
      vertex 86.3889 52.0787 2
    endloop
  endfacet
  facet normal 0.471372 0.881935 0
    outer loop
      vertex 85.9567 52.3097 2
      vertex 86.3889 52.0787 0
      vertex 85.9567 52.3097 0
    endloop
  endfacet
  facet normal 0.290341 0.956923 -0
    outer loop
      vertex 85.9567 52.3097 0
      vertex 85.4877 52.452 2
      vertex 85.9567 52.3097 2
    endloop
  endfacet
  facet normal 0.290341 0.956923 0
    outer loop
      vertex 85.4877 52.452 2
      vertex 85.9567 52.3097 0
      vertex 85.4877 52.452 0
    endloop
  endfacet
  facet normal 0.634326 0.773066 -0
    outer loop
      vertex 86.7678 51.7678 0
      vertex 86.3889 52.0787 2
      vertex 86.7678 51.7678 2
    endloop
  endfacet
  facet normal 0.634326 0.773066 0
    outer loop
      vertex 86.3889 52.0787 2
      vertex 86.7678 51.7678 0
      vertex 86.3889 52.0787 0
    endloop
  endfacet
  facet normal -0.881935 0.471372 0
    outer loop
      vertex 82.6903 50.9567 0
      vertex 82.9213 51.3889 2
      vertex 82.9213 51.3889 0
    endloop
  endfacet
  facet normal -0.881935 0.471372 0
    outer loop
      vertex 82.9213 51.3889 2
      vertex 82.6903 50.9567 0
      vertex 82.6903 50.9567 2
    endloop
  endfacet
  facet normal -0.773066 0.634326 0
    outer loop
      vertex 82.9213 51.3889 0
      vertex 83.2322 51.7678 2
      vertex 83.2322 51.7678 0
    endloop
  endfacet
  facet normal -0.773066 0.634326 0
    outer loop
      vertex 83.2322 51.7678 2
      vertex 82.9213 51.3889 0
      vertex 82.9213 51.3889 2
    endloop
  endfacet
  facet normal -0.956923 0.290341 0
    outer loop
      vertex 82.548 50.4877 0
      vertex 82.6903 50.9567 2
      vertex 82.6903 50.9567 0
    endloop
  endfacet
  facet normal -0.956923 0.290341 0
    outer loop
      vertex 82.6903 50.9567 2
      vertex 82.548 50.4877 0
      vertex 82.548 50.4877 2
    endloop
  endfacet
  facet normal 0 0 1
    outer loop
      vertex 85.825 50 2
      vertex 87.5 50 2
      vertex 87.452 50.4877 2
    endloop
  endfacet
  facet normal 0 0 1
    outer loop
      vertex 85.8092 50.1609 2
      vertex 87.452 50.4877 2
      vertex 87.3097 50.9567 2
    endloop
  endfacet
  facet normal 0 0 1
    outer loop
      vertex 87.5 50 2
      vertex 85.825 50 2
      vertex 87.452 49.5123 2
    endloop
  endfacet
  facet normal 0 0 1
    outer loop
      vertex 85.7622 50.3157 2
      vertex 87.3097 50.9567 2
      vertex 87.0787 51.3889 2
    endloop
  endfacet
  facet normal -0 0 1
    outer loop
      vertex 85.8092 49.8391 2
      vertex 87.452 49.5123 2
      vertex 85.825 50 2
    endloop
  endfacet
  facet normal 0 0 1
    outer loop
      vertex 85.686 50.4583 2
      vertex 87.0787 51.3889 2
      vertex 86.7678 51.7678 2
    endloop
  endfacet
  facet normal 0 0 1
    outer loop
      vertex 87.452 49.5123 2
      vertex 85.8092 49.8391 2
      vertex 87.3097 49.0433 2
    endloop
  endfacet
  facet normal 0 0 1
    outer loop
      vertex 85.5834 50.5834 2
      vertex 86.7678 51.7678 2
      vertex 86.3889 52.0787 2
    endloop
  endfacet
  facet normal -0 0 1
    outer loop
      vertex 85.7622 49.6843 2
      vertex 87.3097 49.0433 2
      vertex 85.8092 49.8391 2
    endloop
  endfacet
  facet normal 0 0 1
    outer loop
      vertex 85.4583 50.686 2
      vertex 86.3889 52.0787 2
      vertex 85.9567 52.3097 2
    endloop
  endfacet
  facet normal 0 0 1
    outer loop
      vertex 87.3097 49.0433 2
      vertex 85.7622 49.6843 2
      vertex 87.0787 48.6111 2
    endloop
  endfacet
  facet normal -0 0 1
    outer loop
      vertex 85.686 49.5417 2
      vertex 87.0787 48.6111 2
      vertex 85.7622 49.6843 2
    endloop
  endfacet
  facet normal 0 0 1
    outer loop
      vertex 87.452 50.4877 2
      vertex 85.8092 50.1609 2
      vertex 85.825 50 2
    endloop
  endfacet
  facet normal 0 0 1
    outer loop
      vertex 87.3097 50.9567 2
      vertex 85.7622 50.3157 2
      vertex 85.8092 50.1609 2
    endloop
  endfacet
  facet normal 0 0 1
    outer loop
      vertex 87.0787 51.3889 2
      vertex 85.686 50.4583 2
      vertex 85.7622 50.3157 2
    endloop
  endfacet
  facet normal 0 0 1
    outer loop
      vertex 86.7678 51.7678 2
      vertex 85.5834 50.5834 2
      vertex 85.686 50.4583 2
    endloop
  endfacet
  facet normal 0 0 1
    outer loop
      vertex 85.3157 50.7622 2
      vertex 85.9567 52.3097 2
      vertex 85.4877 52.452 2
    endloop
  endfacet
  facet normal 0 0 1
    outer loop
      vertex 86.3889 52.0787 2
      vertex 85.4583 50.686 2
      vertex 85.5834 50.5834 2
    endloop
  endfacet
  facet normal 0 0 1
    outer loop
      vertex 85.9567 52.3097 2
      vertex 85.3157 50.7622 2
      vertex 85.4583 50.686 2
    endloop
  endfacet
  facet normal 0 0 1
    outer loop
      vertex 85.4877 52.452 2
      vertex 85.1609 50.8091 2
      vertex 85.3157 50.7622 2
    endloop
  endfacet
  facet normal 0 0 1
    outer loop
      vertex 85 52.5 2
      vertex 85.1609 50.8091 2
      vertex 85.4877 52.452 2
    endloop
  endfacet
  facet normal 0 0 1
    outer loop
      vertex 85 52.5 2
      vertex 85 50.825 2
      vertex 85.1609 50.8091 2
    endloop
  endfacet
  facet normal 0 0 1
    outer loop
      vertex 85 52.5 2
      vertex 84.8391 50.8091 2
      vertex 85 50.825 2
    endloop
  endfacet
  facet normal -0 0 1
    outer loop
      vertex 84.5123 52.452 2
      vertex 84.8391 50.8091 2
      vertex 85 52.5 2
    endloop
  endfacet
  facet normal 0 0 1
    outer loop
      vertex 84.8391 50.8091 2
      vertex 84.5123 52.452 2
      vertex 84.6843 50.7622 2
    endloop
  endfacet
  facet normal -0 0 1
    outer loop
      vertex 84.0433 52.3097 2
      vertex 84.6843 50.7622 2
      vertex 84.5123 52.452 2
    endloop
  endfacet
  facet normal 0 0 1
    outer loop
      vertex 84.6843 50.7622 2
      vertex 84.0433 52.3097 2
      vertex 84.5417 50.686 2
    endloop
  endfacet
  facet normal -0 0 1
    outer loop
      vertex 83.6111 52.0787 2
      vertex 84.5417 50.686 2
      vertex 84.0433 52.3097 2
    endloop
  endfacet
  facet normal 0 0 1
    outer loop
      vertex 84.5417 50.686 2
      vertex 83.6111 52.0787 2
      vertex 84.4166 50.5834 2
    endloop
  endfacet
  facet normal -0 0 1
    outer loop
      vertex 83.2322 51.7678 2
      vertex 84.4166 50.5834 2
      vertex 83.6111 52.0787 2
    endloop
  endfacet
  facet normal -0 0 1
    outer loop
      vertex 82.9213 51.3889 2
      vertex 84.314 50.4583 2
      vertex 83.2322 51.7678 2
    endloop
  endfacet
  facet normal 0 0 1
    outer loop
      vertex 84.4166 50.5834 2
      vertex 83.2322 51.7678 2
      vertex 84.314 50.4583 2
    endloop
  endfacet
  facet normal 0 0 1
    outer loop
      vertex 87.0787 48.6111 2
      vertex 85.686 49.5417 2
      vertex 86.7678 48.2322 2
    endloop
  endfacet
  facet normal -0 0 1
    outer loop
      vertex 85.5834 49.4166 2
      vertex 86.7678 48.2322 2
      vertex 85.686 49.5417 2
    endloop
  endfacet
  facet normal 0 0 1
    outer loop
      vertex 86.7678 48.2322 2
      vertex 85.5834 49.4166 2
      vertex 86.3889 47.9213 2
    endloop
  endfacet
  facet normal -0 0 1
    outer loop
      vertex 85.4583 49.314 2
      vertex 86.3889 47.9213 2
      vertex 85.5834 49.4166 2
    endloop
  endfacet
  facet normal 0 0 1
    outer loop
      vertex 86.3889 47.9213 2
      vertex 85.4583 49.314 2
      vertex 85.9567 47.6903 2
    endloop
  endfacet
  facet normal -0 0 1
    outer loop
      vertex 85.3157 49.2378 2
      vertex 85.9567 47.6903 2
      vertex 85.4583 49.314 2
    endloop
  endfacet
  facet normal 0 0 1
    outer loop
      vertex 85.9567 47.6903 2
      vertex 85.3157 49.2378 2
      vertex 85.4877 47.548 2
    endloop
  endfacet
  facet normal -0 0 1
    outer loop
      vertex 85.1609 49.1909 2
      vertex 85.4877 47.548 2
      vertex 85.3157 49.2378 2
    endloop
  endfacet
  facet normal -0 0 1
    outer loop
      vertex 85 49.175 2
      vertex 85.4877 47.548 2
      vertex 85.1609 49.1909 2
    endloop
  endfacet
  facet normal 0 0 1
    outer loop
      vertex 85 49.175 2
      vertex 85 47.5 2
      vertex 85.4877 47.548 2
    endloop
  endfacet
  facet normal 0 0 1
    outer loop
      vertex 84.8391 49.1909 2
      vertex 85 47.5 2
      vertex 85 49.175 2
    endloop
  endfacet
  facet normal 0 0 1
    outer loop
      vertex 84.5123 47.548 2
      vertex 84.8391 49.1909 2
      vertex 84.6843 49.2378 2
    endloop
  endfacet
  facet normal 0 0 1
    outer loop
      vertex 84.0433 47.6903 2
      vertex 84.6843 49.2378 2
      vertex 84.5417 49.314 2
    endloop
  endfacet
  facet normal 0 0 1
    outer loop
      vertex 84.8391 49.1909 2
      vertex 84.5123 47.548 2
      vertex 85 47.5 2
    endloop
  endfacet
  facet normal 0 0 1
    outer loop
      vertex 83.6111 47.9213 2
      vertex 84.5417 49.314 2
      vertex 84.4166 49.4166 2
    endloop
  endfacet
  facet normal 0 0 1
    outer loop
      vertex 83.2322 48.2322 2
      vertex 84.4166 49.4166 2
      vertex 84.314 49.5417 2
    endloop
  endfacet
  facet normal 0 0 1
    outer loop
      vertex 82.9213 48.6111 2
      vertex 84.314 49.5417 2
      vertex 84.2378 49.6843 2
    endloop
  endfacet
  facet normal 0 0 1
    outer loop
      vertex 82.6903 49.0433 2
      vertex 84.2378 49.6843 2
      vertex 84.1908 49.8391 2
    endloop
  endfacet
  facet normal 0 0 1
    outer loop
      vertex 84.6843 49.2378 2
      vertex 84.0433 47.6903 2
      vertex 84.5123 47.548 2
    endloop
  endfacet
  facet normal 0 0 1
    outer loop
      vertex 82.548 49.5123 2
      vertex 84.1908 49.8391 2
      vertex 84.175 50 2
    endloop
  endfacet
  facet normal 0 0 1
    outer loop
      vertex 84.314 50.4583 2
      vertex 82.9213 51.3889 2
      vertex 84.2378 50.3157 2
    endloop
  endfacet
  facet normal -0 0 1
    outer loop
      vertex 82.6903 50.9567 2
      vertex 84.2378 50.3157 2
      vertex 82.9213 51.3889 2
    endloop
  endfacet
  facet normal 0 0 1
    outer loop
      vertex 84.5417 49.314 2
      vertex 83.6111 47.9213 2
      vertex 84.0433 47.6903 2
    endloop
  endfacet
  facet normal 0 0 1
    outer loop
      vertex 84.2378 50.3157 2
      vertex 82.6903 50.9567 2
      vertex 84.1908 50.1609 2
    endloop
  endfacet
  facet normal 0 0 1
    outer loop
      vertex 84.4166 49.4166 2
      vertex 83.2322 48.2322 2
      vertex 83.6111 47.9213 2
    endloop
  endfacet
  facet normal -0 0 1
    outer loop
      vertex 82.548 50.4877 2
      vertex 84.1908 50.1609 2
      vertex 82.6903 50.9567 2
    endloop
  endfacet
  facet normal 0 0 1
    outer loop
      vertex 84.314 49.5417 2
      vertex 82.9213 48.6111 2
      vertex 83.2322 48.2322 2
    endloop
  endfacet
  facet normal 0 0 1
    outer loop
      vertex 84.1908 50.1609 2
      vertex 82.548 50.4877 2
      vertex 84.175 50 2
    endloop
  endfacet
  facet normal 0 0 1
    outer loop
      vertex 84.2378 49.6843 2
      vertex 82.6903 49.0433 2
      vertex 82.9213 48.6111 2
    endloop
  endfacet
  facet normal 0 0 1
    outer loop
      vertex 82.5 50 2
      vertex 84.175 50 2
      vertex 82.548 50.4877 2
    endloop
  endfacet
  facet normal 0 0 1
    outer loop
      vertex 84.1908 49.8391 2
      vertex 82.548 49.5123 2
      vertex 82.6903 49.0433 2
    endloop
  endfacet
  facet normal 0 0 1
    outer loop
      vertex 84.175 50 2
      vertex 82.5 50 2
      vertex 82.548 49.5123 2
    endloop
  endfacet
  facet normal -0.471372 0.881935 0
    outer loop
      vertex 84.0433 52.3097 0
      vertex 83.6111 52.0787 2
      vertex 84.0433 52.3097 2
    endloop
  endfacet
  facet normal -0.471372 0.881935 0
    outer loop
      vertex 83.6111 52.0787 2
      vertex 84.0433 52.3097 0
      vertex 83.6111 52.0787 0
    endloop
  endfacet
  facet normal -0.0979479 0.995192 0
    outer loop
      vertex 85 52.5 0
      vertex 84.5123 52.452 2
      vertex 85 52.5 2
    endloop
  endfacet
  facet normal -0.0979479 0.995192 0
    outer loop
      vertex 84.5123 52.452 2
      vertex 85 52.5 0
      vertex 84.5123 52.452 0
    endloop
  endfacet
  facet normal 0.995192 -0.0979479 0
    outer loop
      vertex 87.452 49.5123 2
      vertex 87.5 50 0
      vertex 87.5 50 2
    endloop
  endfacet
  facet normal 0.995192 -0.0979479 0
    outer loop
      vertex 87.5 50 0
      vertex 87.452 49.5123 2
      vertex 87.452 49.5123 0
    endloop
  endfacet
  facet normal 0.0979479 -0.995192 0
    outer loop
      vertex 85 47.5 0
      vertex 85.4877 47.548 2
      vertex 85 47.5 2
    endloop
  endfacet
  facet normal 0.0979479 -0.995192 0
    outer loop
      vertex 85.4877 47.548 2
      vertex 85 47.5 0
      vertex 85.4877 47.548 0
    endloop
  endfacet
  facet normal 0.471372 -0.881935 0
    outer loop
      vertex 85.9567 47.6903 0
      vertex 86.3889 47.9213 2
      vertex 85.9567 47.6903 2
    endloop
  endfacet
  facet normal 0.471372 -0.881935 0
    outer loop
      vertex 86.3889 47.9213 2
      vertex 85.9567 47.6903 0
      vertex 86.3889 47.9213 0
    endloop
  endfacet
  facet normal -0.634326 -0.773066 0
    outer loop
      vertex 83.2322 48.2322 0
      vertex 83.6111 47.9213 2
      vertex 83.2322 48.2322 2
    endloop
  endfacet
  facet normal -0.634326 -0.773066 -0
    outer loop
      vertex 83.6111 47.9213 2
      vertex 83.2322 48.2322 0
      vertex 83.6111 47.9213 0
    endloop
  endfacet
  facet normal -0.290341 -0.956923 0
    outer loop
      vertex 84.0433 47.6903 0
      vertex 84.5123 47.548 2
      vertex 84.0433 47.6903 2
    endloop
  endfacet
  facet normal -0.290341 -0.956923 -0
    outer loop
      vertex 84.5123 47.548 2
      vertex 84.0433 47.6903 0
      vertex 84.5123 47.548 0
    endloop
  endfacet
  facet normal -0.881935 -0.471372 0
    outer loop
      vertex 82.9213 48.6111 0
      vertex 82.6903 49.0433 2
      vertex 82.6903 49.0433 0
    endloop
  endfacet
  facet normal -0.881935 -0.471372 0
    outer loop
      vertex 82.6903 49.0433 2
      vertex 82.9213 48.6111 0
      vertex 82.9213 48.6111 2
    endloop
  endfacet
  facet normal -0.995192 -0.0979479 0
    outer loop
      vertex 82.548 49.5123 0
      vertex 82.5 50 2
      vertex 82.5 50 0
    endloop
  endfacet
  facet normal -0.995192 -0.0979479 0
    outer loop
      vertex 82.5 50 2
      vertex 82.548 49.5123 0
      vertex 82.548 49.5123 2
    endloop
  endfacet
  facet normal 0.290341 -0.956923 0
    outer loop
      vertex 85.4877 47.548 0
      vertex 85.9567 47.6903 2
      vertex 85.4877 47.548 2
    endloop
  endfacet
  facet normal 0.290341 -0.956923 0
    outer loop
      vertex 85.9567 47.6903 2
      vertex 85.4877 47.548 0
      vertex 85.9567 47.6903 0
    endloop
  endfacet
  facet normal 0.881935 -0.471372 0
    outer loop
      vertex 87.0787 48.6111 2
      vertex 87.3097 49.0433 0
      vertex 87.3097 49.0433 2
    endloop
  endfacet
  facet normal 0.881935 -0.471372 0
    outer loop
      vertex 87.3097 49.0433 0
      vertex 87.0787 48.6111 2
      vertex 87.0787 48.6111 0
    endloop
  endfacet
  facet normal 0.956923 -0.290341 0
    outer loop
      vertex 87.3097 49.0433 2
      vertex 87.452 49.5123 0
      vertex 87.452 49.5123 2
    endloop
  endfacet
  facet normal 0.956923 -0.290341 0
    outer loop
      vertex 87.452 49.5123 0
      vertex 87.3097 49.0433 2
      vertex 87.3097 49.0433 0
    endloop
  endfacet
  facet normal -0.471372 -0.881935 0
    outer loop
      vertex 83.6111 47.9213 0
      vertex 84.0433 47.6903 2
      vertex 83.6111 47.9213 2
    endloop
  endfacet
  facet normal -0.471372 -0.881935 -0
    outer loop
      vertex 84.0433 47.6903 2
      vertex 83.6111 47.9213 0
      vertex 84.0433 47.6903 0
    endloop
  endfacet
  facet normal -0.956923 -0.290341 0
    outer loop
      vertex 82.6903 49.0433 0
      vertex 82.548 49.5123 2
      vertex 82.548 49.5123 0
    endloop
  endfacet
  facet normal -0.956923 -0.290341 0
    outer loop
      vertex 82.548 49.5123 2
      vertex 82.6903 49.0433 0
      vertex 82.6903 49.0433 2
    endloop
  endfacet
  facet normal -0.995213 -0.0977276 0
    outer loop
      vertex 85.825 50 0
      vertex 85.8092 50.1609 2
      vertex 85.8092 50.1609 0
    endloop
  endfacet
  facet normal -0.995213 -0.0977276 0
    outer loop
      vertex 85.8092 50.1609 2
      vertex 85.825 50 0
      vertex 85.825 50 2
    endloop
  endfacet
  facet normal 0.995213 -0.0977276 0
    outer loop
      vertex 84.175 50 2
      vertex 84.1908 50.1609 0
      vertex 84.1908 50.1609 2
    endloop
  endfacet
  facet normal 0.995213 -0.0977276 0
    outer loop
      vertex 84.1908 50.1609 0
      vertex 84.175 50 2
      vertex 84.175 50 0
    endloop
  endfacet
  facet normal 0.0983402 -0.995153 0
    outer loop
      vertex 84.8391 50.8091 0
      vertex 85 50.825 2
      vertex 84.8391 50.8091 2
    endloop
  endfacet
  facet normal 0.0983402 -0.995153 0
    outer loop
      vertex 85 50.825 2
      vertex 84.8391 50.8091 0
      vertex 85 50.825 0
    endloop
  endfacet
  facet normal -0.0983402 0.995153 0
    outer loop
      vertex 85.1609 49.1909 0
      vertex 85 49.175 2
      vertex 85.1609 49.1909 2
    endloop
  endfacet
  facet normal -0.0983402 0.995153 0
    outer loop
      vertex 85 49.175 2
      vertex 85.1609 49.1909 0
      vertex 85 49.175 0
    endloop
  endfacet
  facet normal -0.634146 -0.773213 0
    outer loop
      vertex 85.4583 50.686 0
      vertex 85.5834 50.5834 2
      vertex 85.4583 50.686 2
    endloop
  endfacet
  facet normal -0.634146 -0.773213 -0
    outer loop
      vertex 85.5834 50.5834 2
      vertex 85.4583 50.686 0
      vertex 85.5834 50.5834 0
    endloop
  endfacet
  facet normal 0.773213 -0.634146 0
    outer loop
      vertex 84.314 50.4583 2
      vertex 84.4166 50.5834 0
      vertex 84.4166 50.5834 2
    endloop
  endfacet
  facet normal 0.773213 -0.634146 0
    outer loop
      vertex 84.4166 50.5834 0
      vertex 84.314 50.4583 2
      vertex 84.314 50.4583 0
    endloop
  endfacet
  facet normal 0.471294 -0.881976 0
    outer loop
      vertex 84.5417 50.686 0
      vertex 84.6843 50.7622 2
      vertex 84.5417 50.686 2
    endloop
  endfacet
  facet normal 0.471294 -0.881976 0
    outer loop
      vertex 84.6843 50.7622 2
      vertex 84.5417 50.686 0
      vertex 84.6843 50.7622 0
    endloop
  endfacet
  facet normal -0.881976 0.471294 0
    outer loop
      vertex 85.686 49.5417 0
      vertex 85.7622 49.6843 2
      vertex 85.7622 49.6843 0
    endloop
  endfacet
  facet normal -0.881976 0.471294 0
    outer loop
      vertex 85.7622 49.6843 2
      vertex 85.686 49.5417 0
      vertex 85.686 49.5417 2
    endloop
  endfacet
  facet normal -0.881976 -0.471294 0
    outer loop
      vertex 85.7622 50.3157 0
      vertex 85.686 50.4583 2
      vertex 85.686 50.4583 0
    endloop
  endfacet
  facet normal -0.881976 -0.471294 0
    outer loop
      vertex 85.686 50.4583 2
      vertex 85.7622 50.3157 0
      vertex 85.7622 50.3157 2
    endloop
  endfacet
  facet normal -0.956868 -0.290522 0
    outer loop
      vertex 85.8092 50.1609 0
      vertex 85.7622 50.3157 2
      vertex 85.7622 50.3157 0
    endloop
  endfacet
  facet normal -0.956868 -0.290522 0
    outer loop
      vertex 85.7622 50.3157 2
      vertex 85.8092 50.1609 0
      vertex 85.8092 50.1609 2
    endloop
  endfacet
  facet normal -0.773213 -0.634146 0
    outer loop
      vertex 85.686 50.4583 0
      vertex 85.5834 50.5834 2
      vertex 85.5834 50.5834 0
    endloop
  endfacet
  facet normal -0.773213 -0.634146 0
    outer loop
      vertex 85.5834 50.5834 2
      vertex 85.686 50.4583 0
      vertex 85.686 50.4583 2
    endloop
  endfacet
  facet normal -0.289956 -0.95704 0
    outer loop
      vertex 85.1609 50.8091 0
      vertex 85.3157 50.7622 2
      vertex 85.1609 50.8091 2
    endloop
  endfacet
  facet normal -0.289956 -0.95704 -0
    outer loop
      vertex 85.3157 50.7622 2
      vertex 85.1609 50.8091 0
      vertex 85.3157 50.7622 0
    endloop
  endfacet
  facet normal -0.0983402 -0.995153 0
    outer loop
      vertex 85 50.825 0
      vertex 85.1609 50.8091 2
      vertex 85 50.825 2
    endloop
  endfacet
  facet normal -0.0983402 -0.995153 -0
    outer loop
      vertex 85.1609 50.8091 2
      vertex 85 50.825 0
      vertex 85.1609 50.8091 0
    endloop
  endfacet
  facet normal -0.471294 -0.881976 0
    outer loop
      vertex 85.3157 50.7622 0
      vertex 85.4583 50.686 2
      vertex 85.3157 50.7622 2
    endloop
  endfacet
  facet normal -0.471294 -0.881976 -0
    outer loop
      vertex 85.4583 50.686 2
      vertex 85.3157 50.7622 0
      vertex 85.4583 50.686 0
    endloop
  endfacet
  facet normal 0.881976 -0.471294 0
    outer loop
      vertex 84.2378 50.3157 2
      vertex 84.314 50.4583 0
      vertex 84.314 50.4583 2
    endloop
  endfacet
  facet normal 0.881976 -0.471294 0
    outer loop
      vertex 84.314 50.4583 0
      vertex 84.2378 50.3157 2
      vertex 84.2378 50.3157 0
    endloop
  endfacet
  facet normal 0.956868 -0.290522 0
    outer loop
      vertex 84.1908 50.1609 2
      vertex 84.2378 50.3157 0
      vertex 84.2378 50.3157 2
    endloop
  endfacet
  facet normal 0.956868 -0.290522 0
    outer loop
      vertex 84.2378 50.3157 0
      vertex 84.1908 50.1609 2
      vertex 84.1908 50.1609 0
    endloop
  endfacet
  facet normal 0.634146 -0.773213 0
    outer loop
      vertex 84.4166 50.5834 0
      vertex 84.5417 50.686 2
      vertex 84.4166 50.5834 2
    endloop
  endfacet
  facet normal 0.634146 -0.773213 0
    outer loop
      vertex 84.5417 50.686 2
      vertex 84.4166 50.5834 0
      vertex 84.5417 50.686 0
    endloop
  endfacet
  facet normal 0.289956 -0.95704 0
    outer loop
      vertex 84.6843 50.7622 0
      vertex 84.8391 50.8091 2
      vertex 84.6843 50.7622 2
    endloop
  endfacet
  facet normal 0.289956 -0.95704 0
    outer loop
      vertex 84.8391 50.8091 2
      vertex 84.6843 50.7622 0
      vertex 84.8391 50.8091 0
    endloop
  endfacet
  facet normal -0.956868 0.290522 0
    outer loop
      vertex 85.7622 49.6843 0
      vertex 85.8092 49.8391 2
      vertex 85.8092 49.8391 0
    endloop
  endfacet
  facet normal -0.956868 0.290522 0
    outer loop
      vertex 85.8092 49.8391 2
      vertex 85.7622 49.6843 0
      vertex 85.7622 49.6843 2
    endloop
  endfacet
  facet normal -0.995213 0.0977276 0
    outer loop
      vertex 85.8092 49.8391 0
      vertex 85.825 50 2
      vertex 85.825 50 0
    endloop
  endfacet
  facet normal -0.995213 0.0977276 0
    outer loop
      vertex 85.825 50 2
      vertex 85.8092 49.8391 0
      vertex 85.8092 49.8391 2
    endloop
  endfacet
  facet normal 0.995213 0.0977276 0
    outer loop
      vertex 84.1908 49.8391 2
      vertex 84.175 50 0
      vertex 84.175 50 2
    endloop
  endfacet
  facet normal 0.995213 0.0977276 0
    outer loop
      vertex 84.175 50 0
      vertex 84.1908 49.8391 2
      vertex 84.1908 49.8391 0
    endloop
  endfacet
  facet normal -0.289956 0.95704 0
    outer loop
      vertex 85.3157 49.2378 0
      vertex 85.1609 49.1909 2
      vertex 85.3157 49.2378 2
    endloop
  endfacet
  facet normal -0.289956 0.95704 0
    outer loop
      vertex 85.1609 49.1909 2
      vertex 85.3157 49.2378 0
      vertex 85.1609 49.1909 0
    endloop
  endfacet
  facet normal -0.634146 0.773213 0
    outer loop
      vertex 85.5834 49.4166 0
      vertex 85.4583 49.314 2
      vertex 85.5834 49.4166 2
    endloop
  endfacet
  facet normal -0.634146 0.773213 0
    outer loop
      vertex 85.4583 49.314 2
      vertex 85.5834 49.4166 0
      vertex 85.4583 49.314 0
    endloop
  endfacet
  facet normal 0.0983402 0.995153 -0
    outer loop
      vertex 85 49.175 0
      vertex 84.8391 49.1909 2
      vertex 85 49.175 2
    endloop
  endfacet
  facet normal 0.0983402 0.995153 0
    outer loop
      vertex 84.8391 49.1909 2
      vertex 85 49.175 0
      vertex 84.8391 49.1909 0
    endloop
  endfacet
  facet normal 0.634146 0.773213 -0
    outer loop
      vertex 84.5417 49.314 0
      vertex 84.4166 49.4166 2
      vertex 84.5417 49.314 2
    endloop
  endfacet
  facet normal 0.634146 0.773213 0
    outer loop
      vertex 84.4166 49.4166 2
      vertex 84.5417 49.314 0
      vertex 84.4166 49.4166 0
    endloop
  endfacet
  facet normal 0.773213 0.634146 0
    outer loop
      vertex 84.4166 49.4166 2
      vertex 84.314 49.5417 0
      vertex 84.314 49.5417 2
    endloop
  endfacet
  facet normal 0.773213 0.634146 0
    outer loop
      vertex 84.314 49.5417 0
      vertex 84.4166 49.4166 2
      vertex 84.4166 49.4166 0
    endloop
  endfacet
  facet normal 0.956868 0.290522 0
    outer loop
      vertex 84.2378 49.6843 2
      vertex 84.1908 49.8391 0
      vertex 84.1908 49.8391 2
    endloop
  endfacet
  facet normal 0.956868 0.290522 0
    outer loop
      vertex 84.1908 49.8391 0
      vertex 84.2378 49.6843 2
      vertex 84.2378 49.6843 0
    endloop
  endfacet
  facet normal -0.471294 0.881976 0
    outer loop
      vertex 85.4583 49.314 0
      vertex 85.3157 49.2378 2
      vertex 85.4583 49.314 2
    endloop
  endfacet
  facet normal -0.471294 0.881976 0
    outer loop
      vertex 85.3157 49.2378 2
      vertex 85.4583 49.314 0
      vertex 85.3157 49.2378 0
    endloop
  endfacet
  facet normal -0.773213 0.634146 0
    outer loop
      vertex 85.5834 49.4166 0
      vertex 85.686 49.5417 2
      vertex 85.686 49.5417 0
    endloop
  endfacet
  facet normal -0.773213 0.634146 0
    outer loop
      vertex 85.686 49.5417 2
      vertex 85.5834 49.4166 0
      vertex 85.5834 49.4166 2
    endloop
  endfacet
  facet normal 0.289956 0.95704 -0
    outer loop
      vertex 84.8391 49.1909 0
      vertex 84.6843 49.2378 2
      vertex 84.8391 49.1909 2
    endloop
  endfacet
  facet normal 0.289956 0.95704 0
    outer loop
      vertex 84.6843 49.2378 2
      vertex 84.8391 49.1909 0
      vertex 84.6843 49.2378 0
    endloop
  endfacet
  facet normal 0.471294 0.881976 -0
    outer loop
      vertex 84.6843 49.2378 0
      vertex 84.5417 49.314 2
      vertex 84.6843 49.2378 2
    endloop
  endfacet
  facet normal 0.471294 0.881976 0
    outer loop
      vertex 84.5417 49.314 2
      vertex 84.6843 49.2378 0
      vertex 84.5417 49.314 0
    endloop
  endfacet
  facet normal 0.881976 0.471294 0
    outer loop
      vertex 84.314 49.5417 2
      vertex 84.2378 49.6843 0
      vertex 84.2378 49.6843 2
    endloop
  endfacet
  facet normal 0.881976 0.471294 0
    outer loop
      vertex 84.2378 49.6843 0
      vertex 84.314 49.5417 2
      vertex 84.314 49.5417 0
    endloop
  endfacet
endsolid OpenSCAD_Model
