solid OpenSCAD_Model
  facet normal -0.793359 -0.608754 0
    outer loop
      vertex 0.292892 -5.20711 6
      vertex 0.133974 -5 43
      vertex 0.133974 -5 6
    endloop
  endfacet
  facet normal -0.793359 -0.608754 0
    outer loop
      vertex 0.133974 -5 43
      vertex 0.292892 -5.20711 6
      vertex 0.292892 -5.20711 43
    endloop
  endfacet
  facet normal 0.923866 0.382716 0
    outer loop
      vertex 1.96593 -4.24118 43
      vertex 1.86602 -4 6
      vertex 1.86602 -4 43
    endloop
  endfacet
  facet normal 0.923866 0.382716 0
    outer loop
      vertex 1.86602 -4 6
      vertex 1.96593 -4.24118 43
      vertex 1.96593 -4.24118 6
    endloop
  endfacet
  facet normal 0.991447 0.13051 0
    outer loop
      vertex 2 -4.5 43
      vertex 1.96593 -4.24118 6
      vertex 1.96593 -4.24118 43
    endloop
  endfacet
  facet normal 0.991447 0.13051 0
    outer loop
      vertex 1.96593 -4.24118 6
      vertex 2 -4.5 43
      vertex 2 -4.5 6
    endloop
  endfacet
  facet normal -0.13051 0.991447 0
    outer loop
      vertex 1 -3.5 6
      vertex 0.74118 -3.53407 43
      vertex 1 -3.5 43
    endloop
  endfacet
  facet normal -0.13051 0.991447 0
    outer loop
      vertex 0.74118 -3.53407 43
      vertex 1 -3.5 6
      vertex 0.74118 -3.53407 6
    endloop
  endfacet
  facet normal 0.382716 0.923866 -0
    outer loop
      vertex 1.5 -3.63398 6
      vertex 1.25882 -3.53407 43
      vertex 1.5 -3.63398 43
    endloop
  endfacet
  facet normal 0.382716 0.923866 0
    outer loop
      vertex 1.25882 -3.53407 43
      vertex 1.5 -3.63398 6
      vertex 1.25882 -3.53407 6
    endloop
  endfacet
  facet normal 0.793374 -0.608735 0
    outer loop
      vertex 1.70711 -5.20711 43
      vertex 1.86602 -5 6
      vertex 1.86602 -5 43
    endloop
  endfacet
  facet normal 0.793374 -0.608735 0
    outer loop
      vertex 1.86602 -5 6
      vertex 1.70711 -5.20711 43
      vertex 1.70711 -5.20711 6
    endloop
  endfacet
  facet normal -0.382716 0.923866 0
    outer loop
      vertex 0.74118 -3.53407 6
      vertex 0.5 -3.63398 43
      vertex 0.74118 -3.53407 43
    endloop
  endfacet
  facet normal -0.382716 0.923866 0
    outer loop
      vertex 0.5 -3.63398 43
      vertex 0.74118 -3.53407 6
      vertex 0.5 -3.63398 6
    endloop
  endfacet
  facet normal 0.608759 -0.793355 0
    outer loop
      vertex 1.5 -5.36603 6
      vertex 1.70711 -5.20711 43
      vertex 1.5 -5.36603 43
    endloop
  endfacet
  facet normal 0.608759 -0.793355 0
    outer loop
      vertex 1.70711 -5.20711 43
      vertex 1.5 -5.36603 6
      vertex 1.70711 -5.20711 6
    endloop
  endfacet
  facet normal -0.382683 -0.92388 0
    outer loop
      vertex 0.5 -5.36603 6
      vertex 0.74118 -5.46593 43
      vertex 0.5 -5.36603 43
    endloop
  endfacet
  facet normal -0.382683 -0.92388 -0
    outer loop
      vertex 0.74118 -5.46593 43
      vertex 0.5 -5.36603 6
      vertex 0.74118 -5.46593 6
    endloop
  endfacet
  facet normal 0.991447 -0.13051 0
    outer loop
      vertex 1.96593 -4.75882 43
      vertex 2 -4.5 6
      vertex 2 -4.5 43
    endloop
  endfacet
  facet normal 0.991447 -0.13051 0
    outer loop
      vertex 2 -4.5 6
      vertex 1.96593 -4.75882 43
      vertex 1.96593 -4.75882 6
    endloop
  endfacet
  facet normal -0.793359 0.608754 0
    outer loop
      vertex 0.133974 -4 6
      vertex 0.292892 -3.79289 43
      vertex 0.292892 -3.79289 6
    endloop
  endfacet
  facet normal -0.793359 0.608754 0
    outer loop
      vertex 0.292892 -3.79289 43
      vertex 0.133974 -4 6
      vertex 0.133974 -4 43
    endloop
  endfacet
  facet normal -0.608738 0.793371 0
    outer loop
      vertex 0.5 -3.63398 6
      vertex 0.292892 -3.79289 43
      vertex 0.5 -3.63398 43
    endloop
  endfacet
  facet normal -0.608738 0.793371 0
    outer loop
      vertex 0.292892 -3.79289 43
      vertex 0.5 -3.63398 6
      vertex 0.292892 -3.79289 6
    endloop
  endfacet
  facet normal -0.13051 -0.991447 0
    outer loop
      vertex 0.74118 -5.46593 6
      vertex 1 -5.5 43
      vertex 0.74118 -5.46593 43
    endloop
  endfacet
  facet normal -0.13051 -0.991447 -0
    outer loop
      vertex 1 -5.5 43
      vertex 0.74118 -5.46593 6
      vertex 1 -5.5 6
    endloop
  endfacet
  facet normal 0.13051 -0.991447 0
    outer loop
      vertex 1 -5.5 6
      vertex 1.25882 -5.46593 43
      vertex 1 -5.5 43
    endloop
  endfacet
  facet normal 0.13051 -0.991447 0
    outer loop
      vertex 1.25882 -5.46593 43
      vertex 1 -5.5 6
      vertex 1.25882 -5.46593 6
    endloop
  endfacet
  facet normal 0.382683 -0.92388 0
    outer loop
      vertex 1.25882 -5.46593 6
      vertex 1.5 -5.36603 43
      vertex 1.25882 -5.46593 43
    endloop
  endfacet
  facet normal 0.382683 -0.92388 0
    outer loop
      vertex 1.5 -5.36603 43
      vertex 1.25882 -5.46593 6
      vertex 1.5 -5.36603 6
    endloop
  endfacet
  facet normal -0.608762 -0.793353 0
    outer loop
      vertex 0.292892 -5.20711 6
      vertex 0.5 -5.36603 43
      vertex 0.292892 -5.20711 43
    endloop
  endfacet
  facet normal -0.608762 -0.793353 -0
    outer loop
      vertex 0.5 -5.36603 43
      vertex 0.292892 -5.20711 6
      vertex 0.5 -5.36603 6
    endloop
  endfacet
  facet normal -0.991445 0.130524 0
    outer loop
      vertex 0 -4.5 6
      vertex 0.0340738 -4.24118 43
      vertex 0.0340738 -4.24118 6
    endloop
  endfacet
  facet normal -0.991445 0.130524 0
    outer loop
      vertex 0.0340738 -4.24118 43
      vertex 0 -4.5 6
      vertex 0 -4.5 43
    endloop
  endfacet
  facet normal -0.991445 -0.130524 0
    outer loop
      vertex 0.0340738 -4.75882 6
      vertex 0 -4.5 43
      vertex 0 -4.5 6
    endloop
  endfacet
  facet normal -0.991445 -0.130524 0
    outer loop
      vertex 0 -4.5 43
      vertex 0.0340738 -4.75882 6
      vertex 0.0340738 -4.75882 43
    endloop
  endfacet
  facet normal -0.923879 0.382684 0
    outer loop
      vertex 0.0340738 -4.24118 6
      vertex 0.133974 -4 43
      vertex 0.133974 -4 6
    endloop
  endfacet
  facet normal -0.923879 0.382684 0
    outer loop
      vertex 0.133974 -4 43
      vertex 0.0340738 -4.24118 6
      vertex 0.0340738 -4.24118 43
    endloop
  endfacet
  facet normal 0.608735 0.793374 -0
    outer loop
      vertex 1.70711 -3.79289 6
      vertex 1.5 -3.63398 43
      vertex 1.70711 -3.79289 43
    endloop
  endfacet
  facet normal 0.608735 0.793374 0
    outer loop
      vertex 1.5 -3.63398 43
      vertex 1.70711 -3.79289 6
      vertex 1.5 -3.63398 6
    endloop
  endfacet
  facet normal 0.13051 0.991447 -0
    outer loop
      vertex 1.25882 -3.53407 6
      vertex 1 -3.5 43
      vertex 1.25882 -3.53407 43
    endloop
  endfacet
  facet normal 0.13051 0.991447 0
    outer loop
      vertex 1 -3.5 43
      vertex 1.25882 -3.53407 6
      vertex 1 -3.5 6
    endloop
  endfacet
  facet normal -0.923879 -0.382684 0
    outer loop
      vertex 0.133974 -5 6
      vertex 0.0340738 -4.75882 43
      vertex 0.0340738 -4.75882 6
    endloop
  endfacet
  facet normal -0.923879 -0.382684 0
    outer loop
      vertex 0.0340738 -4.75882 43
      vertex 0.133974 -5 6
      vertex 0.133974 -5 43
    endloop
  endfacet
  facet normal 0.793374 0.608735 0
    outer loop
      vertex 1.86602 -4 43
      vertex 1.70711 -3.79289 6
      vertex 1.70711 -3.79289 43
    endloop
  endfacet
  facet normal 0.793374 0.608735 0
    outer loop
      vertex 1.70711 -3.79289 6
      vertex 1.86602 -4 43
      vertex 1.86602 -4 6
    endloop
  endfacet
  facet normal 0.923866 -0.382716 0
    outer loop
      vertex 1.86602 -5 43
      vertex 1.96593 -4.75882 6
      vertex 1.96593 -4.75882 43
    endloop
  endfacet
  facet normal 0.923866 -0.382716 0
    outer loop
      vertex 1.96593 -4.75882 6
      vertex 1.86602 -5 43
      vertex 1.86602 -5 6
    endloop
  endfacet
  facet normal -0.793207 0.608952 0
    outer loop
      vertex 10.4006 -4 6
      vertex 10.5596 -3.79289 43
      vertex 10.5596 -3.79289 6
    endloop
  endfacet
  facet normal -0.793207 0.608952 0
    outer loop
      vertex 10.5596 -3.79289 43
      vertex 10.4006 -4 6
      vertex 10.4006 -4 43
    endloop
  endfacet
  facet normal 0.92388 0.382683 0
    outer loop
      vertex 12.2326 -4.24118 43
      vertex 12.1327 -4 6
      vertex 12.1327 -4 43
    endloop
  endfacet
  facet normal 0.92388 0.382683 0
    outer loop
      vertex 12.1327 -4 6
      vertex 12.2326 -4.24118 43
      vertex 12.2326 -4.24118 6
    endloop
  endfacet
  facet normal 0.991432 0.130623 0
    outer loop
      vertex 12.2667 -4.5 43
      vertex 12.2326 -4.24118 6
      vertex 12.2326 -4.24118 43
    endloop
  endfacet
  facet normal 0.991432 0.130623 0
    outer loop
      vertex 12.2326 -4.24118 6
      vertex 12.2667 -4.5 43
      vertex 12.2667 -4.5 6
    endloop
  endfacet
  facet normal -0.991482 -0.130246 0
    outer loop
      vertex 10.3007 -4.75882 6
      vertex 10.2667 -4.5 43
      vertex 10.2667 -4.5 6
    endloop
  endfacet
  facet normal -0.991482 -0.130246 0
    outer loop
      vertex 10.2667 -4.5 43
      vertex 10.3007 -4.75882 6
      vertex 10.3007 -4.75882 43
    endloop
  endfacet
  facet normal -0.13047 0.991452 0
    outer loop
      vertex 11.2667 -3.5 6
      vertex 11.0078 -3.53407 43
      vertex 11.2667 -3.5 43
    endloop
  endfacet
  facet normal -0.13047 0.991452 0
    outer loop
      vertex 11.0078 -3.53407 43
      vertex 11.2667 -3.5 6
      vertex 11.0078 -3.53407 6
    endloop
  endfacet
  facet normal 0.382689 0.923877 -0
    outer loop
      vertex 11.7667 -3.63398 6
      vertex 11.5255 -3.53407 43
      vertex 11.7667 -3.63398 43
    endloop
  endfacet
  facet normal 0.382689 0.923877 0
    outer loop
      vertex 11.5255 -3.53407 43
      vertex 11.7667 -3.63398 6
      vertex 11.5255 -3.53407 6
    endloop
  endfacet
  facet normal -0.92388 0.382683 0
    outer loop
      vertex 10.3007 -4.24118 6
      vertex 10.4006 -4 43
      vertex 10.4006 -4 6
    endloop
  endfacet
  facet normal -0.92388 0.382683 0
    outer loop
      vertex 10.4006 -4 43
      vertex 10.3007 -4.24118 6
      vertex 10.3007 -4.24118 43
    endloop
  endfacet
  facet normal 0.608777 -0.793341 0
    outer loop
      vertex 11.7667 -5.36603 6
      vertex 11.9738 -5.20711 43
      vertex 11.7667 -5.36603 43
    endloop
  endfacet
  facet normal 0.608777 -0.793341 0
    outer loop
      vertex 11.9738 -5.20711 43
      vertex 11.7667 -5.36603 6
      vertex 11.9738 -5.20711 6
    endloop
  endfacet
  facet normal -0.382792 -0.923835 0
    outer loop
      vertex 10.7667 -5.36603 6
      vertex 11.0078 -5.46593 43
      vertex 10.7667 -5.36603 43
    endloop
  endfacet
  facet normal -0.382792 -0.923835 -0
    outer loop
      vertex 11.0078 -5.46593 43
      vertex 10.7667 -5.36603 6
      vertex 11.0078 -5.46593 6
    endloop
  endfacet
  facet normal 0.991432 -0.130623 0
    outer loop
      vertex 12.2326 -4.75882 43
      vertex 12.2667 -4.5 6
      vertex 12.2667 -4.5 43
    endloop
  endfacet
  facet normal 0.991432 -0.130623 0
    outer loop
      vertex 12.2667 -4.5 6
      vertex 12.2326 -4.75882 43
      vertex 12.2326 -4.75882 6
    endloop
  endfacet
  facet normal -0.991482 0.130246 0
    outer loop
      vertex 10.2667 -4.5 6
      vertex 10.3007 -4.24118 43
      vertex 10.3007 -4.24118 6
    endloop
  endfacet
  facet normal -0.991482 0.130246 0
    outer loop
      vertex 10.3007 -4.24118 43
      vertex 10.2667 -4.5 6
      vertex 10.2667 -4.5 43
    endloop
  endfacet
  facet normal -0.13047 -0.991452 0
    outer loop
      vertex 11.0078 -5.46593 6
      vertex 11.2667 -5.5 43
      vertex 11.0078 -5.46593 43
    endloop
  endfacet
  facet normal -0.13047 -0.991452 -0
    outer loop
      vertex 11.2667 -5.5 43
      vertex 11.0078 -5.46593 6
      vertex 11.2667 -5.5 6
    endloop
  endfacet
  facet normal 0.13052 -0.991446 0
    outer loop
      vertex 11.2667 -5.5 6
      vertex 11.5255 -5.46593 43
      vertex 11.2667 -5.5 43
    endloop
  endfacet
  facet normal 0.13052 -0.991446 0
    outer loop
      vertex 11.5255 -5.46593 43
      vertex 11.2667 -5.5 6
      vertex 11.5255 -5.46593 6
    endloop
  endfacet
  facet normal -0.382824 0.923821 0
    outer loop
      vertex 11.0078 -3.53407 6
      vertex 10.7667 -3.63398 43
      vertex 11.0078 -3.53407 43
    endloop
  endfacet
  facet normal -0.382824 0.923821 0
    outer loop
      vertex 10.7667 -3.63398 43
      vertex 11.0078 -3.53407 6
      vertex 10.7667 -3.63398 6
    endloop
  endfacet
  facet normal 0.793392 -0.608711 0
    outer loop
      vertex 11.9738 -5.20711 43
      vertex 12.1327 -5 6
      vertex 12.1327 -5 43
    endloop
  endfacet
  facet normal 0.793392 -0.608711 0
    outer loop
      vertex 12.1327 -5 6
      vertex 11.9738 -5.20711 43
      vertex 11.9738 -5.20711 6
    endloop
  endfacet
  facet normal -0.608753 0.79336 0
    outer loop
      vertex 10.7667 -3.63398 6
      vertex 10.5596 -3.79289 43
      vertex 10.7667 -3.63398 43
    endloop
  endfacet
  facet normal -0.608753 0.79336 0
    outer loop
      vertex 10.5596 -3.79289 43
      vertex 10.7667 -3.63398 6
      vertex 10.5596 -3.79289 6
    endloop
  endfacet
  facet normal -0.92388 -0.382683 0
    outer loop
      vertex 10.4006 -5 6
      vertex 10.3007 -4.75882 43
      vertex 10.3007 -4.75882 6
    endloop
  endfacet
  facet normal -0.92388 -0.382683 0
    outer loop
      vertex 10.3007 -4.75882 43
      vertex 10.4006 -5 6
      vertex 10.4006 -5 43
    endloop
  endfacet
  facet normal 0.608753 0.79336 -0
    outer loop
      vertex 11.9738 -3.79289 6
      vertex 11.7667 -3.63398 43
      vertex 11.9738 -3.79289 43
    endloop
  endfacet
  facet normal 0.608753 0.79336 0
    outer loop
      vertex 11.7667 -3.63398 43
      vertex 11.9738 -3.79289 6
      vertex 11.7667 -3.63398 6
    endloop
  endfacet
  facet normal 0.13052 0.991446 -0
    outer loop
      vertex 11.5255 -3.53407 6
      vertex 11.2667 -3.5 43
      vertex 11.5255 -3.53407 43
    endloop
  endfacet
  facet normal 0.13052 0.991446 0
    outer loop
      vertex 11.2667 -3.5 43
      vertex 11.5255 -3.53407 6
      vertex 11.2667 -3.5 6
    endloop
  endfacet
  facet normal -0.793207 -0.608952 0
    outer loop
      vertex 10.5596 -5.20711 6
      vertex 10.4006 -5 43
      vertex 10.4006 -5 6
    endloop
  endfacet
  facet normal -0.793207 -0.608952 0
    outer loop
      vertex 10.4006 -5 43
      vertex 10.5596 -5.20711 6
      vertex 10.5596 -5.20711 43
    endloop
  endfacet
  facet normal 0.793392 0.608711 0
    outer loop
      vertex 12.1327 -4 43
      vertex 11.9738 -3.79289 6
      vertex 11.9738 -3.79289 43
    endloop
  endfacet
  facet normal 0.793392 0.608711 0
    outer loop
      vertex 11.9738 -3.79289 6
      vertex 12.1327 -4 43
      vertex 12.1327 -4 6
    endloop
  endfacet
  facet normal 0.382656 -0.923891 0
    outer loop
      vertex 11.5255 -5.46593 6
      vertex 11.7667 -5.36603 43
      vertex 11.5255 -5.46593 43
    endloop
  endfacet
  facet normal 0.382656 -0.923891 0
    outer loop
      vertex 11.7667 -5.36603 43
      vertex 11.5255 -5.46593 6
      vertex 11.7667 -5.36603 6
    endloop
  endfacet
  facet normal 0.92388 -0.382683 0
    outer loop
      vertex 12.1327 -5 43
      vertex 12.2326 -4.75882 6
      vertex 12.2326 -4.75882 43
    endloop
  endfacet
  facet normal 0.92388 -0.382683 0
    outer loop
      vertex 12.2326 -4.75882 6
      vertex 12.1327 -5 43
      vertex 12.1327 -5 6
    endloop
  endfacet
  facet normal -0.608777 -0.793341 0
    outer loop
      vertex 10.5596 -5.20711 6
      vertex 10.7667 -5.36603 43
      vertex 10.5596 -5.20711 43
    endloop
  endfacet
  facet normal -0.608777 -0.793341 -0
    outer loop
      vertex 10.7667 -5.36603 43
      vertex 10.5596 -5.20711 6
      vertex 10.7667 -5.36603 6
    endloop
  endfacet
  facet normal -0.92388 -0.382683 0
    outer loop
      vertex 20.6673 -5 6
      vertex 20.5674 -4.75882 43
      vertex 20.5674 -4.75882 6
    endloop
  endfacet
  facet normal -0.92388 -0.382683 0
    outer loop
      vertex 20.5674 -4.75882 43
      vertex 20.6673 -5 6
      vertex 20.6673 -5 43
    endloop
  endfacet
  facet normal 0.92388 0.382683 0
    outer loop
      vertex 22.4993 -4.24118 43
      vertex 22.3994 -4 6
      vertex 22.3994 -4 43
    endloop
  endfacet
  facet normal 0.92388 0.382683 0
    outer loop
      vertex 22.3994 -4 6
      vertex 22.4993 -4.24118 43
      vertex 22.4993 -4.24118 6
    endloop
  endfacet
  facet normal 0.991482 0.130246 0
    outer loop
      vertex 22.5333 -4.5 43
      vertex 22.4993 -4.24118 6
      vertex 22.4993 -4.24118 43
    endloop
  endfacet
  facet normal 0.991482 0.130246 0
    outer loop
      vertex 22.4993 -4.24118 6
      vertex 22.5333 -4.5 43
      vertex 22.5333 -4.5 6
    endloop
  endfacet
  facet normal 0.793207 0.608952 0
    outer loop
      vertex 22.3994 -4 43
      vertex 22.2404 -3.79289 6
      vertex 22.2404 -3.79289 43
    endloop
  endfacet
  facet normal 0.793207 0.608952 0
    outer loop
      vertex 22.2404 -3.79289 6
      vertex 22.3994 -4 43
      vertex 22.3994 -4 6
    endloop
  endfacet
  facet normal 0.608753 0.79336 -0
    outer loop
      vertex 22.2404 -3.79289 6
      vertex 22.0333 -3.63398 43
      vertex 22.2404 -3.79289 43
    endloop
  endfacet
  facet normal 0.608753 0.79336 0
    outer loop
      vertex 22.0333 -3.63398 43
      vertex 22.2404 -3.79289 6
      vertex 22.0333 -3.63398 6
    endloop
  endfacet
  facet normal -0.13052 0.991446 0
    outer loop
      vertex 21.5333 -3.5 6
      vertex 21.2745 -3.53407 43
      vertex 21.5333 -3.5 43
    endloop
  endfacet
  facet normal -0.13052 0.991446 0
    outer loop
      vertex 21.2745 -3.53407 43
      vertex 21.5333 -3.5 6
      vertex 21.2745 -3.53407 6
    endloop
  endfacet
  facet normal 0.608777 -0.793341 0
    outer loop
      vertex 22.0333 -5.36603 6
      vertex 22.2404 -5.20711 43
      vertex 22.0333 -5.36603 43
    endloop
  endfacet
  facet normal 0.608777 -0.793341 0
    outer loop
      vertex 22.2404 -5.20711 43
      vertex 22.0333 -5.36603 6
      vertex 22.2404 -5.20711 6
    endloop
  endfacet
  facet normal 0.382824 0.923821 -0
    outer loop
      vertex 22.0333 -3.63398 6
      vertex 21.7922 -3.53407 43
      vertex 22.0333 -3.63398 43
    endloop
  endfacet
  facet normal 0.382824 0.923821 0
    outer loop
      vertex 21.7922 -3.53407 43
      vertex 22.0333 -3.63398 6
      vertex 21.7922 -3.53407 6
    endloop
  endfacet
  facet normal -0.608753 0.79336 0
    outer loop
      vertex 21.0333 -3.63398 6
      vertex 20.8262 -3.79289 43
      vertex 21.0333 -3.63398 43
    endloop
  endfacet
  facet normal -0.608753 0.79336 0
    outer loop
      vertex 20.8262 -3.79289 43
      vertex 21.0333 -3.63398 6
      vertex 20.8262 -3.79289 6
    endloop
  endfacet
  facet normal -0.793392 0.608711 0
    outer loop
      vertex 20.6673 -4 6
      vertex 20.8262 -3.79289 43
      vertex 20.8262 -3.79289 6
    endloop
  endfacet
  facet normal -0.793392 0.608711 0
    outer loop
      vertex 20.8262 -3.79289 43
      vertex 20.6673 -4 6
      vertex 20.6673 -4 43
    endloop
  endfacet
  facet normal 0.13047 -0.991452 0
    outer loop
      vertex 21.5333 -5.5 6
      vertex 21.7922 -5.46593 43
      vertex 21.5333 -5.5 43
    endloop
  endfacet
  facet normal 0.13047 -0.991452 0
    outer loop
      vertex 21.7922 -5.46593 43
      vertex 21.5333 -5.5 6
      vertex 21.7922 -5.46593 6
    endloop
  endfacet
  facet normal 0.991482 -0.130246 0
    outer loop
      vertex 22.4993 -4.75882 43
      vertex 22.5333 -4.5 6
      vertex 22.5333 -4.5 43
    endloop
  endfacet
  facet normal 0.991482 -0.130246 0
    outer loop
      vertex 22.5333 -4.5 6
      vertex 22.4993 -4.75882 43
      vertex 22.4993 -4.75882 6
    endloop
  endfacet
  facet normal -0.608777 -0.793341 0
    outer loop
      vertex 20.8262 -5.20711 6
      vertex 21.0333 -5.36603 43
      vertex 20.8262 -5.20711 43
    endloop
  endfacet
  facet normal -0.608777 -0.793341 -0
    outer loop
      vertex 21.0333 -5.36603 43
      vertex 20.8262 -5.20711 6
      vertex 21.0333 -5.36603 6
    endloop
  endfacet
  facet normal -0.382689 0.923877 0
    outer loop
      vertex 21.2745 -3.53407 6
      vertex 21.0333 -3.63398 43
      vertex 21.2745 -3.53407 43
    endloop
  endfacet
  facet normal -0.382689 0.923877 0
    outer loop
      vertex 21.0333 -3.63398 43
      vertex 21.2745 -3.53407 6
      vertex 21.0333 -3.63398 6
    endloop
  endfacet
  facet normal -0.13052 -0.991446 0
    outer loop
      vertex 21.2745 -5.46593 6
      vertex 21.5333 -5.5 43
      vertex 21.2745 -5.46593 43
    endloop
  endfacet
  facet normal -0.13052 -0.991446 -0
    outer loop
      vertex 21.5333 -5.5 43
      vertex 21.2745 -5.46593 6
      vertex 21.5333 -5.5 6
    endloop
  endfacet
  facet normal 0.13047 0.991452 -0
    outer loop
      vertex 21.7922 -3.53407 6
      vertex 21.5333 -3.5 43
      vertex 21.7922 -3.53407 43
    endloop
  endfacet
  facet normal 0.13047 0.991452 0
    outer loop
      vertex 21.5333 -3.5 43
      vertex 21.7922 -3.53407 6
      vertex 21.5333 -3.5 6
    endloop
  endfacet
  facet normal -0.92388 0.382683 0
    outer loop
      vertex 20.5674 -4.24118 6
      vertex 20.6673 -4 43
      vertex 20.6673 -4 6
    endloop
  endfacet
  facet normal -0.92388 0.382683 0
    outer loop
      vertex 20.6673 -4 43
      vertex 20.5674 -4.24118 6
      vertex 20.5674 -4.24118 43
    endloop
  endfacet
  facet normal 0.92388 -0.382683 0
    outer loop
      vertex 22.3994 -5 43
      vertex 22.4993 -4.75882 6
      vertex 22.4993 -4.75882 43
    endloop
  endfacet
  facet normal 0.92388 -0.382683 0
    outer loop
      vertex 22.4993 -4.75882 6
      vertex 22.3994 -5 43
      vertex 22.3994 -5 6
    endloop
  endfacet
  facet normal 0.382792 -0.923835 0
    outer loop
      vertex 21.7922 -5.46593 6
      vertex 22.0333 -5.36603 43
      vertex 21.7922 -5.46593 43
    endloop
  endfacet
  facet normal 0.382792 -0.923835 0
    outer loop
      vertex 22.0333 -5.36603 43
      vertex 21.7922 -5.46593 6
      vertex 22.0333 -5.36603 6
    endloop
  endfacet
  facet normal -0.991432 0.130623 0
    outer loop
      vertex 20.5333 -4.5 6
      vertex 20.5674 -4.24118 43
      vertex 20.5674 -4.24118 6
    endloop
  endfacet
  facet normal -0.991432 0.130623 0
    outer loop
      vertex 20.5674 -4.24118 43
      vertex 20.5333 -4.5 6
      vertex 20.5333 -4.5 43
    endloop
  endfacet
  facet normal -0.991432 -0.130623 0
    outer loop
      vertex 20.5674 -4.75882 6
      vertex 20.5333 -4.5 43
      vertex 20.5333 -4.5 6
    endloop
  endfacet
  facet normal -0.991432 -0.130623 0
    outer loop
      vertex 20.5333 -4.5 43
      vertex 20.5674 -4.75882 6
      vertex 20.5674 -4.75882 43
    endloop
  endfacet
  facet normal 0.793207 -0.608952 0
    outer loop
      vertex 22.2404 -5.20711 43
      vertex 22.3994 -5 6
      vertex 22.3994 -5 43
    endloop
  endfacet
  facet normal 0.793207 -0.608952 0
    outer loop
      vertex 22.3994 -5 6
      vertex 22.2404 -5.20711 43
      vertex 22.2404 -5.20711 6
    endloop
  endfacet
  facet normal -0.793392 -0.608711 0
    outer loop
      vertex 20.8262 -5.20711 6
      vertex 20.6673 -5 43
      vertex 20.6673 -5 6
    endloop
  endfacet
  facet normal -0.793392 -0.608711 0
    outer loop
      vertex 20.6673 -5 43
      vertex 20.8262 -5.20711 6
      vertex 20.8262 -5.20711 43
    endloop
  endfacet
  facet normal -0.382656 -0.923891 0
    outer loop
      vertex 21.0333 -5.36603 6
      vertex 21.2745 -5.46593 43
      vertex 21.0333 -5.36603 43
    endloop
  endfacet
  facet normal -0.382656 -0.923891 -0
    outer loop
      vertex 21.2745 -5.46593 43
      vertex 21.0333 -5.36603 6
      vertex 21.2745 -5.46593 6
    endloop
  endfacet
  facet normal 0.92388 0.382683 0
    outer loop
      vertex 32.7659 -4.24118 43
      vertex 32.666 -4 6
      vertex 32.666 -4 43
    endloop
  endfacet
  facet normal 0.92388 0.382683 0
    outer loop
      vertex 32.666 -4 6
      vertex 32.7659 -4.24118 43
      vertex 32.7659 -4.24118 6
    endloop
  endfacet
  facet normal 0.991432 0.130623 0
    outer loop
      vertex 32.8 -4.5 43
      vertex 32.7659 -4.24118 6
      vertex 32.7659 -4.24118 43
    endloop
  endfacet
  facet normal 0.991432 0.130623 0
    outer loop
      vertex 32.7659 -4.24118 6
      vertex 32.8 -4.5 43
      vertex 32.8 -4.5 6
    endloop
  endfacet
  facet normal 0.793392 0.608711 0
    outer loop
      vertex 32.666 -4 43
      vertex 32.5071 -3.79289 6
      vertex 32.5071 -3.79289 43
    endloop
  endfacet
  facet normal 0.793392 0.608711 0
    outer loop
      vertex 32.5071 -3.79289 6
      vertex 32.666 -4 43
      vertex 32.666 -4 6
    endloop
  endfacet
  facet normal 0.793392 -0.608711 0
    outer loop
      vertex 32.5071 -5.20711 43
      vertex 32.666 -5 6
      vertex 32.666 -5 43
    endloop
  endfacet
  facet normal 0.793392 -0.608711 0
    outer loop
      vertex 32.666 -5 6
      vertex 32.5071 -5.20711 43
      vertex 32.5071 -5.20711 6
    endloop
  endfacet
  facet normal 0.92388 -0.382683 0
    outer loop
      vertex 32.666 -5 43
      vertex 32.7659 -4.75882 6
      vertex 32.7659 -4.75882 43
    endloop
  endfacet
  facet normal 0.92388 -0.382683 0
    outer loop
      vertex 32.7659 -4.75882 6
      vertex 32.666 -5 43
      vertex 32.666 -5 6
    endloop
  endfacet
  facet normal -0.991432 0.130623 0
    outer loop
      vertex 30.8 -4.5 6
      vertex 30.8341 -4.24118 43
      vertex 30.8341 -4.24118 6
    endloop
  endfacet
  facet normal -0.991432 0.130623 0
    outer loop
      vertex 30.8341 -4.24118 43
      vertex 30.8 -4.5 6
      vertex 30.8 -4.5 43
    endloop
  endfacet
  facet normal -0.608753 0.79336 0
    outer loop
      vertex 31.3 -3.63398 6
      vertex 31.0929 -3.79289 43
      vertex 31.3 -3.63398 43
    endloop
  endfacet
  facet normal -0.608753 0.79336 0
    outer loop
      vertex 31.0929 -3.79289 43
      vertex 31.3 -3.63398 6
      vertex 31.0929 -3.79289 6
    endloop
  endfacet
  facet normal -0.13052 -0.991446 0
    outer loop
      vertex 31.5412 -5.46593 6
      vertex 31.8 -5.5 43
      vertex 31.5412 -5.46593 43
    endloop
  endfacet
  facet normal -0.13052 -0.991446 -0
    outer loop
      vertex 31.8 -5.5 43
      vertex 31.5412 -5.46593 6
      vertex 31.8 -5.5 6
    endloop
  endfacet
  facet normal 0.608753 0.79336 -0
    outer loop
      vertex 32.5071 -3.79289 6
      vertex 32.3 -3.63398 43
      vertex 32.5071 -3.79289 43
    endloop
  endfacet
  facet normal 0.608753 0.79336 0
    outer loop
      vertex 32.3 -3.63398 43
      vertex 32.5071 -3.79289 6
      vertex 32.3 -3.63398 6
    endloop
  endfacet
  facet normal -0.92388 0.382683 0
    outer loop
      vertex 30.8341 -4.24118 6
      vertex 30.934 -4 43
      vertex 30.934 -4 6
    endloop
  endfacet
  facet normal -0.92388 0.382683 0
    outer loop
      vertex 30.934 -4 43
      vertex 30.8341 -4.24118 6
      vertex 30.8341 -4.24118 43
    endloop
  endfacet
  facet normal 0.13052 0.991446 -0
    outer loop
      vertex 32.0588 -3.53407 6
      vertex 31.8 -3.5 43
      vertex 32.0588 -3.53407 43
    endloop
  endfacet
  facet normal 0.13052 0.991446 0
    outer loop
      vertex 31.8 -3.5 43
      vertex 32.0588 -3.53407 6
      vertex 31.8 -3.5 6
    endloop
  endfacet
  facet normal 0.382656 -0.923891 0
    outer loop
      vertex 32.0588 -5.46593 6
      vertex 32.3 -5.36603 43
      vertex 32.0588 -5.46593 43
    endloop
  endfacet
  facet normal 0.382656 -0.923891 0
    outer loop
      vertex 32.3 -5.36603 43
      vertex 32.0588 -5.46593 6
      vertex 32.3 -5.36603 6
    endloop
  endfacet
  facet normal -0.793392 0.608711 0
    outer loop
      vertex 30.934 -4 6
      vertex 31.0929 -3.79289 43
      vertex 31.0929 -3.79289 6
    endloop
  endfacet
  facet normal -0.793392 0.608711 0
    outer loop
      vertex 31.0929 -3.79289 43
      vertex 30.934 -4 6
      vertex 30.934 -4 43
    endloop
  endfacet
  facet normal -0.382689 0.923877 0
    outer loop
      vertex 31.5412 -3.53407 6
      vertex 31.3 -3.63398 43
      vertex 31.5412 -3.53407 43
    endloop
  endfacet
  facet normal -0.382689 0.923877 0
    outer loop
      vertex 31.3 -3.63398 43
      vertex 31.5412 -3.53407 6
      vertex 31.3 -3.63398 6
    endloop
  endfacet
  facet normal -0.13052 0.991446 0
    outer loop
      vertex 31.8 -3.5 6
      vertex 31.5412 -3.53407 43
      vertex 31.8 -3.5 43
    endloop
  endfacet
  facet normal -0.13052 0.991446 0
    outer loop
      vertex 31.5412 -3.53407 43
      vertex 31.8 -3.5 6
      vertex 31.5412 -3.53407 6
    endloop
  endfacet
  facet normal 0.991432 -0.130623 0
    outer loop
      vertex 32.7659 -4.75882 43
      vertex 32.8 -4.5 6
      vertex 32.8 -4.5 43
    endloop
  endfacet
  facet normal 0.991432 -0.130623 0
    outer loop
      vertex 32.8 -4.5 6
      vertex 32.7659 -4.75882 43
      vertex 32.7659 -4.75882 6
    endloop
  endfacet
  facet normal -0.608777 -0.793341 0
    outer loop
      vertex 31.0929 -5.20711 6
      vertex 31.3 -5.36603 43
      vertex 31.0929 -5.20711 43
    endloop
  endfacet
  facet normal -0.608777 -0.793341 -0
    outer loop
      vertex 31.3 -5.36603 43
      vertex 31.0929 -5.20711 6
      vertex 31.3 -5.36603 6
    endloop
  endfacet
  facet normal -0.991432 -0.130623 0
    outer loop
      vertex 30.8341 -4.75882 6
      vertex 30.8 -4.5 43
      vertex 30.8 -4.5 6
    endloop
  endfacet
  facet normal -0.991432 -0.130623 0
    outer loop
      vertex 30.8 -4.5 43
      vertex 30.8341 -4.75882 6
      vertex 30.8341 -4.75882 43
    endloop
  endfacet
  facet normal -0.382656 -0.923891 0
    outer loop
      vertex 31.3 -5.36603 6
      vertex 31.5412 -5.46593 43
      vertex 31.3 -5.36603 43
    endloop
  endfacet
  facet normal -0.382656 -0.923891 -0
    outer loop
      vertex 31.5412 -5.46593 43
      vertex 31.3 -5.36603 6
      vertex 31.5412 -5.46593 6
    endloop
  endfacet
  facet normal 0.382689 0.923877 -0
    outer loop
      vertex 32.3 -3.63398 6
      vertex 32.0588 -3.53407 43
      vertex 32.3 -3.63398 43
    endloop
  endfacet
  facet normal 0.382689 0.923877 0
    outer loop
      vertex 32.0588 -3.53407 43
      vertex 32.3 -3.63398 6
      vertex 32.0588 -3.53407 6
    endloop
  endfacet
  facet normal -0.92388 -0.382683 0
    outer loop
      vertex 30.934 -5 6
      vertex 30.8341 -4.75882 43
      vertex 30.8341 -4.75882 6
    endloop
  endfacet
  facet normal -0.92388 -0.382683 0
    outer loop
      vertex 30.8341 -4.75882 43
      vertex 30.934 -5 6
      vertex 30.934 -5 43
    endloop
  endfacet
  facet normal 0.608777 -0.793341 0
    outer loop
      vertex 32.3 -5.36603 6
      vertex 32.5071 -5.20711 43
      vertex 32.3 -5.36603 43
    endloop
  endfacet
  facet normal 0.608777 -0.793341 0
    outer loop
      vertex 32.5071 -5.20711 43
      vertex 32.3 -5.36603 6
      vertex 32.5071 -5.20711 6
    endloop
  endfacet
  facet normal 0.13052 -0.991446 0
    outer loop
      vertex 31.8 -5.5 6
      vertex 32.0588 -5.46593 43
      vertex 31.8 -5.5 43
    endloop
  endfacet
  facet normal 0.13052 -0.991446 0
    outer loop
      vertex 32.0588 -5.46593 43
      vertex 31.8 -5.5 6
      vertex 32.0588 -5.46593 6
    endloop
  endfacet
  facet normal -0.793392 -0.608711 0
    outer loop
      vertex 31.0929 -5.20711 6
      vertex 30.934 -5 43
      vertex 30.934 -5 6
    endloop
  endfacet
  facet normal -0.793392 -0.608711 0
    outer loop
      vertex 30.934 -5 43
      vertex 31.0929 -5.20711 6
      vertex 31.0929 -5.20711 43
    endloop
  endfacet
  facet normal 1 -0 0
    outer loop
      vertex 32.8 -4.5 6
      vertex 32.8 -3 2
      vertex 32.8 -3 6
    endloop
  endfacet
  facet normal 1 0 0
    outer loop
      vertex 32.8 -6 2
      vertex 32.8 -4.5 6
      vertex 32.8 -6 6
    endloop
  endfacet
  facet normal 1 0 0
    outer loop
      vertex 32.8 -4.5 6
      vertex 32.8 -6 2
      vertex 32.8 -3 2
    endloop
  endfacet
  facet normal 0 0 1
    outer loop
      vertex 32.8 -3 6
      vertex 32.7659 -4.24118 6
      vertex 32.8 -4.5 6
    endloop
  endfacet
  facet normal 0 0 1
    outer loop
      vertex 32.8 -3 6
      vertex 32.666 -4 6
      vertex 32.7659 -4.24118 6
    endloop
  endfacet
  facet normal 0 0 1
    outer loop
      vertex 32.8 -3 6
      vertex 32.5071 -3.79289 6
      vertex 32.666 -4 6
    endloop
  endfacet
  facet normal 0 0 1
    outer loop
      vertex 32.8 -3 6
      vertex 32.3 -3.63398 6
      vertex 32.5071 -3.79289 6
    endloop
  endfacet
  facet normal 0 0 1
    outer loop
      vertex 32.8 -3 6
      vertex 32.0588 -3.53407 6
      vertex 32.3 -3.63398 6
    endloop
  endfacet
  facet normal 0 0 1
    outer loop
      vertex 32.8 -3 6
      vertex 31.8 -3.5 6
      vertex 32.0588 -3.53407 6
    endloop
  endfacet
  facet normal 0 0 1
    outer loop
      vertex 32.8 -3 6
      vertex 31.5412 -3.53407 6
      vertex 31.8 -3.5 6
    endloop
  endfacet
  facet normal 0 0 1
    outer loop
      vertex 21.7922 -3.53407 6
      vertex 31.5412 -3.53407 6
      vertex 32.8 -3 6
    endloop
  endfacet
  facet normal 0 0 1
    outer loop
      vertex 30.8341 -4.24118 6
      vertex 22.5333 -4.5 6
      vertex 30.8 -4.5 6
    endloop
  endfacet
  facet normal 0 0 1
    outer loop
      vertex 22.4993 -4.24118 6
      vertex 30.8341 -4.24118 6
      vertex 30.934 -4 6
    endloop
  endfacet
  facet normal 0 0 1
    outer loop
      vertex 22.3994 -4 6
      vertex 30.934 -4 6
      vertex 31.0929 -3.79289 6
    endloop
  endfacet
  facet normal 0 0 1
    outer loop
      vertex 22.2404 -3.79289 6
      vertex 31.0929 -3.79289 6
      vertex 31.3 -3.63398 6
    endloop
  endfacet
  facet normal 0 0 1
    outer loop
      vertex 31.5412 -3.53407 6
      vertex 21.7922 -3.53407 6
      vertex 31.3 -3.63398 6
    endloop
  endfacet
  facet normal 0 0 1
    outer loop
      vertex 30.8341 -4.24118 6
      vertex 22.4993 -4.24118 6
      vertex 22.5333 -4.5 6
    endloop
  endfacet
  facet normal 0 0 1
    outer loop
      vertex 30.934 -4 6
      vertex 22.3994 -4 6
      vertex 22.4993 -4.24118 6
    endloop
  endfacet
  facet normal 0 0 1
    outer loop
      vertex 31.0929 -3.79289 6
      vertex 22.2404 -3.79289 6
      vertex 22.3994 -4 6
    endloop
  endfacet
  facet normal 0 0 1
    outer loop
      vertex 31.3 -3.63398 6
      vertex 22.0333 -3.63398 6
      vertex 22.2404 -3.79289 6
    endloop
  endfacet
  facet normal 0 0 1
    outer loop
      vertex 31.3 -3.63398 6
      vertex 21.7922 -3.53407 6
      vertex 22.0333 -3.63398 6
    endloop
  endfacet
  facet normal 0 0 1
    outer loop
      vertex 32.8 -3 6
      vertex 21.5333 -3.5 6
      vertex 21.7922 -3.53407 6
    endloop
  endfacet
  facet normal 0 0 1
    outer loop
      vertex 20.5674 -4.24118 6
      vertex 12.2667 -4.5 6
      vertex 20.5333 -4.5 6
    endloop
  endfacet
  facet normal 0 0 1
    outer loop
      vertex 12.2326 -4.24118 6
      vertex 20.5674 -4.24118 6
      vertex 20.6673 -4 6
    endloop
  endfacet
  facet normal 0 0 1
    outer loop
      vertex 12.1327 -4 6
      vertex 20.6673 -4 6
      vertex 20.8262 -3.79289 6
    endloop
  endfacet
  facet normal 0 0 1
    outer loop
      vertex 11.9738 -3.79289 6
      vertex 20.8262 -3.79289 6
      vertex 21.0333 -3.63398 6
    endloop
  endfacet
  facet normal 0 0 1
    outer loop
      vertex 11.7667 -3.63398 6
      vertex 21.0333 -3.63398 6
      vertex 21.2745 -3.53407 6
    endloop
  endfacet
  facet normal 0 0 1
    outer loop
      vertex 11.5255 -3.53407 6
      vertex 21.2745 -3.53407 6
      vertex 21.5333 -3.5 6
    endloop
  endfacet
  facet normal 0 0 1
    outer loop
      vertex 20.5674 -4.24118 6
      vertex 12.2326 -4.24118 6
      vertex 12.2667 -4.5 6
    endloop
  endfacet
  facet normal 0 0 1
    outer loop
      vertex 20.6673 -4 6
      vertex 12.1327 -4 6
      vertex 12.2326 -4.24118 6
    endloop
  endfacet
  facet normal 0 0 1
    outer loop
      vertex 20.8262 -3.79289 6
      vertex 11.9738 -3.79289 6
      vertex 12.1327 -4 6
    endloop
  endfacet
  facet normal 0 0 1
    outer loop
      vertex 11.2667 -3.5 6
      vertex 21.5333 -3.5 6
      vertex 32.8 -3 6
    endloop
  endfacet
  facet normal 0 0 1
    outer loop
      vertex 21.0333 -3.63398 6
      vertex 11.7667 -3.63398 6
      vertex 11.9738 -3.79289 6
    endloop
  endfacet
  facet normal 0 0 1
    outer loop
      vertex 21.2745 -3.53407 6
      vertex 11.5255 -3.53407 6
      vertex 11.7667 -3.63398 6
    endloop
  endfacet
  facet normal 0 0 1
    outer loop
      vertex 21.5333 -3.5 6
      vertex 11.2667 -3.5 6
      vertex 11.5255 -3.53407 6
    endloop
  endfacet
  facet normal 0 0 1
    outer loop
      vertex 10.3007 -4.24118 6
      vertex 2 -4.5 6
      vertex 10.2667 -4.5 6
    endloop
  endfacet
  facet normal 0 0 1
    outer loop
      vertex 1.96593 -4.24118 6
      vertex 10.3007 -4.24118 6
      vertex 10.4006 -4 6
    endloop
  endfacet
  facet normal 0 0 1
    outer loop
      vertex 1.86602 -4 6
      vertex 10.4006 -4 6
      vertex 10.5596 -3.79289 6
    endloop
  endfacet
  facet normal 0 0 1
    outer loop
      vertex 1.70711 -3.79289 6
      vertex 10.5596 -3.79289 6
      vertex 10.7667 -3.63398 6
    endloop
  endfacet
  facet normal 0 0 1
    outer loop
      vertex 1.5 -3.63398 6
      vertex 10.7667 -3.63398 6
      vertex 11.0078 -3.53407 6
    endloop
  endfacet
  facet normal 0 0 1
    outer loop
      vertex 0 -3 6
      vertex 11.0078 -3.53407 6
      vertex 11.2667 -3.5 6
    endloop
  endfacet
  facet normal 0 0 1
    outer loop
      vertex 10.3007 -4.24118 6
      vertex 1.96593 -4.24118 6
      vertex 2 -4.5 6
    endloop
  endfacet
  facet normal 0 0 1
    outer loop
      vertex 10.4006 -4 6
      vertex 1.86602 -4 6
      vertex 1.96593 -4.24118 6
    endloop
  endfacet
  facet normal 0 0 1
    outer loop
      vertex 10.5596 -3.79289 6
      vertex 1.70711 -3.79289 6
      vertex 1.86602 -4 6
    endloop
  endfacet
  facet normal 0 0 1
    outer loop
      vertex 10.7667 -3.63398 6
      vertex 1.5 -3.63398 6
      vertex 1.70711 -3.79289 6
    endloop
  endfacet
  facet normal -0 0 1
    outer loop
      vertex 0 -3 6
      vertex 11.2667 -3.5 6
      vertex 32.8 -3 6
    endloop
  endfacet
  facet normal 0 0 1
    outer loop
      vertex 11.0078 -3.53407 6
      vertex 1.25882 -3.53407 6
      vertex 1.5 -3.63398 6
    endloop
  endfacet
  facet normal 0 0 1
    outer loop
      vertex 11.0078 -3.53407 6
      vertex 0 -3 6
      vertex 1.25882 -3.53407 6
    endloop
  endfacet
  facet normal 0 0 1
    outer loop
      vertex 1.25882 -3.53407 6
      vertex 0 -3 6
      vertex 1 -3.5 6
    endloop
  endfacet
  facet normal 0 0 1
    outer loop
      vertex 0 -3 6
      vertex 0.74118 -3.53407 6
      vertex 1 -3.5 6
    endloop
  endfacet
  facet normal 0 0 1
    outer loop
      vertex 0 -3 6
      vertex 0.5 -3.63398 6
      vertex 0.74118 -3.53407 6
    endloop
  endfacet
  facet normal 0 0 1
    outer loop
      vertex 0 -3 6
      vertex 0.292892 -3.79289 6
      vertex 0.5 -3.63398 6
    endloop
  endfacet
  facet normal 0 0 1
    outer loop
      vertex 0 -3 6
      vertex 0.133974 -4 6
      vertex 0.292892 -3.79289 6
    endloop
  endfacet
  facet normal 0 0 1
    outer loop
      vertex 0 -3 6
      vertex 0.0340738 -4.24118 6
      vertex 0.133974 -4 6
    endloop
  endfacet
  facet normal 0 0 1
    outer loop
      vertex 0.0340738 -4.24118 6
      vertex 0 -3 6
      vertex 0 -4.5 6
    endloop
  endfacet
  facet normal -0 0 1
    outer loop
      vertex 32.7659 -4.75882 6
      vertex 32.8 -6 6
      vertex 32.8 -4.5 6
    endloop
  endfacet
  facet normal -0 0 1
    outer loop
      vertex 32.666 -5 6
      vertex 32.8 -6 6
      vertex 32.7659 -4.75882 6
    endloop
  endfacet
  facet normal -0 0 1
    outer loop
      vertex 32.5071 -5.20711 6
      vertex 32.8 -6 6
      vertex 32.666 -5 6
    endloop
  endfacet
  facet normal -0 0 1
    outer loop
      vertex 32.3 -5.36603 6
      vertex 32.8 -6 6
      vertex 32.5071 -5.20711 6
    endloop
  endfacet
  facet normal -0 0 1
    outer loop
      vertex 32.0588 -5.46593 6
      vertex 32.8 -6 6
      vertex 32.3 -5.36603 6
    endloop
  endfacet
  facet normal -0 0 1
    outer loop
      vertex 31.8 -5.5 6
      vertex 32.8 -6 6
      vertex 32.0588 -5.46593 6
    endloop
  endfacet
  facet normal 0 0 1
    outer loop
      vertex 31.5412 -5.46593 6
      vertex 32.8 -6 6
      vertex 31.8 -5.5 6
    endloop
  endfacet
  facet normal 0 0 1
    outer loop
      vertex 21.7922 -5.46593 6
      vertex 31.5412 -5.46593 6
      vertex 31.3 -5.36603 6
    endloop
  endfacet
  facet normal -0 0 1
    outer loop
      vertex 22.5333 -4.5 6
      vertex 30.8341 -4.75882 6
      vertex 30.8 -4.5 6
    endloop
  endfacet
  facet normal 0 0 1
    outer loop
      vertex 22.4993 -4.75882 6
      vertex 30.8341 -4.75882 6
      vertex 22.5333 -4.5 6
    endloop
  endfacet
  facet normal 0 0 1
    outer loop
      vertex 30.8341 -4.75882 6
      vertex 22.4993 -4.75882 6
      vertex 30.934 -5 6
    endloop
  endfacet
  facet normal 0 0 1
    outer loop
      vertex 22.3994 -5 6
      vertex 30.934 -5 6
      vertex 22.4993 -4.75882 6
    endloop
  endfacet
  facet normal 0 0 1
    outer loop
      vertex 30.934 -5 6
      vertex 22.3994 -5 6
      vertex 31.0929 -5.20711 6
    endloop
  endfacet
  facet normal 0 0 1
    outer loop
      vertex 22.2404 -5.20711 6
      vertex 31.0929 -5.20711 6
      vertex 22.3994 -5 6
    endloop
  endfacet
  facet normal 0 0 1
    outer loop
      vertex 31.0929 -5.20711 6
      vertex 22.2404 -5.20711 6
      vertex 31.3 -5.36603 6
    endloop
  endfacet
  facet normal 0 0 1
    outer loop
      vertex 22.0333 -5.36603 6
      vertex 31.3 -5.36603 6
      vertex 22.2404 -5.20711 6
    endloop
  endfacet
  facet normal 0 0 1
    outer loop
      vertex 21.7922 -5.46593 6
      vertex 31.3 -5.36603 6
      vertex 22.0333 -5.36603 6
    endloop
  endfacet
  facet normal 0 0 1
    outer loop
      vertex 31.5412 -5.46593 6
      vertex 21.7922 -5.46593 6
      vertex 32.8 -6 6
    endloop
  endfacet
  facet normal -0 0 1
    outer loop
      vertex 21.5333 -5.5 6
      vertex 32.8 -6 6
      vertex 21.7922 -5.46593 6
    endloop
  endfacet
  facet normal -0 0 1
    outer loop
      vertex 12.2667 -4.5 6
      vertex 20.5674 -4.75882 6
      vertex 20.5333 -4.5 6
    endloop
  endfacet
  facet normal 0 0 1
    outer loop
      vertex 12.2326 -4.75882 6
      vertex 20.5674 -4.75882 6
      vertex 12.2667 -4.5 6
    endloop
  endfacet
  facet normal 0 0 1
    outer loop
      vertex 20.5674 -4.75882 6
      vertex 12.2326 -4.75882 6
      vertex 20.6673 -5 6
    endloop
  endfacet
  facet normal 0 0 1
    outer loop
      vertex 12.1327 -5 6
      vertex 20.6673 -5 6
      vertex 12.2326 -4.75882 6
    endloop
  endfacet
  facet normal 0 0 1
    outer loop
      vertex 20.6673 -5 6
      vertex 12.1327 -5 6
      vertex 20.8262 -5.20711 6
    endloop
  endfacet
  facet normal 0 0 1
    outer loop
      vertex 11.9738 -5.20711 6
      vertex 20.8262 -5.20711 6
      vertex 12.1327 -5 6
    endloop
  endfacet
  facet normal 0 0 1
    outer loop
      vertex 20.8262 -5.20711 6
      vertex 11.9738 -5.20711 6
      vertex 21.0333 -5.36603 6
    endloop
  endfacet
  facet normal 0 0 1
    outer loop
      vertex 11.7667 -5.36603 6
      vertex 21.0333 -5.36603 6
      vertex 11.9738 -5.20711 6
    endloop
  endfacet
  facet normal 0 0 1
    outer loop
      vertex 21.0333 -5.36603 6
      vertex 11.7667 -5.36603 6
      vertex 21.2745 -5.46593 6
    endloop
  endfacet
  facet normal 0 0 1
    outer loop
      vertex 11.5255 -5.46593 6
      vertex 21.2745 -5.46593 6
      vertex 11.7667 -5.36603 6
    endloop
  endfacet
  facet normal 0 0 1
    outer loop
      vertex 21.2745 -5.46593 6
      vertex 11.5255 -5.46593 6
      vertex 21.5333 -5.5 6
    endloop
  endfacet
  facet normal 0 0 1
    outer loop
      vertex 11.2667 -5.5 6
      vertex 21.5333 -5.5 6
      vertex 11.5255 -5.46593 6
    endloop
  endfacet
  facet normal 0 0 1
    outer loop
      vertex 21.5333 -5.5 6
      vertex 11.2667 -5.5 6
      vertex 32.8 -6 6
    endloop
  endfacet
  facet normal -0 0 1
    outer loop
      vertex 2 -4.5 6
      vertex 10.3007 -4.75882 6
      vertex 10.2667 -4.5 6
    endloop
  endfacet
  facet normal 0 0 1
    outer loop
      vertex 1.96593 -4.75882 6
      vertex 10.3007 -4.75882 6
      vertex 2 -4.5 6
    endloop
  endfacet
  facet normal 0 0 1
    outer loop
      vertex 10.3007 -4.75882 6
      vertex 1.96593 -4.75882 6
      vertex 10.4006 -5 6
    endloop
  endfacet
  facet normal 0 0 1
    outer loop
      vertex 1.86602 -5 6
      vertex 10.4006 -5 6
      vertex 1.96593 -4.75882 6
    endloop
  endfacet
  facet normal 0 0 1
    outer loop
      vertex 10.4006 -5 6
      vertex 1.86602 -5 6
      vertex 10.5596 -5.20711 6
    endloop
  endfacet
  facet normal 0 0 1
    outer loop
      vertex 1.70711 -5.20711 6
      vertex 10.5596 -5.20711 6
      vertex 1.86602 -5 6
    endloop
  endfacet
  facet normal 0 0 1
    outer loop
      vertex 10.5596 -5.20711 6
      vertex 1.70711 -5.20711 6
      vertex 10.7667 -5.36603 6
    endloop
  endfacet
  facet normal 0 0 1
    outer loop
      vertex 1.5 -5.36603 6
      vertex 10.7667 -5.36603 6
      vertex 1.70711 -5.20711 6
    endloop
  endfacet
  facet normal 0 0 1
    outer loop
      vertex 10.7667 -5.36603 6
      vertex 1.5 -5.36603 6
      vertex 11.0078 -5.46593 6
    endloop
  endfacet
  facet normal 0 0 1
    outer loop
      vertex 1.25882 -5.46593 6
      vertex 11.0078 -5.46593 6
      vertex 1.5 -5.36603 6
    endloop
  endfacet
  facet normal 0 0 1
    outer loop
      vertex 0 -6 6
      vertex 11.0078 -5.46593 6
      vertex 1.25882 -5.46593 6
    endloop
  endfacet
  facet normal 0 0 1
    outer loop
      vertex 11.0078 -5.46593 6
      vertex 0 -6 6
      vertex 11.2667 -5.5 6
    endloop
  endfacet
  facet normal 0 0 1
    outer loop
      vertex 0 -6 6
      vertex 1.25882 -5.46593 6
      vertex 1 -5.5 6
    endloop
  endfacet
  facet normal 0 0 1
    outer loop
      vertex 11.2667 -5.5 6
      vertex 0 -6 6
      vertex 32.8 -6 6
    endloop
  endfacet
  facet normal 0 0 1
    outer loop
      vertex 0.74118 -5.46593 6
      vertex 0 -6 6
      vertex 1 -5.5 6
    endloop
  endfacet
  facet normal 0 0 1
    outer loop
      vertex 0.5 -5.36603 6
      vertex 0 -6 6
      vertex 0.74118 -5.46593 6
    endloop
  endfacet
  facet normal 0 0 1
    outer loop
      vertex 0.292892 -5.20711 6
      vertex 0 -6 6
      vertex 0.5 -5.36603 6
    endloop
  endfacet
  facet normal 0 0 1
    outer loop
      vertex 0.133974 -5 6
      vertex 0 -6 6
      vertex 0.292892 -5.20711 6
    endloop
  endfacet
  facet normal 0 0 1
    outer loop
      vertex 0.0340738 -4.75882 6
      vertex 0 -6 6
      vertex 0.133974 -5 6
    endloop
  endfacet
  facet normal 0 0 1
    outer loop
      vertex 0 -6 6
      vertex 0.0340738 -4.75882 6
      vertex 0 -4.5 6
    endloop
  endfacet
  facet normal 0 0 -1
    outer loop
      vertex 0 -6 2
      vertex 32.8 -3 2
      vertex 32.8 -6 2
    endloop
  endfacet
  facet normal -0 0 -1
    outer loop
      vertex 32.8 -3 2
      vertex 0 -6 2
      vertex 0 -3 2
    endloop
  endfacet
  facet normal -1 0 0
    outer loop
      vertex 0 -3 2
      vertex 0 -4.5 6
      vertex 0 -3 6
    endloop
  endfacet
  facet normal -1 0 0
    outer loop
      vertex 0 -6 2
      vertex 0 -4.5 6
      vertex 0 -3 2
    endloop
  endfacet
  facet normal -1 -0 0
    outer loop
      vertex 0 -4.5 6
      vertex 0 -6 2
      vertex 0 -6 6
    endloop
  endfacet
  facet normal 0 1 -0
    outer loop
      vertex 32.8 -3 2
      vertex 0 -3 6
      vertex 32.8 -3 6
    endloop
  endfacet
  facet normal 0 1 0
    outer loop
      vertex 0 -3 6
      vertex 32.8 -3 2
      vertex 0 -3 2
    endloop
  endfacet
  facet normal 0 -1 0
    outer loop
      vertex 0 -6 2
      vertex 32.8 -6 6
      vertex 0 -6 6
    endloop
  endfacet
  facet normal 0 -1 -0
    outer loop
      vertex 32.8 -6 6
      vertex 0 -6 2
      vertex 32.8 -6 2
    endloop
  endfacet
  facet normal 1 0 0
    outer loop
      vertex 32.8 -3 47
      vertex 32.8 -4.5 43
      vertex 32.8 -3 43
    endloop
  endfacet
  facet normal 1 -0 0
    outer loop
      vertex 32.8 -6 47
      vertex 32.8 -4.5 43
      vertex 32.8 -3 47
    endloop
  endfacet
  facet normal 1 0 0
    outer loop
      vertex 32.8 -4.5 43
      vertex 32.8 -6 47
      vertex 32.8 -6 43
    endloop
  endfacet
  facet normal -0 0 1
    outer loop
      vertex 0 -3 47
      vertex 32.8 -6 47
      vertex 32.8 -3 47
    endloop
  endfacet
  facet normal 0 0 1
    outer loop
      vertex 32.8 -6 47
      vertex 0 -3 47
      vertex 0 -6 47
    endloop
  endfacet
  facet normal 0 0 -1
    outer loop
      vertex 32.8 -6 43
      vertex 32.7659 -4.75882 43
      vertex 32.8 -4.5 43
    endloop
  endfacet
  facet normal 0 0 -1
    outer loop
      vertex 32.8 -6 43
      vertex 32.666 -5 43
      vertex 32.7659 -4.75882 43
    endloop
  endfacet
  facet normal 0 0 -1
    outer loop
      vertex 32.8 -6 43
      vertex 32.5071 -5.20711 43
      vertex 32.666 -5 43
    endloop
  endfacet
  facet normal 0 0 -1
    outer loop
      vertex 32.8 -6 43
      vertex 32.3 -5.36603 43
      vertex 32.5071 -5.20711 43
    endloop
  endfacet
  facet normal 0 0 -1
    outer loop
      vertex 32.8 -6 43
      vertex 32.0588 -5.46593 43
      vertex 32.3 -5.36603 43
    endloop
  endfacet
  facet normal 0 0 -1
    outer loop
      vertex 32.8 -6 43
      vertex 31.8 -5.5 43
      vertex 32.0588 -5.46593 43
    endloop
  endfacet
  facet normal 0 0 -1
    outer loop
      vertex 32.8 -6 43
      vertex 31.5412 -5.46593 43
      vertex 31.8 -5.5 43
    endloop
  endfacet
  facet normal 0 0 -1
    outer loop
      vertex 21.7922 -5.46593 43
      vertex 31.5412 -5.46593 43
      vertex 32.8 -6 43
    endloop
  endfacet
  facet normal 0 0 -1
    outer loop
      vertex 30.8341 -4.75882 43
      vertex 22.5333 -4.5 43
      vertex 30.8 -4.5 43
    endloop
  endfacet
  facet normal 0 0 -1
    outer loop
      vertex 22.4993 -4.75882 43
      vertex 30.8341 -4.75882 43
      vertex 30.934 -5 43
    endloop
  endfacet
  facet normal 0 0 -1
    outer loop
      vertex 22.3994 -5 43
      vertex 30.934 -5 43
      vertex 31.0929 -5.20711 43
    endloop
  endfacet
  facet normal 0 0 -1
    outer loop
      vertex 22.2404 -5.20711 43
      vertex 31.0929 -5.20711 43
      vertex 31.3 -5.36603 43
    endloop
  endfacet
  facet normal 0 0 -1
    outer loop
      vertex 31.5412 -5.46593 43
      vertex 21.7922 -5.46593 43
      vertex 31.3 -5.36603 43
    endloop
  endfacet
  facet normal 0 0 -1
    outer loop
      vertex 30.8341 -4.75882 43
      vertex 22.4993 -4.75882 43
      vertex 22.5333 -4.5 43
    endloop
  endfacet
  facet normal 0 0 -1
    outer loop
      vertex 30.934 -5 43
      vertex 22.3994 -5 43
      vertex 22.4993 -4.75882 43
    endloop
  endfacet
  facet normal 0 0 -1
    outer loop
      vertex 31.0929 -5.20711 43
      vertex 22.2404 -5.20711 43
      vertex 22.3994 -5 43
    endloop
  endfacet
  facet normal 0 0 -1
    outer loop
      vertex 31.3 -5.36603 43
      vertex 22.0333 -5.36603 43
      vertex 22.2404 -5.20711 43
    endloop
  endfacet
  facet normal -0 0 -1
    outer loop
      vertex 31.3 -5.36603 43
      vertex 21.7922 -5.46593 43
      vertex 22.0333 -5.36603 43
    endloop
  endfacet
  facet normal 0 0 -1
    outer loop
      vertex 32.8 -6 43
      vertex 21.5333 -5.5 43
      vertex 21.7922 -5.46593 43
    endloop
  endfacet
  facet normal 0 0 -1
    outer loop
      vertex 20.5674 -4.75882 43
      vertex 12.2667 -4.5 43
      vertex 20.5333 -4.5 43
    endloop
  endfacet
  facet normal 0 0 -1
    outer loop
      vertex 12.2326 -4.75882 43
      vertex 20.5674 -4.75882 43
      vertex 20.6673 -5 43
    endloop
  endfacet
  facet normal 0 0 -1
    outer loop
      vertex 12.1327 -5 43
      vertex 20.6673 -5 43
      vertex 20.8262 -5.20711 43
    endloop
  endfacet
  facet normal 0 0 -1
    outer loop
      vertex 11.9738 -5.20711 43
      vertex 20.8262 -5.20711 43
      vertex 21.0333 -5.36603 43
    endloop
  endfacet
  facet normal 0 0 -1
    outer loop
      vertex 11.7667 -5.36603 43
      vertex 21.0333 -5.36603 43
      vertex 21.2745 -5.46593 43
    endloop
  endfacet
  facet normal 0 0 -1
    outer loop
      vertex 11.5255 -5.46593 43
      vertex 21.2745 -5.46593 43
      vertex 21.5333 -5.5 43
    endloop
  endfacet
  facet normal 0 0 -1
    outer loop
      vertex 20.5674 -4.75882 43
      vertex 12.2326 -4.75882 43
      vertex 12.2667 -4.5 43
    endloop
  endfacet
  facet normal 0 0 -1
    outer loop
      vertex 20.6673 -5 43
      vertex 12.1327 -5 43
      vertex 12.2326 -4.75882 43
    endloop
  endfacet
  facet normal 0 0 -1
    outer loop
      vertex 20.8262 -5.20711 43
      vertex 11.9738 -5.20711 43
      vertex 12.1327 -5 43
    endloop
  endfacet
  facet normal 0 0 -1
    outer loop
      vertex 11.2667 -5.5 43
      vertex 21.5333 -5.5 43
      vertex 32.8 -6 43
    endloop
  endfacet
  facet normal 0 0 -1
    outer loop
      vertex 21.0333 -5.36603 43
      vertex 11.7667 -5.36603 43
      vertex 11.9738 -5.20711 43
    endloop
  endfacet
  facet normal 0 0 -1
    outer loop
      vertex 21.2745 -5.46593 43
      vertex 11.5255 -5.46593 43
      vertex 11.7667 -5.36603 43
    endloop
  endfacet
  facet normal 0 0 -1
    outer loop
      vertex 21.5333 -5.5 43
      vertex 11.2667 -5.5 43
      vertex 11.5255 -5.46593 43
    endloop
  endfacet
  facet normal 0 0 -1
    outer loop
      vertex 10.3007 -4.75882 43
      vertex 2 -4.5 43
      vertex 10.2667 -4.5 43
    endloop
  endfacet
  facet normal 0 0 -1
    outer loop
      vertex 1.96593 -4.75882 43
      vertex 10.3007 -4.75882 43
      vertex 10.4006 -5 43
    endloop
  endfacet
  facet normal 0 0 -1
    outer loop
      vertex 1.86602 -5 43
      vertex 10.4006 -5 43
      vertex 10.5596 -5.20711 43
    endloop
  endfacet
  facet normal 0 0 -1
    outer loop
      vertex 1.70711 -5.20711 43
      vertex 10.5596 -5.20711 43
      vertex 10.7667 -5.36603 43
    endloop
  endfacet
  facet normal 0 0 -1
    outer loop
      vertex 1.5 -5.36603 43
      vertex 10.7667 -5.36603 43
      vertex 11.0078 -5.46593 43
    endloop
  endfacet
  facet normal 0 0 -1
    outer loop
      vertex 0 -6 43
      vertex 11.0078 -5.46593 43
      vertex 11.2667 -5.5 43
    endloop
  endfacet
  facet normal 0 0 -1
    outer loop
      vertex 10.3007 -4.75882 43
      vertex 1.96593 -4.75882 43
      vertex 2 -4.5 43
    endloop
  endfacet
  facet normal 0 0 -1
    outer loop
      vertex 10.4006 -5 43
      vertex 1.86602 -5 43
      vertex 1.96593 -4.75882 43
    endloop
  endfacet
  facet normal 0 0 -1
    outer loop
      vertex 10.5596 -5.20711 43
      vertex 1.70711 -5.20711 43
      vertex 1.86602 -5 43
    endloop
  endfacet
  facet normal 0 0 -1
    outer loop
      vertex 10.7667 -5.36603 43
      vertex 1.5 -5.36603 43
      vertex 1.70711 -5.20711 43
    endloop
  endfacet
  facet normal 0 0 -1
    outer loop
      vertex 0 -6 43
      vertex 11.2667 -5.5 43
      vertex 32.8 -6 43
    endloop
  endfacet
  facet normal 0 0 -1
    outer loop
      vertex 11.0078 -5.46593 43
      vertex 1.25882 -5.46593 43
      vertex 1.5 -5.36603 43
    endloop
  endfacet
  facet normal -0 0 -1
    outer loop
      vertex 11.0078 -5.46593 43
      vertex 0 -6 43
      vertex 1.25882 -5.46593 43
    endloop
  endfacet
  facet normal 0 0 -1
    outer loop
      vertex 1.25882 -5.46593 43
      vertex 0 -6 43
      vertex 1 -5.5 43
    endloop
  endfacet
  facet normal 0 0 -1
    outer loop
      vertex 0 -6 43
      vertex 0.74118 -5.46593 43
      vertex 1 -5.5 43
    endloop
  endfacet
  facet normal 0 0 -1
    outer loop
      vertex 0 -6 43
      vertex 0.5 -5.36603 43
      vertex 0.74118 -5.46593 43
    endloop
  endfacet
  facet normal 0 0 -1
    outer loop
      vertex 0 -6 43
      vertex 0.292892 -5.20711 43
      vertex 0.5 -5.36603 43
    endloop
  endfacet
  facet normal 0 0 -1
    outer loop
      vertex 0 -6 43
      vertex 0.133974 -5 43
      vertex 0.292892 -5.20711 43
    endloop
  endfacet
  facet normal 0 0 -1
    outer loop
      vertex 0 -6 43
      vertex 0.0340738 -4.75882 43
      vertex 0.133974 -5 43
    endloop
  endfacet
  facet normal -0 0 -1
    outer loop
      vertex 0.0340738 -4.75882 43
      vertex 0 -6 43
      vertex 0 -4.5 43
    endloop
  endfacet
  facet normal 0 0 -1
    outer loop
      vertex 32.7659 -4.24118 43
      vertex 32.8 -3 43
      vertex 32.8 -4.5 43
    endloop
  endfacet
  facet normal 0 0 -1
    outer loop
      vertex 32.666 -4 43
      vertex 32.8 -3 43
      vertex 32.7659 -4.24118 43
    endloop
  endfacet
  facet normal 0 0 -1
    outer loop
      vertex 32.5071 -3.79289 43
      vertex 32.8 -3 43
      vertex 32.666 -4 43
    endloop
  endfacet
  facet normal 0 0 -1
    outer loop
      vertex 32.3 -3.63398 43
      vertex 32.8 -3 43
      vertex 32.5071 -3.79289 43
    endloop
  endfacet
  facet normal 0 0 -1
    outer loop
      vertex 32.0588 -3.53407 43
      vertex 32.8 -3 43
      vertex 32.3 -3.63398 43
    endloop
  endfacet
  facet normal 0 0 -1
    outer loop
      vertex 31.8 -3.5 43
      vertex 32.8 -3 43
      vertex 32.0588 -3.53407 43
    endloop
  endfacet
  facet normal 0 0 -1
    outer loop
      vertex 31.5412 -3.53407 43
      vertex 32.8 -3 43
      vertex 31.8 -3.5 43
    endloop
  endfacet
  facet normal 0 0 -1
    outer loop
      vertex 21.7922 -3.53407 43
      vertex 31.5412 -3.53407 43
      vertex 31.3 -3.63398 43
    endloop
  endfacet
  facet normal 0 0 -1
    outer loop
      vertex 22.5333 -4.5 43
      vertex 30.8341 -4.24118 43
      vertex 30.8 -4.5 43
    endloop
  endfacet
  facet normal 0 0 -1
    outer loop
      vertex 22.4993 -4.24118 43
      vertex 30.8341 -4.24118 43
      vertex 22.5333 -4.5 43
    endloop
  endfacet
  facet normal 0 0 -1
    outer loop
      vertex 30.8341 -4.24118 43
      vertex 22.4993 -4.24118 43
      vertex 30.934 -4 43
    endloop
  endfacet
  facet normal 0 0 -1
    outer loop
      vertex 22.3994 -4 43
      vertex 30.934 -4 43
      vertex 22.4993 -4.24118 43
    endloop
  endfacet
  facet normal 0 0 -1
    outer loop
      vertex 30.934 -4 43
      vertex 22.3994 -4 43
      vertex 31.0929 -3.79289 43
    endloop
  endfacet
  facet normal 0 0 -1
    outer loop
      vertex 22.2404 -3.79289 43
      vertex 31.0929 -3.79289 43
      vertex 22.3994 -4 43
    endloop
  endfacet
  facet normal 0 0 -1
    outer loop
      vertex 31.0929 -3.79289 43
      vertex 22.2404 -3.79289 43
      vertex 31.3 -3.63398 43
    endloop
  endfacet
  facet normal 0 0 -1
    outer loop
      vertex 22.0333 -3.63398 43
      vertex 31.3 -3.63398 43
      vertex 22.2404 -3.79289 43
    endloop
  endfacet
  facet normal 0 0 -1
    outer loop
      vertex 21.7922 -3.53407 43
      vertex 31.3 -3.63398 43
      vertex 22.0333 -3.63398 43
    endloop
  endfacet
  facet normal 0 0 -1
    outer loop
      vertex 31.5412 -3.53407 43
      vertex 21.7922 -3.53407 43
      vertex 32.8 -3 43
    endloop
  endfacet
  facet normal 0 0 -1
    outer loop
      vertex 21.5333 -3.5 43
      vertex 32.8 -3 43
      vertex 21.7922 -3.53407 43
    endloop
  endfacet
  facet normal 0 0 -1
    outer loop
      vertex 12.2667 -4.5 43
      vertex 20.5674 -4.24118 43
      vertex 20.5333 -4.5 43
    endloop
  endfacet
  facet normal 0 0 -1
    outer loop
      vertex 12.2326 -4.24118 43
      vertex 20.5674 -4.24118 43
      vertex 12.2667 -4.5 43
    endloop
  endfacet
  facet normal 0 0 -1
    outer loop
      vertex 20.5674 -4.24118 43
      vertex 12.2326 -4.24118 43
      vertex 20.6673 -4 43
    endloop
  endfacet
  facet normal 0 0 -1
    outer loop
      vertex 12.1327 -4 43
      vertex 20.6673 -4 43
      vertex 12.2326 -4.24118 43
    endloop
  endfacet
  facet normal 0 0 -1
    outer loop
      vertex 20.6673 -4 43
      vertex 12.1327 -4 43
      vertex 20.8262 -3.79289 43
    endloop
  endfacet
  facet normal 0 0 -1
    outer loop
      vertex 11.9738 -3.79289 43
      vertex 20.8262 -3.79289 43
      vertex 12.1327 -4 43
    endloop
  endfacet
  facet normal 0 0 -1
    outer loop
      vertex 20.8262 -3.79289 43
      vertex 11.9738 -3.79289 43
      vertex 21.0333 -3.63398 43
    endloop
  endfacet
  facet normal 0 0 -1
    outer loop
      vertex 11.7667 -3.63398 43
      vertex 21.0333 -3.63398 43
      vertex 11.9738 -3.79289 43
    endloop
  endfacet
  facet normal 0 0 -1
    outer loop
      vertex 21.0333 -3.63398 43
      vertex 11.7667 -3.63398 43
      vertex 21.2745 -3.53407 43
    endloop
  endfacet
  facet normal 0 0 -1
    outer loop
      vertex 11.5255 -3.53407 43
      vertex 21.2745 -3.53407 43
      vertex 11.7667 -3.63398 43
    endloop
  endfacet
  facet normal 0 0 -1
    outer loop
      vertex 21.2745 -3.53407 43
      vertex 11.5255 -3.53407 43
      vertex 21.5333 -3.5 43
    endloop
  endfacet
  facet normal 0 0 -1
    outer loop
      vertex 11.2667 -3.5 43
      vertex 21.5333 -3.5 43
      vertex 11.5255 -3.53407 43
    endloop
  endfacet
  facet normal 0 0 -1
    outer loop
      vertex 21.5333 -3.5 43
      vertex 11.2667 -3.5 43
      vertex 32.8 -3 43
    endloop
  endfacet
  facet normal 0 0 -1
    outer loop
      vertex 2 -4.5 43
      vertex 10.3007 -4.24118 43
      vertex 10.2667 -4.5 43
    endloop
  endfacet
  facet normal 0 0 -1
    outer loop
      vertex 1.96593 -4.24118 43
      vertex 10.3007 -4.24118 43
      vertex 2 -4.5 43
    endloop
  endfacet
  facet normal 0 0 -1
    outer loop
      vertex 10.3007 -4.24118 43
      vertex 1.96593 -4.24118 43
      vertex 10.4006 -4 43
    endloop
  endfacet
  facet normal 0 0 -1
    outer loop
      vertex 1.86602 -4 43
      vertex 10.4006 -4 43
      vertex 1.96593 -4.24118 43
    endloop
  endfacet
  facet normal 0 0 -1
    outer loop
      vertex 10.4006 -4 43
      vertex 1.86602 -4 43
      vertex 10.5596 -3.79289 43
    endloop
  endfacet
  facet normal 0 0 -1
    outer loop
      vertex 1.70711 -3.79289 43
      vertex 10.5596 -3.79289 43
      vertex 1.86602 -4 43
    endloop
  endfacet
  facet normal 0 0 -1
    outer loop
      vertex 10.5596 -3.79289 43
      vertex 1.70711 -3.79289 43
      vertex 10.7667 -3.63398 43
    endloop
  endfacet
  facet normal 0 0 -1
    outer loop
      vertex 1.5 -3.63398 43
      vertex 10.7667 -3.63398 43
      vertex 1.70711 -3.79289 43
    endloop
  endfacet
  facet normal 0 0 -1
    outer loop
      vertex 10.7667 -3.63398 43
      vertex 1.5 -3.63398 43
      vertex 11.0078 -3.53407 43
    endloop
  endfacet
  facet normal 0 0 -1
    outer loop
      vertex 1.25882 -3.53407 43
      vertex 11.0078 -3.53407 43
      vertex 1.5 -3.63398 43
    endloop
  endfacet
  facet normal 0 0 -1
    outer loop
      vertex 0 -3 43
      vertex 11.0078 -3.53407 43
      vertex 1.25882 -3.53407 43
    endloop
  endfacet
  facet normal 0 0 -1
    outer loop
      vertex 11.0078 -3.53407 43
      vertex 0 -3 43
      vertex 11.2667 -3.5 43
    endloop
  endfacet
  facet normal 0 0 -1
    outer loop
      vertex 0 -3 43
      vertex 1.25882 -3.53407 43
      vertex 1 -3.5 43
    endloop
  endfacet
  facet normal 0 0 -1
    outer loop
      vertex 11.2667 -3.5 43
      vertex 0 -3 43
      vertex 32.8 -3 43
    endloop
  endfacet
  facet normal 0 0 -1
    outer loop
      vertex 0.74118 -3.53407 43
      vertex 0 -3 43
      vertex 1 -3.5 43
    endloop
  endfacet
  facet normal 0 0 -1
    outer loop
      vertex 0.5 -3.63398 43
      vertex 0 -3 43
      vertex 0.74118 -3.53407 43
    endloop
  endfacet
  facet normal 0 0 -1
    outer loop
      vertex 0.292892 -3.79289 43
      vertex 0 -3 43
      vertex 0.5 -3.63398 43
    endloop
  endfacet
  facet normal 0 0 -1
    outer loop
      vertex 0.133974 -4 43
      vertex 0 -3 43
      vertex 0.292892 -3.79289 43
    endloop
  endfacet
  facet normal 0 0 -1
    outer loop
      vertex 0.0340738 -4.24118 43
      vertex 0 -3 43
      vertex 0.133974 -4 43
    endloop
  endfacet
  facet normal 0 0 -1
    outer loop
      vertex 0 -3 43
      vertex 0.0340738 -4.24118 43
      vertex 0 -4.5 43
    endloop
  endfacet
  facet normal -1 0 0
    outer loop
      vertex 0 -4.5 43
      vertex 0 -3 47
      vertex 0 -3 43
    endloop
  endfacet
  facet normal -1 0 0
    outer loop
      vertex 0 -6 47
      vertex 0 -4.5 43
      vertex 0 -6 43
    endloop
  endfacet
  facet normal -1 0 0
    outer loop
      vertex 0 -4.5 43
      vertex 0 -6 47
      vertex 0 -3 47
    endloop
  endfacet
  facet normal 0 1 -0
    outer loop
      vertex 32.8 -3 43
      vertex 0 -3 47
      vertex 32.8 -3 47
    endloop
  endfacet
  facet normal 0 1 0
    outer loop
      vertex 0 -3 47
      vertex 32.8 -3 43
      vertex 0 -3 43
    endloop
  endfacet
  facet normal 0 -1 0
    outer loop
      vertex 0 -6 43
      vertex 32.8 -6 47
      vertex 0 -6 47
    endloop
  endfacet
  facet normal 0 -1 -0
    outer loop
      vertex 32.8 -6 47
      vertex 0 -6 43
      vertex 32.8 -6 43
    endloop
  endfacet
  facet normal 0.923907 0.382616 0
    outer loop
      vertex 62.9148 -0.852953 10
      vertex 62.6651 -0.25 4
      vertex 62.6651 -0.25 10
    endloop
  endfacet
  facet normal 0.923907 0.382616 0
    outer loop
      vertex 62.6651 -0.25 4
      vertex 62.9148 -0.852953 10
      vertex 62.9148 -0.852953 4
    endloop
  endfacet
  facet normal 0.991442 0.130548 0
    outer loop
      vertex 63 -1.5 10
      vertex 62.9148 -0.852953 4
      vertex 62.9148 -0.852953 10
    endloop
  endfacet
  facet normal 0.991442 0.130548 0
    outer loop
      vertex 62.9148 -0.852953 4
      vertex 63 -1.5 10
      vertex 63 -1.5 4
    endloop
  endfacet
  facet normal 0.793249 0.608898 0
    outer loop
      vertex 62.6651 -0.25 10
      vertex 62.4732 0 4
      vertex 62.4732 0 10
    endloop
  endfacet
  facet normal 0.793249 0.608898 0
    outer loop
      vertex 62.4732 0 4
      vertex 62.6651 -0.25 10
      vertex 62.6651 -0.25 4
    endloop
  endfacet
  facet normal -0.793351 0.608765 0
    outer loop
      vertex 58.3349 -0.25 4
      vertex 58.7322 0.267767 10
      vertex 58.7322 0.267767 4
    endloop
  endfacet
  facet normal -0.793351 0.608765 0
    outer loop
      vertex 58.7322 0.267767 10
      vertex 58.3349 -0.25 4
      vertex 58.3349 -0.25 10
    endloop
  endfacet
  facet normal -0.608736 0.793373 0
    outer loop
      vertex 59.25 0.665063 4
      vertex 58.7322 0.267767 10
      vertex 59.25 0.665063 10
    endloop
  endfacet
  facet normal -0.608736 0.793373 0
    outer loop
      vertex 58.7322 0.267767 10
      vertex 59.25 0.665063 4
      vertex 58.7322 0.267767 4
    endloop
  endfacet
  facet normal 0.382656 -0.923891 0
    outer loop
      vertex 61.147 -3.91481 4
      vertex 61.75 -3.66506 10
      vertex 61.147 -3.91481 10
    endloop
  endfacet
  facet normal 0.382656 -0.923891 0
    outer loop
      vertex 61.75 -3.66506 10
      vertex 61.147 -3.91481 4
      vertex 61.75 -3.66506 4
    endloop
  endfacet
  facet normal -0.923907 0.382616 0
    outer loop
      vertex 58.0852 -0.852953 4
      vertex 58.3349 -0.25 10
      vertex 58.3349 -0.25 4
    endloop
  endfacet
  facet normal -0.923907 0.382616 0
    outer loop
      vertex 58.3349 -0.25 10
      vertex 58.0852 -0.852953 4
      vertex 58.0852 -0.852953 10
    endloop
  endfacet
  facet normal 0.130543 -0.991443 0
    outer loop
      vertex 60.5 -4 4
      vertex 61.147 -3.91481 10
      vertex 60.5 -4 10
    endloop
  endfacet
  facet normal 0.130543 -0.991443 0
    outer loop
      vertex 61.147 -3.91481 10
      vertex 60.5 -4 4
      vertex 61.147 -3.91481 4
    endloop
  endfacet
  facet normal -0 0 1
    outer loop
      vertex 59.853 0.914814 10
      vertex 60 0 10
      vertex 60 0.934173 10
    endloop
  endfacet
  facet normal -0 0 1
    outer loop
      vertex 59.25 0.665063 10
      vertex 60 0 10
      vertex 59.853 0.914814 10
    endloop
  endfacet
  facet normal -0 0 1
    outer loop
      vertex 58.7322 0.267767 10
      vertex 60 0 10
      vertex 59.25 0.665063 10
    endloop
  endfacet
  facet normal 0 0 1
    outer loop
      vertex 60 0 10
      vertex 58.7322 0.267767 10
      vertex 59.8938 -1.15 10
    endloop
  endfacet
  facet normal -0 0 1
    outer loop
      vertex 58.3349 -0.25 10
      vertex 59.8938 -1.15 10
      vertex 58.7322 0.267767 10
    endloop
  endfacet
  facet normal 0 0 1
    outer loop
      vertex 61.2 -1.5 10
      vertex 63 -1.5 10
      vertex 62.9148 -0.852953 10
    endloop
  endfacet
  facet normal 0 0 1
    outer loop
      vertex 61.1761 -1.31883 10
      vertex 62.9148 -0.852953 10
      vertex 62.6651 -0.25 10
    endloop
  endfacet
  facet normal 0 0 1
    outer loop
      vertex 63 -1.5 10
      vertex 61.2 -1.5 10
      vertex 62.9148 -2.14705 10
    endloop
  endfacet
  facet normal 0 0 1
    outer loop
      vertex 61.1062 -1.15 10
      vertex 62.6651 -0.25 10
      vertex 62.4732 0 10
    endloop
  endfacet
  facet normal -0 0 1
    outer loop
      vertex 61.1761 -1.68117 10
      vertex 62.9148 -2.14705 10
      vertex 61.2 -1.5 10
    endloop
  endfacet
  facet normal 0 0 1
    outer loop
      vertex 62.9148 -2.14705 10
      vertex 61.1761 -1.68117 10
      vertex 62.6651 -2.75 10
    endloop
  endfacet
  facet normal -0 0 1
    outer loop
      vertex 61.1062 -1.85 10
      vertex 62.6651 -2.75 10
      vertex 61.1761 -1.68117 10
    endloop
  endfacet
  facet normal 0 0 1
    outer loop
      vertex 62.9148 -0.852953 10
      vertex 61.1761 -1.31883 10
      vertex 61.2 -1.5 10
    endloop
  endfacet
  facet normal 0 0 1
    outer loop
      vertex 62.6651 -0.25 10
      vertex 61.1062 -1.15 10
      vertex 61.1761 -1.31883 10
    endloop
  endfacet
  facet normal 0 0 1
    outer loop
      vertex 62.4732 0 10
      vertex 60.995 -1.00503 10
      vertex 61.1062 -1.15 10
    endloop
  endfacet
  facet normal 0 0 1
    outer loop
      vertex 62.4732 0 10
      vertex 60.85 -0.893783 10
      vertex 60.995 -1.00503 10
    endloop
  endfacet
  facet normal 0 0 1
    outer loop
      vertex 62.4732 0 10
      vertex 60.6812 -0.823853 10
      vertex 60.85 -0.893783 10
    endloop
  endfacet
  facet normal -0 0 1
    outer loop
      vertex 60 0 10
      vertex 60.6812 -0.823853 10
      vertex 62.4732 0 10
    endloop
  endfacet
  facet normal 0 0 1
    outer loop
      vertex 60.6812 -0.823853 10
      vertex 60 0 10
      vertex 60.5 -0.8 10
    endloop
  endfacet
  facet normal 0 0 1
    outer loop
      vertex 60.5 -0.8 10
      vertex 60 0 10
      vertex 60.3188 -0.823853 10
    endloop
  endfacet
  facet normal 0 0 1
    outer loop
      vertex 60 0 10
      vertex 60.15 -0.893783 10
      vertex 60.3188 -0.823853 10
    endloop
  endfacet
  facet normal 0 0 1
    outer loop
      vertex 60 0 10
      vertex 60.005 -1.00503 10
      vertex 60.15 -0.893783 10
    endloop
  endfacet
  facet normal 0 0 1
    outer loop
      vertex 60.005 -1.00503 10
      vertex 60 0 10
      vertex 59.8938 -1.15 10
    endloop
  endfacet
  facet normal 0 0 1
    outer loop
      vertex 62.6651 -2.75 10
      vertex 61.1062 -1.85 10
      vertex 62.2678 -3.26777 10
    endloop
  endfacet
  facet normal -0 0 1
    outer loop
      vertex 60.995 -1.99497 10
      vertex 62.2678 -3.26777 10
      vertex 61.1062 -1.85 10
    endloop
  endfacet
  facet normal 0 0 1
    outer loop
      vertex 62.2678 -3.26777 10
      vertex 60.995 -1.99497 10
      vertex 61.75 -3.66506 10
    endloop
  endfacet
  facet normal -0 0 1
    outer loop
      vertex 60.85 -2.10622 10
      vertex 61.75 -3.66506 10
      vertex 60.995 -1.99497 10
    endloop
  endfacet
  facet normal 0 0 1
    outer loop
      vertex 61.75 -3.66506 10
      vertex 60.85 -2.10622 10
      vertex 61.147 -3.91481 10
    endloop
  endfacet
  facet normal -0 0 1
    outer loop
      vertex 60.6812 -2.17615 10
      vertex 61.147 -3.91481 10
      vertex 60.85 -2.10622 10
    endloop
  endfacet
  facet normal -0 0 1
    outer loop
      vertex 60.5 -2.2 10
      vertex 61.147 -3.91481 10
      vertex 60.6812 -2.17615 10
    endloop
  endfacet
  facet normal 0 0 1
    outer loop
      vertex 60.5 -2.2 10
      vertex 60.5 -4 10
      vertex 61.147 -3.91481 10
    endloop
  endfacet
  facet normal 0 0 1
    outer loop
      vertex 60.3188 -2.17615 10
      vertex 60.5 -4 10
      vertex 60.5 -2.2 10
    endloop
  endfacet
  facet normal 0 0 1
    outer loop
      vertex 59.853 -3.91481 10
      vertex 60.3188 -2.17615 10
      vertex 60.15 -2.10622 10
    endloop
  endfacet
  facet normal 0 0 1
    outer loop
      vertex 59.25 -3.66506 10
      vertex 60.15 -2.10622 10
      vertex 60.005 -1.99497 10
    endloop
  endfacet
  facet normal 0 0 1
    outer loop
      vertex 58.7322 -3.26777 10
      vertex 60.005 -1.99497 10
      vertex 59.8938 -1.85 10
    endloop
  endfacet
  facet normal 0 0 1
    outer loop
      vertex 60.3188 -2.17615 10
      vertex 59.853 -3.91481 10
      vertex 60.5 -4 10
    endloop
  endfacet
  facet normal 0 0 1
    outer loop
      vertex 58.3349 -2.75 10
      vertex 59.8938 -1.85 10
      vertex 59.8239 -1.68117 10
    endloop
  endfacet
  facet normal 0 0 1
    outer loop
      vertex 58.0852 -2.14705 10
      vertex 59.8239 -1.68117 10
      vertex 59.8 -1.5 10
    endloop
  endfacet
  facet normal 0 0 1
    outer loop
      vertex 59.8938 -1.15 10
      vertex 58.3349 -0.25 10
      vertex 59.8239 -1.31883 10
    endloop
  endfacet
  facet normal 0 0 1
    outer loop
      vertex 60.15 -2.10622 10
      vertex 59.25 -3.66506 10
      vertex 59.853 -3.91481 10
    endloop
  endfacet
  facet normal -0 0 1
    outer loop
      vertex 58.0852 -0.852953 10
      vertex 59.8239 -1.31883 10
      vertex 58.3349 -0.25 10
    endloop
  endfacet
  facet normal 0 0 1
    outer loop
      vertex 60.005 -1.99497 10
      vertex 58.7322 -3.26777 10
      vertex 59.25 -3.66506 10
    endloop
  endfacet
  facet normal 0 0 1
    outer loop
      vertex 59.8239 -1.31883 10
      vertex 58.0852 -0.852953 10
      vertex 59.8 -1.5 10
    endloop
  endfacet
  facet normal 0 0 1
    outer loop
      vertex 59.8938 -1.85 10
      vertex 58.3349 -2.75 10
      vertex 58.7322 -3.26777 10
    endloop
  endfacet
  facet normal 0 0 1
    outer loop
      vertex 58 -1.5 10
      vertex 59.8 -1.5 10
      vertex 58.0852 -0.852953 10
    endloop
  endfacet
  facet normal 0 0 1
    outer loop
      vertex 59.8239 -1.68117 10
      vertex 58.0852 -2.14705 10
      vertex 58.3349 -2.75 10
    endloop
  endfacet
  facet normal 0 0 1
    outer loop
      vertex 59.8 -1.5 10
      vertex 58 -1.5 10
      vertex 58.0852 -2.14705 10
    endloop
  endfacet
  facet normal 0.793353 -0.608762 0
    outer loop
      vertex 62.2678 -3.26777 10
      vertex 62.6651 -2.75 4
      vertex 62.6651 -2.75 10
    endloop
  endfacet
  facet normal 0.793353 -0.608762 0
    outer loop
      vertex 62.6651 -2.75 4
      vertex 62.2678 -3.26777 10
      vertex 62.2678 -3.26777 4
    endloop
  endfacet
  facet normal 0.608731 -0.793377 0
    outer loop
      vertex 61.75 -3.66506 4
      vertex 62.2678 -3.26777 10
      vertex 61.75 -3.66506 10
    endloop
  endfacet
  facet normal 0.608731 -0.793377 0
    outer loop
      vertex 62.2678 -3.26777 10
      vertex 61.75 -3.66506 4
      vertex 62.2678 -3.26777 4
    endloop
  endfacet
  facet normal -0.793353 -0.608762 0
    outer loop
      vertex 58.7322 -3.26777 4
      vertex 58.3349 -2.75 10
      vertex 58.3349 -2.75 4
    endloop
  endfacet
  facet normal -0.793353 -0.608762 0
    outer loop
      vertex 58.3349 -2.75 10
      vertex 58.7322 -3.26777 4
      vertex 58.7322 -3.26777 10
    endloop
  endfacet
  facet normal 0.991442 -0.130548 0
    outer loop
      vertex 62.9148 -2.14705 10
      vertex 63 -1.5 4
      vertex 63 -1.5 10
    endloop
  endfacet
  facet normal 0.991442 -0.130548 0
    outer loop
      vertex 63 -1.5 4
      vertex 62.9148 -2.14705 10
      vertex 62.9148 -2.14705 4
    endloop
  endfacet
  facet normal -0.991442 0.130548 0
    outer loop
      vertex 58 -1.5 4
      vertex 58.0852 -0.852953 10
      vertex 58.0852 -0.852953 4
    endloop
  endfacet
  facet normal -0.991442 0.130548 0
    outer loop
      vertex 58.0852 -0.852953 10
      vertex 58 -1.5 4
      vertex 58 -1.5 10
    endloop
  endfacet
  facet normal -0.130567 0.99144 0
    outer loop
      vertex 60 0.934173 4
      vertex 59.853 0.914814 10
      vertex 60 0.934173 10
    endloop
  endfacet
  facet normal -0.130567 0.99144 0
    outer loop
      vertex 59.853 0.914814 10
      vertex 60 0.934173 4
      vertex 59.853 0.914814 4
    endloop
  endfacet
  facet normal 0.923907 -0.382618 0
    outer loop
      vertex 62.6651 -2.75 10
      vertex 62.9148 -2.14705 4
      vertex 62.9148 -2.14705 10
    endloop
  endfacet
  facet normal 0.923907 -0.382618 0
    outer loop
      vertex 62.9148 -2.14705 4
      vertex 62.6651 -2.75 10
      vertex 62.6651 -2.75 4
    endloop
  endfacet
  facet normal -0.382658 0.92389 0
    outer loop
      vertex 59.853 0.914814 4
      vertex 59.25 0.665063 10
      vertex 59.853 0.914814 10
    endloop
  endfacet
  facet normal -0.382658 0.92389 0
    outer loop
      vertex 59.25 0.665063 10
      vertex 59.853 0.914814 4
      vertex 59.25 0.665063 4
    endloop
  endfacet
  facet normal -0.130543 -0.991443 0
    outer loop
      vertex 59.853 -3.91481 4
      vertex 60.5 -4 10
      vertex 59.853 -3.91481 10
    endloop
  endfacet
  facet normal -0.130543 -0.991443 -0
    outer loop
      vertex 60.5 -4 10
      vertex 59.853 -3.91481 4
      vertex 60.5 -4 4
    endloop
  endfacet
  facet normal -0.923907 -0.382618 0
    outer loop
      vertex 58.3349 -2.75 4
      vertex 58.0852 -2.14705 10
      vertex 58.0852 -2.14705 4
    endloop
  endfacet
  facet normal -0.923907 -0.382618 0
    outer loop
      vertex 58.0852 -2.14705 10
      vertex 58.3349 -2.75 4
      vertex 58.3349 -2.75 10
    endloop
  endfacet
  facet normal -0.991442 -0.130548 0
    outer loop
      vertex 58.0852 -2.14705 4
      vertex 58 -1.5 10
      vertex 58 -1.5 4
    endloop
  endfacet
  facet normal -0.991442 -0.130548 0
    outer loop
      vertex 58 -1.5 10
      vertex 58.0852 -2.14705 4
      vertex 58.0852 -2.14705 10
    endloop
  endfacet
  facet normal -0.608731 -0.793377 0
    outer loop
      vertex 58.7322 -3.26777 4
      vertex 59.25 -3.66506 10
      vertex 58.7322 -3.26777 10
    endloop
  endfacet
  facet normal -0.608731 -0.793377 -0
    outer loop
      vertex 59.25 -3.66506 10
      vertex 58.7322 -3.26777 4
      vertex 59.25 -3.66506 4
    endloop
  endfacet
  facet normal 0 0 -1
    outer loop
      vertex 62.9148 -2.14705 4
      vertex 61.1761 -1.68117 4
      vertex 61.2 -1.5 4
    endloop
  endfacet
  facet normal 0 0 -1
    outer loop
      vertex 60.85 -2.10622 4
      vertex 61.75 -3.66506 4
      vertex 61.147 -3.91481 4
    endloop
  endfacet
  facet normal 0 0 -1
    outer loop
      vertex 62.2678 -3.26777 4
      vertex 61.1062 -1.85 4
      vertex 61.1761 -1.68117 4
    endloop
  endfacet
  facet normal 0 0 -1
    outer loop
      vertex 62.2678 -3.26777 4
      vertex 60.995 -1.99497 4
      vertex 61.1062 -1.85 4
    endloop
  endfacet
  facet normal 0 0 -1
    outer loop
      vertex 61.75 -3.66506 4
      vertex 60.85 -2.10622 4
      vertex 60.995 -1.99497 4
    endloop
  endfacet
  facet normal 0 0 -1
    outer loop
      vertex 61.147 -3.91481 4
      vertex 60.6812 -2.17615 4
      vertex 60.85 -2.10622 4
    endloop
  endfacet
  facet normal 0 0 -1
    outer loop
      vertex 60.5 -4 4
      vertex 60.6812 -2.17615 4
      vertex 61.147 -3.91481 4
    endloop
  endfacet
  facet normal 0 0 -1
    outer loop
      vertex 60.5 -4 4
      vertex 60.5 -2.2 4
      vertex 60.6812 -2.17615 4
    endloop
  endfacet
  facet normal 0 0 -1
    outer loop
      vertex 60.5 -4 4
      vertex 60.3188 -2.17615 4
      vertex 60.5 -2.2 4
    endloop
  endfacet
  facet normal 0 0 -1
    outer loop
      vertex 59.853 -3.91481 4
      vertex 60.3188 -2.17615 4
      vertex 60.5 -4 4
    endloop
  endfacet
  facet normal -0 0 -1
    outer loop
      vertex 60.3188 -2.17615 4
      vertex 59.853 -3.91481 4
      vertex 60.15 -2.10622 4
    endloop
  endfacet
  facet normal 0 0 -1
    outer loop
      vertex 59.25 -3.66506 4
      vertex 60.15 -2.10622 4
      vertex 59.853 -3.91481 4
    endloop
  endfacet
  facet normal -0 0 -1
    outer loop
      vertex 60.15 -2.10622 4
      vertex 59.25 -3.66506 4
      vertex 60.005 -1.99497 4
    endloop
  endfacet
  facet normal 0 0 -1
    outer loop
      vertex 58.7322 -3.26777 4
      vertex 60.005 -1.99497 4
      vertex 59.25 -3.66506 4
    endloop
  endfacet
  facet normal -0 0 -1
    outer loop
      vertex 60.005 -1.99497 4
      vertex 58.7322 -3.26777 4
      vertex 59.8938 -1.85 4
    endloop
  endfacet
  facet normal 0 0 -1
    outer loop
      vertex 58.3349 -2.75 4
      vertex 59.8938 -1.85 4
      vertex 58.7322 -3.26777 4
    endloop
  endfacet
  facet normal 0 0 -1
    outer loop
      vertex 61.2 -1.5 4
      vertex 63 -1.5 4
      vertex 62.9148 -2.14705 4
    endloop
  endfacet
  facet normal 0 0 -1
    outer loop
      vertex 61.1761 -1.68117 4
      vertex 62.9148 -2.14705 4
      vertex 62.6651 -2.75 4
    endloop
  endfacet
  facet normal 0 0 -1
    outer loop
      vertex 63 -1.5 4
      vertex 61.2 -1.5 4
      vertex 62.9148 -0.852953 4
    endloop
  endfacet
  facet normal 0 0 -1
    outer loop
      vertex 61.1761 -1.31883 4
      vertex 62.9148 -0.852953 4
      vertex 61.2 -1.5 4
    endloop
  endfacet
  facet normal 0 0 -1
    outer loop
      vertex 61.1761 -1.68117 4
      vertex 62.6651 -2.75 4
      vertex 62.2678 -3.26777 4
    endloop
  endfacet
  facet normal 0 0 -1
    outer loop
      vertex 60.995 -1.99497 4
      vertex 62.2678 -3.26777 4
      vertex 61.75 -3.66506 4
    endloop
  endfacet
  facet normal -0 0 -1
    outer loop
      vertex 62.9148 -0.852953 4
      vertex 61.1761 -1.31883 4
      vertex 62.6651 -0.25 4
    endloop
  endfacet
  facet normal 0 0 -1
    outer loop
      vertex 61.1062 -1.15 4
      vertex 62.6651 -0.25 4
      vertex 61.1761 -1.31883 4
    endloop
  endfacet
  facet normal -0 0 -1
    outer loop
      vertex 62.6651 -0.25 4
      vertex 61.1062 -1.15 4
      vertex 62.4732 0 4
    endloop
  endfacet
  facet normal 0 0 -1
    outer loop
      vertex 60.995 -1.00503 4
      vertex 62.4732 0 4
      vertex 61.1062 -1.15 4
    endloop
  endfacet
  facet normal 0 0 -1
    outer loop
      vertex 60.85 -0.893783 4
      vertex 62.4732 0 4
      vertex 60.995 -1.00503 4
    endloop
  endfacet
  facet normal 0 0 -1
    outer loop
      vertex 60.6812 -0.823853 4
      vertex 62.4732 0 4
      vertex 60.85 -0.893783 4
    endloop
  endfacet
  facet normal 0 0 -1
    outer loop
      vertex 60 0 4
      vertex 60.6812 -0.823853 4
      vertex 60.5 -0.8 4
    endloop
  endfacet
  facet normal 0 0 -1
    outer loop
      vertex 60 0 4
      vertex 60.5 -0.8 4
      vertex 60.3188 -0.823853 4
    endloop
  endfacet
  facet normal 0 0 -1
    outer loop
      vertex 60.6812 -0.823853 4
      vertex 60 0 4
      vertex 62.4732 0 4
    endloop
  endfacet
  facet normal 0 0 -1
    outer loop
      vertex 60.15 -0.893783 4
      vertex 60 0 4
      vertex 60.3188 -0.823853 4
    endloop
  endfacet
  facet normal 0 0 -1
    outer loop
      vertex 60.005 -1.00503 4
      vertex 60 0 4
      vertex 60.15 -0.893783 4
    endloop
  endfacet
  facet normal 0 0 -1
    outer loop
      vertex 58.7322 0.267767 4
      vertex 60.005 -1.00503 4
      vertex 59.8938 -1.15 4
    endloop
  endfacet
  facet normal 0 0 -1
    outer loop
      vertex 60.005 -1.00503 4
      vertex 58.7322 0.267767 4
      vertex 60 0 4
    endloop
  endfacet
  facet normal 0 0 -1
    outer loop
      vertex 60 0 4
      vertex 59.853 0.914814 4
      vertex 60 0.934173 4
    endloop
  endfacet
  facet normal 0 0 -1
    outer loop
      vertex 58.3349 -0.25 4
      vertex 59.8938 -1.15 4
      vertex 59.8239 -1.31883 4
    endloop
  endfacet
  facet normal 0 0 -1
    outer loop
      vertex 58.0852 -0.852953 4
      vertex 59.8239 -1.31883 4
      vertex 59.8 -1.5 4
    endloop
  endfacet
  facet normal -0 0 -1
    outer loop
      vertex 59.8938 -1.85 4
      vertex 58.3349 -2.75 4
      vertex 59.8239 -1.68117 4
    endloop
  endfacet
  facet normal 0 0 -1
    outer loop
      vertex 60 0 4
      vertex 59.25 0.665063 4
      vertex 59.853 0.914814 4
    endloop
  endfacet
  facet normal 0 0 -1
    outer loop
      vertex 58.0852 -2.14705 4
      vertex 59.8239 -1.68117 4
      vertex 58.3349 -2.75 4
    endloop
  endfacet
  facet normal 0 0 -1
    outer loop
      vertex 60 0 4
      vertex 58.7322 0.267767 4
      vertex 59.25 0.665063 4
    endloop
  endfacet
  facet normal -0 0 -1
    outer loop
      vertex 59.8239 -1.68117 4
      vertex 58.0852 -2.14705 4
      vertex 59.8 -1.5 4
    endloop
  endfacet
  facet normal 0 0 -1
    outer loop
      vertex 59.8938 -1.15 4
      vertex 58.3349 -0.25 4
      vertex 58.7322 0.267767 4
    endloop
  endfacet
  facet normal 0 0 -1
    outer loop
      vertex 58 -1.5 4
      vertex 59.8 -1.5 4
      vertex 58.0852 -2.14705 4
    endloop
  endfacet
  facet normal 0 0 -1
    outer loop
      vertex 59.8239 -1.31883 4
      vertex 58.0852 -0.852953 4
      vertex 58.3349 -0.25 4
    endloop
  endfacet
  facet normal 0 0 -1
    outer loop
      vertex 59.8 -1.5 4
      vertex 58 -1.5 4
      vertex 58.0852 -0.852953 4
    endloop
  endfacet
  facet normal -0.382656 -0.923891 0
    outer loop
      vertex 59.25 -3.66506 4
      vertex 59.853 -3.91481 10
      vertex 59.25 -3.66506 10
    endloop
  endfacet
  facet normal -0.382656 -0.923891 -0
    outer loop
      vertex 59.853 -3.91481 10
      vertex 59.25 -3.66506 4
      vertex 59.853 -3.91481 4
    endloop
  endfacet
  facet normal -0.923941 -0.382535 0
    outer loop
      vertex 61.1761 -1.31883 4
      vertex 61.1062 -1.15 10
      vertex 61.1062 -1.15 4
    endloop
  endfacet
  facet normal -0.923941 -0.382535 0
    outer loop
      vertex 61.1062 -1.15 10
      vertex 61.1761 -1.31883 4
      vertex 61.1761 -1.31883 10
    endloop
  endfacet
  facet normal -0.99141 -0.130787 0
    outer loop
      vertex 61.2 -1.5 4
      vertex 61.1761 -1.31883 10
      vertex 61.1761 -1.31883 4
    endloop
  endfacet
  facet normal -0.99141 -0.130787 0
    outer loop
      vertex 61.1761 -1.31883 10
      vertex 61.2 -1.5 4
      vertex 61.2 -1.5 10
    endloop
  endfacet
  facet normal 0.608708 -0.793394 0
    outer loop
      vertex 60.005 -1.00503 4
      vertex 60.15 -0.893783 10
      vertex 60.005 -1.00503 10
    endloop
  endfacet
  facet normal 0.608708 -0.793394 0
    outer loop
      vertex 60.15 -0.893783 10
      vertex 60.005 -1.00503 4
      vertex 60.15 -0.893783 4
    endloop
  endfacet
  facet normal 0.382734 -0.923859 0
    outer loop
      vertex 60.15 -0.893783 4
      vertex 60.3188 -0.823853 10
      vertex 60.15 -0.893783 10
    endloop
  endfacet
  facet normal 0.382734 -0.923859 0
    outer loop
      vertex 60.3188 -0.823853 10
      vertex 60.15 -0.893783 4
      vertex 60.3188 -0.823853 4
    endloop
  endfacet
  facet normal -0.608719 0.793386 0
    outer loop
      vertex 60.995 -1.99497 4
      vertex 60.85 -2.10622 10
      vertex 60.995 -1.99497 10
    endloop
  endfacet
  facet normal -0.608719 0.793386 0
    outer loop
      vertex 60.85 -2.10622 10
      vertex 60.995 -1.99497 4
      vertex 60.85 -2.10622 4
    endloop
  endfacet
  facet normal -0.608708 -0.793394 0
    outer loop
      vertex 60.85 -0.893783 4
      vertex 60.995 -1.00503 10
      vertex 60.85 -0.893783 10
    endloop
  endfacet
  facet normal -0.608708 -0.793394 -0
    outer loop
      vertex 60.995 -1.00503 10
      vertex 60.85 -0.893783 4
      vertex 60.995 -1.00503 4
    endloop
  endfacet
  facet normal 0.130497 0.991449 -0
    outer loop
      vertex 60.5 -2.2 4
      vertex 60.3188 -2.17615 10
      vertex 60.5 -2.2 10
    endloop
  endfacet
  facet normal 0.130497 0.991449 0
    outer loop
      vertex 60.3188 -2.17615 10
      vertex 60.5 -2.2 4
      vertex 60.3188 -2.17615 4
    endloop
  endfacet
  facet normal -0.130513 -0.991447 0
    outer loop
      vertex 60.5 -0.8 4
      vertex 60.6812 -0.823853 10
      vertex 60.5 -0.8 10
    endloop
  endfacet
  facet normal -0.130513 -0.991447 -0
    outer loop
      vertex 60.6812 -0.823853 10
      vertex 60.5 -0.8 4
      vertex 60.6812 -0.823853 4
    endloop
  endfacet
  facet normal -0.382734 -0.923859 0
    outer loop
      vertex 60.6812 -0.823853 4
      vertex 60.85 -0.893783 10
      vertex 60.6812 -0.823853 10
    endloop
  endfacet
  facet normal -0.382734 -0.923859 -0
    outer loop
      vertex 60.85 -0.893783 10
      vertex 60.6812 -0.823853 4
      vertex 60.85 -0.893783 4
    endloop
  endfacet
  facet normal 0.608719 0.793386 -0
    outer loop
      vertex 60.15 -2.10622 4
      vertex 60.005 -1.99497 10
      vertex 60.15 -2.10622 10
    endloop
  endfacet
  facet normal 0.608719 0.793386 0
    outer loop
      vertex 60.005 -1.99497 10
      vertex 60.15 -2.10622 4
      vertex 60.005 -1.99497 4
    endloop
  endfacet
  facet normal -0.793457 -0.608626 0
    outer loop
      vertex 61.1062 -1.15 4
      vertex 60.995 -1.00503 10
      vertex 60.995 -1.00503 4
    endloop
  endfacet
  facet normal -0.793457 -0.608626 0
    outer loop
      vertex 60.995 -1.00503 10
      vertex 61.1062 -1.15 4
      vertex 61.1062 -1.15 10
    endloop
  endfacet
  facet normal -0.793457 0.608626 0
    outer loop
      vertex 60.995 -1.99497 4
      vertex 61.1062 -1.85 10
      vertex 61.1062 -1.85 4
    endloop
  endfacet
  facet normal -0.793457 0.608626 0
    outer loop
      vertex 61.1062 -1.85 10
      vertex 60.995 -1.99497 4
      vertex 60.995 -1.99497 10
    endloop
  endfacet
  facet normal -0.382734 0.923859 0
    outer loop
      vertex 60.85 -2.10622 4
      vertex 60.6812 -2.17615 10
      vertex 60.85 -2.10622 10
    endloop
  endfacet
  facet normal -0.382734 0.923859 0
    outer loop
      vertex 60.6812 -2.17615 10
      vertex 60.85 -2.10622 4
      vertex 60.6812 -2.17615 4
    endloop
  endfacet
  facet normal 0.793457 -0.608626 0
    outer loop
      vertex 59.8938 -1.15 10
      vertex 60.005 -1.00503 4
      vertex 60.005 -1.00503 10
    endloop
  endfacet
  facet normal 0.793457 -0.608626 0
    outer loop
      vertex 60.005 -1.00503 4
      vertex 59.8938 -1.15 10
      vertex 59.8938 -1.15 4
    endloop
  endfacet
  facet normal 0.793457 0.608626 0
    outer loop
      vertex 60.005 -1.99497 10
      vertex 59.8938 -1.85 4
      vertex 59.8938 -1.85 10
    endloop
  endfacet
  facet normal 0.793457 0.608626 0
    outer loop
      vertex 59.8938 -1.85 4
      vertex 60.005 -1.99497 10
      vertex 60.005 -1.99497 4
    endloop
  endfacet
  facet normal -0.99141 0.130787 0
    outer loop
      vertex 61.1761 -1.68117 4
      vertex 61.2 -1.5 10
      vertex 61.2 -1.5 4
    endloop
  endfacet
  facet normal -0.99141 0.130787 0
    outer loop
      vertex 61.2 -1.5 10
      vertex 61.1761 -1.68117 4
      vertex 61.1761 -1.68117 10
    endloop
  endfacet
  facet normal 0.130513 -0.991447 0
    outer loop
      vertex 60.3188 -0.823853 4
      vertex 60.5 -0.8 10
      vertex 60.3188 -0.823853 10
    endloop
  endfacet
  facet normal 0.130513 -0.991447 0
    outer loop
      vertex 60.5 -0.8 10
      vertex 60.3188 -0.823853 4
      vertex 60.5 -0.8 4
    endloop
  endfacet
  facet normal 0.923941 0.382535 0
    outer loop
      vertex 59.8938 -1.85 10
      vertex 59.8239 -1.68117 4
      vertex 59.8239 -1.68117 10
    endloop
  endfacet
  facet normal 0.923941 0.382535 0
    outer loop
      vertex 59.8239 -1.68117 4
      vertex 59.8938 -1.85 10
      vertex 59.8938 -1.85 4
    endloop
  endfacet
  facet normal 0.99141 0.130787 0
    outer loop
      vertex 59.8239 -1.68117 10
      vertex 59.8 -1.5 4
      vertex 59.8 -1.5 10
    endloop
  endfacet
  facet normal 0.99141 0.130787 0
    outer loop
      vertex 59.8 -1.5 4
      vertex 59.8239 -1.68117 10
      vertex 59.8239 -1.68117 4
    endloop
  endfacet
  facet normal -0.923941 0.382535 0
    outer loop
      vertex 61.1062 -1.85 4
      vertex 61.1761 -1.68117 10
      vertex 61.1761 -1.68117 4
    endloop
  endfacet
  facet normal -0.923941 0.382535 0
    outer loop
      vertex 61.1761 -1.68117 10
      vertex 61.1062 -1.85 4
      vertex 61.1062 -1.85 10
    endloop
  endfacet
  facet normal 0.382734 0.923859 -0
    outer loop
      vertex 60.3188 -2.17615 4
      vertex 60.15 -2.10622 10
      vertex 60.3188 -2.17615 10
    endloop
  endfacet
  facet normal 0.382734 0.923859 0
    outer loop
      vertex 60.15 -2.10622 10
      vertex 60.3188 -2.17615 4
      vertex 60.15 -2.10622 4
    endloop
  endfacet
  facet normal -0.130497 0.991449 0
    outer loop
      vertex 60.6812 -2.17615 4
      vertex 60.5 -2.2 10
      vertex 60.6812 -2.17615 10
    endloop
  endfacet
  facet normal -0.130497 0.991449 0
    outer loop
      vertex 60.5 -2.2 10
      vertex 60.6812 -2.17615 4
      vertex 60.5 -2.2 4
    endloop
  endfacet
  facet normal 0.923941 -0.382535 0
    outer loop
      vertex 59.8239 -1.31883 10
      vertex 59.8938 -1.15 4
      vertex 59.8938 -1.15 10
    endloop
  endfacet
  facet normal 0.923941 -0.382535 0
    outer loop
      vertex 59.8938 -1.15 4
      vertex 59.8239 -1.31883 10
      vertex 59.8239 -1.31883 4
    endloop
  endfacet
  facet normal 0.99141 -0.130787 0
    outer loop
      vertex 59.8 -1.5 10
      vertex 59.8239 -1.31883 4
      vertex 59.8239 -1.31883 10
    endloop
  endfacet
  facet normal 0.99141 -0.130787 0
    outer loop
      vertex 59.8239 -1.31883 4
      vertex 59.8 -1.5 10
      vertex 59.8 -1.5 4
    endloop
  endfacet
  facet normal 0.923907 0.382616 0
    outer loop
      vertex 62.9148 -0.852953 45
      vertex 62.6651 -0.25 39
      vertex 62.6651 -0.25 45
    endloop
  endfacet
  facet normal 0.923907 0.382616 0
    outer loop
      vertex 62.6651 -0.25 39
      vertex 62.9148 -0.852953 45
      vertex 62.9148 -0.852953 39
    endloop
  endfacet
  facet normal 0.991442 0.130548 0
    outer loop
      vertex 63 -1.5 45
      vertex 62.9148 -0.852953 39
      vertex 62.9148 -0.852953 45
    endloop
  endfacet
  facet normal 0.991442 0.130548 0
    outer loop
      vertex 62.9148 -0.852953 39
      vertex 63 -1.5 45
      vertex 63 -1.5 39
    endloop
  endfacet
  facet normal 0.793249 0.608898 0
    outer loop
      vertex 62.6651 -0.25 45
      vertex 62.4732 0 39
      vertex 62.4732 0 45
    endloop
  endfacet
  facet normal 0.793249 0.608898 0
    outer loop
      vertex 62.4732 0 39
      vertex 62.6651 -0.25 45
      vertex 62.6651 -0.25 39
    endloop
  endfacet
  facet normal -0.793351 0.608765 0
    outer loop
      vertex 58.3349 -0.25 39
      vertex 58.7322 0.267767 45
      vertex 58.7322 0.267767 39
    endloop
  endfacet
  facet normal -0.793351 0.608765 0
    outer loop
      vertex 58.7322 0.267767 45
      vertex 58.3349 -0.25 39
      vertex 58.3349 -0.25 45
    endloop
  endfacet
  facet normal -0.608736 0.793373 0
    outer loop
      vertex 59.25 0.665063 39
      vertex 58.7322 0.267767 45
      vertex 59.25 0.665063 45
    endloop
  endfacet
  facet normal -0.608736 0.793373 0
    outer loop
      vertex 58.7322 0.267767 45
      vertex 59.25 0.665063 39
      vertex 58.7322 0.267767 39
    endloop
  endfacet
  facet normal 0.382656 -0.923891 0
    outer loop
      vertex 61.147 -3.91481 39
      vertex 61.75 -3.66506 45
      vertex 61.147 -3.91481 45
    endloop
  endfacet
  facet normal 0.382656 -0.923891 0
    outer loop
      vertex 61.75 -3.66506 45
      vertex 61.147 -3.91481 39
      vertex 61.75 -3.66506 39
    endloop
  endfacet
  facet normal -0.923907 0.382616 0
    outer loop
      vertex 58.0852 -0.852953 39
      vertex 58.3349 -0.25 45
      vertex 58.3349 -0.25 39
    endloop
  endfacet
  facet normal -0.923907 0.382616 0
    outer loop
      vertex 58.3349 -0.25 45
      vertex 58.0852 -0.852953 39
      vertex 58.0852 -0.852953 45
    endloop
  endfacet
  facet normal 0.130543 -0.991443 0
    outer loop
      vertex 60.5 -4 39
      vertex 61.147 -3.91481 45
      vertex 60.5 -4 45
    endloop
  endfacet
  facet normal 0.130543 -0.991443 0
    outer loop
      vertex 61.147 -3.91481 45
      vertex 60.5 -4 39
      vertex 61.147 -3.91481 39
    endloop
  endfacet
  facet normal -0 0 1
    outer loop
      vertex 59.853 0.914814 45
      vertex 60 0 45
      vertex 60 0.934173 45
    endloop
  endfacet
  facet normal -0 0 1
    outer loop
      vertex 59.25 0.665063 45
      vertex 60 0 45
      vertex 59.853 0.914814 45
    endloop
  endfacet
  facet normal -0 0 1
    outer loop
      vertex 58.7322 0.267767 45
      vertex 60 0 45
      vertex 59.25 0.665063 45
    endloop
  endfacet
  facet normal 0 0 1
    outer loop
      vertex 60 0 45
      vertex 58.7322 0.267767 45
      vertex 59.8938 -1.15 45
    endloop
  endfacet
  facet normal -0 0 1
    outer loop
      vertex 58.3349 -0.25 45
      vertex 59.8938 -1.15 45
      vertex 58.7322 0.267767 45
    endloop
  endfacet
  facet normal 0 0 1
    outer loop
      vertex 61.2 -1.5 45
      vertex 63 -1.5 45
      vertex 62.9148 -0.852953 45
    endloop
  endfacet
  facet normal 0 0 1
    outer loop
      vertex 61.1761 -1.31883 45
      vertex 62.9148 -0.852953 45
      vertex 62.6651 -0.25 45
    endloop
  endfacet
  facet normal 0 0 1
    outer loop
      vertex 63 -1.5 45
      vertex 61.2 -1.5 45
      vertex 62.9148 -2.14705 45
    endloop
  endfacet
  facet normal 0 0 1
    outer loop
      vertex 61.1062 -1.15 45
      vertex 62.6651 -0.25 45
      vertex 62.4732 0 45
    endloop
  endfacet
  facet normal -0 0 1
    outer loop
      vertex 61.1761 -1.68117 45
      vertex 62.9148 -2.14705 45
      vertex 61.2 -1.5 45
    endloop
  endfacet
  facet normal 0 0 1
    outer loop
      vertex 62.9148 -2.14705 45
      vertex 61.1761 -1.68117 45
      vertex 62.6651 -2.75 45
    endloop
  endfacet
  facet normal -0 0 1
    outer loop
      vertex 61.1062 -1.85 45
      vertex 62.6651 -2.75 45
      vertex 61.1761 -1.68117 45
    endloop
  endfacet
  facet normal 0 0 1
    outer loop
      vertex 62.9148 -0.852953 45
      vertex 61.1761 -1.31883 45
      vertex 61.2 -1.5 45
    endloop
  endfacet
  facet normal 0 0 1
    outer loop
      vertex 62.6651 -0.25 45
      vertex 61.1062 -1.15 45
      vertex 61.1761 -1.31883 45
    endloop
  endfacet
  facet normal 0 0 1
    outer loop
      vertex 62.4732 0 45
      vertex 60.995 -1.00503 45
      vertex 61.1062 -1.15 45
    endloop
  endfacet
  facet normal 0 0 1
    outer loop
      vertex 62.4732 0 45
      vertex 60.85 -0.893783 45
      vertex 60.995 -1.00503 45
    endloop
  endfacet
  facet normal 0 0 1
    outer loop
      vertex 62.4732 0 45
      vertex 60.6812 -0.823853 45
      vertex 60.85 -0.893783 45
    endloop
  endfacet
  facet normal -0 0 1
    outer loop
      vertex 60 0 45
      vertex 60.6812 -0.823853 45
      vertex 62.4732 0 45
    endloop
  endfacet
  facet normal 0 0 1
    outer loop
      vertex 60.6812 -0.823853 45
      vertex 60 0 45
      vertex 60.5 -0.8 45
    endloop
  endfacet
  facet normal 0 0 1
    outer loop
      vertex 60.5 -0.8 45
      vertex 60 0 45
      vertex 60.3188 -0.823853 45
    endloop
  endfacet
  facet normal 0 0 1
    outer loop
      vertex 60 0 45
      vertex 60.15 -0.893783 45
      vertex 60.3188 -0.823853 45
    endloop
  endfacet
  facet normal 0 0 1
    outer loop
      vertex 60 0 45
      vertex 60.005 -1.00503 45
      vertex 60.15 -0.893783 45
    endloop
  endfacet
  facet normal 0 0 1
    outer loop
      vertex 60.005 -1.00503 45
      vertex 60 0 45
      vertex 59.8938 -1.15 45
    endloop
  endfacet
  facet normal 0 0 1
    outer loop
      vertex 62.6651 -2.75 45
      vertex 61.1062 -1.85 45
      vertex 62.2678 -3.26777 45
    endloop
  endfacet
  facet normal -0 0 1
    outer loop
      vertex 60.995 -1.99497 45
      vertex 62.2678 -3.26777 45
      vertex 61.1062 -1.85 45
    endloop
  endfacet
  facet normal 0 0 1
    outer loop
      vertex 62.2678 -3.26777 45
      vertex 60.995 -1.99497 45
      vertex 61.75 -3.66506 45
    endloop
  endfacet
  facet normal -0 0 1
    outer loop
      vertex 60.85 -2.10622 45
      vertex 61.75 -3.66506 45
      vertex 60.995 -1.99497 45
    endloop
  endfacet
  facet normal 0 0 1
    outer loop
      vertex 61.75 -3.66506 45
      vertex 60.85 -2.10622 45
      vertex 61.147 -3.91481 45
    endloop
  endfacet
  facet normal -0 0 1
    outer loop
      vertex 60.6812 -2.17615 45
      vertex 61.147 -3.91481 45
      vertex 60.85 -2.10622 45
    endloop
  endfacet
  facet normal -0 0 1
    outer loop
      vertex 60.5 -2.2 45
      vertex 61.147 -3.91481 45
      vertex 60.6812 -2.17615 45
    endloop
  endfacet
  facet normal 0 0 1
    outer loop
      vertex 60.5 -2.2 45
      vertex 60.5 -4 45
      vertex 61.147 -3.91481 45
    endloop
  endfacet
  facet normal 0 0 1
    outer loop
      vertex 60.3188 -2.17615 45
      vertex 60.5 -4 45
      vertex 60.5 -2.2 45
    endloop
  endfacet
  facet normal 0 0 1
    outer loop
      vertex 59.853 -3.91481 45
      vertex 60.3188 -2.17615 45
      vertex 60.15 -2.10622 45
    endloop
  endfacet
  facet normal 0 0 1
    outer loop
      vertex 59.25 -3.66506 45
      vertex 60.15 -2.10622 45
      vertex 60.005 -1.99497 45
    endloop
  endfacet
  facet normal 0 0 1
    outer loop
      vertex 58.7322 -3.26777 45
      vertex 60.005 -1.99497 45
      vertex 59.8938 -1.85 45
    endloop
  endfacet
  facet normal 0 0 1
    outer loop
      vertex 60.3188 -2.17615 45
      vertex 59.853 -3.91481 45
      vertex 60.5 -4 45
    endloop
  endfacet
  facet normal 0 0 1
    outer loop
      vertex 58.3349 -2.75 45
      vertex 59.8938 -1.85 45
      vertex 59.8239 -1.68117 45
    endloop
  endfacet
  facet normal 0 0 1
    outer loop
      vertex 58.0852 -2.14705 45
      vertex 59.8239 -1.68117 45
      vertex 59.8 -1.5 45
    endloop
  endfacet
  facet normal 0 0 1
    outer loop
      vertex 59.8938 -1.15 45
      vertex 58.3349 -0.25 45
      vertex 59.8239 -1.31883 45
    endloop
  endfacet
  facet normal 0 0 1
    outer loop
      vertex 60.15 -2.10622 45
      vertex 59.25 -3.66506 45
      vertex 59.853 -3.91481 45
    endloop
  endfacet
  facet normal -0 0 1
    outer loop
      vertex 58.0852 -0.852953 45
      vertex 59.8239 -1.31883 45
      vertex 58.3349 -0.25 45
    endloop
  endfacet
  facet normal 0 0 1
    outer loop
      vertex 60.005 -1.99497 45
      vertex 58.7322 -3.26777 45
      vertex 59.25 -3.66506 45
    endloop
  endfacet
  facet normal 0 0 1
    outer loop
      vertex 59.8239 -1.31883 45
      vertex 58.0852 -0.852953 45
      vertex 59.8 -1.5 45
    endloop
  endfacet
  facet normal 0 0 1
    outer loop
      vertex 59.8938 -1.85 45
      vertex 58.3349 -2.75 45
      vertex 58.7322 -3.26777 45
    endloop
  endfacet
  facet normal 0 0 1
    outer loop
      vertex 58 -1.5 45
      vertex 59.8 -1.5 45
      vertex 58.0852 -0.852953 45
    endloop
  endfacet
  facet normal 0 0 1
    outer loop
      vertex 59.8239 -1.68117 45
      vertex 58.0852 -2.14705 45
      vertex 58.3349 -2.75 45
    endloop
  endfacet
  facet normal 0 0 1
    outer loop
      vertex 59.8 -1.5 45
      vertex 58 -1.5 45
      vertex 58.0852 -2.14705 45
    endloop
  endfacet
  facet normal 0.793353 -0.608762 0
    outer loop
      vertex 62.2678 -3.26777 45
      vertex 62.6651 -2.75 39
      vertex 62.6651 -2.75 45
    endloop
  endfacet
  facet normal 0.793353 -0.608762 0
    outer loop
      vertex 62.6651 -2.75 39
      vertex 62.2678 -3.26777 45
      vertex 62.2678 -3.26777 39
    endloop
  endfacet
  facet normal 0.608731 -0.793377 0
    outer loop
      vertex 61.75 -3.66506 39
      vertex 62.2678 -3.26777 45
      vertex 61.75 -3.66506 45
    endloop
  endfacet
  facet normal 0.608731 -0.793377 0
    outer loop
      vertex 62.2678 -3.26777 45
      vertex 61.75 -3.66506 39
      vertex 62.2678 -3.26777 39
    endloop
  endfacet
  facet normal -0.793353 -0.608762 0
    outer loop
      vertex 58.7322 -3.26777 39
      vertex 58.3349 -2.75 45
      vertex 58.3349 -2.75 39
    endloop
  endfacet
  facet normal -0.793353 -0.608762 0
    outer loop
      vertex 58.3349 -2.75 45
      vertex 58.7322 -3.26777 39
      vertex 58.7322 -3.26777 45
    endloop
  endfacet
  facet normal 0.991442 -0.130548 0
    outer loop
      vertex 62.9148 -2.14705 45
      vertex 63 -1.5 39
      vertex 63 -1.5 45
    endloop
  endfacet
  facet normal 0.991442 -0.130548 0
    outer loop
      vertex 63 -1.5 39
      vertex 62.9148 -2.14705 45
      vertex 62.9148 -2.14705 39
    endloop
  endfacet
  facet normal -0.991442 0.130548 0
    outer loop
      vertex 58 -1.5 39
      vertex 58.0852 -0.852953 45
      vertex 58.0852 -0.852953 39
    endloop
  endfacet
  facet normal -0.991442 0.130548 0
    outer loop
      vertex 58.0852 -0.852953 45
      vertex 58 -1.5 39
      vertex 58 -1.5 45
    endloop
  endfacet
  facet normal -0.130567 0.99144 0
    outer loop
      vertex 60 0.934173 39
      vertex 59.853 0.914814 45
      vertex 60 0.934173 45
    endloop
  endfacet
  facet normal -0.130567 0.99144 0
    outer loop
      vertex 59.853 0.914814 45
      vertex 60 0.934173 39
      vertex 59.853 0.914814 39
    endloop
  endfacet
  facet normal 0.923907 -0.382618 0
    outer loop
      vertex 62.6651 -2.75 45
      vertex 62.9148 -2.14705 39
      vertex 62.9148 -2.14705 45
    endloop
  endfacet
  facet normal 0.923907 -0.382618 0
    outer loop
      vertex 62.9148 -2.14705 39
      vertex 62.6651 -2.75 45
      vertex 62.6651 -2.75 39
    endloop
  endfacet
  facet normal -0.382658 0.92389 0
    outer loop
      vertex 59.853 0.914814 39
      vertex 59.25 0.665063 45
      vertex 59.853 0.914814 45
    endloop
  endfacet
  facet normal -0.382658 0.92389 0
    outer loop
      vertex 59.25 0.665063 45
      vertex 59.853 0.914814 39
      vertex 59.25 0.665063 39
    endloop
  endfacet
  facet normal -0.130543 -0.991443 0
    outer loop
      vertex 59.853 -3.91481 39
      vertex 60.5 -4 45
      vertex 59.853 -3.91481 45
    endloop
  endfacet
  facet normal -0.130543 -0.991443 -0
    outer loop
      vertex 60.5 -4 45
      vertex 59.853 -3.91481 39
      vertex 60.5 -4 39
    endloop
  endfacet
  facet normal -0.923907 -0.382618 0
    outer loop
      vertex 58.3349 -2.75 39
      vertex 58.0852 -2.14705 45
      vertex 58.0852 -2.14705 39
    endloop
  endfacet
  facet normal -0.923907 -0.382618 0
    outer loop
      vertex 58.0852 -2.14705 45
      vertex 58.3349 -2.75 39
      vertex 58.3349 -2.75 45
    endloop
  endfacet
  facet normal -0.991442 -0.130548 0
    outer loop
      vertex 58.0852 -2.14705 39
      vertex 58 -1.5 45
      vertex 58 -1.5 39
    endloop
  endfacet
  facet normal -0.991442 -0.130548 0
    outer loop
      vertex 58 -1.5 45
      vertex 58.0852 -2.14705 39
      vertex 58.0852 -2.14705 45
    endloop
  endfacet
  facet normal -0.608731 -0.793377 0
    outer loop
      vertex 58.7322 -3.26777 39
      vertex 59.25 -3.66506 45
      vertex 58.7322 -3.26777 45
    endloop
  endfacet
  facet normal -0.608731 -0.793377 -0
    outer loop
      vertex 59.25 -3.66506 45
      vertex 58.7322 -3.26777 39
      vertex 59.25 -3.66506 39
    endloop
  endfacet
  facet normal 0 0 -1
    outer loop
      vertex 62.9148 -2.14705 39
      vertex 61.1761 -1.68117 39
      vertex 61.2 -1.5 39
    endloop
  endfacet
  facet normal 0 0 -1
    outer loop
      vertex 60.85 -2.10622 39
      vertex 61.75 -3.66506 39
      vertex 61.147 -3.91481 39
    endloop
  endfacet
  facet normal 0 0 -1
    outer loop
      vertex 62.2678 -3.26777 39
      vertex 61.1062 -1.85 39
      vertex 61.1761 -1.68117 39
    endloop
  endfacet
  facet normal 0 0 -1
    outer loop
      vertex 62.2678 -3.26777 39
      vertex 60.995 -1.99497 39
      vertex 61.1062 -1.85 39
    endloop
  endfacet
  facet normal 0 0 -1
    outer loop
      vertex 61.75 -3.66506 39
      vertex 60.85 -2.10622 39
      vertex 60.995 -1.99497 39
    endloop
  endfacet
  facet normal 0 0 -1
    outer loop
      vertex 61.147 -3.91481 39
      vertex 60.6812 -2.17615 39
      vertex 60.85 -2.10622 39
    endloop
  endfacet
  facet normal 0 0 -1
    outer loop
      vertex 60.5 -4 39
      vertex 60.6812 -2.17615 39
      vertex 61.147 -3.91481 39
    endloop
  endfacet
  facet normal 0 0 -1
    outer loop
      vertex 60.5 -4 39
      vertex 60.5 -2.2 39
      vertex 60.6812 -2.17615 39
    endloop
  endfacet
  facet normal 0 0 -1
    outer loop
      vertex 60.5 -4 39
      vertex 60.3188 -2.17615 39
      vertex 60.5 -2.2 39
    endloop
  endfacet
  facet normal 0 0 -1
    outer loop
      vertex 59.853 -3.91481 39
      vertex 60.3188 -2.17615 39
      vertex 60.5 -4 39
    endloop
  endfacet
  facet normal -0 0 -1
    outer loop
      vertex 60.3188 -2.17615 39
      vertex 59.853 -3.91481 39
      vertex 60.15 -2.10622 39
    endloop
  endfacet
  facet normal 0 0 -1
    outer loop
      vertex 59.25 -3.66506 39
      vertex 60.15 -2.10622 39
      vertex 59.853 -3.91481 39
    endloop
  endfacet
  facet normal -0 0 -1
    outer loop
      vertex 60.15 -2.10622 39
      vertex 59.25 -3.66506 39
      vertex 60.005 -1.99497 39
    endloop
  endfacet
  facet normal 0 0 -1
    outer loop
      vertex 58.7322 -3.26777 39
      vertex 60.005 -1.99497 39
      vertex 59.25 -3.66506 39
    endloop
  endfacet
  facet normal -0 0 -1
    outer loop
      vertex 60.005 -1.99497 39
      vertex 58.7322 -3.26777 39
      vertex 59.8938 -1.85 39
    endloop
  endfacet
  facet normal 0 0 -1
    outer loop
      vertex 58.3349 -2.75 39
      vertex 59.8938 -1.85 39
      vertex 58.7322 -3.26777 39
    endloop
  endfacet
  facet normal 0 0 -1
    outer loop
      vertex 61.2 -1.5 39
      vertex 63 -1.5 39
      vertex 62.9148 -2.14705 39
    endloop
  endfacet
  facet normal 0 0 -1
    outer loop
      vertex 61.1761 -1.68117 39
      vertex 62.9148 -2.14705 39
      vertex 62.6651 -2.75 39
    endloop
  endfacet
  facet normal 0 0 -1
    outer loop
      vertex 63 -1.5 39
      vertex 61.2 -1.5 39
      vertex 62.9148 -0.852953 39
    endloop
  endfacet
  facet normal 0 0 -1
    outer loop
      vertex 61.1761 -1.31883 39
      vertex 62.9148 -0.852953 39
      vertex 61.2 -1.5 39
    endloop
  endfacet
  facet normal 0 0 -1
    outer loop
      vertex 61.1761 -1.68117 39
      vertex 62.6651 -2.75 39
      vertex 62.2678 -3.26777 39
    endloop
  endfacet
  facet normal 0 0 -1
    outer loop
      vertex 60.995 -1.99497 39
      vertex 62.2678 -3.26777 39
      vertex 61.75 -3.66506 39
    endloop
  endfacet
  facet normal -0 0 -1
    outer loop
      vertex 62.9148 -0.852953 39
      vertex 61.1761 -1.31883 39
      vertex 62.6651 -0.25 39
    endloop
  endfacet
  facet normal 0 0 -1
    outer loop
      vertex 61.1062 -1.15 39
      vertex 62.6651 -0.25 39
      vertex 61.1761 -1.31883 39
    endloop
  endfacet
  facet normal -0 0 -1
    outer loop
      vertex 62.6651 -0.25 39
      vertex 61.1062 -1.15 39
      vertex 62.4732 0 39
    endloop
  endfacet
  facet normal 0 0 -1
    outer loop
      vertex 60.995 -1.00503 39
      vertex 62.4732 0 39
      vertex 61.1062 -1.15 39
    endloop
  endfacet
  facet normal 0 0 -1
    outer loop
      vertex 60.85 -0.893783 39
      vertex 62.4732 0 39
      vertex 60.995 -1.00503 39
    endloop
  endfacet
  facet normal 0 0 -1
    outer loop
      vertex 60.6812 -0.823853 39
      vertex 62.4732 0 39
      vertex 60.85 -0.893783 39
    endloop
  endfacet
  facet normal 0 0 -1
    outer loop
      vertex 60 0 39
      vertex 60.6812 -0.823853 39
      vertex 60.5 -0.8 39
    endloop
  endfacet
  facet normal 0 0 -1
    outer loop
      vertex 60 0 39
      vertex 60.5 -0.8 39
      vertex 60.3188 -0.823853 39
    endloop
  endfacet
  facet normal 0 0 -1
    outer loop
      vertex 60.6812 -0.823853 39
      vertex 60 0 39
      vertex 62.4732 0 39
    endloop
  endfacet
  facet normal 0 0 -1
    outer loop
      vertex 60.15 -0.893783 39
      vertex 60 0 39
      vertex 60.3188 -0.823853 39
    endloop
  endfacet
  facet normal 0 0 -1
    outer loop
      vertex 60.005 -1.00503 39
      vertex 60 0 39
      vertex 60.15 -0.893783 39
    endloop
  endfacet
  facet normal 0 0 -1
    outer loop
      vertex 58.7322 0.267767 39
      vertex 60.005 -1.00503 39
      vertex 59.8938 -1.15 39
    endloop
  endfacet
  facet normal 0 0 -1
    outer loop
      vertex 60.005 -1.00503 39
      vertex 58.7322 0.267767 39
      vertex 60 0 39
    endloop
  endfacet
  facet normal 0 0 -1
    outer loop
      vertex 60 0 39
      vertex 59.853 0.914814 39
      vertex 60 0.934173 39
    endloop
  endfacet
  facet normal 0 0 -1
    outer loop
      vertex 58.3349 -0.25 39
      vertex 59.8938 -1.15 39
      vertex 59.8239 -1.31883 39
    endloop
  endfacet
  facet normal 0 0 -1
    outer loop
      vertex 58.0852 -0.852953 39
      vertex 59.8239 -1.31883 39
      vertex 59.8 -1.5 39
    endloop
  endfacet
  facet normal -0 0 -1
    outer loop
      vertex 59.8938 -1.85 39
      vertex 58.3349 -2.75 39
      vertex 59.8239 -1.68117 39
    endloop
  endfacet
  facet normal 0 0 -1
    outer loop
      vertex 60 0 39
      vertex 59.25 0.665063 39
      vertex 59.853 0.914814 39
    endloop
  endfacet
  facet normal 0 0 -1
    outer loop
      vertex 58.0852 -2.14705 39
      vertex 59.8239 -1.68117 39
      vertex 58.3349 -2.75 39
    endloop
  endfacet
  facet normal 0 0 -1
    outer loop
      vertex 60 0 39
      vertex 58.7322 0.267767 39
      vertex 59.25 0.665063 39
    endloop
  endfacet
  facet normal -0 0 -1
    outer loop
      vertex 59.8239 -1.68117 39
      vertex 58.0852 -2.14705 39
      vertex 59.8 -1.5 39
    endloop
  endfacet
  facet normal 0 0 -1
    outer loop
      vertex 59.8938 -1.15 39
      vertex 58.3349 -0.25 39
      vertex 58.7322 0.267767 39
    endloop
  endfacet
  facet normal 0 0 -1
    outer loop
      vertex 58 -1.5 39
      vertex 59.8 -1.5 39
      vertex 58.0852 -2.14705 39
    endloop
  endfacet
  facet normal 0 0 -1
    outer loop
      vertex 59.8239 -1.31883 39
      vertex 58.0852 -0.852953 39
      vertex 58.3349 -0.25 39
    endloop
  endfacet
  facet normal 0 0 -1
    outer loop
      vertex 59.8 -1.5 39
      vertex 58 -1.5 39
      vertex 58.0852 -0.852953 39
    endloop
  endfacet
  facet normal -0.382656 -0.923891 0
    outer loop
      vertex 59.25 -3.66506 39
      vertex 59.853 -3.91481 45
      vertex 59.25 -3.66506 45
    endloop
  endfacet
  facet normal -0.382656 -0.923891 -0
    outer loop
      vertex 59.853 -3.91481 45
      vertex 59.25 -3.66506 39
      vertex 59.853 -3.91481 39
    endloop
  endfacet
  facet normal -0.923941 -0.382535 0
    outer loop
      vertex 61.1761 -1.31883 39
      vertex 61.1062 -1.15 45
      vertex 61.1062 -1.15 39
    endloop
  endfacet
  facet normal -0.923941 -0.382535 0
    outer loop
      vertex 61.1062 -1.15 45
      vertex 61.1761 -1.31883 39
      vertex 61.1761 -1.31883 45
    endloop
  endfacet
  facet normal -0.99141 -0.130787 0
    outer loop
      vertex 61.2 -1.5 39
      vertex 61.1761 -1.31883 45
      vertex 61.1761 -1.31883 39
    endloop
  endfacet
  facet normal -0.99141 -0.130787 0
    outer loop
      vertex 61.1761 -1.31883 45
      vertex 61.2 -1.5 39
      vertex 61.2 -1.5 45
    endloop
  endfacet
  facet normal 0.608708 -0.793394 0
    outer loop
      vertex 60.005 -1.00503 39
      vertex 60.15 -0.893783 45
      vertex 60.005 -1.00503 45
    endloop
  endfacet
  facet normal 0.608708 -0.793394 0
    outer loop
      vertex 60.15 -0.893783 45
      vertex 60.005 -1.00503 39
      vertex 60.15 -0.893783 39
    endloop
  endfacet
  facet normal 0.382734 -0.923859 0
    outer loop
      vertex 60.15 -0.893783 39
      vertex 60.3188 -0.823853 45
      vertex 60.15 -0.893783 45
    endloop
  endfacet
  facet normal 0.382734 -0.923859 0
    outer loop
      vertex 60.3188 -0.823853 45
      vertex 60.15 -0.893783 39
      vertex 60.3188 -0.823853 39
    endloop
  endfacet
  facet normal -0.608719 0.793386 0
    outer loop
      vertex 60.995 -1.99497 39
      vertex 60.85 -2.10622 45
      vertex 60.995 -1.99497 45
    endloop
  endfacet
  facet normal -0.608719 0.793386 0
    outer loop
      vertex 60.85 -2.10622 45
      vertex 60.995 -1.99497 39
      vertex 60.85 -2.10622 39
    endloop
  endfacet
  facet normal -0.608708 -0.793394 0
    outer loop
      vertex 60.85 -0.893783 39
      vertex 60.995 -1.00503 45
      vertex 60.85 -0.893783 45
    endloop
  endfacet
  facet normal -0.608708 -0.793394 -0
    outer loop
      vertex 60.995 -1.00503 45
      vertex 60.85 -0.893783 39
      vertex 60.995 -1.00503 39
    endloop
  endfacet
  facet normal 0.130497 0.991449 -0
    outer loop
      vertex 60.5 -2.2 39
      vertex 60.3188 -2.17615 45
      vertex 60.5 -2.2 45
    endloop
  endfacet
  facet normal 0.130497 0.991449 0
    outer loop
      vertex 60.3188 -2.17615 45
      vertex 60.5 -2.2 39
      vertex 60.3188 -2.17615 39
    endloop
  endfacet
  facet normal -0.130513 -0.991447 0
    outer loop
      vertex 60.5 -0.8 39
      vertex 60.6812 -0.823853 45
      vertex 60.5 -0.8 45
    endloop
  endfacet
  facet normal -0.130513 -0.991447 -0
    outer loop
      vertex 60.6812 -0.823853 45
      vertex 60.5 -0.8 39
      vertex 60.6812 -0.823853 39
    endloop
  endfacet
  facet normal -0.382734 -0.923859 0
    outer loop
      vertex 60.6812 -0.823853 39
      vertex 60.85 -0.893783 45
      vertex 60.6812 -0.823853 45
    endloop
  endfacet
  facet normal -0.382734 -0.923859 -0
    outer loop
      vertex 60.85 -0.893783 45
      vertex 60.6812 -0.823853 39
      vertex 60.85 -0.893783 39
    endloop
  endfacet
  facet normal 0.608719 0.793386 -0
    outer loop
      vertex 60.15 -2.10622 39
      vertex 60.005 -1.99497 45
      vertex 60.15 -2.10622 45
    endloop
  endfacet
  facet normal 0.608719 0.793386 0
    outer loop
      vertex 60.005 -1.99497 45
      vertex 60.15 -2.10622 39
      vertex 60.005 -1.99497 39
    endloop
  endfacet
  facet normal -0.793457 -0.608626 0
    outer loop
      vertex 61.1062 -1.15 39
      vertex 60.995 -1.00503 45
      vertex 60.995 -1.00503 39
    endloop
  endfacet
  facet normal -0.793457 -0.608626 0
    outer loop
      vertex 60.995 -1.00503 45
      vertex 61.1062 -1.15 39
      vertex 61.1062 -1.15 45
    endloop
  endfacet
  facet normal -0.793457 0.608626 0
    outer loop
      vertex 60.995 -1.99497 39
      vertex 61.1062 -1.85 45
      vertex 61.1062 -1.85 39
    endloop
  endfacet
  facet normal -0.793457 0.608626 0
    outer loop
      vertex 61.1062 -1.85 45
      vertex 60.995 -1.99497 39
      vertex 60.995 -1.99497 45
    endloop
  endfacet
  facet normal -0.382734 0.923859 0
    outer loop
      vertex 60.85 -2.10622 39
      vertex 60.6812 -2.17615 45
      vertex 60.85 -2.10622 45
    endloop
  endfacet
  facet normal -0.382734 0.923859 0
    outer loop
      vertex 60.6812 -2.17615 45
      vertex 60.85 -2.10622 39
      vertex 60.6812 -2.17615 39
    endloop
  endfacet
  facet normal 0.793457 -0.608626 0
    outer loop
      vertex 59.8938 -1.15 45
      vertex 60.005 -1.00503 39
      vertex 60.005 -1.00503 45
    endloop
  endfacet
  facet normal 0.793457 -0.608626 0
    outer loop
      vertex 60.005 -1.00503 39
      vertex 59.8938 -1.15 45
      vertex 59.8938 -1.15 39
    endloop
  endfacet
  facet normal 0.793457 0.608626 0
    outer loop
      vertex 60.005 -1.99497 45
      vertex 59.8938 -1.85 39
      vertex 59.8938 -1.85 45
    endloop
  endfacet
  facet normal 0.793457 0.608626 0
    outer loop
      vertex 59.8938 -1.85 39
      vertex 60.005 -1.99497 45
      vertex 60.005 -1.99497 39
    endloop
  endfacet
  facet normal -0.99141 0.130787 0
    outer loop
      vertex 61.1761 -1.68117 39
      vertex 61.2 -1.5 45
      vertex 61.2 -1.5 39
    endloop
  endfacet
  facet normal -0.99141 0.130787 0
    outer loop
      vertex 61.2 -1.5 45
      vertex 61.1761 -1.68117 39
      vertex 61.1761 -1.68117 45
    endloop
  endfacet
  facet normal 0.130513 -0.991447 0
    outer loop
      vertex 60.3188 -0.823853 39
      vertex 60.5 -0.8 45
      vertex 60.3188 -0.823853 45
    endloop
  endfacet
  facet normal 0.130513 -0.991447 0
    outer loop
      vertex 60.5 -0.8 45
      vertex 60.3188 -0.823853 39
      vertex 60.5 -0.8 39
    endloop
  endfacet
  facet normal 0.923941 0.382535 0
    outer loop
      vertex 59.8938 -1.85 45
      vertex 59.8239 -1.68117 39
      vertex 59.8239 -1.68117 45
    endloop
  endfacet
  facet normal 0.923941 0.382535 0
    outer loop
      vertex 59.8239 -1.68117 39
      vertex 59.8938 -1.85 45
      vertex 59.8938 -1.85 39
    endloop
  endfacet
  facet normal 0.99141 0.130787 0
    outer loop
      vertex 59.8239 -1.68117 45
      vertex 59.8 -1.5 39
      vertex 59.8 -1.5 45
    endloop
  endfacet
  facet normal 0.99141 0.130787 0
    outer loop
      vertex 59.8 -1.5 39
      vertex 59.8239 -1.68117 45
      vertex 59.8239 -1.68117 39
    endloop
  endfacet
  facet normal -0.923941 0.382535 0
    outer loop
      vertex 61.1062 -1.85 39
      vertex 61.1761 -1.68117 45
      vertex 61.1761 -1.68117 39
    endloop
  endfacet
  facet normal -0.923941 0.382535 0
    outer loop
      vertex 61.1761 -1.68117 45
      vertex 61.1062 -1.85 39
      vertex 61.1062 -1.85 45
    endloop
  endfacet
  facet normal 0.382734 0.923859 -0
    outer loop
      vertex 60.3188 -2.17615 39
      vertex 60.15 -2.10622 45
      vertex 60.3188 -2.17615 45
    endloop
  endfacet
  facet normal 0.382734 0.923859 0
    outer loop
      vertex 60.15 -2.10622 45
      vertex 60.3188 -2.17615 39
      vertex 60.15 -2.10622 39
    endloop
  endfacet
  facet normal -0.130497 0.991449 0
    outer loop
      vertex 60.6812 -2.17615 39
      vertex 60.5 -2.2 45
      vertex 60.6812 -2.17615 45
    endloop
  endfacet
  facet normal -0.130497 0.991449 0
    outer loop
      vertex 60.5 -2.2 45
      vertex 60.6812 -2.17615 39
      vertex 60.5 -2.2 39
    endloop
  endfacet
  facet normal 0.923941 -0.382535 0
    outer loop
      vertex 59.8239 -1.31883 45
      vertex 59.8938 -1.15 39
      vertex 59.8938 -1.15 45
    endloop
  endfacet
  facet normal 0.923941 -0.382535 0
    outer loop
      vertex 59.8938 -1.15 39
      vertex 59.8239 -1.31883 45
      vertex 59.8239 -1.31883 39
    endloop
  endfacet
  facet normal 0.99141 -0.130787 0
    outer loop
      vertex 59.8 -1.5 45
      vertex 59.8239 -1.31883 39
      vertex 59.8239 -1.31883 45
    endloop
  endfacet
  facet normal 0.99141 -0.130787 0
    outer loop
      vertex 59.8239 -1.31883 39
      vertex 59.8 -1.5 45
      vertex 59.8 -1.5 39
    endloop
  endfacet
  facet normal 1 0 0
    outer loop
      vertex 63 0 2
      vertex 63 53 47
      vertex 63 0 47
    endloop
  endfacet
  facet normal 1 0 0
    outer loop
      vertex 63 53 47
      vertex 63 0 2
      vertex 63 53 0
    endloop
  endfacet
  facet normal 1 0 0
    outer loop
      vertex 63 -3 0
      vertex 63 0 2
      vertex 63 -3 2
    endloop
  endfacet
  facet normal 1 0 0
    outer loop
      vertex 63 0 2
      vertex 63 -3 0
      vertex 63 53 0
    endloop
  endfacet
  facet normal 0 0 1
    outer loop
      vertex 60 50 2
      vertex 35.8 0 2
      vertex 60 0 2
    endloop
  endfacet
  facet normal 0 0 1
    outer loop
      vertex 60 50 2
      vertex 32.8 0 2
      vertex 35.8 0 2
    endloop
  endfacet
  facet normal -0 0 1
    outer loop
      vertex 0 50 2
      vertex 32.8 0 2
      vertex 60 50 2
    endloop
  endfacet
  facet normal 0 0 1
    outer loop
      vertex 0 0 2
      vertex 32.8 0 2
      vertex 0 50 2
    endloop
  endfacet
  facet normal 0 0 1
    outer loop
      vertex 32.8 0 2
      vertex 0 0 2
      vertex 32.8 -3 2
    endloop
  endfacet
  facet normal 0 0 1
    outer loop
      vertex 0 0 2
      vertex 0 -3 2
      vertex 32.8 -3 2
    endloop
  endfacet
  facet normal -0 0 1
    outer loop
      vertex -3 0 2
      vertex 0 -3 2
      vertex 0 0 2
    endloop
  endfacet
  facet normal 0 0 1
    outer loop
      vertex 0 -3 2
      vertex -3 0 2
      vertex -3 -3 2
    endloop
  endfacet
  facet normal -0 0 1
    outer loop
      vertex 60 0 2
      vertex 63 -3 2
      vertex 63 0 2
    endloop
  endfacet
  facet normal 0 0 1
    outer loop
      vertex 35.8 -3 2
      vertex 60 0 2
      vertex 35.8 0 2
    endloop
  endfacet
  facet normal 0 0 1
    outer loop
      vertex 60 0 2
      vertex 35.8 -3 2
      vertex 63 -3 2
    endloop
  endfacet
  facet normal 0 0 -1
    outer loop
      vertex -3 -3 0
      vertex 63 53 0
      vertex 63 -3 0
    endloop
  endfacet
  facet normal -0 0 -1
    outer loop
      vertex 63 53 0
      vertex -3 -3 0
      vertex -3 53 0
    endloop
  endfacet
  facet normal -1 0 0
    outer loop
      vertex -3 53 0
      vertex -3 0 2
      vertex -3 53 47
    endloop
  endfacet
  facet normal -1 0 0
    outer loop
      vertex -3 -3 0
      vertex -3 0 2
      vertex -3 53 0
    endloop
  endfacet
  facet normal -1 -0 0
    outer loop
      vertex -3 0 2
      vertex -3 -3 0
      vertex -3 -3 2
    endloop
  endfacet
  facet normal -1 -0 0
    outer loop
      vertex -3 53 47
      vertex -3 0 2
      vertex -3 0 47
    endloop
  endfacet
  facet normal 0 1 -0
    outer loop
      vertex 63 53 0
      vertex -3 53 47
      vertex 63 53 47
    endloop
  endfacet
  facet normal 0 1 0
    outer loop
      vertex -3 53 47
      vertex 63 53 0
      vertex -3 53 0
    endloop
  endfacet
  facet normal 0 -1 0
    outer loop
      vertex -3 -3 0
      vertex 0 -3 2
      vertex -3 -3 2
    endloop
  endfacet
  facet normal 0 -1 -0
    outer loop
      vertex 0 -3 2
      vertex -3 -3 0
      vertex 32.8 -3 2
    endloop
  endfacet
  facet normal 0 -1 0
    outer loop
      vertex 63 -3 0
      vertex 32.8 -3 2
      vertex -3 -3 0
    endloop
  endfacet
  facet normal 0 -1 0
    outer loop
      vertex 32.8 -3 2
      vertex 63 -3 0
      vertex 35.8 -3 2
    endloop
  endfacet
  facet normal 0 -1 0
    outer loop
      vertex 35.8 -3 2
      vertex 63 -3 0
      vertex 63 -3 2
    endloop
  endfacet
  facet normal 0 -1 0
    outer loop
      vertex 32.8 -3 43
      vertex 35.8 -3 47
      vertex 32.8 -3 47
    endloop
  endfacet
  facet normal 0 -1 0
    outer loop
      vertex 32.8 -3 6
      vertex 35.8 -3 47
      vertex 32.8 -3 43
    endloop
  endfacet
  facet normal 0 -1 0
    outer loop
      vertex 35.8 -3 2
      vertex 32.8 -3 6
      vertex 32.8 -3 2
    endloop
  endfacet
  facet normal 0 -1 0
    outer loop
      vertex 32.8 -3 6
      vertex 35.8 -3 2
      vertex 35.8 -3 47
    endloop
  endfacet
  facet normal 0 0 1
    outer loop
      vertex 63 53 47
      vertex 60 50 47
      vertex 63 0 47
    endloop
  endfacet
  facet normal 0 0 1
    outer loop
      vertex 63 53 47
      vertex 0 50 47
      vertex 60 50 47
    endloop
  endfacet
  facet normal -0 0 1
    outer loop
      vertex -3 53 47
      vertex 0 50 47
      vertex 63 53 47
    endloop
  endfacet
  facet normal 0 0 1
    outer loop
      vertex -3 0 47
      vertex 0 50 47
      vertex -3 53 47
    endloop
  endfacet
  facet normal 0 0 1
    outer loop
      vertex 0 50 47
      vertex -3 0 47
      vertex 0 0 47
    endloop
  endfacet
  facet normal 0 0 1
    outer loop
      vertex 63 0 47
      vertex 60 50 47
      vertex 60 0 47
    endloop
  endfacet
  facet normal 0 -1 0
    outer loop
      vertex 0 50 2
      vertex 60 50 47
      vertex 0 50 47
    endloop
  endfacet
  facet normal 0 -1 -0
    outer loop
      vertex 60 50 47
      vertex 0 50 2
      vertex 60 50 2
    endloop
  endfacet
  facet normal 1 -0 0
    outer loop
      vertex 0 0 47
      vertex 0 50 2
      vertex 0 50 47
    endloop
  endfacet
  facet normal 1 0 0
    outer loop
      vertex 0 50 2
      vertex 0 0 47
      vertex 0 0 2
    endloop
  endfacet
  facet normal 0 -1 0
    outer loop
      vertex -3 0 2
      vertex 0 0 47
      vertex -3 0 47
    endloop
  endfacet
  facet normal 0 -1 -0
    outer loop
      vertex 0 0 47
      vertex -3 0 2
      vertex 0 0 2
    endloop
  endfacet
  facet normal -1 0 0
    outer loop
      vertex 60 0 10
      vertex 60 0.934173 39
      vertex 60 0.934173 10
    endloop
  endfacet
  facet normal -1 -0 0
    outer loop
      vertex 60 0.934173 39
      vertex 60 0 10
      vertex 60 0 39
    endloop
  endfacet
  facet normal -1 0 0
    outer loop
      vertex 60 0.934173 10
      vertex 60 50 2
      vertex 60 0.934173 4
    endloop
  endfacet
  facet normal -1 0 0
    outer loop
      vertex 60 0 2
      vertex 60 0.934173 4
      vertex 60 50 2
    endloop
  endfacet
  facet normal -1 -0 0
    outer loop
      vertex 60 0.934173 4
      vertex 60 0 2
      vertex 60 0 4
    endloop
  endfacet
  facet normal -1 0 0
    outer loop
      vertex 60 50 2
      vertex 60 0.934173 10
      vertex 60 50 47
    endloop
  endfacet
  facet normal -1 0 0
    outer loop
      vertex 60 0.934173 39
      vertex 60 50 47
      vertex 60 0.934173 10
    endloop
  endfacet
  facet normal -1 0 0
    outer loop
      vertex 60 0.934173 45
      vertex 60 50 47
      vertex 60 0.934173 39
    endloop
  endfacet
  facet normal -1 0 0
    outer loop
      vertex 60 0 47
      vertex 60 0.934173 45
      vertex 60 0 45
    endloop
  endfacet
  facet normal -1 0 0
    outer loop
      vertex 60 0.934173 45
      vertex 60 0 47
      vertex 60 50 47
    endloop
  endfacet
  facet normal 0 -1 0
    outer loop
      vertex 60 0 4
      vertex 60 0 2
      vertex 62.4732 0 4
    endloop
  endfacet
  facet normal 0 -1 0
    outer loop
      vertex 60 0 39
      vertex 60 0 10
      vertex 62.4732 0 39
    endloop
  endfacet
  facet normal 0 -1 0
    outer loop
      vertex 62.4732 0 45
      vertex 60 0 47
      vertex 60 0 45
    endloop
  endfacet
  facet normal 0 -1 0
    outer loop
      vertex 60 0 47
      vertex 62.4732 0 45
      vertex 63 0 47
    endloop
  endfacet
  facet normal 0 -1 0
    outer loop
      vertex 62.4732 0 39
      vertex 63 0 47
      vertex 62.4732 0 45
    endloop
  endfacet
  facet normal 0 -1 0
    outer loop
      vertex 62.4732 0 10
      vertex 62.4732 0 39
      vertex 60 0 10
    endloop
  endfacet
  facet normal 0 -1 0
    outer loop
      vertex 62.4732 0 10
      vertex 63 0 47
      vertex 62.4732 0 39
    endloop
  endfacet
  facet normal 0 -1 0
    outer loop
      vertex 63 0 2
      vertex 62.4732 0 10
      vertex 62.4732 0 4
    endloop
  endfacet
  facet normal 0 -1 0
    outer loop
      vertex 62.4732 0 10
      vertex 63 0 2
      vertex 63 0 47
    endloop
  endfacet
  facet normal 0 -1 0
    outer loop
      vertex 63 0 2
      vertex 62.4732 0 4
      vertex 60 0 2
    endloop
  endfacet
  facet normal 1 -0 0
    outer loop
      vertex 35.8 -3 47
      vertex 35.8 0 2
      vertex 35.8 0 47
    endloop
  endfacet
  facet normal 1 0 0
    outer loop
      vertex 35.8 0 2
      vertex 35.8 -3 47
      vertex 35.8 -3 2
    endloop
  endfacet
  facet normal -0 0 1
    outer loop
      vertex 32.8 0 47
      vertex 35.8 -3 47
      vertex 35.8 0 47
    endloop
  endfacet
  facet normal 0 0 1
    outer loop
      vertex 35.8 -3 47
      vertex 32.8 0 47
      vertex 32.8 -3 47
    endloop
  endfacet
  facet normal -1 0 0
    outer loop
      vertex 32.8 -3 6
      vertex 32.8 0 2
      vertex 32.8 -3 2
    endloop
  endfacet
  facet normal -1 0 0
    outer loop
      vertex 32.8 0 2
      vertex 32.8 -3 6
      vertex 32.8 0 47
    endloop
  endfacet
  facet normal -1 0 0
    outer loop
      vertex 32.8 -3 43
      vertex 32.8 0 47
      vertex 32.8 -3 6
    endloop
  endfacet
  facet normal -1 -0 0
    outer loop
      vertex 32.8 0 47
      vertex 32.8 -3 43
      vertex 32.8 -3 47
    endloop
  endfacet
  facet normal 0 1 -0
    outer loop
      vertex 35.8 0 2
      vertex 32.8 0 47
      vertex 35.8 0 47
    endloop
  endfacet
  facet normal 0 1 0
    outer loop
      vertex 32.8 0 47
      vertex 35.8 0 2
      vertex 32.8 0 2
    endloop
  endfacet
  facet normal -0.79339 -0.608714 0
    outer loop
      vertex 85.2929 0.792892 4
      vertex 85.134 1 41
      vertex 85.134 1 4
    endloop
  endfacet
  facet normal -0.79339 -0.608714 0
    outer loop
      vertex 85.134 1 41
      vertex 85.2929 0.792892 4
      vertex 85.2929 0.792892 41
    endloop
  endfacet
  facet normal 0.92388 0.382683 0
    outer loop
      vertex 86.9659 1.75882 41
      vertex 86.866 2 4
      vertex 86.866 2 41
    endloop
  endfacet
  facet normal 0.92388 0.382683 0
    outer loop
      vertex 86.866 2 4
      vertex 86.9659 1.75882 41
      vertex 86.9659 1.75882 4
    endloop
  endfacet
  facet normal 0.991432 0.130623 0
    outer loop
      vertex 87 1.5 41
      vertex 86.9659 1.75882 4
      vertex 86.9659 1.75882 41
    endloop
  endfacet
  facet normal 0.991432 0.130623 0
    outer loop
      vertex 86.9659 1.75882 4
      vertex 87 1.5 41
      vertex 87 1.5 4
    endloop
  endfacet
  facet normal -0.13052 0.991446 0
    outer loop
      vertex 86 2.5 4
      vertex 85.7412 2.46593 41
      vertex 86 2.5 41
    endloop
  endfacet
  facet normal -0.13052 0.991446 0
    outer loop
      vertex 85.7412 2.46593 41
      vertex 86 2.5 4
      vertex 85.7412 2.46593 4
    endloop
  endfacet
  facet normal 0.382689 0.923877 -0
    outer loop
      vertex 86.5 2.36602 4
      vertex 86.2588 2.46593 41
      vertex 86.5 2.36602 41
    endloop
  endfacet
  facet normal 0.382689 0.923877 0
    outer loop
      vertex 86.2588 2.46593 41
      vertex 86.5 2.36602 4
      vertex 86.2588 2.46593 4
    endloop
  endfacet
  facet normal 0.79339 -0.608714 0
    outer loop
      vertex 86.7071 0.792892 41
      vertex 86.866 1 4
      vertex 86.866 1 41
    endloop
  endfacet
  facet normal 0.79339 -0.608714 0
    outer loop
      vertex 86.866 1 4
      vertex 86.7071 0.792892 41
      vertex 86.7071 0.792892 4
    endloop
  endfacet
  facet normal -0.382689 0.923877 0
    outer loop
      vertex 85.7412 2.46593 4
      vertex 85.5 2.36602 41
      vertex 85.7412 2.46593 41
    endloop
  endfacet
  facet normal -0.382689 0.923877 0
    outer loop
      vertex 85.5 2.36602 41
      vertex 85.7412 2.46593 4
      vertex 85.5 2.36602 4
    endloop
  endfacet
  facet normal 0.608772 -0.793345 0
    outer loop
      vertex 86.5 0.633974 4
      vertex 86.7071 0.792892 41
      vertex 86.5 0.633974 41
    endloop
  endfacet
  facet normal 0.608772 -0.793345 0
    outer loop
      vertex 86.7071 0.792892 41
      vertex 86.5 0.633974 4
      vertex 86.7071 0.792892 4
    endloop
  endfacet
  facet normal -0.382656 -0.923891 0
    outer loop
      vertex 85.5 0.633974 4
      vertex 85.7412 0.534074 41
      vertex 85.5 0.633974 41
    endloop
  endfacet
  facet normal -0.382656 -0.923891 -0
    outer loop
      vertex 85.7412 0.534074 41
      vertex 85.5 0.633974 4
      vertex 85.7412 0.534074 4
    endloop
  endfacet
  facet normal 0.991432 -0.130623 0
    outer loop
      vertex 86.9659 1.24118 41
      vertex 87 1.5 4
      vertex 87 1.5 41
    endloop
  endfacet
  facet normal 0.991432 -0.130623 0
    outer loop
      vertex 87 1.5 4
      vertex 86.9659 1.24118 41
      vertex 86.9659 1.24118 4
    endloop
  endfacet
  facet normal -0.793392 0.608711 0
    outer loop
      vertex 85.134 2 4
      vertex 85.2929 2.20711 41
      vertex 85.2929 2.20711 4
    endloop
  endfacet
  facet normal -0.793392 0.608711 0
    outer loop
      vertex 85.2929 2.20711 41
      vertex 85.134 2 4
      vertex 85.134 2 41
    endloop
  endfacet
  facet normal -0.608753 0.79336 0
    outer loop
      vertex 85.5 2.36602 4
      vertex 85.2929 2.20711 41
      vertex 85.5 2.36602 41
    endloop
  endfacet
  facet normal -0.608753 0.79336 0
    outer loop
      vertex 85.2929 2.20711 41
      vertex 85.5 2.36602 4
      vertex 85.2929 2.20711 4
    endloop
  endfacet
  facet normal -0.130535 -0.991444 0
    outer loop
      vertex 85.7412 0.534074 4
      vertex 86 0.5 41
      vertex 85.7412 0.534074 41
    endloop
  endfacet
  facet normal -0.130535 -0.991444 -0
    outer loop
      vertex 86 0.5 41
      vertex 85.7412 0.534074 4
      vertex 86 0.5 4
    endloop
  endfacet
  facet normal 0.130535 -0.991444 0
    outer loop
      vertex 86 0.5 4
      vertex 86.2588 0.534074 41
      vertex 86 0.5 41
    endloop
  endfacet
  facet normal 0.130535 -0.991444 0
    outer loop
      vertex 86.2588 0.534074 41
      vertex 86 0.5 4
      vertex 86.2588 0.534074 4
    endloop
  endfacet
  facet normal 0.382656 -0.923891 0
    outer loop
      vertex 86.2588 0.534074 4
      vertex 86.5 0.633974 41
      vertex 86.2588 0.534074 41
    endloop
  endfacet
  facet normal 0.382656 -0.923891 0
    outer loop
      vertex 86.5 0.633974 41
      vertex 86.2588 0.534074 4
      vertex 86.5 0.633974 4
    endloop
  endfacet
  facet normal -0.608772 -0.793345 0
    outer loop
      vertex 85.2929 0.792892 4
      vertex 85.5 0.633974 41
      vertex 85.2929 0.792892 41
    endloop
  endfacet
  facet normal -0.608772 -0.793345 -0
    outer loop
      vertex 85.5 0.633974 41
      vertex 85.2929 0.792892 4
      vertex 85.5 0.633974 4
    endloop
  endfacet
  facet normal -0.991432 0.130623 0
    outer loop
      vertex 85 1.5 4
      vertex 85.0341 1.75882 41
      vertex 85.0341 1.75882 4
    endloop
  endfacet
  facet normal -0.991432 0.130623 0
    outer loop
      vertex 85.0341 1.75882 41
      vertex 85 1.5 4
      vertex 85 1.5 41
    endloop
  endfacet
  facet normal -0.991432 -0.130623 0
    outer loop
      vertex 85.0341 1.24118 4
      vertex 85 1.5 41
      vertex 85 1.5 4
    endloop
  endfacet
  facet normal -0.991432 -0.130623 0
    outer loop
      vertex 85 1.5 41
      vertex 85.0341 1.24118 4
      vertex 85.0341 1.24118 41
    endloop
  endfacet
  facet normal -0.92388 0.382683 0
    outer loop
      vertex 85.0341 1.75882 4
      vertex 85.134 2 41
      vertex 85.134 2 4
    endloop
  endfacet
  facet normal -0.92388 0.382683 0
    outer loop
      vertex 85.134 2 41
      vertex 85.0341 1.75882 4
      vertex 85.0341 1.75882 41
    endloop
  endfacet
  facet normal 0.608753 0.79336 -0
    outer loop
      vertex 86.7071 2.20711 4
      vertex 86.5 2.36602 41
      vertex 86.7071 2.20711 41
    endloop
  endfacet
  facet normal 0.608753 0.79336 0
    outer loop
      vertex 86.5 2.36602 41
      vertex 86.7071 2.20711 4
      vertex 86.5 2.36602 4
    endloop
  endfacet
  facet normal 0.13052 0.991446 -0
    outer loop
      vertex 86.2588 2.46593 4
      vertex 86 2.5 41
      vertex 86.2588 2.46593 41
    endloop
  endfacet
  facet normal 0.13052 0.991446 0
    outer loop
      vertex 86 2.5 41
      vertex 86.2588 2.46593 4
      vertex 86 2.5 4
    endloop
  endfacet
  facet normal -0.92388 -0.382683 0
    outer loop
      vertex 85.134 1 4
      vertex 85.0341 1.24118 41
      vertex 85.0341 1.24118 4
    endloop
  endfacet
  facet normal -0.92388 -0.382683 0
    outer loop
      vertex 85.0341 1.24118 41
      vertex 85.134 1 4
      vertex 85.134 1 41
    endloop
  endfacet
  facet normal 0.793392 0.608711 0
    outer loop
      vertex 86.866 2 41
      vertex 86.7071 2.20711 4
      vertex 86.7071 2.20711 41
    endloop
  endfacet
  facet normal 0.793392 0.608711 0
    outer loop
      vertex 86.7071 2.20711 4
      vertex 86.866 2 41
      vertex 86.866 2 4
    endloop
  endfacet
  facet normal 0.92388 -0.382683 0
    outer loop
      vertex 86.866 1 41
      vertex 86.9659 1.24118 4
      vertex 86.9659 1.24118 41
    endloop
  endfacet
  facet normal 0.92388 -0.382683 0
    outer loop
      vertex 86.9659 1.24118 4
      vertex 86.866 1 41
      vertex 86.866 1 4
    endloop
  endfacet
  facet normal -0.79339 -0.608714 0
    outer loop
      vertex 93.2929 0.792892 4
      vertex 93.134 1 41
      vertex 93.134 1 4
    endloop
  endfacet
  facet normal -0.79339 -0.608714 0
    outer loop
      vertex 93.134 1 41
      vertex 93.2929 0.792892 4
      vertex 93.2929 0.792892 41
    endloop
  endfacet
  facet normal 0.92388 0.382683 0
    outer loop
      vertex 94.9659 1.75882 41
      vertex 94.866 2 4
      vertex 94.866 2 41
    endloop
  endfacet
  facet normal 0.92388 0.382683 0
    outer loop
      vertex 94.866 2 4
      vertex 94.9659 1.75882 41
      vertex 94.9659 1.75882 4
    endloop
  endfacet
  facet normal 0.991432 0.130623 0
    outer loop
      vertex 95 1.5 41
      vertex 94.9659 1.75882 4
      vertex 94.9659 1.75882 41
    endloop
  endfacet
  facet normal 0.991432 0.130623 0
    outer loop
      vertex 94.9659 1.75882 4
      vertex 95 1.5 41
      vertex 95 1.5 4
    endloop
  endfacet
  facet normal -0.13052 0.991446 0
    outer loop
      vertex 94 2.5 4
      vertex 93.7412 2.46593 41
      vertex 94 2.5 41
    endloop
  endfacet
  facet normal -0.13052 0.991446 0
    outer loop
      vertex 93.7412 2.46593 41
      vertex 94 2.5 4
      vertex 93.7412 2.46593 4
    endloop
  endfacet
  facet normal 0.382689 0.923877 -0
    outer loop
      vertex 94.5 2.36602 4
      vertex 94.2588 2.46593 41
      vertex 94.5 2.36602 41
    endloop
  endfacet
  facet normal 0.382689 0.923877 0
    outer loop
      vertex 94.2588 2.46593 41
      vertex 94.5 2.36602 4
      vertex 94.2588 2.46593 4
    endloop
  endfacet
  facet normal 0.79339 -0.608714 0
    outer loop
      vertex 94.7071 0.792892 41
      vertex 94.866 1 4
      vertex 94.866 1 41
    endloop
  endfacet
  facet normal 0.79339 -0.608714 0
    outer loop
      vertex 94.866 1 4
      vertex 94.7071 0.792892 41
      vertex 94.7071 0.792892 4
    endloop
  endfacet
  facet normal -0.382689 0.923877 0
    outer loop
      vertex 93.7412 2.46593 4
      vertex 93.5 2.36602 41
      vertex 93.7412 2.46593 41
    endloop
  endfacet
  facet normal -0.382689 0.923877 0
    outer loop
      vertex 93.5 2.36602 41
      vertex 93.7412 2.46593 4
      vertex 93.5 2.36602 4
    endloop
  endfacet
  facet normal 0.608772 -0.793345 0
    outer loop
      vertex 94.5 0.633974 4
      vertex 94.7071 0.792892 41
      vertex 94.5 0.633974 41
    endloop
  endfacet
  facet normal 0.608772 -0.793345 0
    outer loop
      vertex 94.7071 0.792892 41
      vertex 94.5 0.633974 4
      vertex 94.7071 0.792892 4
    endloop
  endfacet
  facet normal -0.382656 -0.923891 0
    outer loop
      vertex 93.5 0.633974 4
      vertex 93.7412 0.534074 41
      vertex 93.5 0.633974 41
    endloop
  endfacet
  facet normal -0.382656 -0.923891 -0
    outer loop
      vertex 93.7412 0.534074 41
      vertex 93.5 0.633974 4
      vertex 93.7412 0.534074 4
    endloop
  endfacet
  facet normal 0.991432 -0.130623 0
    outer loop
      vertex 94.9659 1.24118 41
      vertex 95 1.5 4
      vertex 95 1.5 41
    endloop
  endfacet
  facet normal 0.991432 -0.130623 0
    outer loop
      vertex 95 1.5 4
      vertex 94.9659 1.24118 41
      vertex 94.9659 1.24118 4
    endloop
  endfacet
  facet normal -0.793392 0.608711 0
    outer loop
      vertex 93.134 2 4
      vertex 93.2929 2.20711 41
      vertex 93.2929 2.20711 4
    endloop
  endfacet
  facet normal -0.793392 0.608711 0
    outer loop
      vertex 93.2929 2.20711 41
      vertex 93.134 2 4
      vertex 93.134 2 41
    endloop
  endfacet
  facet normal -0.608753 0.79336 0
    outer loop
      vertex 93.5 2.36602 4
      vertex 93.2929 2.20711 41
      vertex 93.5 2.36602 41
    endloop
  endfacet
  facet normal -0.608753 0.79336 0
    outer loop
      vertex 93.2929 2.20711 41
      vertex 93.5 2.36602 4
      vertex 93.2929 2.20711 4
    endloop
  endfacet
  facet normal -0.130535 -0.991444 0
    outer loop
      vertex 93.7412 0.534074 4
      vertex 94 0.5 41
      vertex 93.7412 0.534074 41
    endloop
  endfacet
  facet normal -0.130535 -0.991444 -0
    outer loop
      vertex 94 0.5 41
      vertex 93.7412 0.534074 4
      vertex 94 0.5 4
    endloop
  endfacet
  facet normal 0.130535 -0.991444 0
    outer loop
      vertex 94 0.5 4
      vertex 94.2588 0.534074 41
      vertex 94 0.5 41
    endloop
  endfacet
  facet normal 0.130535 -0.991444 0
    outer loop
      vertex 94.2588 0.534074 41
      vertex 94 0.5 4
      vertex 94.2588 0.534074 4
    endloop
  endfacet
  facet normal 0.382656 -0.923891 0
    outer loop
      vertex 94.2588 0.534074 4
      vertex 94.5 0.633974 41
      vertex 94.2588 0.534074 41
    endloop
  endfacet
  facet normal 0.382656 -0.923891 0
    outer loop
      vertex 94.5 0.633974 41
      vertex 94.2588 0.534074 4
      vertex 94.5 0.633974 4
    endloop
  endfacet
  facet normal -0.608772 -0.793345 0
    outer loop
      vertex 93.2929 0.792892 4
      vertex 93.5 0.633974 41
      vertex 93.2929 0.792892 41
    endloop
  endfacet
  facet normal -0.608772 -0.793345 -0
    outer loop
      vertex 93.5 0.633974 41
      vertex 93.2929 0.792892 4
      vertex 93.5 0.633974 4
    endloop
  endfacet
  facet normal -0.991432 0.130623 0
    outer loop
      vertex 93 1.5 4
      vertex 93.0341 1.75882 41
      vertex 93.0341 1.75882 4
    endloop
  endfacet
  facet normal -0.991432 0.130623 0
    outer loop
      vertex 93.0341 1.75882 41
      vertex 93 1.5 4
      vertex 93 1.5 41
    endloop
  endfacet
  facet normal -0.991432 -0.130623 0
    outer loop
      vertex 93.0341 1.24118 4
      vertex 93 1.5 41
      vertex 93 1.5 4
    endloop
  endfacet
  facet normal -0.991432 -0.130623 0
    outer loop
      vertex 93 1.5 41
      vertex 93.0341 1.24118 4
      vertex 93.0341 1.24118 41
    endloop
  endfacet
  facet normal -0.92388 0.382683 0
    outer loop
      vertex 93.0341 1.75882 4
      vertex 93.134 2 41
      vertex 93.134 2 4
    endloop
  endfacet
  facet normal -0.92388 0.382683 0
    outer loop
      vertex 93.134 2 41
      vertex 93.0341 1.75882 4
      vertex 93.0341 1.75882 41
    endloop
  endfacet
  facet normal 0.608753 0.79336 -0
    outer loop
      vertex 94.7071 2.20711 4
      vertex 94.5 2.36602 41
      vertex 94.7071 2.20711 41
    endloop
  endfacet
  facet normal 0.608753 0.79336 0
    outer loop
      vertex 94.5 2.36602 41
      vertex 94.7071 2.20711 4
      vertex 94.5 2.36602 4
    endloop
  endfacet
  facet normal 0.13052 0.991446 -0
    outer loop
      vertex 94.2588 2.46593 4
      vertex 94 2.5 41
      vertex 94.2588 2.46593 41
    endloop
  endfacet
  facet normal 0.13052 0.991446 0
    outer loop
      vertex 94 2.5 41
      vertex 94.2588 2.46593 4
      vertex 94 2.5 4
    endloop
  endfacet
  facet normal -0.92388 -0.382683 0
    outer loop
      vertex 93.134 1 4
      vertex 93.0341 1.24118 41
      vertex 93.0341 1.24118 4
    endloop
  endfacet
  facet normal -0.92388 -0.382683 0
    outer loop
      vertex 93.0341 1.24118 41
      vertex 93.134 1 4
      vertex 93.134 1 41
    endloop
  endfacet
  facet normal 0.793392 0.608711 0
    outer loop
      vertex 94.866 2 41
      vertex 94.7071 2.20711 4
      vertex 94.7071 2.20711 41
    endloop
  endfacet
  facet normal 0.793392 0.608711 0
    outer loop
      vertex 94.7071 2.20711 4
      vertex 94.866 2 41
      vertex 94.866 2 4
    endloop
  endfacet
  facet normal 0.92388 -0.382683 0
    outer loop
      vertex 94.866 1 41
      vertex 94.9659 1.24118 4
      vertex 94.9659 1.24118 41
    endloop
  endfacet
  facet normal 0.92388 -0.382683 0
    outer loop
      vertex 94.9659 1.24118 4
      vertex 94.866 1 41
      vertex 94.866 1 4
    endloop
  endfacet
  facet normal -0.793205 -0.608955 0
    outer loop
      vertex 101.293 0.792892 4
      vertex 101.134 1 41
      vertex 101.134 1 4
    endloop
  endfacet
  facet normal -0.793205 -0.608955 0
    outer loop
      vertex 101.134 1 41
      vertex 101.293 0.792892 4
      vertex 101.293 0.792892 41
    endloop
  endfacet
  facet normal 0.923744 0.38301 0
    outer loop
      vertex 102.966 1.75882 41
      vertex 102.866 2 4
      vertex 102.866 2 41
    endloop
  endfacet
  facet normal 0.923744 0.38301 0
    outer loop
      vertex 102.866 2 4
      vertex 102.966 1.75882 41
      vertex 102.966 1.75882 4
    endloop
  endfacet
  facet normal 0.991482 0.130246 0
    outer loop
      vertex 103 1.5 41
      vertex 102.966 1.75882 4
      vertex 102.966 1.75882 41
    endloop
  endfacet
  facet normal 0.991482 0.130246 0
    outer loop
      vertex 102.966 1.75882 4
      vertex 103 1.5 41
      vertex 103 1.5 4
    endloop
  endfacet
  facet normal -0.130421 0.991459 0
    outer loop
      vertex 102 2.5 4
      vertex 101.741 2.46593 41
      vertex 102 2.5 41
    endloop
  endfacet
  facet normal -0.130421 0.991459 0
    outer loop
      vertex 101.741 2.46593 41
      vertex 102 2.5 4
      vertex 101.741 2.46593 4
    endloop
  endfacet
  facet normal 0.38296 0.923765 -0
    outer loop
      vertex 102.5 2.36602 4
      vertex 102.259 2.46593 41
      vertex 102.5 2.36602 41
    endloop
  endfacet
  facet normal 0.38296 0.923765 0
    outer loop
      vertex 102.259 2.46593 41
      vertex 102.5 2.36602 4
      vertex 102.259 2.46593 4
    endloop
  endfacet
  facet normal 0.793205 -0.608955 0
    outer loop
      vertex 102.707 0.792892 41
      vertex 102.866 1 4
      vertex 102.866 1 41
    endloop
  endfacet
  facet normal 0.793205 -0.608955 0
    outer loop
      vertex 102.866 1 4
      vertex 102.707 0.792892 41
      vertex 102.707 0.792892 4
    endloop
  endfacet
  facet normal -0.38296 0.923765 0
    outer loop
      vertex 101.741 2.46593 4
      vertex 101.5 2.36602 41
      vertex 101.741 2.46593 41
    endloop
  endfacet
  facet normal -0.38296 0.923765 0
    outer loop
      vertex 101.5 2.36602 41
      vertex 101.741 2.46593 4
      vertex 101.5 2.36602 4
    endloop
  endfacet
  facet normal 0.608958 -0.793203 0
    outer loop
      vertex 102.5 0.633974 4
      vertex 102.707 0.792892 41
      vertex 102.5 0.633974 41
    endloop
  endfacet
  facet normal 0.608958 -0.793203 0
    outer loop
      vertex 102.707 0.792892 41
      vertex 102.5 0.633974 4
      vertex 102.707 0.792892 4
    endloop
  endfacet
  facet normal -0.382927 -0.923778 0
    outer loop
      vertex 101.5 0.633974 4
      vertex 101.741 0.534074 41
      vertex 101.5 0.633974 41
    endloop
  endfacet
  facet normal -0.382927 -0.923778 -0
    outer loop
      vertex 101.741 0.534074 41
      vertex 101.5 0.633974 4
      vertex 101.741 0.534074 4
    endloop
  endfacet
  facet normal 0.991482 -0.130246 0
    outer loop
      vertex 102.966 1.24118 41
      vertex 103 1.5 4
      vertex 103 1.5 41
    endloop
  endfacet
  facet normal 0.991482 -0.130246 0
    outer loop
      vertex 103 1.5 4
      vertex 102.966 1.24118 41
      vertex 102.966 1.24118 4
    endloop
  endfacet
  facet normal -0.793207 0.608952 0
    outer loop
      vertex 101.134 2 4
      vertex 101.293 2.20711 41
      vertex 101.293 2.20711 4
    endloop
  endfacet
  facet normal -0.793207 0.608952 0
    outer loop
      vertex 101.293 2.20711 41
      vertex 101.134 2 4
      vertex 101.134 2 41
    endloop
  endfacet
  facet normal -0.608938 0.793218 0
    outer loop
      vertex 101.5 2.36602 4
      vertex 101.293 2.20711 41
      vertex 101.5 2.36602 41
    endloop
  endfacet
  facet normal -0.608938 0.793218 0
    outer loop
      vertex 101.293 2.20711 41
      vertex 101.5 2.36602 4
      vertex 101.293 2.20711 4
    endloop
  endfacet
  facet normal -0.130436 -0.991457 0
    outer loop
      vertex 101.741 0.534074 4
      vertex 102 0.5 41
      vertex 101.741 0.534074 41
    endloop
  endfacet
  facet normal -0.130436 -0.991457 -0
    outer loop
      vertex 102 0.5 41
      vertex 101.741 0.534074 4
      vertex 102 0.5 4
    endloop
  endfacet
  facet normal 0.130436 -0.991457 0
    outer loop
      vertex 102 0.5 4
      vertex 102.259 0.534074 41
      vertex 102 0.5 41
    endloop
  endfacet
  facet normal 0.130436 -0.991457 0
    outer loop
      vertex 102.259 0.534074 41
      vertex 102 0.5 4
      vertex 102.259 0.534074 4
    endloop
  endfacet
  facet normal 0.382927 -0.923778 0
    outer loop
      vertex 102.259 0.534074 4
      vertex 102.5 0.633974 41
      vertex 102.259 0.534074 41
    endloop
  endfacet
  facet normal 0.382927 -0.923778 0
    outer loop
      vertex 102.5 0.633974 41
      vertex 102.259 0.534074 4
      vertex 102.5 0.633974 4
    endloop
  endfacet
  facet normal -0.608958 -0.793203 0
    outer loop
      vertex 101.293 0.792892 4
      vertex 101.5 0.633974 41
      vertex 101.293 0.792892 41
    endloop
  endfacet
  facet normal -0.608958 -0.793203 -0
    outer loop
      vertex 101.5 0.633974 41
      vertex 101.293 0.792892 4
      vertex 101.5 0.633974 4
    endloop
  endfacet
  facet normal -0.991482 0.130246 0
    outer loop
      vertex 101 1.5 4
      vertex 101.034 1.75882 41
      vertex 101.034 1.75882 4
    endloop
  endfacet
  facet normal -0.991482 0.130246 0
    outer loop
      vertex 101.034 1.75882 41
      vertex 101 1.5 4
      vertex 101 1.5 41
    endloop
  endfacet
  facet normal -0.991482 -0.130246 0
    outer loop
      vertex 101.034 1.24118 4
      vertex 101 1.5 41
      vertex 101 1.5 4
    endloop
  endfacet
  facet normal -0.991482 -0.130246 0
    outer loop
      vertex 101 1.5 41
      vertex 101.034 1.24118 4
      vertex 101.034 1.24118 41
    endloop
  endfacet
  facet normal -0.923744 0.38301 0
    outer loop
      vertex 101.034 1.75882 4
      vertex 101.134 2 41
      vertex 101.134 2 4
    endloop
  endfacet
  facet normal -0.923744 0.38301 0
    outer loop
      vertex 101.134 2 41
      vertex 101.034 1.75882 4
      vertex 101.034 1.75882 41
    endloop
  endfacet
  facet normal 0.608938 0.793218 -0
    outer loop
      vertex 102.707 2.20711 4
      vertex 102.5 2.36602 41
      vertex 102.707 2.20711 41
    endloop
  endfacet
  facet normal 0.608938 0.793218 0
    outer loop
      vertex 102.5 2.36602 41
      vertex 102.707 2.20711 4
      vertex 102.5 2.36602 4
    endloop
  endfacet
  facet normal 0.130421 0.991459 -0
    outer loop
      vertex 102.259 2.46593 4
      vertex 102 2.5 41
      vertex 102.259 2.46593 41
    endloop
  endfacet
  facet normal 0.130421 0.991459 0
    outer loop
      vertex 102 2.5 41
      vertex 102.259 2.46593 4
      vertex 102 2.5 4
    endloop
  endfacet
  facet normal -0.923744 -0.38301 0
    outer loop
      vertex 101.134 1 4
      vertex 101.034 1.24118 41
      vertex 101.034 1.24118 4
    endloop
  endfacet
  facet normal -0.923744 -0.38301 0
    outer loop
      vertex 101.034 1.24118 41
      vertex 101.134 1 4
      vertex 101.134 1 41
    endloop
  endfacet
  facet normal 0.793207 0.608952 0
    outer loop
      vertex 102.866 2 41
      vertex 102.707 2.20711 4
      vertex 102.707 2.20711 41
    endloop
  endfacet
  facet normal 0.793207 0.608952 0
    outer loop
      vertex 102.707 2.20711 4
      vertex 102.866 2 41
      vertex 102.866 2 4
    endloop
  endfacet
  facet normal 0.923744 -0.38301 0
    outer loop
      vertex 102.866 1 41
      vertex 102.966 1.24118 4
      vertex 102.966 1.24118 41
    endloop
  endfacet
  facet normal 0.923744 -0.38301 0
    outer loop
      vertex 102.966 1.24118 4
      vertex 102.866 1 41
      vertex 102.866 1 4
    endloop
  endfacet
  facet normal 1 -0 0
    outer loop
      vertex 111 0 45
      vertex 111 3 14.5
      vertex 111 3 45
    endloop
  endfacet
  facet normal 1 0 0
    outer loop
      vertex 111 3 14.5
      vertex 111 0 45
      vertex 111 0 14.5
    endloop
  endfacet
  facet normal 1 -0 0
    outer loop
      vertex 111 0 8.5
      vertex 111 3 0
      vertex 111 3 8.5
    endloop
  endfacet
  facet normal 1 0 0
    outer loop
      vertex 111 3 0
      vertex 111 0 8.5
      vertex 111 0 0
    endloop
  endfacet
  facet normal 0 0 1
    outer loop
      vertex 108 3 4
      vertex 103 1.5 4
      vertex 108 0 4
    endloop
  endfacet
  facet normal 0 0 1
    outer loop
      vertex 108 3 4
      vertex 102.966 1.75882 4
      vertex 103 1.5 4
    endloop
  endfacet
  facet normal 0 0 1
    outer loop
      vertex 108 3 4
      vertex 102.866 2 4
      vertex 102.966 1.75882 4
    endloop
  endfacet
  facet normal 0 0 1
    outer loop
      vertex 108 3 4
      vertex 102.707 2.20711 4
      vertex 102.866 2 4
    endloop
  endfacet
  facet normal 0 0 1
    outer loop
      vertex 108 3 4
      vertex 102.5 2.36602 4
      vertex 102.707 2.20711 4
    endloop
  endfacet
  facet normal 0 0 1
    outer loop
      vertex 108 3 4
      vertex 102.259 2.46593 4
      vertex 102.5 2.36602 4
    endloop
  endfacet
  facet normal 0 0 1
    outer loop
      vertex 108 3 4
      vertex 102 2.5 4
      vertex 102.259 2.46593 4
    endloop
  endfacet
  facet normal 0 0 1
    outer loop
      vertex 101.034 1.75882 4
      vertex 95 1.5 4
      vertex 101 1.5 4
    endloop
  endfacet
  facet normal 0 0 1
    outer loop
      vertex 94.9659 1.75882 4
      vertex 101.034 1.75882 4
      vertex 101.134 2 4
    endloop
  endfacet
  facet normal 0 0 1
    outer loop
      vertex 94.866 2 4
      vertex 101.134 2 4
      vertex 101.293 2.20711 4
    endloop
  endfacet
  facet normal 0 0 1
    outer loop
      vertex 94.7071 2.20711 4
      vertex 101.293 2.20711 4
      vertex 101.5 2.36602 4
    endloop
  endfacet
  facet normal 0 0 1
    outer loop
      vertex 94.5 2.36602 4
      vertex 101.5 2.36602 4
      vertex 101.741 2.46593 4
    endloop
  endfacet
  facet normal 0 0 1
    outer loop
      vertex 101.034 1.75882 4
      vertex 94.9659 1.75882 4
      vertex 95 1.5 4
    endloop
  endfacet
  facet normal 0 0 1
    outer loop
      vertex 94.2588 2.46593 4
      vertex 101.741 2.46593 4
      vertex 102 2.5 4
    endloop
  endfacet
  facet normal 0 0 1
    outer loop
      vertex 101.134 2 4
      vertex 94.866 2 4
      vertex 94.9659 1.75882 4
    endloop
  endfacet
  facet normal 0 0 1
    outer loop
      vertex 94 2.5 4
      vertex 102 2.5 4
      vertex 108 3 4
    endloop
  endfacet
  facet normal 0 0 1
    outer loop
      vertex 101.293 2.20711 4
      vertex 94.7071 2.20711 4
      vertex 94.866 2 4
    endloop
  endfacet
  facet normal 0 0 1
    outer loop
      vertex 101.5 2.36602 4
      vertex 94.5 2.36602 4
      vertex 94.7071 2.20711 4
    endloop
  endfacet
  facet normal 0 0 1
    outer loop
      vertex 101.741 2.46593 4
      vertex 94.2588 2.46593 4
      vertex 94.5 2.36602 4
    endloop
  endfacet
  facet normal 0 0 1
    outer loop
      vertex 102 2.5 4
      vertex 94 2.5 4
      vertex 94.2588 2.46593 4
    endloop
  endfacet
  facet normal 0 0 1
    outer loop
      vertex 93.0341 1.75882 4
      vertex 87 1.5 4
      vertex 93 1.5 4
    endloop
  endfacet
  facet normal 0 0 1
    outer loop
      vertex 86.9659 1.75882 4
      vertex 93.0341 1.75882 4
      vertex 93.134 2 4
    endloop
  endfacet
  facet normal 0 0 1
    outer loop
      vertex 86.866 2 4
      vertex 93.134 2 4
      vertex 93.2929 2.20711 4
    endloop
  endfacet
  facet normal 0 0 1
    outer loop
      vertex 86.7071 2.20711 4
      vertex 93.2929 2.20711 4
      vertex 93.5 2.36602 4
    endloop
  endfacet
  facet normal 0 0 1
    outer loop
      vertex 86.5 2.36602 4
      vertex 93.5 2.36602 4
      vertex 93.7412 2.46593 4
    endloop
  endfacet
  facet normal 0 0 1
    outer loop
      vertex 93.0341 1.75882 4
      vertex 86.9659 1.75882 4
      vertex 87 1.5 4
    endloop
  endfacet
  facet normal 0 0 1
    outer loop
      vertex 85 3 4
      vertex 93.7412 2.46593 4
      vertex 94 2.5 4
    endloop
  endfacet
  facet normal 0 0 1
    outer loop
      vertex 93.134 2 4
      vertex 86.866 2 4
      vertex 86.9659 1.75882 4
    endloop
  endfacet
  facet normal 0 0 1
    outer loop
      vertex 93.2929 2.20711 4
      vertex 86.7071 2.20711 4
      vertex 86.866 2 4
    endloop
  endfacet
  facet normal 0 0 1
    outer loop
      vertex 93.5 2.36602 4
      vertex 86.5 2.36602 4
      vertex 86.7071 2.20711 4
    endloop
  endfacet
  facet normal -0 0 1
    outer loop
      vertex 85 3 4
      vertex 94 2.5 4
      vertex 108 3 4
    endloop
  endfacet
  facet normal 0 0 1
    outer loop
      vertex 93.7412 2.46593 4
      vertex 86.2588 2.46593 4
      vertex 86.5 2.36602 4
    endloop
  endfacet
  facet normal 0 0 1
    outer loop
      vertex 93.7412 2.46593 4
      vertex 85 3 4
      vertex 86.2588 2.46593 4
    endloop
  endfacet
  facet normal 0 0 1
    outer loop
      vertex 86.2588 2.46593 4
      vertex 85 3 4
      vertex 86 2.5 4
    endloop
  endfacet
  facet normal 0 0 1
    outer loop
      vertex 85 3 4
      vertex 85.7412 2.46593 4
      vertex 86 2.5 4
    endloop
  endfacet
  facet normal 0 0 1
    outer loop
      vertex 85 3 4
      vertex 85.5 2.36602 4
      vertex 85.7412 2.46593 4
    endloop
  endfacet
  facet normal 0 0 1
    outer loop
      vertex 85 3 4
      vertex 85.2929 2.20711 4
      vertex 85.5 2.36602 4
    endloop
  endfacet
  facet normal 0 0 1
    outer loop
      vertex 85 3 4
      vertex 85.134 2 4
      vertex 85.2929 2.20711 4
    endloop
  endfacet
  facet normal 0 0 1
    outer loop
      vertex 85 3 4
      vertex 85.0341 1.75882 4
      vertex 85.134 2 4
    endloop
  endfacet
  facet normal 0 0 1
    outer loop
      vertex 85.0341 1.75882 4
      vertex 85 3 4
      vertex 85 1.5 4
    endloop
  endfacet
  facet normal -0 0 1
    outer loop
      vertex 102.966 1.24118 4
      vertex 108 0 4
      vertex 103 1.5 4
    endloop
  endfacet
  facet normal -0 0 1
    outer loop
      vertex 102.866 1 4
      vertex 108 0 4
      vertex 102.966 1.24118 4
    endloop
  endfacet
  facet normal -0 0 1
    outer loop
      vertex 102.707 0.792892 4
      vertex 108 0 4
      vertex 102.866 1 4
    endloop
  endfacet
  facet normal -0 0 1
    outer loop
      vertex 102.5 0.633974 4
      vertex 108 0 4
      vertex 102.707 0.792892 4
    endloop
  endfacet
  facet normal -0 0 1
    outer loop
      vertex 102.259 0.534074 4
      vertex 108 0 4
      vertex 102.5 0.633974 4
    endloop
  endfacet
  facet normal -0 0 1
    outer loop
      vertex 102 0.5 4
      vertex 108 0 4
      vertex 102.259 0.534074 4
    endloop
  endfacet
  facet normal -0 0 1
    outer loop
      vertex 95 1.5 4
      vertex 101.034 1.24118 4
      vertex 101 1.5 4
    endloop
  endfacet
  facet normal 0 0 1
    outer loop
      vertex 94.9659 1.24118 4
      vertex 101.034 1.24118 4
      vertex 95 1.5 4
    endloop
  endfacet
  facet normal 0 0 1
    outer loop
      vertex 101.034 1.24118 4
      vertex 94.9659 1.24118 4
      vertex 101.134 1 4
    endloop
  endfacet
  facet normal 0 0 1
    outer loop
      vertex 94.866 1 4
      vertex 101.134 1 4
      vertex 94.9659 1.24118 4
    endloop
  endfacet
  facet normal 0 0 1
    outer loop
      vertex 101.134 1 4
      vertex 94.866 1 4
      vertex 101.293 0.792892 4
    endloop
  endfacet
  facet normal 0 0 1
    outer loop
      vertex 94.7071 0.792892 4
      vertex 101.293 0.792892 4
      vertex 94.866 1 4
    endloop
  endfacet
  facet normal 0 0 1
    outer loop
      vertex 101.293 0.792892 4
      vertex 94.7071 0.792892 4
      vertex 101.5 0.633974 4
    endloop
  endfacet
  facet normal 0 0 1
    outer loop
      vertex 94.5 0.633974 4
      vertex 101.5 0.633974 4
      vertex 94.7071 0.792892 4
    endloop
  endfacet
  facet normal 0 0 1
    outer loop
      vertex 101.5 0.633974 4
      vertex 94.5 0.633974 4
      vertex 101.741 0.534074 4
    endloop
  endfacet
  facet normal 0 0 1
    outer loop
      vertex 94.2588 0.534074 4
      vertex 101.741 0.534074 4
      vertex 94.5 0.633974 4
    endloop
  endfacet
  facet normal 0 0 1
    outer loop
      vertex 101.741 0.534074 4
      vertex 94.2588 0.534074 4
      vertex 102 0.5 4
    endloop
  endfacet
  facet normal 0 0 1
    outer loop
      vertex 94 0.5 4
      vertex 102 0.5 4
      vertex 94.2588 0.534074 4
    endloop
  endfacet
  facet normal 0 0 1
    outer loop
      vertex 102 0.5 4
      vertex 94 0.5 4
      vertex 108 0 4
    endloop
  endfacet
  facet normal -0 0 1
    outer loop
      vertex 87 1.5 4
      vertex 93.0341 1.24118 4
      vertex 93 1.5 4
    endloop
  endfacet
  facet normal 0 0 1
    outer loop
      vertex 86.9659 1.24118 4
      vertex 93.0341 1.24118 4
      vertex 87 1.5 4
    endloop
  endfacet
  facet normal 0 0 1
    outer loop
      vertex 93.0341 1.24118 4
      vertex 86.9659 1.24118 4
      vertex 93.134 1 4
    endloop
  endfacet
  facet normal 0 0 1
    outer loop
      vertex 86.866 1 4
      vertex 93.134 1 4
      vertex 86.9659 1.24118 4
    endloop
  endfacet
  facet normal 0 0 1
    outer loop
      vertex 93.134 1 4
      vertex 86.866 1 4
      vertex 93.2929 0.792892 4
    endloop
  endfacet
  facet normal 0 0 1
    outer loop
      vertex 86.7071 0.792892 4
      vertex 93.2929 0.792892 4
      vertex 86.866 1 4
    endloop
  endfacet
  facet normal 0 0 1
    outer loop
      vertex 93.2929 0.792892 4
      vertex 86.7071 0.792892 4
      vertex 93.5 0.633974 4
    endloop
  endfacet
  facet normal 0 0 1
    outer loop
      vertex 86.5 0.633974 4
      vertex 93.5 0.633974 4
      vertex 86.7071 0.792892 4
    endloop
  endfacet
  facet normal 0 0 1
    outer loop
      vertex 93.5 0.633974 4
      vertex 86.5 0.633974 4
      vertex 93.7412 0.534074 4
    endloop
  endfacet
  facet normal 0 0 1
    outer loop
      vertex 86.2588 0.534074 4
      vertex 93.7412 0.534074 4
      vertex 86.5 0.633974 4
    endloop
  endfacet
  facet normal 0 0 1
    outer loop
      vertex 85 0 4
      vertex 93.7412 0.534074 4
      vertex 86.2588 0.534074 4
    endloop
  endfacet
  facet normal 0 0 1
    outer loop
      vertex 93.7412 0.534074 4
      vertex 85 0 4
      vertex 94 0.5 4
    endloop
  endfacet
  facet normal 0 0 1
    outer loop
      vertex 85 0 4
      vertex 86.2588 0.534074 4
      vertex 86 0.5 4
    endloop
  endfacet
  facet normal 0 0 1
    outer loop
      vertex 94 0.5 4
      vertex 85 0 4
      vertex 108 0 4
    endloop
  endfacet
  facet normal 0 0 1
    outer loop
      vertex 85.7412 0.534074 4
      vertex 85 0 4
      vertex 86 0.5 4
    endloop
  endfacet
  facet normal 0 0 1
    outer loop
      vertex 85.5 0.633974 4
      vertex 85 0 4
      vertex 85.7412 0.534074 4
    endloop
  endfacet
  facet normal 0 0 1
    outer loop
      vertex 85.2929 0.792892 4
      vertex 85 0 4
      vertex 85.5 0.633974 4
    endloop
  endfacet
  facet normal 0 0 1
    outer loop
      vertex 85.134 1 4
      vertex 85 0 4
      vertex 85.2929 0.792892 4
    endloop
  endfacet
  facet normal 0 0 1
    outer loop
      vertex 85.0341 1.24118 4
      vertex 85 0 4
      vertex 85.134 1 4
    endloop
  endfacet
  facet normal 0 0 1
    outer loop
      vertex 85 0 4
      vertex 85.0341 1.24118 4
      vertex 85 1.5 4
    endloop
  endfacet
  facet normal 0 0 -1
    outer loop
      vertex 85 0 0
      vertex 111 3 0
      vertex 111 0 0
    endloop
  endfacet
  facet normal -0 0 -1
    outer loop
      vertex 111 3 0
      vertex 85 0 0
      vertex 85 3 0
    endloop
  endfacet
  facet normal -1 0 0
    outer loop
      vertex 85 3 0
      vertex 85 1.5 4
      vertex 85 3 4
    endloop
  endfacet
  facet normal -1 0 0
    outer loop
      vertex 85 0 0
      vertex 85 1.5 4
      vertex 85 3 0
    endloop
  endfacet
  facet normal -1 -0 0
    outer loop
      vertex 85 1.5 4
      vertex 85 0 0
      vertex 85 0 4
    endloop
  endfacet
  facet normal 0 1 0
    outer loop
      vertex 111.027 3 14.5
      vertex 111.027 3 8.5
      vertex 111 3 14.5
    endloop
  endfacet
  facet normal 0 1 0
    outer loop
      vertex 111 3 45
      vertex 108 3 41
      vertex 85 3 45
    endloop
  endfacet
  facet normal 0 1 -0
    outer loop
      vertex 111 3 14.5
      vertex 108 3 41
      vertex 111 3 45
    endloop
  endfacet
  facet normal 0 1 0
    outer loop
      vertex 111 3 8.5
      vertex 111 3 14.5
      vertex 111.027 3 8.5
    endloop
  endfacet
  facet normal 0 1 0
    outer loop
      vertex 108 3 4
      vertex 111 3 14.5
      vertex 111 3 8.5
    endloop
  endfacet
  facet normal 0 1 0
    outer loop
      vertex 111 3 14.5
      vertex 108 3 4
      vertex 108 3 41
    endloop
  endfacet
  facet normal 0 1 -0
    outer loop
      vertex 111 3 0
      vertex 108 3 4
      vertex 111 3 8.5
    endloop
  endfacet
  facet normal 0 1 0
    outer loop
      vertex 85 3 0
      vertex 108 3 4
      vertex 111 3 0
    endloop
  endfacet
  facet normal 0 1 0
    outer loop
      vertex 108 3 4
      vertex 85 3 0
      vertex 85 3 4
    endloop
  endfacet
  facet normal 0 1 0
    outer loop
      vertex 85 3 45
      vertex 108 3 41
      vertex 85 3 41
    endloop
  endfacet
  facet normal 0 -1 0
    outer loop
      vertex 85 0 4
      vertex 85 0 0
      vertex 108 0 4
    endloop
  endfacet
  facet normal 0 -1 0
    outer loop
      vertex 108 0 41
      vertex 85 0 45
      vertex 85 0 41
    endloop
  endfacet
  facet normal 0 -1 0
    outer loop
      vertex 85 0 45
      vertex 108 0 41
      vertex 111 0 45
    endloop
  endfacet
  facet normal 0 -1 0
    outer loop
      vertex 108 0 41
      vertex 111 0 14.5
      vertex 111 0 45
    endloop
  endfacet
  facet normal 0 -1 0
    outer loop
      vertex 111 0 14.5
      vertex 111 0 8.5
      vertex 111.027 0 14.5
    endloop
  endfacet
  facet normal 0 -1 0
    outer loop
      vertex 108 0 4
      vertex 111 0 14.5
      vertex 108 0 41
    endloop
  endfacet
  facet normal 0 -1 -0
    outer loop
      vertex 111 0 14.5
      vertex 108 0 4
      vertex 111 0 8.5
    endloop
  endfacet
  facet normal 0 -1 0
    outer loop
      vertex 108 0 4
      vertex 111 0 0
      vertex 111 0 8.5
    endloop
  endfacet
  facet normal 0 -1 0
    outer loop
      vertex 111 0 0
      vertex 108 0 4
      vertex 85 0 0
    endloop
  endfacet
  facet normal 0 -1 -0
    outer loop
      vertex 111.027 0 14.5
      vertex 111 0 8.5
      vertex 111.027 0 8.5
    endloop
  endfacet
  facet normal -0 0 1
    outer loop
      vertex 85 3 45
      vertex 111 0 45
      vertex 111 3 45
    endloop
  endfacet
  facet normal 0 0 1
    outer loop
      vertex 111 0 45
      vertex 85 3 45
      vertex 85 0 45
    endloop
  endfacet
  facet normal 0 0 -1
    outer loop
      vertex 108 0 41
      vertex 103 1.5 41
      vertex 108 3 41
    endloop
  endfacet
  facet normal 0 0 -1
    outer loop
      vertex 108 0 41
      vertex 102.966 1.24118 41
      vertex 103 1.5 41
    endloop
  endfacet
  facet normal 0 0 -1
    outer loop
      vertex 108 0 41
      vertex 102.866 1 41
      vertex 102.966 1.24118 41
    endloop
  endfacet
  facet normal 0 0 -1
    outer loop
      vertex 108 0 41
      vertex 102.707 0.792892 41
      vertex 102.866 1 41
    endloop
  endfacet
  facet normal 0 0 -1
    outer loop
      vertex 108 0 41
      vertex 102.5 0.633974 41
      vertex 102.707 0.792892 41
    endloop
  endfacet
  facet normal 0 0 -1
    outer loop
      vertex 108 0 41
      vertex 102.259 0.534074 41
      vertex 102.5 0.633974 41
    endloop
  endfacet
  facet normal 0 0 -1
    outer loop
      vertex 108 0 41
      vertex 102 0.5 41
      vertex 102.259 0.534074 41
    endloop
  endfacet
  facet normal 0 0 -1
    outer loop
      vertex 101.034 1.24118 41
      vertex 95 1.5 41
      vertex 101 1.5 41
    endloop
  endfacet
  facet normal 0 0 -1
    outer loop
      vertex 94.9659 1.24118 41
      vertex 101.034 1.24118 41
      vertex 101.134 1 41
    endloop
  endfacet
  facet normal 0 0 -1
    outer loop
      vertex 94.866 1 41
      vertex 101.134 1 41
      vertex 101.293 0.792892 41
    endloop
  endfacet
  facet normal 0 0 -1
    outer loop
      vertex 94.7071 0.792892 41
      vertex 101.293 0.792892 41
      vertex 101.5 0.633974 41
    endloop
  endfacet
  facet normal 0 0 -1
    outer loop
      vertex 94.5 0.633974 41
      vertex 101.5 0.633974 41
      vertex 101.741 0.534074 41
    endloop
  endfacet
  facet normal 0 0 -1
    outer loop
      vertex 101.034 1.24118 41
      vertex 94.9659 1.24118 41
      vertex 95 1.5 41
    endloop
  endfacet
  facet normal 0 0 -1
    outer loop
      vertex 94.2588 0.534074 41
      vertex 101.741 0.534074 41
      vertex 102 0.5 41
    endloop
  endfacet
  facet normal 0 0 -1
    outer loop
      vertex 101.134 1 41
      vertex 94.866 1 41
      vertex 94.9659 1.24118 41
    endloop
  endfacet
  facet normal 0 0 -1
    outer loop
      vertex 94 0.5 41
      vertex 102 0.5 41
      vertex 108 0 41
    endloop
  endfacet
  facet normal 0 0 -1
    outer loop
      vertex 101.293 0.792892 41
      vertex 94.7071 0.792892 41
      vertex 94.866 1 41
    endloop
  endfacet
  facet normal 0 0 -1
    outer loop
      vertex 101.5 0.633974 41
      vertex 94.5 0.633974 41
      vertex 94.7071 0.792892 41
    endloop
  endfacet
  facet normal 0 0 -1
    outer loop
      vertex 101.741 0.534074 41
      vertex 94.2588 0.534074 41
      vertex 94.5 0.633974 41
    endloop
  endfacet
  facet normal 0 0 -1
    outer loop
      vertex 102 0.5 41
      vertex 94 0.5 41
      vertex 94.2588 0.534074 41
    endloop
  endfacet
  facet normal 0 0 -1
    outer loop
      vertex 93.0341 1.24118 41
      vertex 87 1.5 41
      vertex 93 1.5 41
    endloop
  endfacet
  facet normal 0 0 -1
    outer loop
      vertex 86.9659 1.24118 41
      vertex 93.0341 1.24118 41
      vertex 93.134 1 41
    endloop
  endfacet
  facet normal 0 0 -1
    outer loop
      vertex 86.866 1 41
      vertex 93.134 1 41
      vertex 93.2929 0.792892 41
    endloop
  endfacet
  facet normal 0 0 -1
    outer loop
      vertex 86.7071 0.792892 41
      vertex 93.2929 0.792892 41
      vertex 93.5 0.633974 41
    endloop
  endfacet
  facet normal 0 0 -1
    outer loop
      vertex 86.5 0.633974 41
      vertex 93.5 0.633974 41
      vertex 93.7412 0.534074 41
    endloop
  endfacet
  facet normal 0 0 -1
    outer loop
      vertex 93.0341 1.24118 41
      vertex 86.9659 1.24118 41
      vertex 87 1.5 41
    endloop
  endfacet
  facet normal 0 0 -1
    outer loop
      vertex 85 0 41
      vertex 93.7412 0.534074 41
      vertex 94 0.5 41
    endloop
  endfacet
  facet normal 0 0 -1
    outer loop
      vertex 93.134 1 41
      vertex 86.866 1 41
      vertex 86.9659 1.24118 41
    endloop
  endfacet
  facet normal 0 0 -1
    outer loop
      vertex 93.2929 0.792892 41
      vertex 86.7071 0.792892 41
      vertex 86.866 1 41
    endloop
  endfacet
  facet normal 0 0 -1
    outer loop
      vertex 93.5 0.633974 41
      vertex 86.5 0.633974 41
      vertex 86.7071 0.792892 41
    endloop
  endfacet
  facet normal 0 0 -1
    outer loop
      vertex 85 0 41
      vertex 94 0.5 41
      vertex 108 0 41
    endloop
  endfacet
  facet normal 0 0 -1
    outer loop
      vertex 93.7412 0.534074 41
      vertex 86.2588 0.534074 41
      vertex 86.5 0.633974 41
    endloop
  endfacet
  facet normal -0 0 -1
    outer loop
      vertex 93.7412 0.534074 41
      vertex 85 0 41
      vertex 86.2588 0.534074 41
    endloop
  endfacet
  facet normal 0 0 -1
    outer loop
      vertex 86.2588 0.534074 41
      vertex 85 0 41
      vertex 86 0.5 41
    endloop
  endfacet
  facet normal 0 0 -1
    outer loop
      vertex 85 0 41
      vertex 85.7412 0.534074 41
      vertex 86 0.5 41
    endloop
  endfacet
  facet normal 0 0 -1
    outer loop
      vertex 85 0 41
      vertex 85.5 0.633974 41
      vertex 85.7412 0.534074 41
    endloop
  endfacet
  facet normal 0 0 -1
    outer loop
      vertex 85 0 41
      vertex 85.2929 0.792892 41
      vertex 85.5 0.633974 41
    endloop
  endfacet
  facet normal 0 0 -1
    outer loop
      vertex 85 0 41
      vertex 85.134 1 41
      vertex 85.2929 0.792892 41
    endloop
  endfacet
  facet normal 0 0 -1
    outer loop
      vertex 85 0 41
      vertex 85.0341 1.24118 41
      vertex 85.134 1 41
    endloop
  endfacet
  facet normal -0 0 -1
    outer loop
      vertex 85.0341 1.24118 41
      vertex 85 0 41
      vertex 85 1.5 41
    endloop
  endfacet
  facet normal 0 0 -1
    outer loop
      vertex 102.966 1.75882 41
      vertex 108 3 41
      vertex 103 1.5 41
    endloop
  endfacet
  facet normal 0 0 -1
    outer loop
      vertex 102.866 2 41
      vertex 108 3 41
      vertex 102.966 1.75882 41
    endloop
  endfacet
  facet normal 0 0 -1
    outer loop
      vertex 102.707 2.20711 41
      vertex 108 3 41
      vertex 102.866 2 41
    endloop
  endfacet
  facet normal 0 0 -1
    outer loop
      vertex 102.5 2.36602 41
      vertex 108 3 41
      vertex 102.707 2.20711 41
    endloop
  endfacet
  facet normal 0 0 -1
    outer loop
      vertex 102.259 2.46593 41
      vertex 108 3 41
      vertex 102.5 2.36602 41
    endloop
  endfacet
  facet normal 0 0 -1
    outer loop
      vertex 102 2.5 41
      vertex 108 3 41
      vertex 102.259 2.46593 41
    endloop
  endfacet
  facet normal 0 0 -1
    outer loop
      vertex 95 1.5 41
      vertex 101.034 1.75882 41
      vertex 101 1.5 41
    endloop
  endfacet
  facet normal 0 0 -1
    outer loop
      vertex 94.9659 1.75882 41
      vertex 101.034 1.75882 41
      vertex 95 1.5 41
    endloop
  endfacet
  facet normal 0 0 -1
    outer loop
      vertex 101.034 1.75882 41
      vertex 94.9659 1.75882 41
      vertex 101.134 2 41
    endloop
  endfacet
  facet normal 0 0 -1
    outer loop
      vertex 94.866 2 41
      vertex 101.134 2 41
      vertex 94.9659 1.75882 41
    endloop
  endfacet
  facet normal 0 0 -1
    outer loop
      vertex 101.134 2 41
      vertex 94.866 2 41
      vertex 101.293 2.20711 41
    endloop
  endfacet
  facet normal 0 0 -1
    outer loop
      vertex 94.7071 2.20711 41
      vertex 101.293 2.20711 41
      vertex 94.866 2 41
    endloop
  endfacet
  facet normal 0 0 -1
    outer loop
      vertex 101.293 2.20711 41
      vertex 94.7071 2.20711 41
      vertex 101.5 2.36602 41
    endloop
  endfacet
  facet normal 0 0 -1
    outer loop
      vertex 94.5 2.36602 41
      vertex 101.5 2.36602 41
      vertex 94.7071 2.20711 41
    endloop
  endfacet
  facet normal 0 0 -1
    outer loop
      vertex 101.5 2.36602 41
      vertex 94.5 2.36602 41
      vertex 101.741 2.46593 41
    endloop
  endfacet
  facet normal 0 0 -1
    outer loop
      vertex 94.2588 2.46593 41
      vertex 101.741 2.46593 41
      vertex 94.5 2.36602 41
    endloop
  endfacet
  facet normal 0 0 -1
    outer loop
      vertex 101.741 2.46593 41
      vertex 94.2588 2.46593 41
      vertex 102 2.5 41
    endloop
  endfacet
  facet normal 0 0 -1
    outer loop
      vertex 94 2.5 41
      vertex 102 2.5 41
      vertex 94.2588 2.46593 41
    endloop
  endfacet
  facet normal 0 0 -1
    outer loop
      vertex 102 2.5 41
      vertex 94 2.5 41
      vertex 108 3 41
    endloop
  endfacet
  facet normal 0 0 -1
    outer loop
      vertex 87 1.5 41
      vertex 93.0341 1.75882 41
      vertex 93 1.5 41
    endloop
  endfacet
  facet normal 0 0 -1
    outer loop
      vertex 86.9659 1.75882 41
      vertex 93.0341 1.75882 41
      vertex 87 1.5 41
    endloop
  endfacet
  facet normal 0 0 -1
    outer loop
      vertex 93.0341 1.75882 41
      vertex 86.9659 1.75882 41
      vertex 93.134 2 41
    endloop
  endfacet
  facet normal 0 0 -1
    outer loop
      vertex 86.866 2 41
      vertex 93.134 2 41
      vertex 86.9659 1.75882 41
    endloop
  endfacet
  facet normal 0 0 -1
    outer loop
      vertex 93.134 2 41
      vertex 86.866 2 41
      vertex 93.2929 2.20711 41
    endloop
  endfacet
  facet normal 0 0 -1
    outer loop
      vertex 86.7071 2.20711 41
      vertex 93.2929 2.20711 41
      vertex 86.866 2 41
    endloop
  endfacet
  facet normal 0 0 -1
    outer loop
      vertex 93.2929 2.20711 41
      vertex 86.7071 2.20711 41
      vertex 93.5 2.36602 41
    endloop
  endfacet
  facet normal 0 0 -1
    outer loop
      vertex 86.5 2.36602 41
      vertex 93.5 2.36602 41
      vertex 86.7071 2.20711 41
    endloop
  endfacet
  facet normal 0 0 -1
    outer loop
      vertex 93.5 2.36602 41
      vertex 86.5 2.36602 41
      vertex 93.7412 2.46593 41
    endloop
  endfacet
  facet normal 0 0 -1
    outer loop
      vertex 86.2588 2.46593 41
      vertex 93.7412 2.46593 41
      vertex 86.5 2.36602 41
    endloop
  endfacet
  facet normal 0 0 -1
    outer loop
      vertex 85 3 41
      vertex 93.7412 2.46593 41
      vertex 86.2588 2.46593 41
    endloop
  endfacet
  facet normal 0 0 -1
    outer loop
      vertex 93.7412 2.46593 41
      vertex 85 3 41
      vertex 94 2.5 41
    endloop
  endfacet
  facet normal 0 0 -1
    outer loop
      vertex 85 3 41
      vertex 86.2588 2.46593 41
      vertex 86 2.5 41
    endloop
  endfacet
  facet normal 0 0 -1
    outer loop
      vertex 94 2.5 41
      vertex 85 3 41
      vertex 108 3 41
    endloop
  endfacet
  facet normal 0 0 -1
    outer loop
      vertex 85.7412 2.46593 41
      vertex 85 3 41
      vertex 86 2.5 41
    endloop
  endfacet
  facet normal 0 0 -1
    outer loop
      vertex 85.5 2.36602 41
      vertex 85 3 41
      vertex 85.7412 2.46593 41
    endloop
  endfacet
  facet normal 0 0 -1
    outer loop
      vertex 85.2929 2.20711 41
      vertex 85 3 41
      vertex 85.5 2.36602 41
    endloop
  endfacet
  facet normal 0 0 -1
    outer loop
      vertex 85.134 2 41
      vertex 85 3 41
      vertex 85.2929 2.20711 41
    endloop
  endfacet
  facet normal 0 0 -1
    outer loop
      vertex 85.0341 1.75882 41
      vertex 85 3 41
      vertex 85.134 2 41
    endloop
  endfacet
  facet normal 0 0 -1
    outer loop
      vertex 85 3 41
      vertex 85.0341 1.75882 41
      vertex 85 1.5 41
    endloop
  endfacet
  facet normal -1 0 0
    outer loop
      vertex 85 1.5 41
      vertex 85 3 45
      vertex 85 3 41
    endloop
  endfacet
  facet normal -1 0 0
    outer loop
      vertex 85 0 45
      vertex 85 1.5 41
      vertex 85 0 41
    endloop
  endfacet
  facet normal -1 0 0
    outer loop
      vertex 85 1.5 41
      vertex 85 0 45
      vertex 85 3 45
    endloop
  endfacet
  facet normal 0.923744 0.38301 0
    outer loop
      vertex 115.415 2.14705 14.5
      vertex 115.165 2.75 8.5
      vertex 115.165 2.75 14.5
    endloop
  endfacet
  facet normal 0.923744 0.38301 0
    outer loop
      vertex 115.165 2.75 8.5
      vertex 115.415 2.14705 14.5
      vertex 115.415 2.14705 8.5
    endloop
  endfacet
  facet normal 0.991482 0.130246 0
    outer loop
      vertex 115.5 1.5 14.5
      vertex 115.415 2.14705 8.5
      vertex 115.415 2.14705 14.5
    endloop
  endfacet
  facet normal 0.991482 0.130246 0
    outer loop
      vertex 115.415 2.14705 8.5
      vertex 115.5 1.5 14.5
      vertex 115.5 1.5 8.5
    endloop
  endfacet
  facet normal 0.793575 0.608473 0
    outer loop
      vertex 115.165 2.75 14.5
      vertex 114.768 3.26777 8.5
      vertex 114.768 3.26777 14.5
    endloop
  endfacet
  facet normal 0.793575 0.608473 0
    outer loop
      vertex 114.768 3.26777 8.5
      vertex 115.165 2.75 14.5
      vertex 115.165 2.75 8.5
    endloop
  endfacet
  facet normal -0.794022 0.607889 0
    outer loop
      vertex 111.027 3 8.5
      vertex 111.232 3.26777 14.5
      vertex 111.232 3.26777 8.5
    endloop
  endfacet
  facet normal -0.794022 0.607889 0
    outer loop
      vertex 111.232 3.26777 14.5
      vertex 111.027 3 8.5
      vertex 111.027 3 14.5
    endloop
  endfacet
  facet normal -0.608583 0.79349 0
    outer loop
      vertex 111.75 3.66506 8.5
      vertex 111.232 3.26777 14.5
      vertex 111.75 3.66506 14.5
    endloop
  endfacet
  facet normal -0.608583 0.79349 0
    outer loop
      vertex 111.232 3.26777 14.5
      vertex 111.75 3.66506 8.5
      vertex 111.232 3.26777 8.5
    endloop
  endfacet
  facet normal 0.382658 -0.92389 0
    outer loop
      vertex 113.647 -0.914814 8.5
      vertex 114.25 -0.665063 14.5
      vertex 113.647 -0.914814 14.5
    endloop
  endfacet
  facet normal 0.382658 -0.92389 0
    outer loop
      vertex 114.25 -0.665063 14.5
      vertex 113.647 -0.914814 8.5
      vertex 114.25 -0.665063 8.5
    endloop
  endfacet
  facet normal 0.608583 0.79349 -0
    outer loop
      vertex 114.768 3.26777 8.5
      vertex 114.25 3.66506 14.5
      vertex 114.768 3.26777 14.5
    endloop
  endfacet
  facet normal 0.608583 0.79349 0
    outer loop
      vertex 114.25 3.66506 14.5
      vertex 114.768 3.26777 8.5
      vertex 114.25 3.66506 8.5
    endloop
  endfacet
  facet normal 0.130543 0.991443 -0
    outer loop
      vertex 113.647 3.91481 8.5
      vertex 113 4 14.5
      vertex 113.647 3.91481 14.5
    endloop
  endfacet
  facet normal 0.130543 0.991443 0
    outer loop
      vertex 113 4 14.5
      vertex 113.647 3.91481 8.5
      vertex 113 4 8.5
    endloop
  endfacet
  facet normal 0.130536 -0.991444 0
    outer loop
      vertex 113 -1 8.5
      vertex 113.647 -0.914814 14.5
      vertex 113 -1 14.5
    endloop
  endfacet
  facet normal 0.130536 -0.991444 0
    outer loop
      vertex 113.647 -0.914814 14.5
      vertex 113 -1 8.5
      vertex 113.647 -0.914814 8.5
    endloop
  endfacet
  facet normal 0 0 1
    outer loop
      vertex 113.7 1.5 14.5
      vertex 115.5 1.5 14.5
      vertex 115.415 2.14705 14.5
    endloop
  endfacet
  facet normal 0 0 1
    outer loop
      vertex 113.676 1.68117 14.5
      vertex 115.415 2.14705 14.5
      vertex 115.165 2.75 14.5
    endloop
  endfacet
  facet normal 0 0 1
    outer loop
      vertex 115.5 1.5 14.5
      vertex 113.7 1.5 14.5
      vertex 115.415 0.852953 14.5
    endloop
  endfacet
  facet normal 0 0 1
    outer loop
      vertex 113.606 1.85 14.5
      vertex 115.165 2.75 14.5
      vertex 114.768 3.26777 14.5
    endloop
  endfacet
  facet normal -0 0 1
    outer loop
      vertex 113.676 1.31883 14.5
      vertex 115.415 0.852953 14.5
      vertex 113.7 1.5 14.5
    endloop
  endfacet
  facet normal 0 0 1
    outer loop
      vertex 113.495 1.99497 14.5
      vertex 114.768 3.26777 14.5
      vertex 114.25 3.66506 14.5
    endloop
  endfacet
  facet normal 0 0 1
    outer loop
      vertex 115.415 0.852953 14.5
      vertex 113.676 1.31883 14.5
      vertex 115.165 0.25 14.5
    endloop
  endfacet
  facet normal -0 0 1
    outer loop
      vertex 113.606 1.15 14.5
      vertex 115.165 0.25 14.5
      vertex 113.676 1.31883 14.5
    endloop
  endfacet
  facet normal 0 0 1
    outer loop
      vertex 115.415 2.14705 14.5
      vertex 113.676 1.68117 14.5
      vertex 113.7 1.5 14.5
    endloop
  endfacet
  facet normal 0 0 1
    outer loop
      vertex 113.35 2.10622 14.5
      vertex 114.25 3.66506 14.5
      vertex 113.647 3.91481 14.5
    endloop
  endfacet
  facet normal 0 0 1
    outer loop
      vertex 115.165 2.75 14.5
      vertex 113.606 1.85 14.5
      vertex 113.676 1.68117 14.5
    endloop
  endfacet
  facet normal 0 0 1
    outer loop
      vertex 114.768 3.26777 14.5
      vertex 113.495 1.99497 14.5
      vertex 113.606 1.85 14.5
    endloop
  endfacet
  facet normal 0 0 1
    outer loop
      vertex 114.25 3.66506 14.5
      vertex 113.35 2.10622 14.5
      vertex 113.495 1.99497 14.5
    endloop
  endfacet
  facet normal 0 0 1
    outer loop
      vertex 113.647 3.91481 14.5
      vertex 113.181 2.17615 14.5
      vertex 113.35 2.10622 14.5
    endloop
  endfacet
  facet normal 0 0 1
    outer loop
      vertex 113 4 14.5
      vertex 113.181 2.17615 14.5
      vertex 113.647 3.91481 14.5
    endloop
  endfacet
  facet normal 0 0 1
    outer loop
      vertex 113 4 14.5
      vertex 113 2.2 14.5
      vertex 113.181 2.17615 14.5
    endloop
  endfacet
  facet normal -0 0 1
    outer loop
      vertex 112.353 3.91481 14.5
      vertex 113 2.2 14.5
      vertex 113 4 14.5
    endloop
  endfacet
  facet normal -0 0 1
    outer loop
      vertex 111.75 3.66506 14.5
      vertex 113 2.2 14.5
      vertex 112.353 3.91481 14.5
    endloop
  endfacet
  facet normal -0 0 1
    outer loop
      vertex 111.232 3.26777 14.5
      vertex 113 2.2 14.5
      vertex 111.75 3.66506 14.5
    endloop
  endfacet
  facet normal 0 0 1
    outer loop
      vertex 111.027 0 14.5
      vertex 113 0.8 14.5
      vertex 111.027 3 14.5
    endloop
  endfacet
  facet normal -0 0 1
    outer loop
      vertex 111.027 3 14.5
      vertex 113 2.2 14.5
      vertex 111.232 3.26777 14.5
    endloop
  endfacet
  facet normal 0 -0 1
    outer loop
      vertex 111.232 -0.267767 14.5
      vertex 113 0.8 14.5
      vertex 111.027 0 14.5
    endloop
  endfacet
  facet normal 0 0 1
    outer loop
      vertex 113 2.2 14.5
      vertex 111.027 3 14.5
      vertex 113 0.8 14.5
    endloop
  endfacet
  facet normal 0 0 1
    outer loop
      vertex 113 0.8 14.5
      vertex 112.353 -0.914814 14.5
      vertex 113 -1 14.5
    endloop
  endfacet
  facet normal 0 0 1
    outer loop
      vertex 113 0.8 14.5
      vertex 111.75 -0.665063 14.5
      vertex 112.353 -0.914814 14.5
    endloop
  endfacet
  facet normal 0 0 1
    outer loop
      vertex 113 0.8 14.5
      vertex 111.232 -0.267767 14.5
      vertex 111.75 -0.665063 14.5
    endloop
  endfacet
  facet normal -0 0 1
    outer loop
      vertex 111 3 14.5
      vertex 111.027 0 14.5
      vertex 111.027 3 14.5
    endloop
  endfacet
  facet normal 0 0 1
    outer loop
      vertex 111.027 0 14.5
      vertex 111 3 14.5
      vertex 111 0 14.5
    endloop
  endfacet
  facet normal 0 0 1
    outer loop
      vertex 115.165 0.25 14.5
      vertex 113.606 1.15 14.5
      vertex 114.768 -0.267767 14.5
    endloop
  endfacet
  facet normal -0 0 1
    outer loop
      vertex 113.495 1.00503 14.5
      vertex 114.768 -0.267767 14.5
      vertex 113.606 1.15 14.5
    endloop
  endfacet
  facet normal 0 0 1
    outer loop
      vertex 114.768 -0.267767 14.5
      vertex 113.495 1.00503 14.5
      vertex 114.25 -0.665063 14.5
    endloop
  endfacet
  facet normal -0 0 1
    outer loop
      vertex 113.35 0.893783 14.5
      vertex 114.25 -0.665063 14.5
      vertex 113.495 1.00503 14.5
    endloop
  endfacet
  facet normal 0 0 1
    outer loop
      vertex 114.25 -0.665063 14.5
      vertex 113.35 0.893783 14.5
      vertex 113.647 -0.914814 14.5
    endloop
  endfacet
  facet normal -0 0 1
    outer loop
      vertex 113.181 0.823853 14.5
      vertex 113.647 -0.914814 14.5
      vertex 113.35 0.893783 14.5
    endloop
  endfacet
  facet normal -0 0 1
    outer loop
      vertex 113 0.8 14.5
      vertex 113.647 -0.914814 14.5
      vertex 113.181 0.823853 14.5
    endloop
  endfacet
  facet normal 0 0 1
    outer loop
      vertex 113.647 -0.914814 14.5
      vertex 113 0.8 14.5
      vertex 113 -1 14.5
    endloop
  endfacet
  facet normal 0.793573 -0.608475 0
    outer loop
      vertex 114.768 -0.267767 14.5
      vertex 115.165 0.25 8.5
      vertex 115.165 0.25 14.5
    endloop
  endfacet
  facet normal 0.793573 -0.608475 0
    outer loop
      vertex 115.165 0.25 8.5
      vertex 114.768 -0.267767 14.5
      vertex 114.768 -0.267767 8.5
    endloop
  endfacet
  facet normal 0.608588 -0.793486 0
    outer loop
      vertex 114.25 -0.665063 8.5
      vertex 114.768 -0.267767 14.5
      vertex 114.25 -0.665063 14.5
    endloop
  endfacet
  facet normal 0.608588 -0.793486 0
    outer loop
      vertex 114.768 -0.267767 14.5
      vertex 114.25 -0.665063 8.5
      vertex 114.768 -0.267767 8.5
    endloop
  endfacet
  facet normal -0.794019 -0.607893 0
    outer loop
      vertex 111.232 -0.267767 8.5
      vertex 111.027 0 14.5
      vertex 111.027 0 8.5
    endloop
  endfacet
  facet normal -0.794019 -0.607893 0
    outer loop
      vertex 111.027 0 14.5
      vertex 111.232 -0.267767 8.5
      vertex 111.232 -0.267767 14.5
    endloop
  endfacet
  facet normal 0.991482 -0.130247 0
    outer loop
      vertex 115.415 0.852953 14.5
      vertex 115.5 1.5 8.5
      vertex 115.5 1.5 14.5
    endloop
  endfacet
  facet normal 0.991482 -0.130247 0
    outer loop
      vertex 115.5 1.5 8.5
      vertex 115.415 0.852953 14.5
      vertex 115.415 0.852953 8.5
    endloop
  endfacet
  facet normal -0.130543 0.991443 0
    outer loop
      vertex 113 4 8.5
      vertex 112.353 3.91481 14.5
      vertex 113 4 14.5
    endloop
  endfacet
  facet normal -0.130543 0.991443 0
    outer loop
      vertex 112.353 3.91481 14.5
      vertex 113 4 8.5
      vertex 112.353 3.91481 8.5
    endloop
  endfacet
  facet normal 0.923745 -0.383009 0
    outer loop
      vertex 115.165 0.25 14.5
      vertex 115.415 0.852953 8.5
      vertex 115.415 0.852953 14.5
    endloop
  endfacet
  facet normal 0.923745 -0.383009 0
    outer loop
      vertex 115.415 0.852953 8.5
      vertex 115.165 0.25 14.5
      vertex 115.165 0.25 8.5
    endloop
  endfacet
  facet normal -0.382656 0.923891 0
    outer loop
      vertex 112.353 3.91481 8.5
      vertex 111.75 3.66506 14.5
      vertex 112.353 3.91481 14.5
    endloop
  endfacet
  facet normal -0.382656 0.923891 0
    outer loop
      vertex 111.75 3.66506 14.5
      vertex 112.353 3.91481 8.5
      vertex 111.75 3.66506 8.5
    endloop
  endfacet
  facet normal 0.382656 0.923891 -0
    outer loop
      vertex 114.25 3.66506 8.5
      vertex 113.647 3.91481 14.5
      vertex 114.25 3.66506 14.5
    endloop
  endfacet
  facet normal 0.382656 0.923891 0
    outer loop
      vertex 113.647 3.91481 14.5
      vertex 114.25 3.66506 8.5
      vertex 113.647 3.91481 8.5
    endloop
  endfacet
  facet normal -0.130536 -0.991444 0
    outer loop
      vertex 112.353 -0.914814 8.5
      vertex 113 -1 14.5
      vertex 112.353 -0.914814 14.5
    endloop
  endfacet
  facet normal -0.130536 -0.991444 -0
    outer loop
      vertex 113 -1 14.5
      vertex 112.353 -0.914814 8.5
      vertex 113 -1 8.5
    endloop
  endfacet
  facet normal -0.608588 -0.793486 0
    outer loop
      vertex 111.232 -0.267767 8.5
      vertex 111.75 -0.665063 14.5
      vertex 111.232 -0.267767 14.5
    endloop
  endfacet
  facet normal -0.608588 -0.793486 -0
    outer loop
      vertex 111.75 -0.665063 14.5
      vertex 111.232 -0.267767 8.5
      vertex 111.75 -0.665063 8.5
    endloop
  endfacet
  facet normal 0 0 -1
    outer loop
      vertex 113.7 1.5 8.5
      vertex 115.5 1.5 8.5
      vertex 115.415 0.852953 8.5
    endloop
  endfacet
  facet normal 0 0 -1
    outer loop
      vertex 113.676 1.31883 8.5
      vertex 115.415 0.852953 8.5
      vertex 115.165 0.25 8.5
    endloop
  endfacet
  facet normal 0 0 -1
    outer loop
      vertex 115.5 1.5 8.5
      vertex 113.7 1.5 8.5
      vertex 115.415 2.14705 8.5
    endloop
  endfacet
  facet normal 0 0 -1
    outer loop
      vertex 113.606 1.15 8.5
      vertex 115.165 0.25 8.5
      vertex 114.768 -0.267767 8.5
    endloop
  endfacet
  facet normal 0 0 -1
    outer loop
      vertex 113.676 1.68117 8.5
      vertex 115.415 2.14705 8.5
      vertex 113.7 1.5 8.5
    endloop
  endfacet
  facet normal 0 0 -1
    outer loop
      vertex 113.495 1.00503 8.5
      vertex 114.768 -0.267767 8.5
      vertex 114.25 -0.665063 8.5
    endloop
  endfacet
  facet normal -0 0 -1
    outer loop
      vertex 115.415 2.14705 8.5
      vertex 113.676 1.68117 8.5
      vertex 115.165 2.75 8.5
    endloop
  endfacet
  facet normal 0 0 -1
    outer loop
      vertex 113.606 1.85 8.5
      vertex 115.165 2.75 8.5
      vertex 113.676 1.68117 8.5
    endloop
  endfacet
  facet normal 0 0 -1
    outer loop
      vertex 115.415 0.852953 8.5
      vertex 113.676 1.31883 8.5
      vertex 113.7 1.5 8.5
    endloop
  endfacet
  facet normal 0 0 -1
    outer loop
      vertex 113.35 0.893783 8.5
      vertex 114.25 -0.665063 8.5
      vertex 113.647 -0.914814 8.5
    endloop
  endfacet
  facet normal 0 0 -1
    outer loop
      vertex 115.165 0.25 8.5
      vertex 113.606 1.15 8.5
      vertex 113.676 1.31883 8.5
    endloop
  endfacet
  facet normal 0 0 -1
    outer loop
      vertex 114.768 -0.267767 8.5
      vertex 113.495 1.00503 8.5
      vertex 113.606 1.15 8.5
    endloop
  endfacet
  facet normal 0 0 -1
    outer loop
      vertex 114.25 -0.665063 8.5
      vertex 113.35 0.893783 8.5
      vertex 113.495 1.00503 8.5
    endloop
  endfacet
  facet normal 0 0 -1
    outer loop
      vertex 113.647 -0.914814 8.5
      vertex 113.181 0.823853 8.5
      vertex 113.35 0.893783 8.5
    endloop
  endfacet
  facet normal 0 0 -1
    outer loop
      vertex 113 -1 8.5
      vertex 113.181 0.823853 8.5
      vertex 113.647 -0.914814 8.5
    endloop
  endfacet
  facet normal 0 0 -1
    outer loop
      vertex 113 -1 8.5
      vertex 113 0.8 8.5
      vertex 113.181 0.823853 8.5
    endloop
  endfacet
  facet normal 0 0 -1
    outer loop
      vertex 112.353 -0.914814 8.5
      vertex 113 0.8 8.5
      vertex 113 -1 8.5
    endloop
  endfacet
  facet normal 0 0 -1
    outer loop
      vertex 111.75 -0.665063 8.5
      vertex 113 0.8 8.5
      vertex 112.353 -0.914814 8.5
    endloop
  endfacet
  facet normal 0 0 -1
    outer loop
      vertex 111.232 -0.267767 8.5
      vertex 113 0.8 8.5
      vertex 111.75 -0.665063 8.5
    endloop
  endfacet
  facet normal 0 0 -1
    outer loop
      vertex 111.027 3 8.5
      vertex 113 2.2 8.5
      vertex 111.027 0 8.5
    endloop
  endfacet
  facet normal 0 0 -1
    outer loop
      vertex 111.027 0 8.5
      vertex 113 0.8 8.5
      vertex 111.232 -0.267767 8.5
    endloop
  endfacet
  facet normal 0 -0 -1
    outer loop
      vertex 111.232 3.26777 8.5
      vertex 113 2.2 8.5
      vertex 111.027 3 8.5
    endloop
  endfacet
  facet normal -0 0 -1
    outer loop
      vertex 113 0.8 8.5
      vertex 111.027 0 8.5
      vertex 113 2.2 8.5
    endloop
  endfacet
  facet normal 0 0 -1
    outer loop
      vertex 113 2.2 8.5
      vertex 112.353 3.91481 8.5
      vertex 113 4 8.5
    endloop
  endfacet
  facet normal 0 0 -1
    outer loop
      vertex 113 2.2 8.5
      vertex 111.75 3.66506 8.5
      vertex 112.353 3.91481 8.5
    endloop
  endfacet
  facet normal 0 0 -1
    outer loop
      vertex 113 2.2 8.5
      vertex 111.232 3.26777 8.5
      vertex 111.75 3.66506 8.5
    endloop
  endfacet
  facet normal 0 0 -1
    outer loop
      vertex 111 0 8.5
      vertex 111.027 3 8.5
      vertex 111.027 0 8.5
    endloop
  endfacet
  facet normal -0 0 -1
    outer loop
      vertex 111.027 3 8.5
      vertex 111 0 8.5
      vertex 111 3 8.5
    endloop
  endfacet
  facet normal -0 0 -1
    outer loop
      vertex 115.165 2.75 8.5
      vertex 113.606 1.85 8.5
      vertex 114.768 3.26777 8.5
    endloop
  endfacet
  facet normal 0 0 -1
    outer loop
      vertex 113.495 1.99497 8.5
      vertex 114.768 3.26777 8.5
      vertex 113.606 1.85 8.5
    endloop
  endfacet
  facet normal -0 0 -1
    outer loop
      vertex 114.768 3.26777 8.5
      vertex 113.495 1.99497 8.5
      vertex 114.25 3.66506 8.5
    endloop
  endfacet
  facet normal 0 0 -1
    outer loop
      vertex 113.35 2.10622 8.5
      vertex 114.25 3.66506 8.5
      vertex 113.495 1.99497 8.5
    endloop
  endfacet
  facet normal -0 0 -1
    outer loop
      vertex 114.25 3.66506 8.5
      vertex 113.35 2.10622 8.5
      vertex 113.647 3.91481 8.5
    endloop
  endfacet
  facet normal 0 0 -1
    outer loop
      vertex 113.181 2.17615 8.5
      vertex 113.647 3.91481 8.5
      vertex 113.35 2.10622 8.5
    endloop
  endfacet
  facet normal 0 0 -1
    outer loop
      vertex 113 2.2 8.5
      vertex 113.647 3.91481 8.5
      vertex 113.181 2.17615 8.5
    endloop
  endfacet
  facet normal -0 0 -1
    outer loop
      vertex 113.647 3.91481 8.5
      vertex 113 2.2 8.5
      vertex 113 4 8.5
    endloop
  endfacet
  facet normal -0.382658 -0.92389 0
    outer loop
      vertex 111.75 -0.665063 8.5
      vertex 112.353 -0.914814 14.5
      vertex 111.75 -0.665063 14.5
    endloop
  endfacet
  facet normal -0.382658 -0.92389 -0
    outer loop
      vertex 112.353 -0.914814 14.5
      vertex 111.75 -0.665063 8.5
      vertex 112.353 -0.914814 8.5
    endloop
  endfacet
  facet normal -0.923747 -0.383002 0
    outer loop
      vertex 113.676 1.68117 8.5
      vertex 113.606 1.85 14.5
      vertex 113.606 1.85 8.5
    endloop
  endfacet
  facet normal -0.923747 -0.383002 0
    outer loop
      vertex 113.606 1.85 14.5
      vertex 113.676 1.68117 8.5
      vertex 113.676 1.68117 14.5
    endloop
  endfacet
  facet normal -0.991339 -0.131325 0
    outer loop
      vertex 113.7 1.5 8.5
      vertex 113.676 1.68117 14.5
      vertex 113.676 1.68117 8.5
    endloop
  endfacet
  facet normal -0.991339 -0.131325 0
    outer loop
      vertex 113.676 1.68117 14.5
      vertex 113.7 1.5 8.5
      vertex 113.7 1.5 14.5
    endloop
  endfacet
  facet normal -0.608708 0.793394 0
    outer loop
      vertex 113.495 1.00503 8.5
      vertex 113.35 0.893783 14.5
      vertex 113.495 1.00503 14.5
    endloop
  endfacet
  facet normal -0.608708 0.793394 0
    outer loop
      vertex 113.35 0.893783 14.5
      vertex 113.495 1.00503 8.5
      vertex 113.35 0.893783 8.5
    endloop
  endfacet
  facet normal -0.608719 -0.793386 0
    outer loop
      vertex 113.35 2.10622 8.5
      vertex 113.495 1.99497 14.5
      vertex 113.35 2.10622 14.5
    endloop
  endfacet
  facet normal -0.608719 -0.793386 -0
    outer loop
      vertex 113.495 1.99497 14.5
      vertex 113.35 2.10622 8.5
      vertex 113.495 1.99497 8.5
    endloop
  endfacet
  facet normal -0.130639 -0.99143 0
    outer loop
      vertex 113 2.2 8.5
      vertex 113.181 2.17615 14.5
      vertex 113 2.2 14.5
    endloop
  endfacet
  facet normal -0.130639 -0.99143 -0
    outer loop
      vertex 113.181 2.17615 14.5
      vertex 113 2.2 8.5
      vertex 113.181 2.17615 8.5
    endloop
  endfacet
  facet normal -0.382347 -0.924019 0
    outer loop
      vertex 113.181 2.17615 8.5
      vertex 113.35 2.10622 14.5
      vertex 113.181 2.17615 14.5
    endloop
  endfacet
  facet normal -0.382347 -0.924019 -0
    outer loop
      vertex 113.35 2.10622 14.5
      vertex 113.181 2.17615 8.5
      vertex 113.35 2.10622 8.5
    endloop
  endfacet
  facet normal -0.793986 -0.607936 0
    outer loop
      vertex 113.606 1.85 8.5
      vertex 113.495 1.99497 14.5
      vertex 113.495 1.99497 8.5
    endloop
  endfacet
  facet normal -0.793986 -0.607936 0
    outer loop
      vertex 113.495 1.99497 14.5
      vertex 113.606 1.85 8.5
      vertex 113.606 1.85 14.5
    endloop
  endfacet
  facet normal -0.793986 0.607936 0
    outer loop
      vertex 113.495 1.00503 8.5
      vertex 113.606 1.15 14.5
      vertex 113.606 1.15 8.5
    endloop
  endfacet
  facet normal -0.793986 0.607936 0
    outer loop
      vertex 113.606 1.15 14.5
      vertex 113.495 1.00503 8.5
      vertex 113.495 1.00503 14.5
    endloop
  endfacet
  facet normal -0.382347 0.924019 0
    outer loop
      vertex 113.35 0.893783 8.5
      vertex 113.181 0.823853 14.5
      vertex 113.35 0.893783 14.5
    endloop
  endfacet
  facet normal -0.382347 0.924019 0
    outer loop
      vertex 113.181 0.823853 14.5
      vertex 113.35 0.893783 8.5
      vertex 113.181 0.823853 8.5
    endloop
  endfacet
  facet normal -0.991339 0.131325 0
    outer loop
      vertex 113.676 1.31883 8.5
      vertex 113.7 1.5 14.5
      vertex 113.7 1.5 8.5
    endloop
  endfacet
  facet normal -0.991339 0.131325 0
    outer loop
      vertex 113.7 1.5 14.5
      vertex 113.676 1.31883 8.5
      vertex 113.676 1.31883 14.5
    endloop
  endfacet
  facet normal -0.923747 0.383002 0
    outer loop
      vertex 113.606 1.15 8.5
      vertex 113.676 1.31883 14.5
      vertex 113.676 1.31883 8.5
    endloop
  endfacet
  facet normal -0.923747 0.383002 0
    outer loop
      vertex 113.676 1.31883 14.5
      vertex 113.606 1.15 8.5
      vertex 113.606 1.15 14.5
    endloop
  endfacet
  facet normal -0.130655 0.991428 0
    outer loop
      vertex 113.181 0.823853 8.5
      vertex 113 0.8 14.5
      vertex 113.181 0.823853 14.5
    endloop
  endfacet
  facet normal -0.130655 0.991428 0
    outer loop
      vertex 113 0.8 14.5
      vertex 113.181 0.823853 8.5
      vertex 113 0.8 8.5
    endloop
  endfacet
  facet normal 1 -0 0
    outer loop
      vertex 113 0.8 14.5
      vertex 113 2.2 8.5
      vertex 113 2.2 14.5
    endloop
  endfacet
  facet normal 1 0 0
    outer loop
      vertex 113 2.2 8.5
      vertex 113 0.8 14.5
      vertex 113 0.8 8.5
    endloop
  endfacet
  facet normal -1 0 0
    outer loop
      vertex 108 0 4
      vertex 108 3 41
      vertex 108 3 4
    endloop
  endfacet
  facet normal -1 -0 0
    outer loop
      vertex 108 3 41
      vertex 108 0 4
      vertex 108 0 41
    endloop
  endfacet
endsolid OpenSCAD_Model
