solid OpenSCAD_Model
  facet normal -1 0 0
    outer loop
      vertex 0 126.75 2.02805
      vertex 0 130 4
      vertex 0 130 0.453053
    endloop
  endfacet
  facet normal -1 0 0
    outer loop
      vertex 0 126.75 2.52805
      vertex 0 130 4
      vertex 0 126.75 2.02805
    endloop
  endfacet
  facet normal -1 0 0
    outer loop
      vertex 0 126.75 2.52805
      vertex 0 126.75 5.575
      vertex 0 130 4
    endloop
  endfacet
  facet normal -1 0 0
    outer loop
      vertex 0 123.5 4.10305
      vertex 0 126.75 5.575
      vertex 0 126.75 2.52805
    endloop
  endfacet
  facet normal -1 0 0
    outer loop
      vertex 0 123.5 4.60305
      vertex 0 126.75 5.575
      vertex 0 123.5 4.10305
    endloop
  endfacet
  facet normal -1 -0 0
    outer loop
      vertex 0 126.75 5.575
      vertex 0 123.5 4.60305
      vertex 0 126.75 6.075
    endloop
  endfacet
  facet normal -1 0 0
    outer loop
      vertex 0 123.5 4.60305
      vertex 0 123.5 7.64999
      vertex 0 126.75 6.075
    endloop
  endfacet
  facet normal -1 0 0
    outer loop
      vertex 0 120.25 6.17804
      vertex 0 123.5 7.64999
      vertex 0 123.5 4.60305
    endloop
  endfacet
  facet normal -1 0 0
    outer loop
      vertex 0 120.25 6.67804
      vertex 0 123.5 7.64999
      vertex 0 120.25 6.17804
    endloop
  endfacet
  facet normal -1 -0 0
    outer loop
      vertex 0 123.5 7.64999
      vertex 0 120.25 6.67804
      vertex 0 123.5 8.14999
    endloop
  endfacet
  facet normal -1 0 0
    outer loop
      vertex 0 120.25 6.67804
      vertex 0 120.25 9.72499
      vertex 0 123.5 8.14999
    endloop
  endfacet
  facet normal -1 0 0
    outer loop
      vertex 0 117 8.25304
      vertex 0 120.25 9.72499
      vertex 0 120.25 6.67804
    endloop
  endfacet
  facet normal -1 0 0
    outer loop
      vertex 0 117 8.75304
      vertex 0 120.25 9.72499
      vertex 0 117 8.25304
    endloop
  endfacet
  facet normal -1 -0 0
    outer loop
      vertex 0 120.25 9.72499
      vertex 0 117 8.75304
      vertex 0 120.25 10.225
    endloop
  endfacet
  facet normal -1 0 0
    outer loop
      vertex 0 117 8.75304
      vertex 0 117 11.8
      vertex 0 120.25 10.225
    endloop
  endfacet
  facet normal -1 0 0
    outer loop
      vertex 0 113.75 10.3281
      vertex 0 117 11.8
      vertex 0 117 8.75304
    endloop
  endfacet
  facet normal -1 0 0
    outer loop
      vertex 0 113.75 10.8281
      vertex 0 117 11.8
      vertex 0 113.75 10.3281
    endloop
  endfacet
  facet normal -1 -0 0
    outer loop
      vertex 0 117 11.8
      vertex 0 113.75 10.8281
      vertex 0 117 12.3
    endloop
  endfacet
  facet normal -1 0 0
    outer loop
      vertex 0 113.75 10.8281
      vertex 0 113.75 13.875
      vertex 0 117 12.3
    endloop
  endfacet
  facet normal -1 0 0
    outer loop
      vertex 0 110.5 12.4031
      vertex 0 113.75 13.875
      vertex 0 113.75 10.8281
    endloop
  endfacet
  facet normal -1 0 0
    outer loop
      vertex 0 110.5 12.9031
      vertex 0 113.75 13.875
      vertex 0 110.5 12.4031
    endloop
  endfacet
  facet normal -1 -0 0
    outer loop
      vertex 0 113.75 13.875
      vertex 0 110.5 12.9031
      vertex 0 113.75 14.375
    endloop
  endfacet
  facet normal -1 0 0
    outer loop
      vertex 0 110.5 12.9031
      vertex 0 110.5 15.95
      vertex 0 113.75 14.375
    endloop
  endfacet
  facet normal -1 0 0
    outer loop
      vertex 0 107.25 14.478
      vertex 0 110.5 15.95
      vertex 0 110.5 12.9031
    endloop
  endfacet
  facet normal -1 0 0
    outer loop
      vertex 0 107.25 14.978
      vertex 0 110.5 15.95
      vertex 0 107.25 14.478
    endloop
  endfacet
  facet normal -1 -0 0
    outer loop
      vertex 0 110.5 15.95
      vertex 0 107.25 14.978
      vertex 0 110.5 16.45
    endloop
  endfacet
  facet normal -1 0 0
    outer loop
      vertex 0 107.25 14.978
      vertex 0 107.25 18.025
      vertex 0 110.5 16.45
    endloop
  endfacet
  facet normal -1 0 0
    outer loop
      vertex 0 104 16.553
      vertex 0 107.25 18.025
      vertex 0 107.25 14.978
    endloop
  endfacet
  facet normal -1 0 0
    outer loop
      vertex 0 104 17.053
      vertex 0 107.25 18.025
      vertex 0 104 16.553
    endloop
  endfacet
  facet normal -1 -0 0
    outer loop
      vertex 0 107.25 18.025
      vertex 0 104 17.053
      vertex 0 107.25 18.525
    endloop
  endfacet
  facet normal -1 0 0
    outer loop
      vertex 0 104 17.053
      vertex 0 104 20.1
      vertex 0 107.25 18.525
    endloop
  endfacet
  facet normal -1 0 0
    outer loop
      vertex 0 100.75 18.628
      vertex 0 104 20.1
      vertex 0 104 17.053
    endloop
  endfacet
  facet normal -1 0 0
    outer loop
      vertex 0 100.75 19.128
      vertex 0 104 20.1
      vertex 0 100.75 18.628
    endloop
  endfacet
  facet normal -1 -0 0
    outer loop
      vertex 0 104 20.1
      vertex 0 100.75 19.128
      vertex 0 104 20.6
    endloop
  endfacet
  facet normal -1 0 0
    outer loop
      vertex 0 100.75 19.128
      vertex 0 100.75 22.175
      vertex 0 104 20.6
    endloop
  endfacet
  facet normal -1 0 0
    outer loop
      vertex 0 97.5 20.7031
      vertex 0 100.75 22.175
      vertex 0 100.75 19.128
    endloop
  endfacet
  facet normal -1 0 0
    outer loop
      vertex 0 97.5 21.2031
      vertex 0 100.75 22.175
      vertex 0 97.5 20.7031
    endloop
  endfacet
  facet normal -1 -0 0
    outer loop
      vertex 0 100.75 22.175
      vertex 0 97.5 21.2031
      vertex 0 100.75 22.675
    endloop
  endfacet
  facet normal -1 0 0
    outer loop
      vertex 0 97.5 21.2031
      vertex 0 97.5 24.25
      vertex 0 100.75 22.675
    endloop
  endfacet
  facet normal -1 0 0
    outer loop
      vertex 0 94.25 22.778
      vertex 0 97.5 24.25
      vertex 0 97.5 21.2031
    endloop
  endfacet
  facet normal -1 0 0
    outer loop
      vertex 0 94.25 23.278
      vertex 0 97.5 24.25
      vertex 0 94.25 22.778
    endloop
  endfacet
  facet normal -1 -0 0
    outer loop
      vertex 0 97.5 24.25
      vertex 0 94.25 23.278
      vertex 0 97.5 24.75
    endloop
  endfacet
  facet normal -1 0 0
    outer loop
      vertex 0 94.25 23.278
      vertex 0 94.25 26.325
      vertex 0 97.5 24.75
    endloop
  endfacet
  facet normal -1 0 0
    outer loop
      vertex 0 91 24.853
      vertex 0 94.25 26.325
      vertex 0 94.25 23.278
    endloop
  endfacet
  facet normal -1 0 0
    outer loop
      vertex 0 91 25.353
      vertex 0 94.25 26.325
      vertex 0 91 24.853
    endloop
  endfacet
  facet normal -1 -0 0
    outer loop
      vertex 0 94.25 26.325
      vertex 0 91 25.353
      vertex 0 94.25 26.825
    endloop
  endfacet
  facet normal -1 0 0
    outer loop
      vertex 0 91 25.353
      vertex 0 91 28.4
      vertex 0 94.25 26.825
    endloop
  endfacet
  facet normal -1 0 0
    outer loop
      vertex 0 87.75 26.928
      vertex 0 91 28.4
      vertex 0 91 25.353
    endloop
  endfacet
  facet normal -1 0 0
    outer loop
      vertex 0 87.75 27.428
      vertex 0 91 28.4
      vertex 0 87.75 26.928
    endloop
  endfacet
  facet normal -1 -0 0
    outer loop
      vertex 0 91 28.4
      vertex 0 87.75 27.428
      vertex 0 91 28.9
    endloop
  endfacet
  facet normal -1 0 0
    outer loop
      vertex 0 87.75 27.428
      vertex 0 87.75 30.475
      vertex 0 91 28.9
    endloop
  endfacet
  facet normal -1 0 0
    outer loop
      vertex 0 84.5 29.003
      vertex 0 87.75 30.475
      vertex 0 87.75 27.428
    endloop
  endfacet
  facet normal -1 0 0
    outer loop
      vertex 0 84.5 29.503
      vertex 0 87.75 30.475
      vertex 0 84.5 29.003
    endloop
  endfacet
  facet normal -1 -0 0
    outer loop
      vertex 0 87.75 30.475
      vertex 0 84.5 29.503
      vertex 0 87.75 30.975
    endloop
  endfacet
  facet normal -1 0 0
    outer loop
      vertex 0 84.5 29.503
      vertex 0 84.5 32.55
      vertex 0 87.75 30.975
    endloop
  endfacet
  facet normal -1 0 0
    outer loop
      vertex 0 81.25 31.0781
      vertex 0 84.5 32.55
      vertex 0 84.5 29.503
    endloop
  endfacet
  facet normal -1 0 0
    outer loop
      vertex 0 81.25 31.5781
      vertex 0 84.5 32.55
      vertex 0 81.25 31.0781
    endloop
  endfacet
  facet normal -1 -0 0
    outer loop
      vertex 0 84.5 32.55
      vertex 0 81.25 31.5781
      vertex 0 84.5 33.05
    endloop
  endfacet
  facet normal -1 0 0
    outer loop
      vertex 0 81.25 31.5781
      vertex 0 81.25 34.625
      vertex 0 84.5 33.05
    endloop
  endfacet
  facet normal -1 0 0
    outer loop
      vertex 0 78 33.153
      vertex 0 81.25 34.625
      vertex 0 81.25 31.5781
    endloop
  endfacet
  facet normal -1 0 0
    outer loop
      vertex 0 78 33.653
      vertex 0 81.25 34.625
      vertex 0 78 33.153
    endloop
  endfacet
  facet normal -1 -0 0
    outer loop
      vertex 0 81.25 34.625
      vertex 0 78 33.653
      vertex 0 81.25 35.125
    endloop
  endfacet
  facet normal -1 0 0
    outer loop
      vertex 0 78 33.653
      vertex 0 78 36.7
      vertex 0 81.25 35.125
    endloop
  endfacet
  facet normal -1 0 0
    outer loop
      vertex 0 74.75 35.228
      vertex 0 78 36.7
      vertex 0 78 33.653
    endloop
  endfacet
  facet normal -1 0 0
    outer loop
      vertex 0 74.75 35.728
      vertex 0 78 36.7
      vertex 0 74.75 35.228
    endloop
  endfacet
  facet normal -1 -0 0
    outer loop
      vertex 0 78 36.7
      vertex 0 74.75 35.728
      vertex 0 78 37.2
    endloop
  endfacet
  facet normal -1 0 0
    outer loop
      vertex 0 74.75 35.728
      vertex 0 74.75 38.775
      vertex 0 78 37.2
    endloop
  endfacet
  facet normal -1 0 0
    outer loop
      vertex 0 71.5 37.303
      vertex 0 74.75 38.775
      vertex 0 74.75 35.728
    endloop
  endfacet
  facet normal -1 0 0
    outer loop
      vertex 0 71.5 37.803
      vertex 0 74.75 38.775
      vertex 0 71.5 37.303
    endloop
  endfacet
  facet normal -1 -0 0
    outer loop
      vertex 0 74.75 38.775
      vertex 0 71.5 37.803
      vertex 0 74.75 39.275
    endloop
  endfacet
  facet normal -1 0 0
    outer loop
      vertex 0 71.5 37.803
      vertex 0 71.5 40.85
      vertex 0 74.75 39.275
    endloop
  endfacet
  facet normal -1 0 0
    outer loop
      vertex 0 68.25 39.378
      vertex 0 71.5 40.85
      vertex 0 71.5 37.803
    endloop
  endfacet
  facet normal -1 0 0
    outer loop
      vertex 0 68.25 39.878
      vertex 0 71.5 40.85
      vertex 0 68.25 39.378
    endloop
  endfacet
  facet normal -1 -0 0
    outer loop
      vertex 0 71.5 40.85
      vertex 0 68.25 39.878
      vertex 0 71.5 41.35
    endloop
  endfacet
  facet normal -1 0 0
    outer loop
      vertex 0 68.25 39.878
      vertex 0 68.25 42.925
      vertex 0 71.5 41.35
    endloop
  endfacet
  facet normal -1 0 0
    outer loop
      vertex 0 65 41.4531
      vertex 0 68.25 42.925
      vertex 0 68.25 39.878
    endloop
  endfacet
  facet normal -1 -0 0
    outer loop
      vertex 0 68.25 42.925
      vertex 0 65 41.4531
      vertex 0 68.25 43.425
    endloop
  endfacet
  facet normal -1 0 0
    outer loop
      vertex 0 65 41.4531
      vertex 0 65 45
      vertex 0 68.25 43.425
    endloop
  endfacet
  facet normal -1 0 0
    outer loop
      vertex 0 61.75 42.925
      vertex 0 65 41.4531
      vertex 0 61.75 39.878
    endloop
  endfacet
  facet normal -1 0 0
    outer loop
      vertex 0 61.75 43.425
      vertex 0 65 41.4531
      vertex 0 61.75 42.925
    endloop
  endfacet
  facet normal -1 0 0
    outer loop
      vertex 0 65 41.4531
      vertex 0 61.75 43.425
      vertex 0 65 45
    endloop
  endfacet
  facet normal -1 0 0
    outer loop
      vertex 0 58.5 40.85
      vertex 0 61.75 39.878
      vertex 0 61.75 39.378
    endloop
  endfacet
  facet normal -1 0 0
    outer loop
      vertex 0 58.5 40.85
      vertex 0 61.75 39.378
      vertex 0 58.5 37.803
    endloop
  endfacet
  facet normal -1 0 0
    outer loop
      vertex 0 61.75 39.878
      vertex 0 58.5 40.85
      vertex 0 58.5 41.35
    endloop
  endfacet
  facet normal -1 0 0
    outer loop
      vertex 0 61.75 39.878
      vertex 0 58.5 41.35
      vertex 0 61.75 42.925
    endloop
  endfacet
  facet normal -1 0 0
    outer loop
      vertex 0 55.25 38.775
      vertex 0 58.5 37.803
      vertex 0 58.5 37.303
    endloop
  endfacet
  facet normal -1 0 0
    outer loop
      vertex 0 55.25 38.775
      vertex 0 58.5 37.303
      vertex 0 55.25 35.728
    endloop
  endfacet
  facet normal -1 0 0
    outer loop
      vertex 0 58.5 37.803
      vertex 0 55.25 38.775
      vertex 0 55.25 39.275
    endloop
  endfacet
  facet normal -1 0 0
    outer loop
      vertex 0 58.5 37.803
      vertex 0 55.25 39.275
      vertex 0 58.5 40.85
    endloop
  endfacet
  facet normal -1 0 0
    outer loop
      vertex 0 52 36.7
      vertex 0 55.25 35.728
      vertex 0 55.25 35.228
    endloop
  endfacet
  facet normal -1 0 0
    outer loop
      vertex 0 52 36.7
      vertex 0 55.25 35.228
      vertex 0 52 33.653
    endloop
  endfacet
  facet normal -1 0 0
    outer loop
      vertex 0 55.25 35.728
      vertex 0 52 36.7
      vertex 0 52 37.2
    endloop
  endfacet
  facet normal -1 0 0
    outer loop
      vertex 0 55.25 35.728
      vertex 0 52 37.2
      vertex 0 55.25 38.775
    endloop
  endfacet
  facet normal -1 0 0
    outer loop
      vertex 0 48.75 34.625
      vertex 0 52 33.653
      vertex 0 52 33.153
    endloop
  endfacet
  facet normal -1 0 0
    outer loop
      vertex 0 48.75 34.625
      vertex 0 52 33.153
      vertex 0 48.75 31.5781
    endloop
  endfacet
  facet normal -1 0 0
    outer loop
      vertex 0 52 33.653
      vertex 0 48.75 34.625
      vertex 0 48.75 35.125
    endloop
  endfacet
  facet normal -1 0 0
    outer loop
      vertex 0 52 33.653
      vertex 0 48.75 35.125
      vertex 0 52 36.7
    endloop
  endfacet
  facet normal -1 0 0
    outer loop
      vertex 0 45.5 32.55
      vertex 0 48.75 31.5781
      vertex 0 48.75 31.0781
    endloop
  endfacet
  facet normal -1 0 0
    outer loop
      vertex 0 45.5 32.55
      vertex 0 48.75 31.0781
      vertex 0 45.5 29.503
    endloop
  endfacet
  facet normal -1 0 0
    outer loop
      vertex 0 48.75 31.5781
      vertex 0 45.5 32.55
      vertex 0 45.5 33.05
    endloop
  endfacet
  facet normal -1 0 0
    outer loop
      vertex 0 48.75 31.5781
      vertex 0 45.5 33.05
      vertex 0 48.75 34.625
    endloop
  endfacet
  facet normal -1 0 0
    outer loop
      vertex 0 42.25 30.475
      vertex 0 45.5 29.503
      vertex 0 45.5 29.003
    endloop
  endfacet
  facet normal -1 0 0
    outer loop
      vertex 0 42.25 30.475
      vertex 0 45.5 29.003
      vertex 0 42.25 27.428
    endloop
  endfacet
  facet normal -1 0 0
    outer loop
      vertex 0 45.5 29.503
      vertex 0 42.25 30.475
      vertex 0 42.25 30.975
    endloop
  endfacet
  facet normal -1 0 0
    outer loop
      vertex 0 45.5 29.503
      vertex 0 42.25 30.975
      vertex 0 45.5 32.55
    endloop
  endfacet
  facet normal -1 0 0
    outer loop
      vertex 0 39 28.4
      vertex 0 42.25 27.428
      vertex 0 42.25 26.928
    endloop
  endfacet
  facet normal -1 0 0
    outer loop
      vertex 0 39 28.4
      vertex 0 42.25 26.928
      vertex 0 39 25.353
    endloop
  endfacet
  facet normal -1 0 0
    outer loop
      vertex 0 42.25 27.428
      vertex 0 39 28.4
      vertex 0 39 28.9
    endloop
  endfacet
  facet normal -1 0 0
    outer loop
      vertex 0 42.25 27.428
      vertex 0 39 28.9
      vertex 0 42.25 30.475
    endloop
  endfacet
  facet normal -1 0 0
    outer loop
      vertex 0 35.75 26.325
      vertex 0 39 25.353
      vertex 0 39 24.853
    endloop
  endfacet
  facet normal -1 0 0
    outer loop
      vertex 0 35.75 26.325
      vertex 0 39 24.853
      vertex 0 35.75 23.278
    endloop
  endfacet
  facet normal -1 0 0
    outer loop
      vertex 0 39 25.353
      vertex 0 35.75 26.325
      vertex 0 35.75 26.825
    endloop
  endfacet
  facet normal -1 0 0
    outer loop
      vertex 0 39 25.353
      vertex 0 35.75 26.825
      vertex 0 39 28.4
    endloop
  endfacet
  facet normal -1 0 0
    outer loop
      vertex 0 32.5 24.25
      vertex 0 35.75 23.278
      vertex 0 35.75 22.778
    endloop
  endfacet
  facet normal -1 0 0
    outer loop
      vertex 0 32.5 24.25
      vertex 0 35.75 22.778
      vertex 0 32.5 21.2031
    endloop
  endfacet
  facet normal -1 0 0
    outer loop
      vertex 0 35.75 23.278
      vertex 0 32.5 24.25
      vertex 0 32.5 24.75
    endloop
  endfacet
  facet normal -1 0 0
    outer loop
      vertex 0 35.75 23.278
      vertex 0 32.5 24.75
      vertex 0 35.75 26.325
    endloop
  endfacet
  facet normal -1 0 0
    outer loop
      vertex 0 29.25 22.175
      vertex 0 32.5 21.2031
      vertex 0 32.5 20.7031
    endloop
  endfacet
  facet normal -1 0 0
    outer loop
      vertex 0 29.25 22.175
      vertex 0 32.5 20.7031
      vertex 0 29.25 19.128
    endloop
  endfacet
  facet normal -1 0 0
    outer loop
      vertex 0 32.5 21.2031
      vertex 0 29.25 22.175
      vertex 0 29.25 22.675
    endloop
  endfacet
  facet normal -1 0 0
    outer loop
      vertex 0 32.5 21.2031
      vertex 0 29.25 22.675
      vertex 0 32.5 24.25
    endloop
  endfacet
  facet normal -1 0 0
    outer loop
      vertex 0 26 20.1
      vertex 0 29.25 19.128
      vertex 0 29.25 18.628
    endloop
  endfacet
  facet normal -1 0 0
    outer loop
      vertex 0 26 20.1
      vertex 0 29.25 18.628
      vertex 0 26 17.053
    endloop
  endfacet
  facet normal -1 0 0
    outer loop
      vertex 0 29.25 19.128
      vertex 0 26 20.1
      vertex 0 26 20.6
    endloop
  endfacet
  facet normal -1 0 0
    outer loop
      vertex 0 29.25 19.128
      vertex 0 26 20.6
      vertex 0 29.25 22.175
    endloop
  endfacet
  facet normal -1 0 0
    outer loop
      vertex 0 22.75 18.025
      vertex 0 26 17.053
      vertex 0 26 16.553
    endloop
  endfacet
  facet normal -1 0 0
    outer loop
      vertex 0 22.75 18.025
      vertex 0 26 16.553
      vertex 0 22.75 14.978
    endloop
  endfacet
  facet normal -1 0 0
    outer loop
      vertex 0 26 17.053
      vertex 0 22.75 18.025
      vertex 0 22.75 18.525
    endloop
  endfacet
  facet normal -1 0 0
    outer loop
      vertex 0 26 17.053
      vertex 0 22.75 18.525
      vertex 0 26 20.1
    endloop
  endfacet
  facet normal -1 0 0
    outer loop
      vertex 0 19.5 15.95
      vertex 0 22.75 14.978
      vertex 0 22.75 14.478
    endloop
  endfacet
  facet normal -1 0 0
    outer loop
      vertex 0 19.5 15.95
      vertex 0 22.75 14.478
      vertex 0 19.5 12.9031
    endloop
  endfacet
  facet normal -1 0 0
    outer loop
      vertex 0 22.75 14.978
      vertex 0 19.5 15.95
      vertex 0 19.5 16.45
    endloop
  endfacet
  facet normal -1 0 0
    outer loop
      vertex 0 22.75 14.978
      vertex 0 19.5 16.45
      vertex 0 22.75 18.025
    endloop
  endfacet
  facet normal -1 0 0
    outer loop
      vertex 0 16.25 13.875
      vertex 0 19.5 12.9031
      vertex 0 19.5 12.4031
    endloop
  endfacet
  facet normal -1 0 0
    outer loop
      vertex 0 16.25 13.875
      vertex 0 19.5 12.4031
      vertex 0 16.25 10.8281
    endloop
  endfacet
  facet normal -1 0 0
    outer loop
      vertex 0 19.5 12.9031
      vertex 0 16.25 13.875
      vertex 0 16.25 14.375
    endloop
  endfacet
  facet normal -1 0 0
    outer loop
      vertex 0 19.5 12.9031
      vertex 0 16.25 14.375
      vertex 0 19.5 15.95
    endloop
  endfacet
  facet normal -1 0 0
    outer loop
      vertex 0 13 11.8
      vertex 0 16.25 10.8281
      vertex 0 16.25 10.3281
    endloop
  endfacet
  facet normal -1 0 0
    outer loop
      vertex 0 13 11.8
      vertex 0 16.25 10.3281
      vertex 0 13 8.75304
    endloop
  endfacet
  facet normal -1 0 0
    outer loop
      vertex 0 16.25 10.8281
      vertex 0 13 11.8
      vertex 0 13 12.3
    endloop
  endfacet
  facet normal -1 0 0
    outer loop
      vertex 0 16.25 10.8281
      vertex 0 13 12.3
      vertex 0 16.25 13.875
    endloop
  endfacet
  facet normal -1 0 0
    outer loop
      vertex 0 9.75 9.72499
      vertex 0 13 8.75304
      vertex 0 13 8.25304
    endloop
  endfacet
  facet normal -1 0 0
    outer loop
      vertex 0 9.75 9.72499
      vertex 0 13 8.25304
      vertex 0 9.75 6.67804
    endloop
  endfacet
  facet normal -1 0 0
    outer loop
      vertex 0 13 8.75304
      vertex 0 9.75 9.72499
      vertex 0 9.75 10.225
    endloop
  endfacet
  facet normal -1 0 0
    outer loop
      vertex 0 13 8.75304
      vertex 0 9.75 10.225
      vertex 0 13 11.8
    endloop
  endfacet
  facet normal -1 0 0
    outer loop
      vertex 0 6.5 7.64999
      vertex 0 9.75 6.67804
      vertex 0 9.75 6.17804
    endloop
  endfacet
  facet normal -1 0 0
    outer loop
      vertex 0 6.5 7.64999
      vertex 0 9.75 6.17804
      vertex 0 6.5 4.60305
    endloop
  endfacet
  facet normal -1 0 0
    outer loop
      vertex 0 9.75 6.67804
      vertex 0 6.5 7.64999
      vertex 0 6.5 8.14999
    endloop
  endfacet
  facet normal -1 0 0
    outer loop
      vertex 0 9.75 6.67804
      vertex 0 6.5 8.14999
      vertex 0 9.75 9.72499
    endloop
  endfacet
  facet normal -1 0 0
    outer loop
      vertex 0 3.25 5.575
      vertex 0 6.5 4.60305
      vertex 0 6.5 4.10305
    endloop
  endfacet
  facet normal -1 0 0
    outer loop
      vertex 0 3.25 5.575
      vertex 0 6.5 4.10305
      vertex 0 3.25 2.52805
    endloop
  endfacet
  facet normal -1 0 0
    outer loop
      vertex 0 6.5 4.60305
      vertex 0 3.25 5.575
      vertex 0 3.25 6.075
    endloop
  endfacet
  facet normal -1 0 0
    outer loop
      vertex 0 6.5 4.60305
      vertex 0 3.25 6.075
      vertex 0 6.5 7.64999
    endloop
  endfacet
  facet normal -1 0 0
    outer loop
      vertex 0 0 4
      vertex 0 3.25 2.52805
      vertex 0 3.25 2.02805
    endloop
  endfacet
  facet normal -1 0 0
    outer loop
      vertex 0 0 4
      vertex 0 3.25 2.02805
      vertex 0 0 0.453053
    endloop
  endfacet
  facet normal -1 0 0
    outer loop
      vertex 0 3.25 2.52805
      vertex 0 0 4
      vertex 0 3.25 5.575
    endloop
  endfacet
  facet normal 1 0 0
    outer loop
      vertex 212 126.75 2.52805
      vertex 212 130 4
      vertex 212 126.75 5.575
    endloop
  endfacet
  facet normal 1 0 0
    outer loop
      vertex 212 126.75 2.02805
      vertex 212 130 4
      vertex 212 126.75 2.52805
    endloop
  endfacet
  facet normal 1 0 0
    outer loop
      vertex 212 130 4
      vertex 212 126.75 2.02805
      vertex 212 130 0.453053
    endloop
  endfacet
  facet normal 1 0 0
    outer loop
      vertex 212 123.5 4.60305
      vertex 212 126.75 5.575
      vertex 212 126.75 6.075
    endloop
  endfacet
  facet normal 1 0 0
    outer loop
      vertex 212 123.5 4.60305
      vertex 212 126.75 6.075
      vertex 212 123.5 7.64999
    endloop
  endfacet
  facet normal 1 0 0
    outer loop
      vertex 212 126.75 5.575
      vertex 212 123.5 4.60305
      vertex 212 123.5 4.10305
    endloop
  endfacet
  facet normal 1 0 0
    outer loop
      vertex 212 126.75 5.575
      vertex 212 123.5 4.10305
      vertex 212 126.75 2.52805
    endloop
  endfacet
  facet normal 1 0 0
    outer loop
      vertex 212 120.25 6.67804
      vertex 212 123.5 7.64999
      vertex 212 123.5 8.14999
    endloop
  endfacet
  facet normal 1 0 0
    outer loop
      vertex 212 120.25 6.67804
      vertex 212 123.5 8.14999
      vertex 212 120.25 9.72499
    endloop
  endfacet
  facet normal 1 0 0
    outer loop
      vertex 212 123.5 7.64999
      vertex 212 120.25 6.67804
      vertex 212 120.25 6.17804
    endloop
  endfacet
  facet normal 1 0 0
    outer loop
      vertex 212 123.5 7.64999
      vertex 212 120.25 6.17804
      vertex 212 123.5 4.60305
    endloop
  endfacet
  facet normal 1 0 0
    outer loop
      vertex 212 117 8.75304
      vertex 212 120.25 9.72499
      vertex 212 120.25 10.225
    endloop
  endfacet
  facet normal 1 0 0
    outer loop
      vertex 212 117 8.75304
      vertex 212 120.25 10.225
      vertex 212 117 11.8
    endloop
  endfacet
  facet normal 1 0 0
    outer loop
      vertex 212 120.25 9.72499
      vertex 212 117 8.75304
      vertex 212 117 8.25304
    endloop
  endfacet
  facet normal 1 0 0
    outer loop
      vertex 212 120.25 9.72499
      vertex 212 117 8.25304
      vertex 212 120.25 6.67804
    endloop
  endfacet
  facet normal 1 0 0
    outer loop
      vertex 212 113.75 10.8281
      vertex 212 117 11.8
      vertex 212 117 12.3
    endloop
  endfacet
  facet normal 1 0 0
    outer loop
      vertex 212 113.75 10.8281
      vertex 212 117 12.3
      vertex 212 113.75 13.875
    endloop
  endfacet
  facet normal 1 0 0
    outer loop
      vertex 212 117 11.8
      vertex 212 113.75 10.8281
      vertex 212 113.75 10.3281
    endloop
  endfacet
  facet normal 1 0 0
    outer loop
      vertex 212 117 11.8
      vertex 212 113.75 10.3281
      vertex 212 117 8.75304
    endloop
  endfacet
  facet normal 1 0 0
    outer loop
      vertex 212 110.5 12.9031
      vertex 212 113.75 13.875
      vertex 212 113.75 14.375
    endloop
  endfacet
  facet normal 1 0 0
    outer loop
      vertex 212 110.5 12.9031
      vertex 212 113.75 14.375
      vertex 212 110.5 15.95
    endloop
  endfacet
  facet normal 1 0 0
    outer loop
      vertex 212 113.75 13.875
      vertex 212 110.5 12.9031
      vertex 212 110.5 12.4031
    endloop
  endfacet
  facet normal 1 0 0
    outer loop
      vertex 212 113.75 13.875
      vertex 212 110.5 12.4031
      vertex 212 113.75 10.8281
    endloop
  endfacet
  facet normal 1 0 0
    outer loop
      vertex 212 107.25 14.978
      vertex 212 110.5 15.95
      vertex 212 110.5 16.45
    endloop
  endfacet
  facet normal 1 0 0
    outer loop
      vertex 212 107.25 14.978
      vertex 212 110.5 16.45
      vertex 212 107.25 18.025
    endloop
  endfacet
  facet normal 1 0 0
    outer loop
      vertex 212 110.5 15.95
      vertex 212 107.25 14.978
      vertex 212 107.25 14.478
    endloop
  endfacet
  facet normal 1 0 0
    outer loop
      vertex 212 110.5 15.95
      vertex 212 107.25 14.478
      vertex 212 110.5 12.9031
    endloop
  endfacet
  facet normal 1 0 0
    outer loop
      vertex 212 104 17.053
      vertex 212 107.25 18.025
      vertex 212 107.25 18.525
    endloop
  endfacet
  facet normal 1 0 0
    outer loop
      vertex 212 104 17.053
      vertex 212 107.25 18.525
      vertex 212 104 20.1
    endloop
  endfacet
  facet normal 1 0 0
    outer loop
      vertex 212 107.25 18.025
      vertex 212 104 17.053
      vertex 212 104 16.553
    endloop
  endfacet
  facet normal 1 0 0
    outer loop
      vertex 212 107.25 18.025
      vertex 212 104 16.553
      vertex 212 107.25 14.978
    endloop
  endfacet
  facet normal 1 0 0
    outer loop
      vertex 212 100.75 19.128
      vertex 212 104 20.1
      vertex 212 104 20.6
    endloop
  endfacet
  facet normal 1 0 0
    outer loop
      vertex 212 100.75 19.128
      vertex 212 104 20.6
      vertex 212 100.75 22.175
    endloop
  endfacet
  facet normal 1 0 0
    outer loop
      vertex 212 104 20.1
      vertex 212 100.75 19.128
      vertex 212 100.75 18.628
    endloop
  endfacet
  facet normal 1 0 0
    outer loop
      vertex 212 104 20.1
      vertex 212 100.75 18.628
      vertex 212 104 17.053
    endloop
  endfacet
  facet normal 1 0 0
    outer loop
      vertex 212 97.5 21.2031
      vertex 212 100.75 22.175
      vertex 212 100.75 22.675
    endloop
  endfacet
  facet normal 1 0 0
    outer loop
      vertex 212 97.5 21.2031
      vertex 212 100.75 22.675
      vertex 212 97.5 24.25
    endloop
  endfacet
  facet normal 1 0 0
    outer loop
      vertex 212 100.75 22.175
      vertex 212 97.5 21.2031
      vertex 212 97.5 20.7031
    endloop
  endfacet
  facet normal 1 0 0
    outer loop
      vertex 212 100.75 22.175
      vertex 212 97.5 20.7031
      vertex 212 100.75 19.128
    endloop
  endfacet
  facet normal 1 0 0
    outer loop
      vertex 212 94.25 23.278
      vertex 212 97.5 24.25
      vertex 212 97.5 24.75
    endloop
  endfacet
  facet normal 1 0 0
    outer loop
      vertex 212 94.25 23.278
      vertex 212 97.5 24.75
      vertex 212 94.25 26.325
    endloop
  endfacet
  facet normal 1 0 0
    outer loop
      vertex 212 97.5 24.25
      vertex 212 94.25 23.278
      vertex 212 94.25 22.778
    endloop
  endfacet
  facet normal 1 0 0
    outer loop
      vertex 212 97.5 24.25
      vertex 212 94.25 22.778
      vertex 212 97.5 21.2031
    endloop
  endfacet
  facet normal 1 0 0
    outer loop
      vertex 212 91 25.353
      vertex 212 94.25 26.325
      vertex 212 94.25 26.825
    endloop
  endfacet
  facet normal 1 0 0
    outer loop
      vertex 212 91 25.353
      vertex 212 94.25 26.825
      vertex 212 91 28.4
    endloop
  endfacet
  facet normal 1 0 0
    outer loop
      vertex 212 94.25 26.325
      vertex 212 91 25.353
      vertex 212 91 24.853
    endloop
  endfacet
  facet normal 1 0 0
    outer loop
      vertex 212 94.25 26.325
      vertex 212 91 24.853
      vertex 212 94.25 23.278
    endloop
  endfacet
  facet normal 1 0 0
    outer loop
      vertex 212 87.75 27.428
      vertex 212 91 28.4
      vertex 212 91 28.9
    endloop
  endfacet
  facet normal 1 0 0
    outer loop
      vertex 212 87.75 27.428
      vertex 212 91 28.9
      vertex 212 87.75 30.475
    endloop
  endfacet
  facet normal 1 0 0
    outer loop
      vertex 212 91 28.4
      vertex 212 87.75 27.428
      vertex 212 87.75 26.928
    endloop
  endfacet
  facet normal 1 0 0
    outer loop
      vertex 212 91 28.4
      vertex 212 87.75 26.928
      vertex 212 91 25.353
    endloop
  endfacet
  facet normal 1 0 0
    outer loop
      vertex 212 84.5 29.503
      vertex 212 87.75 30.475
      vertex 212 87.75 30.975
    endloop
  endfacet
  facet normal 1 0 0
    outer loop
      vertex 212 84.5 29.503
      vertex 212 87.75 30.975
      vertex 212 84.5 32.55
    endloop
  endfacet
  facet normal 1 0 0
    outer loop
      vertex 212 87.75 30.475
      vertex 212 84.5 29.503
      vertex 212 84.5 29.003
    endloop
  endfacet
  facet normal 1 0 0
    outer loop
      vertex 212 87.75 30.475
      vertex 212 84.5 29.003
      vertex 212 87.75 27.428
    endloop
  endfacet
  facet normal 1 0 0
    outer loop
      vertex 212 81.25 31.5781
      vertex 212 84.5 32.55
      vertex 212 84.5 33.05
    endloop
  endfacet
  facet normal 1 0 0
    outer loop
      vertex 212 81.25 31.5781
      vertex 212 84.5 33.05
      vertex 212 81.25 34.625
    endloop
  endfacet
  facet normal 1 0 0
    outer loop
      vertex 212 84.5 32.55
      vertex 212 81.25 31.5781
      vertex 212 81.25 31.0781
    endloop
  endfacet
  facet normal 1 0 0
    outer loop
      vertex 212 84.5 32.55
      vertex 212 81.25 31.0781
      vertex 212 84.5 29.503
    endloop
  endfacet
  facet normal 1 0 0
    outer loop
      vertex 212 78 33.653
      vertex 212 81.25 34.625
      vertex 212 81.25 35.125
    endloop
  endfacet
  facet normal 1 0 0
    outer loop
      vertex 212 78 33.653
      vertex 212 81.25 35.125
      vertex 212 78 36.7
    endloop
  endfacet
  facet normal 1 0 0
    outer loop
      vertex 212 81.25 34.625
      vertex 212 78 33.653
      vertex 212 78 33.153
    endloop
  endfacet
  facet normal 1 0 0
    outer loop
      vertex 212 81.25 34.625
      vertex 212 78 33.153
      vertex 212 81.25 31.5781
    endloop
  endfacet
  facet normal 1 0 0
    outer loop
      vertex 212 74.75 35.728
      vertex 212 78 36.7
      vertex 212 78 37.2
    endloop
  endfacet
  facet normal 1 0 0
    outer loop
      vertex 212 74.75 35.728
      vertex 212 78 37.2
      vertex 212 74.75 38.775
    endloop
  endfacet
  facet normal 1 0 0
    outer loop
      vertex 212 78 36.7
      vertex 212 74.75 35.728
      vertex 212 74.75 35.228
    endloop
  endfacet
  facet normal 1 0 0
    outer loop
      vertex 212 78 36.7
      vertex 212 74.75 35.228
      vertex 212 78 33.653
    endloop
  endfacet
  facet normal 1 0 0
    outer loop
      vertex 212 71.5 37.803
      vertex 212 74.75 38.775
      vertex 212 74.75 39.275
    endloop
  endfacet
  facet normal 1 0 0
    outer loop
      vertex 212 71.5 37.803
      vertex 212 74.75 39.275
      vertex 212 71.5 40.85
    endloop
  endfacet
  facet normal 1 0 0
    outer loop
      vertex 212 74.75 38.775
      vertex 212 71.5 37.803
      vertex 212 71.5 37.303
    endloop
  endfacet
  facet normal 1 0 0
    outer loop
      vertex 212 74.75 38.775
      vertex 212 71.5 37.303
      vertex 212 74.75 35.728
    endloop
  endfacet
  facet normal 1 0 0
    outer loop
      vertex 212 68.25 39.878
      vertex 212 71.5 40.85
      vertex 212 71.5 41.35
    endloop
  endfacet
  facet normal 1 0 0
    outer loop
      vertex 212 68.25 39.878
      vertex 212 71.5 41.35
      vertex 212 68.25 42.925
    endloop
  endfacet
  facet normal 1 0 0
    outer loop
      vertex 212 71.5 40.85
      vertex 212 68.25 39.878
      vertex 212 68.25 39.378
    endloop
  endfacet
  facet normal 1 0 0
    outer loop
      vertex 212 71.5 40.85
      vertex 212 68.25 39.378
      vertex 212 71.5 37.803
    endloop
  endfacet
  facet normal 1 0 0
    outer loop
      vertex 212 65 41.4531
      vertex 212 68.25 42.925
      vertex 212 68.25 43.425
    endloop
  endfacet
  facet normal 1 0 0
    outer loop
      vertex 212 65 41.4531
      vertex 212 68.25 43.425
      vertex 212 65 45
    endloop
  endfacet
  facet normal 1 0 0
    outer loop
      vertex 212 68.25 42.925
      vertex 212 65 41.4531
      vertex 212 68.25 39.878
    endloop
  endfacet
  facet normal 1 -0 0
    outer loop
      vertex 212 61.75 43.425
      vertex 212 65 41.4531
      vertex 212 65 45
    endloop
  endfacet
  facet normal 1 -0 0
    outer loop
      vertex 212 61.75 42.925
      vertex 212 65 41.4531
      vertex 212 61.75 43.425
    endloop
  endfacet
  facet normal 1 0 0
    outer loop
      vertex 212 61.75 42.925
      vertex 212 61.75 39.878
      vertex 212 65 41.4531
    endloop
  endfacet
  facet normal 1 -0 0
    outer loop
      vertex 212 58.5 41.35
      vertex 212 61.75 39.878
      vertex 212 61.75 42.925
    endloop
  endfacet
  facet normal 1 -0 0
    outer loop
      vertex 212 58.5 40.85
      vertex 212 61.75 39.878
      vertex 212 58.5 41.35
    endloop
  endfacet
  facet normal 1 0 0
    outer loop
      vertex 212 61.75 39.878
      vertex 212 58.5 40.85
      vertex 212 61.75 39.378
    endloop
  endfacet
  facet normal 1 0 0
    outer loop
      vertex 212 58.5 40.85
      vertex 212 58.5 37.803
      vertex 212 61.75 39.378
    endloop
  endfacet
  facet normal 1 -0 0
    outer loop
      vertex 212 55.25 39.275
      vertex 212 58.5 37.803
      vertex 212 58.5 40.85
    endloop
  endfacet
  facet normal 1 -0 0
    outer loop
      vertex 212 55.25 38.775
      vertex 212 58.5 37.803
      vertex 212 55.25 39.275
    endloop
  endfacet
  facet normal 1 0 0
    outer loop
      vertex 212 58.5 37.803
      vertex 212 55.25 38.775
      vertex 212 58.5 37.303
    endloop
  endfacet
  facet normal 1 0 0
    outer loop
      vertex 212 55.25 38.775
      vertex 212 55.25 35.728
      vertex 212 58.5 37.303
    endloop
  endfacet
  facet normal 1 -0 0
    outer loop
      vertex 212 52 37.2
      vertex 212 55.25 35.728
      vertex 212 55.25 38.775
    endloop
  endfacet
  facet normal 1 -0 0
    outer loop
      vertex 212 52 36.7
      vertex 212 55.25 35.728
      vertex 212 52 37.2
    endloop
  endfacet
  facet normal 1 0 0
    outer loop
      vertex 212 55.25 35.728
      vertex 212 52 36.7
      vertex 212 55.25 35.228
    endloop
  endfacet
  facet normal 1 0 0
    outer loop
      vertex 212 52 36.7
      vertex 212 52 33.653
      vertex 212 55.25 35.228
    endloop
  endfacet
  facet normal 1 -0 0
    outer loop
      vertex 212 48.75 35.125
      vertex 212 52 33.653
      vertex 212 52 36.7
    endloop
  endfacet
  facet normal 1 -0 0
    outer loop
      vertex 212 48.75 34.625
      vertex 212 52 33.653
      vertex 212 48.75 35.125
    endloop
  endfacet
  facet normal 1 0 0
    outer loop
      vertex 212 52 33.653
      vertex 212 48.75 34.625
      vertex 212 52 33.153
    endloop
  endfacet
  facet normal 1 0 0
    outer loop
      vertex 212 48.75 34.625
      vertex 212 48.75 31.5781
      vertex 212 52 33.153
    endloop
  endfacet
  facet normal 1 -0 0
    outer loop
      vertex 212 45.5 33.05
      vertex 212 48.75 31.5781
      vertex 212 48.75 34.625
    endloop
  endfacet
  facet normal 1 -0 0
    outer loop
      vertex 212 45.5 32.55
      vertex 212 48.75 31.5781
      vertex 212 45.5 33.05
    endloop
  endfacet
  facet normal 1 0 0
    outer loop
      vertex 212 48.75 31.5781
      vertex 212 45.5 32.55
      vertex 212 48.75 31.0781
    endloop
  endfacet
  facet normal 1 0 0
    outer loop
      vertex 212 45.5 32.55
      vertex 212 45.5 29.503
      vertex 212 48.75 31.0781
    endloop
  endfacet
  facet normal 1 -0 0
    outer loop
      vertex 212 42.25 30.975
      vertex 212 45.5 29.503
      vertex 212 45.5 32.55
    endloop
  endfacet
  facet normal 1 -0 0
    outer loop
      vertex 212 42.25 30.475
      vertex 212 45.5 29.503
      vertex 212 42.25 30.975
    endloop
  endfacet
  facet normal 1 0 0
    outer loop
      vertex 212 45.5 29.503
      vertex 212 42.25 30.475
      vertex 212 45.5 29.003
    endloop
  endfacet
  facet normal 1 0 0
    outer loop
      vertex 212 42.25 30.475
      vertex 212 42.25 27.428
      vertex 212 45.5 29.003
    endloop
  endfacet
  facet normal 1 -0 0
    outer loop
      vertex 212 39 28.9
      vertex 212 42.25 27.428
      vertex 212 42.25 30.475
    endloop
  endfacet
  facet normal 1 -0 0
    outer loop
      vertex 212 39 28.4
      vertex 212 42.25 27.428
      vertex 212 39 28.9
    endloop
  endfacet
  facet normal 1 0 0
    outer loop
      vertex 212 42.25 27.428
      vertex 212 39 28.4
      vertex 212 42.25 26.928
    endloop
  endfacet
  facet normal 1 0 0
    outer loop
      vertex 212 39 28.4
      vertex 212 39 25.353
      vertex 212 42.25 26.928
    endloop
  endfacet
  facet normal 1 -0 0
    outer loop
      vertex 212 35.75 26.825
      vertex 212 39 25.353
      vertex 212 39 28.4
    endloop
  endfacet
  facet normal 1 -0 0
    outer loop
      vertex 212 35.75 26.325
      vertex 212 39 25.353
      vertex 212 35.75 26.825
    endloop
  endfacet
  facet normal 1 0 0
    outer loop
      vertex 212 39 25.353
      vertex 212 35.75 26.325
      vertex 212 39 24.853
    endloop
  endfacet
  facet normal 1 0 0
    outer loop
      vertex 212 35.75 26.325
      vertex 212 35.75 23.278
      vertex 212 39 24.853
    endloop
  endfacet
  facet normal 1 -0 0
    outer loop
      vertex 212 32.5 24.75
      vertex 212 35.75 23.278
      vertex 212 35.75 26.325
    endloop
  endfacet
  facet normal 1 -0 0
    outer loop
      vertex 212 32.5 24.25
      vertex 212 35.75 23.278
      vertex 212 32.5 24.75
    endloop
  endfacet
  facet normal 1 0 0
    outer loop
      vertex 212 35.75 23.278
      vertex 212 32.5 24.25
      vertex 212 35.75 22.778
    endloop
  endfacet
  facet normal 1 0 0
    outer loop
      vertex 212 32.5 24.25
      vertex 212 32.5 21.2031
      vertex 212 35.75 22.778
    endloop
  endfacet
  facet normal 1 -0 0
    outer loop
      vertex 212 29.25 22.675
      vertex 212 32.5 21.2031
      vertex 212 32.5 24.25
    endloop
  endfacet
  facet normal 1 -0 0
    outer loop
      vertex 212 29.25 22.175
      vertex 212 32.5 21.2031
      vertex 212 29.25 22.675
    endloop
  endfacet
  facet normal 1 0 0
    outer loop
      vertex 212 32.5 21.2031
      vertex 212 29.25 22.175
      vertex 212 32.5 20.7031
    endloop
  endfacet
  facet normal 1 0 0
    outer loop
      vertex 212 29.25 22.175
      vertex 212 29.25 19.128
      vertex 212 32.5 20.7031
    endloop
  endfacet
  facet normal 1 -0 0
    outer loop
      vertex 212 26 20.6
      vertex 212 29.25 19.128
      vertex 212 29.25 22.175
    endloop
  endfacet
  facet normal 1 -0 0
    outer loop
      vertex 212 26 20.1
      vertex 212 29.25 19.128
      vertex 212 26 20.6
    endloop
  endfacet
  facet normal 1 0 0
    outer loop
      vertex 212 29.25 19.128
      vertex 212 26 20.1
      vertex 212 29.25 18.628
    endloop
  endfacet
  facet normal 1 0 0
    outer loop
      vertex 212 26 20.1
      vertex 212 26 17.053
      vertex 212 29.25 18.628
    endloop
  endfacet
  facet normal 1 -0 0
    outer loop
      vertex 212 22.75 18.525
      vertex 212 26 17.053
      vertex 212 26 20.1
    endloop
  endfacet
  facet normal 1 -0 0
    outer loop
      vertex 212 22.75 18.025
      vertex 212 26 17.053
      vertex 212 22.75 18.525
    endloop
  endfacet
  facet normal 1 0 0
    outer loop
      vertex 212 26 17.053
      vertex 212 22.75 18.025
      vertex 212 26 16.553
    endloop
  endfacet
  facet normal 1 0 0
    outer loop
      vertex 212 22.75 18.025
      vertex 212 22.75 14.978
      vertex 212 26 16.553
    endloop
  endfacet
  facet normal 1 -0 0
    outer loop
      vertex 212 19.5 16.45
      vertex 212 22.75 14.978
      vertex 212 22.75 18.025
    endloop
  endfacet
  facet normal 1 -0 0
    outer loop
      vertex 212 19.5 15.95
      vertex 212 22.75 14.978
      vertex 212 19.5 16.45
    endloop
  endfacet
  facet normal 1 0 0
    outer loop
      vertex 212 22.75 14.978
      vertex 212 19.5 15.95
      vertex 212 22.75 14.478
    endloop
  endfacet
  facet normal 1 0 0
    outer loop
      vertex 212 19.5 15.95
      vertex 212 19.5 12.9031
      vertex 212 22.75 14.478
    endloop
  endfacet
  facet normal 1 -0 0
    outer loop
      vertex 212 16.25 14.375
      vertex 212 19.5 12.9031
      vertex 212 19.5 15.95
    endloop
  endfacet
  facet normal 1 -0 0
    outer loop
      vertex 212 16.25 13.875
      vertex 212 19.5 12.9031
      vertex 212 16.25 14.375
    endloop
  endfacet
  facet normal 1 0 0
    outer loop
      vertex 212 19.5 12.9031
      vertex 212 16.25 13.875
      vertex 212 19.5 12.4031
    endloop
  endfacet
  facet normal 1 0 0
    outer loop
      vertex 212 16.25 13.875
      vertex 212 16.25 10.8281
      vertex 212 19.5 12.4031
    endloop
  endfacet
  facet normal 1 -0 0
    outer loop
      vertex 212 13 12.3
      vertex 212 16.25 10.8281
      vertex 212 16.25 13.875
    endloop
  endfacet
  facet normal 1 -0 0
    outer loop
      vertex 212 13 11.8
      vertex 212 16.25 10.8281
      vertex 212 13 12.3
    endloop
  endfacet
  facet normal 1 0 0
    outer loop
      vertex 212 16.25 10.8281
      vertex 212 13 11.8
      vertex 212 16.25 10.3281
    endloop
  endfacet
  facet normal 1 0 0
    outer loop
      vertex 212 13 11.8
      vertex 212 13 8.75304
      vertex 212 16.25 10.3281
    endloop
  endfacet
  facet normal 1 -0 0
    outer loop
      vertex 212 9.75 10.225
      vertex 212 13 8.75304
      vertex 212 13 11.8
    endloop
  endfacet
  facet normal 1 -0 0
    outer loop
      vertex 212 9.75 9.72499
      vertex 212 13 8.75304
      vertex 212 9.75 10.225
    endloop
  endfacet
  facet normal 1 0 0
    outer loop
      vertex 212 13 8.75304
      vertex 212 9.75 9.72499
      vertex 212 13 8.25304
    endloop
  endfacet
  facet normal 1 0 0
    outer loop
      vertex 212 9.75 9.72499
      vertex 212 9.75 6.67804
      vertex 212 13 8.25304
    endloop
  endfacet
  facet normal 1 -0 0
    outer loop
      vertex 212 6.5 8.14999
      vertex 212 9.75 6.67804
      vertex 212 9.75 9.72499
    endloop
  endfacet
  facet normal 1 -0 0
    outer loop
      vertex 212 6.5 7.64999
      vertex 212 9.75 6.67804
      vertex 212 6.5 8.14999
    endloop
  endfacet
  facet normal 1 0 0
    outer loop
      vertex 212 9.75 6.67804
      vertex 212 6.5 7.64999
      vertex 212 9.75 6.17804
    endloop
  endfacet
  facet normal 1 0 0
    outer loop
      vertex 212 6.5 7.64999
      vertex 212 6.5 4.60305
      vertex 212 9.75 6.17804
    endloop
  endfacet
  facet normal 1 -0 0
    outer loop
      vertex 212 3.25 6.075
      vertex 212 6.5 4.60305
      vertex 212 6.5 7.64999
    endloop
  endfacet
  facet normal 1 -0 0
    outer loop
      vertex 212 3.25 5.575
      vertex 212 6.5 4.60305
      vertex 212 3.25 6.075
    endloop
  endfacet
  facet normal 1 0 0
    outer loop
      vertex 212 6.5 4.60305
      vertex 212 3.25 5.575
      vertex 212 6.5 4.10305
    endloop
  endfacet
  facet normal 1 0 0
    outer loop
      vertex 212 3.25 5.575
      vertex 212 3.25 2.52805
      vertex 212 6.5 4.10305
    endloop
  endfacet
  facet normal 1 -0 0
    outer loop
      vertex 212 0 4
      vertex 212 3.25 2.52805
      vertex 212 3.25 5.575
    endloop
  endfacet
  facet normal 1 0 0
    outer loop
      vertex 212 3.25 2.52805
      vertex 212 0 4
      vertex 212 3.25 2.02805
    endloop
  endfacet
  facet normal 1 0 0
    outer loop
      vertex 212 3.25 2.02805
      vertex 212 0 4
      vertex 212 0 0.453053
    endloop
  endfacet
  facet normal -0 0.436104 0.899896
    outer loop
      vertex 0 130 4
      vertex 212 126.75 5.575
      vertex 212 130 4
    endloop
  endfacet
  facet normal 0 0.436104 0.899896
    outer loop
      vertex 212 126.75 5.575
      vertex 0 130 4
      vertex 0 126.75 5.575
    endloop
  endfacet
  facet normal 0 1 -0
    outer loop
      vertex 212 126.75 5.575
      vertex 0 126.75 6.075
      vertex 212 126.75 6.075
    endloop
  endfacet
  facet normal 0 1 0
    outer loop
      vertex 0 126.75 6.075
      vertex 212 126.75 5.575
      vertex 0 126.75 5.575
    endloop
  endfacet
  facet normal -0 0.436101 0.899898
    outer loop
      vertex 0 126.75 6.075
      vertex 212 123.5 7.64999
      vertex 212 126.75 6.075
    endloop
  endfacet
  facet normal 0 0.436101 0.899898
    outer loop
      vertex 212 123.5 7.64999
      vertex 0 126.75 6.075
      vertex 0 123.5 7.64999
    endloop
  endfacet
  facet normal 0 1 -0
    outer loop
      vertex 212 123.5 7.64999
      vertex 0 123.5 8.14999
      vertex 212 123.5 8.14999
    endloop
  endfacet
  facet normal 0 1 0
    outer loop
      vertex 0 123.5 8.14999
      vertex 212 123.5 7.64999
      vertex 0 123.5 7.64999
    endloop
  endfacet
  facet normal -0 0.436104 0.899896
    outer loop
      vertex 0 123.5 8.14999
      vertex 212 120.25 9.72499
      vertex 212 123.5 8.14999
    endloop
  endfacet
  facet normal 0 0.436104 0.899896
    outer loop
      vertex 212 120.25 9.72499
      vertex 0 123.5 8.14999
      vertex 0 120.25 9.72499
    endloop
  endfacet
  facet normal 0 1 -0
    outer loop
      vertex 212 120.25 9.72499
      vertex 0 120.25 10.225
      vertex 212 120.25 10.225
    endloop
  endfacet
  facet normal 0 1 0
    outer loop
      vertex 0 120.25 10.225
      vertex 212 120.25 9.72499
      vertex 0 120.25 9.72499
    endloop
  endfacet
  facet normal -0 0.436104 0.899896
    outer loop
      vertex 0 120.25 10.225
      vertex 212 117 11.8
      vertex 212 120.25 10.225
    endloop
  endfacet
  facet normal 0 0.436104 0.899896
    outer loop
      vertex 212 117 11.8
      vertex 0 120.25 10.225
      vertex 0 117 11.8
    endloop
  endfacet
  facet normal 0 1 -0
    outer loop
      vertex 212 117 11.8
      vertex 0 117 12.3
      vertex 212 117 12.3
    endloop
  endfacet
  facet normal 0 1 0
    outer loop
      vertex 0 117 12.3
      vertex 212 117 11.8
      vertex 0 117 11.8
    endloop
  endfacet
  facet normal -0 0.436104 0.899896
    outer loop
      vertex 0 117 12.3
      vertex 212 113.75 13.875
      vertex 212 117 12.3
    endloop
  endfacet
  facet normal 0 0.436104 0.899896
    outer loop
      vertex 212 113.75 13.875
      vertex 0 117 12.3
      vertex 0 113.75 13.875
    endloop
  endfacet
  facet normal 0 1 -0
    outer loop
      vertex 212 113.75 13.875
      vertex 0 113.75 14.375
      vertex 212 113.75 14.375
    endloop
  endfacet
  facet normal 0 1 0
    outer loop
      vertex 0 113.75 14.375
      vertex 212 113.75 13.875
      vertex 0 113.75 13.875
    endloop
  endfacet
  facet normal -0 0.436104 0.899896
    outer loop
      vertex 0 113.75 14.375
      vertex 212 110.5 15.95
      vertex 212 113.75 14.375
    endloop
  endfacet
  facet normal 0 0.436104 0.899896
    outer loop
      vertex 212 110.5 15.95
      vertex 0 113.75 14.375
      vertex 0 110.5 15.95
    endloop
  endfacet
  facet normal 0 1 -0
    outer loop
      vertex 212 110.5 15.95
      vertex 0 110.5 16.45
      vertex 212 110.5 16.45
    endloop
  endfacet
  facet normal 0 1 0
    outer loop
      vertex 0 110.5 16.45
      vertex 212 110.5 15.95
      vertex 0 110.5 15.95
    endloop
  endfacet
  facet normal -0 0.436104 0.899896
    outer loop
      vertex 0 110.5 16.45
      vertex 212 107.25 18.025
      vertex 212 110.5 16.45
    endloop
  endfacet
  facet normal 0 0.436104 0.899896
    outer loop
      vertex 212 107.25 18.025
      vertex 0 110.5 16.45
      vertex 0 107.25 18.025
    endloop
  endfacet
  facet normal 0 1 -0
    outer loop
      vertex 212 107.25 18.025
      vertex 0 107.25 18.525
      vertex 212 107.25 18.525
    endloop
  endfacet
  facet normal 0 1 0
    outer loop
      vertex 0 107.25 18.525
      vertex 212 107.25 18.025
      vertex 0 107.25 18.025
    endloop
  endfacet
  facet normal -0 0.436104 0.899896
    outer loop
      vertex 0 107.25 18.525
      vertex 212 104 20.1
      vertex 212 107.25 18.525
    endloop
  endfacet
  facet normal 0 0.436104 0.899896
    outer loop
      vertex 212 104 20.1
      vertex 0 107.25 18.525
      vertex 0 104 20.1
    endloop
  endfacet
  facet normal 0 -1 0
    outer loop
      vertex 5.2 104 16.553
      vertex 6 104 17.053
      vertex 5.2 104 17.053
    endloop
  endfacet
  facet normal 0 -1 0
    outer loop
      vertex 6 104 0
      vertex 5.2 104 16.553
      vertex 5.2 104 0
    endloop
  endfacet
  facet normal 0 -1 0
    outer loop
      vertex 5.2 104 16.553
      vertex 6 104 0
      vertex 6 104 17.053
    endloop
  endfacet
  facet normal 0 -1 0
    outer loop
      vertex 206 104 17.053
      vertex 206.8 104 16.553
      vertex 206.8 104 17.053
    endloop
  endfacet
  facet normal 0 -1 0
    outer loop
      vertex 206 104 0
      vertex 206.8 104 16.553
      vertex 206 104 17.053
    endloop
  endfacet
  facet normal 0 -1 -0
    outer loop
      vertex 206.8 104 16.553
      vertex 206 104 0
      vertex 206.8 104 0
    endloop
  endfacet
  facet normal 0 1 -0
    outer loop
      vertex 212 104 20.1
      vertex 0 104 20.6
      vertex 212 104 20.6
    endloop
  endfacet
  facet normal 0 1 0
    outer loop
      vertex 0 104 20.6
      vertex 212 104 20.1
      vertex 0 104 20.1
    endloop
  endfacet
  facet normal 0 -1 0
    outer loop
      vertex 0 104 16.553
      vertex 5.2 104 17.053
      vertex 0 104 17.053
    endloop
  endfacet
  facet normal 0 -1 -0
    outer loop
      vertex 5.2 104 17.053
      vertex 0 104 16.553
      vertex 5.2 104 16.553
    endloop
  endfacet
  facet normal 0 -1 0
    outer loop
      vertex 206.8 104 16.553
      vertex 212 104 17.053
      vertex 206.8 104 17.053
    endloop
  endfacet
  facet normal 0 -1 -0
    outer loop
      vertex 212 104 17.053
      vertex 206.8 104 16.553
      vertex 212 104 16.553
    endloop
  endfacet
  facet normal 0 -1 0
    outer loop
      vertex 9 104 16.553
      vertex 203 104 17.053
      vertex 9 104 17.053
    endloop
  endfacet
  facet normal 0 -1 -0
    outer loop
      vertex 203 104 17.053
      vertex 9 104 16.553
      vertex 203 104 16.553
    endloop
  endfacet
  facet normal -0 0.436104 0.899896
    outer loop
      vertex 0 104 20.6
      vertex 212 100.75 22.175
      vertex 212 104 20.6
    endloop
  endfacet
  facet normal 0 0.436104 0.899896
    outer loop
      vertex 212 100.75 22.175
      vertex 0 104 20.6
      vertex 0 100.75 22.175
    endloop
  endfacet
  facet normal 0 1 -0
    outer loop
      vertex 212 100.75 22.175
      vertex 0 100.75 22.675
      vertex 212 100.75 22.675
    endloop
  endfacet
  facet normal 0 1 0
    outer loop
      vertex 0 100.75 22.675
      vertex 212 100.75 22.175
      vertex 0 100.75 22.175
    endloop
  endfacet
  facet normal -0 0.436104 0.899896
    outer loop
      vertex 0 100.75 22.675
      vertex 212 97.5 24.25
      vertex 212 100.75 22.675
    endloop
  endfacet
  facet normal 0 0.436104 0.899896
    outer loop
      vertex 212 97.5 24.25
      vertex 0 100.75 22.675
      vertex 0 97.5 24.25
    endloop
  endfacet
  facet normal 0 1 -0
    outer loop
      vertex 212 97.5 24.25
      vertex 0 97.5 24.75
      vertex 212 97.5 24.75
    endloop
  endfacet
  facet normal 0 1 0
    outer loop
      vertex 0 97.5 24.75
      vertex 212 97.5 24.25
      vertex 0 97.5 24.25
    endloop
  endfacet
  facet normal -0 0.436104 0.899896
    outer loop
      vertex 0 97.5 24.75
      vertex 212 94.25 26.325
      vertex 212 97.5 24.75
    endloop
  endfacet
  facet normal 0 0.436104 0.899896
    outer loop
      vertex 212 94.25 26.325
      vertex 0 97.5 24.75
      vertex 0 94.25 26.325
    endloop
  endfacet
  facet normal 0 1 -0
    outer loop
      vertex 212 94.25 26.325
      vertex 0 94.25 26.825
      vertex 212 94.25 26.825
    endloop
  endfacet
  facet normal 0 1 0
    outer loop
      vertex 0 94.25 26.825
      vertex 212 94.25 26.325
      vertex 0 94.25 26.325
    endloop
  endfacet
  facet normal -0 0.436104 0.899896
    outer loop
      vertex 0 94.25 26.825
      vertex 212 91 28.4
      vertex 212 94.25 26.825
    endloop
  endfacet
  facet normal 0 0.436104 0.899896
    outer loop
      vertex 212 91 28.4
      vertex 0 94.25 26.825
      vertex 0 91 28.4
    endloop
  endfacet
  facet normal 0 1 -0
    outer loop
      vertex 212 91 28.4
      vertex 0 91 28.9
      vertex 212 91 28.9
    endloop
  endfacet
  facet normal 0 1 0
    outer loop
      vertex 0 91 28.9
      vertex 212 91 28.4
      vertex 0 91 28.4
    endloop
  endfacet
  facet normal -0 0.436104 0.899896
    outer loop
      vertex 0 91 28.9
      vertex 212 87.75 30.475
      vertex 212 91 28.9
    endloop
  endfacet
  facet normal 0 0.436104 0.899896
    outer loop
      vertex 212 87.75 30.475
      vertex 0 91 28.9
      vertex 0 87.75 30.475
    endloop
  endfacet
  facet normal 0 1 -0
    outer loop
      vertex 212 87.75 30.475
      vertex 0 87.75 30.975
      vertex 212 87.75 30.975
    endloop
  endfacet
  facet normal 0 1 0
    outer loop
      vertex 0 87.75 30.975
      vertex 212 87.75 30.475
      vertex 0 87.75 30.475
    endloop
  endfacet
  facet normal -0 0.436104 0.899896
    outer loop
      vertex 0 87.75 30.975
      vertex 212 84.5 32.55
      vertex 212 87.75 30.975
    endloop
  endfacet
  facet normal 0 0.436104 0.899896
    outer loop
      vertex 212 84.5 32.55
      vertex 0 87.75 30.975
      vertex 0 84.5 32.55
    endloop
  endfacet
  facet normal 0 1 -0
    outer loop
      vertex 212 84.5 32.55
      vertex 0 84.5 33.05
      vertex 212 84.5 33.05
    endloop
  endfacet
  facet normal 0 1 0
    outer loop
      vertex 0 84.5 33.05
      vertex 212 84.5 32.55
      vertex 0 84.5 32.55
    endloop
  endfacet
  facet normal -0 0.436104 0.899896
    outer loop
      vertex 0 84.5 33.05
      vertex 212 81.25 34.625
      vertex 212 84.5 33.05
    endloop
  endfacet
  facet normal 0 0.436104 0.899896
    outer loop
      vertex 212 81.25 34.625
      vertex 0 84.5 33.05
      vertex 0 81.25 34.625
    endloop
  endfacet
  facet normal 0 1 -0
    outer loop
      vertex 212 81.25 34.625
      vertex 0 81.25 35.125
      vertex 212 81.25 35.125
    endloop
  endfacet
  facet normal 0 1 0
    outer loop
      vertex 0 81.25 35.125
      vertex 212 81.25 34.625
      vertex 0 81.25 34.625
    endloop
  endfacet
  facet normal -0 0.436104 0.899896
    outer loop
      vertex 0 81.25 35.125
      vertex 212 78 36.7
      vertex 212 81.25 35.125
    endloop
  endfacet
  facet normal 0 0.436104 0.899896
    outer loop
      vertex 212 78 36.7
      vertex 0 81.25 35.125
      vertex 0 78 36.7
    endloop
  endfacet
  facet normal 0 1 -0
    outer loop
      vertex 212 78 36.7
      vertex 0 78 37.2
      vertex 212 78 37.2
    endloop
  endfacet
  facet normal 0 1 0
    outer loop
      vertex 0 78 37.2
      vertex 212 78 36.7
      vertex 0 78 36.7
    endloop
  endfacet
  facet normal -0 0.436104 0.899896
    outer loop
      vertex 0 78 37.2
      vertex 212 74.75 38.775
      vertex 212 78 37.2
    endloop
  endfacet
  facet normal 0 0.436104 0.899896
    outer loop
      vertex 212 74.75 38.775
      vertex 0 78 37.2
      vertex 0 74.75 38.775
    endloop
  endfacet
  facet normal 0 1 -0
    outer loop
      vertex 212 74.75 38.775
      vertex 0 74.75 39.275
      vertex 212 74.75 39.275
    endloop
  endfacet
  facet normal 0 1 0
    outer loop
      vertex 0 74.75 39.275
      vertex 212 74.75 38.775
      vertex 0 74.75 38.775
    endloop
  endfacet
  facet normal -0 0.436104 0.899896
    outer loop
      vertex 0 74.75 39.275
      vertex 212 71.5 40.85
      vertex 212 74.75 39.275
    endloop
  endfacet
  facet normal 0 0.436104 0.899896
    outer loop
      vertex 212 71.5 40.85
      vertex 0 74.75 39.275
      vertex 0 71.5 40.85
    endloop
  endfacet
  facet normal 0 1 -0
    outer loop
      vertex 212 71.5 40.85
      vertex 0 71.5 41.35
      vertex 212 71.5 41.35
    endloop
  endfacet
  facet normal 0 1 0
    outer loop
      vertex 0 71.5 41.35
      vertex 212 71.5 40.85
      vertex 0 71.5 40.85
    endloop
  endfacet
  facet normal -0 0.436104 0.899896
    outer loop
      vertex 0 71.5 41.35
      vertex 212 68.25 42.925
      vertex 212 71.5 41.35
    endloop
  endfacet
  facet normal 0 0.436104 0.899896
    outer loop
      vertex 212 68.25 42.925
      vertex 0 71.5 41.35
      vertex 0 68.25 42.925
    endloop
  endfacet
  facet normal 0 1 -0
    outer loop
      vertex 212 68.25 42.925
      vertex 0 68.25 43.425
      vertex 212 68.25 43.425
    endloop
  endfacet
  facet normal 0 1 0
    outer loop
      vertex 0 68.25 43.425
      vertex 212 68.25 42.925
      vertex 0 68.25 42.925
    endloop
  endfacet
  facet normal -0 0.436104 0.899896
    outer loop
      vertex 0 68.25 43.425
      vertex 212 65 45
      vertex 212 68.25 43.425
    endloop
  endfacet
  facet normal 0 0.436104 0.899896
    outer loop
      vertex 212 65 45
      vertex 0 68.25 43.425
      vertex 0 65 45
    endloop
  endfacet
  facet normal 0 -0.436104 0.899896
    outer loop
      vertex 0 65 45
      vertex 212 61.75 43.425
      vertex 212 65 45
    endloop
  endfacet
  facet normal 0 -0.436104 0.899896
    outer loop
      vertex 212 61.75 43.425
      vertex 0 65 45
      vertex 0 61.75 43.425
    endloop
  endfacet
  facet normal 0 -1 0
    outer loop
      vertex 0 61.75 42.925
      vertex 212 61.75 43.425
      vertex 0 61.75 43.425
    endloop
  endfacet
  facet normal 0 -1 -0
    outer loop
      vertex 212 61.75 43.425
      vertex 0 61.75 42.925
      vertex 212 61.75 42.925
    endloop
  endfacet
  facet normal 0 -0.436104 0.899896
    outer loop
      vertex 0 61.75 42.925
      vertex 212 58.5 41.35
      vertex 212 61.75 42.925
    endloop
  endfacet
  facet normal 0 -0.436104 0.899896
    outer loop
      vertex 212 58.5 41.35
      vertex 0 61.75 42.925
      vertex 0 58.5 41.35
    endloop
  endfacet
  facet normal 0 -1 0
    outer loop
      vertex 0 58.5 40.85
      vertex 212 58.5 41.35
      vertex 0 58.5 41.35
    endloop
  endfacet
  facet normal 0 -1 -0
    outer loop
      vertex 212 58.5 41.35
      vertex 0 58.5 40.85
      vertex 212 58.5 40.85
    endloop
  endfacet
  facet normal 0 -0.436104 0.899896
    outer loop
      vertex 0 58.5 40.85
      vertex 212 55.25 39.275
      vertex 212 58.5 40.85
    endloop
  endfacet
  facet normal 0 -0.436104 0.899896
    outer loop
      vertex 212 55.25 39.275
      vertex 0 58.5 40.85
      vertex 0 55.25 39.275
    endloop
  endfacet
  facet normal 0 -1 0
    outer loop
      vertex 0 55.25 38.775
      vertex 212 55.25 39.275
      vertex 0 55.25 39.275
    endloop
  endfacet
  facet normal 0 -1 -0
    outer loop
      vertex 212 55.25 39.275
      vertex 0 55.25 38.775
      vertex 212 55.25 38.775
    endloop
  endfacet
  facet normal 0 -0.436104 0.899896
    outer loop
      vertex 0 55.25 38.775
      vertex 212 52 37.2
      vertex 212 55.25 38.775
    endloop
  endfacet
  facet normal 0 -0.436104 0.899896
    outer loop
      vertex 212 52 37.2
      vertex 0 55.25 38.775
      vertex 0 52 37.2
    endloop
  endfacet
  facet normal 0 -1 0
    outer loop
      vertex 0 52 36.7
      vertex 212 52 37.2
      vertex 0 52 37.2
    endloop
  endfacet
  facet normal 0 -1 -0
    outer loop
      vertex 212 52 37.2
      vertex 0 52 36.7
      vertex 212 52 36.7
    endloop
  endfacet
  facet normal 0 -0.436104 0.899896
    outer loop
      vertex 0 52 36.7
      vertex 212 48.75 35.125
      vertex 212 52 36.7
    endloop
  endfacet
  facet normal 0 -0.436104 0.899896
    outer loop
      vertex 212 48.75 35.125
      vertex 0 52 36.7
      vertex 0 48.75 35.125
    endloop
  endfacet
  facet normal 0 -1 0
    outer loop
      vertex 0 48.75 34.625
      vertex 212 48.75 35.125
      vertex 0 48.75 35.125
    endloop
  endfacet
  facet normal 0 -1 -0
    outer loop
      vertex 212 48.75 35.125
      vertex 0 48.75 34.625
      vertex 212 48.75 34.625
    endloop
  endfacet
  facet normal 0 -0.436104 0.899896
    outer loop
      vertex 0 48.75 34.625
      vertex 212 45.5 33.05
      vertex 212 48.75 34.625
    endloop
  endfacet
  facet normal 0 -0.436104 0.899896
    outer loop
      vertex 212 45.5 33.05
      vertex 0 48.75 34.625
      vertex 0 45.5 33.05
    endloop
  endfacet
  facet normal 0 -1 0
    outer loop
      vertex 0 45.5 32.55
      vertex 212 45.5 33.05
      vertex 0 45.5 33.05
    endloop
  endfacet
  facet normal 0 -1 -0
    outer loop
      vertex 212 45.5 33.05
      vertex 0 45.5 32.55
      vertex 212 45.5 32.55
    endloop
  endfacet
  facet normal 0 -0.436104 0.899896
    outer loop
      vertex 0 45.5 32.55
      vertex 212 42.25 30.975
      vertex 212 45.5 32.55
    endloop
  endfacet
  facet normal 0 -0.436104 0.899896
    outer loop
      vertex 212 42.25 30.975
      vertex 0 45.5 32.55
      vertex 0 42.25 30.975
    endloop
  endfacet
  facet normal 0 -1 0
    outer loop
      vertex 0 42.25 30.475
      vertex 212 42.25 30.975
      vertex 0 42.25 30.975
    endloop
  endfacet
  facet normal 0 -1 -0
    outer loop
      vertex 212 42.25 30.975
      vertex 0 42.25 30.475
      vertex 212 42.25 30.475
    endloop
  endfacet
  facet normal 0 -0.436104 0.899896
    outer loop
      vertex 0 42.25 30.475
      vertex 212 39 28.9
      vertex 212 42.25 30.475
    endloop
  endfacet
  facet normal 0 -0.436104 0.899896
    outer loop
      vertex 212 39 28.9
      vertex 0 42.25 30.475
      vertex 0 39 28.9
    endloop
  endfacet
  facet normal 0 -1 0
    outer loop
      vertex 0 39 28.4
      vertex 212 39 28.9
      vertex 0 39 28.9
    endloop
  endfacet
  facet normal 0 -1 -0
    outer loop
      vertex 212 39 28.9
      vertex 0 39 28.4
      vertex 212 39 28.4
    endloop
  endfacet
  facet normal 0 -0.436104 0.899896
    outer loop
      vertex 0 39 28.4
      vertex 212 35.75 26.825
      vertex 212 39 28.4
    endloop
  endfacet
  facet normal 0 -0.436104 0.899896
    outer loop
      vertex 212 35.75 26.825
      vertex 0 39 28.4
      vertex 0 35.75 26.825
    endloop
  endfacet
  facet normal 0 -1 0
    outer loop
      vertex 0 35.75 26.325
      vertex 212 35.75 26.825
      vertex 0 35.75 26.825
    endloop
  endfacet
  facet normal 0 -1 -0
    outer loop
      vertex 212 35.75 26.825
      vertex 0 35.75 26.325
      vertex 212 35.75 26.325
    endloop
  endfacet
  facet normal 0 -0.436104 0.899896
    outer loop
      vertex 0 35.75 26.325
      vertex 212 32.5 24.75
      vertex 212 35.75 26.325
    endloop
  endfacet
  facet normal 0 -0.436104 0.899896
    outer loop
      vertex 212 32.5 24.75
      vertex 0 35.75 26.325
      vertex 0 32.5 24.75
    endloop
  endfacet
  facet normal 0 -1 0
    outer loop
      vertex 0 32.5 24.25
      vertex 212 32.5 24.75
      vertex 0 32.5 24.75
    endloop
  endfacet
  facet normal 0 -1 -0
    outer loop
      vertex 212 32.5 24.75
      vertex 0 32.5 24.25
      vertex 212 32.5 24.25
    endloop
  endfacet
  facet normal 0 -0.436104 0.899896
    outer loop
      vertex 0 32.5 24.25
      vertex 212 29.25 22.675
      vertex 212 32.5 24.25
    endloop
  endfacet
  facet normal 0 -0.436104 0.899896
    outer loop
      vertex 212 29.25 22.675
      vertex 0 32.5 24.25
      vertex 0 29.25 22.675
    endloop
  endfacet
  facet normal 0 -1 0
    outer loop
      vertex 0 29.25 22.175
      vertex 212 29.25 22.675
      vertex 0 29.25 22.675
    endloop
  endfacet
  facet normal 0 -1 -0
    outer loop
      vertex 212 29.25 22.675
      vertex 0 29.25 22.175
      vertex 212 29.25 22.175
    endloop
  endfacet
  facet normal 0 -0.436104 0.899896
    outer loop
      vertex 0 29.25 22.175
      vertex 212 26 20.6
      vertex 212 29.25 22.175
    endloop
  endfacet
  facet normal 0 -0.436104 0.899896
    outer loop
      vertex 212 26 20.6
      vertex 0 29.25 22.175
      vertex 0 26 20.6
    endloop
  endfacet
  facet normal 0 -1 0
    outer loop
      vertex 0 26 20.1
      vertex 212 26 20.6
      vertex 0 26 20.6
    endloop
  endfacet
  facet normal 0 -1 -0
    outer loop
      vertex 212 26 20.6
      vertex 0 26 20.1
      vertex 212 26 20.1
    endloop
  endfacet
  facet normal 0 -0.436104 0.899896
    outer loop
      vertex 0 26 20.1
      vertex 212 22.75 18.525
      vertex 212 26 20.1
    endloop
  endfacet
  facet normal 0 -0.436104 0.899896
    outer loop
      vertex 212 22.75 18.525
      vertex 0 26 20.1
      vertex 0 22.75 18.525
    endloop
  endfacet
  facet normal 0 -1 0
    outer loop
      vertex 0 22.75 18.025
      vertex 212 22.75 18.525
      vertex 0 22.75 18.525
    endloop
  endfacet
  facet normal 0 -1 -0
    outer loop
      vertex 212 22.75 18.525
      vertex 0 22.75 18.025
      vertex 212 22.75 18.025
    endloop
  endfacet
  facet normal 0 -0.436104 0.899896
    outer loop
      vertex 0 22.75 18.025
      vertex 212 19.5 16.45
      vertex 212 22.75 18.025
    endloop
  endfacet
  facet normal 0 -0.436104 0.899896
    outer loop
      vertex 212 19.5 16.45
      vertex 0 22.75 18.025
      vertex 0 19.5 16.45
    endloop
  endfacet
  facet normal 0 -1 0
    outer loop
      vertex 0 19.5 15.95
      vertex 212 19.5 16.45
      vertex 0 19.5 16.45
    endloop
  endfacet
  facet normal 0 -1 -0
    outer loop
      vertex 212 19.5 16.45
      vertex 0 19.5 15.95
      vertex 212 19.5 15.95
    endloop
  endfacet
  facet normal 0 -0.436104 0.899896
    outer loop
      vertex 0 19.5 15.95
      vertex 212 16.25 14.375
      vertex 212 19.5 15.95
    endloop
  endfacet
  facet normal 0 -0.436104 0.899896
    outer loop
      vertex 212 16.25 14.375
      vertex 0 19.5 15.95
      vertex 0 16.25 14.375
    endloop
  endfacet
  facet normal 0 -1 0
    outer loop
      vertex 0 16.25 13.875
      vertex 212 16.25 14.375
      vertex 0 16.25 14.375
    endloop
  endfacet
  facet normal 0 -1 -0
    outer loop
      vertex 212 16.25 14.375
      vertex 0 16.25 13.875
      vertex 212 16.25 13.875
    endloop
  endfacet
  facet normal 0 -0.436104 0.899896
    outer loop
      vertex 0 16.25 13.875
      vertex 212 13 12.3
      vertex 212 16.25 13.875
    endloop
  endfacet
  facet normal 0 -0.436104 0.899896
    outer loop
      vertex 212 13 12.3
      vertex 0 16.25 13.875
      vertex 0 13 12.3
    endloop
  endfacet
  facet normal 0 -1 0
    outer loop
      vertex 0 13 11.8
      vertex 212 13 12.3
      vertex 0 13 12.3
    endloop
  endfacet
  facet normal 0 -1 -0
    outer loop
      vertex 212 13 12.3
      vertex 0 13 11.8
      vertex 212 13 11.8
    endloop
  endfacet
  facet normal 0 -0.436104 0.899896
    outer loop
      vertex 0 13 11.8
      vertex 212 9.75 10.225
      vertex 212 13 11.8
    endloop
  endfacet
  facet normal 0 -0.436104 0.899896
    outer loop
      vertex 212 9.75 10.225
      vertex 0 13 11.8
      vertex 0 9.75 10.225
    endloop
  endfacet
  facet normal 0 -1 0
    outer loop
      vertex 0 9.75 9.72499
      vertex 212 9.75 10.225
      vertex 0 9.75 10.225
    endloop
  endfacet
  facet normal 0 -1 -0
    outer loop
      vertex 212 9.75 10.225
      vertex 0 9.75 9.72499
      vertex 212 9.75 9.72499
    endloop
  endfacet
  facet normal 0 -0.436104 0.899896
    outer loop
      vertex 0 9.75 9.72499
      vertex 212 6.5 8.14999
      vertex 212 9.75 9.72499
    endloop
  endfacet
  facet normal 0 -0.436104 0.899896
    outer loop
      vertex 212 6.5 8.14999
      vertex 0 9.75 9.72499
      vertex 0 6.5 8.14999
    endloop
  endfacet
  facet normal 0 -1 0
    outer loop
      vertex 0 6.5 7.64999
      vertex 212 6.5 8.14999
      vertex 0 6.5 8.14999
    endloop
  endfacet
  facet normal 0 -1 -0
    outer loop
      vertex 212 6.5 8.14999
      vertex 0 6.5 7.64999
      vertex 212 6.5 7.64999
    endloop
  endfacet
  facet normal 0 -0.436101 0.899898
    outer loop
      vertex 0 6.5 7.64999
      vertex 212 3.25 6.075
      vertex 212 6.5 7.64999
    endloop
  endfacet
  facet normal 0 -0.436101 0.899898
    outer loop
      vertex 212 3.25 6.075
      vertex 0 6.5 7.64999
      vertex 0 3.25 6.075
    endloop
  endfacet
  facet normal 0 -1 0
    outer loop
      vertex 0 3.25 5.575
      vertex 212 3.25 6.075
      vertex 0 3.25 6.075
    endloop
  endfacet
  facet normal 0 -1 -0
    outer loop
      vertex 212 3.25 6.075
      vertex 0 3.25 5.575
      vertex 212 3.25 5.575
    endloop
  endfacet
  facet normal 0 -0.436104 0.899896
    outer loop
      vertex 0 3.25 5.575
      vertex 212 0 4
      vertex 212 3.25 5.575
    endloop
  endfacet
  facet normal 0 -0.436104 0.899896
    outer loop
      vertex 212 0 4
      vertex 0 3.25 5.575
      vertex 0 0 4
    endloop
  endfacet
  facet normal 0 -1 0
    outer loop
      vertex 0 0 0.453053
      vertex 212 0 4
      vertex 0 0 4
    endloop
  endfacet
  facet normal 0 -1 -0
    outer loop
      vertex 212 0 4
      vertex 0 0 0.453053
      vertex 212 0 0.453053
    endloop
  endfacet
  facet normal 0 1 -0
    outer loop
      vertex 212 130 0.453053
      vertex 0 130 4
      vertex 212 130 4
    endloop
  endfacet
  facet normal 0 1 0
    outer loop
      vertex 0 130 4
      vertex 212 130 0.453053
      vertex 0 130 0.453053
    endloop
  endfacet
  facet normal 0 -0.436103 -0.899897
    outer loop
      vertex 0 126.75 2.02805
      vertex 212 130 0.453053
      vertex 212 126.75 2.02805
    endloop
  endfacet
  facet normal -0 -0.436103 -0.899897
    outer loop
      vertex 212 130 0.453053
      vertex 0 126.75 2.02805
      vertex 0 130 0.453053
    endloop
  endfacet
  facet normal 0 -1 0
    outer loop
      vertex 0 126.75 2.02805
      vertex 212 126.75 2.52805
      vertex 0 126.75 2.52805
    endloop
  endfacet
  facet normal 0 -1 -0
    outer loop
      vertex 212 126.75 2.52805
      vertex 0 126.75 2.02805
      vertex 212 126.75 2.02805
    endloop
  endfacet
  facet normal -0 -0.436107 -0.899895
    outer loop
      vertex 6 123.5 4.10305
      vertex 0 123.5 4.10305
      vertex 6 124 3.86074
    endloop
  endfacet
  facet normal 0 -0.436107 -0.899895
    outer loop
      vertex 206 124 3.86074
      vertex 212 123.5 4.10305
      vertex 206 123.5 4.10305
    endloop
  endfacet
  facet normal 3.46114e-07 -0.436104 -0.899896
    outer loop
      vertex 212 123.5 4.10305
      vertex 206 124 3.86074
      vertex 212 126.75 2.52805
    endloop
  endfacet
  facet normal 0 -0.436103 -0.899897
    outer loop
      vertex 6 124 3.86074
      vertex 212 126.75 2.52805
      vertex 206 124 3.86074
    endloop
  endfacet
  facet normal 0 -0.436103 -0.899897
    outer loop
      vertex 6 124 3.86074
      vertex 0 126.75 2.52805
      vertex 212 126.75 2.52805
    endloop
  endfacet
  facet normal -3.46114e-07 -0.436104 -0.899896
    outer loop
      vertex 0 126.75 2.52805
      vertex 6 124 3.86074
      vertex 0 123.5 4.10305
    endloop
  endfacet
  facet normal 0 -0.435511 -0.900183
    outer loop
      vertex 9 123.5 4.10305
      vertex 203 123.713 4
      vertex 203 123.5 4.10305
    endloop
  endfacet
  facet normal -0 -0.435511 -0.900183
    outer loop
      vertex 203 123.713 4
      vertex 9 123.5 4.10305
      vertex 9 123.713 4
    endloop
  endfacet
  facet normal 0 -1 0
    outer loop
      vertex 0 123.5 4.10305
      vertex 6 123.5 4.60305
      vertex 0 123.5 4.60305
    endloop
  endfacet
  facet normal 0 -1 -0
    outer loop
      vertex 6 123.5 4.60305
      vertex 0 123.5 4.10305
      vertex 6 123.5 4.10305
    endloop
  endfacet
  facet normal 0 -1 0
    outer loop
      vertex 206 123.5 4.10305
      vertex 212 123.5 4.60305
      vertex 206 123.5 4.60305
    endloop
  endfacet
  facet normal 0 -1 -0
    outer loop
      vertex 212 123.5 4.60305
      vertex 206 123.5 4.10305
      vertex 212 123.5 4.10305
    endloop
  endfacet
  facet normal 0 -1 0
    outer loop
      vertex 9 123.5 4.10305
      vertex 203 123.5 4.60305
      vertex 9 123.5 4.60305
    endloop
  endfacet
  facet normal 0 -1 -0
    outer loop
      vertex 203 123.5 4.60305
      vertex 9 123.5 4.10305
      vertex 203 123.5 4.10305
    endloop
  endfacet
  facet normal -0 -0.436098 -0.899899
    outer loop
      vertex 5.2 120.25 6.17804
      vertex 0 120.25 6.17804
      vertex 5.2 121.6 5.52382
    endloop
  endfacet
  facet normal 0 -0.436104 -0.899896
    outer loop
      vertex 5.2 121.6 5.52382
      vertex 6 123.5 4.60305
      vertex 6 121.6 5.52382
    endloop
  endfacet
  facet normal 1.14484e-06 -0.436101 -0.899898
    outer loop
      vertex 0 123.5 4.60305
      vertex 5.2 121.6 5.52382
      vertex 0 120.25 6.17804
    endloop
  endfacet
  facet normal 0 -0.436104 -0.899896
    outer loop
      vertex 5.2 121.6 5.52382
      vertex 0 123.5 4.60305
      vertex 6 123.5 4.60305
    endloop
  endfacet
  facet normal 0 -0.436098 -0.899899
    outer loop
      vertex 206.8 121.6 5.52382
      vertex 212 120.25 6.17804
      vertex 206.8 120.25 6.17804
    endloop
  endfacet
  facet normal -1.14484e-06 -0.436101 -0.899898
    outer loop
      vertex 212 120.25 6.17804
      vertex 206.8 121.6 5.52382
      vertex 212 123.5 4.60305
    endloop
  endfacet
  facet normal 0 -0.436104 -0.899896
    outer loop
      vertex 206 123.5 4.60305
      vertex 206.8 121.6 5.52382
      vertex 206 121.6 5.52382
    endloop
  endfacet
  facet normal 0 -0.436104 -0.899896
    outer loop
      vertex 206.8 121.6 5.52382
      vertex 206 123.5 4.60305
      vertex 212 123.5 4.60305
    endloop
  endfacet
  facet normal 0 -0.436101 -0.899898
    outer loop
      vertex 9 120.25 6.17804
      vertex 203 123.5 4.60305
      vertex 203 120.25 6.17804
    endloop
  endfacet
  facet normal -0 -0.436101 -0.899898
    outer loop
      vertex 203 123.5 4.60305
      vertex 9 120.25 6.17804
      vertex 9 123.5 4.60305
    endloop
  endfacet
  facet normal 0 -1 0
    outer loop
      vertex 0 120.25 6.17804
      vertex 5.2 120.25 6.67804
      vertex 0 120.25 6.67804
    endloop
  endfacet
  facet normal 0 -1 -0
    outer loop
      vertex 5.2 120.25 6.67804
      vertex 0 120.25 6.17804
      vertex 5.2 120.25 6.17804
    endloop
  endfacet
  facet normal 0 -1 0
    outer loop
      vertex 206.8 120.25 6.17804
      vertex 212 120.25 6.67804
      vertex 206.8 120.25 6.67804
    endloop
  endfacet
  facet normal 0 -1 -0
    outer loop
      vertex 212 120.25 6.67804
      vertex 206.8 120.25 6.17804
      vertex 212 120.25 6.17804
    endloop
  endfacet
  facet normal 0 -1 0
    outer loop
      vertex 9 120.25 6.17804
      vertex 203 120.25 6.67804
      vertex 9 120.25 6.67804
    endloop
  endfacet
  facet normal 0 -1 -0
    outer loop
      vertex 203 120.25 6.67804
      vertex 9 120.25 6.17804
      vertex 203 120.25 6.17804
    endloop
  endfacet
  facet normal 0 -0.436102 -0.899897
    outer loop
      vertex 6 117 8.25304
      vertex 5.2 120 6.7992
      vertex 6 120 6.7992
    endloop
  endfacet
  facet normal 0 -0.436102 -0.899897
    outer loop
      vertex 0 117 8.25304
      vertex 5.2 120 6.7992
      vertex 6 117 8.25304
    endloop
  endfacet
  facet normal 1.06497e-06 -0.436104 -0.899896
    outer loop
      vertex 0 120.25 6.67804
      vertex 5.2 120 6.7992
      vertex 0 117 8.25304
    endloop
  endfacet
  facet normal 0 -0.436122 -0.899888
    outer loop
      vertex 5.2 120 6.7992
      vertex 0 120.25 6.67804
      vertex 5.2 120.25 6.67804
    endloop
  endfacet
  facet normal -1.06497e-06 -0.436104 -0.899896
    outer loop
      vertex 212 117 8.25304
      vertex 206.8 120 6.7992
      vertex 212 120.25 6.67804
    endloop
  endfacet
  facet normal 0 -0.436102 -0.899897
    outer loop
      vertex 206 117 8.25304
      vertex 206.8 120 6.7992
      vertex 212 117 8.25304
    endloop
  endfacet
  facet normal -0 -0.436102 -0.899897
    outer loop
      vertex 206.8 120 6.7992
      vertex 206 117 8.25304
      vertex 206 120 6.7992
    endloop
  endfacet
  facet normal -0 -0.436122 -0.899888
    outer loop
      vertex 212 120.25 6.67804
      vertex 206.8 120 6.7992
      vertex 206.8 120.25 6.67804
    endloop
  endfacet
  facet normal 0 -0.436104 -0.899896
    outer loop
      vertex 9 117 8.25304
      vertex 203 120.25 6.67804
      vertex 203 117 8.25304
    endloop
  endfacet
  facet normal -0 -0.436104 -0.899896
    outer loop
      vertex 203 120.25 6.67804
      vertex 9 117 8.25304
      vertex 9 120.25 6.67804
    endloop
  endfacet
  facet normal 0 -1 0
    outer loop
      vertex 0 117 8.25304
      vertex 6 117 8.75304
      vertex 0 117 8.75304
    endloop
  endfacet
  facet normal 0 -1 -0
    outer loop
      vertex 6 117 8.75304
      vertex 0 117 8.25304
      vertex 6 117 8.25304
    endloop
  endfacet
  facet normal 0 -1 0
    outer loop
      vertex 206 117 8.25304
      vertex 212 117 8.75304
      vertex 206 117 8.75304
    endloop
  endfacet
  facet normal 0 -1 -0
    outer loop
      vertex 212 117 8.75304
      vertex 206 117 8.25304
      vertex 212 117 8.25304
    endloop
  endfacet
  facet normal 0 -1 0
    outer loop
      vertex 9 117 8.25304
      vertex 203 117 8.75304
      vertex 9 117 8.75304
    endloop
  endfacet
  facet normal 0 -1 -0
    outer loop
      vertex 203 117 8.75304
      vertex 9 117 8.25304
      vertex 203 117 8.25304
    endloop
  endfacet
  facet normal 0 -0.436117 -0.89989
    outer loop
      vertex 0 113.75 10.3281
      vertex 6 117 8.75304
      vertex 6 113.75 10.3281
    endloop
  endfacet
  facet normal -0 -0.436117 -0.89989
    outer loop
      vertex 6 117 8.75304
      vertex 0 113.75 10.3281
      vertex 0 117 8.75304
    endloop
  endfacet
  facet normal 0 -0.436117 -0.89989
    outer loop
      vertex 206 113.75 10.3281
      vertex 212 117 8.75304
      vertex 212 113.75 10.3281
    endloop
  endfacet
  facet normal -0 -0.436117 -0.89989
    outer loop
      vertex 212 117 8.75304
      vertex 206 113.75 10.3281
      vertex 206 117 8.75304
    endloop
  endfacet
  facet normal 0 -0.436117 -0.89989
    outer loop
      vertex 9 113.75 10.3281
      vertex 203 117 8.75304
      vertex 203 113.75 10.3281
    endloop
  endfacet
  facet normal -0 -0.436117 -0.89989
    outer loop
      vertex 203 117 8.75304
      vertex 9 113.75 10.3281
      vertex 9 117 8.75304
    endloop
  endfacet
  facet normal 0 -1 0
    outer loop
      vertex 0 113.75 10.3281
      vertex 6 113.75 10.8281
      vertex 0 113.75 10.8281
    endloop
  endfacet
  facet normal 0 -1 -0
    outer loop
      vertex 6 113.75 10.8281
      vertex 0 113.75 10.3281
      vertex 6 113.75 10.3281
    endloop
  endfacet
  facet normal 0 -1 0
    outer loop
      vertex 206 113.75 10.3281
      vertex 212 113.75 10.8281
      vertex 206 113.75 10.8281
    endloop
  endfacet
  facet normal 0 -1 -0
    outer loop
      vertex 212 113.75 10.8281
      vertex 206 113.75 10.3281
      vertex 212 113.75 10.3281
    endloop
  endfacet
  facet normal 0 -1 0
    outer loop
      vertex 9 113.75 10.3281
      vertex 203 113.75 10.8281
      vertex 9 113.75 10.8281
    endloop
  endfacet
  facet normal 0 -1 -0
    outer loop
      vertex 203 113.75 10.8281
      vertex 9 113.75 10.3281
      vertex 203 113.75 10.3281
    endloop
  endfacet
  facet normal 0 -0.436141 -0.899878
    outer loop
      vertex 6 110.5 12.4031
      vertex 5.2 112 11.6761
      vertex 6 112 11.6761
    endloop
  endfacet
  facet normal -1.33121e-05 -0.436104 -0.899896
    outer loop
      vertex 0 113.75 10.8281
      vertex 5.2 112 11.6761
      vertex 0 110.5 12.4031
    endloop
  endfacet
  facet normal 0 -0.436141 -0.899878
    outer loop
      vertex 0 110.5 12.4031
      vertex 5.2 112 11.6761
      vertex 6 110.5 12.4031
    endloop
  endfacet
  facet normal 0 -0.435655 -0.900114
    outer loop
      vertex 5.2 113.6 10.9007
      vertex 6 113.75 10.8281
      vertex 6 113.6 10.9007
    endloop
  endfacet
  facet normal 0 -0.435655 -0.900114
    outer loop
      vertex 5.2 113.6 10.9007
      vertex 0 113.75 10.8281
      vertex 6 113.75 10.8281
    endloop
  endfacet
  facet normal -1.6224e-05 -0.436111 -0.899893
    outer loop
      vertex 5.2 112 11.6761
      vertex 0 113.75 10.8281
      vertex 5.2 113.6 10.9007
    endloop
  endfacet
  facet normal 1.33121e-05 -0.436104 -0.899896
    outer loop
      vertex 212 110.5 12.4031
      vertex 206.8 112 11.6761
      vertex 212 113.75 10.8281
    endloop
  endfacet
  facet normal 0 -0.436141 -0.899878
    outer loop
      vertex 206 110.5 12.4031
      vertex 206.8 112 11.6761
      vertex 212 110.5 12.4031
    endloop
  endfacet
  facet normal -0 -0.436141 -0.899878
    outer loop
      vertex 206.8 112 11.6761
      vertex 206 110.5 12.4031
      vertex 206 112 11.6761
    endloop
  endfacet
  facet normal 1.6224e-05 -0.436111 -0.899893
    outer loop
      vertex 206.8 113.6 10.9007
      vertex 212 113.75 10.8281
      vertex 206.8 112 11.6761
    endloop
  endfacet
  facet normal 0 -0.435655 -0.900114
    outer loop
      vertex 206 113.75 10.8281
      vertex 206.8 113.6 10.9007
      vertex 206 113.6 10.9007
    endloop
  endfacet
  facet normal 0 -0.435655 -0.900114
    outer loop
      vertex 206.8 113.6 10.9007
      vertex 206 113.75 10.8281
      vertex 212 113.75 10.8281
    endloop
  endfacet
  facet normal 0 -0.436104 -0.899896
    outer loop
      vertex 9 110.5 12.4031
      vertex 203 113.75 10.8281
      vertex 203 110.5 12.4031
    endloop
  endfacet
  facet normal -0 -0.436104 -0.899896
    outer loop
      vertex 203 113.75 10.8281
      vertex 9 110.5 12.4031
      vertex 9 113.75 10.8281
    endloop
  endfacet
  facet normal 0 -1 0
    outer loop
      vertex 0 110.5 12.4031
      vertex 6 110.5 12.9031
      vertex 0 110.5 12.9031
    endloop
  endfacet
  facet normal 0 -1 -0
    outer loop
      vertex 6 110.5 12.9031
      vertex 0 110.5 12.4031
      vertex 6 110.5 12.4031
    endloop
  endfacet
  facet normal 0 -1 0
    outer loop
      vertex 206 110.5 12.4031
      vertex 212 110.5 12.9031
      vertex 206 110.5 12.9031
    endloop
  endfacet
  facet normal 0 -1 -0
    outer loop
      vertex 212 110.5 12.9031
      vertex 206 110.5 12.4031
      vertex 212 110.5 12.4031
    endloop
  endfacet
  facet normal 0 -1 0
    outer loop
      vertex 9 110.5 12.4031
      vertex 203 110.5 12.9031
      vertex 9 110.5 12.9031
    endloop
  endfacet
  facet normal 0 -1 -0
    outer loop
      vertex 203 110.5 12.9031
      vertex 9 110.5 12.4031
      vertex 203 110.5 12.4031
    endloop
  endfacet
  facet normal 0 -0.436081 -0.899907
    outer loop
      vertex 0 107.25 14.478
      vertex 6 110.5 12.9031
      vertex 6 107.25 14.478
    endloop
  endfacet
  facet normal -0 -0.436081 -0.899907
    outer loop
      vertex 6 110.5 12.9031
      vertex 0 107.25 14.478
      vertex 0 110.5 12.9031
    endloop
  endfacet
  facet normal 0 -0.436081 -0.899907
    outer loop
      vertex 206 107.25 14.478
      vertex 212 110.5 12.9031
      vertex 212 107.25 14.478
    endloop
  endfacet
  facet normal -0 -0.436081 -0.899907
    outer loop
      vertex 212 110.5 12.9031
      vertex 206 107.25 14.478
      vertex 206 110.5 12.9031
    endloop
  endfacet
  facet normal 0 -0.436081 -0.899907
    outer loop
      vertex 9 107.25 14.478
      vertex 203 110.5 12.9031
      vertex 203 107.25 14.478
    endloop
  endfacet
  facet normal -0 -0.436081 -0.899907
    outer loop
      vertex 203 110.5 12.9031
      vertex 9 107.25 14.478
      vertex 9 110.5 12.9031
    endloop
  endfacet
  facet normal 0 -1 0
    outer loop
      vertex 0 107.25 14.478
      vertex 6 107.25 14.978
      vertex 0 107.25 14.978
    endloop
  endfacet
  facet normal 0 -1 -0
    outer loop
      vertex 6 107.25 14.978
      vertex 0 107.25 14.478
      vertex 6 107.25 14.478
    endloop
  endfacet
  facet normal 0 -1 0
    outer loop
      vertex 206 107.25 14.478
      vertex 212 107.25 14.978
      vertex 206 107.25 14.978
    endloop
  endfacet
  facet normal 0 -1 -0
    outer loop
      vertex 212 107.25 14.978
      vertex 206 107.25 14.478
      vertex 212 107.25 14.478
    endloop
  endfacet
  facet normal 0 -1 0
    outer loop
      vertex 9 107.25 14.478
      vertex 203 107.25 14.978
      vertex 9 107.25 14.978
    endloop
  endfacet
  facet normal 0 -1 -0
    outer loop
      vertex 203 107.25 14.978
      vertex 9 107.25 14.478
      vertex 203 107.25 14.478
    endloop
  endfacet
  facet normal -0 -0.436065 -0.899915
    outer loop
      vertex 5.2 104 16.553
      vertex 0 104 16.553
      vertex 5.2 105.6 15.7777
    endloop
  endfacet
  facet normal 0 -0.436141 -0.899878
    outer loop
      vertex 5.2 105.6 15.7777
      vertex 6 107.25 14.978
      vertex 6 105.6 15.7777
    endloop
  endfacet
  facet normal 1.46433e-05 -0.436104 -0.899896
    outer loop
      vertex 0 107.25 14.978
      vertex 5.2 105.6 15.7777
      vertex 0 104 16.553
    endloop
  endfacet
  facet normal 0 -0.436141 -0.899878
    outer loop
      vertex 5.2 105.6 15.7777
      vertex 0 107.25 14.978
      vertex 6 107.25 14.978
    endloop
  endfacet
  facet normal 0 -0.436065 -0.899915
    outer loop
      vertex 206.8 105.6 15.7777
      vertex 212 104 16.553
      vertex 206.8 104 16.553
    endloop
  endfacet
  facet normal -1.46433e-05 -0.436104 -0.899896
    outer loop
      vertex 212 104 16.553
      vertex 206.8 105.6 15.7777
      vertex 212 107.25 14.978
    endloop
  endfacet
  facet normal 0 -0.436141 -0.899878
    outer loop
      vertex 206 107.25 14.978
      vertex 206.8 105.6 15.7777
      vertex 206 105.6 15.7777
    endloop
  endfacet
  facet normal 0 -0.436141 -0.899878
    outer loop
      vertex 206.8 105.6 15.7777
      vertex 206 107.25 14.978
      vertex 212 107.25 14.978
    endloop
  endfacet
  facet normal 0 -0.436104 -0.899896
    outer loop
      vertex 9 104 16.553
      vertex 203 107.25 14.978
      vertex 203 104 16.553
    endloop
  endfacet
  facet normal -0 -0.436104 -0.899896
    outer loop
      vertex 203 107.25 14.978
      vertex 9 104 16.553
      vertex 9 107.25 14.978
    endloop
  endfacet
  facet normal 0 -0.436104 -0.899896
    outer loop
      vertex 6 100.75 18.628
      vertex 5.2 104 17.053
      vertex 6 104 17.053
    endloop
  endfacet
  facet normal 0 -0.436104 -0.899896
    outer loop
      vertex 0 100.75 18.628
      vertex 5.2 104 17.053
      vertex 6 100.75 18.628
    endloop
  endfacet
  facet normal -0 -0.436104 -0.899896
    outer loop
      vertex 5.2 104 17.053
      vertex 0 100.75 18.628
      vertex 0 104 17.053
    endloop
  endfacet
  facet normal 0 -0.436104 -0.899896
    outer loop
      vertex 212 100.75 18.628
      vertex 206.8 104 17.053
      vertex 212 104 17.053
    endloop
  endfacet
  facet normal 0 -0.436104 -0.899896
    outer loop
      vertex 206 100.75 18.628
      vertex 206.8 104 17.053
      vertex 212 100.75 18.628
    endloop
  endfacet
  facet normal -0 -0.436104 -0.899896
    outer loop
      vertex 206.8 104 17.053
      vertex 206 100.75 18.628
      vertex 206 104 17.053
    endloop
  endfacet
  facet normal 0 -0.436104 -0.899896
    outer loop
      vertex 9 100.75 18.628
      vertex 203 104 17.053
      vertex 203 100.75 18.628
    endloop
  endfacet
  facet normal -0 -0.436104 -0.899896
    outer loop
      vertex 203 104 17.053
      vertex 9 100.75 18.628
      vertex 9 104 17.053
    endloop
  endfacet
  facet normal 0 -1 0
    outer loop
      vertex 0 100.75 18.628
      vertex 6 100.75 19.128
      vertex 0 100.75 19.128
    endloop
  endfacet
  facet normal 0 -1 -0
    outer loop
      vertex 6 100.75 19.128
      vertex 0 100.75 18.628
      vertex 6 100.75 18.628
    endloop
  endfacet
  facet normal 0 -1 0
    outer loop
      vertex 206 100.75 18.628
      vertex 212 100.75 19.128
      vertex 206 100.75 19.128
    endloop
  endfacet
  facet normal 0 -1 -0
    outer loop
      vertex 212 100.75 19.128
      vertex 206 100.75 18.628
      vertex 212 100.75 18.628
    endloop
  endfacet
  facet normal 0 -1 0
    outer loop
      vertex 9 100.75 18.628
      vertex 203 100.75 19.128
      vertex 9 100.75 19.128
    endloop
  endfacet
  facet normal 0 -1 -0
    outer loop
      vertex 203 100.75 19.128
      vertex 9 100.75 18.628
      vertex 203 100.75 18.628
    endloop
  endfacet
  facet normal -0 -0.436384 -0.899761
    outer loop
      vertex 5.2 97.5 20.7031
      vertex 0 97.5 20.7031
      vertex 5.2 97.6 20.6546
    endloop
  endfacet
  facet normal 0 -0.436118 -0.89989
    outer loop
      vertex 5.2 97.6 20.6546
      vertex 6 100.75 19.128
      vertex 6 97.6 20.6546
    endloop
  endfacet
  facet normal -6.12348e-06 -0.436126 -0.899886
    outer loop
      vertex 0 100.75 19.128
      vertex 5.2 97.6 20.6546
      vertex 0 97.5 20.7031
    endloop
  endfacet
  facet normal 0 -0.436118 -0.89989
    outer loop
      vertex 5.2 97.6 20.6546
      vertex 0 100.75 19.128
      vertex 6 100.75 19.128
    endloop
  endfacet
  facet normal 0 -0.436384 -0.899761
    outer loop
      vertex 206.8 97.6 20.6546
      vertex 212 97.5 20.7031
      vertex 206.8 97.5 20.7031
    endloop
  endfacet
  facet normal 6.12348e-06 -0.436126 -0.899886
    outer loop
      vertex 212 97.5 20.7031
      vertex 206.8 97.6 20.6546
      vertex 212 100.75 19.128
    endloop
  endfacet
  facet normal 0 -0.436118 -0.89989
    outer loop
      vertex 206 100.75 19.128
      vertex 206.8 97.6 20.6546
      vertex 206 97.6 20.6546
    endloop
  endfacet
  facet normal 0 -0.436118 -0.89989
    outer loop
      vertex 206.8 97.6 20.6546
      vertex 206 100.75 19.128
      vertex 212 100.75 19.128
    endloop
  endfacet
  facet normal 0 -0.436126 -0.899886
    outer loop
      vertex 9 97.5 20.7031
      vertex 203 100.75 19.128
      vertex 203 97.5 20.7031
    endloop
  endfacet
  facet normal -0 -0.436126 -0.899886
    outer loop
      vertex 203 100.75 19.128
      vertex 9 97.5 20.7031
      vertex 9 100.75 19.128
    endloop
  endfacet
  facet normal 0 -1 0
    outer loop
      vertex 0 97.5 20.7031
      vertex 5.2 97.5 21.2031
      vertex 0 97.5 21.2031
    endloop
  endfacet
  facet normal 0 -1 -0
    outer loop
      vertex 5.2 97.5 21.2031
      vertex 0 97.5 20.7031
      vertex 5.2 97.5 20.7031
    endloop
  endfacet
  facet normal 0 -1 0
    outer loop
      vertex 206.8 97.5 20.7031
      vertex 212 97.5 21.2031
      vertex 206.8 97.5 21.2031
    endloop
  endfacet
  facet normal 0 -1 -0
    outer loop
      vertex 212 97.5 21.2031
      vertex 206.8 97.5 20.7031
      vertex 212 97.5 20.7031
    endloop
  endfacet
  facet normal 0 -1 0
    outer loop
      vertex 9 97.5 20.7031
      vertex 203 97.5 21.2031
      vertex 9 97.5 21.2031
    endloop
  endfacet
  facet normal 0 -1 -0
    outer loop
      vertex 203 97.5 21.2031
      vertex 9 97.5 20.7031
      vertex 203 97.5 20.7031
    endloop
  endfacet
  facet normal 0 -0.436072 -0.899912
    outer loop
      vertex 6 94.25 22.778
      vertex 5.2 96 21.93
      vertex 6 96 21.93
    endloop
  endfacet
  facet normal 0 -0.436072 -0.899912
    outer loop
      vertex 0 94.25 22.778
      vertex 5.2 96 21.93
      vertex 6 94.25 22.778
    endloop
  endfacet
  facet normal 3.99367e-06 -0.436081 -0.899907
    outer loop
      vertex 0 97.5 21.2031
      vertex 5.2 96 21.93
      vertex 0 94.25 22.778
    endloop
  endfacet
  facet normal 0 -0.436092 -0.899902
    outer loop
      vertex 5.2 96 21.93
      vertex 0 97.5 21.2031
      vertex 5.2 97.5 21.2031
    endloop
  endfacet
  facet normal -3.99367e-06 -0.436081 -0.899907
    outer loop
      vertex 212 94.25 22.778
      vertex 206.8 96 21.93
      vertex 212 97.5 21.2031
    endloop
  endfacet
  facet normal 0 -0.436072 -0.899912
    outer loop
      vertex 206 94.25 22.778
      vertex 206.8 96 21.93
      vertex 212 94.25 22.778
    endloop
  endfacet
  facet normal -0 -0.436072 -0.899912
    outer loop
      vertex 206.8 96 21.93
      vertex 206 94.25 22.778
      vertex 206 96 21.93
    endloop
  endfacet
  facet normal -0 -0.436092 -0.899902
    outer loop
      vertex 212 97.5 21.2031
      vertex 206.8 96 21.93
      vertex 206.8 97.5 21.2031
    endloop
  endfacet
  facet normal 0 -0.436081 -0.899907
    outer loop
      vertex 9 94.25 22.778
      vertex 203 97.5 21.2031
      vertex 203 94.25 22.778
    endloop
  endfacet
  facet normal -0 -0.436081 -0.899907
    outer loop
      vertex 203 97.5 21.2031
      vertex 9 94.25 22.778
      vertex 9 97.5 21.2031
    endloop
  endfacet
  facet normal 0 -1 0
    outer loop
      vertex 0 94.25 22.778
      vertex 6 94.25 23.278
      vertex 0 94.25 23.278
    endloop
  endfacet
  facet normal 0 -1 -0
    outer loop
      vertex 6 94.25 23.278
      vertex 0 94.25 22.778
      vertex 6 94.25 22.778
    endloop
  endfacet
  facet normal 0 -1 0
    outer loop
      vertex 206 94.25 22.778
      vertex 212 94.25 23.278
      vertex 206 94.25 23.278
    endloop
  endfacet
  facet normal 0 -1 -0
    outer loop
      vertex 212 94.25 23.278
      vertex 206 94.25 22.778
      vertex 212 94.25 22.778
    endloop
  endfacet
  facet normal 0 -1 0
    outer loop
      vertex 9 94.25 22.778
      vertex 203 94.25 23.278
      vertex 9 94.25 23.278
    endloop
  endfacet
  facet normal 0 -1 -0
    outer loop
      vertex 203 94.25 23.278
      vertex 9 94.25 22.778
      vertex 203 94.25 22.778
    endloop
  endfacet
  facet normal 0 -0.436104 -0.899896
    outer loop
      vertex 0 91 24.853
      vertex 6 94.25 23.278
      vertex 6 91 24.853
    endloop
  endfacet
  facet normal -0 -0.436104 -0.899896
    outer loop
      vertex 6 94.25 23.278
      vertex 0 91 24.853
      vertex 0 94.25 23.278
    endloop
  endfacet
  facet normal 0 -0.436104 -0.899896
    outer loop
      vertex 206 91 24.853
      vertex 212 94.25 23.278
      vertex 212 91 24.853
    endloop
  endfacet
  facet normal -0 -0.436104 -0.899896
    outer loop
      vertex 212 94.25 23.278
      vertex 206 91 24.853
      vertex 206 94.25 23.278
    endloop
  endfacet
  facet normal 0 -0.436104 -0.899896
    outer loop
      vertex 9 91 24.853
      vertex 203 94.25 23.278
      vertex 203 91 24.853
    endloop
  endfacet
  facet normal -0 -0.436104 -0.899896
    outer loop
      vertex 203 94.25 23.278
      vertex 9 91 24.853
      vertex 9 94.25 23.278
    endloop
  endfacet
  facet normal 0 -1 0
    outer loop
      vertex 0 91 24.853
      vertex 6 91 25.353
      vertex 0 91 25.353
    endloop
  endfacet
  facet normal 0 -1 -0
    outer loop
      vertex 6 91 25.353
      vertex 0 91 24.853
      vertex 6 91 24.853
    endloop
  endfacet
  facet normal 0 -1 0
    outer loop
      vertex 206 91 24.853
      vertex 212 91 25.353
      vertex 206 91 25.353
    endloop
  endfacet
  facet normal 0 -1 -0
    outer loop
      vertex 212 91 25.353
      vertex 206 91 24.853
      vertex 212 91 24.853
    endloop
  endfacet
  facet normal 0 -1 0
    outer loop
      vertex 9 91 24.853
      vertex 203 91 25.353
      vertex 9 91 25.353
    endloop
  endfacet
  facet normal 0 -1 -0
    outer loop
      vertex 203 91 25.353
      vertex 9 91 24.853
      vertex 203 91 24.853
    endloop
  endfacet
  facet normal 0 -0.435947 -0.899972
    outer loop
      vertex 6 87.75 26.928
      vertex 5.2 88 26.8069
      vertex 6 88 26.8069
    endloop
  endfacet
  facet normal 9.73442e-06 -0.436111 -0.899893
    outer loop
      vertex 5.2 88 26.8069
      vertex 0 87.75 26.928
      vertex 5.2 89.6 26.0315
    endloop
  endfacet
  facet normal 0 -0.435947 -0.899972
    outer loop
      vertex 0 87.75 26.928
      vertex 5.2 88 26.8069
      vertex 6 87.75 26.928
    endloop
  endfacet
  facet normal 0 -0.436124 -0.899887
    outer loop
      vertex 5.2 89.6 26.0315
      vertex 6 91 25.353
      vertex 6 89.6 26.0315
    endloop
  endfacet
  facet normal 6.65604e-06 -0.436104 -0.899896
    outer loop
      vertex 0 91 25.353
      vertex 5.2 89.6 26.0315
      vertex 0 87.75 26.928
    endloop
  endfacet
  facet normal 0 -0.436124 -0.899887
    outer loop
      vertex 5.2 89.6 26.0315
      vertex 0 91 25.353
      vertex 6 91 25.353
    endloop
  endfacet
  facet normal -9.73442e-06 -0.436111 -0.899893
    outer loop
      vertex 206.8 89.6 26.0315
      vertex 212 87.75 26.928
      vertex 206.8 88 26.8069
    endloop
  endfacet
  facet normal 0 -0.435947 -0.899972
    outer loop
      vertex 206 87.75 26.928
      vertex 206.8 88 26.8069
      vertex 212 87.75 26.928
    endloop
  endfacet
  facet normal -0 -0.435947 -0.899972
    outer loop
      vertex 206.8 88 26.8069
      vertex 206 87.75 26.928
      vertex 206 88 26.8069
    endloop
  endfacet
  facet normal -6.65604e-06 -0.436104 -0.899896
    outer loop
      vertex 212 87.75 26.928
      vertex 206.8 89.6 26.0315
      vertex 212 91 25.353
    endloop
  endfacet
  facet normal 0 -0.436124 -0.899887
    outer loop
      vertex 206 91 25.353
      vertex 206.8 89.6 26.0315
      vertex 206 89.6 26.0315
    endloop
  endfacet
  facet normal 0 -0.436124 -0.899887
    outer loop
      vertex 206.8 89.6 26.0315
      vertex 206 91 25.353
      vertex 212 91 25.353
    endloop
  endfacet
  facet normal 0 -0.436104 -0.899896
    outer loop
      vertex 9 87.75 26.928
      vertex 203 91 25.353
      vertex 203 87.75 26.928
    endloop
  endfacet
  facet normal -0 -0.436104 -0.899896
    outer loop
      vertex 203 91 25.353
      vertex 9 87.75 26.928
      vertex 9 91 25.353
    endloop
  endfacet
  facet normal 0 -1 0
    outer loop
      vertex 0 87.75 26.928
      vertex 6 87.75 27.428
      vertex 0 87.75 27.428
    endloop
  endfacet
  facet normal 0 -1 -0
    outer loop
      vertex 6 87.75 27.428
      vertex 0 87.75 26.928
      vertex 6 87.75 26.928
    endloop
  endfacet
  facet normal 0 -1 0
    outer loop
      vertex 206 87.75 26.928
      vertex 212 87.75 27.428
      vertex 206 87.75 27.428
    endloop
  endfacet
  facet normal 0 -1 -0
    outer loop
      vertex 212 87.75 27.428
      vertex 206 87.75 26.928
      vertex 212 87.75 26.928
    endloop
  endfacet
  facet normal 0 -1 0
    outer loop
      vertex 9 87.75 26.928
      vertex 203 87.75 27.428
      vertex 9 87.75 27.428
    endloop
  endfacet
  facet normal 0 -1 -0
    outer loop
      vertex 203 87.75 27.428
      vertex 9 87.75 26.928
      vertex 203 87.75 26.928
    endloop
  endfacet
  facet normal 0 -0.436104 -0.899896
    outer loop
      vertex 0 84.5 29.003
      vertex 6 87.75 27.428
      vertex 6 84.5 29.003
    endloop
  endfacet
  facet normal -0 -0.436104 -0.899896
    outer loop
      vertex 6 87.75 27.428
      vertex 0 84.5 29.003
      vertex 0 87.75 27.428
    endloop
  endfacet
  facet normal 0 -0.436104 -0.899896
    outer loop
      vertex 206 84.5 29.003
      vertex 212 87.75 27.428
      vertex 212 84.5 29.003
    endloop
  endfacet
  facet normal -0 -0.436104 -0.899896
    outer loop
      vertex 212 87.75 27.428
      vertex 206 84.5 29.003
      vertex 206 87.75 27.428
    endloop
  endfacet
  facet normal 0 -0.436104 -0.899896
    outer loop
      vertex 9 84.5 29.003
      vertex 203 87.75 27.428
      vertex 203 84.5 29.003
    endloop
  endfacet
  facet normal -0 -0.436104 -0.899896
    outer loop
      vertex 203 87.75 27.428
      vertex 9 84.5 29.003
      vertex 9 87.75 27.428
    endloop
  endfacet
  facet normal 0 -1 0
    outer loop
      vertex 0 84.5 29.003
      vertex 6 84.5 29.503
      vertex 0 84.5 29.503
    endloop
  endfacet
  facet normal 0 -1 -0
    outer loop
      vertex 6 84.5 29.503
      vertex 0 84.5 29.003
      vertex 6 84.5 29.003
    endloop
  endfacet
  facet normal 0 -1 0
    outer loop
      vertex 206 84.5 29.003
      vertex 212 84.5 29.503
      vertex 206 84.5 29.503
    endloop
  endfacet
  facet normal 0 -1 -0
    outer loop
      vertex 212 84.5 29.503
      vertex 206 84.5 29.003
      vertex 212 84.5 29.003
    endloop
  endfacet
  facet normal 0 -1 0
    outer loop
      vertex 9 84.5 29.003
      vertex 203 84.5 29.503
      vertex 9 84.5 29.503
    endloop
  endfacet
  facet normal 0 -1 -0
    outer loop
      vertex 203 84.5 29.503
      vertex 9 84.5 29.003
      vertex 203 84.5 29.003
    endloop
  endfacet
  facet normal -0 -0.43628 -0.899811
    outer loop
      vertex 5.2 81.25 31.0781
      vertex 0 81.25 31.0781
      vertex 5.2 81.6 30.9084
    endloop
  endfacet
  facet normal 0 -0.436108 -0.899895
    outer loop
      vertex 5.2 81.6 30.9084
      vertex 6 84.5 29.503
      vertex 6 81.6 30.9084
    endloop
  endfacet
  facet normal -1.27794e-05 -0.436126 -0.899886
    outer loop
      vertex 0 84.5 29.503
      vertex 5.2 81.6 30.9084
      vertex 0 81.25 31.0781
    endloop
  endfacet
  facet normal 0 -0.436108 -0.899895
    outer loop
      vertex 5.2 81.6 30.9084
      vertex 0 84.5 29.503
      vertex 6 84.5 29.503
    endloop
  endfacet
  facet normal 0 -0.43628 -0.899811
    outer loop
      vertex 206.8 81.6 30.9084
      vertex 212 81.25 31.0781
      vertex 206.8 81.25 31.0781
    endloop
  endfacet
  facet normal 1.27794e-05 -0.436126 -0.899886
    outer loop
      vertex 212 81.25 31.0781
      vertex 206.8 81.6 30.9084
      vertex 212 84.5 29.503
    endloop
  endfacet
  facet normal 0 -0.436108 -0.899895
    outer loop
      vertex 206 84.5 29.503
      vertex 206.8 81.6 30.9084
      vertex 206 81.6 30.9084
    endloop
  endfacet
  facet normal 0 -0.436108 -0.899895
    outer loop
      vertex 206.8 81.6 30.9084
      vertex 206 84.5 29.503
      vertex 212 84.5 29.503
    endloop
  endfacet
  facet normal 0 -0.436126 -0.899886
    outer loop
      vertex 9 81.25 31.0781
      vertex 203 84.5 29.503
      vertex 203 81.25 31.0781
    endloop
  endfacet
  facet normal -0 -0.436126 -0.899886
    outer loop
      vertex 203 84.5 29.503
      vertex 9 81.25 31.0781
      vertex 9 84.5 29.503
    endloop
  endfacet
  facet normal 0 -1 0
    outer loop
      vertex 0 81.25 31.0781
      vertex 5.2 81.25 31.5781
      vertex 0 81.25 31.5781
    endloop
  endfacet
  facet normal 0 -1 -0
    outer loop
      vertex 5.2 81.25 31.5781
      vertex 0 81.25 31.0781
      vertex 5.2 81.25 31.0781
    endloop
  endfacet
  facet normal 0 -1 0
    outer loop
      vertex 206.8 81.25 31.0781
      vertex 212 81.25 31.5781
      vertex 206.8 81.25 31.5781
    endloop
  endfacet
  facet normal 0 -1 -0
    outer loop
      vertex 212 81.25 31.5781
      vertex 206.8 81.25 31.0781
      vertex 212 81.25 31.0781
    endloop
  endfacet
  facet normal 0 -1 0
    outer loop
      vertex 9 81.25 31.0781
      vertex 203 81.25 31.5781
      vertex 9 81.25 31.5781
    endloop
  endfacet
  facet normal 0 -1 -0
    outer loop
      vertex 203 81.25 31.5781
      vertex 9 81.25 31.0781
      vertex 203 81.25 31.0781
    endloop
  endfacet
  facet normal 0 -0.436092 -0.899902
    outer loop
      vertex 6 78 33.153
      vertex 5.2 80 32.1838
      vertex 6 80 32.1838
    endloop
  endfacet
  facet normal 0 -0.436092 -0.899902
    outer loop
      vertex 0 78 33.153
      vertex 5.2 80 32.1838
      vertex 6 78 33.153
    endloop
  endfacet
  facet normal -5.3249e-06 -0.436081 -0.899907
    outer loop
      vertex 0 81.25 31.5781
      vertex 5.2 80 32.1838
      vertex 0 78 33.153
    endloop
  endfacet
  facet normal 0 -0.436063 -0.899916
    outer loop
      vertex 5.2 80 32.1838
      vertex 0 81.25 31.5781
      vertex 5.2 81.25 31.5781
    endloop
  endfacet
  facet normal 5.3249e-06 -0.436081 -0.899907
    outer loop
      vertex 212 78 33.153
      vertex 206.8 80 32.1838
      vertex 212 81.25 31.5781
    endloop
  endfacet
  facet normal 0 -0.436092 -0.899902
    outer loop
      vertex 206 78 33.153
      vertex 206.8 80 32.1838
      vertex 212 78 33.153
    endloop
  endfacet
  facet normal -0 -0.436092 -0.899902
    outer loop
      vertex 206.8 80 32.1838
      vertex 206 78 33.153
      vertex 206 80 32.1838
    endloop
  endfacet
  facet normal -0 -0.436063 -0.899916
    outer loop
      vertex 212 81.25 31.5781
      vertex 206.8 80 32.1838
      vertex 206.8 81.25 31.5781
    endloop
  endfacet
  facet normal 0 -0.436081 -0.899907
    outer loop
      vertex 9 78 33.153
      vertex 203 81.25 31.5781
      vertex 203 78 33.153
    endloop
  endfacet
  facet normal -0 -0.436081 -0.899907
    outer loop
      vertex 203 81.25 31.5781
      vertex 9 78 33.153
      vertex 9 81.25 31.5781
    endloop
  endfacet
  facet normal 0 -1 0
    outer loop
      vertex 0 78 33.153
      vertex 6 78 33.653
      vertex 0 78 33.653
    endloop
  endfacet
  facet normal 0 -1 -0
    outer loop
      vertex 6 78 33.653
      vertex 0 78 33.153
      vertex 6 78 33.153
    endloop
  endfacet
  facet normal 0 -1 0
    outer loop
      vertex 206 78 33.153
      vertex 212 78 33.653
      vertex 206 78 33.653
    endloop
  endfacet
  facet normal 0 -1 -0
    outer loop
      vertex 212 78 33.653
      vertex 206 78 33.153
      vertex 212 78 33.153
    endloop
  endfacet
  facet normal 0 -1 0
    outer loop
      vertex 9 78 33.153
      vertex 203 78 33.653
      vertex 9 78 33.653
    endloop
  endfacet
  facet normal 0 -1 -0
    outer loop
      vertex 203 78 33.653
      vertex 9 78 33.153
      vertex 203 78 33.153
    endloop
  endfacet
  facet normal 0 -0.436104 -0.899896
    outer loop
      vertex 0 74.75 35.228
      vertex 6 78 33.653
      vertex 6 74.75 35.228
    endloop
  endfacet
  facet normal -0 -0.436104 -0.899896
    outer loop
      vertex 6 78 33.653
      vertex 0 74.75 35.228
      vertex 0 78 33.653
    endloop
  endfacet
  facet normal 0 -0.436104 -0.899896
    outer loop
      vertex 206 74.75 35.228
      vertex 212 78 33.653
      vertex 212 74.75 35.228
    endloop
  endfacet
  facet normal -0 -0.436104 -0.899896
    outer loop
      vertex 212 78 33.653
      vertex 206 74.75 35.228
      vertex 206 78 33.653
    endloop
  endfacet
  facet normal 0 -0.436104 -0.899896
    outer loop
      vertex 9 74.75 35.228
      vertex 203 78 33.653
      vertex 203 74.75 35.228
    endloop
  endfacet
  facet normal -0 -0.436104 -0.899896
    outer loop
      vertex 203 78 33.653
      vertex 9 74.75 35.228
      vertex 9 78 33.653
    endloop
  endfacet
  facet normal 0 -1 0
    outer loop
      vertex 0 74.75 35.228
      vertex 6 74.75 35.728
      vertex 0 74.75 35.728
    endloop
  endfacet
  facet normal 0 -1 -0
    outer loop
      vertex 6 74.75 35.728
      vertex 0 74.75 35.228
      vertex 6 74.75 35.228
    endloop
  endfacet
  facet normal 0 -1 0
    outer loop
      vertex 206 74.75 35.228
      vertex 212 74.75 35.728
      vertex 206 74.75 35.728
    endloop
  endfacet
  facet normal 0 -1 -0
    outer loop
      vertex 212 74.75 35.728
      vertex 206 74.75 35.228
      vertex 212 74.75 35.228
    endloop
  endfacet
  facet normal 0 -1 0
    outer loop
      vertex 9 74.75 35.228
      vertex 203 74.75 35.728
      vertex 9 74.75 35.728
    endloop
  endfacet
  facet normal 0 -1 -0
    outer loop
      vertex 203 74.75 35.728
      vertex 9 74.75 35.228
      vertex 203 74.75 35.228
    endloop
  endfacet
  facet normal 0 -0.436092 -0.899902
    outer loop
      vertex 6 71.5 37.303
      vertex 5.2 72 37.0607
      vertex 6 72 37.0607
    endloop
  endfacet
  facet normal -3.24489e-06 -0.436065 -0.899915
    outer loop
      vertex 5.2 72 37.0607
      vertex 0 71.5 37.303
      vertex 5.2 73.6 36.2854
    endloop
  endfacet
  facet normal 0 -0.436092 -0.899902
    outer loop
      vertex 0 71.5 37.303
      vertex 5.2 72 37.0607
      vertex 6 71.5 37.303
    endloop
  endfacet
  facet normal 0 -0.436162 -0.899868
    outer loop
      vertex 5.2 73.6 36.2854
      vertex 6 74.75 35.728
      vertex 6 73.6 36.2854
    endloop
  endfacet
  facet normal 1.59745e-05 -0.436104 -0.899896
    outer loop
      vertex 0 74.75 35.728
      vertex 5.2 73.6 36.2854
      vertex 0 71.5 37.303
    endloop
  endfacet
  facet normal 0 -0.436162 -0.899868
    outer loop
      vertex 5.2 73.6 36.2854
      vertex 0 74.75 35.728
      vertex 6 74.75 35.728
    endloop
  endfacet
  facet normal 3.24489e-06 -0.436065 -0.899915
    outer loop
      vertex 206.8 73.6 36.2854
      vertex 212 71.5 37.303
      vertex 206.8 72 37.0607
    endloop
  endfacet
  facet normal 0 -0.436092 -0.899902
    outer loop
      vertex 206 71.5 37.303
      vertex 206.8 72 37.0607
      vertex 212 71.5 37.303
    endloop
  endfacet
  facet normal -0 -0.436092 -0.899902
    outer loop
      vertex 206.8 72 37.0607
      vertex 206 71.5 37.303
      vertex 206 72 37.0607
    endloop
  endfacet
  facet normal -1.59745e-05 -0.436104 -0.899896
    outer loop
      vertex 212 71.5 37.303
      vertex 206.8 73.6 36.2854
      vertex 212 74.75 35.728
    endloop
  endfacet
  facet normal 0 -0.436162 -0.899868
    outer loop
      vertex 206 74.75 35.728
      vertex 206.8 73.6 36.2854
      vertex 206 73.6 36.2854
    endloop
  endfacet
  facet normal 0 -0.436162 -0.899868
    outer loop
      vertex 206.8 73.6 36.2854
      vertex 206 74.75 35.728
      vertex 212 74.75 35.728
    endloop
  endfacet
  facet normal 0 -0.436104 -0.899896
    outer loop
      vertex 9 71.5 37.303
      vertex 203 74.75 35.728
      vertex 203 71.5 37.303
    endloop
  endfacet
  facet normal -0 -0.436104 -0.899896
    outer loop
      vertex 203 74.75 35.728
      vertex 9 71.5 37.303
      vertex 9 74.75 35.728
    endloop
  endfacet
  facet normal 0 -1 0
    outer loop
      vertex 0 71.5 37.303
      vertex 6 71.5 37.803
      vertex 0 71.5 37.803
    endloop
  endfacet
  facet normal 0 -1 -0
    outer loop
      vertex 6 71.5 37.803
      vertex 0 71.5 37.303
      vertex 6 71.5 37.303
    endloop
  endfacet
  facet normal 0 -1 0
    outer loop
      vertex 206 71.5 37.303
      vertex 212 71.5 37.803
      vertex 206 71.5 37.803
    endloop
  endfacet
  facet normal 0 -1 -0
    outer loop
      vertex 212 71.5 37.803
      vertex 206 71.5 37.303
      vertex 212 71.5 37.303
    endloop
  endfacet
  facet normal 0 -1 0
    outer loop
      vertex 9 71.5 37.303
      vertex 203 71.5 37.803
      vertex 9 71.5 37.803
    endloop
  endfacet
  facet normal 0 -1 -0
    outer loop
      vertex 203 71.5 37.803
      vertex 9 71.5 37.303
      vertex 203 71.5 37.303
    endloop
  endfacet
  facet normal 0 -0.436104 -0.899896
    outer loop
      vertex 0 68.25 39.378
      vertex 6 71.5 37.803
      vertex 6 68.25 39.378
    endloop
  endfacet
  facet normal -0 -0.436104 -0.899896
    outer loop
      vertex 6 71.5 37.803
      vertex 0 68.25 39.378
      vertex 0 71.5 37.803
    endloop
  endfacet
  facet normal 0 -0.436104 -0.899896
    outer loop
      vertex 206 68.25 39.378
      vertex 212 71.5 37.803
      vertex 212 68.25 39.378
    endloop
  endfacet
  facet normal -0 -0.436104 -0.899896
    outer loop
      vertex 212 71.5 37.803
      vertex 206 68.25 39.378
      vertex 206 71.5 37.803
    endloop
  endfacet
  facet normal 0 -0.436104 -0.899896
    outer loop
      vertex 9 68.25 39.378
      vertex 203 71.5 37.803
      vertex 203 68.25 39.378
    endloop
  endfacet
  facet normal -0 -0.436104 -0.899896
    outer loop
      vertex 203 71.5 37.803
      vertex 9 68.25 39.378
      vertex 9 71.5 37.803
    endloop
  endfacet
  facet normal 0 -1 0
    outer loop
      vertex 0 68.25 39.378
      vertex 6 68.25 39.878
      vertex 0 68.25 39.878
    endloop
  endfacet
  facet normal 0 -1 -0
    outer loop
      vertex 6 68.25 39.878
      vertex 0 68.25 39.378
      vertex 6 68.25 39.378
    endloop
  endfacet
  facet normal 0 -1 0
    outer loop
      vertex 206 68.25 39.378
      vertex 212 68.25 39.878
      vertex 206 68.25 39.878
    endloop
  endfacet
  facet normal 0 -1 -0
    outer loop
      vertex 212 68.25 39.878
      vertex 206 68.25 39.378
      vertex 212 68.25 39.378
    endloop
  endfacet
  facet normal 0 -1 0
    outer loop
      vertex 9 68.25 39.378
      vertex 203 68.25 39.878
      vertex 9 68.25 39.878
    endloop
  endfacet
  facet normal 0 -1 -0
    outer loop
      vertex 203 68.25 39.878
      vertex 9 68.25 39.378
      vertex 203 68.25 39.378
    endloop
  endfacet
  facet normal -0 -0.436141 -0.899878
    outer loop
      vertex 5.2 65 41.4531
      vertex 0 65 41.4531
      vertex 5.2 65.6 41.1623
    endloop
  endfacet
  facet normal 0 -0.436123 -0.899887
    outer loop
      vertex 5.2 65.6 41.1623
      vertex 6 68.25 39.878
      vertex 6 65.6 41.1623
    endloop
  endfacet
  facet normal -2.12991e-06 -0.436126 -0.899886
    outer loop
      vertex 0 68.25 39.878
      vertex 5.2 65.6 41.1623
      vertex 0 65 41.4531
    endloop
  endfacet
  facet normal 0 -0.436123 -0.899887
    outer loop
      vertex 5.2 65.6 41.1623
      vertex 0 68.25 39.878
      vertex 6 68.25 39.878
    endloop
  endfacet
  facet normal 0 -0.436141 -0.899878
    outer loop
      vertex 206.8 65.6 41.1623
      vertex 212 65 41.4531
      vertex 206.8 65 41.4531
    endloop
  endfacet
  facet normal 2.12991e-06 -0.436126 -0.899886
    outer loop
      vertex 212 65 41.4531
      vertex 206.8 65.6 41.1623
      vertex 212 68.25 39.878
    endloop
  endfacet
  facet normal 0 -0.436123 -0.899887
    outer loop
      vertex 206 68.25 39.878
      vertex 206.8 65.6 41.1623
      vertex 206 65.6 41.1623
    endloop
  endfacet
  facet normal 0 -0.436123 -0.899887
    outer loop
      vertex 206.8 65.6 41.1623
      vertex 206 68.25 39.878
      vertex 212 68.25 39.878
    endloop
  endfacet
  facet normal 0 -0.436126 -0.899886
    outer loop
      vertex 9 65 41.4531
      vertex 203 68.25 39.878
      vertex 203 65 41.4531
    endloop
  endfacet
  facet normal -0 -0.436126 -0.899886
    outer loop
      vertex 203 68.25 39.878
      vertex 9 65 41.4531
      vertex 9 68.25 39.878
    endloop
  endfacet
  facet normal 0 0.436109 -0.899894
    outer loop
      vertex 6 61.75 39.878
      vertex 5.2 64 40.9684
      vertex 6 64 40.9684
    endloop
  endfacet
  facet normal 0 0.436109 -0.899894
    outer loop
      vertex 0 61.75 39.878
      vertex 5.2 64 40.9684
      vertex 6 61.75 39.878
    endloop
  endfacet
  facet normal -9.31834e-06 0.436126 -0.899886
    outer loop
      vertex 0 65 41.4531
      vertex 5.2 64 40.9684
      vertex 0 61.75 39.878
    endloop
  endfacet
  facet normal 0 0.436165 -0.899867
    outer loop
      vertex 5.2 64 40.9684
      vertex 0 65 41.4531
      vertex 5.2 65 41.4531
    endloop
  endfacet
  facet normal 9.31834e-06 0.436126 -0.899886
    outer loop
      vertex 212 61.75 39.878
      vertex 206.8 64 40.9684
      vertex 212 65 41.4531
    endloop
  endfacet
  facet normal 0 0.436109 -0.899894
    outer loop
      vertex 206 61.75 39.878
      vertex 206.8 64 40.9684
      vertex 212 61.75 39.878
    endloop
  endfacet
  facet normal 0 0.436109 -0.899894
    outer loop
      vertex 206.8 64 40.9684
      vertex 206 61.75 39.878
      vertex 206 64 40.9684
    endloop
  endfacet
  facet normal 0 0.436165 -0.899867
    outer loop
      vertex 212 65 41.4531
      vertex 206.8 64 40.9684
      vertex 206.8 65 41.4531
    endloop
  endfacet
  facet normal 0 0.436126 -0.899886
    outer loop
      vertex 9 61.75 39.878
      vertex 203 65 41.4531
      vertex 203 61.75 39.878
    endloop
  endfacet
  facet normal 0 0.436126 -0.899886
    outer loop
      vertex 203 65 41.4531
      vertex 9 61.75 39.878
      vertex 9 65 41.4531
    endloop
  endfacet
  facet normal 0 1 -0
    outer loop
      vertex 6 61.75 39.378
      vertex 0 61.75 39.878
      vertex 6 61.75 39.878
    endloop
  endfacet
  facet normal 0 1 0
    outer loop
      vertex 0 61.75 39.878
      vertex 6 61.75 39.378
      vertex 0 61.75 39.378
    endloop
  endfacet
  facet normal 0 1 -0
    outer loop
      vertex 212 61.75 39.378
      vertex 206 61.75 39.878
      vertex 212 61.75 39.878
    endloop
  endfacet
  facet normal 0 1 0
    outer loop
      vertex 206 61.75 39.878
      vertex 212 61.75 39.378
      vertex 206 61.75 39.378
    endloop
  endfacet
  facet normal 0 1 -0
    outer loop
      vertex 203 61.75 39.378
      vertex 9 61.75 39.878
      vertex 203 61.75 39.878
    endloop
  endfacet
  facet normal 0 1 0
    outer loop
      vertex 9 61.75 39.878
      vertex 203 61.75 39.378
      vertex 9 61.75 39.378
    endloop
  endfacet
  facet normal 0 0.436104 -0.899896
    outer loop
      vertex 0 58.5 37.803
      vertex 6 61.75 39.378
      vertex 6 58.5 37.803
    endloop
  endfacet
  facet normal 0 0.436104 -0.899896
    outer loop
      vertex 6 61.75 39.378
      vertex 0 58.5 37.803
      vertex 0 61.75 39.378
    endloop
  endfacet
  facet normal 0 0.436104 -0.899896
    outer loop
      vertex 206 58.5 37.803
      vertex 212 61.75 39.378
      vertex 212 58.5 37.803
    endloop
  endfacet
  facet normal 0 0.436104 -0.899896
    outer loop
      vertex 212 61.75 39.378
      vertex 206 58.5 37.803
      vertex 206 61.75 39.378
    endloop
  endfacet
  facet normal 0 0.436104 -0.899896
    outer loop
      vertex 9 58.5 37.803
      vertex 203 61.75 39.378
      vertex 203 58.5 37.803
    endloop
  endfacet
  facet normal 0 0.436104 -0.899896
    outer loop
      vertex 203 61.75 39.378
      vertex 9 58.5 37.803
      vertex 9 61.75 39.378
    endloop
  endfacet
  facet normal 0 1 -0
    outer loop
      vertex 6 58.5 37.303
      vertex 0 58.5 37.803
      vertex 6 58.5 37.803
    endloop
  endfacet
  facet normal 0 1 0
    outer loop
      vertex 0 58.5 37.803
      vertex 6 58.5 37.303
      vertex 0 58.5 37.303
    endloop
  endfacet
  facet normal 0 1 -0
    outer loop
      vertex 212 58.5 37.303
      vertex 206 58.5 37.803
      vertex 212 58.5 37.803
    endloop
  endfacet
  facet normal 0 1 0
    outer loop
      vertex 206 58.5 37.803
      vertex 212 58.5 37.303
      vertex 206 58.5 37.303
    endloop
  endfacet
  facet normal 0 1 -0
    outer loop
      vertex 203 58.5 37.303
      vertex 9 58.5 37.803
      vertex 203 58.5 37.803
    endloop
  endfacet
  facet normal 0 1 0
    outer loop
      vertex 9 58.5 37.803
      vertex 203 58.5 37.303
      vertex 9 58.5 37.303
    endloop
  endfacet
  facet normal 0 0.436141 -0.899878
    outer loop
      vertex 6 55.25 35.728
      vertex 5.2 56 36.0915
      vertex 6 56 36.0915
    endloop
  endfacet
  facet normal 5.40801e-06 0.436111 -0.899893
    outer loop
      vertex 5.2 56 36.0915
      vertex 0 55.25 35.728
      vertex 5.2 57.6 36.8669
    endloop
  endfacet
  facet normal 0 0.436141 -0.899878
    outer loop
      vertex 0 55.25 35.728
      vertex 5.2 56 36.0915
      vertex 6 55.25 35.728
    endloop
  endfacet
  facet normal 0 0.43606 -0.899918
    outer loop
      vertex 5.2 57.6 36.8669
      vertex 6 58.5 37.303
      vertex 6 57.6 36.8669
    endloop
  endfacet
  facet normal 9.31845e-06 0.436104 -0.899896
    outer loop
      vertex 0 58.5 37.303
      vertex 5.2 57.6 36.8669
      vertex 0 55.25 35.728
    endloop
  endfacet
  facet normal 0 0.43606 -0.899918
    outer loop
      vertex 5.2 57.6 36.8669
      vertex 0 58.5 37.303
      vertex 6 58.5 37.303
    endloop
  endfacet
  facet normal -5.40801e-06 0.436111 -0.899893
    outer loop
      vertex 206.8 57.6 36.8669
      vertex 212 55.25 35.728
      vertex 206.8 56 36.0915
    endloop
  endfacet
  facet normal 0 0.436141 -0.899878
    outer loop
      vertex 206 55.25 35.728
      vertex 206.8 56 36.0915
      vertex 212 55.25 35.728
    endloop
  endfacet
  facet normal 0 0.436141 -0.899878
    outer loop
      vertex 206.8 56 36.0915
      vertex 206 55.25 35.728
      vertex 206 56 36.0915
    endloop
  endfacet
  facet normal -9.31845e-06 0.436104 -0.899896
    outer loop
      vertex 212 55.25 35.728
      vertex 206.8 57.6 36.8669
      vertex 212 58.5 37.303
    endloop
  endfacet
  facet normal 0 0.43606 -0.899918
    outer loop
      vertex 206 58.5 37.303
      vertex 206.8 57.6 36.8669
      vertex 206 57.6 36.8669
    endloop
  endfacet
  facet normal 0 0.43606 -0.899918
    outer loop
      vertex 206.8 57.6 36.8669
      vertex 206 58.5 37.303
      vertex 212 58.5 37.303
    endloop
  endfacet
  facet normal 0 0.436104 -0.899896
    outer loop
      vertex 9 55.25 35.728
      vertex 203 58.5 37.303
      vertex 203 55.25 35.728
    endloop
  endfacet
  facet normal 0 0.436104 -0.899896
    outer loop
      vertex 203 58.5 37.303
      vertex 9 55.25 35.728
      vertex 9 58.5 37.303
    endloop
  endfacet
  facet normal 0 1 -0
    outer loop
      vertex 6 55.25 35.228
      vertex 0 55.25 35.728
      vertex 6 55.25 35.728
    endloop
  endfacet
  facet normal 0 1 0
    outer loop
      vertex 0 55.25 35.728
      vertex 6 55.25 35.228
      vertex 0 55.25 35.228
    endloop
  endfacet
  facet normal 0 1 -0
    outer loop
      vertex 212 55.25 35.228
      vertex 206 55.25 35.728
      vertex 212 55.25 35.728
    endloop
  endfacet
  facet normal 0 1 0
    outer loop
      vertex 206 55.25 35.728
      vertex 212 55.25 35.228
      vertex 206 55.25 35.228
    endloop
  endfacet
  facet normal 0 1 -0
    outer loop
      vertex 203 55.25 35.228
      vertex 9 55.25 35.728
      vertex 203 55.25 35.728
    endloop
  endfacet
  facet normal 0 1 0
    outer loop
      vertex 9 55.25 35.728
      vertex 203 55.25 35.228
      vertex 9 55.25 35.228
    endloop
  endfacet
  facet normal 0 0.436104 -0.899896
    outer loop
      vertex 0 52 33.653
      vertex 6 55.25 35.228
      vertex 6 52 33.653
    endloop
  endfacet
  facet normal 0 0.436104 -0.899896
    outer loop
      vertex 6 55.25 35.228
      vertex 0 52 33.653
      vertex 0 55.25 35.228
    endloop
  endfacet
  facet normal 0 0.436104 -0.899896
    outer loop
      vertex 206 52 33.653
      vertex 212 55.25 35.228
      vertex 212 52 33.653
    endloop
  endfacet
  facet normal 0 0.436104 -0.899896
    outer loop
      vertex 212 55.25 35.228
      vertex 206 52 33.653
      vertex 206 55.25 35.228
    endloop
  endfacet
  facet normal 0 0.436104 -0.899896
    outer loop
      vertex 9 52 33.653
      vertex 203 55.25 35.228
      vertex 203 52 33.653
    endloop
  endfacet
  facet normal 0 0.436104 -0.899896
    outer loop
      vertex 203 55.25 35.228
      vertex 9 52 33.653
      vertex 9 55.25 35.228
    endloop
  endfacet
  facet normal 0 1 -0
    outer loop
      vertex 6 52 33.153
      vertex 0 52 33.653
      vertex 6 52 33.653
    endloop
  endfacet
  facet normal 0 1 0
    outer loop
      vertex 0 52 33.653
      vertex 6 52 33.153
      vertex 0 52 33.153
    endloop
  endfacet
  facet normal 0 1 -0
    outer loop
      vertex 212 52 33.153
      vertex 206 52 33.653
      vertex 212 52 33.653
    endloop
  endfacet
  facet normal 0 1 0
    outer loop
      vertex 206 52 33.653
      vertex 212 52 33.153
      vertex 206 52 33.153
    endloop
  endfacet
  facet normal 0 1 -0
    outer loop
      vertex 203 52 33.153
      vertex 9 52 33.653
      vertex 203 52 33.653
    endloop
  endfacet
  facet normal 0 1 0
    outer loop
      vertex 9 52 33.653
      vertex 203 52 33.153
      vertex 9 52 33.153
    endloop
  endfacet
  facet normal 0 0.436084 -0.899906
    outer loop
      vertex 5.2 48.75 31.5781
      vertex 0 48.75 31.5781
      vertex 5.2 49.6 31.99
    endloop
  endfacet
  facet normal 0 0.43608 -0.899908
    outer loop
      vertex 5.2 49.6 31.99
      vertex 6 52 33.153
      vertex 6 49.6 31.99
    endloop
  endfacet
  facet normal 5.3249e-07 0.436081 -0.899907
    outer loop
      vertex 0 52 33.153
      vertex 5.2 49.6 31.99
      vertex 0 48.75 31.5781
    endloop
  endfacet
  facet normal 0 0.43608 -0.899908
    outer loop
      vertex 5.2 49.6 31.99
      vertex 0 52 33.153
      vertex 6 52 33.153
    endloop
  endfacet
  facet normal 0 0.436084 -0.899906
    outer loop
      vertex 206.8 49.6 31.99
      vertex 212 48.75 31.5781
      vertex 206.8 48.75 31.5781
    endloop
  endfacet
  facet normal -5.3249e-07 0.436081 -0.899907
    outer loop
      vertex 212 48.75 31.5781
      vertex 206.8 49.6 31.99
      vertex 212 52 33.153
    endloop
  endfacet
  facet normal 0 0.43608 -0.899908
    outer loop
      vertex 206 52 33.153
      vertex 206.8 49.6 31.99
      vertex 206 49.6 31.99
    endloop
  endfacet
  facet normal 0 0.43608 -0.899908
    outer loop
      vertex 206.8 49.6 31.99
      vertex 206 52 33.153
      vertex 212 52 33.153
    endloop
  endfacet
  facet normal 0 0.436081 -0.899907
    outer loop
      vertex 9 48.75 31.5781
      vertex 203 52 33.153
      vertex 203 48.75 31.5781
    endloop
  endfacet
  facet normal 0 0.436081 -0.899907
    outer loop
      vertex 203 52 33.153
      vertex 9 48.75 31.5781
      vertex 9 52 33.153
    endloop
  endfacet
  facet normal 0 1 -0
    outer loop
      vertex 5.2 48.75 31.0781
      vertex 0 48.75 31.5781
      vertex 5.2 48.75 31.5781
    endloop
  endfacet
  facet normal 0 1 0
    outer loop
      vertex 0 48.75 31.5781
      vertex 5.2 48.75 31.0781
      vertex 0 48.75 31.0781
    endloop
  endfacet
  facet normal 0 1 -0
    outer loop
      vertex 212 48.75 31.0781
      vertex 206.8 48.75 31.5781
      vertex 212 48.75 31.5781
    endloop
  endfacet
  facet normal 0 1 0
    outer loop
      vertex 206.8 48.75 31.5781
      vertex 212 48.75 31.0781
      vertex 206.8 48.75 31.0781
    endloop
  endfacet
  facet normal 0 1 -0
    outer loop
      vertex 203 48.75 31.0781
      vertex 9 48.75 31.5781
      vertex 203 48.75 31.5781
    endloop
  endfacet
  facet normal 0 1 0
    outer loop
      vertex 9 48.75 31.5781
      vertex 203 48.75 31.0781
      vertex 9 48.75 31.0781
    endloop
  endfacet
  facet normal 0 0.436122 -0.899888
    outer loop
      vertex 6 45.5 29.503
      vertex 5.2 48 30.7146
      vertex 6 48 30.7146
    endloop
  endfacet
  facet normal 0 0.436122 -0.899888
    outer loop
      vertex 0 45.5 29.503
      vertex 5.2 48 30.7146
      vertex 6 45.5 29.503
    endloop
  endfacet
  facet normal -2.66238e-06 0.436126 -0.899886
    outer loop
      vertex 0 48.75 31.0781
      vertex 5.2 48 30.7146
      vertex 0 45.5 29.503
    endloop
  endfacet
  facet normal 0 0.436141 -0.899878
    outer loop
      vertex 5.2 48 30.7146
      vertex 0 48.75 31.0781
      vertex 5.2 48.75 31.0781
    endloop
  endfacet
  facet normal 2.66238e-06 0.436126 -0.899886
    outer loop
      vertex 212 45.5 29.503
      vertex 206.8 48 30.7146
      vertex 212 48.75 31.0781
    endloop
  endfacet
  facet normal 0 0.436122 -0.899888
    outer loop
      vertex 206 45.5 29.503
      vertex 206.8 48 30.7146
      vertex 212 45.5 29.503
    endloop
  endfacet
  facet normal 0 0.436122 -0.899888
    outer loop
      vertex 206.8 48 30.7146
      vertex 206 45.5 29.503
      vertex 206 48 30.7146
    endloop
  endfacet
  facet normal 0 0.436141 -0.899878
    outer loop
      vertex 212 48.75 31.0781
      vertex 206.8 48 30.7146
      vertex 206.8 48.75 31.0781
    endloop
  endfacet
  facet normal 0 0.436126 -0.899886
    outer loop
      vertex 9 45.5 29.503
      vertex 203 48.75 31.0781
      vertex 203 45.5 29.503
    endloop
  endfacet
  facet normal 0 0.436126 -0.899886
    outer loop
      vertex 203 48.75 31.0781
      vertex 9 45.5 29.503
      vertex 9 48.75 31.0781
    endloop
  endfacet
  facet normal 0 1 -0
    outer loop
      vertex 6 45.5 29.003
      vertex 0 45.5 29.503
      vertex 6 45.5 29.503
    endloop
  endfacet
  facet normal 0 1 0
    outer loop
      vertex 0 45.5 29.503
      vertex 6 45.5 29.003
      vertex 0 45.5 29.003
    endloop
  endfacet
  facet normal 0 1 -0
    outer loop
      vertex 212 45.5 29.003
      vertex 206 45.5 29.503
      vertex 212 45.5 29.503
    endloop
  endfacet
  facet normal 0 1 0
    outer loop
      vertex 206 45.5 29.503
      vertex 212 45.5 29.003
      vertex 206 45.5 29.003
    endloop
  endfacet
  facet normal 0 1 -0
    outer loop
      vertex 203 45.5 29.003
      vertex 9 45.5 29.503
      vertex 203 45.5 29.503
    endloop
  endfacet
  facet normal 0 1 0
    outer loop
      vertex 9 45.5 29.503
      vertex 203 45.5 29.003
      vertex 9 45.5 29.003
    endloop
  endfacet
  facet normal 0 0.436104 -0.899896
    outer loop
      vertex 0 42.25 27.428
      vertex 6 45.5 29.003
      vertex 6 42.25 27.428
    endloop
  endfacet
  facet normal 0 0.436104 -0.899896
    outer loop
      vertex 6 45.5 29.003
      vertex 0 42.25 27.428
      vertex 0 45.5 29.003
    endloop
  endfacet
  facet normal 0 0.436104 -0.899896
    outer loop
      vertex 206 42.25 27.428
      vertex 212 45.5 29.003
      vertex 212 42.25 27.428
    endloop
  endfacet
  facet normal 0 0.436104 -0.899896
    outer loop
      vertex 212 45.5 29.003
      vertex 206 42.25 27.428
      vertex 206 45.5 29.003
    endloop
  endfacet
  facet normal 0 0.436104 -0.899896
    outer loop
      vertex 9 42.25 27.428
      vertex 203 45.5 29.003
      vertex 203 42.25 27.428
    endloop
  endfacet
  facet normal 0 0.436104 -0.899896
    outer loop
      vertex 203 45.5 29.003
      vertex 9 42.25 27.428
      vertex 9 45.5 29.003
    endloop
  endfacet
  facet normal 0 1 -0
    outer loop
      vertex 6 42.25 26.928
      vertex 0 42.25 27.428
      vertex 6 42.25 27.428
    endloop
  endfacet
  facet normal 0 1 0
    outer loop
      vertex 0 42.25 27.428
      vertex 6 42.25 26.928
      vertex 0 42.25 26.928
    endloop
  endfacet
  facet normal 0 1 -0
    outer loop
      vertex 212 42.25 26.928
      vertex 206 42.25 27.428
      vertex 212 42.25 27.428
    endloop
  endfacet
  facet normal 0 1 0
    outer loop
      vertex 206 42.25 27.428
      vertex 212 42.25 26.928
      vertex 206 42.25 26.928
    endloop
  endfacet
  facet normal 0 1 -0
    outer loop
      vertex 203 42.25 26.928
      vertex 9 42.25 27.428
      vertex 203 42.25 27.428
    endloop
  endfacet
  facet normal 0 1 0
    outer loop
      vertex 9 42.25 27.428
      vertex 203 42.25 26.928
      vertex 9 42.25 26.928
    endloop
  endfacet
  facet normal 0 0.436165 -0.899867
    outer loop
      vertex 6 39 25.353
      vertex 5.2 40 25.8377
      vertex 6 40 25.8377
    endloop
  endfacet
  facet normal 1.46433e-05 0.436104 -0.899896
    outer loop
      vertex 0 42.25 26.928
      vertex 5.2 40 25.8377
      vertex 0 39 25.353
    endloop
  endfacet
  facet normal 0 0.436165 -0.899867
    outer loop
      vertex 0 39 25.353
      vertex 5.2 40 25.8377
      vertex 6 39 25.353
    endloop
  endfacet
  facet normal 0 0.436104 -0.899896
    outer loop
      vertex 5.2 41.6 26.613
      vertex 6 42.25 26.928
      vertex 6 41.6 26.613
    endloop
  endfacet
  facet normal -5.94896e-06 0.436065 -0.899915
    outer loop
      vertex 5.2 40 25.8377
      vertex 0 42.25 26.928
      vertex 5.2 41.6 26.613
    endloop
  endfacet
  facet normal 0 0.436104 -0.899896
    outer loop
      vertex 5.2 41.6 26.613
      vertex 0 42.25 26.928
      vertex 6 42.25 26.928
    endloop
  endfacet
  facet normal -1.46433e-05 0.436104 -0.899896
    outer loop
      vertex 212 39 25.353
      vertex 206.8 40 25.8377
      vertex 212 42.25 26.928
    endloop
  endfacet
  facet normal 0 0.436165 -0.899867
    outer loop
      vertex 206 39 25.353
      vertex 206.8 40 25.8377
      vertex 212 39 25.353
    endloop
  endfacet
  facet normal 0 0.436165 -0.899867
    outer loop
      vertex 206.8 40 25.8377
      vertex 206 39 25.353
      vertex 206 40 25.8377
    endloop
  endfacet
  facet normal 5.94896e-06 0.436065 -0.899915
    outer loop
      vertex 206.8 41.6 26.613
      vertex 212 42.25 26.928
      vertex 206.8 40 25.8377
    endloop
  endfacet
  facet normal 0 0.436104 -0.899896
    outer loop
      vertex 206 42.25 26.928
      vertex 206.8 41.6 26.613
      vertex 206 41.6 26.613
    endloop
  endfacet
  facet normal 0 0.436104 -0.899896
    outer loop
      vertex 206.8 41.6 26.613
      vertex 206 42.25 26.928
      vertex 212 42.25 26.928
    endloop
  endfacet
  facet normal 0 0.436104 -0.899896
    outer loop
      vertex 9 39 25.353
      vertex 203 42.25 26.928
      vertex 203 39 25.353
    endloop
  endfacet
  facet normal 0 0.436104 -0.899896
    outer loop
      vertex 203 42.25 26.928
      vertex 9 39 25.353
      vertex 9 42.25 26.928
    endloop
  endfacet
  facet normal 0 1 -0
    outer loop
      vertex 6 39 24.853
      vertex 0 39 25.353
      vertex 6 39 25.353
    endloop
  endfacet
  facet normal 0 1 0
    outer loop
      vertex 0 39 25.353
      vertex 6 39 24.853
      vertex 0 39 24.853
    endloop
  endfacet
  facet normal 0 1 -0
    outer loop
      vertex 212 39 24.853
      vertex 206 39 25.353
      vertex 212 39 25.353
    endloop
  endfacet
  facet normal 0 1 0
    outer loop
      vertex 206 39 25.353
      vertex 212 39 24.853
      vertex 206 39 24.853
    endloop
  endfacet
  facet normal 0 1 -0
    outer loop
      vertex 203 39 24.853
      vertex 9 39 25.353
      vertex 203 39 25.353
    endloop
  endfacet
  facet normal 0 1 0
    outer loop
      vertex 9 39 25.353
      vertex 203 39 24.853
      vertex 9 39 24.853
    endloop
  endfacet
  facet normal 0 0.436104 -0.899896
    outer loop
      vertex 0 35.75 23.278
      vertex 6 39 24.853
      vertex 6 35.75 23.278
    endloop
  endfacet
  facet normal 0 0.436104 -0.899896
    outer loop
      vertex 6 39 24.853
      vertex 0 35.75 23.278
      vertex 0 39 24.853
    endloop
  endfacet
  facet normal 0 0.436104 -0.899896
    outer loop
      vertex 206 35.75 23.278
      vertex 212 39 24.853
      vertex 212 35.75 23.278
    endloop
  endfacet
  facet normal 0 0.436104 -0.899896
    outer loop
      vertex 212 39 24.853
      vertex 206 35.75 23.278
      vertex 206 39 24.853
    endloop
  endfacet
  facet normal 0 0.436104 -0.899896
    outer loop
      vertex 9 35.75 23.278
      vertex 203 39 24.853
      vertex 203 35.75 23.278
    endloop
  endfacet
  facet normal 0 0.436104 -0.899896
    outer loop
      vertex 203 39 24.853
      vertex 9 35.75 23.278
      vertex 9 39 24.853
    endloop
  endfacet
  facet normal 0 1 -0
    outer loop
      vertex 6 35.75 22.778
      vertex 0 35.75 23.278
      vertex 6 35.75 23.278
    endloop
  endfacet
  facet normal 0 1 0
    outer loop
      vertex 0 35.75 23.278
      vertex 6 35.75 22.778
      vertex 0 35.75 22.778
    endloop
  endfacet
  facet normal 0 1 -0
    outer loop
      vertex 212 35.75 22.778
      vertex 206 35.75 23.278
      vertex 212 35.75 23.278
    endloop
  endfacet
  facet normal 0 1 0
    outer loop
      vertex 206 35.75 23.278
      vertex 212 35.75 22.778
      vertex 206 35.75 22.778
    endloop
  endfacet
  facet normal 0 1 -0
    outer loop
      vertex 203 35.75 22.778
      vertex 9 35.75 23.278
      vertex 203 35.75 23.278
    endloop
  endfacet
  facet normal 0 1 0
    outer loop
      vertex 9 35.75 23.278
      vertex 203 35.75 22.778
      vertex 9 35.75 22.778
    endloop
  endfacet
  facet normal 0 0.436053 -0.899921
    outer loop
      vertex 5.2 32.5 21.2031
      vertex 0 32.5 21.2031
      vertex 5.2 33.6 21.7361
    endloop
  endfacet
  facet normal 0 0.436096 -0.8999
    outer loop
      vertex 5.2 33.6 21.7361
      vertex 6 35.75 22.778
      vertex 6 33.6 21.7361
    endloop
  endfacet
  facet normal -7.45485e-06 0.436081 -0.899907
    outer loop
      vertex 0 35.75 22.778
      vertex 5.2 33.6 21.7361
      vertex 0 32.5 21.2031
    endloop
  endfacet
  facet normal 0 0.436096 -0.8999
    outer loop
      vertex 5.2 33.6 21.7361
      vertex 0 35.75 22.778
      vertex 6 35.75 22.778
    endloop
  endfacet
  facet normal 0 0.436053 -0.899921
    outer loop
      vertex 206.8 33.6 21.7361
      vertex 212 32.5 21.2031
      vertex 206.8 32.5 21.2031
    endloop
  endfacet
  facet normal 7.45485e-06 0.436081 -0.899907
    outer loop
      vertex 212 32.5 21.2031
      vertex 206.8 33.6 21.7361
      vertex 212 35.75 22.778
    endloop
  endfacet
  facet normal 0 0.436096 -0.8999
    outer loop
      vertex 206 35.75 22.778
      vertex 206.8 33.6 21.7361
      vertex 206 33.6 21.7361
    endloop
  endfacet
  facet normal 0 0.436096 -0.8999
    outer loop
      vertex 206.8 33.6 21.7361
      vertex 206 35.75 22.778
      vertex 212 35.75 22.778
    endloop
  endfacet
  facet normal 0 0.436081 -0.899907
    outer loop
      vertex 9 32.5 21.2031
      vertex 203 35.75 22.778
      vertex 203 32.5 21.2031
    endloop
  endfacet
  facet normal 0 0.436081 -0.899907
    outer loop
      vertex 203 35.75 22.778
      vertex 9 32.5 21.2031
      vertex 9 35.75 22.778
    endloop
  endfacet
  facet normal 0 1 -0
    outer loop
      vertex 5.2 32.5 20.7031
      vertex 0 32.5 21.2031
      vertex 5.2 32.5 21.2031
    endloop
  endfacet
  facet normal 0 1 0
    outer loop
      vertex 0 32.5 21.2031
      vertex 5.2 32.5 20.7031
      vertex 0 32.5 20.7031
    endloop
  endfacet
  facet normal 0 1 -0
    outer loop
      vertex 212 32.5 20.7031
      vertex 206.8 32.5 21.2031
      vertex 212 32.5 21.2031
    endloop
  endfacet
  facet normal 0 1 0
    outer loop
      vertex 206.8 32.5 21.2031
      vertex 212 32.5 20.7031
      vertex 206.8 32.5 20.7031
    endloop
  endfacet
  facet normal 0 1 -0
    outer loop
      vertex 203 32.5 20.7031
      vertex 9 32.5 21.2031
      vertex 203 32.5 21.2031
    endloop
  endfacet
  facet normal 0 1 0
    outer loop
      vertex 9 32.5 21.2031
      vertex 203 32.5 20.7031
      vertex 9 32.5 20.7031
    endloop
  endfacet
  facet normal 0 0.436106 -0.899895
    outer loop
      vertex 6 29.25 19.128
      vertex 5.2 32 20.4607
      vertex 6 32 20.4607
    endloop
  endfacet
  facet normal 0 0.436106 -0.899895
    outer loop
      vertex 0 29.25 19.128
      vertex 5.2 32 20.4607
      vertex 6 29.25 19.128
    endloop
  endfacet
  facet normal -1.33119e-05 0.436126 -0.899886
    outer loop
      vertex 0 32.5 20.7031
      vertex 5.2 32 20.4607
      vertex 0 29.25 19.128
    endloop
  endfacet
  facet normal 0 0.436238 -0.899831
    outer loop
      vertex 5.2 32 20.4607
      vertex 0 32.5 20.7031
      vertex 5.2 32.5 20.7031
    endloop
  endfacet
  facet normal 1.33119e-05 0.436126 -0.899886
    outer loop
      vertex 212 29.25 19.128
      vertex 206.8 32 20.4607
      vertex 212 32.5 20.7031
    endloop
  endfacet
  facet normal 0 0.436106 -0.899895
    outer loop
      vertex 206 29.25 19.128
      vertex 206.8 32 20.4607
      vertex 212 29.25 19.128
    endloop
  endfacet
  facet normal 0 0.436106 -0.899895
    outer loop
      vertex 206.8 32 20.4607
      vertex 206 29.25 19.128
      vertex 206 32 20.4607
    endloop
  endfacet
  facet normal 0 0.436238 -0.899831
    outer loop
      vertex 212 32.5 20.7031
      vertex 206.8 32 20.4607
      vertex 206.8 32.5 20.7031
    endloop
  endfacet
  facet normal 0 0.436126 -0.899886
    outer loop
      vertex 9 29.25 19.128
      vertex 203 32.5 20.7031
      vertex 203 29.25 19.128
    endloop
  endfacet
  facet normal 0 0.436126 -0.899886
    outer loop
      vertex 203 32.5 20.7031
      vertex 9 29.25 19.128
      vertex 9 32.5 20.7031
    endloop
  endfacet
  facet normal 0 1 -0
    outer loop
      vertex 6 29.25 18.628
      vertex 0 29.25 19.128
      vertex 6 29.25 19.128
    endloop
  endfacet
  facet normal 0 1 0
    outer loop
      vertex 0 29.25 19.128
      vertex 6 29.25 18.628
      vertex 0 29.25 18.628
    endloop
  endfacet
  facet normal 0 1 -0
    outer loop
      vertex 212 29.25 18.628
      vertex 206 29.25 19.128
      vertex 212 29.25 19.128
    endloop
  endfacet
  facet normal 0 1 0
    outer loop
      vertex 206 29.25 19.128
      vertex 212 29.25 18.628
      vertex 206 29.25 18.628
    endloop
  endfacet
  facet normal 0 1 -0
    outer loop
      vertex 203 29.25 18.628
      vertex 9 29.25 19.128
      vertex 203 29.25 19.128
    endloop
  endfacet
  facet normal 0 1 0
    outer loop
      vertex 9 29.25 19.128
      vertex 203 29.25 18.628
      vertex 9 29.25 18.628
    endloop
  endfacet
  facet normal 0 0.436104 -0.899896
    outer loop
      vertex 0 26 17.053
      vertex 6 29.25 18.628
      vertex 6 26 17.053
    endloop
  endfacet
  facet normal 0 0.436104 -0.899896
    outer loop
      vertex 6 29.25 18.628
      vertex 0 26 17.053
      vertex 0 29.25 18.628
    endloop
  endfacet
  facet normal 0 0.436104 -0.899896
    outer loop
      vertex 206 26 17.053
      vertex 212 29.25 18.628
      vertex 212 26 17.053
    endloop
  endfacet
  facet normal 0 0.436104 -0.899896
    outer loop
      vertex 212 29.25 18.628
      vertex 206 26 17.053
      vertex 206 29.25 18.628
    endloop
  endfacet
  facet normal 0 0.436104 -0.899896
    outer loop
      vertex 9 26 17.053
      vertex 203 29.25 18.628
      vertex 203 26 17.053
    endloop
  endfacet
  facet normal 0 0.436104 -0.899896
    outer loop
      vertex 203 29.25 18.628
      vertex 9 26 17.053
      vertex 9 29.25 18.628
    endloop
  endfacet
  facet normal 0 1 -0
    outer loop
      vertex 6 26 16.553
      vertex 0 26 17.053
      vertex 6 26 17.053
    endloop
  endfacet
  facet normal 0 1 0
    outer loop
      vertex 0 26 17.053
      vertex 6 26 16.553
      vertex 0 26 16.553
    endloop
  endfacet
  facet normal 0 1 -0
    outer loop
      vertex 212 26 16.553
      vertex 206 26 17.053
      vertex 212 26 17.053
    endloop
  endfacet
  facet normal 0 1 0
    outer loop
      vertex 206 26 17.053
      vertex 212 26 16.553
      vertex 206 26 16.553
    endloop
  endfacet
  facet normal 0 1 -0
    outer loop
      vertex 203 26 16.553
      vertex 9 26 17.053
      vertex 203 26 17.053
    endloop
  endfacet
  facet normal 0 1 0
    outer loop
      vertex 9 26 17.053
      vertex 203 26 16.553
      vertex 9 26 16.553
    endloop
  endfacet
  facet normal 0 0.436122 -0.899888
    outer loop
      vertex 6 22.75 14.978
      vertex 5.2 24 15.5838
      vertex 6 24 15.5838
    endloop
  endfacet
  facet normal 5.32483e-06 0.436104 -0.899896
    outer loop
      vertex 0 26 16.553
      vertex 5.2 24 15.5838
      vertex 0 22.75 14.978
    endloop
  endfacet
  facet normal 0 0.436122 -0.899888
    outer loop
      vertex 0 22.75 14.978
      vertex 5.2 24 15.5838
      vertex 6 22.75 14.978
    endloop
  endfacet
  facet normal 0 0.43602 -0.899937
    outer loop
      vertex 5.2 25.6 16.3592
      vertex 6 26 16.553
      vertex 6 25.6 16.3592
    endloop
  endfacet
  facet normal 0 0.43602 -0.899937
    outer loop
      vertex 5.2 25.6 16.3592
      vertex 0 26 16.553
      vertex 6 26 16.553
    endloop
  endfacet
  facet normal 8.65282e-06 0.436111 -0.899893
    outer loop
      vertex 5.2 24 15.5838
      vertex 0 26 16.553
      vertex 5.2 25.6 16.3592
    endloop
  endfacet
  facet normal -5.32483e-06 0.436104 -0.899896
    outer loop
      vertex 212 22.75 14.978
      vertex 206.8 24 15.5838
      vertex 212 26 16.553
    endloop
  endfacet
  facet normal 0 0.436122 -0.899888
    outer loop
      vertex 206 22.75 14.978
      vertex 206.8 24 15.5838
      vertex 212 22.75 14.978
    endloop
  endfacet
  facet normal 0 0.436122 -0.899888
    outer loop
      vertex 206.8 24 15.5838
      vertex 206 22.75 14.978
      vertex 206 24 15.5838
    endloop
  endfacet
  facet normal -8.65282e-06 0.436111 -0.899893
    outer loop
      vertex 206.8 25.6 16.3592
      vertex 212 26 16.553
      vertex 206.8 24 15.5838
    endloop
  endfacet
  facet normal 0 0.43602 -0.899937
    outer loop
      vertex 206 26 16.553
      vertex 206.8 25.6 16.3592
      vertex 206 25.6 16.3592
    endloop
  endfacet
  facet normal 0 0.43602 -0.899937
    outer loop
      vertex 206.8 25.6 16.3592
      vertex 206 26 16.553
      vertex 212 26 16.553
    endloop
  endfacet
  facet normal 0 0.436104 -0.899896
    outer loop
      vertex 9 22.75 14.978
      vertex 203 26 16.553
      vertex 203 22.75 14.978
    endloop
  endfacet
  facet normal 0 0.436104 -0.899896
    outer loop
      vertex 203 26 16.553
      vertex 9 22.75 14.978
      vertex 9 26 16.553
    endloop
  endfacet
  facet normal 0 1 -0
    outer loop
      vertex 6 22.75 14.478
      vertex 0 22.75 14.978
      vertex 6 22.75 14.978
    endloop
  endfacet
  facet normal 0 1 0
    outer loop
      vertex 0 22.75 14.978
      vertex 6 22.75 14.478
      vertex 0 22.75 14.478
    endloop
  endfacet
  facet normal 0 1 -0
    outer loop
      vertex 212 22.75 14.478
      vertex 206 22.75 14.978
      vertex 212 22.75 14.978
    endloop
  endfacet
  facet normal 0 1 0
    outer loop
      vertex 206 22.75 14.978
      vertex 212 22.75 14.478
      vertex 206 22.75 14.478
    endloop
  endfacet
  facet normal 0 1 -0
    outer loop
      vertex 203 22.75 14.478
      vertex 9 22.75 14.978
      vertex 203 22.75 14.978
    endloop
  endfacet
  facet normal 0 1 0
    outer loop
      vertex 9 22.75 14.978
      vertex 203 22.75 14.478
      vertex 9 22.75 14.478
    endloop
  endfacet
  facet normal 0 0.436081 -0.899907
    outer loop
      vertex 0 19.5 12.9031
      vertex 6 22.75 14.478
      vertex 6 19.5 12.9031
    endloop
  endfacet
  facet normal 0 0.436081 -0.899907
    outer loop
      vertex 6 22.75 14.478
      vertex 0 19.5 12.9031
      vertex 0 22.75 14.478
    endloop
  endfacet
  facet normal 0 0.436081 -0.899907
    outer loop
      vertex 206 19.5 12.9031
      vertex 212 22.75 14.478
      vertex 212 19.5 12.9031
    endloop
  endfacet
  facet normal 0 0.436081 -0.899907
    outer loop
      vertex 212 22.75 14.478
      vertex 206 19.5 12.9031
      vertex 206 22.75 14.478
    endloop
  endfacet
  facet normal 0 0.436081 -0.899907
    outer loop
      vertex 9 19.5 12.9031
      vertex 203 22.75 14.478
      vertex 203 19.5 12.9031
    endloop
  endfacet
  facet normal 0 0.436081 -0.899907
    outer loop
      vertex 203 22.75 14.478
      vertex 9 19.5 12.9031
      vertex 9 22.75 14.478
    endloop
  endfacet
  facet normal 0 1 -0
    outer loop
      vertex 6 19.5 12.4031
      vertex 0 19.5 12.9031
      vertex 6 19.5 12.9031
    endloop
  endfacet
  facet normal 0 1 0
    outer loop
      vertex 0 19.5 12.9031
      vertex 6 19.5 12.4031
      vertex 0 19.5 12.4031
    endloop
  endfacet
  facet normal 0 1 -0
    outer loop
      vertex 212 19.5 12.4031
      vertex 206 19.5 12.9031
      vertex 212 19.5 12.9031
    endloop
  endfacet
  facet normal 0 1 0
    outer loop
      vertex 206 19.5 12.9031
      vertex 212 19.5 12.4031
      vertex 206 19.5 12.4031
    endloop
  endfacet
  facet normal 0 1 -0
    outer loop
      vertex 203 19.5 12.4031
      vertex 9 19.5 12.9031
      vertex 203 19.5 12.9031
    endloop
  endfacet
  facet normal 0 1 0
    outer loop
      vertex 9 19.5 12.9031
      vertex 203 19.5 12.4031
      vertex 9 19.5 12.4031
    endloop
  endfacet
  facet normal 0 0.436087 -0.899904
    outer loop
      vertex 5.2 16.25 10.8281
      vertex 0 16.25 10.8281
      vertex 5.2 17.6 11.4823
    endloop
  endfacet
  facet normal 0 0.436115 -0.899891
    outer loop
      vertex 5.2 17.6 11.4823
      vertex 6 19.5 12.4031
      vertex 6 17.6 11.4823
    endloop
  endfacet
  facet normal -5.32483e-06 0.436104 -0.899896
    outer loop
      vertex 0 19.5 12.4031
      vertex 5.2 17.6 11.4823
      vertex 0 16.25 10.8281
    endloop
  endfacet
  facet normal 0 0.436115 -0.899891
    outer loop
      vertex 5.2 17.6 11.4823
      vertex 0 19.5 12.4031
      vertex 6 19.5 12.4031
    endloop
  endfacet
  facet normal 0 0.436087 -0.899904
    outer loop
      vertex 206.8 17.6 11.4823
      vertex 212 16.25 10.8281
      vertex 206.8 16.25 10.8281
    endloop
  endfacet
  facet normal 5.32483e-06 0.436104 -0.899896
    outer loop
      vertex 212 16.25 10.8281
      vertex 206.8 17.6 11.4823
      vertex 212 19.5 12.4031
    endloop
  endfacet
  facet normal 0 0.436115 -0.899891
    outer loop
      vertex 206 19.5 12.4031
      vertex 206.8 17.6 11.4823
      vertex 206 17.6 11.4823
    endloop
  endfacet
  facet normal 0 0.436115 -0.899891
    outer loop
      vertex 206.8 17.6 11.4823
      vertex 206 19.5 12.4031
      vertex 212 19.5 12.4031
    endloop
  endfacet
  facet normal 0 0.436104 -0.899896
    outer loop
      vertex 9 16.25 10.8281
      vertex 203 19.5 12.4031
      vertex 203 16.25 10.8281
    endloop
  endfacet
  facet normal 0 0.436104 -0.899896
    outer loop
      vertex 203 19.5 12.4031
      vertex 9 16.25 10.8281
      vertex 9 19.5 12.4031
    endloop
  endfacet
  facet normal 0 1 -0
    outer loop
      vertex 5.2 16.25 10.3281
      vertex 0 16.25 10.8281
      vertex 5.2 16.25 10.8281
    endloop
  endfacet
  facet normal 0 1 0
    outer loop
      vertex 0 16.25 10.8281
      vertex 5.2 16.25 10.3281
      vertex 0 16.25 10.3281
    endloop
  endfacet
  facet normal 0 1 -0
    outer loop
      vertex 212 16.25 10.3281
      vertex 206.8 16.25 10.8281
      vertex 212 16.25 10.8281
    endloop
  endfacet
  facet normal 0 1 0
    outer loop
      vertex 206.8 16.25 10.8281
      vertex 212 16.25 10.3281
      vertex 206.8 16.25 10.3281
    endloop
  endfacet
  facet normal 0 1 -0
    outer loop
      vertex 203 16.25 10.3281
      vertex 9 16.25 10.8281
      vertex 203 16.25 10.8281
    endloop
  endfacet
  facet normal 0 1 0
    outer loop
      vertex 9 16.25 10.8281
      vertex 203 16.25 10.3281
      vertex 9 16.25 10.3281
    endloop
  endfacet
  facet normal 0 0.436107 -0.899895
    outer loop
      vertex 6 13 8.75304
      vertex 5.2 16 10.2069
      vertex 6 16 10.2069
    endloop
  endfacet
  facet normal 0 0.436107 -0.899895
    outer loop
      vertex 0 13 8.75304
      vertex 5.2 16 10.2069
      vertex 6 13 8.75304
    endloop
  endfacet
  facet normal -7.18847e-06 0.436117 -0.89989
    outer loop
      vertex 0 16.25 10.3281
      vertex 5.2 16 10.2069
      vertex 0 13 8.75304
    endloop
  endfacet
  facet normal 0 0.436238 -0.899831
    outer loop
      vertex 5.2 16 10.2069
      vertex 0 16.25 10.3281
      vertex 5.2 16.25 10.3281
    endloop
  endfacet
  facet normal 7.18847e-06 0.436117 -0.89989
    outer loop
      vertex 212 13 8.75304
      vertex 206.8 16 10.2069
      vertex 212 16.25 10.3281
    endloop
  endfacet
  facet normal 0 0.436107 -0.899895
    outer loop
      vertex 206 13 8.75304
      vertex 206.8 16 10.2069
      vertex 212 13 8.75304
    endloop
  endfacet
  facet normal 0 0.436107 -0.899895
    outer loop
      vertex 206.8 16 10.2069
      vertex 206 13 8.75304
      vertex 206 16 10.2069
    endloop
  endfacet
  facet normal 0 0.436238 -0.899831
    outer loop
      vertex 212 16.25 10.3281
      vertex 206.8 16 10.2069
      vertex 206.8 16.25 10.3281
    endloop
  endfacet
  facet normal 0 0.436117 -0.89989
    outer loop
      vertex 9 13 8.75304
      vertex 203 16.25 10.3281
      vertex 203 13 8.75304
    endloop
  endfacet
  facet normal 0 0.436117 -0.89989
    outer loop
      vertex 203 16.25 10.3281
      vertex 9 13 8.75304
      vertex 9 16.25 10.3281
    endloop
  endfacet
  facet normal 0 1 -0
    outer loop
      vertex 6 13 8.25304
      vertex 0 13 8.75304
      vertex 6 13 8.75304
    endloop
  endfacet
  facet normal 0 1 0
    outer loop
      vertex 0 13 8.75304
      vertex 6 13 8.25304
      vertex 0 13 8.25304
    endloop
  endfacet
  facet normal 0 1 -0
    outer loop
      vertex 212 13 8.25304
      vertex 206 13 8.75304
      vertex 212 13 8.75304
    endloop
  endfacet
  facet normal 0 1 0
    outer loop
      vertex 206 13 8.75304
      vertex 212 13 8.25304
      vertex 206 13 8.25304
    endloop
  endfacet
  facet normal 0 1 -0
    outer loop
      vertex 203 13 8.25304
      vertex 9 13 8.75304
      vertex 203 13 8.75304
    endloop
  endfacet
  facet normal 0 1 0
    outer loop
      vertex 9 13 8.75304
      vertex 203 13 8.25304
      vertex 9 13 8.25304
    endloop
  endfacet
  facet normal 0 0.436104 -0.899896
    outer loop
      vertex 0 9.75 6.67804
      vertex 6 13 8.25304
      vertex 6 9.75 6.67804
    endloop
  endfacet
  facet normal 0 0.436104 -0.899896
    outer loop
      vertex 6 13 8.25304
      vertex 0 9.75 6.67804
      vertex 0 13 8.25304
    endloop
  endfacet
  facet normal 0 0.436104 -0.899896
    outer loop
      vertex 206 9.75 6.67804
      vertex 212 13 8.25304
      vertex 212 9.75 6.67804
    endloop
  endfacet
  facet normal 0 0.436104 -0.899896
    outer loop
      vertex 212 13 8.25304
      vertex 206 9.75 6.67804
      vertex 206 13 8.25304
    endloop
  endfacet
  facet normal 0 0.436104 -0.899896
    outer loop
      vertex 9 9.75 6.67804
      vertex 203 13 8.25304
      vertex 203 9.75 6.67804
    endloop
  endfacet
  facet normal 0 0.436104 -0.899896
    outer loop
      vertex 203 13 8.25304
      vertex 9 9.75 6.67804
      vertex 9 13 8.25304
    endloop
  endfacet
  facet normal 0 1 -0
    outer loop
      vertex 6 9.75 6.17804
      vertex 0 9.75 6.67804
      vertex 6 9.75 6.67804
    endloop
  endfacet
  facet normal 0 1 0
    outer loop
      vertex 0 9.75 6.67804
      vertex 6 9.75 6.17804
      vertex 0 9.75 6.17804
    endloop
  endfacet
  facet normal 0 1 -0
    outer loop
      vertex 212 9.75 6.17804
      vertex 206 9.75 6.67804
      vertex 212 9.75 6.67804
    endloop
  endfacet
  facet normal 0 1 0
    outer loop
      vertex 206 9.75 6.67804
      vertex 212 9.75 6.17804
      vertex 206 9.75 6.17804
    endloop
  endfacet
  facet normal 0 1 -0
    outer loop
      vertex 203 9.75 6.17804
      vertex 9 9.75 6.67804
      vertex 203 9.75 6.67804
    endloop
  endfacet
  facet normal 0 1 0
    outer loop
      vertex 9 9.75 6.67804
      vertex 203 9.75 6.17804
      vertex 9 9.75 6.17804
    endloop
  endfacet
  facet normal 0 0.436102 -0.899897
    outer loop
      vertex 6 6.5 4.60305
      vertex 5.2 8 5.32997
      vertex 6 8 5.32997
    endloop
  endfacet
  facet normal 2.66242e-07 0.436101 -0.899898
    outer loop
      vertex 0 9.75 6.17804
      vertex 5.2 8 5.32997
      vertex 0 6.5 4.60305
    endloop
  endfacet
  facet normal 0 0.436102 -0.899897
    outer loop
      vertex 0 6.5 4.60305
      vertex 5.2 8 5.32997
      vertex 6 6.5 4.60305
    endloop
  endfacet
  facet normal 0 0.436092 -0.899902
    outer loop
      vertex 5.2 9.6 6.10535
      vertex 6 9.75 6.17804
      vertex 6 9.6 6.10535
    endloop
  endfacet
  facet normal 0 0.436092 -0.899902
    outer loop
      vertex 5.2 9.6 6.10535
      vertex 0 9.75 6.17804
      vertex 6 9.75 6.17804
    endloop
  endfacet
  facet normal 3.24482e-07 0.436102 -0.899897
    outer loop
      vertex 5.2 8 5.32997
      vertex 0 9.75 6.17804
      vertex 5.2 9.6 6.10535
    endloop
  endfacet
  facet normal -2.66242e-07 0.436101 -0.899898
    outer loop
      vertex 212 6.5 4.60305
      vertex 206.8 8 5.32997
      vertex 212 9.75 6.17804
    endloop
  endfacet
  facet normal 0 0.436102 -0.899897
    outer loop
      vertex 206 6.5 4.60305
      vertex 206.8 8 5.32997
      vertex 212 6.5 4.60305
    endloop
  endfacet
  facet normal 0 0.436102 -0.899897
    outer loop
      vertex 206.8 8 5.32997
      vertex 206 6.5 4.60305
      vertex 206 8 5.32997
    endloop
  endfacet
  facet normal -3.24482e-07 0.436102 -0.899897
    outer loop
      vertex 206.8 9.6 6.10535
      vertex 212 9.75 6.17804
      vertex 206.8 8 5.32997
    endloop
  endfacet
  facet normal 0 0.436092 -0.899902
    outer loop
      vertex 206 9.75 6.17804
      vertex 206.8 9.6 6.10535
      vertex 206 9.6 6.10535
    endloop
  endfacet
  facet normal 0 0.436092 -0.899902
    outer loop
      vertex 206.8 9.6 6.10535
      vertex 206 9.75 6.17804
      vertex 212 9.75 6.17804
    endloop
  endfacet
  facet normal 0 0.436101 -0.899898
    outer loop
      vertex 9 6.5 4.60305
      vertex 203 9.75 6.17804
      vertex 203 6.5 4.60305
    endloop
  endfacet
  facet normal 0 0.436101 -0.899898
    outer loop
      vertex 203 9.75 6.17804
      vertex 9 6.5 4.60305
      vertex 9 9.75 6.17804
    endloop
  endfacet
  facet normal 0 1 -0
    outer loop
      vertex 6 6.5 4.10305
      vertex 0 6.5 4.60305
      vertex 6 6.5 4.60305
    endloop
  endfacet
  facet normal 0 1 0
    outer loop
      vertex 0 6.5 4.60305
      vertex 6 6.5 4.10305
      vertex 0 6.5 4.10305
    endloop
  endfacet
  facet normal 0 1 -0
    outer loop
      vertex 212 6.5 4.10305
      vertex 206 6.5 4.60305
      vertex 212 6.5 4.60305
    endloop
  endfacet
  facet normal 0 1 0
    outer loop
      vertex 206 6.5 4.60305
      vertex 212 6.5 4.10305
      vertex 206 6.5 4.10305
    endloop
  endfacet
  facet normal 0 1 -0
    outer loop
      vertex 203 6.5 4.10305
      vertex 9 6.5 4.60305
      vertex 203 6.5 4.60305
    endloop
  endfacet
  facet normal 0 1 0
    outer loop
      vertex 9 6.5 4.60305
      vertex 203 6.5 4.10305
      vertex 9 6.5 4.10305
    endloop
  endfacet
  facet normal 3.46114e-07 0.436104 -0.899896
    outer loop
      vertex 212 3.25 2.52805
      vertex 206 6 3.86074
      vertex 212 6.5 4.10305
    endloop
  endfacet
  facet normal 0 0.436103 -0.899897
    outer loop
      vertex 212 3.25 2.52805
      vertex 6 6 3.86074
      vertex 206 6 3.86074
    endloop
  endfacet
  facet normal 0 0.436103 -0.899897
    outer loop
      vertex 0 3.25 2.52805
      vertex 6 6 3.86074
      vertex 212 3.25 2.52805
    endloop
  endfacet
  facet normal -3.46114e-07 0.436104 -0.899896
    outer loop
      vertex 0 6.5 4.10305
      vertex 6 6 3.86074
      vertex 0 3.25 2.52805
    endloop
  endfacet
  facet normal 0 0.436107 -0.899895
    outer loop
      vertex 6 6 3.86074
      vertex 0 6.5 4.10305
      vertex 6 6.5 4.10305
    endloop
  endfacet
  facet normal 0 0.436107 -0.899895
    outer loop
      vertex 212 6.5 4.10305
      vertex 206 6 3.86074
      vertex 206 6.5 4.10305
    endloop
  endfacet
  facet normal 0 0.436108 -0.899894
    outer loop
      vertex 9 6.28736 4
      vertex 203 6.5 4.10305
      vertex 203 6.28736 4
    endloop
  endfacet
  facet normal 0 0.436108 -0.899894
    outer loop
      vertex 203 6.5 4.10305
      vertex 9 6.28736 4
      vertex 9 6.5 4.10305
    endloop
  endfacet
  facet normal 0 1 -0
    outer loop
      vertex 212 3.25 2.02805
      vertex 0 3.25 2.52805
      vertex 212 3.25 2.52805
    endloop
  endfacet
  facet normal 0 1 0
    outer loop
      vertex 0 3.25 2.52805
      vertex 212 3.25 2.02805
      vertex 0 3.25 2.02805
    endloop
  endfacet
  facet normal 0 0.436103 -0.899897
    outer loop
      vertex 0 0 0.453053
      vertex 212 3.25 2.02805
      vertex 212 0 0.453053
    endloop
  endfacet
  facet normal 0 0.436103 -0.899897
    outer loop
      vertex 212 3.25 2.02805
      vertex 0 0 0.453053
      vertex 0 3.25 2.02805
    endloop
  endfacet
  facet normal 0 0 -1
    outer loop
      vertex 29.3579 7.06001 0
      vertex 14 14 0
      vertex 29.3 7.5 0
    endloop
  endfacet
  facet normal 0 0 -1
    outer loop
      vertex 29.5278 6.65 0
      vertex 14 14 0
      vertex 29.3579 7.06001 0
    endloop
  endfacet
  facet normal 0 0 -1
    outer loop
      vertex 6 6 0
      vertex 29.5278 6.65 0
      vertex 29.7979 6.29792 0
    endloop
  endfacet
  facet normal 0 0 -1
    outer loop
      vertex 6 6 0
      vertex 29.7979 6.29792 0
      vertex 30.15 6.02776 0
    endloop
  endfacet
  facet normal 0 0 -1
    outer loop
      vertex 6 8 0
      vertex 14 14 0
      vertex 6 6 0
    endloop
  endfacet
  facet normal -0 0 -1
    outer loop
      vertex 29.5278 6.65 0
      vertex 6 6 0
      vertex 14 14 0
    endloop
  endfacet
  facet normal 0 0 -1
    outer loop
      vertex 6 6 0
      vertex 30.15 6.02776 0
      vertex 30.217 6 0
    endloop
  endfacet
  facet normal 0 0 -1
    outer loop
      vertex 118.358 7.06001 0
      vertex 32.7 7.5 0
      vertex 118.3 7.5 0
    endloop
  endfacet
  facet normal 0 0 -1
    outer loop
      vertex 32.6421 7.06001 0
      vertex 118.358 7.06001 0
      vertex 118.528 6.65 0
    endloop
  endfacet
  facet normal 0 0 -1
    outer loop
      vertex 32.4722 6.65 0
      vertex 118.528 6.65 0
      vertex 118.798 6.29792 0
    endloop
  endfacet
  facet normal 0 0 -1
    outer loop
      vertex 32.2021 6.29792 0
      vertex 118.798 6.29792 0
      vertex 119.15 6.02776 0
    endloop
  endfacet
  facet normal 0 0 -1
    outer loop
      vertex 31.85 6.02776 0
      vertex 119.15 6.02776 0
      vertex 119.217 6 0
    endloop
  endfacet
  facet normal 0 0 -1
    outer loop
      vertex 118.358 7.06001 0
      vertex 32.6421 7.06001 0
      vertex 32.7 7.5 0
    endloop
  endfacet
  facet normal 0 0 -1
    outer loop
      vertex 118.528 6.65 0
      vertex 32.4722 6.65 0
      vertex 32.6421 7.06001 0
    endloop
  endfacet
  facet normal 0 0 -1
    outer loop
      vertex 118.798 6.29792 0
      vertex 32.2021 6.29792 0
      vertex 32.4722 6.65 0
    endloop
  endfacet
  facet normal 0 0 -1
    outer loop
      vertex 119.15 6.02776 0
      vertex 31.85 6.02776 0
      vertex 32.2021 6.29792 0
    endloop
  endfacet
  facet normal 0 -0 -1
    outer loop
      vertex 31.85 6.02776 0
      vertex 119.217 6 0
      vertex 31.783 6 0
    endloop
  endfacet
  facet normal 0 0 -1
    outer loop
      vertex 198 116 0
      vertex 182.642 122.06 0
      vertex 182.7 122.5 0
    endloop
  endfacet
  facet normal 0 0 -1
    outer loop
      vertex 198 116 0
      vertex 182.472 121.65 0
      vertex 182.642 122.06 0
    endloop
  endfacet
  facet normal 0 0 -1
    outer loop
      vertex 198 116 0
      vertex 182.202 121.298 0
      vertex 182.472 121.65 0
    endloop
  endfacet
  facet normal 0 0 -1
    outer loop
      vertex 198 116 0
      vertex 181.85 121.028 0
      vertex 182.202 121.298 0
    endloop
  endfacet
  facet normal 0 0 -1
    outer loop
      vertex 198 116 0
      vertex 181.44 120.858 0
      vertex 181.85 121.028 0
    endloop
  endfacet
  facet normal 0 0 -1
    outer loop
      vertex 198 116 0
      vertex 181 120.8 0
      vertex 181.44 120.858 0
    endloop
  endfacet
  facet normal 0 0 -1
    outer loop
      vertex 198 116 0
      vertex 180.56 120.858 0
      vertex 181 120.8 0
    endloop
  endfacet
  facet normal 0 0 -1
    outer loop
      vertex 179.358 122.06 0
      vertex 32.7 122.5 0
      vertex 179.3 122.5 0
    endloop
  endfacet
  facet normal 0 0 -1
    outer loop
      vertex 32.6421 122.06 0
      vertex 179.358 122.06 0
      vertex 179.528 121.65 0
    endloop
  endfacet
  facet normal 0 0 -1
    outer loop
      vertex 32.4722 121.65 0
      vertex 179.528 121.65 0
      vertex 179.798 121.298 0
    endloop
  endfacet
  facet normal 0 0 -1
    outer loop
      vertex 32.2021 121.298 0
      vertex 179.798 121.298 0
      vertex 180.15 121.028 0
    endloop
  endfacet
  facet normal 0 0 -1
    outer loop
      vertex 31.85 121.028 0
      vertex 180.15 121.028 0
      vertex 180.56 120.858 0
    endloop
  endfacet
  facet normal 0 0 -1
    outer loop
      vertex 31.44 120.858 0
      vertex 180.56 120.858 0
      vertex 198 116 0
    endloop
  endfacet
  facet normal 0 0 -1
    outer loop
      vertex 179.358 122.06 0
      vertex 32.6421 122.06 0
      vertex 32.7 122.5 0
    endloop
  endfacet
  facet normal 0 0 -1
    outer loop
      vertex 179.528 121.65 0
      vertex 32.4722 121.65 0
      vertex 32.6421 122.06 0
    endloop
  endfacet
  facet normal 0 0 -1
    outer loop
      vertex 179.798 121.298 0
      vertex 32.2021 121.298 0
      vertex 32.4722 121.65 0
    endloop
  endfacet
  facet normal 0 0 -1
    outer loop
      vertex 180.15 121.028 0
      vertex 31.85 121.028 0
      vertex 32.2021 121.298 0
    endloop
  endfacet
  facet normal 0 0 -1
    outer loop
      vertex 180.56 120.858 0
      vertex 31.44 120.858 0
      vertex 31.85 121.028 0
    endloop
  endfacet
  facet normal 0 0 -1
    outer loop
      vertex 14 116 0
      vertex 31.44 120.858 0
      vertex 198 116 0
    endloop
  endfacet
  facet normal -0 0 -1
    outer loop
      vertex 29.3579 122.06 0
      vertex 14 116 0
      vertex 29.3 122.5 0
    endloop
  endfacet
  facet normal -0 0 -1
    outer loop
      vertex 29.5278 121.65 0
      vertex 14 116 0
      vertex 29.3579 122.06 0
    endloop
  endfacet
  facet normal -0 0 -1
    outer loop
      vertex 29.7979 121.298 0
      vertex 14 116 0
      vertex 29.5278 121.65 0
    endloop
  endfacet
  facet normal -0 0 -1
    outer loop
      vertex 30.15 121.028 0
      vertex 14 116 0
      vertex 29.7979 121.298 0
    endloop
  endfacet
  facet normal -0 0 -1
    outer loop
      vertex 30.56 120.858 0
      vertex 14 116 0
      vertex 30.15 121.028 0
    endloop
  endfacet
  facet normal -0 0 -1
    outer loop
      vertex 31 120.8 0
      vertex 14 116 0
      vertex 30.56 120.858 0
    endloop
  endfacet
  facet normal 0 0 -1
    outer loop
      vertex 31.44 120.858 0
      vertex 14 116 0
      vertex 31 120.8 0
    endloop
  endfacet
  facet normal 0 0 -1
    outer loop
      vertex 198 14 0
      vertex 206 8 0
      vertex 206 6 0
    endloop
  endfacet
  facet normal 0 0 -1
    outer loop
      vertex 206 8 0
      vertex 198 14 0
      vertex 206 9.6 0
    endloop
  endfacet
  facet normal 0 0 -1
    outer loop
      vertex 206 9.6 0
      vertex 198 14 0
      vertex 206 16 0
    endloop
  endfacet
  facet normal -0 0 -1
    outer loop
      vertex 206 16 0
      vertex 198 14 0
      vertex 206 17.6 0
    endloop
  endfacet
  facet normal -0 0 -1
    outer loop
      vertex 206 17.6 0
      vertex 198 14 0
      vertex 206 24 0
    endloop
  endfacet
  facet normal -0 0 -1
    outer loop
      vertex 206 24 0
      vertex 198 14 0
      vertex 206 25.6 0
    endloop
  endfacet
  facet normal -0 0 -1
    outer loop
      vertex 206 25.6 0
      vertex 198 14 0
      vertex 206 32 0
    endloop
  endfacet
  facet normal -0 0 -1
    outer loop
      vertex 206 32 0
      vertex 198 14 0
      vertex 206 33.6 0
    endloop
  endfacet
  facet normal -0 0 -1
    outer loop
      vertex 206 33.6 0
      vertex 198 14 0
      vertex 206 40 0
    endloop
  endfacet
  facet normal -0 0 -1
    outer loop
      vertex 206 40 0
      vertex 198 14 0
      vertex 206 41.6 0
    endloop
  endfacet
  facet normal -0 0 -1
    outer loop
      vertex 206 41.6 0
      vertex 198 14 0
      vertex 206 48 0
    endloop
  endfacet
  facet normal -0 0 -1
    outer loop
      vertex 206 48 0
      vertex 198 14 0
      vertex 206 49.6 0
    endloop
  endfacet
  facet normal -0 0 -1
    outer loop
      vertex 206 49.6 0
      vertex 198 14 0
      vertex 206 56 0
    endloop
  endfacet
  facet normal -0 0 -1
    outer loop
      vertex 206 56 0
      vertex 198 14 0
      vertex 206 57.6 0
    endloop
  endfacet
  facet normal -0 0 -1
    outer loop
      vertex 206 57.6 0
      vertex 198 14 0
      vertex 206 64 0
    endloop
  endfacet
  facet normal -0 0 -1
    outer loop
      vertex 206 64 0
      vertex 198 14 0
      vertex 206 65.6 0
    endloop
  endfacet
  facet normal 0 0 -1
    outer loop
      vertex 198 116 0
      vertex 206 65.6 0
      vertex 198 14 0
    endloop
  endfacet
  facet normal 0 0 -1
    outer loop
      vertex 206 65.6 0
      vertex 198 116 0
      vertex 206 72 0
    endloop
  endfacet
  facet normal 0 0 -1
    outer loop
      vertex 206 72 0
      vertex 198 116 0
      vertex 206 73.6 0
    endloop
  endfacet
  facet normal 0 0 -1
    outer loop
      vertex 206 73.6 0
      vertex 198 116 0
      vertex 206 80 0
    endloop
  endfacet
  facet normal 0 0 -1
    outer loop
      vertex 206 80 0
      vertex 198 116 0
      vertex 206 81.6 0
    endloop
  endfacet
  facet normal 0 0 -1
    outer loop
      vertex 206 81.6 0
      vertex 198 116 0
      vertex 206 88 0
    endloop
  endfacet
  facet normal 0 0 -1
    outer loop
      vertex 206 88 0
      vertex 198 116 0
      vertex 206 89.6 0
    endloop
  endfacet
  facet normal 0 0 -1
    outer loop
      vertex 206 89.6 0
      vertex 198 116 0
      vertex 206 96 0
    endloop
  endfacet
  facet normal 0 0 -1
    outer loop
      vertex 206 96 0
      vertex 198 116 0
      vertex 206 97.6 0
    endloop
  endfacet
  facet normal 0 0 -1
    outer loop
      vertex 206 97.6 0
      vertex 198 116 0
      vertex 206 104 0
    endloop
  endfacet
  facet normal 0 0 -1
    outer loop
      vertex 206 104 0
      vertex 198 116 0
      vertex 206 105.6 0
    endloop
  endfacet
  facet normal 0 0 -1
    outer loop
      vertex 206 105.6 0
      vertex 198 116 0
      vertex 206 112 0
    endloop
  endfacet
  facet normal 0 0 -1
    outer loop
      vertex 206 112 0
      vertex 198 116 0
      vertex 206 113.6 0
    endloop
  endfacet
  facet normal 0 0 -1
    outer loop
      vertex 206 113.6 0
      vertex 198 116 0
      vertex 206 120 0
    endloop
  endfacet
  facet normal -0 0 -1
    outer loop
      vertex 206 120 0
      vertex 198 116 0
      vertex 206 121.6 0
    endloop
  endfacet
  facet normal 0 0 -1
    outer loop
      vertex 121.202 6.29792 0
      vertex 198 14 0
      vertex 206 6 0
    endloop
  endfacet
  facet normal 0 0 -1
    outer loop
      vertex 198 14 0
      vertex 121.642 7.06001 0
      vertex 121.7 7.5 0
    endloop
  endfacet
  facet normal 0 0 -1
    outer loop
      vertex 198 14 0
      vertex 121.472 6.65 0
      vertex 121.642 7.06001 0
    endloop
  endfacet
  facet normal 0 0 -1
    outer loop
      vertex 198 14 0
      vertex 121.202 6.29792 0
      vertex 121.472 6.65 0
    endloop
  endfacet
  facet normal 0 0 -1
    outer loop
      vertex 206 6 0
      vertex 120.85 6.02776 0
      vertex 121.202 6.29792 0
    endloop
  endfacet
  facet normal 0 -0 -1
    outer loop
      vertex 120.85 6.02776 0
      vertex 206 6 0
      vertex 120.783 6 0
    endloop
  endfacet
  facet normal 0 0 -1
    outer loop
      vertex 206 8 0
      vertex 206.8 9.6 0
      vertex 206.8 8 0
    endloop
  endfacet
  facet normal -0 0 -1
    outer loop
      vertex 206.8 9.6 0
      vertex 206 8 0
      vertex 206 9.6 0
    endloop
  endfacet
  facet normal 0 0 -1
    outer loop
      vertex 206 16 0
      vertex 206.8 17.6 0
      vertex 206.8 16 0
    endloop
  endfacet
  facet normal -0 0 -1
    outer loop
      vertex 206.8 17.6 0
      vertex 206 16 0
      vertex 206 17.6 0
    endloop
  endfacet
  facet normal 0 0 -1
    outer loop
      vertex 206 24 0
      vertex 206.8 25.6 0
      vertex 206.8 24 0
    endloop
  endfacet
  facet normal -0 0 -1
    outer loop
      vertex 206.8 25.6 0
      vertex 206 24 0
      vertex 206 25.6 0
    endloop
  endfacet
  facet normal 0 0 -1
    outer loop
      vertex 206 32 0
      vertex 206.8 33.6 0
      vertex 206.8 32 0
    endloop
  endfacet
  facet normal -0 0 -1
    outer loop
      vertex 206.8 33.6 0
      vertex 206 32 0
      vertex 206 33.6 0
    endloop
  endfacet
  facet normal 0 0 -1
    outer loop
      vertex 206 40 0
      vertex 206.8 41.6 0
      vertex 206.8 40 0
    endloop
  endfacet
  facet normal -0 0 -1
    outer loop
      vertex 206.8 41.6 0
      vertex 206 40 0
      vertex 206 41.6 0
    endloop
  endfacet
  facet normal 0 0 -1
    outer loop
      vertex 206 48 0
      vertex 206.8 49.6 0
      vertex 206.8 48 0
    endloop
  endfacet
  facet normal -0 0 -1
    outer loop
      vertex 206.8 49.6 0
      vertex 206 48 0
      vertex 206 49.6 0
    endloop
  endfacet
  facet normal 0 0 -1
    outer loop
      vertex 206 56 0
      vertex 206.8 57.6 0
      vertex 206.8 56 0
    endloop
  endfacet
  facet normal -0 0 -1
    outer loop
      vertex 206.8 57.6 0
      vertex 206 56 0
      vertex 206 57.6 0
    endloop
  endfacet
  facet normal 0 0 -1
    outer loop
      vertex 206 64 0
      vertex 206.8 65.6 0
      vertex 206.8 64 0
    endloop
  endfacet
  facet normal -0 0 -1
    outer loop
      vertex 206.8 65.6 0
      vertex 206 64 0
      vertex 206 65.6 0
    endloop
  endfacet
  facet normal 0 0 -1
    outer loop
      vertex 206 72 0
      vertex 206.8 73.6 0
      vertex 206.8 72 0
    endloop
  endfacet
  facet normal -0 0 -1
    outer loop
      vertex 206.8 73.6 0
      vertex 206 72 0
      vertex 206 73.6 0
    endloop
  endfacet
  facet normal 0 0 -1
    outer loop
      vertex 206 80 0
      vertex 206.8 81.6 0
      vertex 206.8 80 0
    endloop
  endfacet
  facet normal -0 0 -1
    outer loop
      vertex 206.8 81.6 0
      vertex 206 80 0
      vertex 206 81.6 0
    endloop
  endfacet
  facet normal 0 0 -1
    outer loop
      vertex 206 88 0
      vertex 206.8 89.6 0
      vertex 206.8 88 0
    endloop
  endfacet
  facet normal -0 0 -1
    outer loop
      vertex 206.8 89.6 0
      vertex 206 88 0
      vertex 206 89.6 0
    endloop
  endfacet
  facet normal 0 0 -1
    outer loop
      vertex 206 96 0
      vertex 206.8 97.6 0
      vertex 206.8 96 0
    endloop
  endfacet
  facet normal -0 0 -1
    outer loop
      vertex 206.8 97.6 0
      vertex 206 96 0
      vertex 206 97.6 0
    endloop
  endfacet
  facet normal 0 0 -1
    outer loop
      vertex 206 104 0
      vertex 206.8 105.6 0
      vertex 206.8 104 0
    endloop
  endfacet
  facet normal -0 0 -1
    outer loop
      vertex 206.8 105.6 0
      vertex 206 104 0
      vertex 206 105.6 0
    endloop
  endfacet
  facet normal 0 0 -1
    outer loop
      vertex 206 112 0
      vertex 206.8 113.6 0
      vertex 206.8 112 0
    endloop
  endfacet
  facet normal -0 0 -1
    outer loop
      vertex 206.8 113.6 0
      vertex 206 112 0
      vertex 206 113.6 0
    endloop
  endfacet
  facet normal 0 0 -1
    outer loop
      vertex 206 120 0
      vertex 206.8 121.6 0
      vertex 206.8 120 0
    endloop
  endfacet
  facet normal -0 0 -1
    outer loop
      vertex 206.8 121.6 0
      vertex 206 120 0
      vertex 206 121.6 0
    endloop
  endfacet
  facet normal -0 0 -1
    outer loop
      vertex 206 121.6 0
      vertex 198 116 0
      vertex 206 124 0
    endloop
  endfacet
  facet normal 0 0 -1
    outer loop
      vertex 182.642 122.94 0
      vertex 198 116 0
      vertex 182.7 122.5 0
    endloop
  endfacet
  facet normal 0 0 -1
    outer loop
      vertex 198 116 0
      vertex 182.642 122.94 0
      vertex 206 124 0
    endloop
  endfacet
  facet normal 0 0 -1
    outer loop
      vertex 182.472 123.35 0
      vertex 206 124 0
      vertex 182.642 122.94 0
    endloop
  endfacet
  facet normal 0 0 -1
    outer loop
      vertex 182.202 123.702 0
      vertex 206 124 0
      vertex 182.472 123.35 0
    endloop
  endfacet
  facet normal 0 0 -1
    outer loop
      vertex 181.85 123.972 0
      vertex 206 124 0
      vertex 182.202 123.702 0
    endloop
  endfacet
  facet normal -0 0 -1
    outer loop
      vertex 206 124 0
      vertex 181.85 123.972 0
      vertex 181.783 124 0
    endloop
  endfacet
  facet normal 0 0 -1
    outer loop
      vertex 32.7 122.5 0
      vertex 179.358 122.94 0
      vertex 179.3 122.5 0
    endloop
  endfacet
  facet normal 0 0 -1
    outer loop
      vertex 32.6421 122.94 0
      vertex 179.358 122.94 0
      vertex 32.7 122.5 0
    endloop
  endfacet
  facet normal 0 0 -1
    outer loop
      vertex 179.358 122.94 0
      vertex 32.6421 122.94 0
      vertex 179.528 123.35 0
    endloop
  endfacet
  facet normal 0 0 -1
    outer loop
      vertex 32.4722 123.35 0
      vertex 179.528 123.35 0
      vertex 32.6421 122.94 0
    endloop
  endfacet
  facet normal 0 0 -1
    outer loop
      vertex 179.528 123.35 0
      vertex 32.4722 123.35 0
      vertex 179.798 123.702 0
    endloop
  endfacet
  facet normal 0 0 -1
    outer loop
      vertex 32.2021 123.702 0
      vertex 179.798 123.702 0
      vertex 32.4722 123.35 0
    endloop
  endfacet
  facet normal 0 0 -1
    outer loop
      vertex 179.798 123.702 0
      vertex 32.2021 123.702 0
      vertex 180.15 123.972 0
    endloop
  endfacet
  facet normal 0 0 -1
    outer loop
      vertex 31.85 123.972 0
      vertex 180.15 123.972 0
      vertex 32.2021 123.702 0
    endloop
  endfacet
  facet normal 0 0 -1
    outer loop
      vertex 180.15 123.972 0
      vertex 31.85 123.972 0
      vertex 180.217 124 0
    endloop
  endfacet
  facet normal -0 0 -1
    outer loop
      vertex 180.217 124 0
      vertex 31.85 123.972 0
      vertex 31.783 124 0
    endloop
  endfacet
  facet normal 0 0 -1
    outer loop
      vertex 121.642 7.93999 0
      vertex 198 14 0
      vertex 121.7 7.5 0
    endloop
  endfacet
  facet normal 0 0 -1
    outer loop
      vertex 121.472 8.35 0
      vertex 198 14 0
      vertex 121.642 7.93999 0
    endloop
  endfacet
  facet normal 0 0 -1
    outer loop
      vertex 121.202 8.70208 0
      vertex 198 14 0
      vertex 121.472 8.35 0
    endloop
  endfacet
  facet normal 0 0 -1
    outer loop
      vertex 120.85 8.97224 0
      vertex 198 14 0
      vertex 121.202 8.70208 0
    endloop
  endfacet
  facet normal 0 0 -1
    outer loop
      vertex 120.44 9.14207 0
      vertex 198 14 0
      vertex 120.85 8.97224 0
    endloop
  endfacet
  facet normal 0 0 -1
    outer loop
      vertex 120 9.2 0
      vertex 198 14 0
      vertex 120.44 9.14207 0
    endloop
  endfacet
  facet normal 0 0 -1
    outer loop
      vertex 32.7 7.5 0
      vertex 118.358 7.93999 0
      vertex 118.3 7.5 0
    endloop
  endfacet
  facet normal 0 0 -1
    outer loop
      vertex 32.6421 7.93999 0
      vertex 118.358 7.93999 0
      vertex 32.7 7.5 0
    endloop
  endfacet
  facet normal 0 0 -1
    outer loop
      vertex 118.358 7.93999 0
      vertex 32.6421 7.93999 0
      vertex 118.528 8.35 0
    endloop
  endfacet
  facet normal 0 0 -1
    outer loop
      vertex 32.4722 8.35 0
      vertex 118.528 8.35 0
      vertex 32.6421 7.93999 0
    endloop
  endfacet
  facet normal 0 0 -1
    outer loop
      vertex 118.528 8.35 0
      vertex 32.4722 8.35 0
      vertex 118.798 8.70208 0
    endloop
  endfacet
  facet normal 0 0 -1
    outer loop
      vertex 32.2021 8.70208 0
      vertex 118.798 8.70208 0
      vertex 32.4722 8.35 0
    endloop
  endfacet
  facet normal 0 0 -1
    outer loop
      vertex 118.798 8.70208 0
      vertex 32.2021 8.70208 0
      vertex 119.15 8.97224 0
    endloop
  endfacet
  facet normal 0 0 -1
    outer loop
      vertex 31.85 8.97224 0
      vertex 119.15 8.97224 0
      vertex 32.2021 8.70208 0
    endloop
  endfacet
  facet normal 0 0 -1
    outer loop
      vertex 119.15 8.97224 0
      vertex 31.85 8.97224 0
      vertex 119.56 9.14207 0
    endloop
  endfacet
  facet normal 0 0 -1
    outer loop
      vertex 31.44 9.14207 0
      vertex 119.56 9.14207 0
      vertex 31.85 8.97224 0
    endloop
  endfacet
  facet normal 0 0 -1
    outer loop
      vertex 14 14 0
      vertex 119.56 9.14207 0
      vertex 31.44 9.14207 0
    endloop
  endfacet
  facet normal 0 0 -1
    outer loop
      vertex 119.56 9.14207 0
      vertex 14 14 0
      vertex 120 9.2 0
    endloop
  endfacet
  facet normal 0 0 -1
    outer loop
      vertex 14 14 0
      vertex 31.44 9.14207 0
      vertex 31 9.2 0
    endloop
  endfacet
  facet normal 0 0 -1
    outer loop
      vertex 120 9.2 0
      vertex 14 14 0
      vertex 198 14 0
    endloop
  endfacet
  facet normal 0 0 -1
    outer loop
      vertex 30.56 9.14207 0
      vertex 14 14 0
      vertex 31 9.2 0
    endloop
  endfacet
  facet normal 0 0 -1
    outer loop
      vertex 30.15 8.97224 0
      vertex 14 14 0
      vertex 30.56 9.14207 0
    endloop
  endfacet
  facet normal 0 0 -1
    outer loop
      vertex 29.7979 8.70208 0
      vertex 14 14 0
      vertex 30.15 8.97224 0
    endloop
  endfacet
  facet normal 0 0 -1
    outer loop
      vertex 29.5278 8.35 0
      vertex 14 14 0
      vertex 29.7979 8.70208 0
    endloop
  endfacet
  facet normal 0 0 -1
    outer loop
      vertex 29.3579 7.93999 0
      vertex 14 14 0
      vertex 29.5278 8.35 0
    endloop
  endfacet
  facet normal 0 0 -1
    outer loop
      vertex 14 14 0
      vertex 29.3579 7.93999 0
      vertex 29.3 7.5 0
    endloop
  endfacet
  facet normal 0 0 -1
    outer loop
      vertex 14 116 0
      vertex 29.3579 122.94 0
      vertex 29.3 122.5 0
    endloop
  endfacet
  facet normal 0 0 -1
    outer loop
      vertex 14 116 0
      vertex 29.5278 123.35 0
      vertex 29.3579 122.94 0
    endloop
  endfacet
  facet normal 0 0 -1
    outer loop
      vertex 6 124 0
      vertex 29.5278 123.35 0
      vertex 14 116 0
    endloop
  endfacet
  facet normal 0 0 -1
    outer loop
      vertex 29.5278 123.35 0
      vertex 6 124 0
      vertex 29.7979 123.702 0
    endloop
  endfacet
  facet normal 0 0 -1
    outer loop
      vertex 6 9.6 0
      vertex 14 14 0
      vertex 6 8 0
    endloop
  endfacet
  facet normal 0 0 -1
    outer loop
      vertex 6 16 0
      vertex 14 14 0
      vertex 6 9.6 0
    endloop
  endfacet
  facet normal 0 0 -1
    outer loop
      vertex 6 17.6 0
      vertex 14 14 0
      vertex 6 16 0
    endloop
  endfacet
  facet normal 0 0 -1
    outer loop
      vertex 6 24 0
      vertex 14 14 0
      vertex 6 17.6 0
    endloop
  endfacet
  facet normal 0 0 -1
    outer loop
      vertex 6 25.6 0
      vertex 14 14 0
      vertex 6 24 0
    endloop
  endfacet
  facet normal 0 0 -1
    outer loop
      vertex 6 32 0
      vertex 14 14 0
      vertex 6 25.6 0
    endloop
  endfacet
  facet normal 0 0 -1
    outer loop
      vertex 6 33.6 0
      vertex 14 14 0
      vertex 6 32 0
    endloop
  endfacet
  facet normal 0 0 -1
    outer loop
      vertex 6 40 0
      vertex 14 14 0
      vertex 6 33.6 0
    endloop
  endfacet
  facet normal 0 0 -1
    outer loop
      vertex 6 41.6 0
      vertex 14 14 0
      vertex 6 40 0
    endloop
  endfacet
  facet normal 0 0 -1
    outer loop
      vertex 6 48 0
      vertex 14 14 0
      vertex 6 41.6 0
    endloop
  endfacet
  facet normal 0 0 -1
    outer loop
      vertex 6 49.6 0
      vertex 14 14 0
      vertex 6 48 0
    endloop
  endfacet
  facet normal 0 0 -1
    outer loop
      vertex 6 56 0
      vertex 14 14 0
      vertex 6 49.6 0
    endloop
  endfacet
  facet normal 0 0 -1
    outer loop
      vertex 6 57.6 0
      vertex 14 14 0
      vertex 6 56 0
    endloop
  endfacet
  facet normal 0 0 -1
    outer loop
      vertex 6 64 0
      vertex 14 14 0
      vertex 6 57.6 0
    endloop
  endfacet
  facet normal 0 0 -1
    outer loop
      vertex 14 14 0
      vertex 6 64 0
      vertex 14 116 0
    endloop
  endfacet
  facet normal 0 0 -1
    outer loop
      vertex 6 65.6 0
      vertex 14 116 0
      vertex 6 64 0
    endloop
  endfacet
  facet normal 0 0 -1
    outer loop
      vertex 6 72 0
      vertex 14 116 0
      vertex 6 65.6 0
    endloop
  endfacet
  facet normal 0 0 -1
    outer loop
      vertex 6 73.6 0
      vertex 14 116 0
      vertex 6 72 0
    endloop
  endfacet
  facet normal 0 0 -1
    outer loop
      vertex 6 80 0
      vertex 14 116 0
      vertex 6 73.6 0
    endloop
  endfacet
  facet normal 0 0 -1
    outer loop
      vertex 6 81.6 0
      vertex 14 116 0
      vertex 6 80 0
    endloop
  endfacet
  facet normal 0 0 -1
    outer loop
      vertex 6 88 0
      vertex 14 116 0
      vertex 6 81.6 0
    endloop
  endfacet
  facet normal 0 0 -1
    outer loop
      vertex 6 89.6 0
      vertex 14 116 0
      vertex 6 88 0
    endloop
  endfacet
  facet normal 0 0 -1
    outer loop
      vertex 6 96 0
      vertex 14 116 0
      vertex 6 89.6 0
    endloop
  endfacet
  facet normal 0 0 -1
    outer loop
      vertex 6 97.6 0
      vertex 14 116 0
      vertex 6 96 0
    endloop
  endfacet
  facet normal 0 0 -1
    outer loop
      vertex 6 104 0
      vertex 14 116 0
      vertex 6 97.6 0
    endloop
  endfacet
  facet normal 0 0 -1
    outer loop
      vertex 6 105.6 0
      vertex 14 116 0
      vertex 6 104 0
    endloop
  endfacet
  facet normal 0 0 -1
    outer loop
      vertex 6 112 0
      vertex 14 116 0
      vertex 6 105.6 0
    endloop
  endfacet
  facet normal 0 0 -1
    outer loop
      vertex 6 113.6 0
      vertex 14 116 0
      vertex 6 112 0
    endloop
  endfacet
  facet normal 0 0 -1
    outer loop
      vertex 6 120 0
      vertex 14 116 0
      vertex 6 113.6 0
    endloop
  endfacet
  facet normal 0 0 -1
    outer loop
      vertex 6 121.6 0
      vertex 14 116 0
      vertex 6 120 0
    endloop
  endfacet
  facet normal 0 0 -1
    outer loop
      vertex 6 124 0
      vertex 14 116 0
      vertex 6 121.6 0
    endloop
  endfacet
  facet normal 0 0 -1
    outer loop
      vertex 29.7979 123.702 0
      vertex 6 124 0
      vertex 30.15 123.972 0
    endloop
  endfacet
  facet normal 0 0 -1
    outer loop
      vertex 30.15 123.972 0
      vertex 6 124 0
      vertex 30.217 124 0
    endloop
  endfacet
  facet normal 0 0 -1
    outer loop
      vertex 5.2 120 0
      vertex 6 121.6 0
      vertex 6 120 0
    endloop
  endfacet
  facet normal -0 0 -1
    outer loop
      vertex 6 121.6 0
      vertex 5.2 120 0
      vertex 5.2 121.6 0
    endloop
  endfacet
  facet normal 0 0 -1
    outer loop
      vertex 5.2 112 0
      vertex 6 113.6 0
      vertex 6 112 0
    endloop
  endfacet
  facet normal -0 0 -1
    outer loop
      vertex 6 113.6 0
      vertex 5.2 112 0
      vertex 5.2 113.6 0
    endloop
  endfacet
  facet normal 0 0 -1
    outer loop
      vertex 5.2 104 0
      vertex 6 105.6 0
      vertex 6 104 0
    endloop
  endfacet
  facet normal -0 0 -1
    outer loop
      vertex 6 105.6 0
      vertex 5.2 104 0
      vertex 5.2 105.6 0
    endloop
  endfacet
  facet normal 0 0 -1
    outer loop
      vertex 5.2 96 0
      vertex 6 97.6 0
      vertex 6 96 0
    endloop
  endfacet
  facet normal -0 0 -1
    outer loop
      vertex 6 97.6 0
      vertex 5.2 96 0
      vertex 5.2 97.6 0
    endloop
  endfacet
  facet normal 0 0 -1
    outer loop
      vertex 5.2 88 0
      vertex 6 89.6 0
      vertex 6 88 0
    endloop
  endfacet
  facet normal -0 0 -1
    outer loop
      vertex 6 89.6 0
      vertex 5.2 88 0
      vertex 5.2 89.6 0
    endloop
  endfacet
  facet normal 0 0 -1
    outer loop
      vertex 5.2 80 0
      vertex 6 81.6 0
      vertex 6 80 0
    endloop
  endfacet
  facet normal -0 0 -1
    outer loop
      vertex 6 81.6 0
      vertex 5.2 80 0
      vertex 5.2 81.6 0
    endloop
  endfacet
  facet normal 0 0 -1
    outer loop
      vertex 5.2 72 0
      vertex 6 73.6 0
      vertex 6 72 0
    endloop
  endfacet
  facet normal -0 0 -1
    outer loop
      vertex 6 73.6 0
      vertex 5.2 72 0
      vertex 5.2 73.6 0
    endloop
  endfacet
  facet normal 0 0 -1
    outer loop
      vertex 5.2 64 0
      vertex 6 65.6 0
      vertex 6 64 0
    endloop
  endfacet
  facet normal -0 0 -1
    outer loop
      vertex 6 65.6 0
      vertex 5.2 64 0
      vertex 5.2 65.6 0
    endloop
  endfacet
  facet normal 0 0 -1
    outer loop
      vertex 5.2 56 0
      vertex 6 57.6 0
      vertex 6 56 0
    endloop
  endfacet
  facet normal -0 0 -1
    outer loop
      vertex 6 57.6 0
      vertex 5.2 56 0
      vertex 5.2 57.6 0
    endloop
  endfacet
  facet normal 0 0 -1
    outer loop
      vertex 5.2 48 0
      vertex 6 49.6 0
      vertex 6 48 0
    endloop
  endfacet
  facet normal -0 0 -1
    outer loop
      vertex 6 49.6 0
      vertex 5.2 48 0
      vertex 5.2 49.6 0
    endloop
  endfacet
  facet normal 0 0 -1
    outer loop
      vertex 5.2 40 0
      vertex 6 41.6 0
      vertex 6 40 0
    endloop
  endfacet
  facet normal -0 0 -1
    outer loop
      vertex 6 41.6 0
      vertex 5.2 40 0
      vertex 5.2 41.6 0
    endloop
  endfacet
  facet normal 0 0 -1
    outer loop
      vertex 5.2 32 0
      vertex 6 33.6 0
      vertex 6 32 0
    endloop
  endfacet
  facet normal -0 0 -1
    outer loop
      vertex 6 33.6 0
      vertex 5.2 32 0
      vertex 5.2 33.6 0
    endloop
  endfacet
  facet normal 0 0 -1
    outer loop
      vertex 5.2 24 0
      vertex 6 25.6 0
      vertex 6 24 0
    endloop
  endfacet
  facet normal -0 0 -1
    outer loop
      vertex 6 25.6 0
      vertex 5.2 24 0
      vertex 5.2 25.6 0
    endloop
  endfacet
  facet normal 0 0 -1
    outer loop
      vertex 5.2 16 0
      vertex 6 17.6 0
      vertex 6 16 0
    endloop
  endfacet
  facet normal -0 0 -1
    outer loop
      vertex 6 17.6 0
      vertex 5.2 16 0
      vertex 5.2 17.6 0
    endloop
  endfacet
  facet normal 0 0 -1
    outer loop
      vertex 5.2 8 0
      vertex 6 9.6 0
      vertex 6 8 0
    endloop
  endfacet
  facet normal -0 0 -1
    outer loop
      vertex 6 9.6 0
      vertex 5.2 8 0
      vertex 5.2 9.6 0
    endloop
  endfacet
  facet normal -1 0 0
    outer loop
      vertex 6 121.6 0
      vertex 6 124 3.86074
      vertex 6 124 0
    endloop
  endfacet
  facet normal -1 -0 0
    outer loop
      vertex 6 124 3.86074
      vertex 6 121.6 0
      vertex 6 123.5 4.10305
    endloop
  endfacet
  facet normal -1 0 0
    outer loop
      vertex 6 121.6 5.52382
      vertex 6 123.5 4.10305
      vertex 6 121.6 0
    endloop
  endfacet
  facet normal -1 0 0
    outer loop
      vertex 6 123.5 4.10305
      vertex 6 121.6 5.52382
      vertex 6 123.5 4.60305
    endloop
  endfacet
  facet normal -1 0 0
    outer loop
      vertex 6 8 0
      vertex 6 6.5 4.10305
      vertex 6 8 5.32997
    endloop
  endfacet
  facet normal -1 0 0
    outer loop
      vertex 6 6 3.86074
      vertex 6 8 0
      vertex 6 6 0
    endloop
  endfacet
  facet normal -1 0 0
    outer loop
      vertex 6 8 0
      vertex 6 6 3.86074
      vertex 6 6.5 4.10305
    endloop
  endfacet
  facet normal -1 0 0
    outer loop
      vertex 6 8 5.32997
      vertex 6 6.5 4.10305
      vertex 6 6.5 4.60305
    endloop
  endfacet
  facet normal -1 0 0
    outer loop
      vertex 6 16 0
      vertex 6 13 8.25304
      vertex 6 16 10.2069
    endloop
  endfacet
  facet normal -1 0 0
    outer loop
      vertex 6 16 0
      vertex 6 9.75 6.17804
      vertex 6 13 8.25304
    endloop
  endfacet
  facet normal -1 0 0
    outer loop
      vertex 6 9.6 0
      vertex 6 9.75 6.17804
      vertex 6 16 0
    endloop
  endfacet
  facet normal -1 0 0
    outer loop
      vertex 6 9.75 6.17804
      vertex 6 9.6 0
      vertex 6 9.6 6.10535
    endloop
  endfacet
  facet normal -1 0 0
    outer loop
      vertex 6 16 10.2069
      vertex 6 13 8.25304
      vertex 6 13 8.75304
    endloop
  endfacet
  facet normal -1 0 0
    outer loop
      vertex 6 13 8.25304
      vertex 6 9.75 6.17804
      vertex 6 9.75 6.67804
    endloop
  endfacet
  facet normal -1 0 0
    outer loop
      vertex 6 113.6 0
      vertex 6 120 6.7992
      vertex 6 120 0
    endloop
  endfacet
  facet normal -1 0 0
    outer loop
      vertex 6 117 8.25304
      vertex 6 113.75 10.3281
      vertex 6 117 8.75304
    endloop
  endfacet
  facet normal -1 -0 0
    outer loop
      vertex 6 120 6.7992
      vertex 6 113.6 0
      vertex 6 117 8.25304
    endloop
  endfacet
  facet normal -1 -0 0
    outer loop
      vertex 6 117 8.25304
      vertex 6 113.6 0
      vertex 6 113.75 10.3281
    endloop
  endfacet
  facet normal -1 0 0
    outer loop
      vertex 6 113.6 10.9007
      vertex 6 113.75 10.3281
      vertex 6 113.6 0
    endloop
  endfacet
  facet normal -1 0 0
    outer loop
      vertex 6 113.75 10.3281
      vertex 6 113.6 10.9007
      vertex 6 113.75 10.8281
    endloop
  endfacet
  facet normal -1 0 0
    outer loop
      vertex 6 32 0
      vertex 6 29.25 18.628
      vertex 6 32 20.4607
    endloop
  endfacet
  facet normal -1 0 0
    outer loop
      vertex 6 32 0
      vertex 6 26 16.553
      vertex 6 29.25 18.628
    endloop
  endfacet
  facet normal -1 0 0
    outer loop
      vertex 6 25.6 16.3592
      vertex 6 32 0
      vertex 6 25.6 0
    endloop
  endfacet
  facet normal -1 0 0
    outer loop
      vertex 6 32 0
      vertex 6 25.6 16.3592
      vertex 6 26 16.553
    endloop
  endfacet
  facet normal -1 0 0
    outer loop
      vertex 6 32 20.4607
      vertex 6 29.25 18.628
      vertex 6 29.25 19.128
    endloop
  endfacet
  facet normal -1 0 0
    outer loop
      vertex 6 29.25 18.628
      vertex 6 26 16.553
      vertex 6 26 17.053
    endloop
  endfacet
  facet normal -1 0 0
    outer loop
      vertex 6 24 0
      vertex 6 22.75 14.478
      vertex 6 24 15.5838
    endloop
  endfacet
  facet normal -1 0 0
    outer loop
      vertex 6 24 0
      vertex 6 19.5 12.4031
      vertex 6 22.75 14.478
    endloop
  endfacet
  facet normal -1 0 0
    outer loop
      vertex 6 17.6 11.4823
      vertex 6 24 0
      vertex 6 17.6 0
    endloop
  endfacet
  facet normal -1 0 0
    outer loop
      vertex 6 24 0
      vertex 6 17.6 11.4823
      vertex 6 19.5 12.4031
    endloop
  endfacet
  facet normal -1 0 0
    outer loop
      vertex 6 24 15.5838
      vertex 6 22.75 14.478
      vertex 6 22.75 14.978
    endloop
  endfacet
  facet normal -1 0 0
    outer loop
      vertex 6 22.75 14.478
      vertex 6 19.5 12.4031
      vertex 6 19.5 12.9031
    endloop
  endfacet
  facet normal -1 0 0
    outer loop
      vertex 6 105.6 0
      vertex 6 112 11.6761
      vertex 6 112 0
    endloop
  endfacet
  facet normal -1 0 0
    outer loop
      vertex 6 110.5 12.4031
      vertex 6 107.25 14.478
      vertex 6 110.5 12.9031
    endloop
  endfacet
  facet normal -1 -0 0
    outer loop
      vertex 6 112 11.6761
      vertex 6 105.6 0
      vertex 6 110.5 12.4031
    endloop
  endfacet
  facet normal -1 -0 0
    outer loop
      vertex 6 110.5 12.4031
      vertex 6 105.6 0
      vertex 6 107.25 14.478
    endloop
  endfacet
  facet normal -1 0 0
    outer loop
      vertex 6 105.6 15.7777
      vertex 6 107.25 14.478
      vertex 6 105.6 0
    endloop
  endfacet
  facet normal -1 0 0
    outer loop
      vertex 6 107.25 14.478
      vertex 6 105.6 15.7777
      vertex 6 107.25 14.978
    endloop
  endfacet
  facet normal -1 0 0
    outer loop
      vertex 6 97.6 0
      vertex 6 104 17.053
      vertex 6 104 0
    endloop
  endfacet
  facet normal -1 -0 0
    outer loop
      vertex 6 104 17.053
      vertex 6 97.6 0
      vertex 6 100.75 18.628
    endloop
  endfacet
  facet normal -1 0 0
    outer loop
      vertex 6 97.6 20.6546
      vertex 6 100.75 18.628
      vertex 6 97.6 0
    endloop
  endfacet
  facet normal -1 0 0
    outer loop
      vertex 6 100.75 18.628
      vertex 6 97.6 20.6546
      vertex 6 100.75 19.128
    endloop
  endfacet
  facet normal -1 0 0
    outer loop
      vertex 6 89.6 0
      vertex 6 96 21.93
      vertex 6 96 0
    endloop
  endfacet
  facet normal -1 0 0
    outer loop
      vertex 6 94.25 22.778
      vertex 6 91 24.853
      vertex 6 94.25 23.278
    endloop
  endfacet
  facet normal -1 -0 0
    outer loop
      vertex 6 96 21.93
      vertex 6 89.6 0
      vertex 6 94.25 22.778
    endloop
  endfacet
  facet normal -1 -0 0
    outer loop
      vertex 6 94.25 22.778
      vertex 6 89.6 0
      vertex 6 91 24.853
    endloop
  endfacet
  facet normal -1 0 0
    outer loop
      vertex 6 89.6 26.0315
      vertex 6 91 24.853
      vertex 6 89.6 0
    endloop
  endfacet
  facet normal -1 0 0
    outer loop
      vertex 6 91 24.853
      vertex 6 89.6 26.0315
      vertex 6 91 25.353
    endloop
  endfacet
  facet normal -1 0 0
    outer loop
      vertex 6 40 0
      vertex 6 39 24.853
      vertex 6 40 25.8377
    endloop
  endfacet
  facet normal -1 0 0
    outer loop
      vertex 6 40 0
      vertex 6 35.75 22.778
      vertex 6 39 24.853
    endloop
  endfacet
  facet normal -1 0 0
    outer loop
      vertex 6 33.6 21.7361
      vertex 6 40 0
      vertex 6 33.6 0
    endloop
  endfacet
  facet normal -1 0 0
    outer loop
      vertex 6 40 0
      vertex 6 33.6 21.7361
      vertex 6 35.75 22.778
    endloop
  endfacet
  facet normal -1 0 0
    outer loop
      vertex 6 40 25.8377
      vertex 6 39 24.853
      vertex 6 39 25.353
    endloop
  endfacet
  facet normal -1 0 0
    outer loop
      vertex 6 39 24.853
      vertex 6 35.75 22.778
      vertex 6 35.75 23.278
    endloop
  endfacet
  facet normal -1 0 0
    outer loop
      vertex 6 81.6 0
      vertex 6 88 26.8069
      vertex 6 88 0
    endloop
  endfacet
  facet normal -1 0 0
    outer loop
      vertex 6 87.75 26.928
      vertex 6 84.5 29.003
      vertex 6 87.75 27.428
    endloop
  endfacet
  facet normal -1 -0 0
    outer loop
      vertex 6 88 26.8069
      vertex 6 81.6 0
      vertex 6 87.75 26.928
    endloop
  endfacet
  facet normal -1 -0 0
    outer loop
      vertex 6 87.75 26.928
      vertex 6 81.6 0
      vertex 6 84.5 29.003
    endloop
  endfacet
  facet normal -1 0 0
    outer loop
      vertex 6 81.6 30.9084
      vertex 6 84.5 29.003
      vertex 6 81.6 0
    endloop
  endfacet
  facet normal -1 0 0
    outer loop
      vertex 6 84.5 29.003
      vertex 6 81.6 30.9084
      vertex 6 84.5 29.503
    endloop
  endfacet
  facet normal -1 0 0
    outer loop
      vertex 6 48 0
      vertex 6 45.5 29.003
      vertex 6 48 30.7146
    endloop
  endfacet
  facet normal -1 0 0
    outer loop
      vertex 6 48 0
      vertex 6 42.25 26.928
      vertex 6 45.5 29.003
    endloop
  endfacet
  facet normal -1 0 0
    outer loop
      vertex 6 41.6 26.613
      vertex 6 48 0
      vertex 6 41.6 0
    endloop
  endfacet
  facet normal -1 0 0
    outer loop
      vertex 6 48 0
      vertex 6 41.6 26.613
      vertex 6 42.25 26.928
    endloop
  endfacet
  facet normal -1 0 0
    outer loop
      vertex 6 48 30.7146
      vertex 6 45.5 29.003
      vertex 6 45.5 29.503
    endloop
  endfacet
  facet normal -1 0 0
    outer loop
      vertex 6 45.5 29.003
      vertex 6 42.25 26.928
      vertex 6 42.25 27.428
    endloop
  endfacet
  facet normal -1 0 0
    outer loop
      vertex 6 73.6 0
      vertex 6 80 32.1838
      vertex 6 80 0
    endloop
  endfacet
  facet normal -1 0 0
    outer loop
      vertex 6 78 33.153
      vertex 6 74.75 35.228
      vertex 6 78 33.653
    endloop
  endfacet
  facet normal -1 -0 0
    outer loop
      vertex 6 80 32.1838
      vertex 6 73.6 0
      vertex 6 78 33.153
    endloop
  endfacet
  facet normal -1 -0 0
    outer loop
      vertex 6 78 33.153
      vertex 6 73.6 0
      vertex 6 74.75 35.228
    endloop
  endfacet
  facet normal -1 0 0
    outer loop
      vertex 6 73.6 36.2854
      vertex 6 74.75 35.228
      vertex 6 73.6 0
    endloop
  endfacet
  facet normal -1 0 0
    outer loop
      vertex 6 74.75 35.228
      vertex 6 73.6 36.2854
      vertex 6 74.75 35.728
    endloop
  endfacet
  facet normal -1 0 0
    outer loop
      vertex 6 56 0
      vertex 6 55.25 35.228
      vertex 6 56 36.0915
    endloop
  endfacet
  facet normal -1 0 0
    outer loop
      vertex 6 56 0
      vertex 6 52 33.153
      vertex 6 55.25 35.228
    endloop
  endfacet
  facet normal -1 0 0
    outer loop
      vertex 6 49.6 31.99
      vertex 6 56 0
      vertex 6 49.6 0
    endloop
  endfacet
  facet normal -1 0 0
    outer loop
      vertex 6 56 0
      vertex 6 49.6 31.99
      vertex 6 52 33.153
    endloop
  endfacet
  facet normal -1 0 0
    outer loop
      vertex 6 56 36.0915
      vertex 6 55.25 35.228
      vertex 6 55.25 35.728
    endloop
  endfacet
  facet normal -1 0 0
    outer loop
      vertex 6 55.25 35.228
      vertex 6 52 33.153
      vertex 6 52 33.653
    endloop
  endfacet
  facet normal -1 0 0
    outer loop
      vertex 6 71.7615 26.5617
      vertex 6 72 37.0607
      vertex 6 72 24.75
    endloop
  endfacet
  facet normal -1 0 0
    outer loop
      vertex 6 71.0622 28.25
      vertex 6 72 37.0607
      vertex 6 71.7615 26.5617
    endloop
  endfacet
  facet normal -1 0 0
    outer loop
      vertex 6 69.9497 29.6997
      vertex 6 72 37.0607
      vertex 6 71.0622 28.25
    endloop
  endfacet
  facet normal -1 0 0
    outer loop
      vertex 6 68.5 30.8122
      vertex 6 72 37.0607
      vertex 6 69.9497 29.6997
    endloop
  endfacet
  facet normal -1 -0 0
    outer loop
      vertex 6 72 37.0607
      vertex 6 68.5 30.8122
      vertex 6 71.5 37.303
    endloop
  endfacet
  facet normal -1 0 0
    outer loop
      vertex 6 66.8117 31.5115
      vertex 6 71.5 37.303
      vertex 6 68.5 30.8122
    endloop
  endfacet
  facet normal -1 0 -0
    outer loop
      vertex 6 68.25 39.378
      vertex 6 71.5 37.303
      vertex 6 66.8117 31.5115
    endloop
  endfacet
  facet normal -1 0 0
    outer loop
      vertex 6 71.5 37.303
      vertex 6 68.25 39.378
      vertex 6 71.5 37.803
    endloop
  endfacet
  facet normal -1 0 0
    outer loop
      vertex 6 65.6 31.671
      vertex 6 68.25 39.378
      vertex 6 66.8117 31.5115
    endloop
  endfacet
  facet normal -1 0 0
    outer loop
      vertex 6 65.6 41.1623
      vertex 6 68.25 39.378
      vertex 6 65.6 31.671
    endloop
  endfacet
  facet normal -1 0 0
    outer loop
      vertex 6 68.25 39.378
      vertex 6 65.6 41.1623
      vertex 6 68.25 39.878
    endloop
  endfacet
  facet normal -1 0 0
    outer loop
      vertex 6 64 0
      vertex 6 63.1883 17.9885
      vertex 6 64 17.8817
    endloop
  endfacet
  facet normal -1 0 0
    outer loop
      vertex 6 57.6 0
      vertex 6 63.1883 17.9885
      vertex 6 64 0
    endloop
  endfacet
  facet normal -1 -0 0
    outer loop
      vertex 6 63.1883 17.9885
      vertex 6 57.6 0
      vertex 6 61.5 18.6878
    endloop
  endfacet
  facet normal -1 -0 0
    outer loop
      vertex 6 61.5 18.6878
      vertex 6 57.6 0
      vertex 6 60.0503 19.8003
    endloop
  endfacet
  facet normal -1 -0 0
    outer loop
      vertex 6 60.0503 19.8003
      vertex 6 57.6 0
      vertex 6 58.9378 21.25
    endloop
  endfacet
  facet normal -1 -0 0
    outer loop
      vertex 6 58.2385 22.9383
      vertex 6 57.6 0
      vertex 6 58 24.75
    endloop
  endfacet
  facet normal -1 -0 0
    outer loop
      vertex 6 58.9378 21.25
      vertex 6 57.6 0
      vertex 6 58.2385 22.9383
    endloop
  endfacet
  facet normal -1 0 0
    outer loop
      vertex 6 57.6 36.8669
      vertex 6 58.9378 28.25
      vertex 6 58.2385 26.5617
    endloop
  endfacet
  facet normal -1 0 0
    outer loop
      vertex 6 57.6 36.8669
      vertex 6 58.2385 26.5617
      vertex 6 58 24.75
    endloop
  endfacet
  facet normal -1 0 0
    outer loop
      vertex 6 58.9378 28.25
      vertex 6 57.6 36.8669
      vertex 6 58.5 37.303
    endloop
  endfacet
  facet normal -1 0 0
    outer loop
      vertex 6 57.6 36.8669
      vertex 6 58 24.75
      vertex 6 57.6 0
    endloop
  endfacet
  facet normal -1 0 0
    outer loop
      vertex 6 58.5 37.303
      vertex 6 63.1883 31.5115
      vertex 6 61.5 30.8122
    endloop
  endfacet
  facet normal -1 0 0
    outer loop
      vertex 6 58.5 37.303
      vertex 6 61.5 30.8122
      vertex 6 60.0503 29.6997
    endloop
  endfacet
  facet normal -1 0 0
    outer loop
      vertex 6 58.5 37.303
      vertex 6 60.0503 29.6997
      vertex 6 58.9378 28.25
    endloop
  endfacet
  facet normal -1 0 0
    outer loop
      vertex 6 63.1883 31.5115
      vertex 6 58.5 37.303
      vertex 6 61.75 39.378
    endloop
  endfacet
  facet normal -1 0 0
    outer loop
      vertex 6 61.75 39.378
      vertex 6 58.5 37.303
      vertex 6 58.5 37.803
    endloop
  endfacet
  facet normal -1 0 0
    outer loop
      vertex 6 61.75 39.378
      vertex 6 64 31.6183
      vertex 6 63.1883 31.5115
    endloop
  endfacet
  facet normal -1 0 0
    outer loop
      vertex 6 64 31.6183
      vertex 6 61.75 39.378
      vertex 6 64 40.9684
    endloop
  endfacet
  facet normal -1 0 0
    outer loop
      vertex 6 64 40.9684
      vertex 6 61.75 39.378
      vertex 6 61.75 39.878
    endloop
  endfacet
  facet normal -1 0 0
    outer loop
      vertex 6 72 0
      vertex 6 71.7615 22.9383
      vertex 6 72 24.75
    endloop
  endfacet
  facet normal -1 0 0
    outer loop
      vertex 6 72 0
      vertex 6 71.0622 21.25
      vertex 6 71.7615 22.9383
    endloop
  endfacet
  facet normal -1 0 0
    outer loop
      vertex 6 72 0
      vertex 6 69.9497 19.8003
      vertex 6 71.0622 21.25
    endloop
  endfacet
  facet normal -1 0 0
    outer loop
      vertex 6 72 0
      vertex 6 68.5 18.6878
      vertex 6 69.9497 19.8003
    endloop
  endfacet
  facet normal -1 0 0
    outer loop
      vertex 6 72 0
      vertex 6 66.8117 17.9885
      vertex 6 68.5 18.6878
    endloop
  endfacet
  facet normal -1 0 0
    outer loop
      vertex 6 65.6 0
      vertex 6 66.8117 17.9885
      vertex 6 72 0
    endloop
  endfacet
  facet normal -1 0 0
    outer loop
      vertex 6 66.8117 17.9885
      vertex 6 65.6 0
      vertex 6 65.6 17.829
    endloop
  endfacet
  facet normal 1 0 0
    outer loop
      vertex 9 65 41.4531
      vertex 9 68.25 39.378
      vertex 9 68.25 39.878
    endloop
  endfacet
  facet normal 1 0 0
    outer loop
      vertex 9 68.25 39.378
      vertex 9 65 41.4531
      vertex 9 61.75 39.378
    endloop
  endfacet
  facet normal 1 0 0
    outer loop
      vertex 9 68.25 39.378
      vertex 9 65 31.75
      vertex 9 66.8117 31.5115
    endloop
  endfacet
  facet normal 1 0 0
    outer loop
      vertex 9 68.25 39.378
      vertex 9 61.75 39.378
      vertex 9 65 31.75
    endloop
  endfacet
  facet normal 1 0 0
    outer loop
      vertex 9 61.75 39.378
      vertex 9 65 41.4531
      vertex 9 61.75 39.878
    endloop
  endfacet
  facet normal 1 0 0
    outer loop
      vertex 9 65 31.75
      vertex 9 61.75 39.378
      vertex 9 63.1883 31.5115
    endloop
  endfacet
  facet normal 1 -0 0
    outer loop
      vertex 9 58.5 37.303
      vertex 9 63.1883 31.5115
      vertex 9 61.75 39.378
    endloop
  endfacet
  facet normal 1 0 0
    outer loop
      vertex 9 63.1883 31.5115
      vertex 9 58.5 37.303
      vertex 9 61.5 30.8122
    endloop
  endfacet
  facet normal 1 -0 0
    outer loop
      vertex 9 55.25 35.228
      vertex 9 61.5 30.8122
      vertex 9 58.5 37.303
    endloop
  endfacet
  facet normal 1 0 0
    outer loop
      vertex 9 58.5 37.303
      vertex 9 61.75 39.378
      vertex 9 58.5 37.803
    endloop
  endfacet
  facet normal 1 0 0
    outer loop
      vertex 9 61.5 30.8122
      vertex 9 55.25 35.228
      vertex 9 60.0503 29.6997
    endloop
  endfacet
  facet normal 1 0 0
    outer loop
      vertex 9 60.0503 29.6997
      vertex 9 55.25 35.228
      vertex 9 58.9378 28.25
    endloop
  endfacet
  facet normal 1 -0 0
    outer loop
      vertex 9 52 33.153
      vertex 9 58.9378 28.25
      vertex 9 55.25 35.228
    endloop
  endfacet
  facet normal 1 0 0
    outer loop
      vertex 9 55.25 35.228
      vertex 9 58.5 37.303
      vertex 9 55.25 35.728
    endloop
  endfacet
  facet normal 1 0 0
    outer loop
      vertex 9 68.25 39.378
      vertex 9 71.5 37.303
      vertex 9 71.5 37.803
    endloop
  endfacet
  facet normal 1 0 0
    outer loop
      vertex 9 71.5 37.303
      vertex 9 69.9497 29.6997
      vertex 9 71.0622 28.25
    endloop
  endfacet
  facet normal 1 0 0
    outer loop
      vertex 9 71.5 37.303
      vertex 9 68.5 30.8122
      vertex 9 69.9497 29.6997
    endloop
  endfacet
  facet normal 1 0 0
    outer loop
      vertex 9 71.5 37.303
      vertex 9 68.25 39.378
      vertex 9 66.8117 31.5115
    endloop
  endfacet
  facet normal 1 0 0
    outer loop
      vertex 9 71.5 37.303
      vertex 9 66.8117 31.5115
      vertex 9 68.5 30.8122
    endloop
  endfacet
  facet normal 1 0 0
    outer loop
      vertex 9 71.5 37.303
      vertex 9 74.75 35.228
      vertex 9 74.75 35.728
    endloop
  endfacet
  facet normal 1 0 0
    outer loop
      vertex 9 74.75 35.228
      vertex 9 71.7615 26.5617
      vertex 9 72 24.75
    endloop
  endfacet
  facet normal 1 0 0
    outer loop
      vertex 9 74.75 35.228
      vertex 9 71.5 37.303
      vertex 9 71.0622 28.25
    endloop
  endfacet
  facet normal 1 0 0
    outer loop
      vertex 9 74.75 35.228
      vertex 9 71.0622 28.25
      vertex 9 71.7615 26.5617
    endloop
  endfacet
  facet normal 1 0 0
    outer loop
      vertex 9 78 33.653
      vertex 9 74.75 35.228
      vertex 9 78 33.153
    endloop
  endfacet
  facet normal 1 0 0
    outer loop
      vertex 9 81.25 31.5781
      vertex 9 78 33.153
      vertex 9 81.25 31.0781
    endloop
  endfacet
  facet normal 1 0 0
    outer loop
      vertex 9 84.5 29.503
      vertex 9 81.25 31.0781
      vertex 9 84.5 29.003
    endloop
  endfacet
  facet normal 1 0 0
    outer loop
      vertex 9 87.75 27.428
      vertex 9 84.5 29.003
      vertex 9 87.75 26.928
    endloop
  endfacet
  facet normal 1 0 0
    outer loop
      vertex 9 91 25.353
      vertex 9 87.75 26.928
      vertex 9 91 24.853
    endloop
  endfacet
  facet normal 1 0 0
    outer loop
      vertex 9 94.25 23.278
      vertex 9 91 24.853
      vertex 9 94.25 22.778
    endloop
  endfacet
  facet normal 1 0 0
    outer loop
      vertex 9 97.5 21.2031
      vertex 9 94.25 22.778
      vertex 9 97.5 20.7031
    endloop
  endfacet
  facet normal 1 0 0
    outer loop
      vertex 9 100.75 19.128
      vertex 9 97.5 20.7031
      vertex 9 100.75 18.628
    endloop
  endfacet
  facet normal 1 0 0
    outer loop
      vertex 9 104 17.053
      vertex 9 100.75 18.628
      vertex 9 104 16.553
    endloop
  endfacet
  facet normal 1 0 0
    outer loop
      vertex 9 107.25 14.978
      vertex 9 104 16.553
      vertex 9 107.25 14.478
    endloop
  endfacet
  facet normal 1 0 0
    outer loop
      vertex 9 110.5 12.9031
      vertex 9 107.25 14.478
      vertex 9 110.5 12.4031
    endloop
  endfacet
  facet normal 1 0 0
    outer loop
      vertex 9 113.75 10.8281
      vertex 9 110.5 12.4031
      vertex 9 113.75 10.3281
    endloop
  endfacet
  facet normal 1 0 0
    outer loop
      vertex 9 117 8.75304
      vertex 9 113.75 10.3281
      vertex 9 117 8.25304
    endloop
  endfacet
  facet normal 1 0 0
    outer loop
      vertex 9 120.25 6.67804
      vertex 9 117 8.25304
      vertex 9 120.25 6.17804
    endloop
  endfacet
  facet normal 1 0 0
    outer loop
      vertex 9 123.5 4.60305
      vertex 9 120.25 6.17804
      vertex 9 123.5 4.10305
    endloop
  endfacet
  facet normal 1 0 0
    outer loop
      vertex 9 66.8117 17.9885
      vertex 9 120.25 6.17804
      vertex 9 117 8.25304
    endloop
  endfacet
  facet normal 1 0 0
    outer loop
      vertex 9 66.8117 17.9885
      vertex 9 113.75 10.3281
      vertex 9 110.5 12.4031
    endloop
  endfacet
  facet normal 1 0 0
    outer loop
      vertex 9 66.8117 17.9885
      vertex 9 110.5 12.4031
      vertex 9 107.25 14.478
    endloop
  endfacet
  facet normal 1 0 0
    outer loop
      vertex 9 68.5 18.6878
      vertex 9 107.25 14.478
      vertex 9 104 16.553
    endloop
  endfacet
  facet normal 1 0 0
    outer loop
      vertex 9 68.5 18.6878
      vertex 9 104 16.553
      vertex 9 100.75 18.628
    endloop
  endfacet
  facet normal 1 0 0
    outer loop
      vertex 9 69.9497 19.8003
      vertex 9 97.5 20.7031
      vertex 9 94.25 22.778
    endloop
  endfacet
  facet normal 1 0 0
    outer loop
      vertex 9 69.9497 19.8003
      vertex 9 94.25 22.778
      vertex 9 91 24.853
    endloop
  endfacet
  facet normal 1 0 0
    outer loop
      vertex 9 71.0622 21.25
      vertex 9 91 24.853
      vertex 9 87.75 26.928
    endloop
  endfacet
  facet normal 1 0 0
    outer loop
      vertex 9 71.7615 22.9383
      vertex 9 87.75 26.928
      vertex 9 84.5 29.003
    endloop
  endfacet
  facet normal 1 0 0
    outer loop
      vertex 9 72 24.75
      vertex 9 81.25 31.0781
      vertex 9 78 33.153
    endloop
  endfacet
  facet normal 1 0 0
    outer loop
      vertex 9 72 24.75
      vertex 9 78 33.153
      vertex 9 74.75 35.228
    endloop
  endfacet
  facet normal 1 0 0
    outer loop
      vertex 9 81.25 31.0781
      vertex 9 72 24.75
      vertex 9 84.5 29.003
    endloop
  endfacet
  facet normal 1 0 0
    outer loop
      vertex 9 71.7615 22.9383
      vertex 9 84.5 29.003
      vertex 9 72 24.75
    endloop
  endfacet
  facet normal 1 0 0
    outer loop
      vertex 9 87.75 26.928
      vertex 9 71.7615 22.9383
      vertex 9 71.0622 21.25
    endloop
  endfacet
  facet normal 1 0 0
    outer loop
      vertex 9 91 24.853
      vertex 9 71.0622 21.25
      vertex 9 69.9497 19.8003
    endloop
  endfacet
  facet normal 1 0 0
    outer loop
      vertex 9 68.5 18.6878
      vertex 9 97.5 20.7031
      vertex 9 69.9497 19.8003
    endloop
  endfacet
  facet normal 1 0 0
    outer loop
      vertex 9 97.5 20.7031
      vertex 9 68.5 18.6878
      vertex 9 100.75 18.628
    endloop
  endfacet
  facet normal 1 0 0
    outer loop
      vertex 9 107.25 14.478
      vertex 9 68.5 18.6878
      vertex 9 66.8117 17.9885
    endloop
  endfacet
  facet normal 1 0 0
    outer loop
      vertex 9 113.75 10.3281
      vertex 9 66.8117 17.9885
      vertex 9 117 8.25304
    endloop
  endfacet
  facet normal 1 0 0
    outer loop
      vertex 9 120.25 6.17804
      vertex 9 66.8117 17.9885
      vertex 9 123.5 4.10305
    endloop
  endfacet
  facet normal 1 -0 0
    outer loop
      vertex 9 65 17.75
      vertex 9 123.5 4.10305
      vertex 9 66.8117 17.9885
    endloop
  endfacet
  facet normal 1 0 0
    outer loop
      vertex 9 123.5 4.10305
      vertex 9 65 17.75
      vertex 9 123.713 4
    endloop
  endfacet
  facet normal 1 0 0
    outer loop
      vertex 9 6.5 4.10305
      vertex 9 65 17.75
      vertex 9 63.1883 17.9885
    endloop
  endfacet
  facet normal 1 0 0
    outer loop
      vertex 9 58.9378 28.25
      vertex 9 52 33.153
      vertex 9 58.2385 26.5617
    endloop
  endfacet
  facet normal 1 -0 0
    outer loop
      vertex 9 48.75 31.0781
      vertex 9 58.2385 26.5617
      vertex 9 52 33.153
    endloop
  endfacet
  facet normal 1 0 0
    outer loop
      vertex 9 52 33.153
      vertex 9 55.25 35.228
      vertex 9 52 33.653
    endloop
  endfacet
  facet normal 1 0 0
    outer loop
      vertex 9 58.2385 26.5617
      vertex 9 48.75 31.0781
      vertex 9 58 24.75
    endloop
  endfacet
  facet normal 1 -0 0
    outer loop
      vertex 9 45.5 29.003
      vertex 9 58 24.75
      vertex 9 48.75 31.0781
    endloop
  endfacet
  facet normal 1 0 0
    outer loop
      vertex 9 48.75 31.0781
      vertex 9 52 33.153
      vertex 9 48.75 31.5781
    endloop
  endfacet
  facet normal 1 0 0
    outer loop
      vertex 9 58 24.75
      vertex 9 45.5 29.003
      vertex 9 58.2385 22.9383
    endloop
  endfacet
  facet normal 1 -0 0
    outer loop
      vertex 9 42.25 26.928
      vertex 9 58.2385 22.9383
      vertex 9 45.5 29.003
    endloop
  endfacet
  facet normal 1 0 0
    outer loop
      vertex 9 45.5 29.003
      vertex 9 48.75 31.0781
      vertex 9 45.5 29.503
    endloop
  endfacet
  facet normal 1 0 0
    outer loop
      vertex 9 58.2385 22.9383
      vertex 9 42.25 26.928
      vertex 9 58.9378 21.25
    endloop
  endfacet
  facet normal 1 -0 0
    outer loop
      vertex 9 39 24.853
      vertex 9 58.9378 21.25
      vertex 9 42.25 26.928
    endloop
  endfacet
  facet normal 1 0 0
    outer loop
      vertex 9 42.25 26.928
      vertex 9 45.5 29.003
      vertex 9 42.25 27.428
    endloop
  endfacet
  facet normal 1 0 0
    outer loop
      vertex 9 58.9378 21.25
      vertex 9 39 24.853
      vertex 9 60.0503 19.8003
    endloop
  endfacet
  facet normal 1 0 0
    outer loop
      vertex 9 39 24.853
      vertex 9 42.25 26.928
      vertex 9 39 25.353
    endloop
  endfacet
  facet normal 1 -0 0
    outer loop
      vertex 9 35.75 22.778
      vertex 9 60.0503 19.8003
      vertex 9 39 24.853
    endloop
  endfacet
  facet normal 1 -0 0
    outer loop
      vertex 9 32.5 20.7031
      vertex 9 60.0503 19.8003
      vertex 9 35.75 22.778
    endloop
  endfacet
  facet normal 1 0 0
    outer loop
      vertex 9 35.75 22.778
      vertex 9 39 24.853
      vertex 9 35.75 23.278
    endloop
  endfacet
  facet normal 1 0 0
    outer loop
      vertex 9 60.0503 19.8003
      vertex 9 32.5 20.7031
      vertex 9 61.5 18.6878
    endloop
  endfacet
  facet normal 1 0 0
    outer loop
      vertex 9 29.25 18.628
      vertex 9 61.5 18.6878
      vertex 9 32.5 20.7031
    endloop
  endfacet
  facet normal 1 0 0
    outer loop
      vertex 9 32.5 20.7031
      vertex 9 35.75 22.778
      vertex 9 32.5 21.2031
    endloop
  endfacet
  facet normal 1 0 0
    outer loop
      vertex 9 26 16.553
      vertex 9 61.5 18.6878
      vertex 9 29.25 18.628
    endloop
  endfacet
  facet normal 1 0 0
    outer loop
      vertex 9 29.25 18.628
      vertex 9 32.5 20.7031
      vertex 9 29.25 19.128
    endloop
  endfacet
  facet normal 1 0 0
    outer loop
      vertex 9 22.75 14.478
      vertex 9 61.5 18.6878
      vertex 9 26 16.553
    endloop
  endfacet
  facet normal 1 0 0
    outer loop
      vertex 9 26 16.553
      vertex 9 29.25 18.628
      vertex 9 26 17.053
    endloop
  endfacet
  facet normal 1 0 0
    outer loop
      vertex 9 61.5 18.6878
      vertex 9 22.75 14.478
      vertex 9 63.1883 17.9885
    endloop
  endfacet
  facet normal 1 0 0
    outer loop
      vertex 9 22.75 14.478
      vertex 9 26 16.553
      vertex 9 22.75 14.978
    endloop
  endfacet
  facet normal 1 0 0
    outer loop
      vertex 9 19.5 12.4031
      vertex 9 63.1883 17.9885
      vertex 9 22.75 14.478
    endloop
  endfacet
  facet normal 1 0 0
    outer loop
      vertex 9 19.5 12.4031
      vertex 9 22.75 14.478
      vertex 9 19.5 12.9031
    endloop
  endfacet
  facet normal 1 0 0
    outer loop
      vertex 9 16.25 10.3281
      vertex 9 63.1883 17.9885
      vertex 9 19.5 12.4031
    endloop
  endfacet
  facet normal 1 0 0
    outer loop
      vertex 9 16.25 10.3281
      vertex 9 19.5 12.4031
      vertex 9 16.25 10.8281
    endloop
  endfacet
  facet normal 1 0 0
    outer loop
      vertex 9 13 8.25304
      vertex 9 63.1883 17.9885
      vertex 9 16.25 10.3281
    endloop
  endfacet
  facet normal 1 0 0
    outer loop
      vertex 9 13 8.25304
      vertex 9 16.25 10.3281
      vertex 9 13 8.75304
    endloop
  endfacet
  facet normal 1 0 0
    outer loop
      vertex 9 9.75 6.17804
      vertex 9 63.1883 17.9885
      vertex 9 13 8.25304
    endloop
  endfacet
  facet normal 1 0 0
    outer loop
      vertex 9 9.75 6.17804
      vertex 9 13 8.25304
      vertex 9 9.75 6.67804
    endloop
  endfacet
  facet normal 1 0 0
    outer loop
      vertex 9 6.5 4.10305
      vertex 9 63.1883 17.9885
      vertex 9 9.75 6.17804
    endloop
  endfacet
  facet normal 1 0 0
    outer loop
      vertex 9 6.5 4.10305
      vertex 9 9.75 6.17804
      vertex 9 6.5 4.60305
    endloop
  endfacet
  facet normal 1 0 0
    outer loop
      vertex 9 65 17.75
      vertex 9 6.5 4.10305
      vertex 9 123.713 4
    endloop
  endfacet
  facet normal 1 0 0
    outer loop
      vertex 9 123.713 4
      vertex 9 6.5 4.10305
      vertex 9 6.28736 4
    endloop
  endfacet
  facet normal 0 1 -0
    outer loop
      vertex 180.217 124 0
      vertex 31.783 124 3.5
      vertex 180.217 124 3.5
    endloop
  endfacet
  facet normal 0 1 0
    outer loop
      vertex 31.783 124 3.5
      vertex 180.217 124 0
      vertex 31.783 124 0
    endloop
  endfacet
  facet normal 0 1 0
    outer loop
      vertex 180.217 124 3.5
      vertex 206 124 3.86074
      vertex 181.783 124 3.5
    endloop
  endfacet
  facet normal 0 1 -0
    outer loop
      vertex 206 124 0
      vertex 181.783 124 3.5
      vertex 206 124 3.86074
    endloop
  endfacet
  facet normal 0 1 0
    outer loop
      vertex 181.783 124 3.5
      vertex 206 124 0
      vertex 181.783 124 0
    endloop
  endfacet
  facet normal 0 1 0
    outer loop
      vertex 206 124 3.86074
      vertex 180.217 124 3.5
      vertex 6 124 3.86074
    endloop
  endfacet
  facet normal 0 1 -0
    outer loop
      vertex 31.783 124 3.5
      vertex 6 124 3.86074
      vertex 180.217 124 3.5
    endloop
  endfacet
  facet normal 0 1 -0
    outer loop
      vertex 30.217 124 3.5
      vertex 6 124 3.86074
      vertex 31.783 124 3.5
    endloop
  endfacet
  facet normal 0 1 0
    outer loop
      vertex 6 124 0
      vertex 30.217 124 3.5
      vertex 30.217 124 0
    endloop
  endfacet
  facet normal 0 1 0
    outer loop
      vertex 30.217 124 3.5
      vertex 6 124 0
      vertex 6 124 3.86074
    endloop
  endfacet
  facet normal 0 -1 0
    outer loop
      vertex 31.783 6 0
      vertex 119.217 6 3.5
      vertex 31.783 6 3.5
    endloop
  endfacet
  facet normal 0 -1 -0
    outer loop
      vertex 119.217 6 3.5
      vertex 31.783 6 0
      vertex 119.217 6 0
    endloop
  endfacet
  facet normal 0 -1 0
    outer loop
      vertex 31.783 6 3.5
      vertex 6 6 3.86074
      vertex 30.217 6 3.5
    endloop
  endfacet
  facet normal 0 -1 0
    outer loop
      vertex 6 6 0
      vertex 30.217 6 3.5
      vertex 6 6 3.86074
    endloop
  endfacet
  facet normal 0 -1 -0
    outer loop
      vertex 30.217 6 3.5
      vertex 6 6 0
      vertex 30.217 6 0
    endloop
  endfacet
  facet normal 0 -1 0
    outer loop
      vertex 6 6 3.86074
      vertex 31.783 6 3.5
      vertex 206 6 3.86074
    endloop
  endfacet
  facet normal 0 -1 0
    outer loop
      vertex 119.217 6 3.5
      vertex 206 6 3.86074
      vertex 31.783 6 3.5
    endloop
  endfacet
  facet normal 0 -1 0
    outer loop
      vertex 120.783 6 3.5
      vertex 206 6 3.86074
      vertex 119.217 6 3.5
    endloop
  endfacet
  facet normal 0 -1 0
    outer loop
      vertex 120.783 6 0
      vertex 206 6 3.86074
      vertex 120.783 6 3.5
    endloop
  endfacet
  facet normal 0 -1 -0
    outer loop
      vertex 206 6 3.86074
      vertex 120.783 6 0
      vertex 206 6 0
    endloop
  endfacet
  facet normal -1 0 0
    outer loop
      vertex 203 52 33.153
      vertex 203 58.9378 28.25
      vertex 203 58.2385 26.5617
    endloop
  endfacet
  facet normal -1 0 0
    outer loop
      vertex 203 48.75 31.0781
      vertex 203 58.2385 26.5617
      vertex 203 58 24.75
    endloop
  endfacet
  facet normal -1 0 0
    outer loop
      vertex 203 58.9378 28.25
      vertex 203 55.25 35.228
      vertex 203 58.5 37.303
    endloop
  endfacet
  facet normal -1 0 0
    outer loop
      vertex 203 58.5 37.303
      vertex 203 55.25 35.228
      vertex 203 55.25 35.728
    endloop
  endfacet
  facet normal -1 0 0
    outer loop
      vertex 203 58.5 37.303
      vertex 203 63.1883 31.5115
      vertex 203 61.5 30.8122
    endloop
  endfacet
  facet normal -1 0 0
    outer loop
      vertex 203 58.5 37.303
      vertex 203 61.5 30.8122
      vertex 203 60.0503 29.6997
    endloop
  endfacet
  facet normal -1 0 0
    outer loop
      vertex 203 58.5 37.303
      vertex 203 60.0503 29.6997
      vertex 203 58.9378 28.25
    endloop
  endfacet
  facet normal -1 0 0
    outer loop
      vertex 203 63.1883 31.5115
      vertex 203 58.5 37.303
      vertex 203 61.75 39.378
    endloop
  endfacet
  facet normal -1 0 0
    outer loop
      vertex 203 61.75 39.378
      vertex 203 58.5 37.303
      vertex 203 58.5 37.803
    endloop
  endfacet
  facet normal -1 0 0
    outer loop
      vertex 203 123.5 4.10305
      vertex 203 120.25 6.17804
      vertex 203 123.5 4.60305
    endloop
  endfacet
  facet normal -1 0 0
    outer loop
      vertex 203 120.25 6.17804
      vertex 203 117 8.25304
      vertex 203 120.25 6.67804
    endloop
  endfacet
  facet normal -1 0 0
    outer loop
      vertex 203 66.8117 17.9885
      vertex 203 120.25 6.17804
      vertex 203 123.5 4.10305
    endloop
  endfacet
  facet normal -1 0 0
    outer loop
      vertex 203 117 8.25304
      vertex 203 113.75 10.3281
      vertex 203 117 8.75304
    endloop
  endfacet
  facet normal -1 0 0
    outer loop
      vertex 203 113.75 10.3281
      vertex 203 110.5 12.4031
      vertex 203 113.75 10.8281
    endloop
  endfacet
  facet normal -1 0 0
    outer loop
      vertex 203 66.8117 17.9885
      vertex 203 113.75 10.3281
      vertex 203 117 8.25304
    endloop
  endfacet
  facet normal -1 0 0
    outer loop
      vertex 203 110.5 12.4031
      vertex 203 107.25 14.478
      vertex 203 110.5 12.9031
    endloop
  endfacet
  facet normal -1 0 0
    outer loop
      vertex 203 113.75 10.3281
      vertex 203 66.8117 17.9885
      vertex 203 110.5 12.4031
    endloop
  endfacet
  facet normal -1 0 0
    outer loop
      vertex 203 107.25 14.478
      vertex 203 104 16.553
      vertex 203 107.25 14.978
    endloop
  endfacet
  facet normal -1 0 0
    outer loop
      vertex 203 110.5 12.4031
      vertex 203 66.8117 17.9885
      vertex 203 107.25 14.478
    endloop
  endfacet
  facet normal -1 0 0
    outer loop
      vertex 203 104 16.553
      vertex 203 100.75 18.628
      vertex 203 104 17.053
    endloop
  endfacet
  facet normal -1 0 -0
    outer loop
      vertex 203 68.5 18.6878
      vertex 203 107.25 14.478
      vertex 203 66.8117 17.9885
    endloop
  endfacet
  facet normal -1 0 0
    outer loop
      vertex 203 100.75 18.628
      vertex 203 97.5 20.7031
      vertex 203 100.75 19.128
    endloop
  endfacet
  facet normal -1 0 0
    outer loop
      vertex 203 97.5 20.7031
      vertex 203 94.25 22.778
      vertex 203 97.5 21.2031
    endloop
  endfacet
  facet normal -1 0 0
    outer loop
      vertex 203 68.5 18.6878
      vertex 203 97.5 20.7031
      vertex 203 100.75 18.628
    endloop
  endfacet
  facet normal -1 0 0
    outer loop
      vertex 203 94.25 22.778
      vertex 203 91 24.853
      vertex 203 94.25 23.278
    endloop
  endfacet
  facet normal -1 -0 0
    outer loop
      vertex 203 97.5 20.7031
      vertex 203 69.9497 19.8003
      vertex 203 94.25 22.778
    endloop
  endfacet
  facet normal -1 0 0
    outer loop
      vertex 203 91 24.853
      vertex 203 87.75 26.928
      vertex 203 91 25.353
    endloop
  endfacet
  facet normal -1 -0 0
    outer loop
      vertex 203 94.25 22.778
      vertex 203 69.9497 19.8003
      vertex 203 91 24.853
    endloop
  endfacet
  facet normal -1 0 0
    outer loop
      vertex 203 87.75 26.928
      vertex 203 84.5 29.003
      vertex 203 87.75 27.428
    endloop
  endfacet
  facet normal -1 0 -0
    outer loop
      vertex 203 71.0622 21.25
      vertex 203 91 24.853
      vertex 203 69.9497 19.8003
    endloop
  endfacet
  facet normal -1 0 0
    outer loop
      vertex 203 84.5 29.003
      vertex 203 81.25 31.0781
      vertex 203 84.5 29.503
    endloop
  endfacet
  facet normal -1 0 0
    outer loop
      vertex 203 81.25 31.0781
      vertex 203 78 33.153
      vertex 203 81.25 31.5781
    endloop
  endfacet
  facet normal -1 0 0
    outer loop
      vertex 203 72 24.75
      vertex 203 81.25 31.0781
      vertex 203 84.5 29.003
    endloop
  endfacet
  facet normal -1 0 0
    outer loop
      vertex 203 78 33.153
      vertex 203 74.75 35.228
      vertex 203 78 33.653
    endloop
  endfacet
  facet normal -1 -0 0
    outer loop
      vertex 203 81.25 31.0781
      vertex 203 71.7615 26.5617
      vertex 203 78 33.153
    endloop
  endfacet
  facet normal -1 0 0
    outer loop
      vertex 203 71.0622 28.25
      vertex 203 78 33.153
      vertex 203 71.7615 26.5617
    endloop
  endfacet
  facet normal -1 0 0
    outer loop
      vertex 203 81.25 31.0781
      vertex 203 72 24.75
      vertex 203 71.7615 26.5617
    endloop
  endfacet
  facet normal -1 0 -0
    outer loop
      vertex 203 71.7615 22.9383
      vertex 203 87.75 26.928
      vertex 203 71.0622 21.25
    endloop
  endfacet
  facet normal -1 0 0
    outer loop
      vertex 203 107.25 14.478
      vertex 203 68.5 18.6878
      vertex 203 104 16.553
    endloop
  endfacet
  facet normal -1 0 0
    outer loop
      vertex 203 120.25 6.17804
      vertex 203 66.8117 17.9885
      vertex 203 117 8.25304
    endloop
  endfacet
  facet normal -1 0 0
    outer loop
      vertex 203 65 17.75
      vertex 203 123.5 4.10305
      vertex 203 123.713 4
    endloop
  endfacet
  facet normal -1 0 0
    outer loop
      vertex 203 84.5 29.003
      vertex 203 71.7615 22.9383
      vertex 203 72 24.75
    endloop
  endfacet
  facet normal -1 -0 0
    outer loop
      vertex 203 87.75 26.928
      vertex 203 71.7615 22.9383
      vertex 203 84.5 29.003
    endloop
  endfacet
  facet normal -1 -0 0
    outer loop
      vertex 203 91 24.853
      vertex 203 71.0622 21.25
      vertex 203 87.75 26.928
    endloop
  endfacet
  facet normal -1 0 0
    outer loop
      vertex 203 97.5 20.7031
      vertex 203 68.5 18.6878
      vertex 203 69.9497 19.8003
    endloop
  endfacet
  facet normal -1 0 0
    outer loop
      vertex 203 104 16.553
      vertex 203 68.5 18.6878
      vertex 203 100.75 18.628
    endloop
  endfacet
  facet normal -1 0 0
    outer loop
      vertex 203 123.5 4.10305
      vertex 203 65 17.75
      vertex 203 66.8117 17.9885
    endloop
  endfacet
  facet normal -1 0 0
    outer loop
      vertex 203 6.5 4.10305
      vertex 203 65 17.75
      vertex 203 123.713 4
    endloop
  endfacet
  facet normal -1 0 0
    outer loop
      vertex 203 45.5 29.003
      vertex 203 58 24.75
      vertex 203 58.2385 22.9383
    endloop
  endfacet
  facet normal -1 0 0
    outer loop
      vertex 203 58.9378 28.25
      vertex 203 52 33.153
      vertex 203 55.25 35.228
    endloop
  endfacet
  facet normal -1 0 0
    outer loop
      vertex 203 42.25 26.928
      vertex 203 58.2385 22.9383
      vertex 203 58.9378 21.25
    endloop
  endfacet
  facet normal -1 0 0
    outer loop
      vertex 203 58.2385 26.5617
      vertex 203 48.75 31.0781
      vertex 203 52 33.153
    endloop
  endfacet
  facet normal -1 0 0
    outer loop
      vertex 203 39 24.853
      vertex 203 58.9378 21.25
      vertex 203 60.0503 19.8003
    endloop
  endfacet
  facet normal -1 0 0
    outer loop
      vertex 203 58 24.75
      vertex 203 45.5 29.003
      vertex 203 48.75 31.0781
    endloop
  endfacet
  facet normal -1 0 0
    outer loop
      vertex 203 32.5 20.7031
      vertex 203 60.0503 19.8003
      vertex 203 61.5 18.6878
    endloop
  endfacet
  facet normal -1 0 0
    outer loop
      vertex 203 58.2385 22.9383
      vertex 203 42.25 26.928
      vertex 203 45.5 29.003
    endloop
  endfacet
  facet normal -1 0 0
    outer loop
      vertex 203 58.9378 21.25
      vertex 203 39 24.853
      vertex 203 42.25 26.928
    endloop
  endfacet
  facet normal -1 0 0
    outer loop
      vertex 203 22.75 14.478
      vertex 203 61.5 18.6878
      vertex 203 63.1883 17.9885
    endloop
  endfacet
  facet normal -1 0 0
    outer loop
      vertex 203 60.0503 19.8003
      vertex 203 35.75 22.778
      vertex 203 39 24.853
    endloop
  endfacet
  facet normal -1 -0 0
    outer loop
      vertex 203 65 17.75
      vertex 203 6.5 4.10305
      vertex 203 63.1883 17.9885
    endloop
  endfacet
  facet normal -1 0 0
    outer loop
      vertex 203 60.0503 19.8003
      vertex 203 32.5 20.7031
      vertex 203 35.75 22.778
    endloop
  endfacet
  facet normal -1 -0 0
    outer loop
      vertex 203 61.5 18.6878
      vertex 203 29.25 18.628
      vertex 203 32.5 20.7031
    endloop
  endfacet
  facet normal -1 0 0
    outer loop
      vertex 203 61.5 18.6878
      vertex 203 26 16.553
      vertex 203 29.25 18.628
    endloop
  endfacet
  facet normal -1 0 0
    outer loop
      vertex 203 61.5 18.6878
      vertex 203 22.75 14.478
      vertex 203 26 16.553
    endloop
  endfacet
  facet normal -1 0 0
    outer loop
      vertex 203 63.1883 17.9885
      vertex 203 19.5 12.4031
      vertex 203 22.75 14.478
    endloop
  endfacet
  facet normal -1 0 0
    outer loop
      vertex 203 63.1883 17.9885
      vertex 203 16.25 10.3281
      vertex 203 19.5 12.4031
    endloop
  endfacet
  facet normal -1 0 0
    outer loop
      vertex 203 63.1883 17.9885
      vertex 203 13 8.25304
      vertex 203 16.25 10.3281
    endloop
  endfacet
  facet normal -1 0 0
    outer loop
      vertex 203 63.1883 17.9885
      vertex 203 9.75 6.17804
      vertex 203 13 8.25304
    endloop
  endfacet
  facet normal -1 0 0
    outer loop
      vertex 203 63.1883 17.9885
      vertex 203 6.5 4.10305
      vertex 203 9.75 6.17804
    endloop
  endfacet
  facet normal -1 0 -0
    outer loop
      vertex 203 6.5 4.10305
      vertex 203 123.713 4
      vertex 203 6.28736 4
    endloop
  endfacet
  facet normal -1 -0 0
    outer loop
      vertex 203 78 33.153
      vertex 203 71.0622 28.25
      vertex 203 74.75 35.228
    endloop
  endfacet
  facet normal -1 0 0
    outer loop
      vertex 203 69.9497 29.6997
      vertex 203 74.75 35.228
      vertex 203 71.0622 28.25
    endloop
  endfacet
  facet normal -1 0 0
    outer loop
      vertex 203 68.5 30.8122
      vertex 203 74.75 35.228
      vertex 203 69.9497 29.6997
    endloop
  endfacet
  facet normal -1 0 0
    outer loop
      vertex 203 74.75 35.228
      vertex 203 71.5 37.303
      vertex 203 74.75 35.728
    endloop
  endfacet
  facet normal -1 -0 0
    outer loop
      vertex 203 74.75 35.228
      vertex 203 68.5 30.8122
      vertex 203 71.5 37.303
    endloop
  endfacet
  facet normal -1 0 0
    outer loop
      vertex 203 66.8117 31.5115
      vertex 203 71.5 37.303
      vertex 203 68.5 30.8122
    endloop
  endfacet
  facet normal -1 0 -0
    outer loop
      vertex 203 68.25 39.378
      vertex 203 71.5 37.303
      vertex 203 66.8117 31.5115
    endloop
  endfacet
  facet normal -1 0 0
    outer loop
      vertex 203 71.5 37.303
      vertex 203 68.25 39.378
      vertex 203 71.5 37.803
    endloop
  endfacet
  facet normal -1 0 0
    outer loop
      vertex 203 65 31.75
      vertex 203 68.25 39.378
      vertex 203 66.8117 31.5115
    endloop
  endfacet
  facet normal -1 0 0
    outer loop
      vertex 203 61.75 39.378
      vertex 203 68.25 39.378
      vertex 203 65 31.75
    endloop
  endfacet
  facet normal -1 0 -0
    outer loop
      vertex 203 65 41.4531
      vertex 203 68.25 39.378
      vertex 203 61.75 39.378
    endloop
  endfacet
  facet normal -1 0 0
    outer loop
      vertex 203 61.75 39.378
      vertex 203 65 31.75
      vertex 203 63.1883 31.5115
    endloop
  endfacet
  facet normal -1 0 0
    outer loop
      vertex 203 68.25 39.378
      vertex 203 65 41.4531
      vertex 203 68.25 39.878
    endloop
  endfacet
  facet normal -1 0 0
    outer loop
      vertex 203 65 41.4531
      vertex 203 61.75 39.378
      vertex 203 61.75 39.878
    endloop
  endfacet
  facet normal -1 0 0
    outer loop
      vertex 203 55.25 35.228
      vertex 203 52 33.153
      vertex 203 52 33.653
    endloop
  endfacet
  facet normal -1 0 0
    outer loop
      vertex 203 52 33.153
      vertex 203 48.75 31.0781
      vertex 203 48.75 31.5781
    endloop
  endfacet
  facet normal -1 0 0
    outer loop
      vertex 203 48.75 31.0781
      vertex 203 45.5 29.003
      vertex 203 45.5 29.503
    endloop
  endfacet
  facet normal -1 0 0
    outer loop
      vertex 203 45.5 29.003
      vertex 203 42.25 26.928
      vertex 203 42.25 27.428
    endloop
  endfacet
  facet normal -1 0 0
    outer loop
      vertex 203 42.25 26.928
      vertex 203 39 24.853
      vertex 203 39 25.353
    endloop
  endfacet
  facet normal -1 0 0
    outer loop
      vertex 203 39 24.853
      vertex 203 35.75 22.778
      vertex 203 35.75 23.278
    endloop
  endfacet
  facet normal -1 0 0
    outer loop
      vertex 203 35.75 22.778
      vertex 203 32.5 20.7031
      vertex 203 32.5 21.2031
    endloop
  endfacet
  facet normal -1 0 0
    outer loop
      vertex 203 32.5 20.7031
      vertex 203 29.25 18.628
      vertex 203 29.25 19.128
    endloop
  endfacet
  facet normal -1 0 0
    outer loop
      vertex 203 29.25 18.628
      vertex 203 26 16.553
      vertex 203 26 17.053
    endloop
  endfacet
  facet normal -1 0 0
    outer loop
      vertex 203 26 16.553
      vertex 203 22.75 14.478
      vertex 203 22.75 14.978
    endloop
  endfacet
  facet normal -1 0 0
    outer loop
      vertex 203 22.75 14.478
      vertex 203 19.5 12.4031
      vertex 203 19.5 12.9031
    endloop
  endfacet
  facet normal -1 0 0
    outer loop
      vertex 203 19.5 12.4031
      vertex 203 16.25 10.3281
      vertex 203 16.25 10.8281
    endloop
  endfacet
  facet normal -1 0 0
    outer loop
      vertex 203 16.25 10.3281
      vertex 203 13 8.25304
      vertex 203 13 8.75304
    endloop
  endfacet
  facet normal -1 0 0
    outer loop
      vertex 203 13 8.25304
      vertex 203 9.75 6.17804
      vertex 203 9.75 6.67804
    endloop
  endfacet
  facet normal -1 0 0
    outer loop
      vertex 203 9.75 6.17804
      vertex 203 6.5 4.10305
      vertex 203 6.5 4.60305
    endloop
  endfacet
  facet normal 1 0 0
    outer loop
      vertex 206 6.5 4.10305
      vertex 206 8 5.32997
      vertex 206 6.5 4.60305
    endloop
  endfacet
  facet normal 1 0 0
    outer loop
      vertex 206 8 5.32997
      vertex 206 6.5 4.10305
      vertex 206 8 0
    endloop
  endfacet
  facet normal 1 -0 0
    outer loop
      vertex 206 6 3.86074
      vertex 206 8 0
      vertex 206 6.5 4.10305
    endloop
  endfacet
  facet normal 1 0 0
    outer loop
      vertex 206 8 0
      vertex 206 6 3.86074
      vertex 206 6 0
    endloop
  endfacet
  facet normal 1 0 0
    outer loop
      vertex 206 123.5 4.60305
      vertex 206 121.6 5.52382
      vertex 206 123.5 4.10305
    endloop
  endfacet
  facet normal 1 0 0
    outer loop
      vertex 206 121.6 0
      vertex 206 124 3.86074
      vertex 206 123.5 4.10305
    endloop
  endfacet
  facet normal 1 0 0
    outer loop
      vertex 206 121.6 0
      vertex 206 123.5 4.10305
      vertex 206 121.6 5.52382
    endloop
  endfacet
  facet normal 1 0 0
    outer loop
      vertex 206 124 3.86074
      vertex 206 121.6 0
      vertex 206 124 0
    endloop
  endfacet
  facet normal 1 0 0
    outer loop
      vertex 206 13 8.25304
      vertex 206 16 10.2069
      vertex 206 13 8.75304
    endloop
  endfacet
  facet normal 1 0 0
    outer loop
      vertex 206 16 10.2069
      vertex 206 13 8.25304
      vertex 206 16 0
    endloop
  endfacet
  facet normal 1 0 0
    outer loop
      vertex 206 9.75 6.17804
      vertex 206 13 8.25304
      vertex 206 9.75 6.67804
    endloop
  endfacet
  facet normal 1 0 0
    outer loop
      vertex 206 13 8.25304
      vertex 206 9.75 6.17804
      vertex 206 16 0
    endloop
  endfacet
  facet normal 1 0 0
    outer loop
      vertex 206 9.6 0
      vertex 206 9.75 6.17804
      vertex 206 9.6 6.10535
    endloop
  endfacet
  facet normal 1 0 0
    outer loop
      vertex 206 9.75 6.17804
      vertex 206 9.6 0
      vertex 206 16 0
    endloop
  endfacet
  facet normal 1 0 0
    outer loop
      vertex 206 113.75 10.8281
      vertex 206 113.6 10.9007
      vertex 206 113.75 10.3281
    endloop
  endfacet
  facet normal 1 0 0
    outer loop
      vertex 206 117 8.75304
      vertex 206 113.75 10.3281
      vertex 206 117 8.25304
    endloop
  endfacet
  facet normal 1 0 0
    outer loop
      vertex 206 113.6 0
      vertex 206 120 6.7992
      vertex 206 117 8.25304
    endloop
  endfacet
  facet normal 1 0 0
    outer loop
      vertex 206 113.6 0
      vertex 206 117 8.25304
      vertex 206 113.75 10.3281
    endloop
  endfacet
  facet normal 1 0 0
    outer loop
      vertex 206 120 6.7992
      vertex 206 113.6 0
      vertex 206 120 0
    endloop
  endfacet
  facet normal 1 0 0
    outer loop
      vertex 206 113.6 0
      vertex 206 113.75 10.3281
      vertex 206 113.6 10.9007
    endloop
  endfacet
  facet normal 1 0 0
    outer loop
      vertex 206 29.25 18.628
      vertex 206 32 20.4607
      vertex 206 29.25 19.128
    endloop
  endfacet
  facet normal 1 0 0
    outer loop
      vertex 206 32 20.4607
      vertex 206 29.25 18.628
      vertex 206 32 0
    endloop
  endfacet
  facet normal 1 0 0
    outer loop
      vertex 206 26 16.553
      vertex 206 29.25 18.628
      vertex 206 26 17.053
    endloop
  endfacet
  facet normal 1 0 0
    outer loop
      vertex 206 29.25 18.628
      vertex 206 26 16.553
      vertex 206 32 0
    endloop
  endfacet
  facet normal 1 -0 0
    outer loop
      vertex 206 25.6 16.3592
      vertex 206 32 0
      vertex 206 26 16.553
    endloop
  endfacet
  facet normal 1 0 0
    outer loop
      vertex 206 32 0
      vertex 206 25.6 16.3592
      vertex 206 25.6 0
    endloop
  endfacet
  facet normal 1 0 0
    outer loop
      vertex 206 22.75 14.478
      vertex 206 24 15.5838
      vertex 206 22.75 14.978
    endloop
  endfacet
  facet normal 1 0 0
    outer loop
      vertex 206 24 15.5838
      vertex 206 22.75 14.478
      vertex 206 24 0
    endloop
  endfacet
  facet normal 1 0 0
    outer loop
      vertex 206 19.5 12.4031
      vertex 206 22.75 14.478
      vertex 206 19.5 12.9031
    endloop
  endfacet
  facet normal 1 0 0
    outer loop
      vertex 206 22.75 14.478
      vertex 206 19.5 12.4031
      vertex 206 24 0
    endloop
  endfacet
  facet normal 1 -0 0
    outer loop
      vertex 206 17.6 11.4823
      vertex 206 24 0
      vertex 206 19.5 12.4031
    endloop
  endfacet
  facet normal 1 0 0
    outer loop
      vertex 206 24 0
      vertex 206 17.6 11.4823
      vertex 206 17.6 0
    endloop
  endfacet
  facet normal 1 0 0
    outer loop
      vertex 206 107.25 14.978
      vertex 206 105.6 15.7777
      vertex 206 107.25 14.478
    endloop
  endfacet
  facet normal 1 0 0
    outer loop
      vertex 206 110.5 12.9031
      vertex 206 107.25 14.478
      vertex 206 110.5 12.4031
    endloop
  endfacet
  facet normal 1 0 0
    outer loop
      vertex 206 105.6 0
      vertex 206 112 11.6761
      vertex 206 110.5 12.4031
    endloop
  endfacet
  facet normal 1 0 0
    outer loop
      vertex 206 105.6 0
      vertex 206 110.5 12.4031
      vertex 206 107.25 14.478
    endloop
  endfacet
  facet normal 1 0 0
    outer loop
      vertex 206 105.6 0
      vertex 206 107.25 14.478
      vertex 206 105.6 15.7777
    endloop
  endfacet
  facet normal 1 0 0
    outer loop
      vertex 206 112 11.6761
      vertex 206 105.6 0
      vertex 206 112 0
    endloop
  endfacet
  facet normal 1 0 0
    outer loop
      vertex 206 100.75 19.128
      vertex 206 97.6 20.6546
      vertex 206 100.75 18.628
    endloop
  endfacet
  facet normal 1 0 0
    outer loop
      vertex 206 97.6 0
      vertex 206 104 17.053
      vertex 206 100.75 18.628
    endloop
  endfacet
  facet normal 1 0 0
    outer loop
      vertex 206 97.6 0
      vertex 206 100.75 18.628
      vertex 206 97.6 20.6546
    endloop
  endfacet
  facet normal 1 0 0
    outer loop
      vertex 206 104 17.053
      vertex 206 97.6 0
      vertex 206 104 0
    endloop
  endfacet
  facet normal 1 0 0
    outer loop
      vertex 206 91 25.353
      vertex 206 89.6 26.0315
      vertex 206 91 24.853
    endloop
  endfacet
  facet normal 1 0 0
    outer loop
      vertex 206 94.25 23.278
      vertex 206 91 24.853
      vertex 206 94.25 22.778
    endloop
  endfacet
  facet normal 1 0 0
    outer loop
      vertex 206 89.6 0
      vertex 206 96 21.93
      vertex 206 94.25 22.778
    endloop
  endfacet
  facet normal 1 0 0
    outer loop
      vertex 206 89.6 0
      vertex 206 94.25 22.778
      vertex 206 91 24.853
    endloop
  endfacet
  facet normal 1 0 0
    outer loop
      vertex 206 89.6 0
      vertex 206 91 24.853
      vertex 206 89.6 26.0315
    endloop
  endfacet
  facet normal 1 0 0
    outer loop
      vertex 206 96 21.93
      vertex 206 89.6 0
      vertex 206 96 0
    endloop
  endfacet
  facet normal 1 0 0
    outer loop
      vertex 206 39 24.853
      vertex 206 40 25.8377
      vertex 206 39 25.353
    endloop
  endfacet
  facet normal 1 0 0
    outer loop
      vertex 206 40 25.8377
      vertex 206 39 24.853
      vertex 206 40 0
    endloop
  endfacet
  facet normal 1 0 0
    outer loop
      vertex 206 35.75 22.778
      vertex 206 39 24.853
      vertex 206 35.75 23.278
    endloop
  endfacet
  facet normal 1 0 0
    outer loop
      vertex 206 39 24.853
      vertex 206 35.75 22.778
      vertex 206 40 0
    endloop
  endfacet
  facet normal 1 -0 0
    outer loop
      vertex 206 33.6 21.7361
      vertex 206 40 0
      vertex 206 35.75 22.778
    endloop
  endfacet
  facet normal 1 0 0
    outer loop
      vertex 206 40 0
      vertex 206 33.6 21.7361
      vertex 206 33.6 0
    endloop
  endfacet
  facet normal 1 0 0
    outer loop
      vertex 206 84.5 29.503
      vertex 206 81.6 30.9084
      vertex 206 84.5 29.003
    endloop
  endfacet
  facet normal 1 0 0
    outer loop
      vertex 206 87.75 27.428
      vertex 206 84.5 29.003
      vertex 206 87.75 26.928
    endloop
  endfacet
  facet normal 1 0 0
    outer loop
      vertex 206 81.6 0
      vertex 206 88 26.8069
      vertex 206 87.75 26.928
    endloop
  endfacet
  facet normal 1 0 0
    outer loop
      vertex 206 81.6 0
      vertex 206 87.75 26.928
      vertex 206 84.5 29.003
    endloop
  endfacet
  facet normal 1 0 0
    outer loop
      vertex 206 81.6 0
      vertex 206 84.5 29.003
      vertex 206 81.6 30.9084
    endloop
  endfacet
  facet normal 1 0 0
    outer loop
      vertex 206 88 26.8069
      vertex 206 81.6 0
      vertex 206 88 0
    endloop
  endfacet
  facet normal 1 0 0
    outer loop
      vertex 206 45.5 29.003
      vertex 206 48 30.7146
      vertex 206 45.5 29.503
    endloop
  endfacet
  facet normal 1 0 0
    outer loop
      vertex 206 48 30.7146
      vertex 206 45.5 29.003
      vertex 206 48 0
    endloop
  endfacet
  facet normal 1 0 0
    outer loop
      vertex 206 42.25 26.928
      vertex 206 45.5 29.003
      vertex 206 42.25 27.428
    endloop
  endfacet
  facet normal 1 0 0
    outer loop
      vertex 206 45.5 29.003
      vertex 206 42.25 26.928
      vertex 206 48 0
    endloop
  endfacet
  facet normal 1 -0 0
    outer loop
      vertex 206 41.6 26.613
      vertex 206 48 0
      vertex 206 42.25 26.928
    endloop
  endfacet
  facet normal 1 0 0
    outer loop
      vertex 206 48 0
      vertex 206 41.6 26.613
      vertex 206 41.6 0
    endloop
  endfacet
  facet normal 1 0 0
    outer loop
      vertex 206 74.75 35.728
      vertex 206 73.6 36.2854
      vertex 206 74.75 35.228
    endloop
  endfacet
  facet normal 1 0 0
    outer loop
      vertex 206 78 33.653
      vertex 206 74.75 35.228
      vertex 206 78 33.153
    endloop
  endfacet
  facet normal 1 0 0
    outer loop
      vertex 206 73.6 0
      vertex 206 80 32.1838
      vertex 206 78 33.153
    endloop
  endfacet
  facet normal 1 0 0
    outer loop
      vertex 206 73.6 0
      vertex 206 78 33.153
      vertex 206 74.75 35.228
    endloop
  endfacet
  facet normal 1 0 0
    outer loop
      vertex 206 73.6 0
      vertex 206 74.75 35.228
      vertex 206 73.6 36.2854
    endloop
  endfacet
  facet normal 1 0 0
    outer loop
      vertex 206 80 32.1838
      vertex 206 73.6 0
      vertex 206 80 0
    endloop
  endfacet
  facet normal 1 0 0
    outer loop
      vertex 206 55.25 35.228
      vertex 206 56 36.0915
      vertex 206 55.25 35.728
    endloop
  endfacet
  facet normal 1 0 0
    outer loop
      vertex 206 56 36.0915
      vertex 206 55.25 35.228
      vertex 206 56 0
    endloop
  endfacet
  facet normal 1 0 0
    outer loop
      vertex 206 52 33.153
      vertex 206 55.25 35.228
      vertex 206 52 33.653
    endloop
  endfacet
  facet normal 1 0 0
    outer loop
      vertex 206 55.25 35.228
      vertex 206 52 33.153
      vertex 206 56 0
    endloop
  endfacet
  facet normal 1 -0 0
    outer loop
      vertex 206 49.6 31.99
      vertex 206 56 0
      vertex 206 52 33.153
    endloop
  endfacet
  facet normal 1 0 0
    outer loop
      vertex 206 56 0
      vertex 206 49.6 31.99
      vertex 206 49.6 0
    endloop
  endfacet
  facet normal 1 0 0
    outer loop
      vertex 206 65.6 41.1623
      vertex 206 68.25 39.378
      vertex 206 68.25 39.878
    endloop
  endfacet
  facet normal 1 0 0
    outer loop
      vertex 206 68.25 39.378
      vertex 206 65.6 41.1623
      vertex 206 65.6 31.671
    endloop
  endfacet
  facet normal 1 0 0
    outer loop
      vertex 206 68.25 39.378
      vertex 206 65.6 31.671
      vertex 206 66.8117 31.5115
    endloop
  endfacet
  facet normal 1 0 0
    outer loop
      vertex 206 68.25 39.378
      vertex 206 71.5 37.303
      vertex 206 71.5 37.803
    endloop
  endfacet
  facet normal 1 0 0
    outer loop
      vertex 206 71.5 37.303
      vertex 206 69.9497 29.6997
      vertex 206 71.0622 28.25
    endloop
  endfacet
  facet normal 1 0 0
    outer loop
      vertex 206 71.5 37.303
      vertex 206 68.5 30.8122
      vertex 206 69.9497 29.6997
    endloop
  endfacet
  facet normal 1 0 0
    outer loop
      vertex 206 71.5 37.303
      vertex 206 68.25 39.378
      vertex 206 66.8117 31.5115
    endloop
  endfacet
  facet normal 1 0 0
    outer loop
      vertex 206 71.5 37.303
      vertex 206 66.8117 31.5115
      vertex 206 68.5 30.8122
    endloop
  endfacet
  facet normal 1 0 0
    outer loop
      vertex 206 72 37.0607
      vertex 206 71.7615 26.5617
      vertex 206 72 24.75
    endloop
  endfacet
  facet normal 1 0 0
    outer loop
      vertex 206 71.0622 28.25
      vertex 206 72 37.0607
      vertex 206 71.5 37.303
    endloop
  endfacet
  facet normal 1 0 0
    outer loop
      vertex 206 72 37.0607
      vertex 206 71.0622 28.25
      vertex 206 71.7615 26.5617
    endloop
  endfacet
  facet normal 1 -0 0
    outer loop
      vertex 206 61.75 39.378
      vertex 206 64 31.6183
      vertex 206 64 40.9684
    endloop
  endfacet
  facet normal 1 0 0
    outer loop
      vertex 206 61.75 39.378
      vertex 206 64 40.9684
      vertex 206 61.75 39.878
    endloop
  endfacet
  facet normal 1 0 0
    outer loop
      vertex 206 64 31.6183
      vertex 206 61.75 39.378
      vertex 206 63.1883 31.5115
    endloop
  endfacet
  facet normal 1 -0 0
    outer loop
      vertex 206 58.5 37.303
      vertex 206 63.1883 31.5115
      vertex 206 61.75 39.378
    endloop
  endfacet
  facet normal 1 0 0
    outer loop
      vertex 206 63.1883 31.5115
      vertex 206 58.5 37.303
      vertex 206 61.5 30.8122
    endloop
  endfacet
  facet normal 1 -0 0
    outer loop
      vertex 206 57.6 36.8669
      vertex 206 61.5 30.8122
      vertex 206 58.5 37.303
    endloop
  endfacet
  facet normal 1 0 0
    outer loop
      vertex 206 58.5 37.303
      vertex 206 61.75 39.378
      vertex 206 58.5 37.803
    endloop
  endfacet
  facet normal 1 0 0
    outer loop
      vertex 206 61.5 30.8122
      vertex 206 57.6 36.8669
      vertex 206 60.0503 29.6997
    endloop
  endfacet
  facet normal 1 0 0
    outer loop
      vertex 206 60.0503 29.6997
      vertex 206 57.6 36.8669
      vertex 206 58.9378 28.25
    endloop
  endfacet
  facet normal 1 0 0
    outer loop
      vertex 206 58.9378 28.25
      vertex 206 57.6 36.8669
      vertex 206 58.2385 26.5617
    endloop
  endfacet
  facet normal 1 0 0
    outer loop
      vertex 206 58.2385 26.5617
      vertex 206 57.6 36.8669
      vertex 206 58 24.75
    endloop
  endfacet
  facet normal 1 0 0
    outer loop
      vertex 206 63.1883 17.9885
      vertex 206 64 0
      vertex 206 64 17.8817
    endloop
  endfacet
  facet normal 1 0 0
    outer loop
      vertex 206 57.6 0
      vertex 206 63.1883 17.9885
      vertex 206 61.5 18.6878
    endloop
  endfacet
  facet normal 1 0 0
    outer loop
      vertex 206 57.6 0
      vertex 206 61.5 18.6878
      vertex 206 60.0503 19.8003
    endloop
  endfacet
  facet normal 1 0 0
    outer loop
      vertex 206 57.6 0
      vertex 206 60.0503 19.8003
      vertex 206 58.9378 21.25
    endloop
  endfacet
  facet normal 1 0 0
    outer loop
      vertex 206 57.6 0
      vertex 206 58.9378 21.25
      vertex 206 58.2385 22.9383
    endloop
  endfacet
  facet normal 1 0 0
    outer loop
      vertex 206 63.1883 17.9885
      vertex 206 57.6 0
      vertex 206 64 0
    endloop
  endfacet
  facet normal 1 0 0
    outer loop
      vertex 206 58 24.75
      vertex 206 57.6 0
      vertex 206 58.2385 22.9383
    endloop
  endfacet
  facet normal 1 0 0
    outer loop
      vertex 206 57.6 0
      vertex 206 58 24.75
      vertex 206 57.6 36.8669
    endloop
  endfacet
  facet normal 1 -0 0
    outer loop
      vertex 206 71.7615 22.9383
      vertex 206 72 0
      vertex 206 72 24.75
    endloop
  endfacet
  facet normal 1 -0 0
    outer loop
      vertex 206 71.0622 21.25
      vertex 206 72 0
      vertex 206 71.7615 22.9383
    endloop
  endfacet
  facet normal 1 -0 0
    outer loop
      vertex 206 69.9497 19.8003
      vertex 206 72 0
      vertex 206 71.0622 21.25
    endloop
  endfacet
  facet normal 1 -0 0
    outer loop
      vertex 206 68.5 18.6878
      vertex 206 72 0
      vertex 206 69.9497 19.8003
    endloop
  endfacet
  facet normal 1 -0 0
    outer loop
      vertex 206 66.8117 17.9885
      vertex 206 72 0
      vertex 206 68.5 18.6878
    endloop
  endfacet
  facet normal 1 0 0
    outer loop
      vertex 206 65.6 0
      vertex 206 66.8117 17.9885
      vertex 206 65.6 17.829
    endloop
  endfacet
  facet normal 1 0 0
    outer loop
      vertex 206 66.8117 17.9885
      vertex 206 65.6 0
      vertex 206 72 0
    endloop
  endfacet
  facet normal -1 0 0
    outer loop
      vertex 5.2 8 5.32997
      vertex 5.2 9.6 0
      vertex 5.2 8 0
    endloop
  endfacet
  facet normal -1 0 0
    outer loop
      vertex 5.2 9.6 0
      vertex 5.2 8 5.32997
      vertex 5.2 9.6 6.10535
    endloop
  endfacet
  facet normal 0 1 -0
    outer loop
      vertex 6 9.6 0
      vertex 5.2 9.6 6.10535
      vertex 6 9.6 6.10535
    endloop
  endfacet
  facet normal 0 1 0
    outer loop
      vertex 5.2 9.6 6.10535
      vertex 6 9.6 0
      vertex 5.2 9.6 0
    endloop
  endfacet
  facet normal 0 -1 0
    outer loop
      vertex 5.2 8 0
      vertex 6 8 5.32997
      vertex 5.2 8 5.32997
    endloop
  endfacet
  facet normal 0 -1 -0
    outer loop
      vertex 6 8 5.32997
      vertex 5.2 8 0
      vertex 6 8 0
    endloop
  endfacet
  facet normal -1 0 0
    outer loop
      vertex 5.2 17.6 0
      vertex 5.2 16.25 10.3281
      vertex 5.2 17.6 11.4823
    endloop
  endfacet
  facet normal -1 0 0
    outer loop
      vertex 5.2 16 10.2069
      vertex 5.2 17.6 0
      vertex 5.2 16 0
    endloop
  endfacet
  facet normal -1 0 0
    outer loop
      vertex 5.2 17.6 0
      vertex 5.2 16 10.2069
      vertex 5.2 16.25 10.3281
    endloop
  endfacet
  facet normal -1 0 0
    outer loop
      vertex 5.2 17.6 11.4823
      vertex 5.2 16.25 10.3281
      vertex 5.2 16.25 10.8281
    endloop
  endfacet
  facet normal 0 1 -0
    outer loop
      vertex 6 17.6 0
      vertex 5.2 17.6 11.4823
      vertex 6 17.6 11.4823
    endloop
  endfacet
  facet normal 0 1 0
    outer loop
      vertex 5.2 17.6 11.4823
      vertex 6 17.6 0
      vertex 5.2 17.6 0
    endloop
  endfacet
  facet normal 0 -1 0
    outer loop
      vertex 5.2 16 0
      vertex 6 16 10.2069
      vertex 5.2 16 10.2069
    endloop
  endfacet
  facet normal 0 -1 -0
    outer loop
      vertex 6 16 10.2069
      vertex 5.2 16 0
      vertex 6 16 0
    endloop
  endfacet
  facet normal -1 0 0
    outer loop
      vertex 5.2 24 15.5838
      vertex 5.2 25.6 0
      vertex 5.2 24 0
    endloop
  endfacet
  facet normal -1 0 0
    outer loop
      vertex 5.2 25.6 0
      vertex 5.2 24 15.5838
      vertex 5.2 25.6 16.3592
    endloop
  endfacet
  facet normal 0 1 -0
    outer loop
      vertex 6 25.6 0
      vertex 5.2 25.6 16.3592
      vertex 6 25.6 16.3592
    endloop
  endfacet
  facet normal 0 1 0
    outer loop
      vertex 5.2 25.6 16.3592
      vertex 6 25.6 0
      vertex 5.2 25.6 0
    endloop
  endfacet
  facet normal 0 -1 0
    outer loop
      vertex 5.2 24 0
      vertex 6 24 15.5838
      vertex 5.2 24 15.5838
    endloop
  endfacet
  facet normal 0 -1 -0
    outer loop
      vertex 6 24 15.5838
      vertex 5.2 24 0
      vertex 6 24 0
    endloop
  endfacet
  facet normal -1 0 0
    outer loop
      vertex 5.2 33.6 0
      vertex 5.2 32.5 20.7031
      vertex 5.2 33.6 21.7361
    endloop
  endfacet
  facet normal -1 0 0
    outer loop
      vertex 5.2 32 20.4607
      vertex 5.2 33.6 0
      vertex 5.2 32 0
    endloop
  endfacet
  facet normal -1 0 0
    outer loop
      vertex 5.2 33.6 0
      vertex 5.2 32 20.4607
      vertex 5.2 32.5 20.7031
    endloop
  endfacet
  facet normal -1 0 0
    outer loop
      vertex 5.2 33.6 21.7361
      vertex 5.2 32.5 20.7031
      vertex 5.2 32.5 21.2031
    endloop
  endfacet
  facet normal 0 1 -0
    outer loop
      vertex 6 33.6 0
      vertex 5.2 33.6 21.7361
      vertex 6 33.6 21.7361
    endloop
  endfacet
  facet normal 0 1 0
    outer loop
      vertex 5.2 33.6 21.7361
      vertex 6 33.6 0
      vertex 5.2 33.6 0
    endloop
  endfacet
  facet normal 0 -1 0
    outer loop
      vertex 5.2 32 0
      vertex 6 32 20.4607
      vertex 5.2 32 20.4607
    endloop
  endfacet
  facet normal 0 -1 -0
    outer loop
      vertex 6 32 20.4607
      vertex 5.2 32 0
      vertex 6 32 0
    endloop
  endfacet
  facet normal -1 0 0
    outer loop
      vertex 5.2 40 25.8377
      vertex 5.2 41.6 0
      vertex 5.2 40 0
    endloop
  endfacet
  facet normal -1 0 0
    outer loop
      vertex 5.2 41.6 0
      vertex 5.2 40 25.8377
      vertex 5.2 41.6 26.613
    endloop
  endfacet
  facet normal 0 -1 0
    outer loop
      vertex 5.2 40 0
      vertex 6 40 25.8377
      vertex 5.2 40 25.8377
    endloop
  endfacet
  facet normal 0 -1 -0
    outer loop
      vertex 6 40 25.8377
      vertex 5.2 40 0
      vertex 6 40 0
    endloop
  endfacet
  facet normal 0 1 -0
    outer loop
      vertex 6 41.6 0
      vertex 5.2 41.6 26.613
      vertex 6 41.6 26.613
    endloop
  endfacet
  facet normal 0 1 0
    outer loop
      vertex 5.2 41.6 26.613
      vertex 6 41.6 0
      vertex 5.2 41.6 0
    endloop
  endfacet
  facet normal -1 0 0
    outer loop
      vertex 5.2 49.6 0
      vertex 5.2 48.75 31.0781
      vertex 5.2 49.6 31.99
    endloop
  endfacet
  facet normal -1 0 0
    outer loop
      vertex 5.2 48 30.7146
      vertex 5.2 49.6 0
      vertex 5.2 48 0
    endloop
  endfacet
  facet normal -1 0 0
    outer loop
      vertex 5.2 49.6 0
      vertex 5.2 48 30.7146
      vertex 5.2 48.75 31.0781
    endloop
  endfacet
  facet normal -1 0 0
    outer loop
      vertex 5.2 49.6 31.99
      vertex 5.2 48.75 31.0781
      vertex 5.2 48.75 31.5781
    endloop
  endfacet
  facet normal 0 -1 0
    outer loop
      vertex 5.2 48 0
      vertex 6 48 30.7146
      vertex 5.2 48 30.7146
    endloop
  endfacet
  facet normal 0 -1 -0
    outer loop
      vertex 6 48 30.7146
      vertex 5.2 48 0
      vertex 6 48 0
    endloop
  endfacet
  facet normal 0 1 -0
    outer loop
      vertex 6 49.6 0
      vertex 5.2 49.6 31.99
      vertex 6 49.6 31.99
    endloop
  endfacet
  facet normal 0 1 0
    outer loop
      vertex 5.2 49.6 31.99
      vertex 6 49.6 0
      vertex 5.2 49.6 0
    endloop
  endfacet
  facet normal -1 0 0
    outer loop
      vertex 5.2 56 36.0915
      vertex 5.2 57.6 0
      vertex 5.2 56 0
    endloop
  endfacet
  facet normal -1 0 0
    outer loop
      vertex 5.2 57.6 0
      vertex 5.2 56 36.0915
      vertex 5.2 57.6 36.8669
    endloop
  endfacet
  facet normal 0 -1 0
    outer loop
      vertex 5.2 56 0
      vertex 6 56 36.0915
      vertex 5.2 56 36.0915
    endloop
  endfacet
  facet normal 0 -1 -0
    outer loop
      vertex 6 56 36.0915
      vertex 5.2 56 0
      vertex 6 56 0
    endloop
  endfacet
  facet normal 0 1 -0
    outer loop
      vertex 6 57.6 0
      vertex 5.2 57.6 36.8669
      vertex 6 57.6 36.8669
    endloop
  endfacet
  facet normal 0 1 0
    outer loop
      vertex 5.2 57.6 36.8669
      vertex 6 57.6 0
      vertex 5.2 57.6 0
    endloop
  endfacet
  facet normal -1 0 0
    outer loop
      vertex 5.2 65.6 0
      vertex 5.2 65 17.75
      vertex 5.2 65.6 17.829
    endloop
  endfacet
  facet normal -1 0 0
    outer loop
      vertex 5.2 64 0
      vertex 5.2 65 17.75
      vertex 5.2 65.6 0
    endloop
  endfacet
  facet normal -1 -0 0
    outer loop
      vertex 5.2 65 17.75
      vertex 5.2 64 0
      vertex 5.2 64 17.8817
    endloop
  endfacet
  facet normal -1 0 0
    outer loop
      vertex 5.2 65 31.75
      vertex 5.2 65.6 41.1623
      vertex 5.2 65.6 31.671
    endloop
  endfacet
  facet normal -1 0 0
    outer loop
      vertex 5.2 64 40.9684
      vertex 5.2 65.6 41.1623
      vertex 5.2 65 31.75
    endloop
  endfacet
  facet normal -1 0 0
    outer loop
      vertex 5.2 64 40.9684
      vertex 5.2 65 31.75
      vertex 5.2 64 31.6183
    endloop
  endfacet
  facet normal -1 -0 0
    outer loop
      vertex 5.2 65.6 41.1623
      vertex 5.2 64 40.9684
      vertex 5.2 65 41.4531
    endloop
  endfacet
  facet normal 0 -1 0
    outer loop
      vertex 5.2 64 0
      vertex 6 64 17.8817
      vertex 5.2 64 17.8817
    endloop
  endfacet
  facet normal 0 -1 -0
    outer loop
      vertex 6 64 17.8817
      vertex 5.2 64 0
      vertex 6 64 0
    endloop
  endfacet
  facet normal 0 -1 0
    outer loop
      vertex 5.2 64 31.6183
      vertex 6 64 40.9684
      vertex 5.2 64 40.9684
    endloop
  endfacet
  facet normal 0 -1 -0
    outer loop
      vertex 6 64 40.9684
      vertex 5.2 64 31.6183
      vertex 6 64 31.6183
    endloop
  endfacet
  facet normal 0 1 -0
    outer loop
      vertex 6 65.6 0
      vertex 5.2 65.6 17.829
      vertex 6 65.6 17.829
    endloop
  endfacet
  facet normal 0 1 0
    outer loop
      vertex 5.2 65.6 17.829
      vertex 6 65.6 0
      vertex 5.2 65.6 0
    endloop
  endfacet
  facet normal 0 1 -0
    outer loop
      vertex 6 65.6 31.671
      vertex 5.2 65.6 41.1623
      vertex 6 65.6 41.1623
    endloop
  endfacet
  facet normal 0 1 0
    outer loop
      vertex 5.2 65.6 41.1623
      vertex 6 65.6 31.671
      vertex 5.2 65.6 31.671
    endloop
  endfacet
  facet normal -1 0 0
    outer loop
      vertex 5.2 72 24.75
      vertex 5.2 73.6 0
      vertex 5.2 72 0
    endloop
  endfacet
  facet normal -1 0 0
    outer loop
      vertex 5.2 73.6 0
      vertex 5.2 72 24.75
      vertex 5.2 73.6 36.2854
    endloop
  endfacet
  facet normal -1 -0 0
    outer loop
      vertex 5.2 73.6 36.2854
      vertex 5.2 72 24.75
      vertex 5.2 72 37.0607
    endloop
  endfacet
  facet normal 0 1 -0
    outer loop
      vertex 6 73.6 0
      vertex 5.2 73.6 36.2854
      vertex 6 73.6 36.2854
    endloop
  endfacet
  facet normal 0 1 0
    outer loop
      vertex 5.2 73.6 36.2854
      vertex 6 73.6 0
      vertex 5.2 73.6 0
    endloop
  endfacet
  facet normal 0 -1 0
    outer loop
      vertex 5.2 72 0
      vertex 6 72 24.75
      vertex 5.2 72 24.75
    endloop
  endfacet
  facet normal 0 -1 -0
    outer loop
      vertex 6 72 24.75
      vertex 5.2 72 0
      vertex 6 72 0
    endloop
  endfacet
  facet normal 0 -1 0
    outer loop
      vertex 5.2 72 24.75
      vertex 6 72 37.0607
      vertex 5.2 72 37.0607
    endloop
  endfacet
  facet normal 0 -1 -0
    outer loop
      vertex 6 72 37.0607
      vertex 5.2 72 24.75
      vertex 6 72 24.75
    endloop
  endfacet
  facet normal -1 0 0
    outer loop
      vertex 5.2 80 0
      vertex 5.2 81.6 30.9084
      vertex 5.2 81.6 0
    endloop
  endfacet
  facet normal -1 -0 0
    outer loop
      vertex 5.2 81.6 30.9084
      vertex 5.2 80 0
      vertex 5.2 81.25 31.0781
    endloop
  endfacet
  facet normal -1 0 0
    outer loop
      vertex 5.2 80 32.1838
      vertex 5.2 81.25 31.0781
      vertex 5.2 80 0
    endloop
  endfacet
  facet normal -1 0 0
    outer loop
      vertex 5.2 81.25 31.0781
      vertex 5.2 80 32.1838
      vertex 5.2 81.25 31.5781
    endloop
  endfacet
  facet normal 0 -1 0
    outer loop
      vertex 5.2 80 0
      vertex 6 80 32.1838
      vertex 5.2 80 32.1838
    endloop
  endfacet
  facet normal 0 -1 -0
    outer loop
      vertex 6 80 32.1838
      vertex 5.2 80 0
      vertex 6 80 0
    endloop
  endfacet
  facet normal 0 1 -0
    outer loop
      vertex 6 81.6 0
      vertex 5.2 81.6 30.9084
      vertex 6 81.6 30.9084
    endloop
  endfacet
  facet normal 0 1 0
    outer loop
      vertex 5.2 81.6 30.9084
      vertex 6 81.6 0
      vertex 5.2 81.6 0
    endloop
  endfacet
  facet normal -1 0 0
    outer loop
      vertex 5.2 88 0
      vertex 5.2 89.6 26.0315
      vertex 5.2 89.6 0
    endloop
  endfacet
  facet normal -1 -0 0
    outer loop
      vertex 5.2 89.6 26.0315
      vertex 5.2 88 0
      vertex 5.2 88 26.8069
    endloop
  endfacet
  facet normal 0 1 -0
    outer loop
      vertex 6 89.6 0
      vertex 5.2 89.6 26.0315
      vertex 6 89.6 26.0315
    endloop
  endfacet
  facet normal 0 1 0
    outer loop
      vertex 5.2 89.6 26.0315
      vertex 6 89.6 0
      vertex 5.2 89.6 0
    endloop
  endfacet
  facet normal 0 -1 0
    outer loop
      vertex 5.2 88 0
      vertex 6 88 26.8069
      vertex 5.2 88 26.8069
    endloop
  endfacet
  facet normal 0 -1 -0
    outer loop
      vertex 6 88 26.8069
      vertex 5.2 88 0
      vertex 6 88 0
    endloop
  endfacet
  facet normal -1 0 0
    outer loop
      vertex 5.2 96 0
      vertex 5.2 97.6 20.6546
      vertex 5.2 97.6 0
    endloop
  endfacet
  facet normal -1 -0 0
    outer loop
      vertex 5.2 97.6 20.6546
      vertex 5.2 96 0
      vertex 5.2 97.5 20.7031
    endloop
  endfacet
  facet normal -1 0 0
    outer loop
      vertex 5.2 96 21.93
      vertex 5.2 97.5 20.7031
      vertex 5.2 96 0
    endloop
  endfacet
  facet normal -1 0 0
    outer loop
      vertex 5.2 97.5 20.7031
      vertex 5.2 96 21.93
      vertex 5.2 97.5 21.2031
    endloop
  endfacet
  facet normal 0 1 -0
    outer loop
      vertex 6 97.6 0
      vertex 5.2 97.6 20.6546
      vertex 6 97.6 20.6546
    endloop
  endfacet
  facet normal 0 1 0
    outer loop
      vertex 5.2 97.6 20.6546
      vertex 6 97.6 0
      vertex 5.2 97.6 0
    endloop
  endfacet
  facet normal 0 -1 0
    outer loop
      vertex 5.2 96 0
      vertex 6 96 21.93
      vertex 5.2 96 21.93
    endloop
  endfacet
  facet normal 0 -1 -0
    outer loop
      vertex 6 96 21.93
      vertex 5.2 96 0
      vertex 6 96 0
    endloop
  endfacet
  facet normal -1 0 0
    outer loop
      vertex 5.2 104 0
      vertex 5.2 105.6 15.7777
      vertex 5.2 105.6 0
    endloop
  endfacet
  facet normal -1 -0 0
    outer loop
      vertex 5.2 105.6 15.7777
      vertex 5.2 104 0
      vertex 5.2 104 16.553
    endloop
  endfacet
  facet normal 0 1 -0
    outer loop
      vertex 6 105.6 0
      vertex 5.2 105.6 15.7777
      vertex 6 105.6 15.7777
    endloop
  endfacet
  facet normal 0 1 0
    outer loop
      vertex 5.2 105.6 15.7777
      vertex 6 105.6 0
      vertex 5.2 105.6 0
    endloop
  endfacet
  facet normal -1 0 0
    outer loop
      vertex 5.2 112 0
      vertex 5.2 113.6 10.9007
      vertex 5.2 113.6 0
    endloop
  endfacet
  facet normal -1 -0 0
    outer loop
      vertex 5.2 113.6 10.9007
      vertex 5.2 112 0
      vertex 5.2 112 11.6761
    endloop
  endfacet
  facet normal 0 1 -0
    outer loop
      vertex 6 113.6 0
      vertex 5.2 113.6 10.9007
      vertex 6 113.6 10.9007
    endloop
  endfacet
  facet normal 0 1 0
    outer loop
      vertex 5.2 113.6 10.9007
      vertex 6 113.6 0
      vertex 5.2 113.6 0
    endloop
  endfacet
  facet normal 0 -1 0
    outer loop
      vertex 5.2 112 0
      vertex 6 112 11.6761
      vertex 5.2 112 11.6761
    endloop
  endfacet
  facet normal 0 -1 -0
    outer loop
      vertex 6 112 11.6761
      vertex 5.2 112 0
      vertex 6 112 0
    endloop
  endfacet
  facet normal -1 0 0
    outer loop
      vertex 5.2 120 0
      vertex 5.2 121.6 5.52382
      vertex 5.2 121.6 0
    endloop
  endfacet
  facet normal -1 -0 0
    outer loop
      vertex 5.2 121.6 5.52382
      vertex 5.2 120 0
      vertex 5.2 120.25 6.17804
    endloop
  endfacet
  facet normal -1 0 0
    outer loop
      vertex 5.2 120 6.7992
      vertex 5.2 120.25 6.17804
      vertex 5.2 120 0
    endloop
  endfacet
  facet normal -1 0 0
    outer loop
      vertex 5.2 120.25 6.17804
      vertex 5.2 120 6.7992
      vertex 5.2 120.25 6.67804
    endloop
  endfacet
  facet normal 0 -1 0
    outer loop
      vertex 5.2 120 0
      vertex 6 120 6.7992
      vertex 5.2 120 6.7992
    endloop
  endfacet
  facet normal 0 -1 -0
    outer loop
      vertex 6 120 6.7992
      vertex 5.2 120 0
      vertex 6 120 0
    endloop
  endfacet
  facet normal 0 1 -0
    outer loop
      vertex 6 121.6 0
      vertex 5.2 121.6 5.52382
      vertex 6 121.6 5.52382
    endloop
  endfacet
  facet normal 0 1 0
    outer loop
      vertex 5.2 121.6 5.52382
      vertex 6 121.6 0
      vertex 5.2 121.6 0
    endloop
  endfacet
  facet normal 1 -0 0
    outer loop
      vertex 206.8 8 5.32997
      vertex 206.8 9.6 0
      vertex 206.8 9.6 6.10535
    endloop
  endfacet
  facet normal 1 0 0
    outer loop
      vertex 206.8 9.6 0
      vertex 206.8 8 5.32997
      vertex 206.8 8 0
    endloop
  endfacet
  facet normal 0 1 -0
    outer loop
      vertex 206.8 9.6 0
      vertex 206 9.6 6.10535
      vertex 206.8 9.6 6.10535
    endloop
  endfacet
  facet normal 0 1 0
    outer loop
      vertex 206 9.6 6.10535
      vertex 206.8 9.6 0
      vertex 206 9.6 0
    endloop
  endfacet
  facet normal 0 -1 0
    outer loop
      vertex 206 8 0
      vertex 206.8 8 5.32997
      vertex 206 8 5.32997
    endloop
  endfacet
  facet normal 0 -1 -0
    outer loop
      vertex 206.8 8 5.32997
      vertex 206 8 0
      vertex 206.8 8 0
    endloop
  endfacet
  facet normal 1 0 0
    outer loop
      vertex 206.8 16.25 10.3281
      vertex 206.8 17.6 11.4823
      vertex 206.8 16.25 10.8281
    endloop
  endfacet
  facet normal 1 0 0
    outer loop
      vertex 206.8 17.6 11.4823
      vertex 206.8 16.25 10.3281
      vertex 206.8 17.6 0
    endloop
  endfacet
  facet normal 1 -0 0
    outer loop
      vertex 206.8 16 10.2069
      vertex 206.8 17.6 0
      vertex 206.8 16.25 10.3281
    endloop
  endfacet
  facet normal 1 0 0
    outer loop
      vertex 206.8 17.6 0
      vertex 206.8 16 10.2069
      vertex 206.8 16 0
    endloop
  endfacet
  facet normal 0 1 -0
    outer loop
      vertex 206.8 17.6 0
      vertex 206 17.6 11.4823
      vertex 206.8 17.6 11.4823
    endloop
  endfacet
  facet normal 0 1 0
    outer loop
      vertex 206 17.6 11.4823
      vertex 206.8 17.6 0
      vertex 206 17.6 0
    endloop
  endfacet
  facet normal 0 -1 0
    outer loop
      vertex 206 16 0
      vertex 206.8 16 10.2069
      vertex 206 16 10.2069
    endloop
  endfacet
  facet normal 0 -1 -0
    outer loop
      vertex 206.8 16 10.2069
      vertex 206 16 0
      vertex 206.8 16 0
    endloop
  endfacet
  facet normal 1 -0 0
    outer loop
      vertex 206.8 24 15.5838
      vertex 206.8 25.6 0
      vertex 206.8 25.6 16.3592
    endloop
  endfacet
  facet normal 1 0 0
    outer loop
      vertex 206.8 25.6 0
      vertex 206.8 24 15.5838
      vertex 206.8 24 0
    endloop
  endfacet
  facet normal 0 1 -0
    outer loop
      vertex 206.8 25.6 0
      vertex 206 25.6 16.3592
      vertex 206.8 25.6 16.3592
    endloop
  endfacet
  facet normal 0 1 0
    outer loop
      vertex 206 25.6 16.3592
      vertex 206.8 25.6 0
      vertex 206 25.6 0
    endloop
  endfacet
  facet normal 0 -1 0
    outer loop
      vertex 206 24 0
      vertex 206.8 24 15.5838
      vertex 206 24 15.5838
    endloop
  endfacet
  facet normal 0 -1 -0
    outer loop
      vertex 206.8 24 15.5838
      vertex 206 24 0
      vertex 206.8 24 0
    endloop
  endfacet
  facet normal 1 0 0
    outer loop
      vertex 206.8 32.5 20.7031
      vertex 206.8 33.6 21.7361
      vertex 206.8 32.5 21.2031
    endloop
  endfacet
  facet normal 1 0 0
    outer loop
      vertex 206.8 33.6 21.7361
      vertex 206.8 32.5 20.7031
      vertex 206.8 33.6 0
    endloop
  endfacet
  facet normal 1 -0 0
    outer loop
      vertex 206.8 32 20.4607
      vertex 206.8 33.6 0
      vertex 206.8 32.5 20.7031
    endloop
  endfacet
  facet normal 1 0 0
    outer loop
      vertex 206.8 33.6 0
      vertex 206.8 32 20.4607
      vertex 206.8 32 0
    endloop
  endfacet
  facet normal 0 -1 0
    outer loop
      vertex 206 32 0
      vertex 206.8 32 20.4607
      vertex 206 32 20.4607
    endloop
  endfacet
  facet normal 0 -1 -0
    outer loop
      vertex 206.8 32 20.4607
      vertex 206 32 0
      vertex 206.8 32 0
    endloop
  endfacet
  facet normal 0 1 -0
    outer loop
      vertex 206.8 33.6 0
      vertex 206 33.6 21.7361
      vertex 206.8 33.6 21.7361
    endloop
  endfacet
  facet normal 0 1 0
    outer loop
      vertex 206 33.6 21.7361
      vertex 206.8 33.6 0
      vertex 206 33.6 0
    endloop
  endfacet
  facet normal 1 -0 0
    outer loop
      vertex 206.8 40 25.8377
      vertex 206.8 41.6 0
      vertex 206.8 41.6 26.613
    endloop
  endfacet
  facet normal 1 0 0
    outer loop
      vertex 206.8 41.6 0
      vertex 206.8 40 25.8377
      vertex 206.8 40 0
    endloop
  endfacet
  facet normal 0 -1 0
    outer loop
      vertex 206 40 0
      vertex 206.8 40 25.8377
      vertex 206 40 25.8377
    endloop
  endfacet
  facet normal 0 -1 -0
    outer loop
      vertex 206.8 40 25.8377
      vertex 206 40 0
      vertex 206.8 40 0
    endloop
  endfacet
  facet normal 0 1 -0
    outer loop
      vertex 206.8 41.6 0
      vertex 206 41.6 26.613
      vertex 206.8 41.6 26.613
    endloop
  endfacet
  facet normal 0 1 0
    outer loop
      vertex 206 41.6 26.613
      vertex 206.8 41.6 0
      vertex 206 41.6 0
    endloop
  endfacet
  facet normal 1 0 0
    outer loop
      vertex 206.8 48.75 31.0781
      vertex 206.8 49.6 31.99
      vertex 206.8 48.75 31.5781
    endloop
  endfacet
  facet normal 1 0 0
    outer loop
      vertex 206.8 49.6 31.99
      vertex 206.8 48.75 31.0781
      vertex 206.8 49.6 0
    endloop
  endfacet
  facet normal 1 -0 0
    outer loop
      vertex 206.8 48 30.7146
      vertex 206.8 49.6 0
      vertex 206.8 48.75 31.0781
    endloop
  endfacet
  facet normal 1 0 0
    outer loop
      vertex 206.8 49.6 0
      vertex 206.8 48 30.7146
      vertex 206.8 48 0
    endloop
  endfacet
  facet normal 0 1 -0
    outer loop
      vertex 206.8 49.6 0
      vertex 206 49.6 31.99
      vertex 206.8 49.6 31.99
    endloop
  endfacet
  facet normal 0 1 0
    outer loop
      vertex 206 49.6 31.99
      vertex 206.8 49.6 0
      vertex 206 49.6 0
    endloop
  endfacet
  facet normal 0 -1 0
    outer loop
      vertex 206 48 0
      vertex 206.8 48 30.7146
      vertex 206 48 30.7146
    endloop
  endfacet
  facet normal 0 -1 -0
    outer loop
      vertex 206.8 48 30.7146
      vertex 206 48 0
      vertex 206.8 48 0
    endloop
  endfacet
  facet normal 1 -0 0
    outer loop
      vertex 206.8 56 36.0915
      vertex 206.8 57.6 0
      vertex 206.8 57.6 36.8669
    endloop
  endfacet
  facet normal 1 0 0
    outer loop
      vertex 206.8 57.6 0
      vertex 206.8 56 36.0915
      vertex 206.8 56 0
    endloop
  endfacet
  facet normal 0 1 -0
    outer loop
      vertex 206.8 57.6 0
      vertex 206 57.6 36.8669
      vertex 206.8 57.6 36.8669
    endloop
  endfacet
  facet normal 0 1 0
    outer loop
      vertex 206 57.6 36.8669
      vertex 206.8 57.6 0
      vertex 206 57.6 0
    endloop
  endfacet
  facet normal 0 -1 0
    outer loop
      vertex 206 56 0
      vertex 206.8 56 36.0915
      vertex 206 56 36.0915
    endloop
  endfacet
  facet normal 0 -1 -0
    outer loop
      vertex 206.8 56 36.0915
      vertex 206 56 0
      vertex 206.8 56 0
    endloop
  endfacet
  facet normal 1 -0 0
    outer loop
      vertex 206.8 65 17.75
      vertex 206.8 65.6 0
      vertex 206.8 65.6 17.829
    endloop
  endfacet
  facet normal 1 0 0
    outer loop
      vertex 206.8 64 0
      vertex 206.8 65 17.75
      vertex 206.8 64 17.8817
    endloop
  endfacet
  facet normal 1 0 0
    outer loop
      vertex 206.8 65 17.75
      vertex 206.8 64 0
      vertex 206.8 65.6 0
    endloop
  endfacet
  facet normal 1 0 0
    outer loop
      vertex 206.8 64 40.9684
      vertex 206.8 65.6 41.1623
      vertex 206.8 65 41.4531
    endloop
  endfacet
  facet normal 1 0 -0
    outer loop
      vertex 206.8 65 31.75
      vertex 206.8 65.6 41.1623
      vertex 206.8 64 40.9684
    endloop
  endfacet
  facet normal 1 0 0
    outer loop
      vertex 206.8 65.6 41.1623
      vertex 206.8 65 31.75
      vertex 206.8 65.6 31.671
    endloop
  endfacet
  facet normal 1 0 0
    outer loop
      vertex 206.8 65 31.75
      vertex 206.8 64 40.9684
      vertex 206.8 64 31.6183
    endloop
  endfacet
  facet normal 0 -1 0
    outer loop
      vertex 206 64 0
      vertex 206.8 64 17.8817
      vertex 206 64 17.8817
    endloop
  endfacet
  facet normal 0 -1 -0
    outer loop
      vertex 206.8 64 17.8817
      vertex 206 64 0
      vertex 206.8 64 0
    endloop
  endfacet
  facet normal 0 -1 0
    outer loop
      vertex 206 64 31.6183
      vertex 206.8 64 40.9684
      vertex 206 64 40.9684
    endloop
  endfacet
  facet normal 0 -1 -0
    outer loop
      vertex 206.8 64 40.9684
      vertex 206 64 31.6183
      vertex 206.8 64 31.6183
    endloop
  endfacet
  facet normal 0 1 -0
    outer loop
      vertex 206.8 65.6 0
      vertex 206 65.6 17.829
      vertex 206.8 65.6 17.829
    endloop
  endfacet
  facet normal 0 1 0
    outer loop
      vertex 206 65.6 17.829
      vertex 206.8 65.6 0
      vertex 206 65.6 0
    endloop
  endfacet
  facet normal 0 1 -0
    outer loop
      vertex 206.8 65.6 31.671
      vertex 206 65.6 41.1623
      vertex 206.8 65.6 41.1623
    endloop
  endfacet
  facet normal 0 1 0
    outer loop
      vertex 206 65.6 41.1623
      vertex 206.8 65.6 31.671
      vertex 206 65.6 31.671
    endloop
  endfacet
  facet normal 1 0 0
    outer loop
      vertex 206.8 72 24.75
      vertex 206.8 73.6 36.2854
      vertex 206.8 72 37.0607
    endloop
  endfacet
  facet normal 1 0 0
    outer loop
      vertex 206.8 73.6 36.2854
      vertex 206.8 72 24.75
      vertex 206.8 73.6 0
    endloop
  endfacet
  facet normal 1 0 0
    outer loop
      vertex 206.8 73.6 0
      vertex 206.8 72 24.75
      vertex 206.8 72 0
    endloop
  endfacet
  facet normal 0 1 -0
    outer loop
      vertex 206.8 73.6 0
      vertex 206 73.6 36.2854
      vertex 206.8 73.6 36.2854
    endloop
  endfacet
  facet normal 0 1 0
    outer loop
      vertex 206 73.6 36.2854
      vertex 206.8 73.6 0
      vertex 206 73.6 0
    endloop
  endfacet
  facet normal 0 -1 0
    outer loop
      vertex 206 72 0
      vertex 206.8 72 24.75
      vertex 206 72 24.75
    endloop
  endfacet
  facet normal 0 -1 -0
    outer loop
      vertex 206.8 72 24.75
      vertex 206 72 0
      vertex 206.8 72 0
    endloop
  endfacet
  facet normal 0 -1 0
    outer loop
      vertex 206 72 24.75
      vertex 206.8 72 37.0607
      vertex 206 72 37.0607
    endloop
  endfacet
  facet normal 0 -1 -0
    outer loop
      vertex 206.8 72 37.0607
      vertex 206 72 24.75
      vertex 206.8 72 24.75
    endloop
  endfacet
  facet normal 1 0 0
    outer loop
      vertex 206.8 81.25 31.5781
      vertex 206.8 80 32.1838
      vertex 206.8 81.25 31.0781
    endloop
  endfacet
  facet normal 1 0 0
    outer loop
      vertex 206.8 80 0
      vertex 206.8 81.6 30.9084
      vertex 206.8 81.25 31.0781
    endloop
  endfacet
  facet normal 1 0 0
    outer loop
      vertex 206.8 80 0
      vertex 206.8 81.25 31.0781
      vertex 206.8 80 32.1838
    endloop
  endfacet
  facet normal 1 0 0
    outer loop
      vertex 206.8 81.6 30.9084
      vertex 206.8 80 0
      vertex 206.8 81.6 0
    endloop
  endfacet
  facet normal 0 1 -0
    outer loop
      vertex 206.8 81.6 0
      vertex 206 81.6 30.9084
      vertex 206.8 81.6 30.9084
    endloop
  endfacet
  facet normal 0 1 0
    outer loop
      vertex 206 81.6 30.9084
      vertex 206.8 81.6 0
      vertex 206 81.6 0
    endloop
  endfacet
  facet normal 0 -1 0
    outer loop
      vertex 206 80 0
      vertex 206.8 80 32.1838
      vertex 206 80 32.1838
    endloop
  endfacet
  facet normal 0 -1 -0
    outer loop
      vertex 206.8 80 32.1838
      vertex 206 80 0
      vertex 206.8 80 0
    endloop
  endfacet
  facet normal 1 0 0
    outer loop
      vertex 206.8 88 0
      vertex 206.8 89.6 26.0315
      vertex 206.8 88 26.8069
    endloop
  endfacet
  facet normal 1 0 0
    outer loop
      vertex 206.8 89.6 26.0315
      vertex 206.8 88 0
      vertex 206.8 89.6 0
    endloop
  endfacet
  facet normal 0 -1 0
    outer loop
      vertex 206 88 0
      vertex 206.8 88 26.8069
      vertex 206 88 26.8069
    endloop
  endfacet
  facet normal 0 -1 -0
    outer loop
      vertex 206.8 88 26.8069
      vertex 206 88 0
      vertex 206.8 88 0
    endloop
  endfacet
  facet normal 0 1 -0
    outer loop
      vertex 206.8 89.6 0
      vertex 206 89.6 26.0315
      vertex 206.8 89.6 26.0315
    endloop
  endfacet
  facet normal 0 1 0
    outer loop
      vertex 206 89.6 26.0315
      vertex 206.8 89.6 0
      vertex 206 89.6 0
    endloop
  endfacet
  facet normal 1 0 0
    outer loop
      vertex 206.8 97.5 21.2031
      vertex 206.8 96 21.93
      vertex 206.8 97.5 20.7031
    endloop
  endfacet
  facet normal 1 0 0
    outer loop
      vertex 206.8 96 0
      vertex 206.8 97.6 20.6546
      vertex 206.8 97.5 20.7031
    endloop
  endfacet
  facet normal 1 0 0
    outer loop
      vertex 206.8 96 0
      vertex 206.8 97.5 20.7031
      vertex 206.8 96 21.93
    endloop
  endfacet
  facet normal 1 0 0
    outer loop
      vertex 206.8 97.6 20.6546
      vertex 206.8 96 0
      vertex 206.8 97.6 0
    endloop
  endfacet
  facet normal 0 1 -0
    outer loop
      vertex 206.8 97.6 0
      vertex 206 97.6 20.6546
      vertex 206.8 97.6 20.6546
    endloop
  endfacet
  facet normal 0 1 0
    outer loop
      vertex 206 97.6 20.6546
      vertex 206.8 97.6 0
      vertex 206 97.6 0
    endloop
  endfacet
  facet normal 0 -1 0
    outer loop
      vertex 206 96 0
      vertex 206.8 96 21.93
      vertex 206 96 21.93
    endloop
  endfacet
  facet normal 0 -1 -0
    outer loop
      vertex 206.8 96 21.93
      vertex 206 96 0
      vertex 206.8 96 0
    endloop
  endfacet
  facet normal 1 0 0
    outer loop
      vertex 206.8 104 0
      vertex 206.8 105.6 15.7777
      vertex 206.8 104 16.553
    endloop
  endfacet
  facet normal 1 0 0
    outer loop
      vertex 206.8 105.6 15.7777
      vertex 206.8 104 0
      vertex 206.8 105.6 0
    endloop
  endfacet
  facet normal 0 1 -0
    outer loop
      vertex 206.8 105.6 0
      vertex 206 105.6 15.7777
      vertex 206.8 105.6 15.7777
    endloop
  endfacet
  facet normal 0 1 0
    outer loop
      vertex 206 105.6 15.7777
      vertex 206.8 105.6 0
      vertex 206 105.6 0
    endloop
  endfacet
  facet normal 1 0 0
    outer loop
      vertex 206.8 112 0
      vertex 206.8 113.6 10.9007
      vertex 206.8 112 11.6761
    endloop
  endfacet
  facet normal 1 0 0
    outer loop
      vertex 206.8 113.6 10.9007
      vertex 206.8 112 0
      vertex 206.8 113.6 0
    endloop
  endfacet
  facet normal 0 1 -0
    outer loop
      vertex 206.8 113.6 0
      vertex 206 113.6 10.9007
      vertex 206.8 113.6 10.9007
    endloop
  endfacet
  facet normal 0 1 0
    outer loop
      vertex 206 113.6 10.9007
      vertex 206.8 113.6 0
      vertex 206 113.6 0
    endloop
  endfacet
  facet normal 0 -1 0
    outer loop
      vertex 206 112 0
      vertex 206.8 112 11.6761
      vertex 206 112 11.6761
    endloop
  endfacet
  facet normal 0 -1 -0
    outer loop
      vertex 206.8 112 11.6761
      vertex 206 112 0
      vertex 206.8 112 0
    endloop
  endfacet
  facet normal 1 0 0
    outer loop
      vertex 206.8 120.25 6.67804
      vertex 206.8 120 6.7992
      vertex 206.8 120.25 6.17804
    endloop
  endfacet
  facet normal 1 0 0
    outer loop
      vertex 206.8 120 0
      vertex 206.8 121.6 5.52382
      vertex 206.8 120.25 6.17804
    endloop
  endfacet
  facet normal 1 0 0
    outer loop
      vertex 206.8 120 0
      vertex 206.8 120.25 6.17804
      vertex 206.8 120 6.7992
    endloop
  endfacet
  facet normal 1 0 0
    outer loop
      vertex 206.8 121.6 5.52382
      vertex 206.8 120 0
      vertex 206.8 121.6 0
    endloop
  endfacet
  facet normal 0 1 -0
    outer loop
      vertex 206.8 121.6 0
      vertex 206 121.6 5.52382
      vertex 206.8 121.6 5.52382
    endloop
  endfacet
  facet normal 0 1 0
    outer loop
      vertex 206 121.6 5.52382
      vertex 206.8 121.6 0
      vertex 206 121.6 0
    endloop
  endfacet
  facet normal 0 -1 0
    outer loop
      vertex 206 120 0
      vertex 206.8 120 6.7992
      vertex 206 120 6.7992
    endloop
  endfacet
  facet normal 0 -1 -0
    outer loop
      vertex 206.8 120 6.7992
      vertex 206 120 0
      vertex 206.8 120 0
    endloop
  endfacet
  facet normal 0 0 1
    outer loop
      vertex 203 123.713 4
      vertex 198 116 4
      vertex 203 6.28736 4
    endloop
  endfacet
  facet normal 0 0 1
    outer loop
      vertex 203 123.713 4
      vertex 14 116 4
      vertex 198 116 4
    endloop
  endfacet
  facet normal 0 0 1
    outer loop
      vertex 14 116 4
      vertex 9 123.713 4
      vertex 14 14 4
    endloop
  endfacet
  facet normal -0 0 1
    outer loop
      vertex 9 123.713 4
      vertex 14 116 4
      vertex 203 123.713 4
    endloop
  endfacet
  facet normal -0 0 1
    outer loop
      vertex 198 14 4
      vertex 203 6.28736 4
      vertex 198 116 4
    endloop
  endfacet
  facet normal -0 0 1
    outer loop
      vertex 14 14 4
      vertex 203 6.28736 4
      vertex 198 14 4
    endloop
  endfacet
  facet normal 0 0 1
    outer loop
      vertex 14 14 4
      vertex 9 6.28736 4
      vertex 203 6.28736 4
    endloop
  endfacet
  facet normal 0 0 1
    outer loop
      vertex 9 6.28736 4
      vertex 14 14 4
      vertex 9 123.713 4
    endloop
  endfacet
  facet normal 1 -0 0
    outer loop
      vertex 14 14 4
      vertex 14 116 0
      vertex 14 116 4
    endloop
  endfacet
  facet normal 1 0 0
    outer loop
      vertex 14 116 0
      vertex 14 14 4
      vertex 14 14 0
    endloop
  endfacet
  facet normal 0 -1 0
    outer loop
      vertex 14 116 0
      vertex 198 116 4
      vertex 14 116 4
    endloop
  endfacet
  facet normal 0 -1 -0
    outer loop
      vertex 198 116 4
      vertex 14 116 0
      vertex 198 116 0
    endloop
  endfacet
  facet normal -1 0 0
    outer loop
      vertex 198 14 0
      vertex 198 116 4
      vertex 198 116 0
    endloop
  endfacet
  facet normal -1 -0 0
    outer loop
      vertex 198 116 4
      vertex 198 14 0
      vertex 198 14 4
    endloop
  endfacet
  facet normal 0 1 -0
    outer loop
      vertex 198 14 0
      vertex 14 14 4
      vertex 198 14 4
    endloop
  endfacet
  facet normal 0 1 0
    outer loop
      vertex 14 14 4
      vertex 198 14 0
      vertex 14 14 0
    endloop
  endfacet
  facet normal -0.991452 -0.130469 0
    outer loop
      vertex 32.7 7.5 0
      vertex 32.6421 7.93999 3.5
      vertex 32.6421 7.93999 0
    endloop
  endfacet
  facet normal -0.991452 -0.130469 0
    outer loop
      vertex 32.6421 7.93999 3.5
      vertex 32.7 7.5 0
      vertex 32.7 7.5 3.5
    endloop
  endfacet
  facet normal 0.130533 -0.991444 0
    outer loop
      vertex 30.56 9.14207 0
      vertex 31 9.2 3.5
      vertex 30.56 9.14207 3.5
    endloop
  endfacet
  facet normal 0.130533 -0.991444 0
    outer loop
      vertex 31 9.2 3.5
      vertex 30.56 9.14207 0
      vertex 31 9.2 0
    endloop
  endfacet
  facet normal -0.382774 0.923842 0
    outer loop
      vertex 31.85 6.02776 0
      vertex 31.783 6 3.5
      vertex 31.85 6.02776 3.5
    endloop
  endfacet
  facet normal -0.382774 0.923842 0
    outer loop
      vertex 31.783 6 3.5
      vertex 31.85 6.02776 0
      vertex 31.783 6 0
    endloop
  endfacet
  facet normal -0.608739 -0.793371 0
    outer loop
      vertex 31.85 8.97224 0
      vertex 32.2021 8.70208 3.5
      vertex 31.85 8.97224 3.5
    endloop
  endfacet
  facet normal -0.608739 -0.793371 -0
    outer loop
      vertex 32.2021 8.70208 3.5
      vertex 31.85 8.97224 0
      vertex 32.2021 8.70208 0
    endloop
  endfacet
  facet normal -0.382688 -0.923878 0
    outer loop
      vertex 31.44 9.14207 0
      vertex 31.85 8.97224 3.5
      vertex 31.44 9.14207 3.5
    endloop
  endfacet
  facet normal -0.382688 -0.923878 -0
    outer loop
      vertex 31.85 8.97224 3.5
      vertex 31.44 9.14207 0
      vertex 31.85 8.97224 0
    endloop
  endfacet
  facet normal 0.793419 -0.608676 0
    outer loop
      vertex 29.5278 8.35 3.5
      vertex 29.7979 8.70208 0
      vertex 29.7979 8.70208 3.5
    endloop
  endfacet
  facet normal 0.793419 -0.608676 0
    outer loop
      vertex 29.7979 8.70208 0
      vertex 29.5278 8.35 3.5
      vertex 29.5278 8.35 0
    endloop
  endfacet
  facet normal 0.923825 -0.382815 0
    outer loop
      vertex 29.3579 7.93999 3.5
      vertex 29.5278 8.35 0
      vertex 29.5278 8.35 3.5
    endloop
  endfacet
  facet normal 0.923825 -0.382815 0
    outer loop
      vertex 29.5278 8.35 0
      vertex 29.3579 7.93999 3.5
      vertex 29.3579 7.93999 0
    endloop
  endfacet
  facet normal 0.608739 -0.793371 0
    outer loop
      vertex 29.7979 8.70208 0
      vertex 30.15 8.97224 3.5
      vertex 29.7979 8.70208 3.5
    endloop
  endfacet
  facet normal 0.608739 -0.793371 0
    outer loop
      vertex 30.15 8.97224 3.5
      vertex 29.7979 8.70208 0
      vertex 30.15 8.97224 0
    endloop
  endfacet
  facet normal -0.923825 0.382815 0
    outer loop
      vertex 32.4722 6.65 0
      vertex 32.6421 7.06001 3.5
      vertex 32.6421 7.06001 0
    endloop
  endfacet
  facet normal -0.923825 0.382815 0
    outer loop
      vertex 32.6421 7.06001 3.5
      vertex 32.4722 6.65 0
      vertex 32.4722 6.65 3.5
    endloop
  endfacet
  facet normal -0.793419 -0.608676 0
    outer loop
      vertex 32.4722 8.35 0
      vertex 32.2021 8.70208 3.5
      vertex 32.2021 8.70208 0
    endloop
  endfacet
  facet normal -0.793419 -0.608676 0
    outer loop
      vertex 32.2021 8.70208 3.5
      vertex 32.4722 8.35 0
      vertex 32.4722 8.35 3.5
    endloop
  endfacet
  facet normal -0.923825 -0.382815 0
    outer loop
      vertex 32.6421 7.93999 0
      vertex 32.4722 8.35 3.5
      vertex 32.4722 8.35 0
    endloop
  endfacet
  facet normal -0.923825 -0.382815 0
    outer loop
      vertex 32.4722 8.35 3.5
      vertex 32.6421 7.93999 0
      vertex 32.6421 7.93999 3.5
    endloop
  endfacet
  facet normal -0.130533 -0.991444 0
    outer loop
      vertex 31 9.2 0
      vertex 31.44 9.14207 3.5
      vertex 31 9.2 3.5
    endloop
  endfacet
  facet normal -0.130533 -0.991444 -0
    outer loop
      vertex 31.44 9.14207 3.5
      vertex 31 9.2 0
      vertex 31.44 9.14207 0
    endloop
  endfacet
  facet normal 0.991452 -0.130469 0
    outer loop
      vertex 29.3 7.5 3.5
      vertex 29.3579 7.93999 0
      vertex 29.3579 7.93999 3.5
    endloop
  endfacet
  facet normal 0.991452 -0.130469 0
    outer loop
      vertex 29.3579 7.93999 0
      vertex 29.3 7.5 3.5
      vertex 29.3 7.5 0
    endloop
  endfacet
  facet normal 0 0 -1
    outer loop
      vertex 32.6421 7.06001 3.5
      vertex 32.6421 7.93999 3.5
      vertex 32.7 7.5 3.5
    endloop
  endfacet
  facet normal 0 0 -1
    outer loop
      vertex 32.4722 6.65 3.5
      vertex 32.6421 7.93999 3.5
      vertex 32.6421 7.06001 3.5
    endloop
  endfacet
  facet normal 0 0 -1
    outer loop
      vertex 32.4722 6.65 3.5
      vertex 32.4722 8.35 3.5
      vertex 32.6421 7.93999 3.5
    endloop
  endfacet
  facet normal 0 0 -1
    outer loop
      vertex 31.783 6 3.5
      vertex 32.4722 6.65 3.5
      vertex 32.2021 6.29792 3.5
    endloop
  endfacet
  facet normal -0 0 -1
    outer loop
      vertex 32.4722 6.65 3.5
      vertex 31.783 6 3.5
      vertex 32.4722 8.35 3.5
    endloop
  endfacet
  facet normal 0 0 -1
    outer loop
      vertex 31.783 6 3.5
      vertex 32.2021 6.29792 3.5
      vertex 31.85 6.02776 3.5
    endloop
  endfacet
  facet normal -0 0 -1
    outer loop
      vertex 32.4722 8.35 3.5
      vertex 31.783 6 3.5
      vertex 32.2021 8.70208 3.5
    endloop
  endfacet
  facet normal -0 0 -1
    outer loop
      vertex 32.2021 8.70208 3.5
      vertex 31.783 6 3.5
      vertex 31.85 8.97224 3.5
    endloop
  endfacet
  facet normal 0 0 -1
    outer loop
      vertex 31.783 6 3.5
      vertex 31.44 9.14207 3.5
      vertex 31.85 8.97224 3.5
    endloop
  endfacet
  facet normal 0 0 -1
    outer loop
      vertex 31.783 6 3.5
      vertex 31 9.2 3.5
      vertex 31.44 9.14207 3.5
    endloop
  endfacet
  facet normal 0 0 -1
    outer loop
      vertex 31.783 6 3.5
      vertex 30.56 9.14207 3.5
      vertex 31 9.2 3.5
    endloop
  endfacet
  facet normal 0 0 -1
    outer loop
      vertex 30.217 6 3.5
      vertex 30.56 9.14207 3.5
      vertex 31.783 6 3.5
    endloop
  endfacet
  facet normal 0 0 -1
    outer loop
      vertex 29.7979 6.29792 3.5
      vertex 30.217 6 3.5
      vertex 30.15 6.02776 3.5
    endloop
  endfacet
  facet normal 0 0 -1
    outer loop
      vertex 30.217 6 3.5
      vertex 30.15 8.97224 3.5
      vertex 30.56 9.14207 3.5
    endloop
  endfacet
  facet normal 0 0 -1
    outer loop
      vertex 29.5278 6.65 3.5
      vertex 30.217 6 3.5
      vertex 29.7979 6.29792 3.5
    endloop
  endfacet
  facet normal 0 0 -1
    outer loop
      vertex 30.217 6 3.5
      vertex 29.7979 8.70208 3.5
      vertex 30.15 8.97224 3.5
    endloop
  endfacet
  facet normal 0 0 -1
    outer loop
      vertex 30.217 6 3.5
      vertex 29.5278 6.65 3.5
      vertex 29.7979 8.70208 3.5
    endloop
  endfacet
  facet normal 0 0 -1
    outer loop
      vertex 29.5278 6.65 3.5
      vertex 29.5278 8.35 3.5
      vertex 29.7979 8.70208 3.5
    endloop
  endfacet
  facet normal 0 0 -1
    outer loop
      vertex 29.3579 7.06001 3.5
      vertex 29.5278 8.35 3.5
      vertex 29.5278 6.65 3.5
    endloop
  endfacet
  facet normal 0 0 -1
    outer loop
      vertex 29.3579 7.06001 3.5
      vertex 29.3579 7.93999 3.5
      vertex 29.5278 8.35 3.5
    endloop
  endfacet
  facet normal 0 -0 -1
    outer loop
      vertex 29.3579 7.93999 3.5
      vertex 29.3579 7.06001 3.5
      vertex 29.3 7.5 3.5
    endloop
  endfacet
  facet normal 0.382688 -0.923878 0
    outer loop
      vertex 30.15 8.97224 0
      vertex 30.56 9.14207 3.5
      vertex 30.15 8.97224 3.5
    endloop
  endfacet
  facet normal 0.382688 -0.923878 0
    outer loop
      vertex 30.56 9.14207 3.5
      vertex 30.15 8.97224 0
      vertex 30.56 9.14207 0
    endloop
  endfacet
  facet normal -0.991452 0.130469 0
    outer loop
      vertex 32.6421 7.06001 0
      vertex 32.7 7.5 3.5
      vertex 32.7 7.5 0
    endloop
  endfacet
  facet normal -0.991452 0.130469 0
    outer loop
      vertex 32.7 7.5 3.5
      vertex 32.6421 7.06001 0
      vertex 32.6421 7.06001 3.5
    endloop
  endfacet
  facet normal 0.991452 0.130469 0
    outer loop
      vertex 29.3579 7.06001 3.5
      vertex 29.3 7.5 0
      vertex 29.3 7.5 3.5
    endloop
  endfacet
  facet normal 0.991452 0.130469 0
    outer loop
      vertex 29.3 7.5 0
      vertex 29.3579 7.06001 3.5
      vertex 29.3579 7.06001 0
    endloop
  endfacet
  facet normal -0.608739 0.793371 0
    outer loop
      vertex 32.2021 6.29792 0
      vertex 31.85 6.02776 3.5
      vertex 32.2021 6.29792 3.5
    endloop
  endfacet
  facet normal -0.608739 0.793371 0
    outer loop
      vertex 31.85 6.02776 3.5
      vertex 32.2021 6.29792 0
      vertex 31.85 6.02776 0
    endloop
  endfacet
  facet normal -0.793419 0.608676 0
    outer loop
      vertex 32.2021 6.29792 0
      vertex 32.4722 6.65 3.5
      vertex 32.4722 6.65 0
    endloop
  endfacet
  facet normal -0.793419 0.608676 0
    outer loop
      vertex 32.4722 6.65 3.5
      vertex 32.2021 6.29792 0
      vertex 32.2021 6.29792 3.5
    endloop
  endfacet
  facet normal 0.382774 0.923842 -0
    outer loop
      vertex 30.217 6 0
      vertex 30.15 6.02776 3.5
      vertex 30.217 6 3.5
    endloop
  endfacet
  facet normal 0.382774 0.923842 0
    outer loop
      vertex 30.15 6.02776 3.5
      vertex 30.217 6 0
      vertex 30.15 6.02776 0
    endloop
  endfacet
  facet normal 0.608739 0.793371 -0
    outer loop
      vertex 30.15 6.02776 0
      vertex 29.7979 6.29792 3.5
      vertex 30.15 6.02776 3.5
    endloop
  endfacet
  facet normal 0.608739 0.793371 0
    outer loop
      vertex 29.7979 6.29792 3.5
      vertex 30.15 6.02776 0
      vertex 29.7979 6.29792 0
    endloop
  endfacet
  facet normal 0.923825 0.382815 0
    outer loop
      vertex 29.5278 6.65 3.5
      vertex 29.3579 7.06001 0
      vertex 29.3579 7.06001 3.5
    endloop
  endfacet
  facet normal 0.923825 0.382815 0
    outer loop
      vertex 29.3579 7.06001 0
      vertex 29.5278 6.65 3.5
      vertex 29.5278 6.65 0
    endloop
  endfacet
  facet normal 0.793419 0.608676 0
    outer loop
      vertex 29.7979 6.29792 3.5
      vertex 29.5278 6.65 0
      vertex 29.5278 6.65 3.5
    endloop
  endfacet
  facet normal 0.793419 0.608676 0
    outer loop
      vertex 29.5278 6.65 0
      vertex 29.7979 6.29792 3.5
      vertex 29.7979 6.29792 0
    endloop
  endfacet
  facet normal -0.991423 -0.130691 0
    outer loop
      vertex 121.7 7.5 0
      vertex 121.642 7.93999 3.5
      vertex 121.642 7.93999 0
    endloop
  endfacet
  facet normal -0.991423 -0.130691 0
    outer loop
      vertex 121.642 7.93999 3.5
      vertex 121.7 7.5 0
      vertex 121.7 7.5 3.5
    endloop
  endfacet
  facet normal 0.130533 -0.991444 0
    outer loop
      vertex 119.56 9.14207 0
      vertex 120 9.2 3.5
      vertex 119.56 9.14207 3.5
    endloop
  endfacet
  facet normal 0.130533 -0.991444 0
    outer loop
      vertex 120 9.2 3.5
      vertex 119.56 9.14207 0
      vertex 120 9.2 0
    endloop
  endfacet
  facet normal -0.382774 0.923842 0
    outer loop
      vertex 120.85 6.02776 0
      vertex 120.783 6 3.5
      vertex 120.85 6.02776 3.5
    endloop
  endfacet
  facet normal -0.382774 0.923842 0
    outer loop
      vertex 120.783 6 3.5
      vertex 120.85 6.02776 0
      vertex 120.783 6 0
    endloop
  endfacet
  facet normal -0.608848 -0.793287 0
    outer loop
      vertex 120.85 8.97224 0
      vertex 121.202 8.70208 3.5
      vertex 120.85 8.97224 3.5
    endloop
  endfacet
  facet normal -0.608848 -0.793287 -0
    outer loop
      vertex 121.202 8.70208 3.5
      vertex 120.85 8.97224 0
      vertex 121.202 8.70208 0
    endloop
  endfacet
  facet normal -0.382688 -0.923878 0
    outer loop
      vertex 120.44 9.14207 0
      vertex 120.85 8.97224 3.5
      vertex 120.44 9.14207 3.5
    endloop
  endfacet
  facet normal -0.382688 -0.923878 -0
    outer loop
      vertex 120.85 8.97224 3.5
      vertex 120.44 9.14207 0
      vertex 120.85 8.97224 0
    endloop
  endfacet
  facet normal 0.793528 -0.608534 0
    outer loop
      vertex 118.528 8.35 3.5
      vertex 118.798 8.70208 0
      vertex 118.798 8.70208 3.5
    endloop
  endfacet
  facet normal 0.793528 -0.608534 0
    outer loop
      vertex 118.798 8.70208 0
      vertex 118.528 8.35 3.5
      vertex 118.528 8.35 0
    endloop
  endfacet
  facet normal 0.923745 -0.383007 0
    outer loop
      vertex 118.358 7.93999 3.5
      vertex 118.528 8.35 0
      vertex 118.528 8.35 3.5
    endloop
  endfacet
  facet normal 0.923745 -0.383007 0
    outer loop
      vertex 118.528 8.35 0
      vertex 118.358 7.93999 3.5
      vertex 118.358 7.93999 0
    endloop
  endfacet
  facet normal 0.608848 -0.793287 0
    outer loop
      vertex 118.798 8.70208 0
      vertex 119.15 8.97224 3.5
      vertex 118.798 8.70208 3.5
    endloop
  endfacet
  facet normal 0.608848 -0.793287 0
    outer loop
      vertex 119.15 8.97224 3.5
      vertex 118.798 8.70208 0
      vertex 119.15 8.97224 0
    endloop
  endfacet
  facet normal -0.923745 0.383007 0
    outer loop
      vertex 121.472 6.65 0
      vertex 121.642 7.06001 3.5
      vertex 121.642 7.06001 0
    endloop
  endfacet
  facet normal -0.923745 0.383007 0
    outer loop
      vertex 121.642 7.06001 3.5
      vertex 121.472 6.65 0
      vertex 121.472 6.65 3.5
    endloop
  endfacet
  facet normal -0.793528 -0.608534 0
    outer loop
      vertex 121.472 8.35 0
      vertex 121.202 8.70208 3.5
      vertex 121.202 8.70208 0
    endloop
  endfacet
  facet normal -0.793528 -0.608534 0
    outer loop
      vertex 121.202 8.70208 3.5
      vertex 121.472 8.35 0
      vertex 121.472 8.35 3.5
    endloop
  endfacet
  facet normal -0.923745 -0.383007 0
    outer loop
      vertex 121.642 7.93999 0
      vertex 121.472 8.35 3.5
      vertex 121.472 8.35 0
    endloop
  endfacet
  facet normal -0.923745 -0.383007 0
    outer loop
      vertex 121.472 8.35 3.5
      vertex 121.642 7.93999 0
      vertex 121.642 7.93999 3.5
    endloop
  endfacet
  facet normal -0.130533 -0.991444 0
    outer loop
      vertex 120 9.2 0
      vertex 120.44 9.14207 3.5
      vertex 120 9.2 3.5
    endloop
  endfacet
  facet normal -0.130533 -0.991444 -0
    outer loop
      vertex 120.44 9.14207 3.5
      vertex 120 9.2 0
      vertex 120.44 9.14207 0
    endloop
  endfacet
  facet normal 0.991423 -0.130691 0
    outer loop
      vertex 118.3 7.5 3.5
      vertex 118.358 7.93999 0
      vertex 118.358 7.93999 3.5
    endloop
  endfacet
  facet normal 0.991423 -0.130691 0
    outer loop
      vertex 118.358 7.93999 0
      vertex 118.3 7.5 3.5
      vertex 118.3 7.5 0
    endloop
  endfacet
  facet normal 0 0 -1
    outer loop
      vertex 121.642 7.06001 3.5
      vertex 121.642 7.93999 3.5
      vertex 121.7 7.5 3.5
    endloop
  endfacet
  facet normal 0 0 -1
    outer loop
      vertex 121.472 6.65 3.5
      vertex 121.642 7.93999 3.5
      vertex 121.642 7.06001 3.5
    endloop
  endfacet
  facet normal 0 0 -1
    outer loop
      vertex 121.472 6.65 3.5
      vertex 121.472 8.35 3.5
      vertex 121.642 7.93999 3.5
    endloop
  endfacet
  facet normal 0 0 -1
    outer loop
      vertex 120.783 6 3.5
      vertex 121.472 6.65 3.5
      vertex 121.202 6.29792 3.5
    endloop
  endfacet
  facet normal -0 0 -1
    outer loop
      vertex 121.472 6.65 3.5
      vertex 120.783 6 3.5
      vertex 121.472 8.35 3.5
    endloop
  endfacet
  facet normal 0 0 -1
    outer loop
      vertex 120.783 6 3.5
      vertex 121.202 6.29792 3.5
      vertex 120.85 6.02776 3.5
    endloop
  endfacet
  facet normal -0 0 -1
    outer loop
      vertex 121.472 8.35 3.5
      vertex 120.783 6 3.5
      vertex 121.202 8.70208 3.5
    endloop
  endfacet
  facet normal -0 0 -1
    outer loop
      vertex 121.202 8.70208 3.5
      vertex 120.783 6 3.5
      vertex 120.85 8.97224 3.5
    endloop
  endfacet
  facet normal 0 0 -1
    outer loop
      vertex 120.783 6 3.5
      vertex 120.44 9.14207 3.5
      vertex 120.85 8.97224 3.5
    endloop
  endfacet
  facet normal 0 0 -1
    outer loop
      vertex 120.783 6 3.5
      vertex 120 9.2 3.5
      vertex 120.44 9.14207 3.5
    endloop
  endfacet
  facet normal 0 0 -1
    outer loop
      vertex 120.783 6 3.5
      vertex 119.56 9.14207 3.5
      vertex 120 9.2 3.5
    endloop
  endfacet
  facet normal 0 0 -1
    outer loop
      vertex 119.217 6 3.5
      vertex 119.56 9.14207 3.5
      vertex 120.783 6 3.5
    endloop
  endfacet
  facet normal 0 0 -1
    outer loop
      vertex 118.798 6.29792 3.5
      vertex 119.217 6 3.5
      vertex 119.15 6.02776 3.5
    endloop
  endfacet
  facet normal 0 0 -1
    outer loop
      vertex 119.217 6 3.5
      vertex 119.15 8.97224 3.5
      vertex 119.56 9.14207 3.5
    endloop
  endfacet
  facet normal 0 0 -1
    outer loop
      vertex 118.528 6.65 3.5
      vertex 119.217 6 3.5
      vertex 118.798 6.29792 3.5
    endloop
  endfacet
  facet normal 0 0 -1
    outer loop
      vertex 119.217 6 3.5
      vertex 118.798 8.70208 3.5
      vertex 119.15 8.97224 3.5
    endloop
  endfacet
  facet normal 0 0 -1
    outer loop
      vertex 119.217 6 3.5
      vertex 118.528 6.65 3.5
      vertex 118.798 8.70208 3.5
    endloop
  endfacet
  facet normal 0 0 -1
    outer loop
      vertex 118.528 6.65 3.5
      vertex 118.528 8.35 3.5
      vertex 118.798 8.70208 3.5
    endloop
  endfacet
  facet normal 0 0 -1
    outer loop
      vertex 118.358 7.06001 3.5
      vertex 118.528 8.35 3.5
      vertex 118.528 6.65 3.5
    endloop
  endfacet
  facet normal 0 0 -1
    outer loop
      vertex 118.358 7.06001 3.5
      vertex 118.358 7.93999 3.5
      vertex 118.528 8.35 3.5
    endloop
  endfacet
  facet normal 0 -0 -1
    outer loop
      vertex 118.358 7.93999 3.5
      vertex 118.358 7.06001 3.5
      vertex 118.3 7.5 3.5
    endloop
  endfacet
  facet normal 0.382688 -0.923878 0
    outer loop
      vertex 119.15 8.97224 0
      vertex 119.56 9.14207 3.5
      vertex 119.15 8.97224 3.5
    endloop
  endfacet
  facet normal 0.382688 -0.923878 0
    outer loop
      vertex 119.56 9.14207 3.5
      vertex 119.15 8.97224 0
      vertex 119.56 9.14207 0
    endloop
  endfacet
  facet normal -0.991423 0.130691 0
    outer loop
      vertex 121.642 7.06001 0
      vertex 121.7 7.5 3.5
      vertex 121.7 7.5 0
    endloop
  endfacet
  facet normal -0.991423 0.130691 0
    outer loop
      vertex 121.7 7.5 3.5
      vertex 121.642 7.06001 0
      vertex 121.642 7.06001 3.5
    endloop
  endfacet
  facet normal 0.991423 0.130691 0
    outer loop
      vertex 118.358 7.06001 3.5
      vertex 118.3 7.5 0
      vertex 118.3 7.5 3.5
    endloop
  endfacet
  facet normal 0.991423 0.130691 0
    outer loop
      vertex 118.3 7.5 0
      vertex 118.358 7.06001 3.5
      vertex 118.358 7.06001 0
    endloop
  endfacet
  facet normal -0.608848 0.793287 0
    outer loop
      vertex 121.202 6.29792 0
      vertex 120.85 6.02776 3.5
      vertex 121.202 6.29792 3.5
    endloop
  endfacet
  facet normal -0.608848 0.793287 0
    outer loop
      vertex 120.85 6.02776 3.5
      vertex 121.202 6.29792 0
      vertex 120.85 6.02776 0
    endloop
  endfacet
  facet normal -0.793528 0.608534 0
    outer loop
      vertex 121.202 6.29792 0
      vertex 121.472 6.65 3.5
      vertex 121.472 6.65 0
    endloop
  endfacet
  facet normal -0.793528 0.608534 0
    outer loop
      vertex 121.472 6.65 3.5
      vertex 121.202 6.29792 0
      vertex 121.202 6.29792 3.5
    endloop
  endfacet
  facet normal 0.608848 0.793287 -0
    outer loop
      vertex 119.15 6.02776 0
      vertex 118.798 6.29792 3.5
      vertex 119.15 6.02776 3.5
    endloop
  endfacet
  facet normal 0.608848 0.793287 0
    outer loop
      vertex 118.798 6.29792 3.5
      vertex 119.15 6.02776 0
      vertex 118.798 6.29792 0
    endloop
  endfacet
  facet normal 0.923745 0.383007 0
    outer loop
      vertex 118.528 6.65 3.5
      vertex 118.358 7.06001 0
      vertex 118.358 7.06001 3.5
    endloop
  endfacet
  facet normal 0.923745 0.383007 0
    outer loop
      vertex 118.358 7.06001 0
      vertex 118.528 6.65 3.5
      vertex 118.528 6.65 0
    endloop
  endfacet
  facet normal 0.382774 0.923842 -0
    outer loop
      vertex 119.217 6 0
      vertex 119.15 6.02776 3.5
      vertex 119.217 6 3.5
    endloop
  endfacet
  facet normal 0.382774 0.923842 0
    outer loop
      vertex 119.15 6.02776 3.5
      vertex 119.217 6 0
      vertex 119.15 6.02776 0
    endloop
  endfacet
  facet normal 0.793528 0.608534 0
    outer loop
      vertex 118.798 6.29792 3.5
      vertex 118.528 6.65 0
      vertex 118.528 6.65 3.5
    endloop
  endfacet
  facet normal 0.793528 0.608534 0
    outer loop
      vertex 118.528 6.65 0
      vertex 118.798 6.29792 3.5
      vertex 118.798 6.29792 0
    endloop
  endfacet
  facet normal -0.991453 -0.130466 0
    outer loop
      vertex 32.7 122.5 0
      vertex 32.6421 122.94 3.5
      vertex 32.6421 122.94 0
    endloop
  endfacet
  facet normal -0.991453 -0.130466 0
    outer loop
      vertex 32.6421 122.94 3.5
      vertex 32.7 122.5 0
      vertex 32.7 122.5 3.5
    endloop
  endfacet
  facet normal -0.130688 0.991424 0
    outer loop
      vertex 31.44 120.858 0
      vertex 31 120.8 3.5
      vertex 31.44 120.858 3.5
    endloop
  endfacet
  facet normal -0.130688 0.991424 0
    outer loop
      vertex 31 120.8 3.5
      vertex 31.44 120.858 0
      vertex 31 120.8 0
    endloop
  endfacet
  facet normal -0.608512 -0.793545 0
    outer loop
      vertex 31.85 123.972 0
      vertex 32.2021 123.702 3.5
      vertex 31.85 123.972 3.5
    endloop
  endfacet
  facet normal -0.608512 -0.793545 -0
    outer loop
      vertex 32.2021 123.702 3.5
      vertex 31.85 123.972 0
      vertex 32.2021 123.702 0
    endloop
  endfacet
  facet normal -0.385593 -0.922669 0
    outer loop
      vertex 31.783 124 0
      vertex 31.85 123.972 3.5
      vertex 31.783 124 3.5
    endloop
  endfacet
  facet normal -0.385593 -0.922669 -0
    outer loop
      vertex 31.85 123.972 3.5
      vertex 31.783 124 0
      vertex 31.85 123.972 0
    endloop
  endfacet
  facet normal 0.793352 -0.608763 0
    outer loop
      vertex 29.5278 123.35 3.5
      vertex 29.7979 123.702 0
      vertex 29.7979 123.702 3.5
    endloop
  endfacet
  facet normal 0.793352 -0.608763 0
    outer loop
      vertex 29.7979 123.702 0
      vertex 29.5278 123.35 3.5
      vertex 29.5278 123.35 0
    endloop
  endfacet
  facet normal 0.923822 -0.382823 0
    outer loop
      vertex 29.3579 122.94 3.5
      vertex 29.5278 123.35 0
      vertex 29.5278 123.35 3.5
    endloop
  endfacet
  facet normal 0.923822 -0.382823 0
    outer loop
      vertex 29.5278 123.35 0
      vertex 29.3579 122.94 3.5
      vertex 29.3579 122.94 0
    endloop
  endfacet
  facet normal 0.608512 -0.793545 0
    outer loop
      vertex 29.7979 123.702 0
      vertex 30.15 123.972 3.5
      vertex 29.7979 123.702 3.5
    endloop
  endfacet
  facet normal 0.608512 -0.793545 0
    outer loop
      vertex 30.15 123.972 3.5
      vertex 29.7979 123.702 0
      vertex 30.15 123.972 0
    endloop
  endfacet
  facet normal -0.793352 -0.608763 0
    outer loop
      vertex 32.4722 123.35 0
      vertex 32.2021 123.702 3.5
      vertex 32.2021 123.702 0
    endloop
  endfacet
  facet normal -0.793352 -0.608763 0
    outer loop
      vertex 32.2021 123.702 3.5
      vertex 32.4722 123.35 0
      vertex 32.4722 123.35 3.5
    endloop
  endfacet
  facet normal -0.923822 -0.382823 0
    outer loop
      vertex 32.6421 122.94 0
      vertex 32.4722 123.35 3.5
      vertex 32.4722 123.35 0
    endloop
  endfacet
  facet normal -0.923822 -0.382823 0
    outer loop
      vertex 32.4722 123.35 3.5
      vertex 32.6421 122.94 0
      vertex 32.6421 122.94 3.5
    endloop
  endfacet
  facet normal 0.991453 -0.130466 0
    outer loop
      vertex 29.3 122.5 3.5
      vertex 29.3579 122.94 0
      vertex 29.3579 122.94 3.5
    endloop
  endfacet
  facet normal 0.991453 -0.130466 0
    outer loop
      vertex 29.3579 122.94 0
      vertex 29.3 122.5 3.5
      vertex 29.3 122.5 0
    endloop
  endfacet
  facet normal 0 0 -1
    outer loop
      vertex 32.6421 122.06 3.5
      vertex 32.6421 122.94 3.5
      vertex 32.7 122.5 3.5
    endloop
  endfacet
  facet normal 0 0 -1
    outer loop
      vertex 32.4722 121.65 3.5
      vertex 32.6421 122.94 3.5
      vertex 32.6421 122.06 3.5
    endloop
  endfacet
  facet normal 0 0 -1
    outer loop
      vertex 32.4722 121.65 3.5
      vertex 32.4722 123.35 3.5
      vertex 32.6421 122.94 3.5
    endloop
  endfacet
  facet normal 0 0 -1
    outer loop
      vertex 32.2021 121.298 3.5
      vertex 32.4722 123.35 3.5
      vertex 32.4722 121.65 3.5
    endloop
  endfacet
  facet normal 0 0 -1
    outer loop
      vertex 31.783 124 3.5
      vertex 32.4722 123.35 3.5
      vertex 32.2021 121.298 3.5
    endloop
  endfacet
  facet normal 0 0 -1
    outer loop
      vertex 31.783 124 3.5
      vertex 32.2021 121.298 3.5
      vertex 31.85 121.028 3.5
    endloop
  endfacet
  facet normal 0 0 -1
    outer loop
      vertex 32.4722 123.35 3.5
      vertex 31.783 124 3.5
      vertex 32.2021 123.702 3.5
    endloop
  endfacet
  facet normal 0 0 -1
    outer loop
      vertex 32.2021 123.702 3.5
      vertex 31.783 124 3.5
      vertex 31.85 123.972 3.5
    endloop
  endfacet
  facet normal 0 0 -1
    outer loop
      vertex 31.44 120.858 3.5
      vertex 31.783 124 3.5
      vertex 31.85 121.028 3.5
    endloop
  endfacet
  facet normal 0 0 -1
    outer loop
      vertex 31 120.8 3.5
      vertex 31.783 124 3.5
      vertex 31.44 120.858 3.5
    endloop
  endfacet
  facet normal 0 0 -1
    outer loop
      vertex 30.56 120.858 3.5
      vertex 31.783 124 3.5
      vertex 31 120.8 3.5
    endloop
  endfacet
  facet normal 0 0 -1
    outer loop
      vertex 30.56 120.858 3.5
      vertex 30.217 124 3.5
      vertex 31.783 124 3.5
    endloop
  endfacet
  facet normal 0 0 -1
    outer loop
      vertex 30.15 121.028 3.5
      vertex 30.217 124 3.5
      vertex 30.56 120.858 3.5
    endloop
  endfacet
  facet normal 0 0 -1
    outer loop
      vertex 29.7979 121.298 3.5
      vertex 30.217 124 3.5
      vertex 30.15 121.028 3.5
    endloop
  endfacet
  facet normal 0 0 -1
    outer loop
      vertex 29.5278 121.65 3.5
      vertex 30.217 124 3.5
      vertex 29.7979 121.298 3.5
    endloop
  endfacet
  facet normal 0 0 -1
    outer loop
      vertex 30.217 124 3.5
      vertex 29.7979 123.702 3.5
      vertex 30.15 123.972 3.5
    endloop
  endfacet
  facet normal 0 0 -1
    outer loop
      vertex 29.5278 123.35 3.5
      vertex 30.217 124 3.5
      vertex 29.5278 121.65 3.5
    endloop
  endfacet
  facet normal 0 0 -1
    outer loop
      vertex 30.217 124 3.5
      vertex 29.5278 123.35 3.5
      vertex 29.7979 123.702 3.5
    endloop
  endfacet
  facet normal 0 0 -1
    outer loop
      vertex 29.3579 122.06 3.5
      vertex 29.5278 123.35 3.5
      vertex 29.5278 121.65 3.5
    endloop
  endfacet
  facet normal 0 0 -1
    outer loop
      vertex 29.3579 122.06 3.5
      vertex 29.3579 122.94 3.5
      vertex 29.5278 123.35 3.5
    endloop
  endfacet
  facet normal 0 -0 -1
    outer loop
      vertex 29.3579 122.94 3.5
      vertex 29.3579 122.06 3.5
      vertex 29.3 122.5 3.5
    endloop
  endfacet
  facet normal 0.385593 -0.922669 0
    outer loop
      vertex 30.15 123.972 0
      vertex 30.217 124 3.5
      vertex 30.15 123.972 3.5
    endloop
  endfacet
  facet normal 0.385593 -0.922669 0
    outer loop
      vertex 30.217 124 3.5
      vertex 30.15 123.972 0
      vertex 30.217 124 0
    endloop
  endfacet
  facet normal -0.793352 0.608763 0
    outer loop
      vertex 32.2021 121.298 0
      vertex 32.4722 121.65 3.5
      vertex 32.4722 121.65 0
    endloop
  endfacet
  facet normal -0.793352 0.608763 0
    outer loop
      vertex 32.4722 121.65 3.5
      vertex 32.2021 121.298 0
      vertex 32.2021 121.298 3.5
    endloop
  endfacet
  facet normal -0.923822 0.382823 0
    outer loop
      vertex 32.4722 121.65 0
      vertex 32.6421 122.06 3.5
      vertex 32.6421 122.06 0
    endloop
  endfacet
  facet normal -0.923822 0.382823 0
    outer loop
      vertex 32.6421 122.06 3.5
      vertex 32.4722 121.65 0
      vertex 32.4722 121.65 3.5
    endloop
  endfacet
  facet normal 0.991453 0.130466 0
    outer loop
      vertex 29.3579 122.06 3.5
      vertex 29.3 122.5 0
      vertex 29.3 122.5 3.5
    endloop
  endfacet
  facet normal 0.991453 0.130466 0
    outer loop
      vertex 29.3 122.5 0
      vertex 29.3579 122.06 3.5
      vertex 29.3579 122.06 0
    endloop
  endfacet
  facet normal 0.383015 0.923742 -0
    outer loop
      vertex 30.56 120.858 0
      vertex 30.15 121.028 3.5
      vertex 30.56 120.858 3.5
    endloop
  endfacet
  facet normal 0.383015 0.923742 0
    outer loop
      vertex 30.15 121.028 3.5
      vertex 30.56 120.858 0
      vertex 30.15 121.028 0
    endloop
  endfacet
  facet normal 0.608512 0.793545 -0
    outer loop
      vertex 30.15 121.028 0
      vertex 29.7979 121.298 3.5
      vertex 30.15 121.028 3.5
    endloop
  endfacet
  facet normal 0.608512 0.793545 0
    outer loop
      vertex 29.7979 121.298 3.5
      vertex 30.15 121.028 0
      vertex 29.7979 121.298 0
    endloop
  endfacet
  facet normal -0.991453 0.130466 0
    outer loop
      vertex 32.6421 122.06 0
      vertex 32.7 122.5 3.5
      vertex 32.7 122.5 0
    endloop
  endfacet
  facet normal -0.991453 0.130466 0
    outer loop
      vertex 32.7 122.5 3.5
      vertex 32.6421 122.06 0
      vertex 32.6421 122.06 3.5
    endloop
  endfacet
  facet normal 0.130688 0.991424 -0
    outer loop
      vertex 31 120.8 0
      vertex 30.56 120.858 3.5
      vertex 31 120.8 3.5
    endloop
  endfacet
  facet normal 0.130688 0.991424 0
    outer loop
      vertex 30.56 120.858 3.5
      vertex 31 120.8 0
      vertex 30.56 120.858 0
    endloop
  endfacet
  facet normal 0.793352 0.608763 0
    outer loop
      vertex 29.7979 121.298 3.5
      vertex 29.5278 121.65 0
      vertex 29.5278 121.65 3.5
    endloop
  endfacet
  facet normal 0.793352 0.608763 0
    outer loop
      vertex 29.5278 121.65 0
      vertex 29.7979 121.298 3.5
      vertex 29.7979 121.298 0
    endloop
  endfacet
  facet normal 0.923822 0.382823 0
    outer loop
      vertex 29.5278 121.65 3.5
      vertex 29.3579 122.06 0
      vertex 29.3579 122.06 3.5
    endloop
  endfacet
  facet normal 0.923822 0.382823 0
    outer loop
      vertex 29.3579 122.06 0
      vertex 29.5278 121.65 3.5
      vertex 29.5278 121.65 0
    endloop
  endfacet
  facet normal -0.608512 0.793545 0
    outer loop
      vertex 32.2021 121.298 0
      vertex 31.85 121.028 3.5
      vertex 32.2021 121.298 3.5
    endloop
  endfacet
  facet normal -0.608512 0.793545 0
    outer loop
      vertex 31.85 121.028 3.5
      vertex 32.2021 121.298 0
      vertex 31.85 121.028 0
    endloop
  endfacet
  facet normal -0.383015 0.923742 0
    outer loop
      vertex 31.85 121.028 0
      vertex 31.44 120.858 3.5
      vertex 31.85 121.028 3.5
    endloop
  endfacet
  facet normal -0.383015 0.923742 0
    outer loop
      vertex 31.44 120.858 3.5
      vertex 31.85 121.028 0
      vertex 31.44 120.858 0
    endloop
  endfacet
  facet normal -0.991424 -0.130688 0
    outer loop
      vertex 182.7 122.5 0
      vertex 182.642 122.94 3.5
      vertex 182.642 122.94 0
    endloop
  endfacet
  facet normal -0.991424 -0.130688 0
    outer loop
      vertex 182.642 122.94 3.5
      vertex 182.7 122.5 0
      vertex 182.7 122.5 3.5
    endloop
  endfacet
  facet normal -0.130688 0.991424 0
    outer loop
      vertex 181.44 120.858 0
      vertex 181 120.8 3.5
      vertex 181.44 120.858 3.5
    endloop
  endfacet
  facet normal -0.130688 0.991424 0
    outer loop
      vertex 181 120.8 3.5
      vertex 181.44 120.858 0
      vertex 181 120.8 0
    endloop
  endfacet
  facet normal -0.608621 -0.793461 0
    outer loop
      vertex 181.85 123.972 0
      vertex 182.202 123.702 3.5
      vertex 181.85 123.972 3.5
    endloop
  endfacet
  facet normal -0.608621 -0.793461 -0
    outer loop
      vertex 182.202 123.702 3.5
      vertex 181.85 123.972 0
      vertex 182.202 123.702 0
    endloop
  endfacet
  facet normal -0.385593 -0.922669 0
    outer loop
      vertex 181.783 124 0
      vertex 181.85 123.972 3.5
      vertex 181.783 124 3.5
    endloop
  endfacet
  facet normal -0.385593 -0.922669 -0
    outer loop
      vertex 181.85 123.972 3.5
      vertex 181.783 124 0
      vertex 181.85 123.972 0
    endloop
  endfacet
  facet normal 0.793461 -0.608621 0
    outer loop
      vertex 179.528 123.35 3.5
      vertex 179.798 123.702 0
      vertex 179.798 123.702 3.5
    endloop
  endfacet
  facet normal 0.793461 -0.608621 0
    outer loop
      vertex 179.798 123.702 0
      vertex 179.528 123.35 3.5
      vertex 179.528 123.35 0
    endloop
  endfacet
  facet normal 0.923742 -0.383015 0
    outer loop
      vertex 179.358 122.94 3.5
      vertex 179.528 123.35 0
      vertex 179.528 123.35 3.5
    endloop
  endfacet
  facet normal 0.923742 -0.383015 0
    outer loop
      vertex 179.528 123.35 0
      vertex 179.358 122.94 3.5
      vertex 179.358 122.94 0
    endloop
  endfacet
  facet normal 0.608621 -0.793461 0
    outer loop
      vertex 179.798 123.702 0
      vertex 180.15 123.972 3.5
      vertex 179.798 123.702 3.5
    endloop
  endfacet
  facet normal 0.608621 -0.793461 0
    outer loop
      vertex 180.15 123.972 3.5
      vertex 179.798 123.702 0
      vertex 180.15 123.972 0
    endloop
  endfacet
  facet normal -0.793461 -0.608621 0
    outer loop
      vertex 182.472 123.35 0
      vertex 182.202 123.702 3.5
      vertex 182.202 123.702 0
    endloop
  endfacet
  facet normal -0.793461 -0.608621 0
    outer loop
      vertex 182.202 123.702 3.5
      vertex 182.472 123.35 0
      vertex 182.472 123.35 3.5
    endloop
  endfacet
  facet normal -0.923742 -0.383015 0
    outer loop
      vertex 182.642 122.94 0
      vertex 182.472 123.35 3.5
      vertex 182.472 123.35 0
    endloop
  endfacet
  facet normal -0.923742 -0.383015 0
    outer loop
      vertex 182.472 123.35 3.5
      vertex 182.642 122.94 0
      vertex 182.642 122.94 3.5
    endloop
  endfacet
  facet normal 0.991424 -0.130688 0
    outer loop
      vertex 179.3 122.5 3.5
      vertex 179.358 122.94 0
      vertex 179.358 122.94 3.5
    endloop
  endfacet
  facet normal 0.991424 -0.130688 0
    outer loop
      vertex 179.358 122.94 0
      vertex 179.3 122.5 3.5
      vertex 179.3 122.5 0
    endloop
  endfacet
  facet normal 0 0 -1
    outer loop
      vertex 182.642 122.06 3.5
      vertex 182.642 122.94 3.5
      vertex 182.7 122.5 3.5
    endloop
  endfacet
  facet normal 0 0 -1
    outer loop
      vertex 182.472 121.65 3.5
      vertex 182.642 122.94 3.5
      vertex 182.642 122.06 3.5
    endloop
  endfacet
  facet normal 0 0 -1
    outer loop
      vertex 182.472 121.65 3.5
      vertex 182.472 123.35 3.5
      vertex 182.642 122.94 3.5
    endloop
  endfacet
  facet normal 0 0 -1
    outer loop
      vertex 182.202 121.298 3.5
      vertex 182.472 123.35 3.5
      vertex 182.472 121.65 3.5
    endloop
  endfacet
  facet normal 0 0 -1
    outer loop
      vertex 181.783 124 3.5
      vertex 182.472 123.35 3.5
      vertex 182.202 121.298 3.5
    endloop
  endfacet
  facet normal 0 0 -1
    outer loop
      vertex 181.783 124 3.5
      vertex 182.202 121.298 3.5
      vertex 181.85 121.028 3.5
    endloop
  endfacet
  facet normal 0 0 -1
    outer loop
      vertex 182.472 123.35 3.5
      vertex 181.783 124 3.5
      vertex 182.202 123.702 3.5
    endloop
  endfacet
  facet normal 0 0 -1
    outer loop
      vertex 182.202 123.702 3.5
      vertex 181.783 124 3.5
      vertex 181.85 123.972 3.5
    endloop
  endfacet
  facet normal 0 0 -1
    outer loop
      vertex 181.44 120.858 3.5
      vertex 181.783 124 3.5
      vertex 181.85 121.028 3.5
    endloop
  endfacet
  facet normal 0 0 -1
    outer loop
      vertex 181 120.8 3.5
      vertex 181.783 124 3.5
      vertex 181.44 120.858 3.5
    endloop
  endfacet
  facet normal 0 0 -1
    outer loop
      vertex 180.56 120.858 3.5
      vertex 181.783 124 3.5
      vertex 181 120.8 3.5
    endloop
  endfacet
  facet normal 0 0 -1
    outer loop
      vertex 180.56 120.858 3.5
      vertex 180.217 124 3.5
      vertex 181.783 124 3.5
    endloop
  endfacet
  facet normal 0 0 -1
    outer loop
      vertex 180.15 121.028 3.5
      vertex 180.217 124 3.5
      vertex 180.56 120.858 3.5
    endloop
  endfacet
  facet normal 0 0 -1
    outer loop
      vertex 179.798 121.298 3.5
      vertex 180.217 124 3.5
      vertex 180.15 121.028 3.5
    endloop
  endfacet
  facet normal 0 0 -1
    outer loop
      vertex 179.528 121.65 3.5
      vertex 180.217 124 3.5
      vertex 179.798 121.298 3.5
    endloop
  endfacet
  facet normal 0 0 -1
    outer loop
      vertex 180.217 124 3.5
      vertex 179.798 123.702 3.5
      vertex 180.15 123.972 3.5
    endloop
  endfacet
  facet normal 0 0 -1
    outer loop
      vertex 179.528 123.35 3.5
      vertex 180.217 124 3.5
      vertex 179.528 121.65 3.5
    endloop
  endfacet
  facet normal 0 0 -1
    outer loop
      vertex 180.217 124 3.5
      vertex 179.528 123.35 3.5
      vertex 179.798 123.702 3.5
    endloop
  endfacet
  facet normal 0 0 -1
    outer loop
      vertex 179.358 122.06 3.5
      vertex 179.528 123.35 3.5
      vertex 179.528 121.65 3.5
    endloop
  endfacet
  facet normal 0 0 -1
    outer loop
      vertex 179.358 122.06 3.5
      vertex 179.358 122.94 3.5
      vertex 179.528 123.35 3.5
    endloop
  endfacet
  facet normal 0 -0 -1
    outer loop
      vertex 179.358 122.94 3.5
      vertex 179.358 122.06 3.5
      vertex 179.3 122.5 3.5
    endloop
  endfacet
  facet normal 0.385593 -0.922669 0
    outer loop
      vertex 180.15 123.972 0
      vertex 180.217 124 3.5
      vertex 180.15 123.972 3.5
    endloop
  endfacet
  facet normal 0.385593 -0.922669 0
    outer loop
      vertex 180.217 124 3.5
      vertex 180.15 123.972 0
      vertex 180.217 124 0
    endloop
  endfacet
  facet normal -0.793461 0.608621 0
    outer loop
      vertex 182.202 121.298 0
      vertex 182.472 121.65 3.5
      vertex 182.472 121.65 0
    endloop
  endfacet
  facet normal -0.793461 0.608621 0
    outer loop
      vertex 182.472 121.65 3.5
      vertex 182.202 121.298 0
      vertex 182.202 121.298 3.5
    endloop
  endfacet
  facet normal -0.923742 0.383015 0
    outer loop
      vertex 182.472 121.65 0
      vertex 182.642 122.06 3.5
      vertex 182.642 122.06 0
    endloop
  endfacet
  facet normal -0.923742 0.383015 0
    outer loop
      vertex 182.642 122.06 3.5
      vertex 182.472 121.65 0
      vertex 182.472 121.65 3.5
    endloop
  endfacet
  facet normal 0.991424 0.130688 0
    outer loop
      vertex 179.358 122.06 3.5
      vertex 179.3 122.5 0
      vertex 179.3 122.5 3.5
    endloop
  endfacet
  facet normal 0.991424 0.130688 0
    outer loop
      vertex 179.3 122.5 0
      vertex 179.358 122.06 3.5
      vertex 179.358 122.06 0
    endloop
  endfacet
  facet normal 0.383015 0.923742 -0
    outer loop
      vertex 180.56 120.858 0
      vertex 180.15 121.028 3.5
      vertex 180.56 120.858 3.5
    endloop
  endfacet
  facet normal 0.383015 0.923742 0
    outer loop
      vertex 180.15 121.028 3.5
      vertex 180.56 120.858 0
      vertex 180.15 121.028 0
    endloop
  endfacet
  facet normal 0.608621 0.793461 -0
    outer loop
      vertex 180.15 121.028 0
      vertex 179.798 121.298 3.5
      vertex 180.15 121.028 3.5
    endloop
  endfacet
  facet normal 0.608621 0.793461 0
    outer loop
      vertex 179.798 121.298 3.5
      vertex 180.15 121.028 0
      vertex 179.798 121.298 0
    endloop
  endfacet
  facet normal -0.991424 0.130688 0
    outer loop
      vertex 182.642 122.06 0
      vertex 182.7 122.5 3.5
      vertex 182.7 122.5 0
    endloop
  endfacet
  facet normal -0.991424 0.130688 0
    outer loop
      vertex 182.7 122.5 3.5
      vertex 182.642 122.06 0
      vertex 182.642 122.06 3.5
    endloop
  endfacet
  facet normal 0.130688 0.991424 -0
    outer loop
      vertex 181 120.8 0
      vertex 180.56 120.858 3.5
      vertex 181 120.8 3.5
    endloop
  endfacet
  facet normal 0.130688 0.991424 0
    outer loop
      vertex 180.56 120.858 3.5
      vertex 181 120.8 0
      vertex 180.56 120.858 0
    endloop
  endfacet
  facet normal 0.793461 0.608621 0
    outer loop
      vertex 179.798 121.298 3.5
      vertex 179.528 121.65 0
      vertex 179.528 121.65 3.5
    endloop
  endfacet
  facet normal 0.793461 0.608621 0
    outer loop
      vertex 179.528 121.65 0
      vertex 179.798 121.298 3.5
      vertex 179.798 121.298 0
    endloop
  endfacet
  facet normal 0.923742 0.383015 0
    outer loop
      vertex 179.528 121.65 3.5
      vertex 179.358 122.06 0
      vertex 179.358 122.06 3.5
    endloop
  endfacet
  facet normal 0.923742 0.383015 0
    outer loop
      vertex 179.358 122.06 0
      vertex 179.528 121.65 3.5
      vertex 179.528 121.65 0
    endloop
  endfacet
  facet normal -0.608621 0.793461 0
    outer loop
      vertex 182.202 121.298 0
      vertex 181.85 121.028 3.5
      vertex 182.202 121.298 3.5
    endloop
  endfacet
  facet normal -0.608621 0.793461 0
    outer loop
      vertex 181.85 121.028 3.5
      vertex 182.202 121.298 0
      vertex 181.85 121.028 0
    endloop
  endfacet
  facet normal -0.383015 0.923742 0
    outer loop
      vertex 181.85 121.028 0
      vertex 181.44 120.858 3.5
      vertex 181.85 121.028 3.5
    endloop
  endfacet
  facet normal -0.383015 0.923742 0
    outer loop
      vertex 181.44 120.858 3.5
      vertex 181.85 121.028 0
      vertex 181.44 120.858 0
    endloop
  endfacet
  facet normal 0 -0.130507 0.991447
    outer loop
      vertex 6 65.6 17.829
      vertex 9 66.8117 17.9885
      vertex 6 66.8117 17.9885
    endloop
  endfacet
  facet normal 4.43269e-06 -0.130518 0.991446
    outer loop
      vertex 9 66.8117 17.9885
      vertex 6 65.6 17.829
      vertex 9 65 17.75
    endloop
  endfacet
  facet normal 0 -0.13054 0.991443
    outer loop
      vertex 5.2 65 17.75
      vertex 6 65.6 17.829
      vertex 5.2 65.6 17.829
    endloop
  endfacet
  facet normal 0 -0.13054 0.991443
    outer loop
      vertex 6 65.6 17.829
      vertex 5.2 65 17.75
      vertex 9 65 17.75
    endloop
  endfacet
  facet normal 4.43269e-06 -0.130518 -0.991446
    outer loop
      vertex 9 65 31.75
      vertex 6 65.6 31.671
      vertex 9 66.8117 31.5115
    endloop
  endfacet
  facet normal 0 -0.13054 -0.991443
    outer loop
      vertex 5.2 65 31.75
      vertex 6 65.6 31.671
      vertex 9 65 31.75
    endloop
  endfacet
  facet normal -0 -0.13054 -0.991443
    outer loop
      vertex 6 65.6 31.671
      vertex 5.2 65 31.75
      vertex 5.2 65.6 31.671
    endloop
  endfacet
  facet normal -0 -0.130507 -0.991447
    outer loop
      vertex 9 66.8117 31.5115
      vertex 6 65.6 31.671
      vertex 6 66.8117 31.5115
    endloop
  endfacet
  facet normal 0 0.991446 0.130518
    outer loop
      vertex 9 58.2385 22.9383
      vertex 6 58 24.75
      vertex 9 58 24.75
    endloop
  endfacet
  facet normal 0 0.991446 0.130518
    outer loop
      vertex 6 58 24.75
      vertex 9 58.2385 22.9383
      vertex 6 58.2385 22.9383
    endloop
  endfacet
  facet normal 0 -0.382676 0.923883
    outer loop
      vertex 6 68.5 18.6878
      vertex 9 66.8117 17.9885
      vertex 9 68.5 18.6878
    endloop
  endfacet
  facet normal 0 -0.382676 0.923883
    outer loop
      vertex 9 66.8117 17.9885
      vertex 6 68.5 18.6878
      vertex 6 66.8117 17.9885
    endloop
  endfacet
  facet normal 0 -0.793325 -0.608798
    outer loop
      vertex 6 71.0622 28.25
      vertex 9 69.9497 29.6997
      vertex 6 69.9497 29.6997
    endloop
  endfacet
  facet normal 0 -0.793325 -0.608798
    outer loop
      vertex 9 69.9497 29.6997
      vertex 6 71.0622 28.25
      vertex 9 71.0622 28.25
    endloop
  endfacet
  facet normal 0 -0.608798 -0.793325
    outer loop
      vertex 6 68.5 30.8122
      vertex 9 69.9497 29.6997
      vertex 9 68.5 30.8122
    endloop
  endfacet
  facet normal -0 -0.608798 -0.793325
    outer loop
      vertex 9 69.9497 29.6997
      vertex 6 68.5 30.8122
      vertex 6 69.9497 29.6997
    endloop
  endfacet
  facet normal 0 -0.923883 -0.382676
    outer loop
      vertex 6 71.7615 26.5617
      vertex 9 71.0622 28.25
      vertex 6 71.0622 28.25
    endloop
  endfacet
  facet normal 0 -0.923883 -0.382676
    outer loop
      vertex 9 71.0622 28.25
      vertex 6 71.7615 26.5617
      vertex 9 71.7615 26.5617
    endloop
  endfacet
  facet normal 0 -0.608798 0.793325
    outer loop
      vertex 6 69.9497 19.8003
      vertex 9 68.5 18.6878
      vertex 9 69.9497 19.8003
    endloop
  endfacet
  facet normal 0 -0.608798 0.793325
    outer loop
      vertex 9 68.5 18.6878
      vertex 6 69.9497 19.8003
      vertex 6 68.5 18.6878
    endloop
  endfacet
  facet normal 0 -0.991446 0.130518
    outer loop
      vertex 6 71.7615 22.9383
      vertex 9 72 24.75
      vertex 6 72 24.75
    endloop
  endfacet
  facet normal 0 -0.991446 0.130518
    outer loop
      vertex 9 72 24.75
      vertex 6 71.7615 22.9383
      vertex 9 71.7615 22.9383
    endloop
  endfacet
  facet normal 0 -0.793325 0.608798
    outer loop
      vertex 6 69.9497 19.8003
      vertex 9 71.0622 21.25
      vertex 6 71.0622 21.25
    endloop
  endfacet
  facet normal 0 -0.793325 0.608798
    outer loop
      vertex 9 71.0622 21.25
      vertex 6 69.9497 19.8003
      vertex 9 69.9497 19.8003
    endloop
  endfacet
  facet normal 0 -0.382676 -0.923883
    outer loop
      vertex 6 66.8117 31.5115
      vertex 9 68.5 30.8122
      vertex 9 66.8117 31.5115
    endloop
  endfacet
  facet normal -0 -0.382676 -0.923883
    outer loop
      vertex 9 68.5 30.8122
      vertex 6 66.8117 31.5115
      vertex 6 68.5 30.8122
    endloop
  endfacet
  facet normal 0 -0.991446 -0.130518
    outer loop
      vertex 6 72 24.75
      vertex 9 71.7615 26.5617
      vertex 6 71.7615 26.5617
    endloop
  endfacet
  facet normal 0 -0.991446 -0.130518
    outer loop
      vertex 9 71.7615 26.5617
      vertex 6 72 24.75
      vertex 9 72 24.75
    endloop
  endfacet
  facet normal 0 0.608798 -0.793325
    outer loop
      vertex 6 60.0503 29.6997
      vertex 9 61.5 30.8122
      vertex 9 60.0503 29.6997
    endloop
  endfacet
  facet normal 0 0.608798 -0.793325
    outer loop
      vertex 9 61.5 30.8122
      vertex 6 60.0503 29.6997
      vertex 6 61.5 30.8122
    endloop
  endfacet
  facet normal -0 0.608798 0.793325
    outer loop
      vertex 6 61.5 18.6878
      vertex 9 60.0503 19.8003
      vertex 9 61.5 18.6878
    endloop
  endfacet
  facet normal 0 0.608798 0.793325
    outer loop
      vertex 9 60.0503 19.8003
      vertex 6 61.5 18.6878
      vertex 6 60.0503 19.8003
    endloop
  endfacet
  facet normal -0 0.382676 0.923883
    outer loop
      vertex 6 63.1883 17.9885
      vertex 9 61.5 18.6878
      vertex 9 63.1883 17.9885
    endloop
  endfacet
  facet normal 0 0.382676 0.923883
    outer loop
      vertex 9 61.5 18.6878
      vertex 6 63.1883 17.9885
      vertex 6 61.5 18.6878
    endloop
  endfacet
  facet normal 0 -0.923883 0.382676
    outer loop
      vertex 6 71.0622 21.25
      vertex 9 71.7615 22.9383
      vertex 6 71.7615 22.9383
    endloop
  endfacet
  facet normal 0 -0.923883 0.382676
    outer loop
      vertex 9 71.7615 22.9383
      vertex 6 71.0622 21.25
      vertex 9 71.0622 21.25
    endloop
  endfacet
  facet normal 0 0.923883 -0.382676
    outer loop
      vertex 9 58.2385 26.5617
      vertex 6 58.9378 28.25
      vertex 9 58.9378 28.25
    endloop
  endfacet
  facet normal 0 0.923883 -0.382676
    outer loop
      vertex 6 58.9378 28.25
      vertex 9 58.2385 26.5617
      vertex 6 58.2385 26.5617
    endloop
  endfacet
  facet normal 1.84039e-05 0.130518 0.991446
    outer loop
      vertex 9 65 17.75
      vertex 6 64 17.8817
      vertex 9 63.1883 17.9885
    endloop
  endfacet
  facet normal -0 0.130572 0.991439
    outer loop
      vertex 5.2 65 17.75
      vertex 6 64 17.8817
      vertex 9 65 17.75
    endloop
  endfacet
  facet normal 0 0.130572 0.991439
    outer loop
      vertex 6 64 17.8817
      vertex 5.2 65 17.75
      vertex 5.2 64 17.8817
    endloop
  endfacet
  facet normal 0 0.130451 0.991455
    outer loop
      vertex 9 63.1883 17.9885
      vertex 6 64 17.8817
      vertex 6 63.1883 17.9885
    endloop
  endfacet
  facet normal 0 0.991446 -0.130518
    outer loop
      vertex 9 58 24.75
      vertex 6 58.2385 26.5617
      vertex 9 58.2385 26.5617
    endloop
  endfacet
  facet normal 0 0.991446 -0.130518
    outer loop
      vertex 6 58.2385 26.5617
      vertex 9 58 24.75
      vertex 6 58 24.75
    endloop
  endfacet
  facet normal 0 0.793325 -0.608798
    outer loop
      vertex 9 58.9378 28.25
      vertex 6 60.0503 29.6997
      vertex 9 60.0503 29.6997
    endloop
  endfacet
  facet normal 0 0.793325 -0.608798
    outer loop
      vertex 6 60.0503 29.6997
      vertex 9 58.9378 28.25
      vertex 6 58.9378 28.25
    endloop
  endfacet
  facet normal 0 0.382676 -0.923883
    outer loop
      vertex 6 61.5 30.8122
      vertex 9 63.1883 31.5115
      vertex 9 61.5 30.8122
    endloop
  endfacet
  facet normal 0 0.382676 -0.923883
    outer loop
      vertex 9 63.1883 31.5115
      vertex 6 61.5 30.8122
      vertex 6 63.1883 31.5115
    endloop
  endfacet
  facet normal 0 0.130451 -0.991455
    outer loop
      vertex 6 64 31.6183
      vertex 9 63.1883 31.5115
      vertex 6 63.1883 31.5115
    endloop
  endfacet
  facet normal 1.84039e-05 0.130518 -0.991446
    outer loop
      vertex 9 63.1883 31.5115
      vertex 6 64 31.6183
      vertex 9 65 31.75
    endloop
  endfacet
  facet normal 0 0.130572 -0.991439
    outer loop
      vertex 5.2 65 31.75
      vertex 6 64 31.6183
      vertex 5.2 64 31.6183
    endloop
  endfacet
  facet normal 0 0.130572 -0.991439
    outer loop
      vertex 6 64 31.6183
      vertex 5.2 65 31.75
      vertex 9 65 31.75
    endloop
  endfacet
  facet normal 0 0.793325 0.608798
    outer loop
      vertex 9 60.0503 19.8003
      vertex 6 58.9378 21.25
      vertex 9 58.9378 21.25
    endloop
  endfacet
  facet normal 0 0.793325 0.608798
    outer loop
      vertex 6 58.9378 21.25
      vertex 9 60.0503 19.8003
      vertex 6 60.0503 19.8003
    endloop
  endfacet
  facet normal 0 0.923883 0.382676
    outer loop
      vertex 9 58.9378 21.25
      vertex 6 58.2385 22.9383
      vertex 9 58.2385 22.9383
    endloop
  endfacet
  facet normal 0 0.923883 0.382676
    outer loop
      vertex 6 58.2385 22.9383
      vertex 9 58.9378 21.25
      vertex 6 58.9378 21.25
    endloop
  endfacet
  facet normal 0 -0.130507 0.991447
    outer loop
      vertex 206 66.8117 17.9885
      vertex 203 66.8117 17.9885
      vertex 206 65.6 17.829
    endloop
  endfacet
  facet normal 0 -0.13054 0.991443
    outer loop
      vertex 206 65.6 17.829
      vertex 206.8 65 17.75
      vertex 206.8 65.6 17.829
    endloop
  endfacet
  facet normal -4.43269e-06 -0.130518 0.991446
    outer loop
      vertex 203 65 17.75
      vertex 206 65.6 17.829
      vertex 203 66.8117 17.9885
    endloop
  endfacet
  facet normal 0 -0.13054 0.991443
    outer loop
      vertex 206 65.6 17.829
      vertex 203 65 17.75
      vertex 206.8 65 17.75
    endloop
  endfacet
  facet normal 0 -0.13054 -0.991443
    outer loop
      vertex 206.8 65 31.75
      vertex 206 65.6 31.671
      vertex 206.8 65.6 31.671
    endloop
  endfacet
  facet normal 0 -0.13054 -0.991443
    outer loop
      vertex 203 65 31.75
      vertex 206 65.6 31.671
      vertex 206.8 65 31.75
    endloop
  endfacet
  facet normal -4.43269e-06 -0.130518 -0.991446
    outer loop
      vertex 203 66.8117 31.5115
      vertex 206 65.6 31.671
      vertex 203 65 31.75
    endloop
  endfacet
  facet normal 0 -0.130507 -0.991447
    outer loop
      vertex 206 65.6 31.671
      vertex 203 66.8117 31.5115
      vertex 206 66.8117 31.5115
    endloop
  endfacet
  facet normal 0 0.991446 0.130518
    outer loop
      vertex 206 58.2385 22.9383
      vertex 203 58 24.75
      vertex 206 58 24.75
    endloop
  endfacet
  facet normal 0 0.991446 0.130518
    outer loop
      vertex 203 58 24.75
      vertex 206 58.2385 22.9383
      vertex 203 58.2385 22.9383
    endloop
  endfacet
  facet normal 0 -0.382676 0.923883
    outer loop
      vertex 203 68.5 18.6878
      vertex 206 66.8117 17.9885
      vertex 206 68.5 18.6878
    endloop
  endfacet
  facet normal 0 -0.382676 0.923883
    outer loop
      vertex 206 66.8117 17.9885
      vertex 203 68.5 18.6878
      vertex 203 66.8117 17.9885
    endloop
  endfacet
  facet normal 0 -0.793325 -0.608798
    outer loop
      vertex 203 71.0622 28.25
      vertex 206 69.9497 29.6997
      vertex 203 69.9497 29.6997
    endloop
  endfacet
  facet normal 0 -0.793325 -0.608798
    outer loop
      vertex 206 69.9497 29.6997
      vertex 203 71.0622 28.25
      vertex 206 71.0622 28.25
    endloop
  endfacet
  facet normal 0 -0.608798 -0.793325
    outer loop
      vertex 203 68.5 30.8122
      vertex 206 69.9497 29.6997
      vertex 206 68.5 30.8122
    endloop
  endfacet
  facet normal -0 -0.608798 -0.793325
    outer loop
      vertex 206 69.9497 29.6997
      vertex 203 68.5 30.8122
      vertex 203 69.9497 29.6997
    endloop
  endfacet
  facet normal 0 -0.923883 -0.382676
    outer loop
      vertex 203 71.7615 26.5617
      vertex 206 71.0622 28.25
      vertex 203 71.0622 28.25
    endloop
  endfacet
  facet normal 0 -0.923883 -0.382676
    outer loop
      vertex 206 71.0622 28.25
      vertex 203 71.7615 26.5617
      vertex 206 71.7615 26.5617
    endloop
  endfacet
  facet normal 0 -0.608798 0.793325
    outer loop
      vertex 203 69.9497 19.8003
      vertex 206 68.5 18.6878
      vertex 206 69.9497 19.8003
    endloop
  endfacet
  facet normal 0 -0.608798 0.793325
    outer loop
      vertex 206 68.5 18.6878
      vertex 203 69.9497 19.8003
      vertex 203 68.5 18.6878
    endloop
  endfacet
  facet normal 0 -0.991446 0.130518
    outer loop
      vertex 203 71.7615 22.9383
      vertex 206 72 24.75
      vertex 203 72 24.75
    endloop
  endfacet
  facet normal 0 -0.991446 0.130518
    outer loop
      vertex 206 72 24.75
      vertex 203 71.7615 22.9383
      vertex 206 71.7615 22.9383
    endloop
  endfacet
  facet normal 0 -0.793325 0.608798
    outer loop
      vertex 203 69.9497 19.8003
      vertex 206 71.0622 21.25
      vertex 203 71.0622 21.25
    endloop
  endfacet
  facet normal 0 -0.793325 0.608798
    outer loop
      vertex 206 71.0622 21.25
      vertex 203 69.9497 19.8003
      vertex 206 69.9497 19.8003
    endloop
  endfacet
  facet normal 0 -0.382676 -0.923883
    outer loop
      vertex 203 66.8117 31.5115
      vertex 206 68.5 30.8122
      vertex 206 66.8117 31.5115
    endloop
  endfacet
  facet normal -0 -0.382676 -0.923883
    outer loop
      vertex 206 68.5 30.8122
      vertex 203 66.8117 31.5115
      vertex 203 68.5 30.8122
    endloop
  endfacet
  facet normal 0 -0.991446 -0.130518
    outer loop
      vertex 203 72 24.75
      vertex 206 71.7615 26.5617
      vertex 203 71.7615 26.5617
    endloop
  endfacet
  facet normal 0 -0.991446 -0.130518
    outer loop
      vertex 206 71.7615 26.5617
      vertex 203 72 24.75
      vertex 206 72 24.75
    endloop
  endfacet
  facet normal 0 0.608798 -0.793325
    outer loop
      vertex 203 60.0503 29.6997
      vertex 206 61.5 30.8122
      vertex 206 60.0503 29.6997
    endloop
  endfacet
  facet normal 0 0.608798 -0.793325
    outer loop
      vertex 206 61.5 30.8122
      vertex 203 60.0503 29.6997
      vertex 203 61.5 30.8122
    endloop
  endfacet
  facet normal -0 0.608798 0.793325
    outer loop
      vertex 203 61.5 18.6878
      vertex 206 60.0503 19.8003
      vertex 206 61.5 18.6878
    endloop
  endfacet
  facet normal 0 0.608798 0.793325
    outer loop
      vertex 206 60.0503 19.8003
      vertex 203 61.5 18.6878
      vertex 203 60.0503 19.8003
    endloop
  endfacet
  facet normal -0 0.382676 0.923883
    outer loop
      vertex 203 63.1883 17.9885
      vertex 206 61.5 18.6878
      vertex 206 63.1883 17.9885
    endloop
  endfacet
  facet normal 0 0.382676 0.923883
    outer loop
      vertex 206 61.5 18.6878
      vertex 203 63.1883 17.9885
      vertex 203 61.5 18.6878
    endloop
  endfacet
  facet normal 0 -0.923883 0.382676
    outer loop
      vertex 203 71.0622 21.25
      vertex 206 71.7615 22.9383
      vertex 203 71.7615 22.9383
    endloop
  endfacet
  facet normal 0 -0.923883 0.382676
    outer loop
      vertex 206 71.7615 22.9383
      vertex 203 71.0622 21.25
      vertex 206 71.0622 21.25
    endloop
  endfacet
  facet normal 0 0.923883 -0.382676
    outer loop
      vertex 206 58.2385 26.5617
      vertex 203 58.9378 28.25
      vertex 206 58.9378 28.25
    endloop
  endfacet
  facet normal 0 0.923883 -0.382676
    outer loop
      vertex 203 58.9378 28.25
      vertex 206 58.2385 26.5617
      vertex 203 58.2385 26.5617
    endloop
  endfacet
  facet normal 0 0.130572 0.991439
    outer loop
      vertex 206.8 65 17.75
      vertex 206 64 17.8817
      vertex 206.8 64 17.8817
    endloop
  endfacet
  facet normal -0 0.130572 0.991439
    outer loop
      vertex 203 65 17.75
      vertex 206 64 17.8817
      vertex 206.8 65 17.75
    endloop
  endfacet
  facet normal -1.84039e-05 0.130518 0.991446
    outer loop
      vertex 203 63.1883 17.9885
      vertex 206 64 17.8817
      vertex 203 65 17.75
    endloop
  endfacet
  facet normal 0 0.130451 0.991455
    outer loop
      vertex 206 64 17.8817
      vertex 203 63.1883 17.9885
      vertex 206 63.1883 17.9885
    endloop
  endfacet
  facet normal 0 0.991446 -0.130518
    outer loop
      vertex 206 58 24.75
      vertex 203 58.2385 26.5617
      vertex 206 58.2385 26.5617
    endloop
  endfacet
  facet normal 0 0.991446 -0.130518
    outer loop
      vertex 203 58.2385 26.5617
      vertex 206 58 24.75
      vertex 203 58 24.75
    endloop
  endfacet
  facet normal 0 0.793325 -0.608798
    outer loop
      vertex 206 58.9378 28.25
      vertex 203 60.0503 29.6997
      vertex 206 60.0503 29.6997
    endloop
  endfacet
  facet normal 0 0.793325 -0.608798
    outer loop
      vertex 203 60.0503 29.6997
      vertex 206 58.9378 28.25
      vertex 203 58.9378 28.25
    endloop
  endfacet
  facet normal 0 0.382676 -0.923883
    outer loop
      vertex 203 61.5 30.8122
      vertex 206 63.1883 31.5115
      vertex 206 61.5 30.8122
    endloop
  endfacet
  facet normal 0 0.382676 -0.923883
    outer loop
      vertex 206 63.1883 31.5115
      vertex 203 61.5 30.8122
      vertex 203 63.1883 31.5115
    endloop
  endfacet
  facet normal 0 0.130451 -0.991455
    outer loop
      vertex 206 63.1883 31.5115
      vertex 203 63.1883 31.5115
      vertex 206 64 31.6183
    endloop
  endfacet
  facet normal 0 0.130572 -0.991439
    outer loop
      vertex 206 64 31.6183
      vertex 206.8 65 31.75
      vertex 206.8 64 31.6183
    endloop
  endfacet
  facet normal -1.84039e-05 0.130518 -0.991446
    outer loop
      vertex 203 65 31.75
      vertex 206 64 31.6183
      vertex 203 63.1883 31.5115
    endloop
  endfacet
  facet normal 0 0.130572 -0.991439
    outer loop
      vertex 206 64 31.6183
      vertex 203 65 31.75
      vertex 206.8 65 31.75
    endloop
  endfacet
  facet normal 0 0.793325 0.608798
    outer loop
      vertex 206 60.0503 19.8003
      vertex 203 58.9378 21.25
      vertex 206 58.9378 21.25
    endloop
  endfacet
  facet normal 0 0.793325 0.608798
    outer loop
      vertex 203 58.9378 21.25
      vertex 206 60.0503 19.8003
      vertex 203 60.0503 19.8003
    endloop
  endfacet
  facet normal 0 0.923883 0.382676
    outer loop
      vertex 206 58.9378 21.25
      vertex 203 58.2385 22.9383
      vertex 206 58.2385 22.9383
    endloop
  endfacet
  facet normal 0 0.923883 0.382676
    outer loop
      vertex 203 58.2385 22.9383
      vertex 206 58.9378 21.25
      vertex 203 58.9378 21.25
    endloop
  endfacet
endsolid OpenSCAD_Model
