solid OpenSCAD_Model
  facet normal -1 0 0
    outer loop
      vertex 0 109.4 2
      vertex 0 112 3
      vertex 0 112 0
    endloop
  endfacet
  facet normal -1 0 0
    outer loop
      vertex 0 109.4 55
      vertex 0 109.6 3
      vertex 0 109.4 2
    endloop
  endfacet
  facet normal -1 -0 0
    outer loop
      vertex 0 112 3
      vertex 0 109.4 2
      vertex 0 109.6 3
    endloop
  endfacet
  facet normal -1 0 0
    outer loop
      vertex 0 112 0
      vertex 0 108.8 2
      vertex 0 109.4 2
    endloop
  endfacet
  facet normal -1 0 0
    outer loop
      vertex 0 108.8 2
      vertex 0 104 3
      vertex 0 108.8 55
    endloop
  endfacet
  facet normal -1 0 0
    outer loop
      vertex 0 112 0
      vertex 0 104 3
      vertex 0 108.8 2
    endloop
  endfacet
  facet normal -1 0 0
    outer loop
      vertex 0 112 0
      vertex 0 102.4 3
      vertex 0 104 3
    endloop
  endfacet
  facet normal -1 0 0
    outer loop
      vertex 0 102.4 3
      vertex 0 102 26
      vertex 0 102.4 55
    endloop
  endfacet
  facet normal -1 0 0
    outer loop
      vertex 0 102.4 3
      vertex 0 101.932 25.4824
      vertex 0 102 26
    endloop
  endfacet
  facet normal -1 0 0
    outer loop
      vertex 0 102.4 3
      vertex 0 101.732 25
      vertex 0 101.932 25.4824
    endloop
  endfacet
  facet normal -1 0 0
    outer loop
      vertex 0 102.4 3
      vertex 0 101.414 24.5858
      vertex 0 101.732 25
    endloop
  endfacet
  facet normal -1 0 0
    outer loop
      vertex 0 102.4 3
      vertex 0 101 24.2679
      vertex 0 101.414 24.5858
    endloop
  endfacet
  facet normal -1 0 0
    outer loop
      vertex 0 102.4 3
      vertex 0 100.518 24.0681
      vertex 0 101 24.2679
    endloop
  endfacet
  facet normal -1 0 0
    outer loop
      vertex 0 102.4 3
      vertex 0 100 24
      vertex 0 100.518 24.0681
    endloop
  endfacet
  facet normal -1 0 0
    outer loop
      vertex 0 96 3
      vertex 0 100 24
      vertex 0 102.4 3
    endloop
  endfacet
  facet normal -1 -0 0
    outer loop
      vertex 0 100 24
      vertex 0 96 3
      vertex 0 99.4824 24.0681
    endloop
  endfacet
  facet normal -1 -0 0
    outer loop
      vertex 0 99.4824 24.0681
      vertex 0 96 3
      vertex 0 99 24.2679
    endloop
  endfacet
  facet normal -1 -0 0
    outer loop
      vertex 0 99 24.2679
      vertex 0 96 3
      vertex 0 98.5858 24.5858
    endloop
  endfacet
  facet normal -1 -0 0
    outer loop
      vertex 0 98.5858 24.5858
      vertex 0 96 3
      vertex 0 98.268 25
    endloop
  endfacet
  facet normal -1 -0 0
    outer loop
      vertex 0 98.0681 25.4824
      vertex 0 96 3
      vertex 0 98 26
    endloop
  endfacet
  facet normal -1 -0 0
    outer loop
      vertex 0 98.268 25
      vertex 0 96 3
      vertex 0 98.0681 25.4824
    endloop
  endfacet
  facet normal -1 0 0
    outer loop
      vertex 0 112 0
      vertex 0 96 3
      vertex 0 102.4 3
    endloop
  endfacet
  facet normal -1 0 0
    outer loop
      vertex 0 112 0
      vertex 0 70 3
      vertex 0 96 3
    endloop
  endfacet
  facet normal -1 0 0
    outer loop
      vertex 0 70 3
      vertex 0 64 3
      vertex 0 70 43
    endloop
  endfacet
  facet normal -1 0 0
    outer loop
      vertex 0 112 0
      vertex 0 64 3
      vertex 0 70 3
    endloop
  endfacet
  facet normal -1 0 0
    outer loop
      vertex 0 112 0
      vertex 0 62.4 3
      vertex 0 64 3
    endloop
  endfacet
  facet normal -1 0 0
    outer loop
      vertex 0 62.4 3
      vertex 0 56 3
      vertex 0 62.4 55
    endloop
  endfacet
  facet normal -1 0 0
    outer loop
      vertex 0 112 0
      vertex 0 56 3
      vertex 0 62.4 3
    endloop
  endfacet
  facet normal -1 0 0
    outer loop
      vertex 0 112 0
      vertex 0 54.4 3
      vertex 0 56 3
    endloop
  endfacet
  facet normal -1 0 0
    outer loop
      vertex 0 54.4 3
      vertex 0 48 3
      vertex 0 54.4 55
    endloop
  endfacet
  facet normal -1 0 0
    outer loop
      vertex 0 0 0
      vertex 0 54.4 3
      vertex 0 112 0
    endloop
  endfacet
  facet normal -1 -0 0
    outer loop
      vertex 0 54.4 3
      vertex 0 0 0
      vertex 0 48 3
    endloop
  endfacet
  facet normal -1 0 0
    outer loop
      vertex 0 46.4 3
      vertex 0 40 3
      vertex 0 46.4 55
    endloop
  endfacet
  facet normal -1 -0 0
    outer loop
      vertex 0 48 3
      vertex 0 0 0
      vertex 0 46.4 3
    endloop
  endfacet
  facet normal -1 -0 0
    outer loop
      vertex 0 46.4 3
      vertex 0 0 0
      vertex 0 40 3
    endloop
  endfacet
  facet normal -1 0 0
    outer loop
      vertex 0 38.4 3
      vertex 0 32 3
      vertex 0 38.4 55
    endloop
  endfacet
  facet normal -1 -0 0
    outer loop
      vertex 0 40 3
      vertex 0 0 0
      vertex 0 38.4 3
    endloop
  endfacet
  facet normal -1 -0 0
    outer loop
      vertex 0 38.4 3
      vertex 0 0 0
      vertex 0 32 3
    endloop
  endfacet
  facet normal -1 0 0
    outer loop
      vertex 0 30.4 3
      vertex 0 30 24
      vertex 0 30.4 24.0527
    endloop
  endfacet
  facet normal -1 0 0
    outer loop
      vertex 0 30.4 3
      vertex 0 29.4824 24.0681
      vertex 0 30 24
    endloop
  endfacet
  facet normal -1 0 0
    outer loop
      vertex 0 24 3
      vertex 0 29.4824 24.0681
      vertex 0 30.4 3
    endloop
  endfacet
  facet normal -1 -0 0
    outer loop
      vertex 0 29.4824 24.0681
      vertex 0 24 3
      vertex 0 29 24.2679
    endloop
  endfacet
  facet normal -1 -0 0
    outer loop
      vertex 0 29 24.2679
      vertex 0 24 3
      vertex 0 28.5858 24.5858
    endloop
  endfacet
  facet normal -1 -0 0
    outer loop
      vertex 0 28.5858 24.5858
      vertex 0 24 3
      vertex 0 28.2679 25
    endloop
  endfacet
  facet normal -1 -0 0
    outer loop
      vertex 0 28.2679 25
      vertex 0 24 3
      vertex 0 28.0681 25.4824
    endloop
  endfacet
  facet normal -1 -0 0
    outer loop
      vertex 0 28.0681 25.4824
      vertex 0 24 3
      vertex 0 28 26
    endloop
  endfacet
  facet normal -1 -0 0
    outer loop
      vertex 0 32 3
      vertex 0 0 0
      vertex 0 30.4 3
    endloop
  endfacet
  facet normal -1 -0 0
    outer loop
      vertex 0 30.4 3
      vertex 0 0 0
      vertex 0 24 3
    endloop
  endfacet
  facet normal -1 0 0
    outer loop
      vertex 0 22.4 3
      vertex 0 22 55
      vertex 0 22.4 55
    endloop
  endfacet
  facet normal -1 0 0
    outer loop
      vertex 0 22.4 3
      vertex 0 16 3
      vertex 0 22 55
    endloop
  endfacet
  facet normal -1 -0 0
    outer loop
      vertex 0 24 3
      vertex 0 0 0
      vertex 0 22.4 3
    endloop
  endfacet
  facet normal -1 -0 0
    outer loop
      vertex 0 22.4 3
      vertex 0 0 0
      vertex 0 16 3
    endloop
  endfacet
  facet normal -1 0 0
    outer loop
      vertex 0 14.4 3
      vertex 0 8 3
      vertex 0 14.4 55
    endloop
  endfacet
  facet normal -1 -0 0
    outer loop
      vertex 0 16 3
      vertex 0 0 0
      vertex 0 14.4 3
    endloop
  endfacet
  facet normal -1 -0 0
    outer loop
      vertex 0 14.4 3
      vertex 0 0 0
      vertex 0 8 3
    endloop
  endfacet
  facet normal -1 0 0
    outer loop
      vertex 0 6.4 3
      vertex 0 2.4 3
      vertex 0 6.4 55
    endloop
  endfacet
  facet normal -1 -0 0
    outer loop
      vertex 0 8 3
      vertex 0 0 0
      vertex 0 6.4 3
    endloop
  endfacet
  facet normal -1 -0 0
    outer loop
      vertex 0 6.4 3
      vertex 0 0 0
      vertex 0 2.4 3
    endloop
  endfacet
  facet normal -1 -0 0
    outer loop
      vertex 0 2.4 3
      vertex 0 0 0
      vertex 0 0 3
    endloop
  endfacet
  facet normal -1 0 0
    outer loop
      vertex 0 109.6 3
      vertex 0 109.4 55
      vertex 0 109.6 55
    endloop
  endfacet
  facet normal -1 -0 0
    outer loop
      vertex 0 108.8 55
      vertex 0 104 3
      vertex 0 104 55
    endloop
  endfacet
  facet normal -1 0 0
    outer loop
      vertex 0 101.932 26.5176
      vertex 0 102.4 55
      vertex 0 102 26
    endloop
  endfacet
  facet normal -1 0 0
    outer loop
      vertex 0 101.732 27
      vertex 0 102.4 55
      vertex 0 101.932 26.5176
    endloop
  endfacet
  facet normal -1 0 0
    outer loop
      vertex 0 101.414 27.4142
      vertex 0 102.4 55
      vertex 0 101.732 27
    endloop
  endfacet
  facet normal -1 0 0
    outer loop
      vertex 0 96 43
      vertex 0 101.414 27.4142
      vertex 0 101 27.732
    endloop
  endfacet
  facet normal -1 0 0
    outer loop
      vertex 0 96 43
      vertex 0 101 27.732
      vertex 0 100.518 27.9319
    endloop
  endfacet
  facet normal -1 0 0
    outer loop
      vertex 0 96 43
      vertex 0 100.518 27.9319
      vertex 0 100 28
    endloop
  endfacet
  facet normal -1 0 0
    outer loop
      vertex 0 96 43
      vertex 0 100 28
      vertex 0 99.4824 27.9319
    endloop
  endfacet
  facet normal -1 0 0
    outer loop
      vertex 0 96 43
      vertex 0 99.4824 27.9319
      vertex 0 99 27.732
    endloop
  endfacet
  facet normal -1 0 0
    outer loop
      vertex 0 96 43
      vertex 0 99 27.732
      vertex 0 98.5858 27.4142
    endloop
  endfacet
  facet normal -1 0 0
    outer loop
      vertex 0 96 43
      vertex 0 98.5858 27.4142
      vertex 0 98.268 27
    endloop
  endfacet
  facet normal -1 0 0
    outer loop
      vertex 0 96 43
      vertex 0 98.268 27
      vertex 0 98.0681 26.5176
    endloop
  endfacet
  facet normal -1 0 0
    outer loop
      vertex 0 96 43
      vertex 0 98 26
      vertex 0 96 3
    endloop
  endfacet
  facet normal -1 0 0
    outer loop
      vertex 0 96 43
      vertex 0 98.0681 26.5176
      vertex 0 98 26
    endloop
  endfacet
  facet normal -1 0 0
    outer loop
      vertex 0 101.414 27.4142
      vertex 0 96 43
      vertex 0 102.4 55
    endloop
  endfacet
  facet normal -1 -0 0
    outer loop
      vertex 0 102.4 55
      vertex 0 96 43
      vertex 0 96 55
    endloop
  endfacet
  facet normal -1 0 0
    outer loop
      vertex 0 70 43
      vertex 0 70.4 55
      vertex 0 70.4 43
    endloop
  endfacet
  facet normal -1 0 0
    outer loop
      vertex 0 64 55
      vertex 0 70 43
      vertex 0 64 3
    endloop
  endfacet
  facet normal -1 0 0
    outer loop
      vertex 0 70 43
      vertex 0 64 55
      vertex 0 70.4 55
    endloop
  endfacet
  facet normal -1 -0 0
    outer loop
      vertex 0 62.4 55
      vertex 0 56 3
      vertex 0 56 55
    endloop
  endfacet
  facet normal -1 -0 0
    outer loop
      vertex 0 54.4 55
      vertex 0 48 3
      vertex 0 48 55
    endloop
  endfacet
  facet normal -1 -0 0
    outer loop
      vertex 0 46.4 55
      vertex 0 40 3
      vertex 0 40 55
    endloop
  endfacet
  facet normal -1 -0 0
    outer loop
      vertex 0 38.4 55
      vertex 0 32 3
      vertex 0 32 55
    endloop
  endfacet
  facet normal -1 0 0
    outer loop
      vertex 0 30 28
      vertex 0 30.4 55
      vertex 0 30.4 27.9473
    endloop
  endfacet
  facet normal -1 0 0
    outer loop
      vertex 0 29.4824 27.9319
      vertex 0 30.4 55
      vertex 0 30 28
    endloop
  endfacet
  facet normal -1 0 0
    outer loop
      vertex 0 24 55
      vertex 0 29.4824 27.9319
      vertex 0 29 27.732
    endloop
  endfacet
  facet normal -1 0 0
    outer loop
      vertex 0 24 55
      vertex 0 29 27.732
      vertex 0 28.5858 27.4142
    endloop
  endfacet
  facet normal -1 0 0
    outer loop
      vertex 0 24 55
      vertex 0 28.5858 27.4142
      vertex 0 28.2679 27
    endloop
  endfacet
  facet normal -1 0 0
    outer loop
      vertex 0 24 55
      vertex 0 28.2679 27
      vertex 0 28.0681 26.5176
    endloop
  endfacet
  facet normal -1 0 0
    outer loop
      vertex 0 24 55
      vertex 0 28.0681 26.5176
      vertex 0 28 26
    endloop
  endfacet
  facet normal -1 0 0
    outer loop
      vertex 0 24 55
      vertex 0 28 26
      vertex 0 24 3
    endloop
  endfacet
  facet normal -1 0 0
    outer loop
      vertex 0 29.4824 27.9319
      vertex 0 24 55
      vertex 0 30.4 55
    endloop
  endfacet
  facet normal -1 -0 0
    outer loop
      vertex 0 22 55
      vertex 0 16 3
      vertex 0 16 55
    endloop
  endfacet
  facet normal -1 -0 0
    outer loop
      vertex 0 14.4 55
      vertex 0 8 3
      vertex 0 8 55
    endloop
  endfacet
  facet normal -1 -0 0
    outer loop
      vertex 0 6.4 55
      vertex 0 2.4 3
      vertex 0 2.4 55
    endloop
  endfacet
  facet normal -1 0 0
    outer loop
      vertex 0 94.4 43
      vertex 0 92 55
      vertex 0 94.4 55
    endloop
  endfacet
  facet normal -1 0 0
    outer loop
      vertex 0 88 43
      vertex 0 92 55
      vertex 0 94.4 43
    endloop
  endfacet
  facet normal -1 -0 0
    outer loop
      vertex 0 92 55
      vertex 0 88 43
      vertex 0 88 55
    endloop
  endfacet
  facet normal -1 0 0
    outer loop
      vertex 0 80 43
      vertex 0 86.4 55
      vertex 0 86.4 43
    endloop
  endfacet
  facet normal -1 -0 0
    outer loop
      vertex 0 86.4 55
      vertex 0 80 43
      vertex 0 80 55
    endloop
  endfacet
  facet normal -1 0 0
    outer loop
      vertex 0 72 43
      vertex 0 78.4 55
      vertex 0 78.4 43
    endloop
  endfacet
  facet normal -1 -0 0
    outer loop
      vertex 0 78.4 55
      vertex 0 72 43
      vertex 0 72 55
    endloop
  endfacet
  facet normal 0 0 1
    outer loop
      vertex 3 8 55
      vertex 2.6 8 55
      vertex 3 3 55
    endloop
  endfacet
  facet normal -0 0 1
    outer loop
      vertex 3 3 55
      vertex 6.40001 2.6 55
      vertex 6.40001 3 55
    endloop
  endfacet
  facet normal 0 0 1
    outer loop
      vertex 6.40001 2.6 55
      vertex 3 3 55
      vertex 3.2 0.599991 55
    endloop
  endfacet
  facet normal 0 0 1
    outer loop
      vertex 3 3 55
      vertex 2.6 0.599991 55
      vertex 3.2 0.599991 55
    endloop
  endfacet
  facet normal -0 0 1
    outer loop
      vertex 0 6.4 55
      vertex 3 3 55
      vertex 2.6 8 55
    endloop
  endfacet
  facet normal -0 0 1
    outer loop
      vertex 94.9489 21.6118 55
      vertex 95 17.6 55
      vertex 95 22 55
    endloop
  endfacet
  facet normal -0 0 1
    outer loop
      vertex 94.799 21.25 55
      vertex 95 17.6 55
      vertex 94.9489 21.6118 55
    endloop
  endfacet
  facet normal -0 0 1
    outer loop
      vertex 94.5607 20.9393 55
      vertex 95 17.6 55
      vertex 94.799 21.25 55
    endloop
  endfacet
  facet normal -0 0 1
    outer loop
      vertex 94.25 20.701 55
      vertex 95 17.6 55
      vertex 94.5607 20.9393 55
    endloop
  endfacet
  facet normal -0 0 1
    outer loop
      vertex 93.8882 20.5511 55
      vertex 95 17.6 55
      vertex 94.25 20.701 55
    endloop
  endfacet
  facet normal 0 0 1
    outer loop
      vertex 95 16 55
      vertex 92.4 15.4 55
      vertex 95 9.6 55
    endloop
  endfacet
  facet normal -0 0 1
    outer loop
      vertex 92 15.4 55
      vertex 95 9.6 55
      vertex 92.4 15.4 55
    endloop
  endfacet
  facet normal 0 0 1
    outer loop
      vertex 95 9.6 55
      vertex 92.4 8 55
      vertex 95 8 55
    endloop
  endfacet
  facet normal 0 0 1
    outer loop
      vertex 92.4 7.40001 55
      vertex 95 8 55
      vertex 92.4 8 55
    endloop
  endfacet
  facet normal -0 0 1
    outer loop
      vertex 93.5 20.5 55
      vertex 95 17.6 55
      vertex 93.8882 20.5511 55
    endloop
  endfacet
  facet normal -0 0 1
    outer loop
      vertex 95 17.6 55
      vertex 95.8 16 55
      vertex 95.8 17.6 55
    endloop
  endfacet
  facet normal 0 0 1
    outer loop
      vertex 95.8 16 55
      vertex 95 17.6 55
      vertex 95 16 55
    endloop
  endfacet
  facet normal -0 0 1
    outer loop
      vertex 95 9.6 55
      vertex 95.8 8 55
      vertex 95.8 9.6 55
    endloop
  endfacet
  facet normal 0 0 1
    outer loop
      vertex 95.8 8 55
      vertex 95 9.6 55
      vertex 95 8 55
    endloop
  endfacet
  facet normal 0 0 1
    outer loop
      vertex 95 2.6 55
      vertex 94.4 2.6 55
      vertex 95 2.4 55
    endloop
  endfacet
  facet normal -0 0 1
    outer loop
      vertex 95 2.4 55
      vertex 95.8 -0.799999 55
      vertex 95.8 2.4 55
    endloop
  endfacet
  facet normal 0 0 1
    outer loop
      vertex 92.6 0 55
      vertex 95 2.4 55
      vertex 94.4 2.6 55
    endloop
  endfacet
  facet normal 0 0 1
    outer loop
      vertex 93.1118 20.5511 55
      vertex 95 17.6 55
      vertex 93.5 20.5 55
    endloop
  endfacet
  facet normal 0 0 1
    outer loop
      vertex 95 17.6 55
      vertex 92.4 16 55
      vertex 95 16 55
    endloop
  endfacet
  facet normal 0 0 1
    outer loop
      vertex 95 17.6 55
      vertex 93.1118 20.5511 55
      vertex 92.4 16 55
    endloop
  endfacet
  facet normal 0 0 1
    outer loop
      vertex 92.4 16 55
      vertex 93.1118 20.5511 55
      vertex 92.75 20.701 55
    endloop
  endfacet
  facet normal 0 -0 1
    outer loop
      vertex 94.4 3.2 55
      vertex 95 8 55
      vertex 92.4 7.40001 55
    endloop
  endfacet
  facet normal 0 0 1
    outer loop
      vertex 95 2.4 55
      vertex 92.6 0 55
      vertex 95.8 -0.799999 55
    endloop
  endfacet
  facet normal 0 0 1
    outer loop
      vertex 95.8 -0.799999 55
      vertex 92.6 0 55
      vertex 92.6 -0.799999 55
    endloop
  endfacet
  facet normal 0 0 1
    outer loop
      vertex 14.4 3 55
      vertex 9.6 0 55
      vertex 14.4 2.6 55
    endloop
  endfacet
  facet normal 0 0 1
    outer loop
      vertex 9.6 0 55
      vertex 8 0 55
      vertex 9.6 -0.799999 55
    endloop
  endfacet
  facet normal -0 0 1
    outer loop
      vertex 7 3 55
      vertex 9.6 0 55
      vertex 14.4 3 55
    endloop
  endfacet
  facet normal 0 0 1
    outer loop
      vertex 9.6 0 55
      vertex 7 3 55
      vertex 7 2.6 55
    endloop
  endfacet
  facet normal 0 0 1
    outer loop
      vertex 9.6 0 55
      vertex 7 2.6 55
      vertex 8 0 55
    endloop
  endfacet
  facet normal -0 0 1
    outer loop
      vertex 6.40001 2.6 55
      vertex 8 0 55
      vertex 7 2.6 55
    endloop
  endfacet
  facet normal -0 0 1
    outer loop
      vertex 3.2 0.599991 55
      vertex 8 0 55
      vertex 6.40001 2.6 55
    endloop
  endfacet
  facet normal 0 0 1
    outer loop
      vertex 8 0 55
      vertex 3.2 0.599991 55
      vertex 3.2 0 55
    endloop
  endfacet
  facet normal 0 0 1
    outer loop
      vertex 22.4 3 55
      vertex 17.6 0 55
      vertex 22.4 2.6 55
    endloop
  endfacet
  facet normal 0 0 1
    outer loop
      vertex 17.6 0 55
      vertex 16 0 55
      vertex 17.6 -0.799999 55
    endloop
  endfacet
  facet normal -0 0 1
    outer loop
      vertex 15 3 55
      vertex 17.6 0 55
      vertex 22.4 3 55
    endloop
  endfacet
  facet normal 0 0 1
    outer loop
      vertex 17.6 0 55
      vertex 15 3 55
      vertex 15 2.6 55
    endloop
  endfacet
  facet normal 0 0 1
    outer loop
      vertex 17.6 0 55
      vertex 15 2.6 55
      vertex 16 0 55
    endloop
  endfacet
  facet normal -0 0 1
    outer loop
      vertex 14.4 2.6 55
      vertex 16 0 55
      vertex 15 2.6 55
    endloop
  endfacet
  facet normal 0 0 1
    outer loop
      vertex 16 0 55
      vertex 14.4 2.6 55
      vertex 9.6 0 55
    endloop
  endfacet
  facet normal 0 0 1
    outer loop
      vertex 30.4 3 55
      vertex 25.6 0 55
      vertex 30.4 2.6 55
    endloop
  endfacet
  facet normal 0 0 1
    outer loop
      vertex 25.6 0 55
      vertex 24 0 55
      vertex 25.6 -0.799999 55
    endloop
  endfacet
  facet normal -0 0 1
    outer loop
      vertex 23 3 55
      vertex 25.6 0 55
      vertex 30.4 3 55
    endloop
  endfacet
  facet normal 0 0 1
    outer loop
      vertex 25.6 0 55
      vertex 23 3 55
      vertex 23 2.6 55
    endloop
  endfacet
  facet normal 0 0 1
    outer loop
      vertex 25.6 0 55
      vertex 23 2.6 55
      vertex 24 0 55
    endloop
  endfacet
  facet normal -0 0 1
    outer loop
      vertex 22.4 2.6 55
      vertex 24 0 55
      vertex 23 2.6 55
    endloop
  endfacet
  facet normal 0 0 1
    outer loop
      vertex 24 0 55
      vertex 22.4 2.6 55
      vertex 17.6 0 55
    endloop
  endfacet
  facet normal 0 0 1
    outer loop
      vertex 38.4 3 55
      vertex 33.6 0 55
      vertex 38.4 2.6 55
    endloop
  endfacet
  facet normal 0 0 1
    outer loop
      vertex 33.6 0 55
      vertex 32 0 55
      vertex 33.6 -0.799999 55
    endloop
  endfacet
  facet normal -0 0 1
    outer loop
      vertex 31 3 55
      vertex 33.6 0 55
      vertex 38.4 3 55
    endloop
  endfacet
  facet normal 0 0 1
    outer loop
      vertex 33.6 0 55
      vertex 31 3 55
      vertex 31 2.6 55
    endloop
  endfacet
  facet normal 0 0 1
    outer loop
      vertex 33.6 0 55
      vertex 31 2.6 55
      vertex 32 0 55
    endloop
  endfacet
  facet normal -0 0 1
    outer loop
      vertex 30.4 2.6 55
      vertex 32 0 55
      vertex 31 2.6 55
    endloop
  endfacet
  facet normal 0 0 1
    outer loop
      vertex 32 0 55
      vertex 30.4 2.6 55
      vertex 25.6 0 55
    endloop
  endfacet
  facet normal 0 0 1
    outer loop
      vertex 46.4 3 55
      vertex 41.6 0 55
      vertex 46.4 2.6 55
    endloop
  endfacet
  facet normal 0 0 1
    outer loop
      vertex 41.6 0 55
      vertex 40 0 55
      vertex 41.6 -0.799999 55
    endloop
  endfacet
  facet normal -0 0 1
    outer loop
      vertex 39 3 55
      vertex 41.6 0 55
      vertex 46.4 3 55
    endloop
  endfacet
  facet normal 0 0 1
    outer loop
      vertex 41.6 0 55
      vertex 39 3 55
      vertex 39 2.6 55
    endloop
  endfacet
  facet normal 0 0 1
    outer loop
      vertex 41.6 0 55
      vertex 39 2.6 55
      vertex 40 0 55
    endloop
  endfacet
  facet normal -0 0 1
    outer loop
      vertex 38.4 2.6 55
      vertex 40 0 55
      vertex 39 2.6 55
    endloop
  endfacet
  facet normal 0 0 1
    outer loop
      vertex 40 0 55
      vertex 38.4 2.6 55
      vertex 33.6 0 55
    endloop
  endfacet
  facet normal 0 0 1
    outer loop
      vertex 54.4 3 55
      vertex 49.6 0 55
      vertex 54.4 2.6 55
    endloop
  endfacet
  facet normal 0 0 1
    outer loop
      vertex 49.6 0 55
      vertex 48 0 55
      vertex 49.6 -0.799999 55
    endloop
  endfacet
  facet normal -0 0 1
    outer loop
      vertex 47 3 55
      vertex 49.6 0 55
      vertex 54.4 3 55
    endloop
  endfacet
  facet normal 0 0 1
    outer loop
      vertex 49.6 0 55
      vertex 47 3 55
      vertex 47 2.6 55
    endloop
  endfacet
  facet normal 0 0 1
    outer loop
      vertex 49.6 0 55
      vertex 47 2.6 55
      vertex 48 0 55
    endloop
  endfacet
  facet normal -0 0 1
    outer loop
      vertex 46.4 2.6 55
      vertex 48 0 55
      vertex 47 2.6 55
    endloop
  endfacet
  facet normal 0 0 1
    outer loop
      vertex 48 0 55
      vertex 46.4 2.6 55
      vertex 41.6 0 55
    endloop
  endfacet
  facet normal 0 0 1
    outer loop
      vertex 62.4 3 55
      vertex 57.6 0 55
      vertex 62.4 2.6 55
    endloop
  endfacet
  facet normal 0 0 1
    outer loop
      vertex 57.6 0 55
      vertex 56 0 55
      vertex 57.6 -0.799999 55
    endloop
  endfacet
  facet normal -0 0 1
    outer loop
      vertex 55 3 55
      vertex 57.6 0 55
      vertex 62.4 3 55
    endloop
  endfacet
  facet normal 0 0 1
    outer loop
      vertex 57.6 0 55
      vertex 55 3 55
      vertex 55 2.6 55
    endloop
  endfacet
  facet normal 0 0 1
    outer loop
      vertex 57.6 0 55
      vertex 55 2.6 55
      vertex 56 0 55
    endloop
  endfacet
  facet normal -0 0 1
    outer loop
      vertex 54.4 2.6 55
      vertex 56 0 55
      vertex 55 2.6 55
    endloop
  endfacet
  facet normal 0 0 1
    outer loop
      vertex 56 0 55
      vertex 54.4 2.6 55
      vertex 49.6 0 55
    endloop
  endfacet
  facet normal 0 0 1
    outer loop
      vertex 70.4 3 55
      vertex 65.6 0 55
      vertex 70.4 2.6 55
    endloop
  endfacet
  facet normal 0 0 1
    outer loop
      vertex 65.6 0 55
      vertex 64 0 55
      vertex 65.6 -0.799999 55
    endloop
  endfacet
  facet normal -0 0 1
    outer loop
      vertex 63 3 55
      vertex 65.6 0 55
      vertex 70.4 3 55
    endloop
  endfacet
  facet normal 0 0 1
    outer loop
      vertex 65.6 0 55
      vertex 63 3 55
      vertex 63 2.6 55
    endloop
  endfacet
  facet normal 0 0 1
    outer loop
      vertex 65.6 0 55
      vertex 63 2.6 55
      vertex 64 0 55
    endloop
  endfacet
  facet normal -0 0 1
    outer loop
      vertex 62.4 2.6 55
      vertex 64 0 55
      vertex 63 2.6 55
    endloop
  endfacet
  facet normal 0 0 1
    outer loop
      vertex 64 0 55
      vertex 62.4 2.6 55
      vertex 57.6 0 55
    endloop
  endfacet
  facet normal 0 0 1
    outer loop
      vertex 78.4 3 55
      vertex 73.6 0 55
      vertex 78.4 2.6 55
    endloop
  endfacet
  facet normal 0 0 1
    outer loop
      vertex 73.6 0 55
      vertex 72 0 55
      vertex 73.6 -0.799999 55
    endloop
  endfacet
  facet normal -0 0 1
    outer loop
      vertex 71 3 55
      vertex 73.6 0 55
      vertex 78.4 3 55
    endloop
  endfacet
  facet normal 0 0 1
    outer loop
      vertex 73.6 0 55
      vertex 71 3 55
      vertex 71 2.6 55
    endloop
  endfacet
  facet normal 0 0 1
    outer loop
      vertex 73.6 0 55
      vertex 71 2.6 55
      vertex 72 0 55
    endloop
  endfacet
  facet normal -0 0 1
    outer loop
      vertex 70.4 2.6 55
      vertex 72 0 55
      vertex 71 2.6 55
    endloop
  endfacet
  facet normal 0 0 1
    outer loop
      vertex 72 0 55
      vertex 70.4 2.6 55
      vertex 65.6 0 55
    endloop
  endfacet
  facet normal 0 0 1
    outer loop
      vertex 86.4 3 55
      vertex 81.6 0 55
      vertex 86.4 2.6 55
    endloop
  endfacet
  facet normal 0 0 1
    outer loop
      vertex 81.6 0 55
      vertex 80 0 55
      vertex 81.6 -0.799999 55
    endloop
  endfacet
  facet normal -0 0 1
    outer loop
      vertex 79 3 55
      vertex 81.6 0 55
      vertex 86.4 3 55
    endloop
  endfacet
  facet normal 0 0 1
    outer loop
      vertex 81.6 0 55
      vertex 79 3 55
      vertex 79 2.6 55
    endloop
  endfacet
  facet normal 0 0 1
    outer loop
      vertex 81.6 0 55
      vertex 79 2.6 55
      vertex 80 0 55
    endloop
  endfacet
  facet normal -0 0 1
    outer loop
      vertex 78.4 2.6 55
      vertex 80 0 55
      vertex 79 2.6 55
    endloop
  endfacet
  facet normal 0 0 1
    outer loop
      vertex 80 0 55
      vertex 78.4 2.6 55
      vertex 73.6 0 55
    endloop
  endfacet
  facet normal 0 0 1
    outer loop
      vertex 92 8 55
      vertex 95 9.6 55
      vertex 92 15.4 55
    endloop
  endfacet
  facet normal 0 0 1
    outer loop
      vertex 95 9.6 55
      vertex 92 8 55
      vertex 92.4 8 55
    endloop
  endfacet
  facet normal 0 0 1
    outer loop
      vertex 92 16 55
      vertex 92.4393 20.9393 55
      vertex 92.201 21.25 55
    endloop
  endfacet
  facet normal 0 0 1
    outer loop
      vertex 92 16 55
      vertex 92.201 21.25 55
      vertex 92.0511 21.6118 55
    endloop
  endfacet
  facet normal 0 0 1
    outer loop
      vertex 92 16 55
      vertex 92.0511 21.6118 55
      vertex 92 22 55
    endloop
  endfacet
  facet normal 0 0 1
    outer loop
      vertex 92.4393 20.9393 55
      vertex 92 16 55
      vertex 92.4 16 55
    endloop
  endfacet
  facet normal 0 0 1
    outer loop
      vertex 92.4 16 55
      vertex 92.75 20.701 55
      vertex 92.4393 20.9393 55
    endloop
  endfacet
  facet normal 0 0 1
    outer loop
      vertex 95 16 55
      vertex 92.4 16 55
      vertex 92.4 15.4 55
    endloop
  endfacet
  facet normal 0 0 1
    outer loop
      vertex 95 8 55
      vertex 94.4 3.2 55
      vertex 95 3.2 55
    endloop
  endfacet
  facet normal 0 0 1
    outer loop
      vertex 92 3 55
      vertex 94.4 3.2 55
      vertex 92.4 7.40001 55
    endloop
  endfacet
  facet normal 0 0 1
    outer loop
      vertex 94.4 3.2 55
      vertex 92 3 55
      vertex 94.4 2.6 55
    endloop
  endfacet
  facet normal 0 0 1
    outer loop
      vertex 94.4 2.6 55
      vertex 92 3 55
      vertex 92.6 0 55
    endloop
  endfacet
  facet normal 0 0 1
    outer loop
      vertex 92 3 55
      vertex 92.4 7.40001 55
      vertex 92 7.40001 55
    endloop
  endfacet
  facet normal 0 0 1
    outer loop
      vertex 92.6 0 55
      vertex 92 3 55
      vertex 92.4 0 55
    endloop
  endfacet
  facet normal 0 0 1
    outer loop
      vertex 92 3 55
      vertex 91.8 0 55
      vertex 92.4 0 55
    endloop
  endfacet
  facet normal 0 0 1
    outer loop
      vertex 92 3 55
      vertex 89.6 0 55
      vertex 91.8 0 55
    endloop
  endfacet
  facet normal 0 0 1
    outer loop
      vertex 89.6 0 55
      vertex 88 0 55
      vertex 89.6 -0.799999 55
    endloop
  endfacet
  facet normal -0 0 1
    outer loop
      vertex 87 2.6 55
      vertex 89.6 0 55
      vertex 92 3 55
    endloop
  endfacet
  facet normal 0 0 1
    outer loop
      vertex 87 2.6 55
      vertex 92 3 55
      vertex 87 3 55
    endloop
  endfacet
  facet normal 0 0 1
    outer loop
      vertex 89.6 0 55
      vertex 87 2.6 55
      vertex 88 0 55
    endloop
  endfacet
  facet normal -0 0 1
    outer loop
      vertex 86.4 2.6 55
      vertex 88 0 55
      vertex 87 2.6 55
    endloop
  endfacet
  facet normal 0 0 1
    outer loop
      vertex 88 0 55
      vertex 86.4 2.6 55
      vertex 81.6 0 55
    endloop
  endfacet
  facet normal 0 0 1
    outer loop
      vertex 89.6 -0.799999 55
      vertex 88 0 55
      vertex 88 -0.799999 55
    endloop
  endfacet
  facet normal 0 0 1
    outer loop
      vertex 81.6 -0.799999 55
      vertex 80 0 55
      vertex 80 -0.799999 55
    endloop
  endfacet
  facet normal 0 0 1
    outer loop
      vertex 73.6 -0.799999 55
      vertex 72 0 55
      vertex 72 -0.799999 55
    endloop
  endfacet
  facet normal 0 0 1
    outer loop
      vertex 65.6 -0.799999 55
      vertex 64 0 55
      vertex 64 -0.799999 55
    endloop
  endfacet
  facet normal 0 0 1
    outer loop
      vertex 57.6 -0.799999 55
      vertex 56 0 55
      vertex 56 -0.799999 55
    endloop
  endfacet
  facet normal 0 0 1
    outer loop
      vertex 49.6 -0.799999 55
      vertex 48 0 55
      vertex 48 -0.799999 55
    endloop
  endfacet
  facet normal 0 0 1
    outer loop
      vertex 41.6 -0.799999 55
      vertex 40 0 55
      vertex 40 -0.799999 55
    endloop
  endfacet
  facet normal 0 0 1
    outer loop
      vertex 33.6 -0.799999 55
      vertex 32 0 55
      vertex 32 -0.799999 55
    endloop
  endfacet
  facet normal 0 0 1
    outer loop
      vertex 25.6 -0.799999 55
      vertex 24 0 55
      vertex 24 -0.799999 55
    endloop
  endfacet
  facet normal 0 0 1
    outer loop
      vertex 17.6 -0.799999 55
      vertex 16 0 55
      vertex 16 -0.799999 55
    endloop
  endfacet
  facet normal 0 0 1
    outer loop
      vertex 9.6 -0.799999 55
      vertex 8 0 55
      vertex 8 -0.799999 55
    endloop
  endfacet
  facet normal -0 0 1
    outer loop
      vertex -0.799999 8 55
      vertex 0 6.4 55
      vertex 0 8 55
    endloop
  endfacet
  facet normal 0 0 1
    outer loop
      vertex 0 6.4 55
      vertex -0.799999 8 55
      vertex -0.799999 6.4 55
    endloop
  endfacet
  facet normal -0 0 1
    outer loop
      vertex -0.799999 16 55
      vertex 0 14.4 55
      vertex 0 16 55
    endloop
  endfacet
  facet normal 0 0 1
    outer loop
      vertex 0 14.4 55
      vertex -0.799999 16 55
      vertex -0.799999 14.4 55
    endloop
  endfacet
  facet normal -0 0 1
    outer loop
      vertex 2.94889 21.6118 55
      vertex 3 16.6 55
      vertex 3 22 55
    endloop
  endfacet
  facet normal -0 0 1
    outer loop
      vertex 2.79904 21.25 55
      vertex 3 16.6 55
      vertex 2.94889 21.6118 55
    endloop
  endfacet
  facet normal -0 0 1
    outer loop
      vertex 2.56066 20.9393 55
      vertex 3 16.6 55
      vertex 2.79904 21.25 55
    endloop
  endfacet
  facet normal 0 0 1
    outer loop
      vertex 0 16 55
      vertex 2.6 16 55
      vertex 2.6 16.6 55
    endloop
  endfacet
  facet normal 0 0 1
    outer loop
      vertex 2.6 16 55
      vertex 0 14.4 55
      vertex 2.6 8.59999 55
    endloop
  endfacet
  facet normal 0 0 1
    outer loop
      vertex 0 8 55
      vertex 2.6 8.59999 55
      vertex 0 14.4 55
    endloop
  endfacet
  facet normal 0 0 1
    outer loop
      vertex 0 6.4 55
      vertex 2.6 8 55
      vertex 0 8 55
    endloop
  endfacet
  facet normal -0 0 1
    outer loop
      vertex 2.25 20.701 55
      vertex 3 16.6 55
      vertex 2.56066 20.9393 55
    endloop
  endfacet
  facet normal -0 0 1
    outer loop
      vertex 1.88823 20.5511 55
      vertex 3 16.6 55
      vertex 2.25 20.701 55
    endloop
  endfacet
  facet normal 0 0 1
    outer loop
      vertex 3 3 55
      vertex 0 6.4 55
      vertex 0 2.4 55
    endloop
  endfacet
  facet normal 0 0 1
    outer loop
      vertex 3 16.6 55
      vertex 1.88823 20.5511 55
      vertex 2.6 16.6 55
    endloop
  endfacet
  facet normal 0 0 1
    outer loop
      vertex 3 3 55
      vertex 0 2.4 55
      vertex 2.6 0.599991 55
    endloop
  endfacet
  facet normal -0 0 1
    outer loop
      vertex 1.5 20.5 55
      vertex 2.6 16.6 55
      vertex 1.88823 20.5511 55
    endloop
  endfacet
  facet normal 0 0 1
    outer loop
      vertex 1.11177 20.5511 55
      vertex 2.6 16.6 55
      vertex 1.5 20.5 55
    endloop
  endfacet
  facet normal 0 0 1
    outer loop
      vertex 2.6 16.6 55
      vertex 1.11177 20.5511 55
      vertex 0 16 55
    endloop
  endfacet
  facet normal 0 0 1
    outer loop
      vertex 0 16 55
      vertex 1.11177 20.5511 55
      vertex 0.75 20.701 55
    endloop
  endfacet
  facet normal 0 0 1
    outer loop
      vertex 0 16 55
      vertex 0.75 20.701 55
      vertex 0.43934 20.9393 55
    endloop
  endfacet
  facet normal 0 0 1
    outer loop
      vertex 0 16 55
      vertex 0.43934 20.9393 55
      vertex 0.200961 21.25 55
    endloop
  endfacet
  facet normal 0 0 1
    outer loop
      vertex 2.6 16 55
      vertex 0 16 55
      vertex 0 14.4 55
    endloop
  endfacet
  facet normal 0 0 1
    outer loop
      vertex 0 16 55
      vertex 0.200961 21.25 55
      vertex 0.0511112 21.6118 55
    endloop
  endfacet
  facet normal 0 0 1
    outer loop
      vertex 2.6 8.59999 55
      vertex 0 8 55
      vertex 2.6 8 55
    endloop
  endfacet
  facet normal 0 0 1
    outer loop
      vertex 0 16 55
      vertex 0.0511112 21.6118 55
      vertex 0 22 55
    endloop
  endfacet
  facet normal 0 -0 1
    outer loop
      vertex 2.4 0 55
      vertex 2.6 0.599991 55
      vertex 0 2.4 55
    endloop
  endfacet
  facet normal 0 0 1
    outer loop
      vertex 2.6 0.599991 55
      vertex 2.4 0 55
      vertex 2.6 0 55
    endloop
  endfacet
  facet normal 0 -0 1
    outer loop
      vertex 0.0999994 -0.799999 55
      vertex 2.4 0 55
      vertex 0 2.4 55
    endloop
  endfacet
  facet normal 0 0 1
    outer loop
      vertex 2.4 0 55
      vertex 0.0999994 -0.799999 55
      vertex 2.4 -0.799999 55
    endloop
  endfacet
  facet normal -0 0 1
    outer loop
      vertex -0.799999 2.4 55
      vertex 0.0999994 -0.799999 55
      vertex 0 2.4 55
    endloop
  endfacet
  facet normal 0 0 1
    outer loop
      vertex 0.0999994 -0.799999 55
      vertex -0.799999 2.4 55
      vertex -0.799999 -1.6 55
    endloop
  endfacet
  facet normal 0 0 1
    outer loop
      vertex 0.0999994 -0.799999 55
      vertex -0.799999 -1.6 55
      vertex 0.0999994 -1.6 55
    endloop
  endfacet
  facet normal -0 0 1
    outer loop
      vertex 2.6 16 55
      vertex 3 8.59999 55
      vertex 3 16 55
    endloop
  endfacet
  facet normal 0 0 1
    outer loop
      vertex 3 8.59999 55
      vertex 2.6 16 55
      vertex 2.6 8.59999 55
    endloop
  endfacet
  facet normal 0 0 1
    outer loop
      vertex 7 112.8 55
      vertex 5.4 112.8 55
      vertex 7 112 55
    endloop
  endfacet
  facet normal 0 0 1
    outer loop
      vertex 15 112.8 55
      vertex 13.4 112.8 55
      vertex 15 112 55
    endloop
  endfacet
  facet normal 0 0 1
    outer loop
      vertex 23 112.8 55
      vertex 21.4 112.8 55
      vertex 23 112 55
    endloop
  endfacet
  facet normal 0 0 1
    outer loop
      vertex 31 112.8 55
      vertex 29.4 112.8 55
      vertex 31 112 55
    endloop
  endfacet
  facet normal 0 0 1
    outer loop
      vertex 39 112.8 55
      vertex 37.4 112.8 55
      vertex 39 112 55
    endloop
  endfacet
  facet normal 0 0 1
    outer loop
      vertex 47 112.8 55
      vertex 45.4 112.8 55
      vertex 47 112 55
    endloop
  endfacet
  facet normal 0 0 1
    outer loop
      vertex 55 112.8 55
      vertex 53.4 112.8 55
      vertex 55 112 55
    endloop
  endfacet
  facet normal 0 0 1
    outer loop
      vertex 63 112.8 55
      vertex 61.4 112.8 55
      vertex 63 112 55
    endloop
  endfacet
  facet normal 0 0 1
    outer loop
      vertex 71 112.8 55
      vertex 69.4 112.8 55
      vertex 71 112 55
    endloop
  endfacet
  facet normal 0 0 1
    outer loop
      vertex 79 112.8 55
      vertex 77.4 112.8 55
      vertex 79 112 55
    endloop
  endfacet
  facet normal 0 0 1
    outer loop
      vertex 87 112.8 55
      vertex 85.4 112.8 55
      vertex 87 112 55
    endloop
  endfacet
  facet normal 0 0 1
    outer loop
      vertex 91.8 112 55
      vertex 88.6 109.4 55
      vertex 91.8 111.4 55
    endloop
  endfacet
  facet normal -0 0 1
    outer loop
      vertex 87 112 55
      vertex 88.6 109.4 55
      vertex 91.8 112 55
    endloop
  endfacet
  facet normal 0 0 1
    outer loop
      vertex 88.6 109.4 55
      vertex 87 112 55
      vertex 88 109.4 55
    endloop
  endfacet
  facet normal -0 0 1
    outer loop
      vertex 85.4 112 55
      vertex 88 109.4 55
      vertex 87 112 55
    endloop
  endfacet
  facet normal 0 0 1
    outer loop
      vertex 85.4 112 55
      vertex 87 112 55
      vertex 85.4 112.8 55
    endloop
  endfacet
  facet normal 0 0 1
    outer loop
      vertex 88 109.4 55
      vertex 85.4 112 55
      vertex 88 109 55
    endloop
  endfacet
  facet normal 0 0 1
    outer loop
      vertex 80.6 109 55
      vertex 85.4 112 55
      vertex 80.6 109.4 55
    endloop
  endfacet
  facet normal 0 0 1
    outer loop
      vertex 85.4 112 55
      vertex 80.6 109 55
      vertex 88 109 55
    endloop
  endfacet
  facet normal 0 0 1
    outer loop
      vertex 92 96 55
      vertex 95 97.6 55
      vertex 92 103.4 55
    endloop
  endfacet
  facet normal 0 0 1
    outer loop
      vertex 95 97.6 55
      vertex 92 96 55
      vertex 92.4 96 55
    endloop
  endfacet
  facet normal 0 0 1
    outer loop
      vertex 95 105.6 55
      vertex 92 109 55
      vertex 92.4 104 55
    endloop
  endfacet
  facet normal -0 0 1
    outer loop
      vertex 91.8 111.4 55
      vertex 92 109 55
      vertex 92.4 111.4 55
    endloop
  endfacet
  facet normal -0 0 1
    outer loop
      vertex 88.6 109.4 55
      vertex 92 109 55
      vertex 91.8 111.4 55
    endloop
  endfacet
  facet normal 0 0 1
    outer loop
      vertex 92 109 55
      vertex 88.6 109.4 55
      vertex 88.6 109 55
    endloop
  endfacet
  facet normal -0 0 1
    outer loop
      vertex 94.9 112.8 55
      vertex 95.8 109.6 55
      vertex 95.8 113.6 55
    endloop
  endfacet
  facet normal -0 0 1
    outer loop
      vertex 92 109 55
      vertex 95 105.6 55
      vertex 95 109.6 55
    endloop
  endfacet
  facet normal 0 0 1
    outer loop
      vertex 95 105.6 55
      vertex 92.4 104 55
      vertex 95 104 55
    endloop
  endfacet
  facet normal 0 0 1
    outer loop
      vertex 95 104 55
      vertex 92.4 103.4 55
      vertex 95 97.6 55
    endloop
  endfacet
  facet normal -0 0 1
    outer loop
      vertex 92 103.4 55
      vertex 95 97.6 55
      vertex 92.4 103.4 55
    endloop
  endfacet
  facet normal 0 0 1
    outer loop
      vertex 95 96 55
      vertex 94.9489 92.3882 55
      vertex 95 92 55
    endloop
  endfacet
  facet normal 0 0 1
    outer loop
      vertex 94.9 112.8 55
      vertex 95.8 113.6 55
      vertex 94.9 113.6 55
    endloop
  endfacet
  facet normal 0 0 1
    outer loop
      vertex 95.8 109.6 55
      vertex 94.9 112.8 55
      vertex 95 109.6 55
    endloop
  endfacet
  facet normal -0 0 1
    outer loop
      vertex 92.6 112 55
      vertex 95 109.6 55
      vertex 94.9 112.8 55
    endloop
  endfacet
  facet normal 0 0 1
    outer loop
      vertex 95 96 55
      vertex 94.799 92.75 55
      vertex 94.9489 92.3882 55
    endloop
  endfacet
  facet normal 0 0 1
    outer loop
      vertex 95 97.6 55
      vertex 92.4 96 55
      vertex 95 96 55
    endloop
  endfacet
  facet normal 0 0 1
    outer loop
      vertex 95 96 55
      vertex 94.5607 93.0607 55
      vertex 94.799 92.75 55
    endloop
  endfacet
  facet normal 0 0 1
    outer loop
      vertex 92.4 95.4 55
      vertex 95 96 55
      vertex 92.4 96 55
    endloop
  endfacet
  facet normal 0 0 1
    outer loop
      vertex 95 96 55
      vertex 94.25 93.299 55
      vertex 94.5607 93.0607 55
    endloop
  endfacet
  facet normal 0 0 1
    outer loop
      vertex 95 96 55
      vertex 93.8882 93.4489 55
      vertex 94.25 93.299 55
    endloop
  endfacet
  facet normal 0 -0 1
    outer loop
      vertex 93.5 93.5 55
      vertex 95 96 55
      vertex 92.4 95.4 55
    endloop
  endfacet
  facet normal 0 0 1
    outer loop
      vertex 92.6 112 55
      vertex 94.9 112.8 55
      vertex 92.6 112.8 55
    endloop
  endfacet
  facet normal 0 0 1
    outer loop
      vertex 95 109.6 55
      vertex 92.6 112 55
      vertex 92.4 111.4 55
    endloop
  endfacet
  facet normal 0 0 1
    outer loop
      vertex 95 96 55
      vertex 93.5 93.5 55
      vertex 93.8882 93.4489 55
    endloop
  endfacet
  facet normal 0 0 1
    outer loop
      vertex 92.4 111.4 55
      vertex 92.6 112 55
      vertex 92.4 112 55
    endloop
  endfacet
  facet normal 0 0 1
    outer loop
      vertex 92 109 55
      vertex 95 109.6 55
      vertex 92.4 111.4 55
    endloop
  endfacet
  facet normal 0 0 1
    outer loop
      vertex 95 104 55
      vertex 92.4 104 55
      vertex 92.4 103.4 55
    endloop
  endfacet
  facet normal 0 0 1
    outer loop
      vertex 93.5 93.5 55
      vertex 92.4 95.4 55
      vertex 93.1118 93.4489 55
    endloop
  endfacet
  facet normal 0 0 1
    outer loop
      vertex 93.1118 93.4489 55
      vertex 92.4 95.4 55
      vertex 92.75 93.299 55
    endloop
  endfacet
  facet normal -0 0 1
    outer loop
      vertex 92 95.4 55
      vertex 92.75 93.299 55
      vertex 92.4 95.4 55
    endloop
  endfacet
  facet normal 0 0 1
    outer loop
      vertex 92.75 93.299 55
      vertex 92 95.4 55
      vertex 92.4393 93.0607 55
    endloop
  endfacet
  facet normal 0 0 1
    outer loop
      vertex 92.4393 93.0607 55
      vertex 92 95.4 55
      vertex 92.201 92.75 55
    endloop
  endfacet
  facet normal 0 0 1
    outer loop
      vertex 92.201 92.75 55
      vertex 92 95.4 55
      vertex 92.0511 92.3882 55
    endloop
  endfacet
  facet normal 0 0 1
    outer loop
      vertex 92.0511 92.3882 55
      vertex 92 95.4 55
      vertex 92 92 55
    endloop
  endfacet
  facet normal -0 0 1
    outer loop
      vertex 95 105.6 55
      vertex 95.8 104 55
      vertex 95.8 105.6 55
    endloop
  endfacet
  facet normal 0 0 1
    outer loop
      vertex 95.8 104 55
      vertex 95 105.6 55
      vertex 95 104 55
    endloop
  endfacet
  facet normal -0 0 1
    outer loop
      vertex 95 97.6 55
      vertex 95.8 96 55
      vertex 95.8 97.6 55
    endloop
  endfacet
  facet normal 0 0 1
    outer loop
      vertex 95.8 96 55
      vertex 95 97.6 55
      vertex 95 96 55
    endloop
  endfacet
  facet normal 0 0 1
    outer loop
      vertex 92.4 104 55
      vertex 92 109 55
      vertex 92 104 55
    endloop
  endfacet
  facet normal -0 0 1
    outer loop
      vertex 79 112 55
      vertex 80.6 109.4 55
      vertex 85.4 112 55
    endloop
  endfacet
  facet normal 0 0 1
    outer loop
      vertex 80.6 109.4 55
      vertex 79 112 55
      vertex 80 109.4 55
    endloop
  endfacet
  facet normal -0 0 1
    outer loop
      vertex 77.4 112 55
      vertex 80 109.4 55
      vertex 79 112 55
    endloop
  endfacet
  facet normal 0 0 1
    outer loop
      vertex 77.4 112 55
      vertex 79 112 55
      vertex 77.4 112.8 55
    endloop
  endfacet
  facet normal 0 0 1
    outer loop
      vertex 80 109.4 55
      vertex 77.4 112 55
      vertex 80 109 55
    endloop
  endfacet
  facet normal 0 0 1
    outer loop
      vertex 72.6 109 55
      vertex 77.4 112 55
      vertex 72.6 109.4 55
    endloop
  endfacet
  facet normal 0 0 1
    outer loop
      vertex 77.4 112 55
      vertex 72.6 109 55
      vertex 80 109 55
    endloop
  endfacet
  facet normal -0 0 1
    outer loop
      vertex 71 112 55
      vertex 72.6 109.4 55
      vertex 77.4 112 55
    endloop
  endfacet
  facet normal 0 0 1
    outer loop
      vertex 72.6 109.4 55
      vertex 71 112 55
      vertex 72 109.4 55
    endloop
  endfacet
  facet normal -0 0 1
    outer loop
      vertex 69.4 112 55
      vertex 72 109.4 55
      vertex 71 112 55
    endloop
  endfacet
  facet normal 0 0 1
    outer loop
      vertex 69.4 112 55
      vertex 71 112 55
      vertex 69.4 112.8 55
    endloop
  endfacet
  facet normal 0 0 1
    outer loop
      vertex 72 109.4 55
      vertex 69.4 112 55
      vertex 72 109 55
    endloop
  endfacet
  facet normal 0 0 1
    outer loop
      vertex 64.6 109 55
      vertex 69.4 112 55
      vertex 64.6 109.4 55
    endloop
  endfacet
  facet normal 0 0 1
    outer loop
      vertex 69.4 112 55
      vertex 64.6 109 55
      vertex 72 109 55
    endloop
  endfacet
  facet normal -0 0 1
    outer loop
      vertex 63 112 55
      vertex 64.6 109.4 55
      vertex 69.4 112 55
    endloop
  endfacet
  facet normal 0 0 1
    outer loop
      vertex 64.6 109.4 55
      vertex 63 112 55
      vertex 64 109.4 55
    endloop
  endfacet
  facet normal -0 0 1
    outer loop
      vertex 61.4 112 55
      vertex 64 109.4 55
      vertex 63 112 55
    endloop
  endfacet
  facet normal 0 0 1
    outer loop
      vertex 61.4 112 55
      vertex 63 112 55
      vertex 61.4 112.8 55
    endloop
  endfacet
  facet normal 0 0 1
    outer loop
      vertex 64 109.4 55
      vertex 61.4 112 55
      vertex 64 109 55
    endloop
  endfacet
  facet normal 0 0 1
    outer loop
      vertex 56.6 109 55
      vertex 61.4 112 55
      vertex 56.6 109.4 55
    endloop
  endfacet
  facet normal 0 0 1
    outer loop
      vertex 61.4 112 55
      vertex 56.6 109 55
      vertex 64 109 55
    endloop
  endfacet
  facet normal -0 0 1
    outer loop
      vertex 55 112 55
      vertex 56.6 109.4 55
      vertex 61.4 112 55
    endloop
  endfacet
  facet normal 0 0 1
    outer loop
      vertex 56.6 109.4 55
      vertex 55 112 55
      vertex 56 109.4 55
    endloop
  endfacet
  facet normal -0 0 1
    outer loop
      vertex 53.4 112 55
      vertex 56 109.4 55
      vertex 55 112 55
    endloop
  endfacet
  facet normal 0 0 1
    outer loop
      vertex 53.4 112 55
      vertex 55 112 55
      vertex 53.4 112.8 55
    endloop
  endfacet
  facet normal 0 0 1
    outer loop
      vertex 56 109.4 55
      vertex 53.4 112 55
      vertex 56 109 55
    endloop
  endfacet
  facet normal 0 0 1
    outer loop
      vertex 48.6 109 55
      vertex 53.4 112 55
      vertex 48.6 109.4 55
    endloop
  endfacet
  facet normal 0 0 1
    outer loop
      vertex 53.4 112 55
      vertex 48.6 109 55
      vertex 56 109 55
    endloop
  endfacet
  facet normal -0 0 1
    outer loop
      vertex 47 112 55
      vertex 48.6 109.4 55
      vertex 53.4 112 55
    endloop
  endfacet
  facet normal 0 0 1
    outer loop
      vertex 48.6 109.4 55
      vertex 47 112 55
      vertex 48 109.4 55
    endloop
  endfacet
  facet normal -0 0 1
    outer loop
      vertex 45.4 112 55
      vertex 48 109.4 55
      vertex 47 112 55
    endloop
  endfacet
  facet normal 0 0 1
    outer loop
      vertex 45.4 112 55
      vertex 47 112 55
      vertex 45.4 112.8 55
    endloop
  endfacet
  facet normal 0 0 1
    outer loop
      vertex 48 109.4 55
      vertex 45.4 112 55
      vertex 48 109 55
    endloop
  endfacet
  facet normal 0 0 1
    outer loop
      vertex 40.6 109 55
      vertex 45.4 112 55
      vertex 40.6 109.4 55
    endloop
  endfacet
  facet normal 0 0 1
    outer loop
      vertex 45.4 112 55
      vertex 40.6 109 55
      vertex 48 109 55
    endloop
  endfacet
  facet normal -0 0 1
    outer loop
      vertex 39 112 55
      vertex 40.6 109.4 55
      vertex 45.4 112 55
    endloop
  endfacet
  facet normal 0 0 1
    outer loop
      vertex 40.6 109.4 55
      vertex 39 112 55
      vertex 40 109.4 55
    endloop
  endfacet
  facet normal -0 0 1
    outer loop
      vertex 37.4 112 55
      vertex 40 109.4 55
      vertex 39 112 55
    endloop
  endfacet
  facet normal 0 0 1
    outer loop
      vertex 37.4 112 55
      vertex 39 112 55
      vertex 37.4 112.8 55
    endloop
  endfacet
  facet normal 0 0 1
    outer loop
      vertex 40 109.4 55
      vertex 37.4 112 55
      vertex 40 109 55
    endloop
  endfacet
  facet normal 0 0 1
    outer loop
      vertex 32.6 109 55
      vertex 37.4 112 55
      vertex 32.6 109.4 55
    endloop
  endfacet
  facet normal 0 0 1
    outer loop
      vertex 37.4 112 55
      vertex 32.6 109 55
      vertex 40 109 55
    endloop
  endfacet
  facet normal -0 0 1
    outer loop
      vertex 31 112 55
      vertex 32.6 109.4 55
      vertex 37.4 112 55
    endloop
  endfacet
  facet normal 0 0 1
    outer loop
      vertex 32.6 109.4 55
      vertex 31 112 55
      vertex 32 109.4 55
    endloop
  endfacet
  facet normal -0 0 1
    outer loop
      vertex 29.4 112 55
      vertex 32 109.4 55
      vertex 31 112 55
    endloop
  endfacet
  facet normal 0 0 1
    outer loop
      vertex 29.4 112 55
      vertex 31 112 55
      vertex 29.4 112.8 55
    endloop
  endfacet
  facet normal 0 0 1
    outer loop
      vertex 32 109.4 55
      vertex 29.4 112 55
      vertex 32 109 55
    endloop
  endfacet
  facet normal 0 0 1
    outer loop
      vertex 24.6 109 55
      vertex 29.4 112 55
      vertex 24.6 109.4 55
    endloop
  endfacet
  facet normal 0 0 1
    outer loop
      vertex 29.4 112 55
      vertex 24.6 109 55
      vertex 32 109 55
    endloop
  endfacet
  facet normal -0 0 1
    outer loop
      vertex 23 112 55
      vertex 24.6 109.4 55
      vertex 29.4 112 55
    endloop
  endfacet
  facet normal 0 0 1
    outer loop
      vertex 24.6 109.4 55
      vertex 23 112 55
      vertex 24 109.4 55
    endloop
  endfacet
  facet normal -0 0 1
    outer loop
      vertex 21.4 112 55
      vertex 24 109.4 55
      vertex 23 112 55
    endloop
  endfacet
  facet normal 0 0 1
    outer loop
      vertex 21.4 112 55
      vertex 23 112 55
      vertex 21.4 112.8 55
    endloop
  endfacet
  facet normal 0 0 1
    outer loop
      vertex 24 109.4 55
      vertex 21.4 112 55
      vertex 24 109 55
    endloop
  endfacet
  facet normal 0 0 1
    outer loop
      vertex 16.6 109 55
      vertex 21.4 112 55
      vertex 16.6 109.4 55
    endloop
  endfacet
  facet normal 0 0 1
    outer loop
      vertex 21.4 112 55
      vertex 16.6 109 55
      vertex 24 109 55
    endloop
  endfacet
  facet normal -0 0 1
    outer loop
      vertex 15 112 55
      vertex 16.6 109.4 55
      vertex 21.4 112 55
    endloop
  endfacet
  facet normal 0 0 1
    outer loop
      vertex 16.6 109.4 55
      vertex 15 112 55
      vertex 16 109.4 55
    endloop
  endfacet
  facet normal -0 0 1
    outer loop
      vertex 13.4 112 55
      vertex 16 109.4 55
      vertex 15 112 55
    endloop
  endfacet
  facet normal 0 0 1
    outer loop
      vertex 13.4 112 55
      vertex 15 112 55
      vertex 13.4 112.8 55
    endloop
  endfacet
  facet normal 0 0 1
    outer loop
      vertex 16 109.4 55
      vertex 13.4 112 55
      vertex 16 109 55
    endloop
  endfacet
  facet normal 0 0 1
    outer loop
      vertex 8.59999 109 55
      vertex 13.4 112 55
      vertex 8.59999 109.4 55
    endloop
  endfacet
  facet normal 0 0 1
    outer loop
      vertex 13.4 112 55
      vertex 8.59999 109 55
      vertex 16 109 55
    endloop
  endfacet
  facet normal -0 0 1
    outer loop
      vertex 7 112 55
      vertex 8.59999 109.4 55
      vertex 13.4 112 55
    endloop
  endfacet
  facet normal 0 0 1
    outer loop
      vertex 8.59999 109.4 55
      vertex 7 112 55
      vertex 8 109.4 55
    endloop
  endfacet
  facet normal -0 0 1
    outer loop
      vertex 5.4 112 55
      vertex 8 109.4 55
      vertex 7 112 55
    endloop
  endfacet
  facet normal 0 0 1
    outer loop
      vertex 5.4 112 55
      vertex 7 112 55
      vertex 5.4 112.8 55
    endloop
  endfacet
  facet normal 0 0 1
    outer loop
      vertex 3 109 55
      vertex 8 109.4 55
      vertex 5.4 112 55
    endloop
  endfacet
  facet normal 0 0 1
    outer loop
      vertex 3 109 55
      vertex 5.4 112 55
      vertex 3.2 112 55
    endloop
  endfacet
  facet normal 0 0 1
    outer loop
      vertex 8 109.4 55
      vertex 3 109 55
      vertex 8 109 55
    endloop
  endfacet
  facet normal -0 0 1
    outer loop
      vertex 2.6 112 55
      vertex 3 109 55
      vertex 3.2 112 55
    endloop
  endfacet
  facet normal -0 0 1
    outer loop
      vertex 2.4 112 55
      vertex 3 109 55
      vertex 2.6 112 55
    endloop
  endfacet
  facet normal 0 -0 1
    outer loop
      vertex 2.6 104.6 55
      vertex 3 109 55
      vertex 0.599991 108.8 55
    endloop
  endfacet
  facet normal 0 0 1
    outer loop
      vertex 3 109 55
      vertex 2.6 104.6 55
      vertex 3 104.6 55
    endloop
  endfacet
  facet normal 0 0 1
    outer loop
      vertex 0 104 55
      vertex 2.6 104.6 55
      vertex 0.599991 108.8 55
    endloop
  endfacet
  facet normal 0 0 1
    outer loop
      vertex 0 102.4 55
      vertex 2.6 104 55
      vertex 0 104 55
    endloop
  endfacet
  facet normal 0 0 1
    outer loop
      vertex 2.6 104 55
      vertex 0 102.4 55
      vertex 2.6 96.6 55
    endloop
  endfacet
  facet normal 0 0 1
    outer loop
      vertex 3 109 55
      vertex 2.4 112 55
      vertex 0.599991 109.4 55
    endloop
  endfacet
  facet normal 0 0 1
    outer loop
      vertex 2.6 96.6 55
      vertex 0 96 55
      vertex 2.6 96 55
    endloop
  endfacet
  facet normal -0 0 1
    outer loop
      vertex -0.799999 96 55
      vertex 0 94.4 55
      vertex 0 96 55
    endloop
  endfacet
  facet normal 0 0 1
    outer loop
      vertex 0 94.4 55
      vertex -0.799999 96 55
      vertex -0.799999 94.4 55
    endloop
  endfacet
  facet normal -0 0 1
    outer loop
      vertex -0.799999 104 55
      vertex 0 102.4 55
      vertex 0 104 55
    endloop
  endfacet
  facet normal 0 0 1
    outer loop
      vertex 0 102.4 55
      vertex -0.799999 104 55
      vertex -0.799999 102.4 55
    endloop
  endfacet
  facet normal -0 0 1
    outer loop
      vertex -0.799999 112.8 55
      vertex 2.4 112 55
      vertex 2.4 112.8 55
    endloop
  endfacet
  facet normal 0 0 1
    outer loop
      vertex 2.6 96 55
      vertex 2.25 93.299 55
      vertex 2.56066 93.0607 55
    endloop
  endfacet
  facet normal 0 0 1
    outer loop
      vertex 0 94.4 55
      vertex 2.6 96 55
      vertex 0 96 55
    endloop
  endfacet
  facet normal 0 0 1
    outer loop
      vertex 2.6 96 55
      vertex 1.88823 93.4489 55
      vertex 2.25 93.299 55
    endloop
  endfacet
  facet normal 0 0 1
    outer loop
      vertex 2.6 96 55
      vertex 1.5 93.5 55
      vertex 1.88823 93.4489 55
    endloop
  endfacet
  facet normal 0 0 1
    outer loop
      vertex 3 109 55
      vertex 0.599991 109.4 55
      vertex 0.599991 108.8 55
    endloop
  endfacet
  facet normal 0 0 1
    outer loop
      vertex 2.4 112 55
      vertex 0 109.6 55
      vertex 0.599991 109.4 55
    endloop
  endfacet
  facet normal 0 0 1
    outer loop
      vertex 2.4 112 55
      vertex -0.799999 112.8 55
      vertex 0 109.6 55
    endloop
  endfacet
  facet normal 0 0 1
    outer loop
      vertex 0 109.6 55
      vertex -0.799999 112.8 55
      vertex -0.799999 109.6 55
    endloop
  endfacet
  facet normal -0 0 1
    outer loop
      vertex 2.6 104 55
      vertex 3 96.6 55
      vertex 3 104 55
    endloop
  endfacet
  facet normal 0 0 1
    outer loop
      vertex 3 96.6 55
      vertex 2.6 104 55
      vertex 2.6 96.6 55
    endloop
  endfacet
  facet normal 0 0 1
    outer loop
      vertex 3 96 55
      vertex 2.94889 92.3882 55
      vertex 3 92 55
    endloop
  endfacet
  facet normal 0 0 1
    outer loop
      vertex 3 96 55
      vertex 2.79904 92.75 55
      vertex 2.94889 92.3882 55
    endloop
  endfacet
  facet normal 0 0 1
    outer loop
      vertex 2.56066 93.0607 55
      vertex 3 96 55
      vertex 2.6 96 55
    endloop
  endfacet
  facet normal 0 0 1
    outer loop
      vertex 3 96 55
      vertex 2.56066 93.0607 55
      vertex 2.79904 92.75 55
    endloop
  endfacet
  facet normal 0 0 1
    outer loop
      vertex 2.6 104.6 55
      vertex 0 104 55
      vertex 2.6 104 55
    endloop
  endfacet
  facet normal 0 0 1
    outer loop
      vertex 2.6 96 55
      vertex 0 94.4 55
      vertex 1.5 93.5 55
    endloop
  endfacet
  facet normal 0 0 1
    outer loop
      vertex 1.5 93.5 55
      vertex 0 94.4 55
      vertex 1.11177 93.4489 55
    endloop
  endfacet
  facet normal 0 0 1
    outer loop
      vertex 0.75 93.299 55
      vertex 0 94.4 55
      vertex 0.43934 93.0607 55
    endloop
  endfacet
  facet normal 0 0 1
    outer loop
      vertex 0 104 55
      vertex 0.599991 108.8 55
      vertex 0 108.8 55
    endloop
  endfacet
  facet normal 0 0 1
    outer loop
      vertex 0 96 55
      vertex 2.6 96.6 55
      vertex 0 102.4 55
    endloop
  endfacet
  facet normal 0 0 1
    outer loop
      vertex 1.11177 93.4489 55
      vertex 0 94.4 55
      vertex 0.75 93.299 55
    endloop
  endfacet
  facet normal 0 0 1
    outer loop
      vertex 0.43934 93.0607 55
      vertex 0 94.4 55
      vertex 0.200961 92.75 55
    endloop
  endfacet
  facet normal 0 0 1
    outer loop
      vertex 0.200961 92.75 55
      vertex 0 94.4 55
      vertex 0.0511112 92.3882 55
    endloop
  endfacet
  facet normal 0 0 1
    outer loop
      vertex 0.0511112 92.3882 55
      vertex 0 94.4 55
      vertex 0 92 55
    endloop
  endfacet
  facet normal 0 0 1
    outer loop
      vertex 0.599991 109.4 55
      vertex 0 109.6 55
      vertex 0 109.4 55
    endloop
  endfacet
  facet normal -0 0 1
    outer loop
      vertex 2.94889 91.6118 55
      vertex 3 88.6 55
      vertex 3 92 55
    endloop
  endfacet
  facet normal -0 0 1
    outer loop
      vertex 2.79904 91.25 55
      vertex 3 88.6 55
      vertex 2.94889 91.6118 55
    endloop
  endfacet
  facet normal -0 0 1
    outer loop
      vertex 2.56066 90.9393 55
      vertex 3 88.6 55
      vertex 2.79904 91.25 55
    endloop
  endfacet
  facet normal 0 0 1
    outer loop
      vertex 0 88 55
      vertex 2.6 88 55
      vertex 2.6 88.6 55
    endloop
  endfacet
  facet normal 0 0 1
    outer loop
      vertex 2.6 88 55
      vertex 0 86.4 55
      vertex 2.6 80.6 55
    endloop
  endfacet
  facet normal 0 0 1
    outer loop
      vertex 0 80 55
      vertex 2.6 80.6 55
      vertex 0 86.4 55
    endloop
  endfacet
  facet normal 0 0 1
    outer loop
      vertex 0 78.4 55
      vertex 2.6 80 55
      vertex 0 80 55
    endloop
  endfacet
  facet normal 0 0 1
    outer loop
      vertex 2.6 80 55
      vertex 0 78.4 55
      vertex 2.6 72.6 55
    endloop
  endfacet
  facet normal 0 0 1
    outer loop
      vertex 2.6 72.6 55
      vertex 0 72 55
      vertex 2.6 72 55
    endloop
  endfacet
  facet normal 0 0 1
    outer loop
      vertex 0 70.4 55
      vertex 2.6 72 55
      vertex 0 72 55
    endloop
  endfacet
  facet normal 0 0 1
    outer loop
      vertex 0 64 55
      vertex 2.6 64.6 55
      vertex 0 70.4 55
    endloop
  endfacet
  facet normal 0 0 1
    outer loop
      vertex 2.6 64.6 55
      vertex 0 64 55
      vertex 2.6 64 55
    endloop
  endfacet
  facet normal 0 0 1
    outer loop
      vertex 2.6 64 55
      vertex 0 62.4 55
      vertex 2.6 56.6 55
    endloop
  endfacet
  facet normal 0 0 1
    outer loop
      vertex 0 56 55
      vertex 2.6 56.6 55
      vertex 0 62.4 55
    endloop
  endfacet
  facet normal 0 0 1
    outer loop
      vertex 0 54.4 55
      vertex 2.6 56 55
      vertex 0 56 55
    endloop
  endfacet
  facet normal 0 0 1
    outer loop
      vertex 2.6 56 55
      vertex 0 54.4 55
      vertex 2.6 48.6 55
    endloop
  endfacet
  facet normal 0 0 1
    outer loop
      vertex 2.6 48.6 55
      vertex 0 48 55
      vertex 2.6 48 55
    endloop
  endfacet
  facet normal 0 0 1
    outer loop
      vertex 2.6 48 55
      vertex 0 46.4 55
      vertex 2.6 40.6 55
    endloop
  endfacet
  facet normal 0 0 1
    outer loop
      vertex 0 40 55
      vertex 2.6 40.6 55
      vertex 0 46.4 55
    endloop
  endfacet
  facet normal 0 0 1
    outer loop
      vertex 3 88.6 55
      vertex 2.25 90.701 55
      vertex 2.6 88.6 55
    endloop
  endfacet
  facet normal -0 0 1
    outer loop
      vertex 2.25 90.701 55
      vertex 3 88.6 55
      vertex 2.56066 90.9393 55
    endloop
  endfacet
  facet normal -0 0 1
    outer loop
      vertex 2.6 88 55
      vertex 3 80.6 55
      vertex 3 88 55
    endloop
  endfacet
  facet normal 0 0 1
    outer loop
      vertex 3 80.6 55
      vertex 2.6 88 55
      vertex 2.6 80.6 55
    endloop
  endfacet
  facet normal -0 0 1
    outer loop
      vertex 2.6 80 55
      vertex 3 72.6 55
      vertex 3 80 55
    endloop
  endfacet
  facet normal 0 0 1
    outer loop
      vertex 3 72.6 55
      vertex 2.6 80 55
      vertex 2.6 72.6 55
    endloop
  endfacet
  facet normal -0 0 1
    outer loop
      vertex 2.6 72 55
      vertex 3 64.6 55
      vertex 3 72 55
    endloop
  endfacet
  facet normal 0 0 1
    outer loop
      vertex 3 64.6 55
      vertex 2.6 72 55
      vertex 2.6 64.6 55
    endloop
  endfacet
  facet normal -0 0 1
    outer loop
      vertex 2.6 64 55
      vertex 3 56.6 55
      vertex 3 64 55
    endloop
  endfacet
  facet normal 0 0 1
    outer loop
      vertex 3 56.6 55
      vertex 2.6 64 55
      vertex 2.6 56.6 55
    endloop
  endfacet
  facet normal -0 0 1
    outer loop
      vertex 2.6 56 55
      vertex 3 48.6 55
      vertex 3 56 55
    endloop
  endfacet
  facet normal 0 0 1
    outer loop
      vertex 3 48.6 55
      vertex 2.6 56 55
      vertex 2.6 48.6 55
    endloop
  endfacet
  facet normal -0 0 1
    outer loop
      vertex 2.6 48 55
      vertex 3 40.6 55
      vertex 3 48 55
    endloop
  endfacet
  facet normal 0 0 1
    outer loop
      vertex 3 40.6 55
      vertex 2.6 48 55
      vertex 2.6 40.6 55
    endloop
  endfacet
  facet normal -0 0 1
    outer loop
      vertex 2.6 40 55
      vertex 3 32.6 55
      vertex 3 40 55
    endloop
  endfacet
  facet normal 0 0 1
    outer loop
      vertex 3 32.6 55
      vertex 2.6 40 55
      vertex 2.6 32.6 55
    endloop
  endfacet
  facet normal -0 0 1
    outer loop
      vertex 2.6 32 55
      vertex 3 24.6 55
      vertex 3 32 55
    endloop
  endfacet
  facet normal 0 0 1
    outer loop
      vertex 3 24.6 55
      vertex 2.6 32 55
      vertex 2.6 24.6 55
    endloop
  endfacet
  facet normal 0 0 1
    outer loop
      vertex 3 24 55
      vertex 2.94889 22.3882 55
      vertex 3 22 55
    endloop
  endfacet
  facet normal 0 0 1
    outer loop
      vertex 3 24 55
      vertex 2.79904 22.75 55
      vertex 2.94889 22.3882 55
    endloop
  endfacet
  facet normal 0 0 1
    outer loop
      vertex 2.56066 23.0607 55
      vertex 3 24 55
      vertex 2.6 24 55
    endloop
  endfacet
  facet normal 0 0 1
    outer loop
      vertex 3 24 55
      vertex 2.56066 23.0607 55
      vertex 2.79904 22.75 55
    endloop
  endfacet
  facet normal 0 0 1
    outer loop
      vertex 2.6 40.6 55
      vertex 0 40 55
      vertex 2.6 40 55
    endloop
  endfacet
  facet normal -0 0 1
    outer loop
      vertex 1.88823 90.5511 55
      vertex 2.6 88.6 55
      vertex 2.25 90.701 55
    endloop
  endfacet
  facet normal 0 0 1
    outer loop
      vertex 0 38.4 55
      vertex 2.6 40 55
      vertex 0 40 55
    endloop
  endfacet
  facet normal -0 0 1
    outer loop
      vertex 1.5 90.5 55
      vertex 2.6 88.6 55
      vertex 1.88823 90.5511 55
    endloop
  endfacet
  facet normal 0 0 1
    outer loop
      vertex 0 46.4 55
      vertex 2.6 48 55
      vertex 0 48 55
    endloop
  endfacet
  facet normal 0 0 1
    outer loop
      vertex 2.6 88.6 55
      vertex 1.5 90.5 55
      vertex 0 88 55
    endloop
  endfacet
  facet normal 0 0 1
    outer loop
      vertex 2.6 40 55
      vertex 0 38.4 55
      vertex 2.6 32.6 55
    endloop
  endfacet
  facet normal 0 0 1
    outer loop
      vertex 0 88 55
      vertex 1.5 90.5 55
      vertex 1.11177 90.5511 55
    endloop
  endfacet
  facet normal 0 0 1
    outer loop
      vertex 0 32 55
      vertex 2.6 32.6 55
      vertex 0 38.4 55
    endloop
  endfacet
  facet normal 0 0 1
    outer loop
      vertex 0 88 55
      vertex 1.11177 90.5511 55
      vertex 0.75 90.701 55
    endloop
  endfacet
  facet normal 0 0 1
    outer loop
      vertex 0 48 55
      vertex 2.6 48.6 55
      vertex 0 54.4 55
    endloop
  endfacet
  facet normal 0 0 1
    outer loop
      vertex 0 88 55
      vertex 0.75 90.701 55
      vertex 0.43934 90.9393 55
    endloop
  endfacet
  facet normal 0 0 1
    outer loop
      vertex 2.6 32.6 55
      vertex 0 32 55
      vertex 2.6 32 55
    endloop
  endfacet
  facet normal 0 0 1
    outer loop
      vertex 0 88 55
      vertex 0.43934 90.9393 55
      vertex 0.200961 91.25 55
    endloop
  endfacet
  facet normal 0 0 1
    outer loop
      vertex 0 62.4 55
      vertex 2.6 64 55
      vertex 0 64 55
    endloop
  endfacet
  facet normal 0 0 1
    outer loop
      vertex 0 88 55
      vertex 0.200961 91.25 55
      vertex 0.0511112 91.6118 55
    endloop
  endfacet
  facet normal 0 0 1
    outer loop
      vertex 2.6 80.6 55
      vertex 0 80 55
      vertex 2.6 80 55
    endloop
  endfacet
  facet normal 0 0 1
    outer loop
      vertex 0 88 55
      vertex 0.0511112 91.6118 55
      vertex 0 92 55
    endloop
  endfacet
  facet normal 0 0 1
    outer loop
      vertex 2.6 88 55
      vertex 0 88 55
      vertex 0 86.4 55
    endloop
  endfacet
  facet normal 0 0 1
    outer loop
      vertex 0 72 55
      vertex 2.6 72.6 55
      vertex 0 78.4 55
    endloop
  endfacet
  facet normal 0 0 1
    outer loop
      vertex 2.6 72 55
      vertex 0 70.4 55
      vertex 2.6 64.6 55
    endloop
  endfacet
  facet normal 0 0 1
    outer loop
      vertex 2.6 56.6 55
      vertex 0 56 55
      vertex 2.6 56 55
    endloop
  endfacet
  facet normal 0 0 1
    outer loop
      vertex 0 30.4 55
      vertex 2.6 32 55
      vertex 0 32 55
    endloop
  endfacet
  facet normal 0 0 1
    outer loop
      vertex 2.6 32 55
      vertex 0 30.4 55
      vertex 2.6 24.6 55
    endloop
  endfacet
  facet normal 0 0 1
    outer loop
      vertex 0 24 55
      vertex 2.6 24.6 55
      vertex 0 30.4 55
    endloop
  endfacet
  facet normal 0 -0 1
    outer loop
      vertex 1.5 23.5 55
      vertex 2.6 24.6 55
      vertex 0 24 55
    endloop
  endfacet
  facet normal 0 0 1
    outer loop
      vertex 2.6 24 55
      vertex 2.25 23.299 55
      vertex 2.56066 23.0607 55
    endloop
  endfacet
  facet normal 0 0 1
    outer loop
      vertex 2.6 24 55
      vertex 1.88823 23.4489 55
      vertex 2.25 23.299 55
    endloop
  endfacet
  facet normal 0 0 1
    outer loop
      vertex 2.6 24 55
      vertex 1.5 23.5 55
      vertex 1.88823 23.4489 55
    endloop
  endfacet
  facet normal 0 0 1
    outer loop
      vertex 2.6 24.6 55
      vertex 1.5 23.5 55
      vertex 2.6 24 55
    endloop
  endfacet
  facet normal 0 0 1
    outer loop
      vertex 1.5 23.5 55
      vertex 0 24 55
      vertex 1.11177 23.4489 55
    endloop
  endfacet
  facet normal 0 0 1
    outer loop
      vertex 1.11177 23.4489 55
      vertex 0 24 55
      vertex 0.75 23.299 55
    endloop
  endfacet
  facet normal 0 0 1
    outer loop
      vertex 0.75 23.299 55
      vertex 0 24 55
      vertex 0.43934 23.0607 55
    endloop
  endfacet
  facet normal 0 0 1
    outer loop
      vertex 0.43934 23.0607 55
      vertex 0 24 55
      vertex 0.200961 22.75 55
    endloop
  endfacet
  facet normal -0 0 1
    outer loop
      vertex -0.799999 24 55
      vertex 0.200961 22.75 55
      vertex 0 24 55
    endloop
  endfacet
  facet normal 0 0 1
    outer loop
      vertex 0.200961 22.75 55
      vertex 0 22.4 55
      vertex 0.0511112 22.3882 55
    endloop
  endfacet
  facet normal 0 0 1
    outer loop
      vertex 0.0511112 22.3882 55
      vertex 0 22.4 55
      vertex 0 22 55
    endloop
  endfacet
  facet normal 0 0 1
    outer loop
      vertex -0.799999 22.4 55
      vertex 0.200961 22.75 55
      vertex -0.799999 24 55
    endloop
  endfacet
  facet normal 0 0 1
    outer loop
      vertex 0.200961 22.75 55
      vertex -0.799999 22.4 55
      vertex 0 22.4 55
    endloop
  endfacet
  facet normal -0 0 1
    outer loop
      vertex -0.799999 32 55
      vertex 0 30.4 55
      vertex 0 32 55
    endloop
  endfacet
  facet normal 0 0 1
    outer loop
      vertex 0 30.4 55
      vertex -0.799999 32 55
      vertex -0.799999 30.4 55
    endloop
  endfacet
  facet normal -0 0 1
    outer loop
      vertex -0.799999 40 55
      vertex 0 38.4 55
      vertex 0 40 55
    endloop
  endfacet
  facet normal 0 0 1
    outer loop
      vertex 0 38.4 55
      vertex -0.799999 40 55
      vertex -0.799999 38.4 55
    endloop
  endfacet
  facet normal -0 0 1
    outer loop
      vertex -0.799999 48 55
      vertex 0 46.4 55
      vertex 0 48 55
    endloop
  endfacet
  facet normal 0 0 1
    outer loop
      vertex 0 46.4 55
      vertex -0.799999 48 55
      vertex -0.799999 46.4 55
    endloop
  endfacet
  facet normal -0 0 1
    outer loop
      vertex -0.799999 56 55
      vertex 0 54.4 55
      vertex 0 56 55
    endloop
  endfacet
  facet normal 0 0 1
    outer loop
      vertex 0 54.4 55
      vertex -0.799999 56 55
      vertex -0.799999 54.4 55
    endloop
  endfacet
  facet normal -0 0 1
    outer loop
      vertex -0.799999 64 55
      vertex 0 62.4 55
      vertex 0 64 55
    endloop
  endfacet
  facet normal 0 0 1
    outer loop
      vertex 0 62.4 55
      vertex -0.799999 64 55
      vertex -0.799999 62.4 55
    endloop
  endfacet
  facet normal -0 0 1
    outer loop
      vertex -0.799999 72 55
      vertex 0 70.4 55
      vertex 0 72 55
    endloop
  endfacet
  facet normal 0 0 1
    outer loop
      vertex 0 70.4 55
      vertex -0.799999 72 55
      vertex -0.799999 70.4 55
    endloop
  endfacet
  facet normal -0 0 1
    outer loop
      vertex -0.799999 80 55
      vertex 0 78.4 55
      vertex 0 80 55
    endloop
  endfacet
  facet normal 0 0 1
    outer loop
      vertex 0 78.4 55
      vertex -0.799999 80 55
      vertex -0.799999 78.4 55
    endloop
  endfacet
  facet normal -0 0 1
    outer loop
      vertex -0.799999 88 55
      vertex 0 86.4 55
      vertex 0 88 55
    endloop
  endfacet
  facet normal 0 0 1
    outer loop
      vertex 0 86.4 55
      vertex -0.799999 88 55
      vertex -0.799999 86.4 55
    endloop
  endfacet
  facet normal 0 0 1
    outer loop
      vertex 92 24 55
      vertex 95 25.6 55
      vertex 92 31.4 55
    endloop
  endfacet
  facet normal 0 0 1
    outer loop
      vertex 95 25.6 55
      vertex 92 24 55
      vertex 92.4 24 55
    endloop
  endfacet
  facet normal 0 0 1
    outer loop
      vertex 92 32 55
      vertex 95 33.6 55
      vertex 92 39.4 55
    endloop
  endfacet
  facet normal 0 0 1
    outer loop
      vertex 95 33.6 55
      vertex 92 32 55
      vertex 92.4 32 55
    endloop
  endfacet
  facet normal 0 0 1
    outer loop
      vertex 92 40 55
      vertex 95 41.6 55
      vertex 92 47.4 55
    endloop
  endfacet
  facet normal 0 0 1
    outer loop
      vertex 95 41.6 55
      vertex 92 40 55
      vertex 92.4 40 55
    endloop
  endfacet
  facet normal 0 0 1
    outer loop
      vertex 92 48 55
      vertex 95 49.6 55
      vertex 92 55.4 55
    endloop
  endfacet
  facet normal 0 0 1
    outer loop
      vertex 95 49.6 55
      vertex 92 48 55
      vertex 92.4 48 55
    endloop
  endfacet
  facet normal 0 0 1
    outer loop
      vertex 92 56 55
      vertex 95 57.6 55
      vertex 92 63.4 55
    endloop
  endfacet
  facet normal 0 0 1
    outer loop
      vertex 95 57.6 55
      vertex 92 56 55
      vertex 92.4 56 55
    endloop
  endfacet
  facet normal 0 0 1
    outer loop
      vertex 92 64 55
      vertex 95 65.6 55
      vertex 92 71.4 55
    endloop
  endfacet
  facet normal 0 0 1
    outer loop
      vertex 95 65.6 55
      vertex 92 64 55
      vertex 92.4 64 55
    endloop
  endfacet
  facet normal 0 0 1
    outer loop
      vertex 92 72 55
      vertex 95 73.6 55
      vertex 92 79.4 55
    endloop
  endfacet
  facet normal 0 0 1
    outer loop
      vertex 95 73.6 55
      vertex 92 72 55
      vertex 92.4 72 55
    endloop
  endfacet
  facet normal 0 0 1
    outer loop
      vertex 92 80 55
      vertex 95 81.6 55
      vertex 92 87.4 55
    endloop
  endfacet
  facet normal 0 0 1
    outer loop
      vertex 95 81.6 55
      vertex 92 80 55
      vertex 92.4 80 55
    endloop
  endfacet
  facet normal -0 0 1
    outer loop
      vertex 94.9489 91.6118 55
      vertex 95 89.6 55
      vertex 95 92 55
    endloop
  endfacet
  facet normal -0 0 1
    outer loop
      vertex 94.799 91.25 55
      vertex 95 89.6 55
      vertex 94.9489 91.6118 55
    endloop
  endfacet
  facet normal -0 0 1
    outer loop
      vertex 94.5607 90.9393 55
      vertex 95 89.6 55
      vertex 94.799 91.25 55
    endloop
  endfacet
  facet normal -0 0 1
    outer loop
      vertex 94.25 90.701 55
      vertex 95 89.6 55
      vertex 94.5607 90.9393 55
    endloop
  endfacet
  facet normal -0 0 1
    outer loop
      vertex 93.8882 90.5511 55
      vertex 95 89.6 55
      vertex 94.25 90.701 55
    endloop
  endfacet
  facet normal 0 0 1
    outer loop
      vertex 95 88 55
      vertex 92.4 87.4 55
      vertex 95 81.6 55
    endloop
  endfacet
  facet normal 0 0 1
    outer loop
      vertex 92.4 79.4 55
      vertex 95 80 55
      vertex 92.4 80 55
    endloop
  endfacet
  facet normal 0 0 1
    outer loop
      vertex 95 73.6 55
      vertex 92.4 72 55
      vertex 95 72 55
    endloop
  endfacet
  facet normal 0 0 1
    outer loop
      vertex 92.4 71.4 55
      vertex 95 72 55
      vertex 92.4 72 55
    endloop
  endfacet
  facet normal -0 0 1
    outer loop
      vertex 92 71.4 55
      vertex 95 65.6 55
      vertex 92.4 71.4 55
    endloop
  endfacet
  facet normal 0 0 1
    outer loop
      vertex 95 65.6 55
      vertex 92.4 64 55
      vertex 95 64 55
    endloop
  endfacet
  facet normal 0 0 1
    outer loop
      vertex 95 64 55
      vertex 92.4 63.4 55
      vertex 95 57.6 55
    endloop
  endfacet
  facet normal -0 0 1
    outer loop
      vertex 92 63.4 55
      vertex 95 57.6 55
      vertex 92.4 63.4 55
    endloop
  endfacet
  facet normal 0 0 1
    outer loop
      vertex 92.4 55.4 55
      vertex 95 56 55
      vertex 92.4 56 55
    endloop
  endfacet
  facet normal 0 0 1
    outer loop
      vertex 95 56 55
      vertex 92.4 55.4 55
      vertex 95 49.6 55
    endloop
  endfacet
  facet normal 0 0 1
    outer loop
      vertex 95 49.6 55
      vertex 92.4 48 55
      vertex 95 48 55
    endloop
  endfacet
  facet normal 0 0 1
    outer loop
      vertex 92.4 47.4 55
      vertex 95 48 55
      vertex 92.4 48 55
    endloop
  endfacet
  facet normal -0 0 1
    outer loop
      vertex 92 47.4 55
      vertex 95 41.6 55
      vertex 92.4 47.4 55
    endloop
  endfacet
  facet normal 0 0 1
    outer loop
      vertex 95 41.6 55
      vertex 92.4 40 55
      vertex 95 40 55
    endloop
  endfacet
  facet normal 0 0 1
    outer loop
      vertex 95 24 55
      vertex 94.9489 22.3882 55
      vertex 95 22 55
    endloop
  endfacet
  facet normal 0 0 1
    outer loop
      vertex 95 80 55
      vertex 92.4 79.4 55
      vertex 95 73.6 55
    endloop
  endfacet
  facet normal 0 0 1
    outer loop
      vertex 92.4 39.4 55
      vertex 95 40 55
      vertex 92.4 40 55
    endloop
  endfacet
  facet normal -0 0 1
    outer loop
      vertex 92 87.4 55
      vertex 95 81.6 55
      vertex 92.4 87.4 55
    endloop
  endfacet
  facet normal 0 0 1
    outer loop
      vertex 95 40 55
      vertex 92.4 39.4 55
      vertex 95 33.6 55
    endloop
  endfacet
  facet normal -0 0 1
    outer loop
      vertex 93.5 90.5 55
      vertex 95 89.6 55
      vertex 93.8882 90.5511 55
    endloop
  endfacet
  facet normal -0 0 1
    outer loop
      vertex 92 39.4 55
      vertex 95 33.6 55
      vertex 92.4 39.4 55
    endloop
  endfacet
  facet normal 0 0 1
    outer loop
      vertex 92.4 88 55
      vertex 95 89.6 55
      vertex 93.5 90.5 55
    endloop
  endfacet
  facet normal 0 0 1
    outer loop
      vertex 95 48 55
      vertex 92.4 47.4 55
      vertex 95 41.6 55
    endloop
  endfacet
  facet normal 0 0 1
    outer loop
      vertex 95 89.6 55
      vertex 92.4 88 55
      vertex 95 88 55
    endloop
  endfacet
  facet normal 0 0 1
    outer loop
      vertex 95 33.6 55
      vertex 92.4 32 55
      vertex 95 32 55
    endloop
  endfacet
  facet normal 0 0 1
    outer loop
      vertex 92.4 88 55
      vertex 93.5 90.5 55
      vertex 93.1118 90.5511 55
    endloop
  endfacet
  facet normal -0 0 1
    outer loop
      vertex 92 55.4 55
      vertex 95 49.6 55
      vertex 92.4 55.4 55
    endloop
  endfacet
  facet normal 0 0 1
    outer loop
      vertex 92.4 88 55
      vertex 93.1118 90.5511 55
      vertex 92.75 90.701 55
    endloop
  endfacet
  facet normal 0 0 1
    outer loop
      vertex 95 57.6 55
      vertex 92.4 56 55
      vertex 95 56 55
    endloop
  endfacet
  facet normal 0 0 1
    outer loop
      vertex 92 88 55
      vertex 92.75 90.701 55
      vertex 92.4393 90.9393 55
    endloop
  endfacet
  facet normal -0 0 1
    outer loop
      vertex 92 79.4 55
      vertex 95 73.6 55
      vertex 92.4 79.4 55
    endloop
  endfacet
  facet normal 0 0 1
    outer loop
      vertex 95 88 55
      vertex 92.4 88 55
      vertex 92.4 87.4 55
    endloop
  endfacet
  facet normal 0 0 1
    outer loop
      vertex 92 88 55
      vertex 92.4393 90.9393 55
      vertex 92.201 91.25 55
    endloop
  endfacet
  facet normal 0 0 1
    outer loop
      vertex 92 88 55
      vertex 92.201 91.25 55
      vertex 92.0511 91.6118 55
    endloop
  endfacet
  facet normal 0 0 1
    outer loop
      vertex 92 88 55
      vertex 92.0511 91.6118 55
      vertex 92 92 55
    endloop
  endfacet
  facet normal 0 0 1
    outer loop
      vertex 92.75 90.701 55
      vertex 92 88 55
      vertex 92.4 88 55
    endloop
  endfacet
  facet normal -0 0 1
    outer loop
      vertex 95 89.6 55
      vertex 95.8 88 55
      vertex 95.8 89.6 55
    endloop
  endfacet
  facet normal 0 0 1
    outer loop
      vertex 95.8 88 55
      vertex 95 89.6 55
      vertex 95 88 55
    endloop
  endfacet
  facet normal -0 0 1
    outer loop
      vertex 95 81.6 55
      vertex 95.8 80 55
      vertex 95.8 81.6 55
    endloop
  endfacet
  facet normal 0 0 1
    outer loop
      vertex 95.8 80 55
      vertex 95 81.6 55
      vertex 95 80 55
    endloop
  endfacet
  facet normal -0 0 1
    outer loop
      vertex 95 73.6 55
      vertex 95.8 72 55
      vertex 95.8 73.6 55
    endloop
  endfacet
  facet normal 0 0 1
    outer loop
      vertex 95.8 72 55
      vertex 95 73.6 55
      vertex 95 72 55
    endloop
  endfacet
  facet normal -0 0 1
    outer loop
      vertex 95 65.6 55
      vertex 95.8 64 55
      vertex 95.8 65.6 55
    endloop
  endfacet
  facet normal 0 0 1
    outer loop
      vertex 95.8 64 55
      vertex 95 65.6 55
      vertex 95 64 55
    endloop
  endfacet
  facet normal -0 0 1
    outer loop
      vertex 95 57.6 55
      vertex 95.8 56 55
      vertex 95.8 57.6 55
    endloop
  endfacet
  facet normal 0 0 1
    outer loop
      vertex 95.8 56 55
      vertex 95 57.6 55
      vertex 95 56 55
    endloop
  endfacet
  facet normal -0 0 1
    outer loop
      vertex 95 49.6 55
      vertex 95.8 48 55
      vertex 95.8 49.6 55
    endloop
  endfacet
  facet normal 0 0 1
    outer loop
      vertex 95.8 48 55
      vertex 95 49.6 55
      vertex 95 48 55
    endloop
  endfacet
  facet normal -0 0 1
    outer loop
      vertex 95 41.6 55
      vertex 95.8 40 55
      vertex 95.8 41.6 55
    endloop
  endfacet
  facet normal 0 0 1
    outer loop
      vertex 95.8 40 55
      vertex 95 41.6 55
      vertex 95 40 55
    endloop
  endfacet
  facet normal -0 0 1
    outer loop
      vertex 95 33.6 55
      vertex 95.8 32 55
      vertex 95.8 33.6 55
    endloop
  endfacet
  facet normal 0 0 1
    outer loop
      vertex 95.8 32 55
      vertex 95 33.6 55
      vertex 95 32 55
    endloop
  endfacet
  facet normal -0 0 1
    outer loop
      vertex 95 25.6 55
      vertex 95.8 24 55
      vertex 95.8 25.6 55
    endloop
  endfacet
  facet normal 0 0 1
    outer loop
      vertex 95.8 24 55
      vertex 95 25.6 55
      vertex 95 24 55
    endloop
  endfacet
  facet normal 0 0 1
    outer loop
      vertex 95 81.6 55
      vertex 92.4 80 55
      vertex 95 80 55
    endloop
  endfacet
  facet normal 0 0 1
    outer loop
      vertex 95 72 55
      vertex 92.4 71.4 55
      vertex 95 65.6 55
    endloop
  endfacet
  facet normal 0 0 1
    outer loop
      vertex 92.4 63.4 55
      vertex 95 64 55
      vertex 92.4 64 55
    endloop
  endfacet
  facet normal 0 0 1
    outer loop
      vertex 92.4 31.4 55
      vertex 95 32 55
      vertex 92.4 32 55
    endloop
  endfacet
  facet normal 0 0 1
    outer loop
      vertex 95 32 55
      vertex 92.4 31.4 55
      vertex 95 25.6 55
    endloop
  endfacet
  facet normal 0 0 1
    outer loop
      vertex 95 24 55
      vertex 94.799 22.75 55
      vertex 94.9489 22.3882 55
    endloop
  endfacet
  facet normal -0 0 1
    outer loop
      vertex 92 31.4 55
      vertex 95 25.6 55
      vertex 92.4 31.4 55
    endloop
  endfacet
  facet normal 0 -0 1
    outer loop
      vertex 93.5 23.5 55
      vertex 95 25.6 55
      vertex 92.4 24 55
    endloop
  endfacet
  facet normal 0 0 1
    outer loop
      vertex 95 24 55
      vertex 94.5607 23.0607 55
      vertex 94.799 22.75 55
    endloop
  endfacet
  facet normal 0 0 1
    outer loop
      vertex 95 24 55
      vertex 94.25 23.299 55
      vertex 94.5607 23.0607 55
    endloop
  endfacet
  facet normal 0 0 1
    outer loop
      vertex 95 24 55
      vertex 93.8882 23.4489 55
      vertex 94.25 23.299 55
    endloop
  endfacet
  facet normal 0 -0 1
    outer loop
      vertex 93.8882 23.4489 55
      vertex 95 25.6 55
      vertex 93.5 23.5 55
    endloop
  endfacet
  facet normal 0 0 1
    outer loop
      vertex 95 25.6 55
      vertex 93.8882 23.4489 55
      vertex 95 24 55
    endloop
  endfacet
  facet normal 0 0 1
    outer loop
      vertex 93.5 23.5 55
      vertex 92.4 24 55
      vertex 93.1118 23.4489 55
    endloop
  endfacet
  facet normal 0 0 1
    outer loop
      vertex 93.1118 23.4489 55
      vertex 92.4 24 55
      vertex 92.75 23.299 55
    endloop
  endfacet
  facet normal -0 0 1
    outer loop
      vertex 92.4 23.4 55
      vertex 92.75 23.299 55
      vertex 92.4 24 55
    endloop
  endfacet
  facet normal 0 0 1
    outer loop
      vertex 92.75 23.299 55
      vertex 92.4 23.4 55
      vertex 92.4393 23.0607 55
    endloop
  endfacet
  facet normal -0 0 1
    outer loop
      vertex 92 23.4 55
      vertex 92.4393 23.0607 55
      vertex 92.4 23.4 55
    endloop
  endfacet
  facet normal 0 0 1
    outer loop
      vertex 92.4393 23.0607 55
      vertex 92 23.4 55
      vertex 92.201 22.75 55
    endloop
  endfacet
  facet normal 0 0 1
    outer loop
      vertex 92.201 22.75 55
      vertex 92 23.4 55
      vertex 92.0511 22.3882 55
    endloop
  endfacet
  facet normal 0 0 1
    outer loop
      vertex 92.0511 22.3882 55
      vertex 92 23.4 55
      vertex 92 22 55
    endloop
  endfacet
  facet normal 1 0 0
    outer loop
      vertex 95 2.4 3
      vertex 95 2.6 55
      vertex 95 2.4 55
    endloop
  endfacet
  facet normal 1 0 0
    outer loop
      vertex 95 8 55
      vertex 95 3.2 55
      vertex 95 8 3
    endloop
  endfacet
  facet normal 1 0 0
    outer loop
      vertex 95 16 55
      vertex 95 9.6 55
      vertex 95 16 3
    endloop
  endfacet
  facet normal 1 0 0
    outer loop
      vertex 95 24 55
      vertex 95 22 55
      vertex 95 24 3
    endloop
  endfacet
  facet normal 1 0 0
    outer loop
      vertex 95 32 55
      vertex 95 25.6 55
      vertex 95 32 3
    endloop
  endfacet
  facet normal 1 0 0
    outer loop
      vertex 95 40 55
      vertex 95 38 47
      vertex 95 40 47
    endloop
  endfacet
  facet normal 1 0 0
    outer loop
      vertex 95 38 47
      vertex 95 37.4 46.5
      vertex 95 38 19.2
    endloop
  endfacet
  facet normal 1 -0 0
    outer loop
      vertex 95 33.6 55
      vertex 95 38 47
      vertex 95 40 55
    endloop
  endfacet
  facet normal 1 0 0
    outer loop
      vertex 95 33.6 46.5
      vertex 95 38 47
      vertex 95 33.6 55
    endloop
  endfacet
  facet normal 1 0 0
    outer loop
      vertex 95 38 47
      vertex 95 33.6 46.5
      vertex 95 37.4 46.5
    endloop
  endfacet
  facet normal 1 -0 0
    outer loop
      vertex 95 37.4 19.5
      vertex 95 38 19.2
      vertex 95 37.4 46.5
    endloop
  endfacet
  facet normal 1 0 0
    outer loop
      vertex 95 37.4 19.5
      vertex 95 37 19.2
      vertex 95 38 19.2
    endloop
  endfacet
  facet normal 1 0 0
    outer loop
      vertex 95 37 19.2
      vertex 95 33.6 19.5
      vertex 95 37 17
    endloop
  endfacet
  facet normal 1 -0 0
    outer loop
      vertex 95 33.6 19.5
      vertex 95 37 19.2
      vertex 95 37.4 19.5
    endloop
  endfacet
  facet normal 1 0 0
    outer loop
      vertex 95 40 17
      vertex 95 37 17
      vertex 95 40 3
    endloop
  endfacet
  facet normal 1 0 0
    outer loop
      vertex 95 48 17
      vertex 95 41.6 17
      vertex 95 48 3
    endloop
  endfacet
  facet normal 1 0 0
    outer loop
      vertex 95 56 17
      vertex 95 49.6 17
      vertex 95 56 3
    endloop
  endfacet
  facet normal 1 0 0
    outer loop
      vertex 95 64 17
      vertex 95 57.6 17
      vertex 95 64 3
    endloop
  endfacet
  facet normal 1 0 0
    outer loop
      vertex 95 72 17
      vertex 95 65.6 17
      vertex 95 72 3
    endloop
  endfacet
  facet normal 1 0 0
    outer loop
      vertex 95 77.6 19.5
      vertex 95 80 55
      vertex 95 77.6 46.5
    endloop
  endfacet
  facet normal 1 -0 0
    outer loop
      vertex 95 73.6 55
      vertex 95 77.6 46.5
      vertex 95 80 55
    endloop
  endfacet
  facet normal 1 0 0
    outer loop
      vertex 95 77.6 46.5
      vertex 95 73.6 55
      vertex 95 73.6 46.5
    endloop
  endfacet
  facet normal 1 0 0
    outer loop
      vertex 95 88 55
      vertex 95 81.6 55
      vertex 95 88 3
    endloop
  endfacet
  facet normal 1 0 0
    outer loop
      vertex 95 96 55
      vertex 95 92 55
      vertex 95 96 3
    endloop
  endfacet
  facet normal 1 0 0
    outer loop
      vertex 95 104 55
      vertex 95 97.6 55
      vertex 95 104 3
    endloop
  endfacet
  facet normal 1 0 0
    outer loop
      vertex 95 109.6 55
      vertex 95 105.6 55
      vertex 95 109.6 3
    endloop
  endfacet
  facet normal 1 -0 0
    outer loop
      vertex 95 109.6 3
      vertex 95 112 0
      vertex 95 112 3
    endloop
  endfacet
  facet normal 1 0 0
    outer loop
      vertex 95 105.6 3
      vertex 95 109.6 3
      vertex 95 105.6 55
    endloop
  endfacet
  facet normal 1 -0 0
    outer loop
      vertex 95 105.6 3
      vertex 95 112 0
      vertex 95 109.6 3
    endloop
  endfacet
  facet normal 1 -0 0
    outer loop
      vertex 95 104 3
      vertex 95 112 0
      vertex 95 105.6 3
    endloop
  endfacet
  facet normal 1 0 0
    outer loop
      vertex 95 97.6 3
      vertex 95 104 3
      vertex 95 97.6 55
    endloop
  endfacet
  facet normal 1 -0 0
    outer loop
      vertex 95 97.6 3
      vertex 95 112 0
      vertex 95 104 3
    endloop
  endfacet
  facet normal 1 -0 0
    outer loop
      vertex 95 96 3
      vertex 95 112 0
      vertex 95 97.6 3
    endloop
  endfacet
  facet normal 1 0 0
    outer loop
      vertex 95 89.6 3
      vertex 95 92 55
      vertex 95 89.6 55
    endloop
  endfacet
  facet normal 1 0 0
    outer loop
      vertex 95 92 55
      vertex 95 89.6 3
      vertex 95 96 3
    endloop
  endfacet
  facet normal 1 -0 0
    outer loop
      vertex 95 89.6 3
      vertex 95 112 0
      vertex 95 96 3
    endloop
  endfacet
  facet normal 1 -0 0
    outer loop
      vertex 95 88 3
      vertex 95 112 0
      vertex 95 89.6 3
    endloop
  endfacet
  facet normal 1 0 0
    outer loop
      vertex 95 81.6 3
      vertex 95 88 3
      vertex 95 81.6 55
    endloop
  endfacet
  facet normal 1 -0 0
    outer loop
      vertex 95 81.6 3
      vertex 95 112 0
      vertex 95 88 3
    endloop
  endfacet
  facet normal 1 -0 0
    outer loop
      vertex 95 80 3
      vertex 95 112 0
      vertex 95 81.6 3
    endloop
  endfacet
  facet normal 1 0 0
    outer loop
      vertex 95 80 55
      vertex 95 77.6 19.5
      vertex 95 80 3
    endloop
  endfacet
  facet normal 1 0 0
    outer loop
      vertex 95 73.6 3
      vertex 95 77.6 19.5
      vertex 95 73.6 19.5
    endloop
  endfacet
  facet normal 1 0 0
    outer loop
      vertex 95 77.6 19.5
      vertex 95 73.6 3
      vertex 95 80 3
    endloop
  endfacet
  facet normal 1 -0 0
    outer loop
      vertex 95 73.6 3
      vertex 95 112 0
      vertex 95 80 3
    endloop
  endfacet
  facet normal 1 -0 0
    outer loop
      vertex 95 72 3
      vertex 95 112 0
      vertex 95 73.6 3
    endloop
  endfacet
  facet normal 1 0 0
    outer loop
      vertex 95 65.6 3
      vertex 95 72 3
      vertex 95 65.6 17
    endloop
  endfacet
  facet normal 1 -0 0
    outer loop
      vertex 95 65.6 3
      vertex 95 112 0
      vertex 95 72 3
    endloop
  endfacet
  facet normal 1 -0 0
    outer loop
      vertex 95 64 3
      vertex 95 112 0
      vertex 95 65.6 3
    endloop
  endfacet
  facet normal 1 0 0
    outer loop
      vertex 95 57.6 3
      vertex 95 64 3
      vertex 95 57.6 17
    endloop
  endfacet
  facet normal 1 -0 0
    outer loop
      vertex 95 57.6 3
      vertex 95 112 0
      vertex 95 64 3
    endloop
  endfacet
  facet normal 1 -0 0
    outer loop
      vertex 95 56 3
      vertex 95 112 0
      vertex 95 57.6 3
    endloop
  endfacet
  facet normal 1 0 0
    outer loop
      vertex 95 49.6 3
      vertex 95 56 3
      vertex 95 49.6 17
    endloop
  endfacet
  facet normal 1 -0 0
    outer loop
      vertex 95 49.6 3
      vertex 95 112 0
      vertex 95 56 3
    endloop
  endfacet
  facet normal 1 0 0
    outer loop
      vertex 95 0 0
      vertex 95 49.6 3
      vertex 95 48 3
    endloop
  endfacet
  facet normal 1 0 0
    outer loop
      vertex 95 41.6 3
      vertex 95 48 3
      vertex 95 41.6 17
    endloop
  endfacet
  facet normal 1 0 0
    outer loop
      vertex 95 0 0
      vertex 95 48 3
      vertex 95 41.6 3
    endloop
  endfacet
  facet normal 1 0 0
    outer loop
      vertex 95 0 0
      vertex 95 41.6 3
      vertex 95 40 3
    endloop
  endfacet
  facet normal 1 0 0
    outer loop
      vertex 95 33.6 3
      vertex 95 37 17
      vertex 95 33.6 19.5
    endloop
  endfacet
  facet normal 1 0 0
    outer loop
      vertex 95 37 17
      vertex 95 33.6 3
      vertex 95 40 3
    endloop
  endfacet
  facet normal 1 0 0
    outer loop
      vertex 95 0 0
      vertex 95 40 3
      vertex 95 33.6 3
    endloop
  endfacet
  facet normal 1 0 0
    outer loop
      vertex 95 0 0
      vertex 95 33.6 3
      vertex 95 32 3
    endloop
  endfacet
  facet normal 1 0 0
    outer loop
      vertex 95 25.6 3
      vertex 95 32 3
      vertex 95 25.6 55
    endloop
  endfacet
  facet normal 1 0 0
    outer loop
      vertex 95 0 0
      vertex 95 32 3
      vertex 95 25.6 3
    endloop
  endfacet
  facet normal 1 0 0
    outer loop
      vertex 95 0 0
      vertex 95 25.6 3
      vertex 95 24 3
    endloop
  endfacet
  facet normal 1 0 0
    outer loop
      vertex 95 17.6 3
      vertex 95 22 55
      vertex 95 17.6 55
    endloop
  endfacet
  facet normal 1 0 0
    outer loop
      vertex 95 22 55
      vertex 95 17.6 3
      vertex 95 24 3
    endloop
  endfacet
  facet normal 1 0 0
    outer loop
      vertex 95 0 0
      vertex 95 24 3
      vertex 95 17.6 3
    endloop
  endfacet
  facet normal 1 0 0
    outer loop
      vertex 95 0 0
      vertex 95 17.6 3
      vertex 95 16 3
    endloop
  endfacet
  facet normal 1 0 0
    outer loop
      vertex 95 9.6 3
      vertex 95 16 3
      vertex 95 9.6 55
    endloop
  endfacet
  facet normal 1 0 0
    outer loop
      vertex 95 0 0
      vertex 95 16 3
      vertex 95 9.6 3
    endloop
  endfacet
  facet normal 1 0 0
    outer loop
      vertex 95 0 0
      vertex 95 9.6 3
      vertex 95 8 3
    endloop
  endfacet
  facet normal 1 0 0
    outer loop
      vertex 95 3.2 2
      vertex 95 8 3
      vertex 95 3.2 55
    endloop
  endfacet
  facet normal 1 0 0
    outer loop
      vertex 95 0 0
      vertex 95 8 3
      vertex 95 3.2 2
    endloop
  endfacet
  facet normal 1 0 0
    outer loop
      vertex 95 0 0
      vertex 95 3.2 2
      vertex 95 2.6 2
    endloop
  endfacet
  facet normal 1 0 0
    outer loop
      vertex 95 2.6 55
      vertex 95 2.4 3
      vertex 95 2.6 2
    endloop
  endfacet
  facet normal 1 -0 0
    outer loop
      vertex 95 0 3
      vertex 95 2.6 2
      vertex 95 2.4 3
    endloop
  endfacet
  facet normal 1 0 0
    outer loop
      vertex 95 49.6 3
      vertex 95 0 0
      vertex 95 112 0
    endloop
  endfacet
  facet normal 1 0 0
    outer loop
      vertex 95 0 0
      vertex 95 2.6 2
      vertex 95 0 3
    endloop
  endfacet
  facet normal 1 -0 0
    outer loop
      vertex 95 49.6 55
      vertex 95 56 47
      vertex 95 56 55
    endloop
  endfacet
  facet normal 1 0 0
    outer loop
      vertex 95 56 47
      vertex 95 49.6 55
      vertex 95 49.6 47
    endloop
  endfacet
  facet normal 1 -0 0
    outer loop
      vertex 95 57.6 55
      vertex 95 64 47
      vertex 95 64 55
    endloop
  endfacet
  facet normal 1 0 0
    outer loop
      vertex 95 64 47
      vertex 95 57.6 55
      vertex 95 57.6 47
    endloop
  endfacet
  facet normal 1 -0 0
    outer loop
      vertex 95 65.6 55
      vertex 95 72 47
      vertex 95 72 55
    endloop
  endfacet
  facet normal 1 0 0
    outer loop
      vertex 95 72 47
      vertex 95 65.6 55
      vertex 95 65.6 47
    endloop
  endfacet
  facet normal 1 -0 0
    outer loop
      vertex 95 41.6 55
      vertex 95 48 47
      vertex 95 48 55
    endloop
  endfacet
  facet normal 1 0 0
    outer loop
      vertex 95 48 47
      vertex 95 41.6 55
      vertex 95 41.6 47
    endloop
  endfacet
  facet normal 0 1 0
    outer loop
      vertex 95 112 3
      vertex 92.4 112 2
      vertex 92.6 112 3
    endloop
  endfacet
  facet normal 0 1 0
    outer loop
      vertex 95 112 0
      vertex 91.8 112 2
      vertex 92.4 112 2
    endloop
  endfacet
  facet normal 0 1 0
    outer loop
      vertex 91.8 112 2
      vertex 95 112 0
      vertex 3.2 112 2
    endloop
  endfacet
  facet normal 0 1 0
    outer loop
      vertex 0 112 0
      vertex 3.2 112 2
      vertex 95 112 0
    endloop
  endfacet
  facet normal 0 1 -0
    outer loop
      vertex 95 112 0
      vertex 92.4 112 2
      vertex 95 112 3
    endloop
  endfacet
  facet normal 0 1 -0
    outer loop
      vertex 92.6 112 3
      vertex 92.4 112 55
      vertex 92.6 112 55
    endloop
  endfacet
  facet normal 0 1 0
    outer loop
      vertex 92.4 112 55
      vertex 92.6 112 3
      vertex 92.4 112 2
    endloop
  endfacet
  facet normal 0 1 0
    outer loop
      vertex 91.8 112 55
      vertex 87 112 3
      vertex 87 112 55
    endloop
  endfacet
  facet normal 0 1 0
    outer loop
      vertex 91.8 112 2
      vertex 85.4 112 3
      vertex 87 112 3
    endloop
  endfacet
  facet normal 0 1 0
    outer loop
      vertex 85.4 112 3
      vertex 91.8 112 2
      vertex 79 112 3
    endloop
  endfacet
  facet normal 0 1 0
    outer loop
      vertex 79 112 3
      vertex 91.8 112 2
      vertex 77.4 112 3
    endloop
  endfacet
  facet normal 0 1 0
    outer loop
      vertex 77.4 112 3
      vertex 91.8 112 2
      vertex 71 112 3
    endloop
  endfacet
  facet normal 0 1 0
    outer loop
      vertex 71 112 3
      vertex 91.8 112 2
      vertex 69.4 112 3
    endloop
  endfacet
  facet normal 0 1 0
    outer loop
      vertex 69.4 112 3
      vertex 91.8 112 2
      vertex 63 112 3
    endloop
  endfacet
  facet normal 0 1 0
    outer loop
      vertex 63 112 3
      vertex 91.8 112 2
      vertex 61.4 112 3
    endloop
  endfacet
  facet normal 0 1 0
    outer loop
      vertex 61.4 112 3
      vertex 91.8 112 2
      vertex 55 112 3
    endloop
  endfacet
  facet normal 0 1 0
    outer loop
      vertex 55 112 3
      vertex 91.8 112 2
      vertex 53.4 112 3
    endloop
  endfacet
  facet normal 0 1 0
    outer loop
      vertex 53.4 112 3
      vertex 91.8 112 2
      vertex 47 112 3
    endloop
  endfacet
  facet normal 0 1 0
    outer loop
      vertex 47 112 3
      vertex 91.8 112 2
      vertex 45.4 112 3
    endloop
  endfacet
  facet normal 0 1 0
    outer loop
      vertex 45.4 112 3
      vertex 91.8 112 2
      vertex 39 112 3
    endloop
  endfacet
  facet normal 0 1 0
    outer loop
      vertex 3.2 112 2
      vertex 39 112 3
      vertex 91.8 112 2
    endloop
  endfacet
  facet normal 0 1 0
    outer loop
      vertex 39 112 3
      vertex 3.2 112 2
      vertex 37.4 112 3
    endloop
  endfacet
  facet normal 0 1 0
    outer loop
      vertex 37.4 112 3
      vertex 3.2 112 2
      vertex 31 112 3
    endloop
  endfacet
  facet normal 0 1 0
    outer loop
      vertex 31 112 3
      vertex 3.2 112 2
      vertex 29.4 112 3
    endloop
  endfacet
  facet normal 0 1 0
    outer loop
      vertex 29.4 112 3
      vertex 3.2 112 2
      vertex 23 112 3
    endloop
  endfacet
  facet normal 0 1 0
    outer loop
      vertex 23 112 3
      vertex 3.2 112 2
      vertex 21.4 112 3
    endloop
  endfacet
  facet normal 0 1 0
    outer loop
      vertex 21.4 112 3
      vertex 3.2 112 2
      vertex 15 112 3
    endloop
  endfacet
  facet normal 0 1 0
    outer loop
      vertex 13.4 112 3
      vertex 3.2 112 2
      vertex 7 112 3
    endloop
  endfacet
  facet normal 0 1 0
    outer loop
      vertex 15 112 3
      vertex 3.2 112 2
      vertex 13.4 112 3
    endloop
  endfacet
  facet normal 0 1 -0
    outer loop
      vertex 91.8 112 2
      vertex 87 112 3
      vertex 91.8 112 55
    endloop
  endfacet
  facet normal 0 1 -0
    outer loop
      vertex 85.4 112 3
      vertex 79 112 55
      vertex 85.4 112 55
    endloop
  endfacet
  facet normal 0 1 0
    outer loop
      vertex 79 112 55
      vertex 85.4 112 3
      vertex 79 112 3
    endloop
  endfacet
  facet normal 0 1 0
    outer loop
      vertex 77.4 112 55
      vertex 71.6 112 46.5
      vertex 71 112 55
    endloop
  endfacet
  facet normal 0 1 0
    outer loop
      vertex 77.4 112 55
      vertex 71.6 112 19.5
      vertex 71.6 112 46.5
    endloop
  endfacet
  facet normal 0 1 -0
    outer loop
      vertex 77.4 112 3
      vertex 71.6 112 19.5
      vertex 77.4 112 55
    endloop
  endfacet
  facet normal 0 1 0
    outer loop
      vertex 71 112 3
      vertex 71.6 112 19.5
      vertex 77.4 112 3
    endloop
  endfacet
  facet normal 0 1 0
    outer loop
      vertex 71.6 112 19.5
      vertex 71 112 3
      vertex 71 112 19.5
    endloop
  endfacet
  facet normal 0 1 0
    outer loop
      vertex 71 112 55
      vertex 71.6 112 46.5
      vertex 71 112 46.5
    endloop
  endfacet
  facet normal 0 1 0
    outer loop
      vertex 69.4 112 19.5
      vertex 67 112 19.2
      vertex 66.6 112 19.5
    endloop
  endfacet
  facet normal 0 1 0
    outer loop
      vertex 69.4 112 19.5
      vertex 67 112 17
      vertex 67 112 19.2
    endloop
  endfacet
  facet normal 0 1 -0
    outer loop
      vertex 69.4 112 3
      vertex 67 112 17
      vertex 69.4 112 19.5
    endloop
  endfacet
  facet normal 0 1 0
    outer loop
      vertex 63 112 3
      vertex 67 112 17
      vertex 69.4 112 3
    endloop
  endfacet
  facet normal 0 1 0
    outer loop
      vertex 67 112 17
      vertex 63 112 3
      vertex 63 112 17
    endloop
  endfacet
  facet normal 0 1 0
    outer loop
      vertex 69.4 112 55
      vertex 66 112 47
      vertex 63 112 55
    endloop
  endfacet
  facet normal 0 1 -0
    outer loop
      vertex 69.4 112 46.5
      vertex 66 112 47
      vertex 69.4 112 55
    endloop
  endfacet
  facet normal 0 1 -0
    outer loop
      vertex 66.6 112 46.5
      vertex 66 112 47
      vertex 69.4 112 46.5
    endloop
  endfacet
  facet normal 0 1 0
    outer loop
      vertex 66 112 19.2
      vertex 66.6 112 46.5
      vertex 66.6 112 19.5
    endloop
  endfacet
  facet normal 0 1 0
    outer loop
      vertex 66.6 112 46.5
      vertex 66 112 19.2
      vertex 66 112 47
    endloop
  endfacet
  facet normal 0 1 0
    outer loop
      vertex 66 112 19.2
      vertex 66.6 112 19.5
      vertex 67 112 19.2
    endloop
  endfacet
  facet normal 0 1 0
    outer loop
      vertex 63 112 55
      vertex 66 112 47
      vertex 63 112 47
    endloop
  endfacet
  facet normal 0 1 -0
    outer loop
      vertex 61.4 112 3
      vertex 55 112 17
      vertex 61.4 112 17
    endloop
  endfacet
  facet normal 0 1 0
    outer loop
      vertex 55 112 17
      vertex 61.4 112 3
      vertex 55 112 3
    endloop
  endfacet
  facet normal 0 1 -0
    outer loop
      vertex 53.4 112 3
      vertex 47 112 17
      vertex 53.4 112 17
    endloop
  endfacet
  facet normal 0 1 0
    outer loop
      vertex 47 112 17
      vertex 53.4 112 3
      vertex 47 112 3
    endloop
  endfacet
  facet normal 0 1 -0
    outer loop
      vertex 45.4 112 3
      vertex 39 112 17
      vertex 45.4 112 17
    endloop
  endfacet
  facet normal 0 1 0
    outer loop
      vertex 39 112 17
      vertex 45.4 112 3
      vertex 39 112 3
    endloop
  endfacet
  facet normal 0 1 -0
    outer loop
      vertex 37.4 112 3
      vertex 31 112 17
      vertex 37.4 112 17
    endloop
  endfacet
  facet normal 0 1 0
    outer loop
      vertex 31 112 17
      vertex 37.4 112 3
      vertex 31 112 3
    endloop
  endfacet
  facet normal 0 1 -0
    outer loop
      vertex 21.4 112 3
      vertex 15 112 55
      vertex 21.4 112 55
    endloop
  endfacet
  facet normal 0 1 0
    outer loop
      vertex 15 112 55
      vertex 21.4 112 3
      vertex 15 112 3
    endloop
  endfacet
  facet normal 0 1 -0
    outer loop
      vertex 13.4 112 3
      vertex 7 112 55
      vertex 13.4 112 55
    endloop
  endfacet
  facet normal 0 1 0
    outer loop
      vertex 7 112 55
      vertex 13.4 112 3
      vertex 7 112 3
    endloop
  endfacet
  facet normal 0 1 0
    outer loop
      vertex 29.4 112 17
      vertex 29.4 112 3
      vertex 27 112 17
    endloop
  endfacet
  facet normal 0 -1 0
    outer loop
      vertex 27.5088 112 29.6703
      vertex 27.5032 112 29.6762
      vertex 27.5066 112 29.6726
    endloop
  endfacet
  facet normal 0 1 0
    outer loop
      vertex 27.5032 112 29.6762
      vertex 27.4 112 19.5
      vertex 27.4 112 29.8192
    endloop
  endfacet
  facet normal 0 1 0
    outer loop
      vertex 27.5088 112 29.6703
      vertex 27.4 112 19.5
      vertex 27.5032 112 29.6762
    endloop
  endfacet
  facet normal 0 1 0
    outer loop
      vertex 27.8836 112 29.4401
      vertex 27.4 112 19.5
      vertex 27.5088 112 29.6703
    endloop
  endfacet
  facet normal 0 1 0
    outer loop
      vertex 27.9396 112 29.4185
      vertex 27.4 112 19.5
      vertex 27.8836 112 29.4401
    endloop
  endfacet
  facet normal 0 1 0
    outer loop
      vertex 28 112 29.3952
      vertex 27.4 112 19.5
      vertex 27.9396 112 29.4185
    endloop
  endfacet
  facet normal 0 1 -0
    outer loop
      vertex 28 112 19.2
      vertex 27.4 112 19.5
      vertex 28 112 29.3952
    endloop
  endfacet
  facet normal 0 1 0
    outer loop
      vertex 27 112 19.2
      vertex 27.4 112 19.5
      vertex 28 112 19.2
    endloop
  endfacet
  facet normal 0 1 0
    outer loop
      vertex 27.4 112 19.5
      vertex 27 112 19.2
      vertex 23 112 19.5
    endloop
  endfacet
  facet normal 0 1 -0
    outer loop
      vertex 27 112 17
      vertex 23 112 19.5
      vertex 27 112 19.2
    endloop
  endfacet
  facet normal 0 1 0
    outer loop
      vertex 23 112 3
      vertex 27 112 17
      vertex 29.4 112 3
    endloop
  endfacet
  facet normal 0 1 0
    outer loop
      vertex 27 112 17
      vertex 23 112 3
      vertex 23 112 19.5
    endloop
  endfacet
  facet normal 0 1 -0
    outer loop
      vertex 5.4 112 3
      vertex 3.2 112 55
      vertex 5.4 112 55
    endloop
  endfacet
  facet normal 0 1 0
    outer loop
      vertex 5.4 112 3
      vertex 3.2 112 2
      vertex 3.2 112 55
    endloop
  endfacet
  facet normal 0 1 0
    outer loop
      vertex 7 112 3
      vertex 3.2 112 2
      vertex 5.4 112 3
    endloop
  endfacet
  facet normal 0 1 0
    outer loop
      vertex 2.6 112 55
      vertex 2.4 112 3
      vertex 2.4 112 55
    endloop
  endfacet
  facet normal 0 1 -0
    outer loop
      vertex 2.6 112 2
      vertex 2.4 112 3
      vertex 2.6 112 55
    endloop
  endfacet
  facet normal 0 1 0
    outer loop
      vertex 2.6 112 2
      vertex 0 112 3
      vertex 2.4 112 3
    endloop
  endfacet
  facet normal 0 1 0
    outer loop
      vertex 2.6 112 2
      vertex 0 112 0
      vertex 0 112 3
    endloop
  endfacet
  facet normal 0 1 0
    outer loop
      vertex 3.2 112 2
      vertex 0 112 0
      vertex 2.6 112 2
    endloop
  endfacet
  facet normal 0 1 -0
    outer loop
      vertex 28 112 31.8934
      vertex 27.4 112 46.5
      vertex 28 112 47
    endloop
  endfacet
  facet normal 0 1 -0
    outer loop
      vertex 27.9396 112 31.8701
      vertex 27.4 112 46.5
      vertex 28 112 31.8934
    endloop
  endfacet
  facet normal 0 1 -0
    outer loop
      vertex 27.8836 112 31.8484
      vertex 27.4 112 46.5
      vertex 27.9396 112 31.8701
    endloop
  endfacet
  facet normal 0 1 -0
    outer loop
      vertex 27.5088 112 31.6183
      vertex 27.4 112 46.5
      vertex 27.8836 112 31.8484
    endloop
  endfacet
  facet normal 0 1 -0
    outer loop
      vertex 27.5066 112 31.616
      vertex 27.4 112 46.5
      vertex 27.5088 112 31.6183
    endloop
  endfacet
  facet normal 0 1 -0
    outer loop
      vertex 27.5032 112 31.6124
      vertex 27.4 112 46.5
      vertex 27.5066 112 31.616
    endloop
  endfacet
  facet normal 0 1 0
    outer loop
      vertex 27.4 112 46.5
      vertex 27.5032 112 31.6124
      vertex 27.4 112 31.4694
    endloop
  endfacet
  facet normal 0 1 0
    outer loop
      vertex 28 112 47
      vertex 29.4 112 55
      vertex 29.4 112 47
    endloop
  endfacet
  facet normal 0 1 0
    outer loop
      vertex 29.4 112 55
      vertex 28 112 47
      vertex 23 112 55
    endloop
  endfacet
  facet normal 0 1 0
    outer loop
      vertex 23 112 46.5
      vertex 28 112 47
      vertex 27.4 112 46.5
    endloop
  endfacet
  facet normal 0 1 0
    outer loop
      vertex 28 112 47
      vertex 23 112 46.5
      vertex 23 112 55
    endloop
  endfacet
  facet normal 0 1 -0
    outer loop
      vertex 37.4 112 47
      vertex 31 112 55
      vertex 37.4 112 55
    endloop
  endfacet
  facet normal 0 1 0
    outer loop
      vertex 31 112 55
      vertex 37.4 112 47
      vertex 31 112 47
    endloop
  endfacet
  facet normal 0 1 -0
    outer loop
      vertex 45.4 112 47
      vertex 39 112 55
      vertex 45.4 112 55
    endloop
  endfacet
  facet normal 0 1 0
    outer loop
      vertex 39 112 55
      vertex 45.4 112 47
      vertex 39 112 47
    endloop
  endfacet
  facet normal 0 1 -0
    outer loop
      vertex 53.4 112 47
      vertex 47 112 55
      vertex 53.4 112 55
    endloop
  endfacet
  facet normal 0 1 0
    outer loop
      vertex 47 112 55
      vertex 53.4 112 47
      vertex 47 112 47
    endloop
  endfacet
  facet normal 0 1 -0
    outer loop
      vertex 61.4 112 47
      vertex 55 112 55
      vertex 61.4 112 55
    endloop
  endfacet
  facet normal 0 1 0
    outer loop
      vertex 55 112 55
      vertex 61.4 112 47
      vertex 55 112 47
    endloop
  endfacet
  facet normal 0 1 -0
    outer loop
      vertex 3.2 112 2
      vertex 2.6 112 55
      vertex 3.2 112 55
    endloop
  endfacet
  facet normal 0 1 0
    outer loop
      vertex 2.6 112 55
      vertex 3.2 112 2
      vertex 2.6 112 2
    endloop
  endfacet
  facet normal 0 0 -1
    outer loop
      vertex 0 0 0
      vertex 95 112 0
      vertex 95 0 0
    endloop
  endfacet
  facet normal -0 0 -1
    outer loop
      vertex 95 112 0
      vertex 0 0 0
      vertex 0 112 0
    endloop
  endfacet
  facet normal 0 -1 0
    outer loop
      vertex 0 0 3
      vertex 2.6 0 2
      vertex 2.4 0 3
    endloop
  endfacet
  facet normal 0 -1 0
    outer loop
      vertex 0 0 0
      vertex 3.2 0 2
      vertex 2.6 0 2
    endloop
  endfacet
  facet normal 0 -1 -0
    outer loop
      vertex 12 0 1
      vertex 0 0 0
      vertex 82 0 1
    endloop
  endfacet
  facet normal 0 -1 -0
    outer loop
      vertex 3.2 0 2
      vertex 0 0 0
      vertex 12 0 1
    endloop
  endfacet
  facet normal 0 -1 0
    outer loop
      vertex 0 0 0
      vertex 2.6 0 2
      vertex 0 0 3
    endloop
  endfacet
  facet normal 0 -1 0
    outer loop
      vertex 2.4 0 3
      vertex 2.6 0 55
      vertex 2.4 0 55
    endloop
  endfacet
  facet normal 0 -1 -0
    outer loop
      vertex 2.6 0 55
      vertex 2.4 0 3
      vertex 2.6 0 2
    endloop
  endfacet
  facet normal 0 -1 0
    outer loop
      vertex 82 0 45
      vertex 81.6 0 55
      vertex 81.6 0 45
    endloop
  endfacet
  facet normal 0 -1 0
    outer loop
      vertex 81.6 0 55
      vertex 82 0 45
      vertex 88 0 55
    endloop
  endfacet
  facet normal 0 -1 0
    outer loop
      vertex 82 0 45
      vertex 88 0 34.9
      vertex 88 0 55
    endloop
  endfacet
  facet normal 0 -1 0
    outer loop
      vertex 82 0 45
      vertex 87.7671 0 34.8693
      vertex 88 0 34.9
    endloop
  endfacet
  facet normal 0 -1 0
    outer loop
      vertex 82 0 45
      vertex 87.55 0 34.7794
      vertex 87.7671 0 34.8693
    endloop
  endfacet
  facet normal 0 -1 0
    outer loop
      vertex 82 0 45
      vertex 87.3636 0 34.6364
      vertex 87.55 0 34.7794
    endloop
  endfacet
  facet normal 0 -1 0
    outer loop
      vertex 82 0 45
      vertex 87.2206 0 34.45
      vertex 87.3636 0 34.6364
    endloop
  endfacet
  facet normal 0 -1 0
    outer loop
      vertex 82 0 45
      vertex 87.1307 0 34.2329
      vertex 87.2206 0 34.45
    endloop
  endfacet
  facet normal 0 -1 0
    outer loop
      vertex 82 0 45
      vertex 87.1 0 34
      vertex 87.1307 0 34.2329
    endloop
  endfacet
  facet normal 0 -1 0
    outer loop
      vertex 82 0 45
      vertex 87.1307 0 33.7671
      vertex 87.1 0 34
    endloop
  endfacet
  facet normal 0 -1 0
    outer loop
      vertex 82 0 1
      vertex 87.1307 0 33.7671
      vertex 82 0 45
    endloop
  endfacet
  facet normal 0 -1 0
    outer loop
      vertex 87.7671 0 33.1307
      vertex 88 0 3
      vertex 88 0 33.1
    endloop
  endfacet
  facet normal 0 -1 0
    outer loop
      vertex 87.55 0 33.2206
      vertex 88 0 3
      vertex 87.7671 0 33.1307
    endloop
  endfacet
  facet normal 0 -1 0
    outer loop
      vertex 82 0 1
      vertex 87.55 0 33.2206
      vertex 87.3636 0 33.3636
    endloop
  endfacet
  facet normal 0 -1 0
    outer loop
      vertex 82 0 1
      vertex 87.3636 0 33.3636
      vertex 87.2206 0 33.55
    endloop
  endfacet
  facet normal 0 -1 -0
    outer loop
      vertex 87.1307 0 33.7671
      vertex 82 0 1
      vertex 87.2206 0 33.55
    endloop
  endfacet
  facet normal 0 -1 0
    outer loop
      vertex 88 0 3
      vertex 91.8 0 2
      vertex 89.6 0 3
    endloop
  endfacet
  facet normal 0 -1 0
    outer loop
      vertex 95 0 0
      vertex 91.8 0 2
      vertex 82 0 1
    endloop
  endfacet
  facet normal 0 -1 -0
    outer loop
      vertex 88 0 3
      vertex 82 0 1
      vertex 91.8 0 2
    endloop
  endfacet
  facet normal 0 -1 -0
    outer loop
      vertex 87.55 0 33.2206
      vertex 82 0 1
      vertex 88 0 3
    endloop
  endfacet
  facet normal 0 -1 0
    outer loop
      vertex 89.6 0 3
      vertex 91.8 0 55
      vertex 89.6 0 55
    endloop
  endfacet
  facet normal 0 -1 -0
    outer loop
      vertex 91.8 0 55
      vertex 89.6 0 3
      vertex 91.8 0 2
    endloop
  endfacet
  facet normal 0 -1 0
    outer loop
      vertex 3.2 0 55
      vertex 8 0 3
      vertex 8 0 55
    endloop
  endfacet
  facet normal 0 -1 0
    outer loop
      vertex 12 0 1
      vertex 8 0 3
      vertex 3.2 0 2
    endloop
  endfacet
  facet normal 0 -1 0
    outer loop
      vertex 3.2 0 2
      vertex 8 0 3
      vertex 3.2 0 55
    endloop
  endfacet
  facet normal 0 -1 0
    outer loop
      vertex 9.6 0 55
      vertex 12 0 45
      vertex 16 0 55
    endloop
  endfacet
  facet normal 0 -1 0
    outer loop
      vertex 9.6 0 3
      vertex 12 0 45
      vertex 9.6 0 55
    endloop
  endfacet
  facet normal 0 -1 0
    outer loop
      vertex 9.6 0 3
      vertex 12 0 1
      vertex 12 0 45
    endloop
  endfacet
  facet normal 0 -1 0
    outer loop
      vertex 8 0 3
      vertex 12 0 1
      vertex 9.6 0 3
    endloop
  endfacet
  facet normal 0 -1 -0
    outer loop
      vertex 16 0 55
      vertex 12 0 45
      vertex 16 0 45
    endloop
  endfacet
  facet normal 0 -1 0
    outer loop
      vertex 92.4 0 55
      vertex 92.6 0 3
      vertex 92.6 0 55
    endloop
  endfacet
  facet normal 0 -1 0
    outer loop
      vertex 92.4 0 2
      vertex 92.6 0 3
      vertex 92.4 0 55
    endloop
  endfacet
  facet normal 0 -1 0
    outer loop
      vertex 92.4 0 2
      vertex 95 0 3
      vertex 92.6 0 3
    endloop
  endfacet
  facet normal 0 -1 0
    outer loop
      vertex 92.4 0 2
      vertex 95 0 0
      vertex 95 0 3
    endloop
  endfacet
  facet normal 0 -1 0
    outer loop
      vertex 91.8 0 2
      vertex 95 0 0
      vertex 92.4 0 2
    endloop
  endfacet
  facet normal 0 -1 0
    outer loop
      vertex 95 0 0
      vertex 82 0 1
      vertex 0 0 0
    endloop
  endfacet
  facet normal 0 -1 0
    outer loop
      vertex 17.6 0 45
      vertex 24 0 55
      vertex 17.6 0 55
    endloop
  endfacet
  facet normal 0 -1 -0
    outer loop
      vertex 24 0 55
      vertex 17.6 0 45
      vertex 24 0 45
    endloop
  endfacet
  facet normal 0 -1 0
    outer loop
      vertex 25.6 0 45
      vertex 32 0 55
      vertex 25.6 0 55
    endloop
  endfacet
  facet normal 0 -1 -0
    outer loop
      vertex 32 0 55
      vertex 25.6 0 45
      vertex 32 0 45
    endloop
  endfacet
  facet normal 0 -1 0
    outer loop
      vertex 33.6 0 45
      vertex 40 0 55
      vertex 33.6 0 55
    endloop
  endfacet
  facet normal 0 -1 -0
    outer loop
      vertex 40 0 55
      vertex 33.6 0 45
      vertex 40 0 45
    endloop
  endfacet
  facet normal 0 -1 0
    outer loop
      vertex 41.6 0 45
      vertex 48 0 55
      vertex 41.6 0 55
    endloop
  endfacet
  facet normal 0 -1 -0
    outer loop
      vertex 48 0 55
      vertex 41.6 0 45
      vertex 48 0 45
    endloop
  endfacet
  facet normal 0 -1 0
    outer loop
      vertex 49.6 0 45
      vertex 56 0 55
      vertex 49.6 0 55
    endloop
  endfacet
  facet normal 0 -1 -0
    outer loop
      vertex 56 0 55
      vertex 49.6 0 45
      vertex 56 0 45
    endloop
  endfacet
  facet normal 0 -1 0
    outer loop
      vertex 57.6 0 45
      vertex 64 0 55
      vertex 57.6 0 55
    endloop
  endfacet
  facet normal 0 -1 -0
    outer loop
      vertex 64 0 55
      vertex 57.6 0 45
      vertex 64 0 45
    endloop
  endfacet
  facet normal 0 -1 0
    outer loop
      vertex 65.6 0 45
      vertex 72 0 55
      vertex 65.6 0 55
    endloop
  endfacet
  facet normal 0 -1 -0
    outer loop
      vertex 72 0 55
      vertex 65.6 0 45
      vertex 72 0 45
    endloop
  endfacet
  facet normal 0 -1 0
    outer loop
      vertex 73.6 0 45
      vertex 80 0 55
      vertex 73.6 0 55
    endloop
  endfacet
  facet normal 0 -1 -0
    outer loop
      vertex 80 0 55
      vertex 73.6 0 45
      vertex 80 0 45
    endloop
  endfacet
  facet normal 0 -1 0
    outer loop
      vertex 91.8 0 2
      vertex 92.4 0 55
      vertex 91.8 0 55
    endloop
  endfacet
  facet normal 0 -1 -0
    outer loop
      vertex 92.4 0 55
      vertex 91.8 0 2
      vertex 92.4 0 2
    endloop
  endfacet
  facet normal 1 -0 0
    outer loop
      vertex 3 3 55
      vertex 3 8 3
      vertex 3 8 55
    endloop
  endfacet
  facet normal 1 0 0
    outer loop
      vertex 3 8 3
      vertex 3 3 55
      vertex 3 3 3
    endloop
  endfacet
  facet normal 1 -0 0
    outer loop
      vertex 3 104.6 55
      vertex 3 109 3
      vertex 3 109 55
    endloop
  endfacet
  facet normal 1 0 0
    outer loop
      vertex 3 109 3
      vertex 3 104.6 55
      vertex 3 104.6 3
    endloop
  endfacet
  facet normal 1 -0 0
    outer loop
      vertex 3 22 55
      vertex 3 24 3
      vertex 3 24 55
    endloop
  endfacet
  facet normal 1 0 0
    outer loop
      vertex 3 16.6 3
      vertex 3 22 55
      vertex 3 16.6 55
    endloop
  endfacet
  facet normal 1 0 0
    outer loop
      vertex 3 22 55
      vertex 3 16.6 3
      vertex 3 24 3
    endloop
  endfacet
  facet normal 1 -0 0
    outer loop
      vertex 3 92 55
      vertex 3 96 43
      vertex 3 96 55
    endloop
  endfacet
  facet normal 1 0 0
    outer loop
      vertex 3 88.6 43
      vertex 3 92 55
      vertex 3 88.6 55
    endloop
  endfacet
  facet normal 1 0 0
    outer loop
      vertex 3 92 55
      vertex 3 88.6 43
      vertex 3 96 43
    endloop
  endfacet
  facet normal 1 0 0
    outer loop
      vertex 3 72 55
      vertex 3 70 43
      vertex 3 72 43
    endloop
  endfacet
  facet normal 1 -0 0
    outer loop
      vertex 3 64.6 55
      vertex 3 70 43
      vertex 3 72 55
    endloop
  endfacet
  facet normal 1 0 0
    outer loop
      vertex 3 64.6 3
      vertex 3 70 43
      vertex 3 64.6 55
    endloop
  endfacet
  facet normal 1 0 0
    outer loop
      vertex 3 70 43
      vertex 3 64.6 3
      vertex 3 70 3
    endloop
  endfacet
  facet normal 1 -0 0
    outer loop
      vertex 3 8.59999 55
      vertex 3 16 3
      vertex 3 16 55
    endloop
  endfacet
  facet normal 1 0 0
    outer loop
      vertex 3 16 3
      vertex 3 8.59999 55
      vertex 3 8.59999 3
    endloop
  endfacet
  facet normal 1 -0 0
    outer loop
      vertex 3 24.6 55
      vertex 3 32 3
      vertex 3 32 55
    endloop
  endfacet
  facet normal 1 0 0
    outer loop
      vertex 3 32 3
      vertex 3 24.6 55
      vertex 3 24.6 3
    endloop
  endfacet
  facet normal 1 -0 0
    outer loop
      vertex 3 32.6 55
      vertex 3 40 3
      vertex 3 40 55
    endloop
  endfacet
  facet normal 1 0 0
    outer loop
      vertex 3 40 3
      vertex 3 32.6 55
      vertex 3 32.6 3
    endloop
  endfacet
  facet normal 1 -0 0
    outer loop
      vertex 3 40.6 55
      vertex 3 48 3
      vertex 3 48 55
    endloop
  endfacet
  facet normal 1 0 0
    outer loop
      vertex 3 48 3
      vertex 3 40.6 55
      vertex 3 40.6 3
    endloop
  endfacet
  facet normal 1 -0 0
    outer loop
      vertex 3 48.6 55
      vertex 3 56 3
      vertex 3 56 55
    endloop
  endfacet
  facet normal 1 0 0
    outer loop
      vertex 3 56 3
      vertex 3 48.6 55
      vertex 3 48.6 3
    endloop
  endfacet
  facet normal 1 -0 0
    outer loop
      vertex 3 56.6 55
      vertex 3 64 3
      vertex 3 64 55
    endloop
  endfacet
  facet normal 1 0 0
    outer loop
      vertex 3 64 3
      vertex 3 56.6 55
      vertex 3 56.6 3
    endloop
  endfacet
  facet normal 1 -0 0
    outer loop
      vertex 3 96.6 55
      vertex 3 104 3
      vertex 3 104 55
    endloop
  endfacet
  facet normal 1 0 0
    outer loop
      vertex 3 104 3
      vertex 3 96.6 55
      vertex 3 96.6 3
    endloop
  endfacet
  facet normal 1 -0 0
    outer loop
      vertex 3 72.6 55
      vertex 3 80 43
      vertex 3 80 55
    endloop
  endfacet
  facet normal 1 0 0
    outer loop
      vertex 3 80 43
      vertex 3 72.6 55
      vertex 3 72.6 43
    endloop
  endfacet
  facet normal 1 -0 0
    outer loop
      vertex 3 80.6 55
      vertex 3 88 43
      vertex 3 88 55
    endloop
  endfacet
  facet normal 1 0 0
    outer loop
      vertex 3 88 43
      vertex 3 80.6 55
      vertex 3 80.6 43
    endloop
  endfacet
  facet normal -1 0 0
    outer loop
      vertex 92 104 3
      vertex 92 109 55
      vertex 92 109 3
    endloop
  endfacet
  facet normal -1 -0 0
    outer loop
      vertex 92 109 55
      vertex 92 104 3
      vertex 92 104 55
    endloop
  endfacet
  facet normal -1 0 0
    outer loop
      vertex 92 3 3
      vertex 92 7.40001 55
      vertex 92 7.40001 3
    endloop
  endfacet
  facet normal -1 -0 0
    outer loop
      vertex 92 7.40001 55
      vertex 92 3 3
      vertex 92 3 55
    endloop
  endfacet
  facet normal -1 0 0
    outer loop
      vertex 92 23.4 3
      vertex 92 22 55
      vertex 92 23.4 55
    endloop
  endfacet
  facet normal -1 0 0
    outer loop
      vertex 92 16 3
      vertex 92 22 55
      vertex 92 23.4 3
    endloop
  endfacet
  facet normal -1 -0 0
    outer loop
      vertex 92 22 55
      vertex 92 16 3
      vertex 92 16 55
    endloop
  endfacet
  facet normal -1 0 0
    outer loop
      vertex 92 95.4 3
      vertex 92 92 55
      vertex 92 95.4 55
    endloop
  endfacet
  facet normal -1 0 0
    outer loop
      vertex 92 88 3
      vertex 92 92 55
      vertex 92 95.4 3
    endloop
  endfacet
  facet normal -1 -0 0
    outer loop
      vertex 92 92 55
      vertex 92 88 3
      vertex 92 88 55
    endloop
  endfacet
  facet normal -1 0 0
    outer loop
      vertex 92 40 3
      vertex 92 47.4 21
      vertex 92 47.4 3
    endloop
  endfacet
  facet normal -1 -0 0
    outer loop
      vertex 92 47.4 21
      vertex 92 40 3
      vertex 92 40 21
    endloop
  endfacet
  facet normal -1 0 0
    outer loop
      vertex 92 71.4 3
      vertex 92 70 21
      vertex 92 71.4 55
    endloop
  endfacet
  facet normal -1 0 0
    outer loop
      vertex 92 64 3
      vertex 92 70 21
      vertex 92 71.4 3
    endloop
  endfacet
  facet normal -1 -0 0
    outer loop
      vertex 92 70 21
      vertex 92 64 3
      vertex 92 64 21
    endloop
  endfacet
  facet normal -1 0 0
    outer loop
      vertex 92 70 45
      vertex 92 71.4 55
      vertex 92 70 21
    endloop
  endfacet
  facet normal -1 0 0
    outer loop
      vertex 92 64 55
      vertex 92 70 45
      vertex 92 64 45
    endloop
  endfacet
  facet normal -1 0 0
    outer loop
      vertex 92 70 45
      vertex 92 64 55
      vertex 92 71.4 55
    endloop
  endfacet
  facet normal -1 0 0
    outer loop
      vertex 92 40 45
      vertex 92 47.4 55
      vertex 92 47.4 45
    endloop
  endfacet
  facet normal -1 -0 0
    outer loop
      vertex 92 47.4 55
      vertex 92 40 45
      vertex 92 40 55
    endloop
  endfacet
  facet normal -1 0 0
    outer loop
      vertex 92 8 3
      vertex 92 15.4 55
      vertex 92 15.4 3
    endloop
  endfacet
  facet normal -1 -0 0
    outer loop
      vertex 92 15.4 55
      vertex 92 8 3
      vertex 92 8 55
    endloop
  endfacet
  facet normal -1 0 0
    outer loop
      vertex 92 96 3
      vertex 92 103.4 55
      vertex 92 103.4 3
    endloop
  endfacet
  facet normal -1 -0 0
    outer loop
      vertex 92 103.4 55
      vertex 92 96 3
      vertex 92 96 55
    endloop
  endfacet
  facet normal -1 0 0
    outer loop
      vertex 92 80 3
      vertex 92 87.4 55
      vertex 92 87.4 3
    endloop
  endfacet
  facet normal -1 -0 0
    outer loop
      vertex 92 87.4 55
      vertex 92 80 3
      vertex 92 80 55
    endloop
  endfacet
  facet normal -1 0 0
    outer loop
      vertex 92 72 3
      vertex 92 79.4 55
      vertex 92 79.4 3
    endloop
  endfacet
  facet normal -1 -0 0
    outer loop
      vertex 92 79.4 55
      vertex 92 72 3
      vertex 92 72 55
    endloop
  endfacet
  facet normal -1 0 0
    outer loop
      vertex 92 56 3
      vertex 92 63.4 21
      vertex 92 63.4 3
    endloop
  endfacet
  facet normal -1 -0 0
    outer loop
      vertex 92 63.4 21
      vertex 92 56 3
      vertex 92 56 21
    endloop
  endfacet
  facet normal -1 0 0
    outer loop
      vertex 92 48 3
      vertex 92 55.4 21
      vertex 92 55.4 3
    endloop
  endfacet
  facet normal -1 -0 0
    outer loop
      vertex 92 55.4 21
      vertex 92 48 3
      vertex 92 48 21
    endloop
  endfacet
  facet normal -1 0 0
    outer loop
      vertex 92 32 3
      vertex 92 39.4 55
      vertex 92 39.4 3
    endloop
  endfacet
  facet normal -1 -0 0
    outer loop
      vertex 92 39.4 55
      vertex 92 32 3
      vertex 92 32 55
    endloop
  endfacet
  facet normal -1 0 0
    outer loop
      vertex 92 24 3
      vertex 92 31.4 55
      vertex 92 31.4 3
    endloop
  endfacet
  facet normal -1 -0 0
    outer loop
      vertex 92 31.4 55
      vertex 92 24 3
      vertex 92 24 55
    endloop
  endfacet
  facet normal -1 0 0
    outer loop
      vertex 92 56 45
      vertex 92 63.4 55
      vertex 92 63.4 45
    endloop
  endfacet
  facet normal -1 -0 0
    outer loop
      vertex 92 63.4 55
      vertex 92 56 45
      vertex 92 56 55
    endloop
  endfacet
  facet normal -1 0 0
    outer loop
      vertex 92 48 45
      vertex 92 55.4 55
      vertex 92 55.4 45
    endloop
  endfacet
  facet normal -1 -0 0
    outer loop
      vertex 92 55.4 55
      vertex 92 48 45
      vertex 92 48 55
    endloop
  endfacet
  facet normal 0 -1 0
    outer loop
      vertex 88.6 109 3
      vertex 92 109 55
      vertex 88.6 109 55
    endloop
  endfacet
  facet normal 0 -1 -0
    outer loop
      vertex 92 109 55
      vertex 88.6 109 3
      vertex 92 109 3
    endloop
  endfacet
  facet normal 0 -1 0
    outer loop
      vertex 3 109 3
      vertex 8 109 55
      vertex 3 109 55
    endloop
  endfacet
  facet normal 0 -1 -0
    outer loop
      vertex 8 109 55
      vertex 3 109 3
      vertex 8 109 3
    endloop
  endfacet
  facet normal 0 -1 0
    outer loop
      vertex 24.6 109 55
      vertex 30 109 45
      vertex 32 109 55
    endloop
  endfacet
  facet normal 0 -1 0
    outer loop
      vertex 24.6 109 55
      vertex 30 109 21
      vertex 30 109 45
    endloop
  endfacet
  facet normal 0 -1 0
    outer loop
      vertex 24.6 109 3
      vertex 30 109 21
      vertex 24.6 109 55
    endloop
  endfacet
  facet normal 0 -1 0
    outer loop
      vertex 32 109 3
      vertex 30 109 21
      vertex 24.6 109 3
    endloop
  endfacet
  facet normal 0 -1 0
    outer loop
      vertex 30 109 21
      vertex 32 109 3
      vertex 32 109 21
    endloop
  endfacet
  facet normal 0 -1 -0
    outer loop
      vertex 32 109 55
      vertex 30 109 45
      vertex 32 109 45
    endloop
  endfacet
  facet normal 0 -1 0
    outer loop
      vertex 56.6 109 3
      vertex 64 109 21
      vertex 56.6 109 21
    endloop
  endfacet
  facet normal 0 -1 -0
    outer loop
      vertex 64 109 21
      vertex 56.6 109 3
      vertex 64 109 3
    endloop
  endfacet
  facet normal 0 -1 0
    outer loop
      vertex 56.6 109 45
      vertex 64 109 55
      vertex 56.6 109 55
    endloop
  endfacet
  facet normal 0 -1 -0
    outer loop
      vertex 64 109 55
      vertex 56.6 109 45
      vertex 64 109 45
    endloop
  endfacet
  facet normal 0 -1 0
    outer loop
      vertex 8.59999 109 3
      vertex 16 109 55
      vertex 8.59999 109 55
    endloop
  endfacet
  facet normal 0 -1 -0
    outer loop
      vertex 16 109 55
      vertex 8.59999 109 3
      vertex 16 109 3
    endloop
  endfacet
  facet normal 0 -1 0
    outer loop
      vertex 16.6 109 3
      vertex 24 109 55
      vertex 16.6 109 55
    endloop
  endfacet
  facet normal 0 -1 -0
    outer loop
      vertex 24 109 55
      vertex 16.6 109 3
      vertex 24 109 3
    endloop
  endfacet
  facet normal 0 -1 0
    outer loop
      vertex 32.6 109 3
      vertex 40 109 21
      vertex 32.6 109 21
    endloop
  endfacet
  facet normal 0 -1 -0
    outer loop
      vertex 40 109 21
      vertex 32.6 109 3
      vertex 40 109 3
    endloop
  endfacet
  facet normal 0 -1 0
    outer loop
      vertex 40.6 109 3
      vertex 48 109 21
      vertex 40.6 109 21
    endloop
  endfacet
  facet normal 0 -1 -0
    outer loop
      vertex 48 109 21
      vertex 40.6 109 3
      vertex 48 109 3
    endloop
  endfacet
  facet normal 0 -1 0
    outer loop
      vertex 48.6 109 3
      vertex 56 109 21
      vertex 48.6 109 21
    endloop
  endfacet
  facet normal 0 -1 -0
    outer loop
      vertex 56 109 21
      vertex 48.6 109 3
      vertex 56 109 3
    endloop
  endfacet
  facet normal 0 -1 0
    outer loop
      vertex 64.6 109 3
      vertex 72 109 55
      vertex 64.6 109 55
    endloop
  endfacet
  facet normal 0 -1 -0
    outer loop
      vertex 72 109 55
      vertex 64.6 109 3
      vertex 72 109 3
    endloop
  endfacet
  facet normal 0 -1 0
    outer loop
      vertex 72.6 109 3
      vertex 80 109 55
      vertex 72.6 109 55
    endloop
  endfacet
  facet normal 0 -1 -0
    outer loop
      vertex 80 109 55
      vertex 72.6 109 3
      vertex 80 109 3
    endloop
  endfacet
  facet normal 0 -1 0
    outer loop
      vertex 80.6 109 3
      vertex 88 109 55
      vertex 80.6 109 55
    endloop
  endfacet
  facet normal 0 -1 -0
    outer loop
      vertex 88 109 55
      vertex 80.6 109 3
      vertex 88 109 3
    endloop
  endfacet
  facet normal 0 -1 0
    outer loop
      vertex 32.6 109 45
      vertex 40 109 55
      vertex 32.6 109 55
    endloop
  endfacet
  facet normal 0 -1 -0
    outer loop
      vertex 40 109 55
      vertex 32.6 109 45
      vertex 40 109 45
    endloop
  endfacet
  facet normal 0 -1 0
    outer loop
      vertex 40.6 109 45
      vertex 48 109 55
      vertex 40.6 109 55
    endloop
  endfacet
  facet normal 0 -1 -0
    outer loop
      vertex 48 109 55
      vertex 40.6 109 45
      vertex 48 109 45
    endloop
  endfacet
  facet normal 0 -1 0
    outer loop
      vertex 48.6 109 45
      vertex 56 109 55
      vertex 48.6 109 55
    endloop
  endfacet
  facet normal 0 -1 -0
    outer loop
      vertex 56 109 55
      vertex 48.6 109 45
      vertex 56 109 45
    endloop
  endfacet
  facet normal -0 0 1
    outer loop
      vertex 3 16 3
      vertex 3.2 8.59999 3
      vertex 3.2 16 3
    endloop
  endfacet
  facet normal 0 0 1
    outer loop
      vertex 3.2 8.59999 3
      vertex 3 16 3
      vertex 3 8.59999 3
    endloop
  endfacet
  facet normal -0 0 1
    outer loop
      vertex 3 24 3
      vertex 3.2 16.6 3
      vertex 3.2 24 3
    endloop
  endfacet
  facet normal 0 0 1
    outer loop
      vertex 3.2 16.6 3
      vertex 3 24 3
      vertex 3 16.6 3
    endloop
  endfacet
  facet normal -0 0 1
    outer loop
      vertex 3 32 3
      vertex 3.2 24.6 3
      vertex 3.2 32 3
    endloop
  endfacet
  facet normal 0 0 1
    outer loop
      vertex 3.2 24.6 3
      vertex 3 32 3
      vertex 3 24.6 3
    endloop
  endfacet
  facet normal -0 0 1
    outer loop
      vertex 3 40 3
      vertex 3.2 32.6 3
      vertex 3.2 40 3
    endloop
  endfacet
  facet normal 0 0 1
    outer loop
      vertex 3.2 32.6 3
      vertex 3 40 3
      vertex 3 32.6 3
    endloop
  endfacet
  facet normal -0 0 1
    outer loop
      vertex 3 48 3
      vertex 3.2 40.6 3
      vertex 3.2 48 3
    endloop
  endfacet
  facet normal 0 0 1
    outer loop
      vertex 3.2 40.6 3
      vertex 3 48 3
      vertex 3 40.6 3
    endloop
  endfacet
  facet normal -0 0 1
    outer loop
      vertex 3 56 3
      vertex 3.2 48.6 3
      vertex 3.2 56 3
    endloop
  endfacet
  facet normal 0 0 1
    outer loop
      vertex 3.2 48.6 3
      vertex 3 56 3
      vertex 3 48.6 3
    endloop
  endfacet
  facet normal -0 0 1
    outer loop
      vertex 3 64 3
      vertex 3.2 56.6 3
      vertex 3.2 64 3
    endloop
  endfacet
  facet normal 0 0 1
    outer loop
      vertex 3.2 56.6 3
      vertex 3 64 3
      vertex 3 56.6 3
    endloop
  endfacet
  facet normal 0 0 1
    outer loop
      vertex 3.2 72 3
      vertex 3 70 3
      vertex 3.2 64.6 3
    endloop
  endfacet
  facet normal -0 0 1
    outer loop
      vertex 2.6 72 3
      vertex 3 70 3
      vertex 3.2 72 3
    endloop
  endfacet
  facet normal 0 0 1
    outer loop
      vertex 2.6 72 3
      vertex 0 70 3
      vertex 3 70 3
    endloop
  endfacet
  facet normal 0 0 1
    outer loop
      vertex 2.6 72.6 3
      vertex 0 70 3
      vertex 2.6 72 3
    endloop
  endfacet
  facet normal -0 0 1
    outer loop
      vertex 2.6 80 3
      vertex 3.2 72.6 3
      vertex 3.2 80 3
    endloop
  endfacet
  facet normal 0 0 1
    outer loop
      vertex 3.2 72.6 3
      vertex 2.6 80 3
      vertex 2.6 72.6 3
    endloop
  endfacet
  facet normal -0 0 1
    outer loop
      vertex 2.6 88 3
      vertex 3.2 80.6 3
      vertex 3.2 88 3
    endloop
  endfacet
  facet normal 0 0 1
    outer loop
      vertex 3.2 80.6 3
      vertex 2.6 88 3
      vertex 2.6 80.6 3
    endloop
  endfacet
  facet normal -0 0 1
    outer loop
      vertex 2.6 96 3
      vertex 3.2 88.6 3
      vertex 3.2 96 3
    endloop
  endfacet
  facet normal 0 0 1
    outer loop
      vertex 2.6 96 3
      vertex 2.6 88.6 3
      vertex 3.2 88.6 3
    endloop
  endfacet
  facet normal -0 0 1
    outer loop
      vertex 0 96 3
      vertex 2.6 88.6 3
      vertex 2.6 96 3
    endloop
  endfacet
  facet normal 0 0 1
    outer loop
      vertex 2.6 88.6 3
      vertex 0 96 3
      vertex 2.6 88 3
    endloop
  endfacet
  facet normal 0 0 1
    outer loop
      vertex 2.6 88 3
      vertex 0 96 3
      vertex 2.6 80.6 3
    endloop
  endfacet
  facet normal 0 0 1
    outer loop
      vertex 0 70 3
      vertex 2.6 80.6 3
      vertex 0 96 3
    endloop
  endfacet
  facet normal 0 0 1
    outer loop
      vertex 2.6 80.6 3
      vertex 0 70 3
      vertex 2.6 80 3
    endloop
  endfacet
  facet normal 0 0 1
    outer loop
      vertex 2.6 80 3
      vertex 0 70 3
      vertex 2.6 72.6 3
    endloop
  endfacet
  facet normal -0 0 1
    outer loop
      vertex 3 104 3
      vertex 3.2 96.6 3
      vertex 3.2 104 3
    endloop
  endfacet
  facet normal 0 0 1
    outer loop
      vertex 3.2 96.6 3
      vertex 3 104 3
      vertex 3 96.6 3
    endloop
  endfacet
  facet normal -0 0 1
    outer loop
      vertex 3 109 3
      vertex 8 108.8 3
      vertex 8 109 3
    endloop
  endfacet
  facet normal 0 0 1
    outer loop
      vertex 8 108.8 3
      vertex 3.2 56 3
      vertex 7 3.2 3
    endloop
  endfacet
  facet normal 0 0 1
    outer loop
      vertex 8 108.8 3
      vertex 3.2 104 3
      vertex 3.2 96.6 3
    endloop
  endfacet
  facet normal 0 0 1
    outer loop
      vertex 8 108.8 3
      vertex 3.2 104.6 3
      vertex 3.2 104 3
    endloop
  endfacet
  facet normal 0 0 1
    outer loop
      vertex 8 108.8 3
      vertex 3 109 3
      vertex 3.2 104.6 3
    endloop
  endfacet
  facet normal 0 0 1
    outer loop
      vertex 3.2 104.6 3
      vertex 3 109 3
      vertex 3 104.6 3
    endloop
  endfacet
  facet normal 0 0 1
    outer loop
      vertex 8.59999 108.8 3
      vertex 16 108.8 3
      vertex 16 109 3
    endloop
  endfacet
  facet normal 0 0 1
    outer loop
      vertex 16 108.8 3
      vertex 14.4 3.2 3
      vertex 15 3.2 3
    endloop
  endfacet
  facet normal 0 0 1
    outer loop
      vertex 14.4 3.2 3
      vertex 14 3 3
      vertex 14.4 2.6 3
    endloop
  endfacet
  facet normal 0 0 1
    outer loop
      vertex 16 108.8 3
      vertex 8.59999 108.8 3
      vertex 14.4 3.2 3
    endloop
  endfacet
  facet normal 0 0 1
    outer loop
      vertex 8.59999 108.8 3
      vertex 16 109 3
      vertex 8.59999 109 3
    endloop
  endfacet
  facet normal 0 0 1
    outer loop
      vertex 7 3.2 3
      vertex 14.4 3.2 3
      vertex 8.59999 108.8 3
    endloop
  endfacet
  facet normal 0 0 1
    outer loop
      vertex 7 3.2 3
      vertex 8.59999 108.8 3
      vertex 8 108.8 3
    endloop
  endfacet
  facet normal 0 0 1
    outer loop
      vertex 14.4 3.2 3
      vertex 7 3.2 3
      vertex 14 3 3
    endloop
  endfacet
  facet normal 0 0 1
    outer loop
      vertex 14 3 3
      vertex 7 3.2 3
      vertex 7 3 3
    endloop
  endfacet
  facet normal 0 0 1
    outer loop
      vertex 8 108.8 3
      vertex 3.2 96.6 3
      vertex 3.2 96 3
    endloop
  endfacet
  facet normal 0 0 1
    outer loop
      vertex 8 108.8 3
      vertex 3.2 96 3
      vertex 3.2 88.6 3
    endloop
  endfacet
  facet normal 0 0 1
    outer loop
      vertex 8 108.8 3
      vertex 3.2 88.6 3
      vertex 3.2 88 3
    endloop
  endfacet
  facet normal 0 0 1
    outer loop
      vertex 8 108.8 3
      vertex 3.2 88 3
      vertex 3.2 80.6 3
    endloop
  endfacet
  facet normal 0 0 1
    outer loop
      vertex 8 108.8 3
      vertex 3.2 80.6 3
      vertex 3.2 80 3
    endloop
  endfacet
  facet normal 0 0 1
    outer loop
      vertex 8 108.8 3
      vertex 3.2 80 3
      vertex 3.2 72.6 3
    endloop
  endfacet
  facet normal 0 0 1
    outer loop
      vertex 8 108.8 3
      vertex 3.2 72.6 3
      vertex 3.2 72 3
    endloop
  endfacet
  facet normal 0 0 1
    outer loop
      vertex 8 108.8 3
      vertex 3.2 72 3
      vertex 3.2 64.6 3
    endloop
  endfacet
  facet normal 0 0 1
    outer loop
      vertex 8 108.8 3
      vertex 3.2 64.6 3
      vertex 3.2 64 3
    endloop
  endfacet
  facet normal 0 0 1
    outer loop
      vertex 8 108.8 3
      vertex 3.2 64 3
      vertex 3.2 56.6 3
    endloop
  endfacet
  facet normal 0 0 1
    outer loop
      vertex 8 108.8 3
      vertex 3.2 56.6 3
      vertex 3.2 56 3
    endloop
  endfacet
  facet normal -0 0 1
    outer loop
      vertex 3.2 48.6 3
      vertex 7 3.2 3
      vertex 3.2 56 3
    endloop
  endfacet
  facet normal -0 0 1
    outer loop
      vertex 3.2 48 3
      vertex 7 3.2 3
      vertex 3.2 48.6 3
    endloop
  endfacet
  facet normal -0 0 1
    outer loop
      vertex 3.2 40.6 3
      vertex 7 3.2 3
      vertex 3.2 48 3
    endloop
  endfacet
  facet normal -0 0 1
    outer loop
      vertex 3.2 40 3
      vertex 7 3.2 3
      vertex 3.2 40.6 3
    endloop
  endfacet
  facet normal -0 0 1
    outer loop
      vertex 3.2 32.6 3
      vertex 7 3.2 3
      vertex 3.2 40 3
    endloop
  endfacet
  facet normal -0 0 1
    outer loop
      vertex 3.2 32 3
      vertex 7 3.2 3
      vertex 3.2 32.6 3
    endloop
  endfacet
  facet normal -0 0 1
    outer loop
      vertex 3.2 24.6 3
      vertex 7 3.2 3
      vertex 3.2 32 3
    endloop
  endfacet
  facet normal -0 0 1
    outer loop
      vertex 3.2 24 3
      vertex 7 3.2 3
      vertex 3.2 24.6 3
    endloop
  endfacet
  facet normal -0 0 1
    outer loop
      vertex 3.2 16.6 3
      vertex 7 3.2 3
      vertex 3.2 24 3
    endloop
  endfacet
  facet normal -0 0 1
    outer loop
      vertex 3.2 16 3
      vertex 7 3.2 3
      vertex 3.2 16.6 3
    endloop
  endfacet
  facet normal -0 0 1
    outer loop
      vertex 3.2 8.59999 3
      vertex 7 3.2 3
      vertex 3.2 16 3
    endloop
  endfacet
  facet normal -0 0 1
    outer loop
      vertex 3.2 8 3
      vertex 7 3.2 3
      vertex 3.2 8.59999 3
    endloop
  endfacet
  facet normal 0 0 1
    outer loop
      vertex 7 3.2 3
      vertex 3.2 8 3
      vertex 6.40001 3.2 3
    endloop
  endfacet
  facet normal 0 0 1
    outer loop
      vertex 3 3 3
      vertex 6.40001 3.2 3
      vertex 3.2 8 3
    endloop
  endfacet
  facet normal 0 0 1
    outer loop
      vertex 3 3 3
      vertex 3.2 8 3
      vertex 3 8 3
    endloop
  endfacet
  facet normal 0 0 1
    outer loop
      vertex 6.40001 3.2 3
      vertex 3 3 3
      vertex 6.40001 3 3
    endloop
  endfacet
  facet normal 0 0 1
    outer loop
      vertex 3.2 64.6 3
      vertex 3 70 3
      vertex 3 64.6 3
    endloop
  endfacet
  facet normal 0 0 1
    outer loop
      vertex 16.6 108.8 3
      vertex 24 108.8 3
      vertex 24 109 3
    endloop
  endfacet
  facet normal 0 0 1
    outer loop
      vertex 24 108.8 3
      vertex 22.4 3.2 3
      vertex 23 3.2 3
    endloop
  endfacet
  facet normal 0 0 1
    outer loop
      vertex 24 108.8 3
      vertex 16.6 108.8 3
      vertex 22.4 3.2 3
    endloop
  endfacet
  facet normal 0 0 1
    outer loop
      vertex 16.6 108.8 3
      vertex 24 109 3
      vertex 16.6 109 3
    endloop
  endfacet
  facet normal 0 0 1
    outer loop
      vertex 24.6 108.8 3
      vertex 32 108.8 3
      vertex 32 109 3
    endloop
  endfacet
  facet normal 0 0 1
    outer loop
      vertex 32 108.8 3
      vertex 30.4 3.2 3
      vertex 31 3.2 3
    endloop
  endfacet
  facet normal 0 0 1
    outer loop
      vertex 32 108.8 3
      vertex 24.6 108.8 3
      vertex 30.4 3.2 3
    endloop
  endfacet
  facet normal 0 0 1
    outer loop
      vertex 24.6 108.8 3
      vertex 32 109 3
      vertex 24.6 109 3
    endloop
  endfacet
  facet normal 0 0 1
    outer loop
      vertex 32.6 108.8 3
      vertex 40 108.8 3
      vertex 40 109 3
    endloop
  endfacet
  facet normal 0 0 1
    outer loop
      vertex 40 108.8 3
      vertex 38.4 3.2 3
      vertex 39 3.2 3
    endloop
  endfacet
  facet normal 0 0 1
    outer loop
      vertex 40 108.8 3
      vertex 32.6 108.8 3
      vertex 38.4 3.2 3
    endloop
  endfacet
  facet normal 0 0 1
    outer loop
      vertex 32.6 108.8 3
      vertex 40 109 3
      vertex 32.6 109 3
    endloop
  endfacet
  facet normal 0 0 1
    outer loop
      vertex 40.6 108.8 3
      vertex 48 108.8 3
      vertex 48 109 3
    endloop
  endfacet
  facet normal 0 0 1
    outer loop
      vertex 48 108.8 3
      vertex 46.4 3.2 3
      vertex 47 3.2 3
    endloop
  endfacet
  facet normal 0 0 1
    outer loop
      vertex 48 108.8 3
      vertex 40.6 108.8 3
      vertex 46.4 3.2 3
    endloop
  endfacet
  facet normal 0 0 1
    outer loop
      vertex 40.6 108.8 3
      vertex 48 109 3
      vertex 40.6 109 3
    endloop
  endfacet
  facet normal 0 0 1
    outer loop
      vertex 48.6 108.8 3
      vertex 56 108.8 3
      vertex 56 109 3
    endloop
  endfacet
  facet normal 0 0 1
    outer loop
      vertex 56 108.8 3
      vertex 54.4 3.2 3
      vertex 55 3.2 3
    endloop
  endfacet
  facet normal 0 0 1
    outer loop
      vertex 56 108.8 3
      vertex 48.6 108.8 3
      vertex 54.4 3.2 3
    endloop
  endfacet
  facet normal 0 0 1
    outer loop
      vertex 48.6 108.8 3
      vertex 56 109 3
      vertex 48.6 109 3
    endloop
  endfacet
  facet normal 0 0 1
    outer loop
      vertex 56.6 108.8 3
      vertex 64 108.8 3
      vertex 64 109 3
    endloop
  endfacet
  facet normal 0 0 1
    outer loop
      vertex 64 108.8 3
      vertex 62.4 3.2 3
      vertex 63 3.2 3
    endloop
  endfacet
  facet normal 0 0 1
    outer loop
      vertex 64 108.8 3
      vertex 56.6 108.8 3
      vertex 62.4 3.2 3
    endloop
  endfacet
  facet normal 0 0 1
    outer loop
      vertex 56.6 108.8 3
      vertex 64 109 3
      vertex 56.6 109 3
    endloop
  endfacet
  facet normal 0 0 1
    outer loop
      vertex 64.6 108.8 3
      vertex 72 108.8 3
      vertex 72 109 3
    endloop
  endfacet
  facet normal 0 0 1
    outer loop
      vertex 72 108.8 3
      vertex 70.4 3.2 3
      vertex 71 3.2 3
    endloop
  endfacet
  facet normal 0 0 1
    outer loop
      vertex 72 108.8 3
      vertex 64.6 108.8 3
      vertex 70.4 3.2 3
    endloop
  endfacet
  facet normal 0 0 1
    outer loop
      vertex 64.6 108.8 3
      vertex 72 109 3
      vertex 64.6 109 3
    endloop
  endfacet
  facet normal 0 0 1
    outer loop
      vertex 72.6 108.8 3
      vertex 80 108.8 3
      vertex 80 109 3
    endloop
  endfacet
  facet normal 0 0 1
    outer loop
      vertex 80 108.8 3
      vertex 79 3.2 3
      vertex 80 3 3
    endloop
  endfacet
  facet normal 0 0 1
    outer loop
      vertex 79 2.6 3
      vertex 80 3 3
      vertex 79 3.2 3
    endloop
  endfacet
  facet normal 0 0 1
    outer loop
      vertex 80 108.8 3
      vertex 78.4 3.2 3
      vertex 79 3.2 3
    endloop
  endfacet
  facet normal 0 0 1
    outer loop
      vertex 80 108.8 3
      vertex 72.6 108.8 3
      vertex 78.4 3.2 3
    endloop
  endfacet
  facet normal 0 0 1
    outer loop
      vertex 72.6 108.8 3
      vertex 80 109 3
      vertex 72.6 109 3
    endloop
  endfacet
  facet normal 0 0 1
    outer loop
      vertex 80.6 108.8 3
      vertex 88 108.8 3
      vertex 88 109 3
    endloop
  endfacet
  facet normal 0 0 1
    outer loop
      vertex 88 108.8 3
      vertex 86.4 3.2 3
      vertex 87 3.2 3
    endloop
  endfacet
  facet normal 0 0 1
    outer loop
      vertex 80.6 108.8 3
      vertex 88 109 3
      vertex 80.6 109 3
    endloop
  endfacet
  facet normal 0 0 1
    outer loop
      vertex 88 108.8 3
      vertex 80.6 108.8 3
      vertex 86.4 3.2 3
    endloop
  endfacet
  facet normal 0 0 1
    outer loop
      vertex 80 3 3
      vertex 86.4 3.2 3
      vertex 80.6 108.8 3
    endloop
  endfacet
  facet normal 0 0 1
    outer loop
      vertex 80 3 3
      vertex 80.6 108.8 3
      vertex 80 108.8 3
    endloop
  endfacet
  facet normal 0 0 1
    outer loop
      vertex 86.4 3.2 3
      vertex 80 3 3
      vertex 86.4 3 3
    endloop
  endfacet
  facet normal 0 0 1
    outer loop
      vertex 92 109 3
      vertex 91.8 104 3
      vertex 92 104 3
    endloop
  endfacet
  facet normal 0 0 1
    outer loop
      vertex 88 108.8 3
      vertex 91.8 103.4 3
      vertex 91.8 104 3
    endloop
  endfacet
  facet normal 0 0 1
    outer loop
      vertex 91.8 103.4 3
      vertex 88 108.8 3
      vertex 91.8 96 3
    endloop
  endfacet
  facet normal 0 0 1
    outer loop
      vertex 91.8 96 3
      vertex 88 108.8 3
      vertex 91.8 95.4 3
    endloop
  endfacet
  facet normal 0 0 1
    outer loop
      vertex 91.8 95.4 3
      vertex 88 108.8 3
      vertex 91.8 88 3
    endloop
  endfacet
  facet normal 0 0 1
    outer loop
      vertex 91.8 88 3
      vertex 88 108.8 3
      vertex 91.8 87.4 3
    endloop
  endfacet
  facet normal 0 0 1
    outer loop
      vertex 91.8 87.4 3
      vertex 88 108.8 3
      vertex 91.8 80 3
    endloop
  endfacet
  facet normal 0 0 1
    outer loop
      vertex 91.8 80 3
      vertex 88 108.8 3
      vertex 91.8 79.4 3
    endloop
  endfacet
  facet normal 0 0 1
    outer loop
      vertex 91.8 79.4 3
      vertex 88 108.8 3
      vertex 91.8 72 3
    endloop
  endfacet
  facet normal 0 0 1
    outer loop
      vertex 91.8 72 3
      vertex 88 108.8 3
      vertex 91.8 71.4 3
    endloop
  endfacet
  facet normal 0 0 1
    outer loop
      vertex 91.8 71.4 3
      vertex 88 108.8 3
      vertex 91.8 64 3
    endloop
  endfacet
  facet normal 0 0 1
    outer loop
      vertex 91.8 64 3
      vertex 88 108.8 3
      vertex 91.8 63.4 3
    endloop
  endfacet
  facet normal 0 0 1
    outer loop
      vertex 91.8 63.4 3
      vertex 88 108.8 3
      vertex 91.8 56 3
    endloop
  endfacet
  facet normal 0 0 1
    outer loop
      vertex 87 3.2 3
      vertex 91.8 56 3
      vertex 88 108.8 3
    endloop
  endfacet
  facet normal 0 0 1
    outer loop
      vertex 91.8 56 3
      vertex 87 3.2 3
      vertex 91.8 55.4 3
    endloop
  endfacet
  facet normal 0 0 1
    outer loop
      vertex 91.8 55.4 3
      vertex 87 3.2 3
      vertex 91.8 48 3
    endloop
  endfacet
  facet normal 0 0 1
    outer loop
      vertex 91.8 48 3
      vertex 87 3.2 3
      vertex 91.8 47.4 3
    endloop
  endfacet
  facet normal 0 0 1
    outer loop
      vertex 91.8 47.4 3
      vertex 87 3.2 3
      vertex 91.8 40 3
    endloop
  endfacet
  facet normal 0 0 1
    outer loop
      vertex 91.8 40 3
      vertex 87 3.2 3
      vertex 91.8 39.4 3
    endloop
  endfacet
  facet normal 0 0 1
    outer loop
      vertex 91.8 39.4 3
      vertex 87 3.2 3
      vertex 91.8 32 3
    endloop
  endfacet
  facet normal 0 0 1
    outer loop
      vertex 91.8 32 3
      vertex 87 3.2 3
      vertex 91.8 31.4 3
    endloop
  endfacet
  facet normal 0 0 1
    outer loop
      vertex 91.8 31.4 3
      vertex 87 3.2 3
      vertex 91.8 24 3
    endloop
  endfacet
  facet normal 0 0 1
    outer loop
      vertex 91.8 24 3
      vertex 87 3.2 3
      vertex 91.8 23.4 3
    endloop
  endfacet
  facet normal 0 0 1
    outer loop
      vertex 91.8 23.4 3
      vertex 87 3.2 3
      vertex 91.8 16 3
    endloop
  endfacet
  facet normal 0 0 1
    outer loop
      vertex 91.8 15.4 3
      vertex 87 3.2 3
      vertex 91.8 8 3
    endloop
  endfacet
  facet normal 0 0 1
    outer loop
      vertex 92 109 3
      vertex 88.6 108.8 3
      vertex 91.8 104 3
    endloop
  endfacet
  facet normal 0 0 1
    outer loop
      vertex 88.6 108.8 3
      vertex 92 109 3
      vertex 88.6 109 3
    endloop
  endfacet
  facet normal -0 0 1
    outer loop
      vertex 91.8 103.4 3
      vertex 92 96 3
      vertex 92 103.4 3
    endloop
  endfacet
  facet normal 0 0 1
    outer loop
      vertex 92 96 3
      vertex 91.8 103.4 3
      vertex 91.8 96 3
    endloop
  endfacet
  facet normal -0 0 1
    outer loop
      vertex 91.8 95.4 3
      vertex 92 88 3
      vertex 92 95.4 3
    endloop
  endfacet
  facet normal 0 0 1
    outer loop
      vertex 92 88 3
      vertex 91.8 95.4 3
      vertex 91.8 88 3
    endloop
  endfacet
  facet normal -0 0 1
    outer loop
      vertex 91.8 87.4 3
      vertex 92 80 3
      vertex 92 87.4 3
    endloop
  endfacet
  facet normal 0 0 1
    outer loop
      vertex 92 80 3
      vertex 91.8 87.4 3
      vertex 91.8 80 3
    endloop
  endfacet
  facet normal -0 0 1
    outer loop
      vertex 91.8 79.4 3
      vertex 92 72 3
      vertex 92 79.4 3
    endloop
  endfacet
  facet normal 0 0 1
    outer loop
      vertex 92 72 3
      vertex 91.8 79.4 3
      vertex 91.8 72 3
    endloop
  endfacet
  facet normal -0 0 1
    outer loop
      vertex 91.8 71.4 3
      vertex 92 64 3
      vertex 92 71.4 3
    endloop
  endfacet
  facet normal 0 0 1
    outer loop
      vertex 92 64 3
      vertex 91.8 71.4 3
      vertex 91.8 64 3
    endloop
  endfacet
  facet normal -0 0 1
    outer loop
      vertex 91.8 63.4 3
      vertex 92 56 3
      vertex 92 63.4 3
    endloop
  endfacet
  facet normal 0 0 1
    outer loop
      vertex 92 56 3
      vertex 91.8 63.4 3
      vertex 91.8 56 3
    endloop
  endfacet
  facet normal -0 0 1
    outer loop
      vertex 91.8 55.4 3
      vertex 92 48 3
      vertex 92 55.4 3
    endloop
  endfacet
  facet normal 0 0 1
    outer loop
      vertex 92 48 3
      vertex 91.8 55.4 3
      vertex 91.8 48 3
    endloop
  endfacet
  facet normal -0 0 1
    outer loop
      vertex 91.8 47.4 3
      vertex 92 40 3
      vertex 92 47.4 3
    endloop
  endfacet
  facet normal 0 0 1
    outer loop
      vertex 92 40 3
      vertex 91.8 47.4 3
      vertex 91.8 40 3
    endloop
  endfacet
  facet normal -0 0 1
    outer loop
      vertex 91.8 39.4 3
      vertex 92 32 3
      vertex 92 39.4 3
    endloop
  endfacet
  facet normal 0 0 1
    outer loop
      vertex 92 32 3
      vertex 91.8 39.4 3
      vertex 91.8 32 3
    endloop
  endfacet
  facet normal -0 0 1
    outer loop
      vertex 91.8 31.4 3
      vertex 92 24 3
      vertex 92 31.4 3
    endloop
  endfacet
  facet normal 0 0 1
    outer loop
      vertex 92 24 3
      vertex 91.8 31.4 3
      vertex 91.8 24 3
    endloop
  endfacet
  facet normal -0 0 1
    outer loop
      vertex 91.8 23.4 3
      vertex 92 16 3
      vertex 92 23.4 3
    endloop
  endfacet
  facet normal 0 0 1
    outer loop
      vertex 92 16 3
      vertex 91.8 23.4 3
      vertex 91.8 16 3
    endloop
  endfacet
  facet normal -0 0 1
    outer loop
      vertex 91.8 15.4 3
      vertex 92 8 3
      vertex 92 15.4 3
    endloop
  endfacet
  facet normal 0 0 1
    outer loop
      vertex 92 8 3
      vertex 91.8 15.4 3
      vertex 91.8 8 3
    endloop
  endfacet
  facet normal -0 0 1
    outer loop
      vertex 91.8 7.40001 3
      vertex 92 3 3
      vertex 92 7.40001 3
    endloop
  endfacet
  facet normal -0 0 1
    outer loop
      vertex 88 108.8 3
      vertex 91.8 104 3
      vertex 88.6 108.8 3
    endloop
  endfacet
  facet normal 0 0 1
    outer loop
      vertex 91.8 16 3
      vertex 87 3.2 3
      vertex 91.8 15.4 3
    endloop
  endfacet
  facet normal 0 0 1
    outer loop
      vertex 91.8 8 3
      vertex 87 3.2 3
      vertex 91.8 7.40001 3
    endloop
  endfacet
  facet normal -0 0 1
    outer loop
      vertex 87 3.2 3
      vertex 92 3 3
      vertex 91.8 7.40001 3
    endloop
  endfacet
  facet normal 0 0 1
    outer loop
      vertex 92 3 3
      vertex 87 3.2 3
      vertex 87 3 3
    endloop
  endfacet
  facet normal 0 0 1
    outer loop
      vertex 80 3 3
      vertex 79 2.6 3
      vertex 80 -1.2 3
    endloop
  endfacet
  facet normal -0 0 1
    outer loop
      vertex 78.4 2.6 3
      vertex 80 -1.2 3
      vertex 79 2.6 3
    endloop
  endfacet
  facet normal 0 0 1
    outer loop
      vertex 71 3.2 3
      vertex 78.4 3.2 3
      vertex 72.6 108.8 3
    endloop
  endfacet
  facet normal 0 0 1
    outer loop
      vertex 71 3.2 3
      vertex 72.6 108.8 3
      vertex 72 108.8 3
    endloop
  endfacet
  facet normal 0 0 1
    outer loop
      vertex 78.4 3.2 3
      vertex 71 3.2 3
      vertex 78.4 2.6 3
    endloop
  endfacet
  facet normal 0 0 1
    outer loop
      vertex 71 2.6 3
      vertex 78.4 2.6 3
      vertex 71 3.2 3
    endloop
  endfacet
  facet normal 0 0 1
    outer loop
      vertex 78.4 2.6 3
      vertex 71 2.6 3
      vertex 80 -1.2 3
    endloop
  endfacet
  facet normal -0 0 1
    outer loop
      vertex 70.4 2.6 3
      vertex 80 -1.2 3
      vertex 71 2.6 3
    endloop
  endfacet
  facet normal 0 0 1
    outer loop
      vertex 63 3.2 3
      vertex 70.4 3.2 3
      vertex 64.6 108.8 3
    endloop
  endfacet
  facet normal 0 0 1
    outer loop
      vertex 63 3.2 3
      vertex 64.6 108.8 3
      vertex 64 108.8 3
    endloop
  endfacet
  facet normal 0 0 1
    outer loop
      vertex 70.4 3.2 3
      vertex 63 3.2 3
      vertex 70.4 2.6 3
    endloop
  endfacet
  facet normal 0 0 1
    outer loop
      vertex 63 2.6 3
      vertex 70.4 2.6 3
      vertex 63 3.2 3
    endloop
  endfacet
  facet normal 0 0 1
    outer loop
      vertex 70.4 2.6 3
      vertex 63 2.6 3
      vertex 80 -1.2 3
    endloop
  endfacet
  facet normal -0 0 1
    outer loop
      vertex 62.4 2.6 3
      vertex 80 -1.2 3
      vertex 63 2.6 3
    endloop
  endfacet
  facet normal 0 0 1
    outer loop
      vertex 55 3.2 3
      vertex 62.4 3.2 3
      vertex 56.6 108.8 3
    endloop
  endfacet
  facet normal 0 0 1
    outer loop
      vertex 55 3.2 3
      vertex 56.6 108.8 3
      vertex 56 108.8 3
    endloop
  endfacet
  facet normal 0 0 1
    outer loop
      vertex 62.4 3.2 3
      vertex 55 3.2 3
      vertex 62.4 2.6 3
    endloop
  endfacet
  facet normal 0 0 1
    outer loop
      vertex 55 2.6 3
      vertex 62.4 2.6 3
      vertex 55 3.2 3
    endloop
  endfacet
  facet normal 0 0 1
    outer loop
      vertex 62.4 2.6 3
      vertex 55 2.6 3
      vertex 80 -1.2 3
    endloop
  endfacet
  facet normal -0 0 1
    outer loop
      vertex 54.4 2.6 3
      vertex 80 -1.2 3
      vertex 55 2.6 3
    endloop
  endfacet
  facet normal 0 0 1
    outer loop
      vertex 47 3.2 3
      vertex 54.4 3.2 3
      vertex 48.6 108.8 3
    endloop
  endfacet
  facet normal 0 0 1
    outer loop
      vertex 47 3.2 3
      vertex 48.6 108.8 3
      vertex 48 108.8 3
    endloop
  endfacet
  facet normal 0 0 1
    outer loop
      vertex 54.4 3.2 3
      vertex 47 3.2 3
      vertex 54.4 2.6 3
    endloop
  endfacet
  facet normal 0 0 1
    outer loop
      vertex 47 2.6 3
      vertex 54.4 2.6 3
      vertex 47 3.2 3
    endloop
  endfacet
  facet normal 0 0 1
    outer loop
      vertex 54.4 2.6 3
      vertex 47 2.6 3
      vertex 80 -1.2 3
    endloop
  endfacet
  facet normal -0 0 1
    outer loop
      vertex 46.4 2.6 3
      vertex 80 -1.2 3
      vertex 47 2.6 3
    endloop
  endfacet
  facet normal 0 0 1
    outer loop
      vertex 39 3.2 3
      vertex 46.4 3.2 3
      vertex 40.6 108.8 3
    endloop
  endfacet
  facet normal 0 0 1
    outer loop
      vertex 39 3.2 3
      vertex 40.6 108.8 3
      vertex 40 108.8 3
    endloop
  endfacet
  facet normal 0 0 1
    outer loop
      vertex 46.4 3.2 3
      vertex 39 3.2 3
      vertex 46.4 2.6 3
    endloop
  endfacet
  facet normal 0 0 1
    outer loop
      vertex 39 2.6 3
      vertex 46.4 2.6 3
      vertex 39 3.2 3
    endloop
  endfacet
  facet normal 0 0 1
    outer loop
      vertex 14 -1.2 3
      vertex 46.4 2.6 3
      vertex 39 2.6 3
    endloop
  endfacet
  facet normal 0 0 1
    outer loop
      vertex 14 -1.2 3
      vertex 39 2.6 3
      vertex 38.4 2.6 3
    endloop
  endfacet
  facet normal 0 0 1
    outer loop
      vertex 31 3.2 3
      vertex 38.4 3.2 3
      vertex 32.6 108.8 3
    endloop
  endfacet
  facet normal 0 0 1
    outer loop
      vertex 31 3.2 3
      vertex 32.6 108.8 3
      vertex 32 108.8 3
    endloop
  endfacet
  facet normal 0 0 1
    outer loop
      vertex 38.4 3.2 3
      vertex 31 3.2 3
      vertex 38.4 2.6 3
    endloop
  endfacet
  facet normal 0 0 1
    outer loop
      vertex 31 2.6 3
      vertex 38.4 2.6 3
      vertex 31 3.2 3
    endloop
  endfacet
  facet normal 0 0 1
    outer loop
      vertex 14 -1.2 3
      vertex 38.4 2.6 3
      vertex 31 2.6 3
    endloop
  endfacet
  facet normal 0 0 1
    outer loop
      vertex 14 -1.2 3
      vertex 31 2.6 3
      vertex 30.4 2.6 3
    endloop
  endfacet
  facet normal 0 0 1
    outer loop
      vertex 23 3.2 3
      vertex 30.4 3.2 3
      vertex 24.6 108.8 3
    endloop
  endfacet
  facet normal 0 0 1
    outer loop
      vertex 23 3.2 3
      vertex 24.6 108.8 3
      vertex 24 108.8 3
    endloop
  endfacet
  facet normal 0 0 1
    outer loop
      vertex 30.4 3.2 3
      vertex 23 3.2 3
      vertex 30.4 2.6 3
    endloop
  endfacet
  facet normal 0 0 1
    outer loop
      vertex 23 2.6 3
      vertex 30.4 2.6 3
      vertex 23 3.2 3
    endloop
  endfacet
  facet normal 0 0 1
    outer loop
      vertex 14 -1.2 3
      vertex 30.4 2.6 3
      vertex 23 2.6 3
    endloop
  endfacet
  facet normal 0 0 1
    outer loop
      vertex 14 -1.2 3
      vertex 23 2.6 3
      vertex 22.4 2.6 3
    endloop
  endfacet
  facet normal 0 0 1
    outer loop
      vertex 15 3.2 3
      vertex 22.4 3.2 3
      vertex 16.6 108.8 3
    endloop
  endfacet
  facet normal 0 0 1
    outer loop
      vertex 15 3.2 3
      vertex 16.6 108.8 3
      vertex 16 108.8 3
    endloop
  endfacet
  facet normal 0 0 1
    outer loop
      vertex 22.4 3.2 3
      vertex 15 3.2 3
      vertex 22.4 2.6 3
    endloop
  endfacet
  facet normal 0 0 1
    outer loop
      vertex 15 2.6 3
      vertex 22.4 2.6 3
      vertex 15 3.2 3
    endloop
  endfacet
  facet normal 0 0 1
    outer loop
      vertex 14 -1.2 3
      vertex 22.4 2.6 3
      vertex 15 2.6 3
    endloop
  endfacet
  facet normal 0 0 1
    outer loop
      vertex 14 -1.2 3
      vertex 15 2.6 3
      vertex 14.4 2.6 3
    endloop
  endfacet
  facet normal 0 0 1
    outer loop
      vertex 46.4 2.6 3
      vertex 14 -1.2 3
      vertex 80 -1.2 3
    endloop
  endfacet
  facet normal 0 0 1
    outer loop
      vertex 14 -1.2 3
      vertex 14.4 2.6 3
      vertex 14 3 3
    endloop
  endfacet
  facet normal 0 1 -0
    outer loop
      vertex 6.40001 3 3
      vertex 3 3 55
      vertex 6.40001 3 55
    endloop
  endfacet
  facet normal 0 1 0
    outer loop
      vertex 3 3 55
      vertex 6.40001 3 3
      vertex 3 3 3
    endloop
  endfacet
  facet normal 0 1 0
    outer loop
      vertex 92 3 55
      vertex 88 3 34.9
      vertex 87 3 55
    endloop
  endfacet
  facet normal 0 1 0
    outer loop
      vertex 92 3 55
      vertex 88.2329 3 34.8693
      vertex 88 3 34.9
    endloop
  endfacet
  facet normal 0 1 0
    outer loop
      vertex 92 3 55
      vertex 88.45 3 34.7794
      vertex 88.2329 3 34.8693
    endloop
  endfacet
  facet normal 0 1 0
    outer loop
      vertex 92 3 55
      vertex 88.6364 3 34.6364
      vertex 88.45 3 34.7794
    endloop
  endfacet
  facet normal 0 1 0
    outer loop
      vertex 92 3 55
      vertex 88.7794 3 34.45
      vertex 88.6364 3 34.6364
    endloop
  endfacet
  facet normal 0 1 0
    outer loop
      vertex 92 3 55
      vertex 88.8693 3 34.2329
      vertex 88.7794 3 34.45
    endloop
  endfacet
  facet normal 0 1 0
    outer loop
      vertex 92 3 55
      vertex 88.9 3 34
      vertex 88.8693 3 34.2329
    endloop
  endfacet
  facet normal 0 1 -0
    outer loop
      vertex 92 3 3
      vertex 88.9 3 34
      vertex 92 3 55
    endloop
  endfacet
  facet normal 0 1 0
    outer loop
      vertex 88.2329 3 33.1307
      vertex 92 3 3
      vertex 88 3 33.1
    endloop
  endfacet
  facet normal 0 1 0
    outer loop
      vertex 88.45 3 33.2206
      vertex 92 3 3
      vertex 88.2329 3 33.1307
    endloop
  endfacet
  facet normal 0 1 0
    outer loop
      vertex 88.6364 3 33.3636
      vertex 92 3 3
      vertex 88.45 3 33.2206
    endloop
  endfacet
  facet normal 0 1 0
    outer loop
      vertex 88.7794 3 33.55
      vertex 92 3 3
      vertex 88.6364 3 33.3636
    endloop
  endfacet
  facet normal 0 1 0
    outer loop
      vertex 88.8693 3 33.7671
      vertex 92 3 3
      vertex 88.7794 3 33.55
    endloop
  endfacet
  facet normal 0 1 0
    outer loop
      vertex 88.9 3 34
      vertex 92 3 3
      vertex 88.8693 3 33.7671
    endloop
  endfacet
  facet normal 0 1 -0
    outer loop
      vertex 87.7671 3 34.8693
      vertex 87 3 55
      vertex 88 3 34.9
    endloop
  endfacet
  facet normal 0 1 -0
    outer loop
      vertex 87.55 3 34.7794
      vertex 87 3 55
      vertex 87.7671 3 34.8693
    endloop
  endfacet
  facet normal 0 1 -0
    outer loop
      vertex 87.3636 3 34.6364
      vertex 87 3 55
      vertex 87.55 3 34.7794
    endloop
  endfacet
  facet normal 0 1 -0
    outer loop
      vertex 87.2206 3 34.45
      vertex 87 3 55
      vertex 87.3636 3 34.6364
    endloop
  endfacet
  facet normal 0 1 -0
    outer loop
      vertex 87.1307 3 34.2329
      vertex 87 3 55
      vertex 87.2206 3 34.45
    endloop
  endfacet
  facet normal 0 1 -0
    outer loop
      vertex 87.1 3 34
      vertex 87 3 55
      vertex 87.1307 3 34.2329
    endloop
  endfacet
  facet normal 0 1 0
    outer loop
      vertex 87 3 3
      vertex 88 3 33.1
      vertex 92 3 3
    endloop
  endfacet
  facet normal 0 1 0
    outer loop
      vertex 88 3 33.1
      vertex 87 3 3
      vertex 87.7671 3 33.1307
    endloop
  endfacet
  facet normal 0 1 0
    outer loop
      vertex 87.7671 3 33.1307
      vertex 87 3 3
      vertex 87.55 3 33.2206
    endloop
  endfacet
  facet normal 0 1 0
    outer loop
      vertex 87.55 3 33.2206
      vertex 87 3 3
      vertex 87.3636 3 33.3636
    endloop
  endfacet
  facet normal 0 1 0
    outer loop
      vertex 87.3636 3 33.3636
      vertex 87 3 3
      vertex 87.2206 3 33.55
    endloop
  endfacet
  facet normal 0 1 0
    outer loop
      vertex 87.1 3 34
      vertex 87 3 3
      vertex 87 3 55
    endloop
  endfacet
  facet normal 0 1 0
    outer loop
      vertex 87.1307 3 33.7671
      vertex 87 3 3
      vertex 87.1 3 34
    endloop
  endfacet
  facet normal 0 1 0
    outer loop
      vertex 87.2206 3 33.55
      vertex 87 3 3
      vertex 87.1307 3 33.7671
    endloop
  endfacet
  facet normal 0 1 0
    outer loop
      vertex 14 3 43
      vertex 14.4 3 55
      vertex 14.4 3 43
    endloop
  endfacet
  facet normal 0 1 0
    outer loop
      vertex 14.4 3 55
      vertex 14 3 43
      vertex 7 3 55
    endloop
  endfacet
  facet normal 0 1 0
    outer loop
      vertex 7 3 3
      vertex 14 3 43
      vertex 14 3 3
    endloop
  endfacet
  facet normal 0 1 0
    outer loop
      vertex 14 3 43
      vertex 7 3 3
      vertex 7 3 55
    endloop
  endfacet
  facet normal 0 1 0
    outer loop
      vertex 86.4 3 55
      vertex 80 3 43
      vertex 79 3 55
    endloop
  endfacet
  facet normal 0 1 -0
    outer loop
      vertex 86.4 3 3
      vertex 80 3 43
      vertex 86.4 3 55
    endloop
  endfacet
  facet normal 0 1 0
    outer loop
      vertex 80 3 43
      vertex 86.4 3 3
      vertex 80 3 3
    endloop
  endfacet
  facet normal 0 1 0
    outer loop
      vertex 79 3 55
      vertex 80 3 43
      vertex 79 3 43
    endloop
  endfacet
  facet normal 0 1 -0
    outer loop
      vertex 22.4 3 43
      vertex 15 3 55
      vertex 22.4 3 55
    endloop
  endfacet
  facet normal 0 1 0
    outer loop
      vertex 15 3 55
      vertex 22.4 3 43
      vertex 15 3 43
    endloop
  endfacet
  facet normal 0 1 -0
    outer loop
      vertex 30.4 3 43
      vertex 23 3 55
      vertex 30.4 3 55
    endloop
  endfacet
  facet normal 0 1 0
    outer loop
      vertex 23 3 55
      vertex 30.4 3 43
      vertex 23 3 43
    endloop
  endfacet
  facet normal 0 1 -0
    outer loop
      vertex 38.4 3 43
      vertex 31 3 55
      vertex 38.4 3 55
    endloop
  endfacet
  facet normal 0 1 0
    outer loop
      vertex 31 3 55
      vertex 38.4 3 43
      vertex 31 3 43
    endloop
  endfacet
  facet normal 0 1 -0
    outer loop
      vertex 46.4 3 43
      vertex 39 3 55
      vertex 46.4 3 55
    endloop
  endfacet
  facet normal 0 1 0
    outer loop
      vertex 39 3 55
      vertex 46.4 3 43
      vertex 39 3 43
    endloop
  endfacet
  facet normal 0 1 -0
    outer loop
      vertex 54.4 3 43
      vertex 47 3 55
      vertex 54.4 3 55
    endloop
  endfacet
  facet normal 0 1 0
    outer loop
      vertex 47 3 55
      vertex 54.4 3 43
      vertex 47 3 43
    endloop
  endfacet
  facet normal 0 1 -0
    outer loop
      vertex 62.4 3 43
      vertex 55 3 55
      vertex 62.4 3 55
    endloop
  endfacet
  facet normal 0 1 0
    outer loop
      vertex 55 3 55
      vertex 62.4 3 43
      vertex 55 3 43
    endloop
  endfacet
  facet normal 0 1 -0
    outer loop
      vertex 70.4 3 43
      vertex 63 3 55
      vertex 70.4 3 55
    endloop
  endfacet
  facet normal 0 1 0
    outer loop
      vertex 63 3 55
      vertex 70.4 3 43
      vertex 63 3 43
    endloop
  endfacet
  facet normal 0 1 -0
    outer loop
      vertex 78.4 3 43
      vertex 71 3 55
      vertex 78.4 3 55
    endloop
  endfacet
  facet normal 0 1 0
    outer loop
      vertex 71 3 55
      vertex 78.4 3 43
      vertex 71 3 43
    endloop
  endfacet
  facet normal 0.991444 0.130532 0
    outer loop
      vertex 3 22 58
      vertex 2.94889 22.3882 55
      vertex 2.94889 22.3882 58
    endloop
  endfacet
  facet normal 0.991444 0.130532 0
    outer loop
      vertex 2.94889 22.3882 55
      vertex 3 22 58
      vertex 3 22 55
    endloop
  endfacet
  facet normal 0.382792 0.923834 -0
    outer loop
      vertex 2.25 23.299 55
      vertex 1.88823 23.4489 58
      vertex 2.25 23.299 58
    endloop
  endfacet
  facet normal 0.382792 0.923834 0
    outer loop
      vertex 1.88823 23.4489 58
      vertex 2.25 23.299 55
      vertex 1.88823 23.4489 55
    endloop
  endfacet
  facet normal -0.991444 -0.130535 0
    outer loop
      vertex 0.0511112 21.6118 55
      vertex 0 22 58
      vertex 0 22 55
    endloop
  endfacet
  facet normal -0.991444 -0.130535 0
    outer loop
      vertex 0 22 58
      vertex 0.0511112 21.6118 55
      vertex 0.0511112 21.6118 58
    endloop
  endfacet
  facet normal 0.382792 -0.923834 0
    outer loop
      vertex 1.88823 20.5511 55
      vertex 2.25 20.701 58
      vertex 1.88823 20.5511 58
    endloop
  endfacet
  facet normal 0.382792 -0.923834 0
    outer loop
      vertex 2.25 20.701 58
      vertex 1.88823 20.5511 55
      vertex 2.25 20.701 55
    endloop
  endfacet
  facet normal 0.130497 -0.991449 0
    outer loop
      vertex 1.5 20.5 55
      vertex 1.88823 20.5511 58
      vertex 1.5 20.5 58
    endloop
  endfacet
  facet normal 0.130497 -0.991449 0
    outer loop
      vertex 1.88823 20.5511 58
      vertex 1.5 20.5 55
      vertex 1.88823 20.5511 55
    endloop
  endfacet
  facet normal 0.923891 0.382656 0
    outer loop
      vertex 2.94889 22.3882 58
      vertex 2.79904 22.75 55
      vertex 2.79904 22.75 58
    endloop
  endfacet
  facet normal 0.923891 0.382656 0
    outer loop
      vertex 2.79904 22.75 55
      vertex 2.94889 22.3882 58
      vertex 2.94889 22.3882 55
    endloop
  endfacet
  facet normal -0.130497 0.991449 0
    outer loop
      vertex 1.5 23.5 55
      vertex 1.11177 23.4489 58
      vertex 1.5 23.5 58
    endloop
  endfacet
  facet normal -0.130497 0.991449 0
    outer loop
      vertex 1.11177 23.4489 58
      vertex 1.5 23.5 55
      vertex 1.11177 23.4489 55
    endloop
  endfacet
  facet normal -0.382792 0.923834 0
    outer loop
      vertex 1.11177 23.4489 55
      vertex 0.75 23.299 58
      vertex 1.11177 23.4489 58
    endloop
  endfacet
  facet normal -0.382792 0.923834 0
    outer loop
      vertex 0.75 23.299 58
      vertex 1.11177 23.4489 55
      vertex 0.75 23.299 55
    endloop
  endfacet
  facet normal -0.991444 0.130535 0
    outer loop
      vertex 0 22 55
      vertex 0.0511112 22.3882 58
      vertex 0.0511112 22.3882 55
    endloop
  endfacet
  facet normal -0.991444 0.130535 0
    outer loop
      vertex 0.0511112 22.3882 58
      vertex 0 22 55
      vertex 0 22 58
    endloop
  endfacet
  facet normal -0.923891 -0.382656 0
    outer loop
      vertex 0.200961 21.25 55
      vertex 0.0511112 21.6118 58
      vertex 0.0511112 21.6118 55
    endloop
  endfacet
  facet normal -0.923891 -0.382656 0
    outer loop
      vertex 0.0511112 21.6118 58
      vertex 0.200961 21.25 55
      vertex 0.200961 21.25 58
    endloop
  endfacet
  facet normal 0.793388 0.608716 0
    outer loop
      vertex 2.79904 22.75 58
      vertex 2.56066 23.0607 55
      vertex 2.56066 23.0607 58
    endloop
  endfacet
  facet normal 0.793388 0.608716 0
    outer loop
      vertex 2.56066 23.0607 55
      vertex 2.79904 22.75 58
      vertex 2.79904 22.75 55
    endloop
  endfacet
  facet normal 0.608636 0.793449 -0
    outer loop
      vertex 2.56066 23.0607 55
      vertex 2.25 23.299 58
      vertex 2.56066 23.0607 58
    endloop
  endfacet
  facet normal 0.608636 0.793449 0
    outer loop
      vertex 2.25 23.299 58
      vertex 2.56066 23.0607 55
      vertex 2.25 23.299 55
    endloop
  endfacet
  facet normal 0.130497 0.991449 -0
    outer loop
      vertex 1.88823 23.4489 55
      vertex 1.5 23.5 58
      vertex 1.88823 23.4489 58
    endloop
  endfacet
  facet normal 0.130497 0.991449 0
    outer loop
      vertex 1.5 23.5 58
      vertex 1.88823 23.4489 55
      vertex 1.5 23.5 55
    endloop
  endfacet
  facet normal -0.923891 0.382656 0
    outer loop
      vertex 0.0511112 22.3882 55
      vertex 0.200961 22.75 58
      vertex 0.200961 22.75 55
    endloop
  endfacet
  facet normal -0.923891 0.382656 0
    outer loop
      vertex 0.200961 22.75 58
      vertex 0.0511112 22.3882 55
      vertex 0.0511112 22.3882 58
    endloop
  endfacet
  facet normal -0.608636 0.793449 0
    outer loop
      vertex 0.75 23.299 55
      vertex 0.43934 23.0607 58
      vertex 0.75 23.299 58
    endloop
  endfacet
  facet normal -0.608636 0.793449 0
    outer loop
      vertex 0.43934 23.0607 58
      vertex 0.75 23.299 55
      vertex 0.43934 23.0607 55
    endloop
  endfacet
  facet normal -0.79339 0.608714 0
    outer loop
      vertex 0.200961 22.75 55
      vertex 0.43934 23.0607 58
      vertex 0.43934 23.0607 55
    endloop
  endfacet
  facet normal -0.79339 0.608714 0
    outer loop
      vertex 0.43934 23.0607 58
      vertex 0.200961 22.75 55
      vertex 0.200961 22.75 58
    endloop
  endfacet
  facet normal 0.923891 -0.382656 0
    outer loop
      vertex 2.79904 21.25 58
      vertex 2.94889 21.6118 55
      vertex 2.94889 21.6118 58
    endloop
  endfacet
  facet normal 0.923891 -0.382656 0
    outer loop
      vertex 2.94889 21.6118 55
      vertex 2.79904 21.25 58
      vertex 2.79904 21.25 55
    endloop
  endfacet
  facet normal 0.608636 -0.793449 0
    outer loop
      vertex 2.25 20.701 55
      vertex 2.56066 20.9393 58
      vertex 2.25 20.701 58
    endloop
  endfacet
  facet normal 0.608636 -0.793449 0
    outer loop
      vertex 2.56066 20.9393 58
      vertex 2.25 20.701 55
      vertex 2.56066 20.9393 55
    endloop
  endfacet
  facet normal 0.991444 -0.130532 0
    outer loop
      vertex 2.94889 21.6118 58
      vertex 3 22 55
      vertex 3 22 58
    endloop
  endfacet
  facet normal 0.991444 -0.130532 0
    outer loop
      vertex 3 22 55
      vertex 2.94889 21.6118 58
      vertex 2.94889 21.6118 55
    endloop
  endfacet
  facet normal -0.382792 -0.923834 0
    outer loop
      vertex 0.75 20.701 55
      vertex 1.11177 20.5511 58
      vertex 0.75 20.701 58
    endloop
  endfacet
  facet normal -0.382792 -0.923834 -0
    outer loop
      vertex 1.11177 20.5511 58
      vertex 0.75 20.701 55
      vertex 1.11177 20.5511 55
    endloop
  endfacet
  facet normal -0.79339 -0.608714 0
    outer loop
      vertex 0.43934 20.9393 55
      vertex 0.200961 21.25 58
      vertex 0.200961 21.25 55
    endloop
  endfacet
  facet normal -0.79339 -0.608714 0
    outer loop
      vertex 0.200961 21.25 58
      vertex 0.43934 20.9393 55
      vertex 0.43934 20.9393 58
    endloop
  endfacet
  facet normal -0.608636 -0.793449 0
    outer loop
      vertex 0.43934 20.9393 55
      vertex 0.75 20.701 58
      vertex 0.43934 20.9393 58
    endloop
  endfacet
  facet normal -0.608636 -0.793449 -0
    outer loop
      vertex 0.75 20.701 58
      vertex 0.43934 20.9393 55
      vertex 0.75 20.701 55
    endloop
  endfacet
  facet normal 0 0 1
    outer loop
      vertex 2.94889 22.3882 58
      vertex 2.94889 21.6118 58
      vertex 3 22 58
    endloop
  endfacet
  facet normal 0 0 1
    outer loop
      vertex 2.79904 22.75 58
      vertex 2.94889 21.6118 58
      vertex 2.94889 22.3882 58
    endloop
  endfacet
  facet normal 0 0 1
    outer loop
      vertex 2.79904 22.75 58
      vertex 2.79904 21.25 58
      vertex 2.94889 21.6118 58
    endloop
  endfacet
  facet normal 0 0 1
    outer loop
      vertex 2.56066 23.0607 58
      vertex 2.79904 21.25 58
      vertex 2.79904 22.75 58
    endloop
  endfacet
  facet normal 0 0 1
    outer loop
      vertex 2.56066 23.0607 58
      vertex 2.56066 20.9393 58
      vertex 2.79904 21.25 58
    endloop
  endfacet
  facet normal 0 0 1
    outer loop
      vertex 2.25 23.299 58
      vertex 2.56066 20.9393 58
      vertex 2.56066 23.0607 58
    endloop
  endfacet
  facet normal 0 0 1
    outer loop
      vertex 2.25 23.299 58
      vertex 2.25 20.701 58
      vertex 2.56066 20.9393 58
    endloop
  endfacet
  facet normal 0 0 1
    outer loop
      vertex 1.88823 23.4489 58
      vertex 2.25 20.701 58
      vertex 2.25 23.299 58
    endloop
  endfacet
  facet normal 0 0 1
    outer loop
      vertex 1.88823 23.4489 58
      vertex 1.88823 20.5511 58
      vertex 2.25 20.701 58
    endloop
  endfacet
  facet normal 0 0 1
    outer loop
      vertex 1.5 23.5 58
      vertex 1.88823 20.5511 58
      vertex 1.88823 23.4489 58
    endloop
  endfacet
  facet normal 0 0 1
    outer loop
      vertex 1.5 23.5 58
      vertex 1.5 20.5 58
      vertex 1.88823 20.5511 58
    endloop
  endfacet
  facet normal -0 0 1
    outer loop
      vertex 1.11177 23.4489 58
      vertex 1.5 20.5 58
      vertex 1.5 23.5 58
    endloop
  endfacet
  facet normal 0 0 1
    outer loop
      vertex 1.11177 23.4489 58
      vertex 1.11177 20.5511 58
      vertex 1.5 20.5 58
    endloop
  endfacet
  facet normal -0 0 1
    outer loop
      vertex 0.75 23.299 58
      vertex 1.11177 20.5511 58
      vertex 1.11177 23.4489 58
    endloop
  endfacet
  facet normal 0 0 1
    outer loop
      vertex 0.75 23.299 58
      vertex 0.75 20.701 58
      vertex 1.11177 20.5511 58
    endloop
  endfacet
  facet normal -0 0 1
    outer loop
      vertex 0.43934 23.0607 58
      vertex 0.75 20.701 58
      vertex 0.75 23.299 58
    endloop
  endfacet
  facet normal 0 0 1
    outer loop
      vertex 0.43934 23.0607 58
      vertex 0.43934 20.9393 58
      vertex 0.75 20.701 58
    endloop
  endfacet
  facet normal -0 0 1
    outer loop
      vertex 0.200961 22.75 58
      vertex 0.43934 20.9393 58
      vertex 0.43934 23.0607 58
    endloop
  endfacet
  facet normal 0 0 1
    outer loop
      vertex 0.200961 22.75 58
      vertex 0.200961 21.25 58
      vertex 0.43934 20.9393 58
    endloop
  endfacet
  facet normal -0 0 1
    outer loop
      vertex 0.0511112 22.3882 58
      vertex 0.200961 21.25 58
      vertex 0.200961 22.75 58
    endloop
  endfacet
  facet normal 0 0 1
    outer loop
      vertex 0.0511112 22.3882 58
      vertex 0.0511112 21.6118 58
      vertex 0.200961 21.25 58
    endloop
  endfacet
  facet normal 0 -0 1
    outer loop
      vertex 0.0511112 21.6118 58
      vertex 0.0511112 22.3882 58
      vertex 0 22 58
    endloop
  endfacet
  facet normal -0.130497 -0.991449 0
    outer loop
      vertex 1.11177 20.5511 55
      vertex 1.5 20.5 58
      vertex 1.11177 20.5511 58
    endloop
  endfacet
  facet normal -0.130497 -0.991449 -0
    outer loop
      vertex 1.5 20.5 58
      vertex 1.11177 20.5511 55
      vertex 1.5 20.5 55
    endloop
  endfacet
  facet normal 0.793388 -0.608716 0
    outer loop
      vertex 2.56066 20.9393 58
      vertex 2.79904 21.25 55
      vertex 2.79904 21.25 58
    endloop
  endfacet
  facet normal 0.793388 -0.608716 0
    outer loop
      vertex 2.79904 21.25 55
      vertex 2.56066 20.9393 58
      vertex 2.56066 20.9393 55
    endloop
  endfacet
  facet normal 0.991447 0.130507 0
    outer loop
      vertex 95 22 58
      vertex 94.9489 22.3882 55
      vertex 94.9489 22.3882 58
    endloop
  endfacet
  facet normal 0.991447 0.130507 0
    outer loop
      vertex 94.9489 22.3882 55
      vertex 95 22 58
      vertex 95 22 55
    endloop
  endfacet
  facet normal -0.130507 0.991447 0
    outer loop
      vertex 93.5 23.5 55
      vertex 93.1118 23.4489 58
      vertex 93.5 23.5 58
    endloop
  endfacet
  facet normal -0.130507 0.991447 0
    outer loop
      vertex 93.1118 23.4489 58
      vertex 93.5 23.5 55
      vertex 93.1118 23.4489 55
    endloop
  endfacet
  facet normal 0.130507 -0.991447 0
    outer loop
      vertex 93.5 20.5 55
      vertex 93.8882 20.5511 58
      vertex 93.5 20.5 58
    endloop
  endfacet
  facet normal 0.130507 -0.991447 0
    outer loop
      vertex 93.8882 20.5511 58
      vertex 93.5 20.5 55
      vertex 93.8882 20.5511 55
    endloop
  endfacet
  facet normal -0.608587 -0.793487 0
    outer loop
      vertex 92.4393 20.9393 55
      vertex 92.75 20.701 58
      vertex 92.4393 20.9393 58
    endloop
  endfacet
  facet normal -0.608587 -0.793487 -0
    outer loop
      vertex 92.75 20.701 58
      vertex 92.4393 20.9393 55
      vertex 92.75 20.701 55
    endloop
  endfacet
  facet normal 0.608587 0.793487 -0
    outer loop
      vertex 94.5607 23.0607 55
      vertex 94.25 23.299 58
      vertex 94.5607 23.0607 58
    endloop
  endfacet
  facet normal 0.608587 0.793487 0
    outer loop
      vertex 94.25 23.299 58
      vertex 94.5607 23.0607 55
      vertex 94.25 23.299 55
    endloop
  endfacet
  facet normal 0.923846 0.382765 0
    outer loop
      vertex 94.9489 22.3882 58
      vertex 94.799 22.75 55
      vertex 94.799 22.75 58
    endloop
  endfacet
  facet normal 0.923846 0.382765 0
    outer loop
      vertex 94.799 22.75 55
      vertex 94.9489 22.3882 58
      vertex 94.9489 22.3882 55
    endloop
  endfacet
  facet normal -0.793487 0.608587 0
    outer loop
      vertex 92.201 22.75 55
      vertex 92.4393 23.0607 58
      vertex 92.4393 23.0607 55
    endloop
  endfacet
  facet normal -0.793487 0.608587 0
    outer loop
      vertex 92.4393 23.0607 58
      vertex 92.201 22.75 55
      vertex 92.201 22.75 58
    endloop
  endfacet
  facet normal -0.382765 0.923846 0
    outer loop
      vertex 93.1118 23.4489 55
      vertex 92.75 23.299 58
      vertex 93.1118 23.4489 58
    endloop
  endfacet
  facet normal -0.382765 0.923846 0
    outer loop
      vertex 92.75 23.299 58
      vertex 93.1118 23.4489 55
      vertex 92.75 23.299 55
    endloop
  endfacet
  facet normal -0.923846 -0.382765 0
    outer loop
      vertex 92.201 21.25 55
      vertex 92.0511 21.6118 58
      vertex 92.0511 21.6118 55
    endloop
  endfacet
  facet normal -0.923846 -0.382765 0
    outer loop
      vertex 92.0511 21.6118 58
      vertex 92.201 21.25 55
      vertex 92.201 21.25 58
    endloop
  endfacet
  facet normal 0.793487 0.608587 0
    outer loop
      vertex 94.799 22.75 58
      vertex 94.5607 23.0607 55
      vertex 94.5607 23.0607 58
    endloop
  endfacet
  facet normal 0.793487 0.608587 0
    outer loop
      vertex 94.5607 23.0607 55
      vertex 94.799 22.75 58
      vertex 94.799 22.75 55
    endloop
  endfacet
  facet normal 0.130507 0.991447 -0
    outer loop
      vertex 93.8882 23.4489 55
      vertex 93.5 23.5 58
      vertex 93.8882 23.4489 58
    endloop
  endfacet
  facet normal 0.130507 0.991447 0
    outer loop
      vertex 93.5 23.5 58
      vertex 93.8882 23.4489 55
      vertex 93.5 23.5 55
    endloop
  endfacet
  facet normal 0.382765 0.923846 -0
    outer loop
      vertex 94.25 23.299 55
      vertex 93.8882 23.4489 58
      vertex 94.25 23.299 58
    endloop
  endfacet
  facet normal 0.382765 0.923846 0
    outer loop
      vertex 93.8882 23.4489 58
      vertex 94.25 23.299 55
      vertex 93.8882 23.4489 55
    endloop
  endfacet
  facet normal -0.923846 0.382765 0
    outer loop
      vertex 92.0511 22.3882 55
      vertex 92.201 22.75 58
      vertex 92.201 22.75 55
    endloop
  endfacet
  facet normal -0.923846 0.382765 0
    outer loop
      vertex 92.201 22.75 58
      vertex 92.0511 22.3882 55
      vertex 92.0511 22.3882 58
    endloop
  endfacet
  facet normal -0.991447 0.130507 0
    outer loop
      vertex 92 22 55
      vertex 92.0511 22.3882 58
      vertex 92.0511 22.3882 55
    endloop
  endfacet
  facet normal -0.991447 0.130507 0
    outer loop
      vertex 92.0511 22.3882 58
      vertex 92 22 55
      vertex 92 22 58
    endloop
  endfacet
  facet normal -0.991447 -0.130507 0
    outer loop
      vertex 92.0511 21.6118 55
      vertex 92 22 58
      vertex 92 22 55
    endloop
  endfacet
  facet normal -0.991447 -0.130507 0
    outer loop
      vertex 92 22 58
      vertex 92.0511 21.6118 55
      vertex 92.0511 21.6118 58
    endloop
  endfacet
  facet normal -0.608587 0.793487 0
    outer loop
      vertex 92.75 23.299 55
      vertex 92.4393 23.0607 58
      vertex 92.75 23.299 58
    endloop
  endfacet
  facet normal -0.608587 0.793487 0
    outer loop
      vertex 92.4393 23.0607 58
      vertex 92.75 23.299 55
      vertex 92.4393 23.0607 55
    endloop
  endfacet
  facet normal 0.382765 -0.923846 0
    outer loop
      vertex 93.8882 20.5511 55
      vertex 94.25 20.701 58
      vertex 93.8882 20.5511 58
    endloop
  endfacet
  facet normal 0.382765 -0.923846 0
    outer loop
      vertex 94.25 20.701 58
      vertex 93.8882 20.5511 55
      vertex 94.25 20.701 55
    endloop
  endfacet
  facet normal 0.923846 -0.382765 0
    outer loop
      vertex 94.799 21.25 58
      vertex 94.9489 21.6118 55
      vertex 94.9489 21.6118 58
    endloop
  endfacet
  facet normal 0.923846 -0.382765 0
    outer loop
      vertex 94.9489 21.6118 55
      vertex 94.799 21.25 58
      vertex 94.799 21.25 55
    endloop
  endfacet
  facet normal -0.382765 -0.923846 0
    outer loop
      vertex 92.75 20.701 55
      vertex 93.1118 20.5511 58
      vertex 92.75 20.701 58
    endloop
  endfacet
  facet normal -0.382765 -0.923846 -0
    outer loop
      vertex 93.1118 20.5511 58
      vertex 92.75 20.701 55
      vertex 93.1118 20.5511 55
    endloop
  endfacet
  facet normal -0.793487 -0.608587 0
    outer loop
      vertex 92.4393 20.9393 55
      vertex 92.201 21.25 58
      vertex 92.201 21.25 55
    endloop
  endfacet
  facet normal -0.793487 -0.608587 0
    outer loop
      vertex 92.201 21.25 58
      vertex 92.4393 20.9393 55
      vertex 92.4393 20.9393 58
    endloop
  endfacet
  facet normal 0 0 1
    outer loop
      vertex 94.9489 22.3882 58
      vertex 94.9489 21.6118 58
      vertex 95 22 58
    endloop
  endfacet
  facet normal 0 0 1
    outer loop
      vertex 94.799 22.75 58
      vertex 94.9489 21.6118 58
      vertex 94.9489 22.3882 58
    endloop
  endfacet
  facet normal 0 0 1
    outer loop
      vertex 94.799 22.75 58
      vertex 94.799 21.25 58
      vertex 94.9489 21.6118 58
    endloop
  endfacet
  facet normal 0 0 1
    outer loop
      vertex 94.5607 23.0607 58
      vertex 94.799 21.25 58
      vertex 94.799 22.75 58
    endloop
  endfacet
  facet normal 0 0 1
    outer loop
      vertex 94.5607 23.0607 58
      vertex 94.5607 20.9393 58
      vertex 94.799 21.25 58
    endloop
  endfacet
  facet normal 0 0 1
    outer loop
      vertex 94.25 23.299 58
      vertex 94.5607 20.9393 58
      vertex 94.5607 23.0607 58
    endloop
  endfacet
  facet normal 0 0 1
    outer loop
      vertex 94.25 23.299 58
      vertex 94.25 20.701 58
      vertex 94.5607 20.9393 58
    endloop
  endfacet
  facet normal 0 0 1
    outer loop
      vertex 93.8882 23.4489 58
      vertex 94.25 20.701 58
      vertex 94.25 23.299 58
    endloop
  endfacet
  facet normal 0 0 1
    outer loop
      vertex 93.8882 23.4489 58
      vertex 93.8882 20.5511 58
      vertex 94.25 20.701 58
    endloop
  endfacet
  facet normal 0 0 1
    outer loop
      vertex 93.5 23.5 58
      vertex 93.8882 20.5511 58
      vertex 93.8882 23.4489 58
    endloop
  endfacet
  facet normal 0 0 1
    outer loop
      vertex 93.5 23.5 58
      vertex 93.5 20.5 58
      vertex 93.8882 20.5511 58
    endloop
  endfacet
  facet normal -0 0 1
    outer loop
      vertex 93.1118 23.4489 58
      vertex 93.5 20.5 58
      vertex 93.5 23.5 58
    endloop
  endfacet
  facet normal 0 0 1
    outer loop
      vertex 93.1118 23.4489 58
      vertex 93.1118 20.5511 58
      vertex 93.5 20.5 58
    endloop
  endfacet
  facet normal -0 0 1
    outer loop
      vertex 92.75 23.299 58
      vertex 93.1118 20.5511 58
      vertex 93.1118 23.4489 58
    endloop
  endfacet
  facet normal 0 0 1
    outer loop
      vertex 92.75 23.299 58
      vertex 92.75 20.701 58
      vertex 93.1118 20.5511 58
    endloop
  endfacet
  facet normal -0 0 1
    outer loop
      vertex 92.4393 23.0607 58
      vertex 92.75 20.701 58
      vertex 92.75 23.299 58
    endloop
  endfacet
  facet normal 0 0 1
    outer loop
      vertex 92.4393 23.0607 58
      vertex 92.4393 20.9393 58
      vertex 92.75 20.701 58
    endloop
  endfacet
  facet normal -0 0 1
    outer loop
      vertex 92.201 22.75 58
      vertex 92.4393 20.9393 58
      vertex 92.4393 23.0607 58
    endloop
  endfacet
  facet normal 0 0 1
    outer loop
      vertex 92.201 22.75 58
      vertex 92.201 21.25 58
      vertex 92.4393 20.9393 58
    endloop
  endfacet
  facet normal -0 0 1
    outer loop
      vertex 92.0511 22.3882 58
      vertex 92.201 21.25 58
      vertex 92.201 22.75 58
    endloop
  endfacet
  facet normal 0 0 1
    outer loop
      vertex 92.0511 22.3882 58
      vertex 92.0511 21.6118 58
      vertex 92.201 21.25 58
    endloop
  endfacet
  facet normal 0 -0 1
    outer loop
      vertex 92.0511 21.6118 58
      vertex 92.0511 22.3882 58
      vertex 92 22 58
    endloop
  endfacet
  facet normal 0.608587 -0.793487 0
    outer loop
      vertex 94.25 20.701 55
      vertex 94.5607 20.9393 58
      vertex 94.25 20.701 58
    endloop
  endfacet
  facet normal 0.608587 -0.793487 0
    outer loop
      vertex 94.5607 20.9393 58
      vertex 94.25 20.701 55
      vertex 94.5607 20.9393 55
    endloop
  endfacet
  facet normal 0.991447 -0.130507 0
    outer loop
      vertex 94.9489 21.6118 58
      vertex 95 22 55
      vertex 95 22 58
    endloop
  endfacet
  facet normal 0.991447 -0.130507 0
    outer loop
      vertex 95 22 55
      vertex 94.9489 21.6118 58
      vertex 94.9489 21.6118 55
    endloop
  endfacet
  facet normal -0.130507 -0.991447 0
    outer loop
      vertex 93.1118 20.5511 55
      vertex 93.5 20.5 58
      vertex 93.1118 20.5511 58
    endloop
  endfacet
  facet normal -0.130507 -0.991447 -0
    outer loop
      vertex 93.5 20.5 58
      vertex 93.1118 20.5511 55
      vertex 93.5 20.5 55
    endloop
  endfacet
  facet normal 0.793487 -0.608587 0
    outer loop
      vertex 94.5607 20.9393 58
      vertex 94.799 21.25 55
      vertex 94.799 21.25 58
    endloop
  endfacet
  facet normal 0.793487 -0.608587 0
    outer loop
      vertex 94.799 21.25 55
      vertex 94.5607 20.9393 58
      vertex 94.5607 20.9393 55
    endloop
  endfacet
  facet normal 0.991444 0.130532 0
    outer loop
      vertex 3 92 58
      vertex 2.94889 92.3882 55
      vertex 2.94889 92.3882 58
    endloop
  endfacet
  facet normal 0.991444 0.130532 0
    outer loop
      vertex 2.94889 92.3882 55
      vertex 3 92 58
      vertex 3 92 55
    endloop
  endfacet
  facet normal -0.130497 0.991449 0
    outer loop
      vertex 1.5 93.5 55
      vertex 1.11177 93.4489 58
      vertex 1.5 93.5 58
    endloop
  endfacet
  facet normal -0.130497 0.991449 0
    outer loop
      vertex 1.11177 93.4489 58
      vertex 1.5 93.5 55
      vertex 1.11177 93.4489 55
    endloop
  endfacet
  facet normal 0.382792 -0.923834 0
    outer loop
      vertex 1.88823 90.5511 55
      vertex 2.25 90.701 58
      vertex 1.88823 90.5511 58
    endloop
  endfacet
  facet normal 0.382792 -0.923834 0
    outer loop
      vertex 2.25 90.701 58
      vertex 1.88823 90.5511 55
      vertex 2.25 90.701 55
    endloop
  endfacet
  facet normal -0.608636 -0.793449 0
    outer loop
      vertex 0.43934 90.9393 55
      vertex 0.75 90.701 58
      vertex 0.43934 90.9393 58
    endloop
  endfacet
  facet normal -0.608636 -0.793449 -0
    outer loop
      vertex 0.75 90.701 58
      vertex 0.43934 90.9393 55
      vertex 0.75 90.701 55
    endloop
  endfacet
  facet normal 0.608636 0.793449 -0
    outer loop
      vertex 2.56066 93.0607 55
      vertex 2.25 93.299 58
      vertex 2.56066 93.0607 58
    endloop
  endfacet
  facet normal 0.608636 0.793449 0
    outer loop
      vertex 2.25 93.299 58
      vertex 2.56066 93.0607 55
      vertex 2.25 93.299 55
    endloop
  endfacet
  facet normal 0.923891 0.382656 0
    outer loop
      vertex 2.94889 92.3882 58
      vertex 2.79904 92.75 55
      vertex 2.79904 92.75 58
    endloop
  endfacet
  facet normal 0.923891 0.382656 0
    outer loop
      vertex 2.79904 92.75 55
      vertex 2.94889 92.3882 58
      vertex 2.94889 92.3882 55
    endloop
  endfacet
  facet normal -0.79339 0.608714 0
    outer loop
      vertex 0.200961 92.75 55
      vertex 0.43934 93.0607 58
      vertex 0.43934 93.0607 55
    endloop
  endfacet
  facet normal -0.79339 0.608714 0
    outer loop
      vertex 0.43934 93.0607 58
      vertex 0.200961 92.75 55
      vertex 0.200961 92.75 58
    endloop
  endfacet
  facet normal -0.382792 0.923834 0
    outer loop
      vertex 1.11177 93.4489 55
      vertex 0.75 93.299 58
      vertex 1.11177 93.4489 58
    endloop
  endfacet
  facet normal -0.382792 0.923834 0
    outer loop
      vertex 0.75 93.299 58
      vertex 1.11177 93.4489 55
      vertex 0.75 93.299 55
    endloop
  endfacet
  facet normal -0.923891 -0.382656 0
    outer loop
      vertex 0.200961 91.25 55
      vertex 0.0511112 91.6118 58
      vertex 0.0511112 91.6118 55
    endloop
  endfacet
  facet normal -0.923891 -0.382656 0
    outer loop
      vertex 0.0511112 91.6118 58
      vertex 0.200961 91.25 55
      vertex 0.200961 91.25 58
    endloop
  endfacet
  facet normal 0.793388 0.608716 0
    outer loop
      vertex 2.79904 92.75 58
      vertex 2.56066 93.0607 55
      vertex 2.56066 93.0607 58
    endloop
  endfacet
  facet normal 0.793388 0.608716 0
    outer loop
      vertex 2.56066 93.0607 55
      vertex 2.79904 92.75 58
      vertex 2.79904 92.75 55
    endloop
  endfacet
  facet normal 0.130497 0.991449 -0
    outer loop
      vertex 1.88823 93.4489 55
      vertex 1.5 93.5 58
      vertex 1.88823 93.4489 58
    endloop
  endfacet
  facet normal 0.130497 0.991449 0
    outer loop
      vertex 1.5 93.5 58
      vertex 1.88823 93.4489 55
      vertex 1.5 93.5 55
    endloop
  endfacet
  facet normal 0.382792 0.923834 -0
    outer loop
      vertex 2.25 93.299 55
      vertex 1.88823 93.4489 58
      vertex 2.25 93.299 58
    endloop
  endfacet
  facet normal 0.382792 0.923834 0
    outer loop
      vertex 1.88823 93.4489 58
      vertex 2.25 93.299 55
      vertex 1.88823 93.4489 55
    endloop
  endfacet
  facet normal -0.923891 0.382656 0
    outer loop
      vertex 0.0511112 92.3882 55
      vertex 0.200961 92.75 58
      vertex 0.200961 92.75 55
    endloop
  endfacet
  facet normal -0.923891 0.382656 0
    outer loop
      vertex 0.200961 92.75 58
      vertex 0.0511112 92.3882 55
      vertex 0.0511112 92.3882 58
    endloop
  endfacet
  facet normal -0.991444 0.130535 0
    outer loop
      vertex 0 92 55
      vertex 0.0511112 92.3882 58
      vertex 0.0511112 92.3882 55
    endloop
  endfacet
  facet normal -0.991444 0.130535 0
    outer loop
      vertex 0.0511112 92.3882 58
      vertex 0 92 55
      vertex 0 92 58
    endloop
  endfacet
  facet normal -0.991444 -0.130535 0
    outer loop
      vertex 0.0511112 91.6118 55
      vertex 0 92 58
      vertex 0 92 55
    endloop
  endfacet
  facet normal -0.991444 -0.130535 0
    outer loop
      vertex 0 92 58
      vertex 0.0511112 91.6118 55
      vertex 0.0511112 91.6118 58
    endloop
  endfacet
  facet normal -0.608636 0.793449 0
    outer loop
      vertex 0.75 93.299 55
      vertex 0.43934 93.0607 58
      vertex 0.75 93.299 58
    endloop
  endfacet
  facet normal -0.608636 0.793449 0
    outer loop
      vertex 0.43934 93.0607 58
      vertex 0.75 93.299 55
      vertex 0.43934 93.0607 55
    endloop
  endfacet
  facet normal 0.991444 -0.130532 0
    outer loop
      vertex 2.94889 91.6118 58
      vertex 3 92 55
      vertex 3 92 58
    endloop
  endfacet
  facet normal 0.991444 -0.130532 0
    outer loop
      vertex 3 92 55
      vertex 2.94889 91.6118 58
      vertex 2.94889 91.6118 55
    endloop
  endfacet
  facet normal 0.923891 -0.382656 0
    outer loop
      vertex 2.79904 91.25 58
      vertex 2.94889 91.6118 55
      vertex 2.94889 91.6118 58
    endloop
  endfacet
  facet normal 0.923891 -0.382656 0
    outer loop
      vertex 2.94889 91.6118 55
      vertex 2.79904 91.25 58
      vertex 2.79904 91.25 55
    endloop
  endfacet
  facet normal -0.382792 -0.923834 0
    outer loop
      vertex 0.75 90.701 55
      vertex 1.11177 90.5511 58
      vertex 0.75 90.701 58
    endloop
  endfacet
  facet normal -0.382792 -0.923834 -0
    outer loop
      vertex 1.11177 90.5511 58
      vertex 0.75 90.701 55
      vertex 1.11177 90.5511 55
    endloop
  endfacet
  facet normal 0.130497 -0.991449 0
    outer loop
      vertex 1.5 90.5 55
      vertex 1.88823 90.5511 58
      vertex 1.5 90.5 58
    endloop
  endfacet
  facet normal 0.130497 -0.991449 0
    outer loop
      vertex 1.88823 90.5511 58
      vertex 1.5 90.5 55
      vertex 1.88823 90.5511 55
    endloop
  endfacet
  facet normal -0.79339 -0.608714 0
    outer loop
      vertex 0.43934 90.9393 55
      vertex 0.200961 91.25 58
      vertex 0.200961 91.25 55
    endloop
  endfacet
  facet normal -0.79339 -0.608714 0
    outer loop
      vertex 0.200961 91.25 58
      vertex 0.43934 90.9393 55
      vertex 0.43934 90.9393 58
    endloop
  endfacet
  facet normal 0 0 1
    outer loop
      vertex 2.94889 92.3882 58
      vertex 2.94889 91.6118 58
      vertex 3 92 58
    endloop
  endfacet
  facet normal 0 0 1
    outer loop
      vertex 2.79904 92.75 58
      vertex 2.94889 91.6118 58
      vertex 2.94889 92.3882 58
    endloop
  endfacet
  facet normal 0 0 1
    outer loop
      vertex 2.79904 92.75 58
      vertex 2.79904 91.25 58
      vertex 2.94889 91.6118 58
    endloop
  endfacet
  facet normal 0 0 1
    outer loop
      vertex 2.56066 93.0607 58
      vertex 2.79904 91.25 58
      vertex 2.79904 92.75 58
    endloop
  endfacet
  facet normal 0 0 1
    outer loop
      vertex 2.56066 93.0607 58
      vertex 2.56066 90.9393 58
      vertex 2.79904 91.25 58
    endloop
  endfacet
  facet normal 0 0 1
    outer loop
      vertex 2.25 93.299 58
      vertex 2.56066 90.9393 58
      vertex 2.56066 93.0607 58
    endloop
  endfacet
  facet normal 0 0 1
    outer loop
      vertex 2.25 93.299 58
      vertex 2.25 90.701 58
      vertex 2.56066 90.9393 58
    endloop
  endfacet
  facet normal 0 0 1
    outer loop
      vertex 1.88823 93.4489 58
      vertex 2.25 90.701 58
      vertex 2.25 93.299 58
    endloop
  endfacet
  facet normal 0 0 1
    outer loop
      vertex 1.88823 93.4489 58
      vertex 1.88823 90.5511 58
      vertex 2.25 90.701 58
    endloop
  endfacet
  facet normal 0 0 1
    outer loop
      vertex 1.5 93.5 58
      vertex 1.88823 90.5511 58
      vertex 1.88823 93.4489 58
    endloop
  endfacet
  facet normal 0 0 1
    outer loop
      vertex 1.5 93.5 58
      vertex 1.5 90.5 58
      vertex 1.88823 90.5511 58
    endloop
  endfacet
  facet normal -0 0 1
    outer loop
      vertex 1.11177 93.4489 58
      vertex 1.5 90.5 58
      vertex 1.5 93.5 58
    endloop
  endfacet
  facet normal 0 0 1
    outer loop
      vertex 1.11177 93.4489 58
      vertex 1.11177 90.5511 58
      vertex 1.5 90.5 58
    endloop
  endfacet
  facet normal -0 0 1
    outer loop
      vertex 0.75 93.299 58
      vertex 1.11177 90.5511 58
      vertex 1.11177 93.4489 58
    endloop
  endfacet
  facet normal 0 0 1
    outer loop
      vertex 0.75 93.299 58
      vertex 0.75 90.701 58
      vertex 1.11177 90.5511 58
    endloop
  endfacet
  facet normal -0 0 1
    outer loop
      vertex 0.43934 93.0607 58
      vertex 0.75 90.701 58
      vertex 0.75 93.299 58
    endloop
  endfacet
  facet normal 0 0 1
    outer loop
      vertex 0.43934 93.0607 58
      vertex 0.43934 90.9393 58
      vertex 0.75 90.701 58
    endloop
  endfacet
  facet normal -0 0 1
    outer loop
      vertex 0.200961 92.75 58
      vertex 0.43934 90.9393 58
      vertex 0.43934 93.0607 58
    endloop
  endfacet
  facet normal 0 0 1
    outer loop
      vertex 0.200961 92.75 58
      vertex 0.200961 91.25 58
      vertex 0.43934 90.9393 58
    endloop
  endfacet
  facet normal -0 0 1
    outer loop
      vertex 0.0511112 92.3882 58
      vertex 0.200961 91.25 58
      vertex 0.200961 92.75 58
    endloop
  endfacet
  facet normal 0 0 1
    outer loop
      vertex 0.0511112 92.3882 58
      vertex 0.0511112 91.6118 58
      vertex 0.200961 91.25 58
    endloop
  endfacet
  facet normal 0 -0 1
    outer loop
      vertex 0.0511112 91.6118 58
      vertex 0.0511112 92.3882 58
      vertex 0 92 58
    endloop
  endfacet
  facet normal 0.608636 -0.793449 0
    outer loop
      vertex 2.25 90.701 55
      vertex 2.56066 90.9393 58
      vertex 2.25 90.701 58
    endloop
  endfacet
  facet normal 0.608636 -0.793449 0
    outer loop
      vertex 2.56066 90.9393 58
      vertex 2.25 90.701 55
      vertex 2.56066 90.9393 55
    endloop
  endfacet
  facet normal -0.130497 -0.991449 0
    outer loop
      vertex 1.11177 90.5511 55
      vertex 1.5 90.5 58
      vertex 1.11177 90.5511 58
    endloop
  endfacet
  facet normal -0.130497 -0.991449 -0
    outer loop
      vertex 1.5 90.5 58
      vertex 1.11177 90.5511 55
      vertex 1.5 90.5 55
    endloop
  endfacet
  facet normal 0.793388 -0.608716 0
    outer loop
      vertex 2.56066 90.9393 58
      vertex 2.79904 91.25 55
      vertex 2.79904 91.25 58
    endloop
  endfacet
  facet normal 0.793388 -0.608716 0
    outer loop
      vertex 2.79904 91.25 55
      vertex 2.56066 90.9393 58
      vertex 2.56066 90.9393 55
    endloop
  endfacet
  facet normal 0.991447 0.130507 0
    outer loop
      vertex 95 92 58
      vertex 94.9489 92.3882 55
      vertex 94.9489 92.3882 58
    endloop
  endfacet
  facet normal 0.991447 0.130507 0
    outer loop
      vertex 94.9489 92.3882 55
      vertex 95 92 58
      vertex 95 92 55
    endloop
  endfacet
  facet normal -0.130507 0.991447 0
    outer loop
      vertex 93.5 93.5 55
      vertex 93.1118 93.4489 58
      vertex 93.5 93.5 58
    endloop
  endfacet
  facet normal -0.130507 0.991447 0
    outer loop
      vertex 93.1118 93.4489 58
      vertex 93.5 93.5 55
      vertex 93.1118 93.4489 55
    endloop
  endfacet
  facet normal 0.608587 0.793487 -0
    outer loop
      vertex 94.5607 93.0607 55
      vertex 94.25 93.299 58
      vertex 94.5607 93.0607 58
    endloop
  endfacet
  facet normal 0.608587 0.793487 0
    outer loop
      vertex 94.25 93.299 58
      vertex 94.5607 93.0607 55
      vertex 94.25 93.299 55
    endloop
  endfacet
  facet normal 0.923846 0.382765 0
    outer loop
      vertex 94.9489 92.3882 58
      vertex 94.799 92.75 55
      vertex 94.799 92.75 58
    endloop
  endfacet
  facet normal 0.923846 0.382765 0
    outer loop
      vertex 94.799 92.75 55
      vertex 94.9489 92.3882 58
      vertex 94.9489 92.3882 55
    endloop
  endfacet
  facet normal -0.793487 0.608587 0
    outer loop
      vertex 92.201 92.75 55
      vertex 92.4393 93.0607 58
      vertex 92.4393 93.0607 55
    endloop
  endfacet
  facet normal -0.793487 0.608587 0
    outer loop
      vertex 92.4393 93.0607 58
      vertex 92.201 92.75 55
      vertex 92.201 92.75 58
    endloop
  endfacet
  facet normal -0.382765 0.923846 0
    outer loop
      vertex 93.1118 93.4489 55
      vertex 92.75 93.299 58
      vertex 93.1118 93.4489 58
    endloop
  endfacet
  facet normal -0.382765 0.923846 0
    outer loop
      vertex 92.75 93.299 58
      vertex 93.1118 93.4489 55
      vertex 92.75 93.299 55
    endloop
  endfacet
  facet normal -0.923846 -0.382765 0
    outer loop
      vertex 92.201 91.25 55
      vertex 92.0511 91.6118 58
      vertex 92.0511 91.6118 55
    endloop
  endfacet
  facet normal -0.923846 -0.382765 0
    outer loop
      vertex 92.0511 91.6118 58
      vertex 92.201 91.25 55
      vertex 92.201 91.25 58
    endloop
  endfacet
  facet normal 0.793487 0.608587 0
    outer loop
      vertex 94.799 92.75 58
      vertex 94.5607 93.0607 55
      vertex 94.5607 93.0607 58
    endloop
  endfacet
  facet normal 0.793487 0.608587 0
    outer loop
      vertex 94.5607 93.0607 55
      vertex 94.799 92.75 58
      vertex 94.799 92.75 55
    endloop
  endfacet
  facet normal 0.130507 0.991447 -0
    outer loop
      vertex 93.8882 93.4489 55
      vertex 93.5 93.5 58
      vertex 93.8882 93.4489 58
    endloop
  endfacet
  facet normal 0.130507 0.991447 0
    outer loop
      vertex 93.5 93.5 58
      vertex 93.8882 93.4489 55
      vertex 93.5 93.5 55
    endloop
  endfacet
  facet normal 0.382765 0.923846 -0
    outer loop
      vertex 94.25 93.299 55
      vertex 93.8882 93.4489 58
      vertex 94.25 93.299 58
    endloop
  endfacet
  facet normal 0.382765 0.923846 0
    outer loop
      vertex 93.8882 93.4489 58
      vertex 94.25 93.299 55
      vertex 93.8882 93.4489 55
    endloop
  endfacet
  facet normal -0.923846 0.382765 0
    outer loop
      vertex 92.0511 92.3882 55
      vertex 92.201 92.75 58
      vertex 92.201 92.75 55
    endloop
  endfacet
  facet normal -0.923846 0.382765 0
    outer loop
      vertex 92.201 92.75 58
      vertex 92.0511 92.3882 55
      vertex 92.0511 92.3882 58
    endloop
  endfacet
  facet normal -0.991447 0.130507 0
    outer loop
      vertex 92 92 55
      vertex 92.0511 92.3882 58
      vertex 92.0511 92.3882 55
    endloop
  endfacet
  facet normal -0.991447 0.130507 0
    outer loop
      vertex 92.0511 92.3882 58
      vertex 92 92 55
      vertex 92 92 58
    endloop
  endfacet
  facet normal -0.991447 -0.130507 0
    outer loop
      vertex 92.0511 91.6118 55
      vertex 92 92 58
      vertex 92 92 55
    endloop
  endfacet
  facet normal -0.991447 -0.130507 0
    outer loop
      vertex 92 92 58
      vertex 92.0511 91.6118 55
      vertex 92.0511 91.6118 58
    endloop
  endfacet
  facet normal -0.608587 0.793487 0
    outer loop
      vertex 92.75 93.299 55
      vertex 92.4393 93.0607 58
      vertex 92.75 93.299 58
    endloop
  endfacet
  facet normal -0.608587 0.793487 0
    outer loop
      vertex 92.4393 93.0607 58
      vertex 92.75 93.299 55
      vertex 92.4393 93.0607 55
    endloop
  endfacet
  facet normal 0.991447 -0.130507 0
    outer loop
      vertex 94.9489 91.6118 58
      vertex 95 92 55
      vertex 95 92 58
    endloop
  endfacet
  facet normal 0.991447 -0.130507 0
    outer loop
      vertex 95 92 55
      vertex 94.9489 91.6118 58
      vertex 94.9489 91.6118 55
    endloop
  endfacet
  facet normal 0.382765 -0.923846 0
    outer loop
      vertex 93.8882 90.5511 55
      vertex 94.25 90.701 58
      vertex 93.8882 90.5511 58
    endloop
  endfacet
  facet normal 0.382765 -0.923846 0
    outer loop
      vertex 94.25 90.701 58
      vertex 93.8882 90.5511 55
      vertex 94.25 90.701 55
    endloop
  endfacet
  facet normal 0.923846 -0.382765 0
    outer loop
      vertex 94.799 91.25 58
      vertex 94.9489 91.6118 55
      vertex 94.9489 91.6118 58
    endloop
  endfacet
  facet normal 0.923846 -0.382765 0
    outer loop
      vertex 94.9489 91.6118 55
      vertex 94.799 91.25 58
      vertex 94.799 91.25 55
    endloop
  endfacet
  facet normal -0.382765 -0.923846 0
    outer loop
      vertex 92.75 90.701 55
      vertex 93.1118 90.5511 58
      vertex 92.75 90.701 58
    endloop
  endfacet
  facet normal -0.382765 -0.923846 -0
    outer loop
      vertex 93.1118 90.5511 58
      vertex 92.75 90.701 55
      vertex 93.1118 90.5511 55
    endloop
  endfacet
  facet normal 0.130507 -0.991447 0
    outer loop
      vertex 93.5 90.5 55
      vertex 93.8882 90.5511 58
      vertex 93.5 90.5 58
    endloop
  endfacet
  facet normal 0.130507 -0.991447 0
    outer loop
      vertex 93.8882 90.5511 58
      vertex 93.5 90.5 55
      vertex 93.8882 90.5511 55
    endloop
  endfacet
  facet normal -0.793487 -0.608587 0
    outer loop
      vertex 92.4393 90.9393 55
      vertex 92.201 91.25 58
      vertex 92.201 91.25 55
    endloop
  endfacet
  facet normal -0.793487 -0.608587 0
    outer loop
      vertex 92.201 91.25 58
      vertex 92.4393 90.9393 55
      vertex 92.4393 90.9393 58
    endloop
  endfacet
  facet normal 0 0 1
    outer loop
      vertex 94.9489 92.3882 58
      vertex 94.9489 91.6118 58
      vertex 95 92 58
    endloop
  endfacet
  facet normal 0 0 1
    outer loop
      vertex 94.799 92.75 58
      vertex 94.9489 91.6118 58
      vertex 94.9489 92.3882 58
    endloop
  endfacet
  facet normal 0 0 1
    outer loop
      vertex 94.799 92.75 58
      vertex 94.799 91.25 58
      vertex 94.9489 91.6118 58
    endloop
  endfacet
  facet normal 0 0 1
    outer loop
      vertex 94.5607 93.0607 58
      vertex 94.799 91.25 58
      vertex 94.799 92.75 58
    endloop
  endfacet
  facet normal 0 0 1
    outer loop
      vertex 94.5607 93.0607 58
      vertex 94.5607 90.9393 58
      vertex 94.799 91.25 58
    endloop
  endfacet
  facet normal 0 0 1
    outer loop
      vertex 94.25 93.299 58
      vertex 94.5607 90.9393 58
      vertex 94.5607 93.0607 58
    endloop
  endfacet
  facet normal 0 0 1
    outer loop
      vertex 94.25 93.299 58
      vertex 94.25 90.701 58
      vertex 94.5607 90.9393 58
    endloop
  endfacet
  facet normal 0 0 1
    outer loop
      vertex 93.8882 93.4489 58
      vertex 94.25 90.701 58
      vertex 94.25 93.299 58
    endloop
  endfacet
  facet normal 0 0 1
    outer loop
      vertex 93.8882 93.4489 58
      vertex 93.8882 90.5511 58
      vertex 94.25 90.701 58
    endloop
  endfacet
  facet normal 0 0 1
    outer loop
      vertex 93.5 93.5 58
      vertex 93.8882 90.5511 58
      vertex 93.8882 93.4489 58
    endloop
  endfacet
  facet normal 0 0 1
    outer loop
      vertex 93.5 93.5 58
      vertex 93.5 90.5 58
      vertex 93.8882 90.5511 58
    endloop
  endfacet
  facet normal -0 0 1
    outer loop
      vertex 93.1118 93.4489 58
      vertex 93.5 90.5 58
      vertex 93.5 93.5 58
    endloop
  endfacet
  facet normal 0 0 1
    outer loop
      vertex 93.1118 93.4489 58
      vertex 93.1118 90.5511 58
      vertex 93.5 90.5 58
    endloop
  endfacet
  facet normal -0 0 1
    outer loop
      vertex 92.75 93.299 58
      vertex 93.1118 90.5511 58
      vertex 93.1118 93.4489 58
    endloop
  endfacet
  facet normal 0 0 1
    outer loop
      vertex 92.75 93.299 58
      vertex 92.75 90.701 58
      vertex 93.1118 90.5511 58
    endloop
  endfacet
  facet normal -0 0 1
    outer loop
      vertex 92.4393 93.0607 58
      vertex 92.75 90.701 58
      vertex 92.75 93.299 58
    endloop
  endfacet
  facet normal 0 0 1
    outer loop
      vertex 92.4393 93.0607 58
      vertex 92.4393 90.9393 58
      vertex 92.75 90.701 58
    endloop
  endfacet
  facet normal -0 0 1
    outer loop
      vertex 92.201 92.75 58
      vertex 92.4393 90.9393 58
      vertex 92.4393 93.0607 58
    endloop
  endfacet
  facet normal 0 0 1
    outer loop
      vertex 92.201 92.75 58
      vertex 92.201 91.25 58
      vertex 92.4393 90.9393 58
    endloop
  endfacet
  facet normal -0 0 1
    outer loop
      vertex 92.0511 92.3882 58
      vertex 92.201 91.25 58
      vertex 92.201 92.75 58
    endloop
  endfacet
  facet normal 0 0 1
    outer loop
      vertex 92.0511 92.3882 58
      vertex 92.0511 91.6118 58
      vertex 92.201 91.25 58
    endloop
  endfacet
  facet normal 0 -0 1
    outer loop
      vertex 92.0511 91.6118 58
      vertex 92.0511 92.3882 58
      vertex 92 92 58
    endloop
  endfacet
  facet normal 0.608587 -0.793487 0
    outer loop
      vertex 94.25 90.701 55
      vertex 94.5607 90.9393 58
      vertex 94.25 90.701 58
    endloop
  endfacet
  facet normal 0.608587 -0.793487 0
    outer loop
      vertex 94.5607 90.9393 58
      vertex 94.25 90.701 55
      vertex 94.5607 90.9393 55
    endloop
  endfacet
  facet normal -0.130507 -0.991447 0
    outer loop
      vertex 93.1118 90.5511 55
      vertex 93.5 90.5 58
      vertex 93.1118 90.5511 58
    endloop
  endfacet
  facet normal -0.130507 -0.991447 -0
    outer loop
      vertex 93.5 90.5 58
      vertex 93.1118 90.5511 55
      vertex 93.5 90.5 55
    endloop
  endfacet
  facet normal -0.608587 -0.793487 0
    outer loop
      vertex 92.4393 90.9393 55
      vertex 92.75 90.701 58
      vertex 92.4393 90.9393 58
    endloop
  endfacet
  facet normal -0.608587 -0.793487 -0
    outer loop
      vertex 92.75 90.701 58
      vertex 92.4393 90.9393 55
      vertex 92.75 90.701 55
    endloop
  endfacet
  facet normal 0.793487 -0.608587 0
    outer loop
      vertex 94.5607 90.9393 58
      vertex 94.799 91.25 55
      vertex 94.799 91.25 58
    endloop
  endfacet
  facet normal 0.793487 -0.608587 0
    outer loop
      vertex 94.799 91.25 55
      vertex 94.5607 90.9393 58
      vertex 94.5607 90.9393 55
    endloop
  endfacet
  facet normal 0 0.130621 -0.991432
    outer loop
      vertex 0 30 24
      vertex -0.799999 30.4 24.0527
      vertex 0 30.4 24.0527
    endloop
  endfacet
  facet normal 0 0.130621 -0.991432
    outer loop
      vertex -2.5 30 24
      vertex -0.799999 30.4 24.0527
      vertex 0 30 24
    endloop
  endfacet
  facet normal 4.22759e-05 0.130445 -0.991456
    outer loop
      vertex -2.5 30.5176 24.0681
      vertex -0.799999 30.4 24.0527
      vertex -2.5 30 24
    endloop
  endfacet
  facet normal 0 0.129844 -0.991534
    outer loop
      vertex -0.799999 30.4 24.0527
      vertex -2.5 30.5176 24.0681
      vertex -0.799999 30.5176 24.0681
    endloop
  endfacet
  facet normal 0 0.129844 0.991534
    outer loop
      vertex -0.799999 30.5176 27.9319
      vertex -2.5 30.5176 27.9319
      vertex -0.799999 30.4 27.9473
    endloop
  endfacet
  facet normal -0 0.130621 0.991432
    outer loop
      vertex -0.799999 30.4 27.9473
      vertex 0 30 28
      vertex 0 30.4 27.9473
    endloop
  endfacet
  facet normal 4.22759e-05 0.130445 0.991456
    outer loop
      vertex -2.5 30 28
      vertex -0.799999 30.4 27.9473
      vertex -2.5 30.5176 27.9319
    endloop
  endfacet
  facet normal 0 0.130621 0.991432
    outer loop
      vertex -0.799999 30.4 27.9473
      vertex -2.5 30 28
      vertex 0 30 28
    endloop
  endfacet
  facet normal 0 -0.991456 -0.130445
    outer loop
      vertex -2.5 28.0681 25.4824
      vertex 0 28 26
      vertex -2.5 28 26
    endloop
  endfacet
  facet normal 0 -0.991456 -0.130445
    outer loop
      vertex 0 28 26
      vertex -2.5 28.0681 25.4824
      vertex 0 28.0681 25.4824
    endloop
  endfacet
  facet normal 0 0.382656 -0.923891
    outer loop
      vertex -2.5 30.5176 24.0681
      vertex -0.799999 31 24.2679
      vertex -0.799999 30.5176 24.0681
    endloop
  endfacet
  facet normal 0 0.382656 -0.923891
    outer loop
      vertex -0.799999 31 24.2679
      vertex -2.5 30.5176 24.0681
      vertex -2.5 31 24.2679
    endloop
  endfacet
  facet normal 0 0.793378 0.608729
    outer loop
      vertex -0.799999 31.732 27
      vertex -2.5 31.4142 27.4142
      vertex -0.799999 31.4142 27.4142
    endloop
  endfacet
  facet normal 0 0.793378 0.608729
    outer loop
      vertex -2.5 31.4142 27.4142
      vertex -0.799999 31.732 27
      vertex -2.5 31.732 27
    endloop
  endfacet
  facet normal 0 0.991456 0.130445
    outer loop
      vertex -0.799999 32 26
      vertex -2.5 31.9319 26.5176
      vertex -0.799999 31.9319 26.5176
    endloop
  endfacet
  facet normal 0 0.991456 0.130445
    outer loop
      vertex -2.5 31.9319 26.5176
      vertex -0.799999 32 26
      vertex -2.5 32 26
    endloop
  endfacet
  facet normal 0 0.60885 -0.793286
    outer loop
      vertex -2.5 31 24.2679
      vertex -0.799999 31.4142 24.5858
      vertex -0.799999 31 24.2679
    endloop
  endfacet
  facet normal 0 0.60885 -0.793286
    outer loop
      vertex -0.799999 31.4142 24.5858
      vertex -2.5 31 24.2679
      vertex -2.5 31.4142 24.5858
    endloop
  endfacet
  facet normal 0 0.991456 -0.130445
    outer loop
      vertex -0.799999 31.9319 25.4824
      vertex -2.5 32 26
      vertex -0.799999 32 26
    endloop
  endfacet
  facet normal 0 0.991456 -0.130445
    outer loop
      vertex -2.5 32 26
      vertex -0.799999 31.9319 25.4824
      vertex -2.5 31.9319 25.4824
    endloop
  endfacet
  facet normal 0 0.793378 -0.608729
    outer loop
      vertex -0.799999 31.4142 24.5858
      vertex -2.5 31.732 25
      vertex -0.799999 31.732 25
    endloop
  endfacet
  facet normal 0 0.793378 -0.608729
    outer loop
      vertex -2.5 31.732 25
      vertex -0.799999 31.4142 24.5858
      vertex -2.5 31.4142 24.5858
    endloop
  endfacet
  facet normal -0 0.608729 0.793378
    outer loop
      vertex -2.5 31.4142 27.4142
      vertex -0.799999 31 27.732
      vertex -0.799999 31.4142 27.4142
    endloop
  endfacet
  facet normal 0 0.608729 0.793378
    outer loop
      vertex -0.799999 31 27.732
      vertex -2.5 31.4142 27.4142
      vertex -2.5 31 27.732
    endloop
  endfacet
  facet normal -0 0.38282 0.923823
    outer loop
      vertex -2.5 31 27.732
      vertex -0.799999 30.5176 27.9319
      vertex -0.799999 31 27.732
    endloop
  endfacet
  facet normal 0 0.38282 0.923823
    outer loop
      vertex -0.799999 30.5176 27.9319
      vertex -2.5 31 27.732
      vertex -2.5 30.5176 27.9319
    endloop
  endfacet
  facet normal 0 0.923823 0.38282
    outer loop
      vertex -0.799999 31.9319 26.5176
      vertex -2.5 31.732 27
      vertex -0.799999 31.732 27
    endloop
  endfacet
  facet normal 0 0.923823 0.38282
    outer loop
      vertex -2.5 31.732 27
      vertex -0.799999 31.9319 26.5176
      vertex -2.5 31.9319 26.5176
    endloop
  endfacet
  facet normal 0 -0.60885 -0.793286
    outer loop
      vertex -2.5 28.5858 24.5858
      vertex 0 29 24.2679
      vertex 0 28.5858 24.5858
    endloop
  endfacet
  facet normal -0 -0.60885 -0.793286
    outer loop
      vertex 0 29 24.2679
      vertex -2.5 28.5858 24.5858
      vertex -2.5 29 24.2679
    endloop
  endfacet
  facet normal 0 -0.382656 -0.923891
    outer loop
      vertex -2.5 29 24.2679
      vertex 0 29.4824 24.0681
      vertex 0 29 24.2679
    endloop
  endfacet
  facet normal -0 -0.382656 -0.923891
    outer loop
      vertex 0 29.4824 24.0681
      vertex -2.5 29 24.2679
      vertex -2.5 29.4824 24.0681
    endloop
  endfacet
  facet normal 0 0.923823 -0.38282
    outer loop
      vertex -0.799999 31.732 25
      vertex -2.5 31.9319 25.4824
      vertex -0.799999 31.9319 25.4824
    endloop
  endfacet
  facet normal 0 0.923823 -0.38282
    outer loop
      vertex -2.5 31.9319 25.4824
      vertex -0.799999 31.732 25
      vertex -2.5 31.732 25
    endloop
  endfacet
  facet normal 0 -0.130445 0.991456
    outer loop
      vertex -2.5 30 28
      vertex 0 29.4824 27.9319
      vertex 0 30 28
    endloop
  endfacet
  facet normal 0 -0.130445 0.991456
    outer loop
      vertex 0 29.4824 27.9319
      vertex -2.5 30 28
      vertex -2.5 29.4824 27.9319
    endloop
  endfacet
  facet normal 0 -0.608729 0.793378
    outer loop
      vertex -2.5 29 27.732
      vertex 0 28.5858 27.4142
      vertex 0 29 27.732
    endloop
  endfacet
  facet normal 0 -0.608729 0.793378
    outer loop
      vertex 0 28.5858 27.4142
      vertex -2.5 29 27.732
      vertex -2.5 28.5858 27.4142
    endloop
  endfacet
  facet normal 0 -0.130445 -0.991456
    outer loop
      vertex -2.5 29.4824 24.0681
      vertex 0 30 24
      vertex 0 29.4824 24.0681
    endloop
  endfacet
  facet normal -0 -0.130445 -0.991456
    outer loop
      vertex 0 30 24
      vertex -2.5 29.4824 24.0681
      vertex -2.5 30 24
    endloop
  endfacet
  facet normal 0 -0.991456 0.130445
    outer loop
      vertex -2.5 28 26
      vertex 0 28.0681 26.5176
      vertex -2.5 28.0681 26.5176
    endloop
  endfacet
  facet normal 0 -0.991456 0.130445
    outer loop
      vertex 0 28.0681 26.5176
      vertex -2.5 28 26
      vertex 0 28 26
    endloop
  endfacet
  facet normal -1 0 0
    outer loop
      vertex -2.5 31.9319 25.4824
      vertex -2.5 31.9319 26.5176
      vertex -2.5 32 26
    endloop
  endfacet
  facet normal -1 0 0
    outer loop
      vertex -2.5 31.732 25
      vertex -2.5 31.9319 26.5176
      vertex -2.5 31.9319 25.4824
    endloop
  endfacet
  facet normal -1 0 0
    outer loop
      vertex -2.5 31.732 25
      vertex -2.5 31.732 27
      vertex -2.5 31.9319 26.5176
    endloop
  endfacet
  facet normal -1 0 0
    outer loop
      vertex -2.5 31.4142 24.5858
      vertex -2.5 31.732 27
      vertex -2.5 31.732 25
    endloop
  endfacet
  facet normal -1 0 0
    outer loop
      vertex -2.5 31.4142 24.5858
      vertex -2.5 31.4142 27.4142
      vertex -2.5 31.732 27
    endloop
  endfacet
  facet normal -1 0 0
    outer loop
      vertex -2.5 31 24.2679
      vertex -2.5 31.4142 27.4142
      vertex -2.5 31.4142 24.5858
    endloop
  endfacet
  facet normal -1 0 0
    outer loop
      vertex -2.5 31 24.2679
      vertex -2.5 31 27.732
      vertex -2.5 31.4142 27.4142
    endloop
  endfacet
  facet normal -1 0 0
    outer loop
      vertex -2.5 30.5176 24.0681
      vertex -2.5 31 27.732
      vertex -2.5 31 24.2679
    endloop
  endfacet
  facet normal -1 0 0
    outer loop
      vertex -2.5 30.5176 24.0681
      vertex -2.5 30.5176 27.9319
      vertex -2.5 31 27.732
    endloop
  endfacet
  facet normal -1 0 0
    outer loop
      vertex -2.5 30 24
      vertex -2.5 30.5176 27.9319
      vertex -2.5 30.5176 24.0681
    endloop
  endfacet
  facet normal -1 0 0
    outer loop
      vertex -2.5 30 24
      vertex -2.5 30 28
      vertex -2.5 30.5176 27.9319
    endloop
  endfacet
  facet normal -1 0 0
    outer loop
      vertex -2.5 29.4824 24.0681
      vertex -2.5 30 28
      vertex -2.5 30 24
    endloop
  endfacet
  facet normal -1 0 0
    outer loop
      vertex -2.5 29.4824 24.0681
      vertex -2.5 29.4824 27.9319
      vertex -2.5 30 28
    endloop
  endfacet
  facet normal -1 0 0
    outer loop
      vertex -2.5 29 24.2679
      vertex -2.5 29.4824 27.9319
      vertex -2.5 29.4824 24.0681
    endloop
  endfacet
  facet normal -1 0 0
    outer loop
      vertex -2.5 29 24.2679
      vertex -2.5 29 27.732
      vertex -2.5 29.4824 27.9319
    endloop
  endfacet
  facet normal -1 0 0
    outer loop
      vertex -2.5 28.5858 24.5858
      vertex -2.5 29 27.732
      vertex -2.5 29 24.2679
    endloop
  endfacet
  facet normal -1 0 0
    outer loop
      vertex -2.5 28.5858 24.5858
      vertex -2.5 28.5858 27.4142
      vertex -2.5 29 27.732
    endloop
  endfacet
  facet normal -1 0 0
    outer loop
      vertex -2.5 28.2679 25
      vertex -2.5 28.5858 27.4142
      vertex -2.5 28.5858 24.5858
    endloop
  endfacet
  facet normal -1 0 0
    outer loop
      vertex -2.5 28.2679 25
      vertex -2.5 28.2679 27
      vertex -2.5 28.5858 27.4142
    endloop
  endfacet
  facet normal -1 0 0
    outer loop
      vertex -2.5 28.0681 25.4824
      vertex -2.5 28.2679 27
      vertex -2.5 28.2679 25
    endloop
  endfacet
  facet normal -1 0 0
    outer loop
      vertex -2.5 28.0681 25.4824
      vertex -2.5 28.0681 26.5176
      vertex -2.5 28.2679 27
    endloop
  endfacet
  facet normal -1 0 -0
    outer loop
      vertex -2.5 28.0681 26.5176
      vertex -2.5 28.0681 25.4824
      vertex -2.5 28 26
    endloop
  endfacet
  facet normal 0 -0.923891 0.382656
    outer loop
      vertex -2.5 28.0681 26.5176
      vertex 0 28.2679 27
      vertex -2.5 28.2679 27
    endloop
  endfacet
  facet normal 0 -0.923891 0.382656
    outer loop
      vertex 0 28.2679 27
      vertex -2.5 28.0681 26.5176
      vertex 0 28.0681 26.5176
    endloop
  endfacet
  facet normal 0 -0.38282 0.923823
    outer loop
      vertex -2.5 29.4824 27.9319
      vertex 0 29 27.732
      vertex 0 29.4824 27.9319
    endloop
  endfacet
  facet normal 0 -0.38282 0.923823
    outer loop
      vertex 0 29 27.732
      vertex -2.5 29.4824 27.9319
      vertex -2.5 29 27.732
    endloop
  endfacet
  facet normal 0 -0.793286 -0.60885
    outer loop
      vertex -2.5 28.5858 24.5858
      vertex 0 28.2679 25
      vertex -2.5 28.2679 25
    endloop
  endfacet
  facet normal 0 -0.793286 -0.60885
    outer loop
      vertex 0 28.2679 25
      vertex -2.5 28.5858 24.5858
      vertex 0 28.5858 24.5858
    endloop
  endfacet
  facet normal 0 -0.923891 -0.382656
    outer loop
      vertex -2.5 28.2679 25
      vertex 0 28.0681 25.4824
      vertex -2.5 28.0681 25.4824
    endloop
  endfacet
  facet normal 0 -0.923891 -0.382656
    outer loop
      vertex 0 28.0681 25.4824
      vertex -2.5 28.2679 25
      vertex 0 28.2679 25
    endloop
  endfacet
  facet normal 0 -0.793286 0.60885
    outer loop
      vertex -2.5 28.2679 27
      vertex 0 28.5858 27.4142
      vertex -2.5 28.5858 27.4142
    endloop
  endfacet
  facet normal 0 -0.793286 0.60885
    outer loop
      vertex 0 28.5858 27.4142
      vertex -2.5 28.2679 27
      vertex 0 28.2679 27
    endloop
  endfacet
  facet normal 0 0.130346 -0.991469
    outer loop
      vertex -2.5 100 24
      vertex 0 100.518 24.0681
      vertex 0 100 24
    endloop
  endfacet
  facet normal 0 0.130346 -0.991469
    outer loop
      vertex 0 100.518 24.0681
      vertex -2.5 100 24
      vertex -2.5 100.518 24.0681
    endloop
  endfacet
  facet normal -0 0.130346 0.991469
    outer loop
      vertex -2.5 100.518 27.9319
      vertex 0 100 28
      vertex 0 100.518 27.9319
    endloop
  endfacet
  facet normal 0 0.130346 0.991469
    outer loop
      vertex 0 100 28
      vertex -2.5 100.518 27.9319
      vertex -2.5 100 28
    endloop
  endfacet
  facet normal 0 -0.991456 -0.130445
    outer loop
      vertex -2.5 98.0681 25.4824
      vertex 0 98 26
      vertex -2.5 98 26
    endloop
  endfacet
  facet normal 0 -0.991456 -0.130445
    outer loop
      vertex 0 98 26
      vertex -2.5 98.0681 25.4824
      vertex 0 98.0681 25.4824
    endloop
  endfacet
  facet normal 0 0.382927 -0.923778
    outer loop
      vertex -2.5 100.518 24.0681
      vertex 0 101 24.2679
      vertex 0 100.518 24.0681
    endloop
  endfacet
  facet normal 0 0.382927 -0.923778
    outer loop
      vertex 0 101 24.2679
      vertex -2.5 100.518 24.0681
      vertex -2.5 101 24.2679
    endloop
  endfacet
  facet normal 0 0.793193 0.60897
    outer loop
      vertex 0 101.732 27
      vertex -2.5 101.414 27.4142
      vertex 0 101.414 27.4142
    endloop
  endfacet
  facet normal 0 0.793193 0.60897
    outer loop
      vertex -2.5 101.414 27.4142
      vertex 0 101.732 27
      vertex -2.5 101.732 27
    endloop
  endfacet
  facet normal 0 0.99148 0.130256
    outer loop
      vertex 0 102 26
      vertex -2.5 101.932 26.5176
      vertex 0 101.932 26.5176
    endloop
  endfacet
  facet normal 0 0.99148 0.130256
    outer loop
      vertex -2.5 101.932 26.5176
      vertex 0 102 26
      vertex -2.5 102 26
    endloop
  endfacet
  facet normal 0 0.609035 -0.793144
    outer loop
      vertex -2.5 101 24.2679
      vertex 0 101.414 24.5858
      vertex 0 101 24.2679
    endloop
  endfacet
  facet normal 0 0.609035 -0.793144
    outer loop
      vertex 0 101.414 24.5858
      vertex -2.5 101 24.2679
      vertex -2.5 101.414 24.5858
    endloop
  endfacet
  facet normal 0 0.99148 -0.130256
    outer loop
      vertex 0 101.932 25.4824
      vertex -2.5 102 26
      vertex 0 102 26
    endloop
  endfacet
  facet normal 0 0.99148 -0.130256
    outer loop
      vertex -2.5 102 26
      vertex 0 101.932 25.4824
      vertex -2.5 101.932 25.4824
    endloop
  endfacet
  facet normal 0 0.793193 -0.60897
    outer loop
      vertex 0 101.414 24.5858
      vertex -2.5 101.732 25
      vertex 0 101.732 25
    endloop
  endfacet
  facet normal 0 0.793193 -0.60897
    outer loop
      vertex -2.5 101.732 25
      vertex 0 101.414 24.5858
      vertex -2.5 101.414 24.5858
    endloop
  endfacet
  facet normal -0 0.608914 0.793236
    outer loop
      vertex -2.5 101.414 27.4142
      vertex 0 101 27.732
      vertex 0 101.414 27.4142
    endloop
  endfacet
  facet normal 0 0.608914 0.793236
    outer loop
      vertex 0 101 27.732
      vertex -2.5 101.414 27.4142
      vertex -2.5 101 27.732
    endloop
  endfacet
  facet normal -0 0.383091 0.923711
    outer loop
      vertex -2.5 101 27.732
      vertex 0 100.518 27.9319
      vertex 0 101 27.732
    endloop
  endfacet
  facet normal 0 0.383091 0.923711
    outer loop
      vertex 0 100.518 27.9319
      vertex -2.5 101 27.732
      vertex -2.5 100.518 27.9319
    endloop
  endfacet
  facet normal 0 0.923755 0.382983
    outer loop
      vertex 0 101.932 26.5176
      vertex -2.5 101.732 27
      vertex 0 101.732 27
    endloop
  endfacet
  facet normal 0 0.923755 0.382983
    outer loop
      vertex -2.5 101.732 27
      vertex 0 101.932 26.5176
      vertex -2.5 101.932 26.5176
    endloop
  endfacet
  facet normal 0 -0.130445 -0.991456
    outer loop
      vertex -2.5 99.4824 24.0681
      vertex 0 100 24
      vertex 0 99.4824 24.0681
    endloop
  endfacet
  facet normal -0 -0.130445 -0.991456
    outer loop
      vertex 0 100 24
      vertex -2.5 99.4824 24.0681
      vertex -2.5 100 24
    endloop
  endfacet
  facet normal 0 -0.60885 -0.793286
    outer loop
      vertex -2.5 98.5858 24.5858
      vertex 0 99 24.2679
      vertex 0 98.5858 24.5858
    endloop
  endfacet
  facet normal -0 -0.60885 -0.793286
    outer loop
      vertex 0 99 24.2679
      vertex -2.5 98.5858 24.5858
      vertex -2.5 99 24.2679
    endloop
  endfacet
  facet normal 0 -0.382656 -0.923891
    outer loop
      vertex -2.5 99 24.2679
      vertex 0 99.4824 24.0681
      vertex 0 99 24.2679
    endloop
  endfacet
  facet normal -0 -0.382656 -0.923891
    outer loop
      vertex 0 99.4824 24.0681
      vertex -2.5 99 24.2679
      vertex -2.5 99.4824 24.0681
    endloop
  endfacet
  facet normal 0 0.923755 -0.382983
    outer loop
      vertex 0 101.732 25
      vertex -2.5 101.932 25.4824
      vertex 0 101.932 25.4824
    endloop
  endfacet
  facet normal 0 0.923755 -0.382983
    outer loop
      vertex -2.5 101.932 25.4824
      vertex 0 101.732 25
      vertex -2.5 101.732 25
    endloop
  endfacet
  facet normal 0 -0.793378 0.608729
    outer loop
      vertex -2.5 98.268 27
      vertex 0 98.5858 27.4142
      vertex -2.5 98.5858 27.4142
    endloop
  endfacet
  facet normal 0 -0.793378 0.608729
    outer loop
      vertex 0 98.5858 27.4142
      vertex -2.5 98.268 27
      vertex 0 98.268 27
    endloop
  endfacet
  facet normal 0 -0.130445 0.991456
    outer loop
      vertex -2.5 100 28
      vertex 0 99.4824 27.9319
      vertex 0 100 28
    endloop
  endfacet
  facet normal 0 -0.130445 0.991456
    outer loop
      vertex 0 99.4824 27.9319
      vertex -2.5 100 28
      vertex -2.5 99.4824 27.9319
    endloop
  endfacet
  facet normal 0 -0.608729 0.793378
    outer loop
      vertex -2.5 99 27.732
      vertex 0 98.5858 27.4142
      vertex 0 99 27.732
    endloop
  endfacet
  facet normal 0 -0.608729 0.793378
    outer loop
      vertex 0 98.5858 27.4142
      vertex -2.5 99 27.732
      vertex -2.5 98.5858 27.4142
    endloop
  endfacet
  facet normal 0 -0.991456 0.130445
    outer loop
      vertex -2.5 98 26
      vertex 0 98.0681 26.5176
      vertex -2.5 98.0681 26.5176
    endloop
  endfacet
  facet normal 0 -0.991456 0.130445
    outer loop
      vertex 0 98.0681 26.5176
      vertex -2.5 98 26
      vertex 0 98 26
    endloop
  endfacet
  facet normal -1 0 0
    outer loop
      vertex -2.5 101.932 25.4824
      vertex -2.5 101.932 26.5176
      vertex -2.5 102 26
    endloop
  endfacet
  facet normal -1 0 0
    outer loop
      vertex -2.5 101.732 25
      vertex -2.5 101.932 26.5176
      vertex -2.5 101.932 25.4824
    endloop
  endfacet
  facet normal -1 0 0
    outer loop
      vertex -2.5 101.732 25
      vertex -2.5 101.732 27
      vertex -2.5 101.932 26.5176
    endloop
  endfacet
  facet normal -1 0 0
    outer loop
      vertex -2.5 101.414 24.5858
      vertex -2.5 101.732 27
      vertex -2.5 101.732 25
    endloop
  endfacet
  facet normal -1 0 0
    outer loop
      vertex -2.5 101.414 24.5858
      vertex -2.5 101.414 27.4142
      vertex -2.5 101.732 27
    endloop
  endfacet
  facet normal -1 0 0
    outer loop
      vertex -2.5 101 24.2679
      vertex -2.5 101.414 27.4142
      vertex -2.5 101.414 24.5858
    endloop
  endfacet
  facet normal -1 0 0
    outer loop
      vertex -2.5 101 24.2679
      vertex -2.5 101 27.732
      vertex -2.5 101.414 27.4142
    endloop
  endfacet
  facet normal -1 0 0
    outer loop
      vertex -2.5 100.518 24.0681
      vertex -2.5 101 27.732
      vertex -2.5 101 24.2679
    endloop
  endfacet
  facet normal -1 0 0
    outer loop
      vertex -2.5 100.518 24.0681
      vertex -2.5 100.518 27.9319
      vertex -2.5 101 27.732
    endloop
  endfacet
  facet normal -1 0 0
    outer loop
      vertex -2.5 100 24
      vertex -2.5 100.518 27.9319
      vertex -2.5 100.518 24.0681
    endloop
  endfacet
  facet normal -1 0 0
    outer loop
      vertex -2.5 100 24
      vertex -2.5 100 28
      vertex -2.5 100.518 27.9319
    endloop
  endfacet
  facet normal -1 0 0
    outer loop
      vertex -2.5 99.4824 24.0681
      vertex -2.5 100 28
      vertex -2.5 100 24
    endloop
  endfacet
  facet normal -1 0 0
    outer loop
      vertex -2.5 99.4824 24.0681
      vertex -2.5 99.4824 27.9319
      vertex -2.5 100 28
    endloop
  endfacet
  facet normal -1 0 0
    outer loop
      vertex -2.5 99 24.2679
      vertex -2.5 99.4824 27.9319
      vertex -2.5 99.4824 24.0681
    endloop
  endfacet
  facet normal -1 0 0
    outer loop
      vertex -2.5 99 24.2679
      vertex -2.5 99 27.732
      vertex -2.5 99.4824 27.9319
    endloop
  endfacet
  facet normal -1 0 0
    outer loop
      vertex -2.5 98.5858 24.5858
      vertex -2.5 99 27.732
      vertex -2.5 99 24.2679
    endloop
  endfacet
  facet normal -1 0 0
    outer loop
      vertex -2.5 98.5858 24.5858
      vertex -2.5 98.5858 27.4142
      vertex -2.5 99 27.732
    endloop
  endfacet
  facet normal -1 0 0
    outer loop
      vertex -2.5 98.268 25
      vertex -2.5 98.5858 27.4142
      vertex -2.5 98.5858 24.5858
    endloop
  endfacet
  facet normal -1 0 0
    outer loop
      vertex -2.5 98.268 25
      vertex -2.5 98.268 27
      vertex -2.5 98.5858 27.4142
    endloop
  endfacet
  facet normal -1 0 0
    outer loop
      vertex -2.5 98.0681 25.4824
      vertex -2.5 98.268 27
      vertex -2.5 98.268 25
    endloop
  endfacet
  facet normal -1 0 0
    outer loop
      vertex -2.5 98.0681 25.4824
      vertex -2.5 98.0681 26.5176
      vertex -2.5 98.268 27
    endloop
  endfacet
  facet normal -1 0 -0
    outer loop
      vertex -2.5 98.0681 26.5176
      vertex -2.5 98.0681 25.4824
      vertex -2.5 98 26
    endloop
  endfacet
  facet normal 0 -0.923823 0.38282
    outer loop
      vertex -2.5 98.0681 26.5176
      vertex 0 98.268 27
      vertex -2.5 98.268 27
    endloop
  endfacet
  facet normal 0 -0.923823 0.38282
    outer loop
      vertex 0 98.268 27
      vertex -2.5 98.0681 26.5176
      vertex 0 98.0681 26.5176
    endloop
  endfacet
  facet normal 0 -0.38282 0.923823
    outer loop
      vertex -2.5 99.4824 27.9319
      vertex 0 99 27.732
      vertex 0 99.4824 27.9319
    endloop
  endfacet
  facet normal 0 -0.38282 0.923823
    outer loop
      vertex 0 99 27.732
      vertex -2.5 99.4824 27.9319
      vertex -2.5 99 27.732
    endloop
  endfacet
  facet normal 0 -0.793378 -0.608729
    outer loop
      vertex -2.5 98.5858 24.5858
      vertex 0 98.268 25
      vertex -2.5 98.268 25
    endloop
  endfacet
  facet normal 0 -0.793378 -0.608729
    outer loop
      vertex 0 98.268 25
      vertex -2.5 98.5858 24.5858
      vertex 0 98.5858 24.5858
    endloop
  endfacet
  facet normal 0 -0.923823 -0.38282
    outer loop
      vertex -2.5 98.268 25
      vertex 0 98.0681 25.4824
      vertex -2.5 98.0681 25.4824
    endloop
  endfacet
  facet normal 0 -0.923823 -0.38282
    outer loop
      vertex 0 98.0681 25.4824
      vertex -2.5 98.268 25
      vertex 0 98.268 25
    endloop
  endfacet
  facet normal 0 0 -1
    outer loop
      vertex -0.799999 -1.6 3
      vertex 0.0999994 -0.799999 3
      vertex 0.0999994 -1.6 3
    endloop
  endfacet
  facet normal -0 0 -1
    outer loop
      vertex 0.0999994 -0.799999 3
      vertex -0.799999 -1.6 3
      vertex 0 0 3
    endloop
  endfacet
  facet normal 0 0 -1
    outer loop
      vertex -0.799999 2.4 3
      vertex 0 0 3
      vertex -0.799999 -1.6 3
    endloop
  endfacet
  facet normal 0 0 -1
    outer loop
      vertex 0 0 3
      vertex -0.799999 2.4 3
      vertex 0 2.4 3
    endloop
  endfacet
  facet normal 0 0 -1
    outer loop
      vertex 0.0999994 -0.799999 3
      vertex 2.4 0 3
      vertex 2.4 -0.799999 3
    endloop
  endfacet
  facet normal -0 0 -1
    outer loop
      vertex 2.4 0 3
      vertex 0.0999994 -0.799999 3
      vertex 0 0 3
    endloop
  endfacet
  facet normal 0 -1 0
    outer loop
      vertex 0.0999994 -0.799999 3
      vertex 2.4 -0.799999 55
      vertex 0.0999994 -0.799999 55
    endloop
  endfacet
  facet normal 0 -1 -0
    outer loop
      vertex 2.4 -0.799999 55
      vertex 0.0999994 -0.799999 3
      vertex 2.4 -0.799999 3
    endloop
  endfacet
  facet normal -1 0 0
    outer loop
      vertex 8 -0.799999 3
      vertex 8 0 55
      vertex 8 0 3
    endloop
  endfacet
  facet normal -1 -0 0
    outer loop
      vertex 8 0 55
      vertex 8 -0.799999 3
      vertex 8 -0.799999 55
    endloop
  endfacet
  facet normal 1 -0 0
    outer loop
      vertex 9.6 -0.799999 55
      vertex 9.6 0 3
      vertex 9.6 0 55
    endloop
  endfacet
  facet normal 1 0 0
    outer loop
      vertex 9.6 0 3
      vertex 9.6 -0.799999 55
      vertex 9.6 -0.799999 3
    endloop
  endfacet
  facet normal 0 0 -1
    outer loop
      vertex 8 -0.799999 3
      vertex 9.6 0 3
      vertex 9.6 -0.799999 3
    endloop
  endfacet
  facet normal -0 0 -1
    outer loop
      vertex 9.6 0 3
      vertex 8 -0.799999 3
      vertex 8 0 3
    endloop
  endfacet
  facet normal 0 -1 0
    outer loop
      vertex 8 -0.799999 3
      vertex 9.6 -0.799999 55
      vertex 8 -0.799999 55
    endloop
  endfacet
  facet normal 0 -1 -0
    outer loop
      vertex 9.6 -0.799999 55
      vertex 8 -0.799999 3
      vertex 9.6 -0.799999 3
    endloop
  endfacet
  facet normal -1 0 0
    outer loop
      vertex 16 -0.799999 45
      vertex 16 0 55
      vertex 16 0 45
    endloop
  endfacet
  facet normal -1 -0 0
    outer loop
      vertex 16 0 55
      vertex 16 -0.799999 45
      vertex 16 -0.799999 55
    endloop
  endfacet
  facet normal 1 -0 0
    outer loop
      vertex 17.6 -0.799999 55
      vertex 17.6 0 45
      vertex 17.6 0 55
    endloop
  endfacet
  facet normal 1 0 0
    outer loop
      vertex 17.6 0 45
      vertex 17.6 -0.799999 55
      vertex 17.6 -0.799999 45
    endloop
  endfacet
  facet normal 0 -1 0
    outer loop
      vertex 16 -0.799999 45
      vertex 17.6 -0.799999 55
      vertex 16 -0.799999 55
    endloop
  endfacet
  facet normal 0 -1 -0
    outer loop
      vertex 17.6 -0.799999 55
      vertex 16 -0.799999 45
      vertex 17.6 -0.799999 45
    endloop
  endfacet
  facet normal -1 0 0
    outer loop
      vertex 24 -0.799999 45
      vertex 24 0 55
      vertex 24 0 45
    endloop
  endfacet
  facet normal -1 -0 0
    outer loop
      vertex 24 0 55
      vertex 24 -0.799999 45
      vertex 24 -0.799999 55
    endloop
  endfacet
  facet normal 1 -0 0
    outer loop
      vertex 25.6 -0.799999 55
      vertex 25.6 0 45
      vertex 25.6 0 55
    endloop
  endfacet
  facet normal 1 0 0
    outer loop
      vertex 25.6 0 45
      vertex 25.6 -0.799999 55
      vertex 25.6 -0.799999 45
    endloop
  endfacet
  facet normal 0 -1 0
    outer loop
      vertex 24 -0.799999 45
      vertex 25.6 -0.799999 55
      vertex 24 -0.799999 55
    endloop
  endfacet
  facet normal 0 -1 -0
    outer loop
      vertex 25.6 -0.799999 55
      vertex 24 -0.799999 45
      vertex 25.6 -0.799999 45
    endloop
  endfacet
  facet normal -1 0 0
    outer loop
      vertex 32 -0.799999 45
      vertex 32 0 55
      vertex 32 0 45
    endloop
  endfacet
  facet normal -1 -0 0
    outer loop
      vertex 32 0 55
      vertex 32 -0.799999 45
      vertex 32 -0.799999 55
    endloop
  endfacet
  facet normal 1 -0 0
    outer loop
      vertex 33.6 -0.799999 55
      vertex 33.6 0 45
      vertex 33.6 0 55
    endloop
  endfacet
  facet normal 1 0 0
    outer loop
      vertex 33.6 0 45
      vertex 33.6 -0.799999 55
      vertex 33.6 -0.799999 45
    endloop
  endfacet
  facet normal 0 -1 0
    outer loop
      vertex 32 -0.799999 45
      vertex 33.6 -0.799999 55
      vertex 32 -0.799999 55
    endloop
  endfacet
  facet normal 0 -1 -0
    outer loop
      vertex 33.6 -0.799999 55
      vertex 32 -0.799999 45
      vertex 33.6 -0.799999 45
    endloop
  endfacet
  facet normal -1 0 0
    outer loop
      vertex 40 -0.799999 45
      vertex 40 0 55
      vertex 40 0 45
    endloop
  endfacet
  facet normal -1 -0 0
    outer loop
      vertex 40 0 55
      vertex 40 -0.799999 45
      vertex 40 -0.799999 55
    endloop
  endfacet
  facet normal 1 -0 0
    outer loop
      vertex 41.6 -0.799999 55
      vertex 41.6 0 45
      vertex 41.6 0 55
    endloop
  endfacet
  facet normal 1 0 0
    outer loop
      vertex 41.6 0 45
      vertex 41.6 -0.799999 55
      vertex 41.6 -0.799999 45
    endloop
  endfacet
  facet normal 0 -1 0
    outer loop
      vertex 40 -0.799999 45
      vertex 41.6 -0.799999 55
      vertex 40 -0.799999 55
    endloop
  endfacet
  facet normal 0 -1 -0
    outer loop
      vertex 41.6 -0.799999 55
      vertex 40 -0.799999 45
      vertex 41.6 -0.799999 45
    endloop
  endfacet
  facet normal -1 0 0
    outer loop
      vertex 48 -0.799999 45
      vertex 48 0 55
      vertex 48 0 45
    endloop
  endfacet
  facet normal -1 -0 0
    outer loop
      vertex 48 0 55
      vertex 48 -0.799999 45
      vertex 48 -0.799999 55
    endloop
  endfacet
  facet normal 1 -0 0
    outer loop
      vertex 49.6 -0.799999 55
      vertex 49.6 0 45
      vertex 49.6 0 55
    endloop
  endfacet
  facet normal 1 0 0
    outer loop
      vertex 49.6 0 45
      vertex 49.6 -0.799999 55
      vertex 49.6 -0.799999 45
    endloop
  endfacet
  facet normal 0 -1 0
    outer loop
      vertex 48 -0.799999 45
      vertex 49.6 -0.799999 55
      vertex 48 -0.799999 55
    endloop
  endfacet
  facet normal 0 -1 -0
    outer loop
      vertex 49.6 -0.799999 55
      vertex 48 -0.799999 45
      vertex 49.6 -0.799999 45
    endloop
  endfacet
  facet normal -1 0 0
    outer loop
      vertex 56 -0.799999 45
      vertex 56 0 55
      vertex 56 0 45
    endloop
  endfacet
  facet normal -1 -0 0
    outer loop
      vertex 56 0 55
      vertex 56 -0.799999 45
      vertex 56 -0.799999 55
    endloop
  endfacet
  facet normal 1 -0 0
    outer loop
      vertex 57.6 -0.799999 55
      vertex 57.6 0 45
      vertex 57.6 0 55
    endloop
  endfacet
  facet normal 1 0 0
    outer loop
      vertex 57.6 0 45
      vertex 57.6 -0.799999 55
      vertex 57.6 -0.799999 45
    endloop
  endfacet
  facet normal 0 -1 0
    outer loop
      vertex 56 -0.799999 45
      vertex 57.6 -0.799999 55
      vertex 56 -0.799999 55
    endloop
  endfacet
  facet normal 0 -1 -0
    outer loop
      vertex 57.6 -0.799999 55
      vertex 56 -0.799999 45
      vertex 57.6 -0.799999 45
    endloop
  endfacet
  facet normal -1 0 0
    outer loop
      vertex 64 -0.799999 45
      vertex 64 0 55
      vertex 64 0 45
    endloop
  endfacet
  facet normal -1 -0 0
    outer loop
      vertex 64 0 55
      vertex 64 -0.799999 45
      vertex 64 -0.799999 55
    endloop
  endfacet
  facet normal 1 -0 0
    outer loop
      vertex 65.6 -0.799999 55
      vertex 65.6 0 45
      vertex 65.6 0 55
    endloop
  endfacet
  facet normal 1 0 0
    outer loop
      vertex 65.6 0 45
      vertex 65.6 -0.799999 55
      vertex 65.6 -0.799999 45
    endloop
  endfacet
  facet normal 0 -1 0
    outer loop
      vertex 64 -0.799999 45
      vertex 65.6 -0.799999 55
      vertex 64 -0.799999 55
    endloop
  endfacet
  facet normal 0 -1 -0
    outer loop
      vertex 65.6 -0.799999 55
      vertex 64 -0.799999 45
      vertex 65.6 -0.799999 45
    endloop
  endfacet
  facet normal -1 0 0
    outer loop
      vertex 72 -0.799999 45
      vertex 72 0 55
      vertex 72 0 45
    endloop
  endfacet
  facet normal -1 -0 0
    outer loop
      vertex 72 0 55
      vertex 72 -0.799999 45
      vertex 72 -0.799999 55
    endloop
  endfacet
  facet normal 1 -0 0
    outer loop
      vertex 73.6 -0.799999 55
      vertex 73.6 0 45
      vertex 73.6 0 55
    endloop
  endfacet
  facet normal 1 0 0
    outer loop
      vertex 73.6 0 45
      vertex 73.6 -0.799999 55
      vertex 73.6 -0.799999 45
    endloop
  endfacet
  facet normal 0 -1 0
    outer loop
      vertex 72 -0.799999 45
      vertex 73.6 -0.799999 55
      vertex 72 -0.799999 55
    endloop
  endfacet
  facet normal 0 -1 -0
    outer loop
      vertex 73.6 -0.799999 55
      vertex 72 -0.799999 45
      vertex 73.6 -0.799999 45
    endloop
  endfacet
  facet normal -1 0 0
    outer loop
      vertex 80 2.46593 40.7412
      vertex 80 3 43
      vertex 80 3 3
    endloop
  endfacet
  facet normal -1 0 0
    outer loop
      vertex 80 3 43
      vertex 80 2.46593 40.7412
      vertex 80 2.5 41
    endloop
  endfacet
  facet normal -1 0 0
    outer loop
      vertex 80 3 3
      vertex 80 2.36602 40.5
      vertex 80 2.46593 40.7412
    endloop
  endfacet
  facet normal -1 0 0
    outer loop
      vertex 80 3 3
      vertex 80 2.20711 40.2929
      vertex 80 2.36602 40.5
    endloop
  endfacet
  facet normal -1 0 0
    outer loop
      vertex 80 3 3
      vertex 80 2 40.134
      vertex 80 2.20711 40.2929
    endloop
  endfacet
  facet normal -1 0 0
    outer loop
      vertex 80 3 3
      vertex 80 1.75882 40.0341
      vertex 80 2 40.134
    endloop
  endfacet
  facet normal -1 0 0
    outer loop
      vertex 80 3 3
      vertex 80 1.5 40
      vertex 80 1.75882 40.0341
    endloop
  endfacet
  facet normal -1 0 0
    outer loop
      vertex 80 -1.2 3
      vertex 80 1.5 40
      vertex 80 3 3
    endloop
  endfacet
  facet normal -1 -0 0
    outer loop
      vertex 80 1.5 40
      vertex 80 -1.2 3
      vertex 80 1.24118 40.0341
    endloop
  endfacet
  facet normal -1 -0 0
    outer loop
      vertex 80 1.24118 40.0341
      vertex 80 -1.2 3
      vertex 80 1 40.134
    endloop
  endfacet
  facet normal -1 -0 0
    outer loop
      vertex 80 1 40.134
      vertex 80 -1.2 3
      vertex 80 0.792892 40.2929
    endloop
  endfacet
  facet normal -1 -0 0
    outer loop
      vertex 80 0.792892 40.2929
      vertex 80 -1.2 3
      vertex 80 0.633974 40.5
    endloop
  endfacet
  facet normal -1 0 0
    outer loop
      vertex 80 -1.2 43
      vertex 80 0.633974 40.5
      vertex 80 -1.2 3
    endloop
  endfacet
  facet normal -1 0 0
    outer loop
      vertex 80 0.633974 40.5
      vertex 80 -1.2 43
      vertex 80 0.534074 40.7412
    endloop
  endfacet
  facet normal -1 0 0
    outer loop
      vertex 80 2.46593 41.2588
      vertex 80 3 43
      vertex 80 2.5 41
    endloop
  endfacet
  facet normal -1 0 0
    outer loop
      vertex 80 2.36602 41.5
      vertex 80 3 43
      vertex 80 2.46593 41.2588
    endloop
  endfacet
  facet normal -1 0 0
    outer loop
      vertex 80 2.20711 41.7071
      vertex 80 3 43
      vertex 80 2.36602 41.5
    endloop
  endfacet
  facet normal -1 0 0
    outer loop
      vertex 80 2 41.866
      vertex 80 3 43
      vertex 80 2.20711 41.7071
    endloop
  endfacet
  facet normal -1 0 0
    outer loop
      vertex 80 1.75882 41.9659
      vertex 80 3 43
      vertex 80 2 41.866
    endloop
  endfacet
  facet normal -1 0 0
    outer loop
      vertex 80 1.5 42
      vertex 80 3 43
      vertex 80 1.75882 41.9659
    endloop
  endfacet
  facet normal -1 0 0
    outer loop
      vertex 80 1.24118 41.9659
      vertex 80 3 43
      vertex 80 1.5 42
    endloop
  endfacet
  facet normal -1 0 0
    outer loop
      vertex 80 -1.2 43
      vertex 80 1.24118 41.9659
      vertex 80 1 41.866
    endloop
  endfacet
  facet normal -1 0 0
    outer loop
      vertex 80 1.24118 41.9659
      vertex 80 -1.2 43
      vertex 80 3 43
    endloop
  endfacet
  facet normal -1 0 0
    outer loop
      vertex 80 0.792892 41.7071
      vertex 80 -1.2 43
      vertex 80 1 41.866
    endloop
  endfacet
  facet normal -1 0 0
    outer loop
      vertex 80 0.633974 41.5
      vertex 80 -1.2 43
      vertex 80 0.792892 41.7071
    endloop
  endfacet
  facet normal -1 0 0
    outer loop
      vertex 80 0.534074 41.2588
      vertex 80 -1.2 43
      vertex 80 0.633974 41.5
    endloop
  endfacet
  facet normal -1 0 0
    outer loop
      vertex 80 0.5 41
      vertex 80 -1.2 43
      vertex 80 0.534074 41.2588
    endloop
  endfacet
  facet normal -1 0 0
    outer loop
      vertex 80 0.534074 40.7412
      vertex 80 -1.2 43
      vertex 80 0.5 41
    endloop
  endfacet
  facet normal -1 0 0
    outer loop
      vertex 80 -0.799999 45
      vertex 80 0 55
      vertex 80 0 45
    endloop
  endfacet
  facet normal -1 -0 0
    outer loop
      vertex 80 0 55
      vertex 80 -0.799999 45
      vertex 80 -0.799999 55
    endloop
  endfacet
  facet normal 1 -0 0
    outer loop
      vertex 81.6 -0.799999 55
      vertex 81.6 0 45
      vertex 81.6 0 55
    endloop
  endfacet
  facet normal 1 0 0
    outer loop
      vertex 81.6 0 45
      vertex 81.6 -0.799999 55
      vertex 81.6 -0.799999 45
    endloop
  endfacet
  facet normal 0 -1 0
    outer loop
      vertex 80 -0.799999 45
      vertex 81.6 -0.799999 55
      vertex 80 -0.799999 55
    endloop
  endfacet
  facet normal 0 -1 -0
    outer loop
      vertex 81.6 -0.799999 55
      vertex 80 -0.799999 45
      vertex 81.6 -0.799999 45
    endloop
  endfacet
  facet normal -1 0 0
    outer loop
      vertex 88 -0.799999 3
      vertex 88 0 33.1
      vertex 88 0 3
    endloop
  endfacet
  facet normal -1 -0 0
    outer loop
      vertex 88 0 33.1
      vertex 88 -0.799999 3
      vertex 88 -0.799999 33.1
    endloop
  endfacet
  facet normal -1 0 0
    outer loop
      vertex 88 -0.799999 34.9
      vertex 88 0 55
      vertex 88 0 34.9
    endloop
  endfacet
  facet normal -1 -0 0
    outer loop
      vertex 88 0 55
      vertex 88 -0.799999 34.9
      vertex 88 -0.799999 55
    endloop
  endfacet
  facet normal 1 -0 0
    outer loop
      vertex 89.6 -0.799999 55
      vertex 89.6 0 3
      vertex 89.6 0 55
    endloop
  endfacet
  facet normal 1 0 0
    outer loop
      vertex 89.6 0 3
      vertex 89.6 -0.799999 55
      vertex 89.6 -0.799999 3
    endloop
  endfacet
  facet normal 0 0 -1
    outer loop
      vertex 88 -0.799999 3
      vertex 89.6 0 3
      vertex 89.6 -0.799999 3
    endloop
  endfacet
  facet normal -0 0 -1
    outer loop
      vertex 89.6 0 3
      vertex 88 -0.799999 3
      vertex 88 0 3
    endloop
  endfacet
  facet normal 0 -1 0
    outer loop
      vertex 88 -0.799999 34.9
      vertex 89.6 -0.799999 55
      vertex 88 -0.799999 55
    endloop
  endfacet
  facet normal 0 -1 0
    outer loop
      vertex 88.2329 -0.799999 34.8693
      vertex 89.6 -0.799999 55
      vertex 88 -0.799999 34.9
    endloop
  endfacet
  facet normal 0 -1 0
    outer loop
      vertex 88.45 -0.799999 34.7794
      vertex 89.6 -0.799999 55
      vertex 88.2329 -0.799999 34.8693
    endloop
  endfacet
  facet normal 0 -1 0
    outer loop
      vertex 88.6364 -0.799999 34.6364
      vertex 89.6 -0.799999 55
      vertex 88.45 -0.799999 34.7794
    endloop
  endfacet
  facet normal 0 -1 0
    outer loop
      vertex 88.7794 -0.799999 34.45
      vertex 89.6 -0.799999 55
      vertex 88.6364 -0.799999 34.6364
    endloop
  endfacet
  facet normal 0 -1 0
    outer loop
      vertex 88.8693 -0.799999 34.2329
      vertex 89.6 -0.799999 55
      vertex 88.7794 -0.799999 34.45
    endloop
  endfacet
  facet normal 0 -1 0
    outer loop
      vertex 88.9 -0.799999 34
      vertex 89.6 -0.799999 55
      vertex 88.8693 -0.799999 34.2329
    endloop
  endfacet
  facet normal 0 -1 0
    outer loop
      vertex 89.6 -0.799999 3
      vertex 88 -0.799999 33.1
      vertex 88 -0.799999 3
    endloop
  endfacet
  facet normal 0 -1 0
    outer loop
      vertex 88 -0.799999 33.1
      vertex 89.6 -0.799999 3
      vertex 88.2329 -0.799999 33.1307
    endloop
  endfacet
  facet normal 0 -1 0
    outer loop
      vertex 88.2329 -0.799999 33.1307
      vertex 89.6 -0.799999 3
      vertex 88.45 -0.799999 33.2206
    endloop
  endfacet
  facet normal 0 -1 0
    outer loop
      vertex 88.45 -0.799999 33.2206
      vertex 89.6 -0.799999 3
      vertex 88.6364 -0.799999 33.3636
    endloop
  endfacet
  facet normal 0 -1 0
    outer loop
      vertex 88.6364 -0.799999 33.3636
      vertex 89.6 -0.799999 3
      vertex 88.7794 -0.799999 33.55
    endloop
  endfacet
  facet normal 0 -1 0
    outer loop
      vertex 88.7794 -0.799999 33.55
      vertex 89.6 -0.799999 3
      vertex 88.8693 -0.799999 33.7671
    endloop
  endfacet
  facet normal 0 -1 0
    outer loop
      vertex 88.8693 -0.799999 33.7671
      vertex 89.6 -0.799999 3
      vertex 88.9 -0.799999 34
    endloop
  endfacet
  facet normal 0 -1 0
    outer loop
      vertex 88.9 -0.799999 34
      vertex 89.6 -0.799999 3
      vertex 89.6 -0.799999 55
    endloop
  endfacet
  facet normal 0 0 -1
    outer loop
      vertex 92.6 112 3
      vertex 94.9 112.8 3
      vertex 95 112 3
    endloop
  endfacet
  facet normal -0 0 -1
    outer loop
      vertex 94.9 112.8 3
      vertex 92.6 112 3
      vertex 92.6 112.8 3
    endloop
  endfacet
  facet normal 0 0 -1
    outer loop
      vertex 95 112 3
      vertex 95.8 109.6 3
      vertex 95 109.6 3
    endloop
  endfacet
  facet normal 0 0 -1
    outer loop
      vertex 95.8 109.6 3
      vertex 95 112 3
      vertex 95.8 113.6 3
    endloop
  endfacet
  facet normal 0 0 -1
    outer loop
      vertex 94.9 112.8 3
      vertex 95.8 113.6 3
      vertex 95 112 3
    endloop
  endfacet
  facet normal -0 0 -1
    outer loop
      vertex 95.8 113.6 3
      vertex 94.9 112.8 3
      vertex 94.9 113.6 3
    endloop
  endfacet
  facet normal 0 1 -0
    outer loop
      vertex 94.9 112.8 3
      vertex 92.6 112.8 55
      vertex 94.9 112.8 55
    endloop
  endfacet
  facet normal 0 1 0
    outer loop
      vertex 92.6 112.8 55
      vertex 94.9 112.8 3
      vertex 92.6 112.8 3
    endloop
  endfacet
  facet normal 1 -0 0
    outer loop
      vertex 87 112 55
      vertex 87 112.8 3
      vertex 87 112.8 55
    endloop
  endfacet
  facet normal 1 0 0
    outer loop
      vertex 87 112.8 3
      vertex 87 112 55
      vertex 87 112 3
    endloop
  endfacet
  facet normal -1 0 0
    outer loop
      vertex 85.4 112 3
      vertex 85.4 112.8 55
      vertex 85.4 112.8 3
    endloop
  endfacet
  facet normal -1 -0 0
    outer loop
      vertex 85.4 112.8 55
      vertex 85.4 112 3
      vertex 85.4 112 55
    endloop
  endfacet
  facet normal 0 0 -1
    outer loop
      vertex 85.4 112 3
      vertex 87 112.8 3
      vertex 87 112 3
    endloop
  endfacet
  facet normal -0 0 -1
    outer loop
      vertex 87 112.8 3
      vertex 85.4 112 3
      vertex 85.4 112.8 3
    endloop
  endfacet
  facet normal 0 1 -0
    outer loop
      vertex 87 112.8 3
      vertex 85.4 112.8 55
      vertex 87 112.8 55
    endloop
  endfacet
  facet normal 0 1 0
    outer loop
      vertex 85.4 112.8 55
      vertex 87 112.8 3
      vertex 85.4 112.8 3
    endloop
  endfacet
  facet normal 1 -0 0
    outer loop
      vertex 79 112 55
      vertex 79 112.8 3
      vertex 79 112.8 55
    endloop
  endfacet
  facet normal 1 0 0
    outer loop
      vertex 79 112.8 3
      vertex 79 112 55
      vertex 79 112 3
    endloop
  endfacet
  facet normal -1 0 0
    outer loop
      vertex 77.4 112 3
      vertex 77.4 112.8 55
      vertex 77.4 112.8 3
    endloop
  endfacet
  facet normal -1 -0 0
    outer loop
      vertex 77.4 112.8 55
      vertex 77.4 112 3
      vertex 77.4 112 55
    endloop
  endfacet
  facet normal 0 0 -1
    outer loop
      vertex 77.4 112 3
      vertex 79 112.8 3
      vertex 79 112 3
    endloop
  endfacet
  facet normal -0 0 -1
    outer loop
      vertex 79 112.8 3
      vertex 77.4 112 3
      vertex 77.4 112.8 3
    endloop
  endfacet
  facet normal 0 1 -0
    outer loop
      vertex 79 112.8 3
      vertex 77.4 112.8 55
      vertex 79 112.8 55
    endloop
  endfacet
  facet normal 0 1 0
    outer loop
      vertex 77.4 112.8 55
      vertex 79 112.8 3
      vertex 77.4 112.8 3
    endloop
  endfacet
  facet normal 1 -0 0
    outer loop
      vertex 71 112 19.5
      vertex 71 112.8 3
      vertex 71 112.8 19.5
    endloop
  endfacet
  facet normal 1 0 0
    outer loop
      vertex 71 112.8 3
      vertex 71 112 19.5
      vertex 71 112 3
    endloop
  endfacet
  facet normal 1 -0 0
    outer loop
      vertex 71 112 55
      vertex 71 112.8 46.5
      vertex 71 112.8 55
    endloop
  endfacet
  facet normal 1 0 0
    outer loop
      vertex 71 112.8 46.5
      vertex 71 112 55
      vertex 71 112 46.5
    endloop
  endfacet
  facet normal -1 0 0
    outer loop
      vertex 69.4 112 46.5
      vertex 69.4 112.8 55
      vertex 69.4 112.8 46.5
    endloop
  endfacet
  facet normal -1 -0 0
    outer loop
      vertex 69.4 112.8 55
      vertex 69.4 112 46.5
      vertex 69.4 112 55
    endloop
  endfacet
  facet normal -1 0 0
    outer loop
      vertex 69.4 112 3
      vertex 69.4 112.8 19.5
      vertex 69.4 112.8 3
    endloop
  endfacet
  facet normal -1 -0 0
    outer loop
      vertex 69.4 112.8 19.5
      vertex 69.4 112 3
      vertex 69.4 112 19.5
    endloop
  endfacet
  facet normal 0 0 -1
    outer loop
      vertex 69.4 112 3
      vertex 71 112.8 3
      vertex 71 112 3
    endloop
  endfacet
  facet normal -0 0 -1
    outer loop
      vertex 71 112.8 3
      vertex 69.4 112 3
      vertex 69.4 112.8 3
    endloop
  endfacet
  facet normal 0 1 -0
    outer loop
      vertex 71 112.8 46.5
      vertex 69.4 112.8 55
      vertex 71 112.8 55
    endloop
  endfacet
  facet normal 0 1 0
    outer loop
      vertex 69.4 112.8 55
      vertex 71 112.8 46.5
      vertex 69.4 112.8 46.5
    endloop
  endfacet
  facet normal 0 1 -0
    outer loop
      vertex 71 112.8 3
      vertex 69.4 112.8 19.5
      vertex 71 112.8 19.5
    endloop
  endfacet
  facet normal 0 1 0
    outer loop
      vertex 69.4 112.8 19.5
      vertex 71 112.8 3
      vertex 69.4 112.8 3
    endloop
  endfacet
  facet normal 1 -0 0
    outer loop
      vertex 63 112 17
      vertex 63 112.8 3
      vertex 63 112.8 17
    endloop
  endfacet
  facet normal 1 0 0
    outer loop
      vertex 63 112.8 3
      vertex 63 112 17
      vertex 63 112 3
    endloop
  endfacet
  facet normal 1 -0 0
    outer loop
      vertex 63 112 55
      vertex 63 112.8 47
      vertex 63 112.8 55
    endloop
  endfacet
  facet normal 1 0 0
    outer loop
      vertex 63 112.8 47
      vertex 63 112 55
      vertex 63 112 47
    endloop
  endfacet
  facet normal -1 0 0
    outer loop
      vertex 61.4 112 47
      vertex 61.4 112.8 55
      vertex 61.4 112.8 47
    endloop
  endfacet
  facet normal -1 -0 0
    outer loop
      vertex 61.4 112.8 55
      vertex 61.4 112 47
      vertex 61.4 112 55
    endloop
  endfacet
  facet normal -1 0 0
    outer loop
      vertex 61.4 112 3
      vertex 61.4 112.8 17
      vertex 61.4 112.8 3
    endloop
  endfacet
  facet normal -1 -0 0
    outer loop
      vertex 61.4 112.8 17
      vertex 61.4 112 3
      vertex 61.4 112 17
    endloop
  endfacet
  facet normal 0 0 -1
    outer loop
      vertex 61.4 112 3
      vertex 63 112.8 3
      vertex 63 112 3
    endloop
  endfacet
  facet normal -0 0 -1
    outer loop
      vertex 63 112.8 3
      vertex 61.4 112 3
      vertex 61.4 112.8 3
    endloop
  endfacet
  facet normal 0 1 -0
    outer loop
      vertex 63 112.8 47
      vertex 61.4 112.8 55
      vertex 63 112.8 55
    endloop
  endfacet
  facet normal 0 1 0
    outer loop
      vertex 61.4 112.8 55
      vertex 63 112.8 47
      vertex 61.4 112.8 47
    endloop
  endfacet
  facet normal 0 1 -0
    outer loop
      vertex 63 112.8 3
      vertex 61.4 112.8 17
      vertex 63 112.8 17
    endloop
  endfacet
  facet normal 0 1 0
    outer loop
      vertex 61.4 112.8 17
      vertex 63 112.8 3
      vertex 61.4 112.8 3
    endloop
  endfacet
  facet normal 1 -0 0
    outer loop
      vertex 55 112 17
      vertex 55 112.8 3
      vertex 55 112.8 17
    endloop
  endfacet
  facet normal 1 0 0
    outer loop
      vertex 55 112.8 3
      vertex 55 112 17
      vertex 55 112 3
    endloop
  endfacet
  facet normal 1 -0 0
    outer loop
      vertex 55 112 55
      vertex 55 112.8 47
      vertex 55 112.8 55
    endloop
  endfacet
  facet normal 1 0 0
    outer loop
      vertex 55 112.8 47
      vertex 55 112 55
      vertex 55 112 47
    endloop
  endfacet
  facet normal -1 0 0
    outer loop
      vertex 53.4 112 47
      vertex 53.4 112.8 55
      vertex 53.4 112.8 47
    endloop
  endfacet
  facet normal -1 -0 0
    outer loop
      vertex 53.4 112.8 55
      vertex 53.4 112 47
      vertex 53.4 112 55
    endloop
  endfacet
  facet normal -1 0 0
    outer loop
      vertex 53.4 112 3
      vertex 53.4 112.8 17
      vertex 53.4 112.8 3
    endloop
  endfacet
  facet normal -1 -0 0
    outer loop
      vertex 53.4 112.8 17
      vertex 53.4 112 3
      vertex 53.4 112 17
    endloop
  endfacet
  facet normal 0 0 -1
    outer loop
      vertex 53.4 112 3
      vertex 55 112.8 3
      vertex 55 112 3
    endloop
  endfacet
  facet normal -0 0 -1
    outer loop
      vertex 55 112.8 3
      vertex 53.4 112 3
      vertex 53.4 112.8 3
    endloop
  endfacet
  facet normal 0 1 -0
    outer loop
      vertex 55 112.8 47
      vertex 53.4 112.8 55
      vertex 55 112.8 55
    endloop
  endfacet
  facet normal 0 1 0
    outer loop
      vertex 53.4 112.8 55
      vertex 55 112.8 47
      vertex 53.4 112.8 47
    endloop
  endfacet
  facet normal 0 1 -0
    outer loop
      vertex 55 112.8 3
      vertex 53.4 112.8 17
      vertex 55 112.8 17
    endloop
  endfacet
  facet normal 0 1 0
    outer loop
      vertex 53.4 112.8 17
      vertex 55 112.8 3
      vertex 53.4 112.8 3
    endloop
  endfacet
  facet normal 1 -0 0
    outer loop
      vertex 47 112 17
      vertex 47 112.8 3
      vertex 47 112.8 17
    endloop
  endfacet
  facet normal 1 0 0
    outer loop
      vertex 47 112.8 3
      vertex 47 112 17
      vertex 47 112 3
    endloop
  endfacet
  facet normal 1 -0 0
    outer loop
      vertex 47 112 55
      vertex 47 112.8 47
      vertex 47 112.8 55
    endloop
  endfacet
  facet normal 1 0 0
    outer loop
      vertex 47 112.8 47
      vertex 47 112 55
      vertex 47 112 47
    endloop
  endfacet
  facet normal -1 0 0
    outer loop
      vertex 45.4 112 47
      vertex 45.4 112.8 55
      vertex 45.4 112.8 47
    endloop
  endfacet
  facet normal -1 -0 0
    outer loop
      vertex 45.4 112.8 55
      vertex 45.4 112 47
      vertex 45.4 112 55
    endloop
  endfacet
  facet normal -1 0 0
    outer loop
      vertex 45.4 112 3
      vertex 45.4 112.8 17
      vertex 45.4 112.8 3
    endloop
  endfacet
  facet normal -1 -0 0
    outer loop
      vertex 45.4 112.8 17
      vertex 45.4 112 3
      vertex 45.4 112 17
    endloop
  endfacet
  facet normal 0 0 -1
    outer loop
      vertex 45.4 112 3
      vertex 47 112.8 3
      vertex 47 112 3
    endloop
  endfacet
  facet normal -0 0 -1
    outer loop
      vertex 47 112.8 3
      vertex 45.4 112 3
      vertex 45.4 112.8 3
    endloop
  endfacet
  facet normal 0 1 -0
    outer loop
      vertex 47 112.8 47
      vertex 45.4 112.8 55
      vertex 47 112.8 55
    endloop
  endfacet
  facet normal 0 1 0
    outer loop
      vertex 45.4 112.8 55
      vertex 47 112.8 47
      vertex 45.4 112.8 47
    endloop
  endfacet
  facet normal 0 1 -0
    outer loop
      vertex 47 112.8 3
      vertex 45.4 112.8 17
      vertex 47 112.8 17
    endloop
  endfacet
  facet normal 0 1 0
    outer loop
      vertex 45.4 112.8 17
      vertex 47 112.8 3
      vertex 45.4 112.8 3
    endloop
  endfacet
  facet normal 1 -0 0
    outer loop
      vertex 39 112 17
      vertex 39 112.8 3
      vertex 39 112.8 17
    endloop
  endfacet
  facet normal 1 0 0
    outer loop
      vertex 39 112.8 3
      vertex 39 112 17
      vertex 39 112 3
    endloop
  endfacet
  facet normal 1 -0 0
    outer loop
      vertex 39 112 55
      vertex 39 112.8 47
      vertex 39 112.8 55
    endloop
  endfacet
  facet normal 1 0 0
    outer loop
      vertex 39 112.8 47
      vertex 39 112 55
      vertex 39 112 47
    endloop
  endfacet
  facet normal -1 0 0
    outer loop
      vertex 37.4 112 47
      vertex 37.4 112.8 55
      vertex 37.4 112.8 47
    endloop
  endfacet
  facet normal -1 -0 0
    outer loop
      vertex 37.4 112.8 55
      vertex 37.4 112 47
      vertex 37.4 112 55
    endloop
  endfacet
  facet normal -1 0 0
    outer loop
      vertex 37.4 112 3
      vertex 37.4 112.8 17
      vertex 37.4 112.8 3
    endloop
  endfacet
  facet normal -1 -0 0
    outer loop
      vertex 37.4 112.8 17
      vertex 37.4 112 3
      vertex 37.4 112 17
    endloop
  endfacet
  facet normal 0 0 -1
    outer loop
      vertex 37.4 112 3
      vertex 39 112.8 3
      vertex 39 112 3
    endloop
  endfacet
  facet normal -0 0 -1
    outer loop
      vertex 39 112.8 3
      vertex 37.4 112 3
      vertex 37.4 112.8 3
    endloop
  endfacet
  facet normal 0 1 -0
    outer loop
      vertex 39 112.8 47
      vertex 37.4 112.8 55
      vertex 39 112.8 55
    endloop
  endfacet
  facet normal 0 1 0
    outer loop
      vertex 37.4 112.8 55
      vertex 39 112.8 47
      vertex 37.4 112.8 47
    endloop
  endfacet
  facet normal 0 1 -0
    outer loop
      vertex 39 112.8 3
      vertex 37.4 112.8 17
      vertex 39 112.8 17
    endloop
  endfacet
  facet normal 0 1 0
    outer loop
      vertex 37.4 112.8 17
      vertex 39 112.8 3
      vertex 37.4 112.8 3
    endloop
  endfacet
  facet normal 1 -0 0
    outer loop
      vertex 31 112 17
      vertex 31 112.8 3
      vertex 31 112.8 17
    endloop
  endfacet
  facet normal 1 0 0
    outer loop
      vertex 31 112.8 3
      vertex 31 112 17
      vertex 31 112 3
    endloop
  endfacet
  facet normal 1 -0 0
    outer loop
      vertex 31 112 55
      vertex 31 112.8 47
      vertex 31 112.8 55
    endloop
  endfacet
  facet normal 1 0 0
    outer loop
      vertex 31 112.8 47
      vertex 31 112 55
      vertex 31 112 47
    endloop
  endfacet
  facet normal -1 0 0
    outer loop
      vertex 29.4 112 47
      vertex 29.4 112.8 55
      vertex 29.4 112.8 47
    endloop
  endfacet
  facet normal -1 -0 0
    outer loop
      vertex 29.4 112.8 55
      vertex 29.4 112 47
      vertex 29.4 112 55
    endloop
  endfacet
  facet normal -1 0 0
    outer loop
      vertex 29.4 112 3
      vertex 29.4 112.8 17
      vertex 29.4 112.8 3
    endloop
  endfacet
  facet normal -1 -0 0
    outer loop
      vertex 29.4 112.8 17
      vertex 29.4 112 3
      vertex 29.4 112 17
    endloop
  endfacet
  facet normal 0 0 -1
    outer loop
      vertex 29.4 112 3
      vertex 31 112.8 3
      vertex 31 112 3
    endloop
  endfacet
  facet normal -0 0 -1
    outer loop
      vertex 31 112.8 3
      vertex 29.4 112 3
      vertex 29.4 112.8 3
    endloop
  endfacet
  facet normal 0 1 -0
    outer loop
      vertex 31 112.8 47
      vertex 29.4 112.8 55
      vertex 31 112.8 55
    endloop
  endfacet
  facet normal 0 1 0
    outer loop
      vertex 29.4 112.8 55
      vertex 31 112.8 47
      vertex 29.4 112.8 47
    endloop
  endfacet
  facet normal 0 1 -0
    outer loop
      vertex 31 112.8 3
      vertex 29.4 112.8 17
      vertex 31 112.8 17
    endloop
  endfacet
  facet normal 0 1 0
    outer loop
      vertex 29.4 112.8 17
      vertex 31 112.8 3
      vertex 29.4 112.8 3
    endloop
  endfacet
  facet normal 1 -0 0
    outer loop
      vertex 23 112 19.5
      vertex 23 112.8 3
      vertex 23 112.8 19.5
    endloop
  endfacet
  facet normal 1 0 0
    outer loop
      vertex 23 112.8 3
      vertex 23 112 19.5
      vertex 23 112 3
    endloop
  endfacet
  facet normal 1 -0 0
    outer loop
      vertex 23 112 55
      vertex 23 112.8 46.5
      vertex 23 112.8 55
    endloop
  endfacet
  facet normal 1 0 0
    outer loop
      vertex 23 112.8 46.5
      vertex 23 112 55
      vertex 23 112 46.5
    endloop
  endfacet
  facet normal -1 0 0
    outer loop
      vertex 21.4 112 3
      vertex 21.4 112.8 55
      vertex 21.4 112.8 3
    endloop
  endfacet
  facet normal -1 -0 0
    outer loop
      vertex 21.4 112.8 55
      vertex 21.4 112 3
      vertex 21.4 112 55
    endloop
  endfacet
  facet normal 0 0 -1
    outer loop
      vertex 21.4 112 3
      vertex 23 112.8 3
      vertex 23 112 3
    endloop
  endfacet
  facet normal -0 0 -1
    outer loop
      vertex 23 112.8 3
      vertex 21.4 112 3
      vertex 21.4 112.8 3
    endloop
  endfacet
  facet normal 0 1 0
    outer loop
      vertex 23 112.8 19.5
      vertex 23 112.8 3
      vertex 22.4 112.8 19.5
    endloop
  endfacet
  facet normal 0 1 0
    outer loop
      vertex 22.4 112.8 46.5
      vertex 23 112.8 55
      vertex 23 112.8 46.5
    endloop
  endfacet
  facet normal 0 1 0
    outer loop
      vertex 23 112.8 55
      vertex 22.4 112.8 46.5
      vertex 21.4 112.8 55
    endloop
  endfacet
  facet normal 0 1 -0
    outer loop
      vertex 22.4 112.8 19.5
      vertex 21.4 112.8 55
      vertex 22.4 112.8 46.5
    endloop
  endfacet
  facet normal 0 1 0
    outer loop
      vertex 22.4 112.8 19.5
      vertex 21.4 112.8 3
      vertex 21.4 112.8 55
    endloop
  endfacet
  facet normal 0 1 0
    outer loop
      vertex 21.4 112.8 3
      vertex 22.4 112.8 19.5
      vertex 23 112.8 3
    endloop
  endfacet
  facet normal 1 -0 0
    outer loop
      vertex 15 112 55
      vertex 15 112.8 3
      vertex 15 112.8 55
    endloop
  endfacet
  facet normal 1 0 0
    outer loop
      vertex 15 112.8 3
      vertex 15 112 55
      vertex 15 112 3
    endloop
  endfacet
  facet normal -1 0 0
    outer loop
      vertex 13.4 112 3
      vertex 13.4 112.8 55
      vertex 13.4 112.8 3
    endloop
  endfacet
  facet normal -1 -0 0
    outer loop
      vertex 13.4 112.8 55
      vertex 13.4 112 3
      vertex 13.4 112 55
    endloop
  endfacet
  facet normal 0 0 -1
    outer loop
      vertex 13.4 112 3
      vertex 15 112.8 3
      vertex 15 112 3
    endloop
  endfacet
  facet normal -0 0 -1
    outer loop
      vertex 15 112.8 3
      vertex 13.4 112 3
      vertex 13.4 112.8 3
    endloop
  endfacet
  facet normal 0 1 -0
    outer loop
      vertex 15 112.8 3
      vertex 13.4 112.8 55
      vertex 15 112.8 55
    endloop
  endfacet
  facet normal 0 1 0
    outer loop
      vertex 13.4 112.8 55
      vertex 15 112.8 3
      vertex 13.4 112.8 3
    endloop
  endfacet
  facet normal 1 -0 0
    outer loop
      vertex 7 112 55
      vertex 7 112.8 3
      vertex 7 112.8 55
    endloop
  endfacet
  facet normal 1 0 0
    outer loop
      vertex 7 112.8 3
      vertex 7 112 55
      vertex 7 112 3
    endloop
  endfacet
  facet normal -1 0 0
    outer loop
      vertex 5.4 112 3
      vertex 5.4 112.8 55
      vertex 5.4 112.8 3
    endloop
  endfacet
  facet normal -1 -0 0
    outer loop
      vertex 5.4 112.8 55
      vertex 5.4 112 3
      vertex 5.4 112 55
    endloop
  endfacet
  facet normal 0 0 -1
    outer loop
      vertex 5.4 112 3
      vertex 7 112.8 3
      vertex 7 112 3
    endloop
  endfacet
  facet normal -0 0 -1
    outer loop
      vertex 7 112.8 3
      vertex 5.4 112 3
      vertex 5.4 112.8 3
    endloop
  endfacet
  facet normal 0 1 -0
    outer loop
      vertex 7 112.8 3
      vertex 5.4 112.8 55
      vertex 7 112.8 55
    endloop
  endfacet
  facet normal 0 1 0
    outer loop
      vertex 5.4 112.8 55
      vertex 7 112.8 3
      vertex 5.4 112.8 3
    endloop
  endfacet
  facet normal 0 0 -1
    outer loop
      vertex 0 109.6 3
      vertex -0.799999 109.6 3
      vertex 0 112 3
    endloop
  endfacet
  facet normal 0 0 -1
    outer loop
      vertex 0 112 3
      vertex 2.4 112.8 3
      vertex 2.4 112 3
    endloop
  endfacet
  facet normal 0 0 -1
    outer loop
      vertex 0 112 3
      vertex -0.799999 112.8 3
      vertex 2.4 112.8 3
    endloop
  endfacet
  facet normal 0 0 -1
    outer loop
      vertex -0.799999 112.8 3
      vertex 0 112 3
      vertex -0.799999 109.6 3
    endloop
  endfacet
  facet normal -1 0 0
    outer loop
      vertex -0.799999 109.6 3
      vertex -0.799999 112.8 55
      vertex -0.799999 112.8 3
    endloop
  endfacet
  facet normal -1 -0 0
    outer loop
      vertex -0.799999 112.8 55
      vertex -0.799999 109.6 3
      vertex -0.799999 109.6 55
    endloop
  endfacet
  facet normal 0 1 -0
    outer loop
      vertex 0 104 3
      vertex -0.799999 104 55
      vertex 0 104 55
    endloop
  endfacet
  facet normal 0 1 0
    outer loop
      vertex -0.799999 104 55
      vertex 0 104 3
      vertex -0.799999 104 3
    endloop
  endfacet
  facet normal 0 -1 0
    outer loop
      vertex -0.799999 102.4 3
      vertex 0 102.4 55
      vertex -0.799999 102.4 55
    endloop
  endfacet
  facet normal 0 -1 -0
    outer loop
      vertex 0 102.4 55
      vertex -0.799999 102.4 3
      vertex 0 102.4 3
    endloop
  endfacet
  facet normal 0 0 -1
    outer loop
      vertex -0.799999 102.4 3
      vertex 0 104 3
      vertex 0 102.4 3
    endloop
  endfacet
  facet normal -0 0 -1
    outer loop
      vertex 0 104 3
      vertex -0.799999 102.4 3
      vertex -0.799999 104 3
    endloop
  endfacet
  facet normal -1 0 0
    outer loop
      vertex -0.799999 102.4 3
      vertex -0.799999 104 55
      vertex -0.799999 104 3
    endloop
  endfacet
  facet normal -1 -0 0
    outer loop
      vertex -0.799999 104 55
      vertex -0.799999 102.4 3
      vertex -0.799999 102.4 55
    endloop
  endfacet
  facet normal 0 1 -0
    outer loop
      vertex 0 96 43
      vertex -0.799999 96 55
      vertex 0 96 55
    endloop
  endfacet
  facet normal 0 1 0
    outer loop
      vertex -0.799999 96 55
      vertex 0 96 43
      vertex -0.799999 96 43
    endloop
  endfacet
  facet normal 0 -1 0
    outer loop
      vertex 0 96 3
      vertex 2.6 96 43
      vertex 0 96 43
    endloop
  endfacet
  facet normal 0 -1 -0
    outer loop
      vertex 2.6 96 43
      vertex 0 96 3
      vertex 2.6 96 3
    endloop
  endfacet
  facet normal 0 1 -0
    outer loop
      vertex 3 96 43
      vertex 2.6 96 55
      vertex 3 96 55
    endloop
  endfacet
  facet normal 0 1 0
    outer loop
      vertex 2.6 96 55
      vertex 3 96 43
      vertex 2.6 96 43
    endloop
  endfacet
  facet normal 0 1 -0
    outer loop
      vertex 3.2 96 2
      vertex 2.6 96 3
      vertex 3.2 96 3
    endloop
  endfacet
  facet normal 0 1 0
    outer loop
      vertex 2.6 96 3
      vertex 3.2 96 2
      vertex 2.6 96 2
    endloop
  endfacet
  facet normal 0 -1 0
    outer loop
      vertex -0.799999 94.4 43
      vertex 0 94.4 55
      vertex -0.799999 94.4 55
    endloop
  endfacet
  facet normal 0 -1 -0
    outer loop
      vertex 0 94.4 55
      vertex -0.799999 94.4 43
      vertex 0 94.4 43
    endloop
  endfacet
  facet normal -1 0 0
    outer loop
      vertex -0.799999 94.4 43
      vertex -0.799999 96 55
      vertex -0.799999 96 43
    endloop
  endfacet
  facet normal -1 -0 0
    outer loop
      vertex -0.799999 96 55
      vertex -0.799999 94.4 43
      vertex -0.799999 94.4 55
    endloop
  endfacet
  facet normal 0 1 -0
    outer loop
      vertex 0 88 43
      vertex -0.799999 88 55
      vertex 0 88 55
    endloop
  endfacet
  facet normal 0 1 0
    outer loop
      vertex -0.799999 88 55
      vertex 0 88 43
      vertex -0.799999 88 43
    endloop
  endfacet
  facet normal 0 -1 0
    outer loop
      vertex -0.799999 86.4 43
      vertex 0 86.4 55
      vertex -0.799999 86.4 55
    endloop
  endfacet
  facet normal 0 -1 -0
    outer loop
      vertex 0 86.4 55
      vertex -0.799999 86.4 43
      vertex 0 86.4 43
    endloop
  endfacet
  facet normal -1 0 0
    outer loop
      vertex -0.799999 86.4 43
      vertex -0.799999 88 55
      vertex -0.799999 88 43
    endloop
  endfacet
  facet normal -1 -0 0
    outer loop
      vertex -0.799999 88 55
      vertex -0.799999 86.4 43
      vertex -0.799999 86.4 55
    endloop
  endfacet
  facet normal 0 1 -0
    outer loop
      vertex 0 80 43
      vertex -0.799999 80 55
      vertex 0 80 55
    endloop
  endfacet
  facet normal 0 1 0
    outer loop
      vertex -0.799999 80 55
      vertex 0 80 43
      vertex -0.799999 80 43
    endloop
  endfacet
  facet normal 0 -1 0
    outer loop
      vertex -0.799999 78.4 43
      vertex 0 78.4 55
      vertex -0.799999 78.4 55
    endloop
  endfacet
  facet normal 0 -1 -0
    outer loop
      vertex 0 78.4 55
      vertex -0.799999 78.4 43
      vertex 0 78.4 43
    endloop
  endfacet
  facet normal -1 0 0
    outer loop
      vertex -0.799999 78.4 43
      vertex -0.799999 80 55
      vertex -0.799999 80 43
    endloop
  endfacet
  facet normal -1 -0 0
    outer loop
      vertex -0.799999 80 55
      vertex -0.799999 78.4 43
      vertex -0.799999 78.4 55
    endloop
  endfacet
  facet normal 0 1 -0
    outer loop
      vertex 0 72 43
      vertex -0.799999 72 55
      vertex 0 72 55
    endloop
  endfacet
  facet normal 0 1 0
    outer loop
      vertex -0.799999 72 55
      vertex 0 72 43
      vertex -0.799999 72 43
    endloop
  endfacet
  facet normal 0 -1 0
    outer loop
      vertex -0.799999 70.4 43
      vertex 0 70.4 55
      vertex -0.799999 70.4 55
    endloop
  endfacet
  facet normal 0 -1 -0
    outer loop
      vertex 0 70.4 55
      vertex -0.799999 70.4 43
      vertex 0 70.4 43
    endloop
  endfacet
  facet normal -1 0 0
    outer loop
      vertex -0.799999 70.4 43
      vertex -0.799999 72 55
      vertex -0.799999 72 43
    endloop
  endfacet
  facet normal -1 -0 0
    outer loop
      vertex -0.799999 72 55
      vertex -0.799999 70.4 43
      vertex -0.799999 70.4 55
    endloop
  endfacet
  facet normal 0 1 -0
    outer loop
      vertex 0 64 3
      vertex -0.799999 64 55
      vertex 0 64 55
    endloop
  endfacet
  facet normal 0 1 0
    outer loop
      vertex -0.799999 64 55
      vertex 0 64 3
      vertex -0.799999 64 3
    endloop
  endfacet
  facet normal 0 -1 0
    outer loop
      vertex -0.799999 62.4 3
      vertex 0 62.4 55
      vertex -0.799999 62.4 55
    endloop
  endfacet
  facet normal 0 -1 -0
    outer loop
      vertex 0 62.4 55
      vertex -0.799999 62.4 3
      vertex 0 62.4 3
    endloop
  endfacet
  facet normal 0 0 -1
    outer loop
      vertex -0.799999 62.4 3
      vertex 0 64 3
      vertex 0 62.4 3
    endloop
  endfacet
  facet normal -0 0 -1
    outer loop
      vertex 0 64 3
      vertex -0.799999 62.4 3
      vertex -0.799999 64 3
    endloop
  endfacet
  facet normal -1 0 0
    outer loop
      vertex -0.799999 62.4 3
      vertex -0.799999 64 55
      vertex -0.799999 64 3
    endloop
  endfacet
  facet normal -1 -0 0
    outer loop
      vertex -0.799999 64 55
      vertex -0.799999 62.4 3
      vertex -0.799999 62.4 55
    endloop
  endfacet
  facet normal 0 1 -0
    outer loop
      vertex 0 56 3
      vertex -0.799999 56 55
      vertex 0 56 55
    endloop
  endfacet
  facet normal 0 1 0
    outer loop
      vertex -0.799999 56 55
      vertex 0 56 3
      vertex -0.799999 56 3
    endloop
  endfacet
  facet normal 0 -1 0
    outer loop
      vertex -0.799999 54.4 3
      vertex 0 54.4 55
      vertex -0.799999 54.4 55
    endloop
  endfacet
  facet normal 0 -1 -0
    outer loop
      vertex 0 54.4 55
      vertex -0.799999 54.4 3
      vertex 0 54.4 3
    endloop
  endfacet
  facet normal 0 0 -1
    outer loop
      vertex -0.799999 54.4 3
      vertex 0 56 3
      vertex 0 54.4 3
    endloop
  endfacet
  facet normal -0 0 -1
    outer loop
      vertex 0 56 3
      vertex -0.799999 54.4 3
      vertex -0.799999 56 3
    endloop
  endfacet
  facet normal -1 0 0
    outer loop
      vertex -0.799999 54.4 3
      vertex -0.799999 56 55
      vertex -0.799999 56 3
    endloop
  endfacet
  facet normal -1 -0 0
    outer loop
      vertex -0.799999 56 55
      vertex -0.799999 54.4 3
      vertex -0.799999 54.4 55
    endloop
  endfacet
  facet normal 0 1 -0
    outer loop
      vertex 0 48 3
      vertex -0.799999 48 55
      vertex 0 48 55
    endloop
  endfacet
  facet normal 0 1 0
    outer loop
      vertex -0.799999 48 55
      vertex 0 48 3
      vertex -0.799999 48 3
    endloop
  endfacet
  facet normal 0 -1 0
    outer loop
      vertex -0.799999 46.4 3
      vertex 0 46.4 55
      vertex -0.799999 46.4 55
    endloop
  endfacet
  facet normal 0 -1 -0
    outer loop
      vertex 0 46.4 55
      vertex -0.799999 46.4 3
      vertex 0 46.4 3
    endloop
  endfacet
  facet normal 0 0 -1
    outer loop
      vertex -0.799999 46.4 3
      vertex 0 48 3
      vertex 0 46.4 3
    endloop
  endfacet
  facet normal -0 0 -1
    outer loop
      vertex 0 48 3
      vertex -0.799999 46.4 3
      vertex -0.799999 48 3
    endloop
  endfacet
  facet normal -1 0 0
    outer loop
      vertex -0.799999 46.4 3
      vertex -0.799999 48 55
      vertex -0.799999 48 3
    endloop
  endfacet
  facet normal -1 -0 0
    outer loop
      vertex -0.799999 48 55
      vertex -0.799999 46.4 3
      vertex -0.799999 46.4 55
    endloop
  endfacet
  facet normal 0 1 -0
    outer loop
      vertex 0 40 3
      vertex -0.799999 40 55
      vertex 0 40 55
    endloop
  endfacet
  facet normal 0 1 0
    outer loop
      vertex -0.799999 40 55
      vertex 0 40 3
      vertex -0.799999 40 3
    endloop
  endfacet
  facet normal 0 -1 0
    outer loop
      vertex -0.799999 38.4 3
      vertex 0 38.4 55
      vertex -0.799999 38.4 55
    endloop
  endfacet
  facet normal 0 -1 -0
    outer loop
      vertex 0 38.4 55
      vertex -0.799999 38.4 3
      vertex 0 38.4 3
    endloop
  endfacet
  facet normal 0 0 -1
    outer loop
      vertex -0.799999 38.4 3
      vertex 0 40 3
      vertex 0 38.4 3
    endloop
  endfacet
  facet normal -0 0 -1
    outer loop
      vertex 0 40 3
      vertex -0.799999 38.4 3
      vertex -0.799999 40 3
    endloop
  endfacet
  facet normal -1 0 0
    outer loop
      vertex -0.799999 38.4 3
      vertex -0.799999 40 55
      vertex -0.799999 40 3
    endloop
  endfacet
  facet normal -1 -0 0
    outer loop
      vertex -0.799999 40 55
      vertex -0.799999 38.4 3
      vertex -0.799999 38.4 55
    endloop
  endfacet
  facet normal 0 1 0
    outer loop
      vertex 0 32 55
      vertex -0.799999 32 26
      vertex -0.799999 32 55
    endloop
  endfacet
  facet normal 0 1 -0
    outer loop
      vertex 0 32 3
      vertex -0.799999 32 26
      vertex 0 32 55
    endloop
  endfacet
  facet normal 0 1 0
    outer loop
      vertex -0.799999 32 26
      vertex 0 32 3
      vertex -0.799999 32 3
    endloop
  endfacet
  facet normal 0 -1 0
    outer loop
      vertex -0.799999 30.4 27.9473
      vertex 0 30.4 55
      vertex -0.799999 30.4 55
    endloop
  endfacet
  facet normal 0 -1 -0
    outer loop
      vertex 0 30.4 55
      vertex -0.799999 30.4 27.9473
      vertex 0 30.4 27.9473
    endloop
  endfacet
  facet normal 0 -1 0
    outer loop
      vertex -0.799999 30.4 3
      vertex 0 30.4 24.0527
      vertex -0.799999 30.4 24.0527
    endloop
  endfacet
  facet normal 0 -1 -0
    outer loop
      vertex 0 30.4 24.0527
      vertex -0.799999 30.4 3
      vertex 0 30.4 3
    endloop
  endfacet
  facet normal 0 0 -1
    outer loop
      vertex -0.799999 30.4 3
      vertex 0 32 3
      vertex 0 30.4 3
    endloop
  endfacet
  facet normal -0 0 -1
    outer loop
      vertex 0 32 3
      vertex -0.799999 30.4 3
      vertex -0.799999 32 3
    endloop
  endfacet
  facet normal -1 0 0
    outer loop
      vertex -0.799999 31.9319 26.5176
      vertex -0.799999 32 55
      vertex -0.799999 32 26
    endloop
  endfacet
  facet normal -1 0 0
    outer loop
      vertex -0.799999 31.732 27
      vertex -0.799999 32 55
      vertex -0.799999 31.9319 26.5176
    endloop
  endfacet
  facet normal -1 0 0
    outer loop
      vertex -0.799999 31.4142 27.4142
      vertex -0.799999 32 55
      vertex -0.799999 31.732 27
    endloop
  endfacet
  facet normal -1 0 0
    outer loop
      vertex -0.799999 31 27.732
      vertex -0.799999 32 55
      vertex -0.799999 31.4142 27.4142
    endloop
  endfacet
  facet normal -1 0 0
    outer loop
      vertex -0.799999 30.5176 27.9319
      vertex -0.799999 32 55
      vertex -0.799999 31 27.732
    endloop
  endfacet
  facet normal -1 0 0
    outer loop
      vertex -0.799999 30.4 27.9473
      vertex -0.799999 32 55
      vertex -0.799999 30.5176 27.9319
    endloop
  endfacet
  facet normal -1 -0 0
    outer loop
      vertex -0.799999 32 55
      vertex -0.799999 30.4 27.9473
      vertex -0.799999 30.4 55
    endloop
  endfacet
  facet normal -1 0 0
    outer loop
      vertex -0.799999 32 3
      vertex -0.799999 31.9319 25.4824
      vertex -0.799999 32 26
    endloop
  endfacet
  facet normal -1 0 0
    outer loop
      vertex -0.799999 32 3
      vertex -0.799999 31.732 25
      vertex -0.799999 31.9319 25.4824
    endloop
  endfacet
  facet normal -1 0 0
    outer loop
      vertex -0.799999 32 3
      vertex -0.799999 31.4142 24.5858
      vertex -0.799999 31.732 25
    endloop
  endfacet
  facet normal -1 0 0
    outer loop
      vertex -0.799999 32 3
      vertex -0.799999 31 24.2679
      vertex -0.799999 31.4142 24.5858
    endloop
  endfacet
  facet normal -1 0 0
    outer loop
      vertex -0.799999 32 3
      vertex -0.799999 30.5176 24.0681
      vertex -0.799999 31 24.2679
    endloop
  endfacet
  facet normal -1 0 0
    outer loop
      vertex -0.799999 30.4 24.0527
      vertex -0.799999 32 3
      vertex -0.799999 30.4 3
    endloop
  endfacet
  facet normal -1 0 0
    outer loop
      vertex -0.799999 32 3
      vertex -0.799999 30.4 24.0527
      vertex -0.799999 30.5176 24.0681
    endloop
  endfacet
  facet normal 0 1 -0
    outer loop
      vertex 0 24 3
      vertex -0.799999 24 55
      vertex 0 24 55
    endloop
  endfacet
  facet normal 0 1 0
    outer loop
      vertex -0.799999 24 55
      vertex 0 24 3
      vertex -0.799999 24 3
    endloop
  endfacet
  facet normal 0 -1 0
    outer loop
      vertex -0.799999 22.4 3
      vertex 0 22.4 55
      vertex -0.799999 22.4 55
    endloop
  endfacet
  facet normal 0 -1 -0
    outer loop
      vertex 0 22.4 55
      vertex -0.799999 22.4 3
      vertex 0 22.4 3
    endloop
  endfacet
  facet normal 0 0 -1
    outer loop
      vertex -0.799999 22.4 3
      vertex 0 24 3
      vertex 0 22.4 3
    endloop
  endfacet
  facet normal -0 0 -1
    outer loop
      vertex 0 24 3
      vertex -0.799999 22.4 3
      vertex -0.799999 24 3
    endloop
  endfacet
  facet normal -1 0 0
    outer loop
      vertex -0.799999 22.4 3
      vertex -0.799999 24 55
      vertex -0.799999 24 3
    endloop
  endfacet
  facet normal -1 -0 0
    outer loop
      vertex -0.799999 24 55
      vertex -0.799999 22.4 3
      vertex -0.799999 22.4 55
    endloop
  endfacet
  facet normal 0 1 -0
    outer loop
      vertex 0 16 3
      vertex -0.799999 16 55
      vertex 0 16 55
    endloop
  endfacet
  facet normal 0 1 0
    outer loop
      vertex -0.799999 16 55
      vertex 0 16 3
      vertex -0.799999 16 3
    endloop
  endfacet
  facet normal 0 -1 0
    outer loop
      vertex -0.799999 14.4 3
      vertex 0 14.4 55
      vertex -0.799999 14.4 55
    endloop
  endfacet
  facet normal 0 -1 -0
    outer loop
      vertex 0 14.4 55
      vertex -0.799999 14.4 3
      vertex 0 14.4 3
    endloop
  endfacet
  facet normal 0 0 -1
    outer loop
      vertex -0.799999 14.4 3
      vertex 0 16 3
      vertex 0 14.4 3
    endloop
  endfacet
  facet normal -0 0 -1
    outer loop
      vertex 0 16 3
      vertex -0.799999 14.4 3
      vertex -0.799999 16 3
    endloop
  endfacet
  facet normal -1 0 0
    outer loop
      vertex -0.799999 14.4 3
      vertex -0.799999 16 55
      vertex -0.799999 16 3
    endloop
  endfacet
  facet normal -1 -0 0
    outer loop
      vertex -0.799999 16 55
      vertex -0.799999 14.4 3
      vertex -0.799999 14.4 55
    endloop
  endfacet
  facet normal 0 1 -0
    outer loop
      vertex 0 8 3
      vertex -0.799999 8 55
      vertex 0 8 55
    endloop
  endfacet
  facet normal 0 1 0
    outer loop
      vertex -0.799999 8 55
      vertex 0 8 3
      vertex -0.799999 8 3
    endloop
  endfacet
  facet normal 0 -1 0
    outer loop
      vertex -0.799999 6.4 3
      vertex 0 6.4 55
      vertex -0.799999 6.4 55
    endloop
  endfacet
  facet normal 0 -1 -0
    outer loop
      vertex 0 6.4 55
      vertex -0.799999 6.4 3
      vertex 0 6.4 3
    endloop
  endfacet
  facet normal 0 0 -1
    outer loop
      vertex -0.799999 6.4 3
      vertex 0 8 3
      vertex 0 6.4 3
    endloop
  endfacet
  facet normal -0 0 -1
    outer loop
      vertex 0 8 3
      vertex -0.799999 6.4 3
      vertex -0.799999 8 3
    endloop
  endfacet
  facet normal -1 0 0
    outer loop
      vertex -0.799999 6.4 3
      vertex -0.799999 8 55
      vertex -0.799999 8 3
    endloop
  endfacet
  facet normal -1 -0 0
    outer loop
      vertex -0.799999 8 55
      vertex -0.799999 6.4 3
      vertex -0.799999 6.4 55
    endloop
  endfacet
  facet normal 0 -1 0
    outer loop
      vertex -0.799999 -1.6 3
      vertex 0.0999994 -1.6 55
      vertex -0.799999 -1.6 55
    endloop
  endfacet
  facet normal 0 -1 -0
    outer loop
      vertex 0.0999994 -1.6 55
      vertex -0.799999 -1.6 3
      vertex 0.0999994 -1.6 3
    endloop
  endfacet
  facet normal 1 -0 0
    outer loop
      vertex 0.0999994 -1.6 55
      vertex 0.0999994 -0.799999 3
      vertex 0.0999994 -0.799999 55
    endloop
  endfacet
  facet normal 1 0 0
    outer loop
      vertex 0.0999994 -0.799999 3
      vertex 0.0999994 -1.6 55
      vertex 0.0999994 -1.6 3
    endloop
  endfacet
  facet normal -1 0 0
    outer loop
      vertex -0.799999 -1.6 3
      vertex -0.799999 2.4 55
      vertex -0.799999 2.4 3
    endloop
  endfacet
  facet normal -1 -0 0
    outer loop
      vertex -0.799999 2.4 55
      vertex -0.799999 -1.6 3
      vertex -0.799999 -1.6 55
    endloop
  endfacet
  facet normal 0 0 -1
    outer loop
      vertex 95.8 -0.799999 3
      vertex 95 0 3
      vertex 95.8 2.4 3
    endloop
  endfacet
  facet normal 0 0 -1
    outer loop
      vertex 92.6 -0.799999 3
      vertex 95 0 3
      vertex 95.8 -0.799999 3
    endloop
  endfacet
  facet normal -0 0 -1
    outer loop
      vertex 95 0 3
      vertex 92.6 -0.799999 3
      vertex 92.6 0 3
    endloop
  endfacet
  facet normal -0 0 -1
    outer loop
      vertex 95.8 2.4 3
      vertex 95 0 3
      vertex 95 2.4 3
    endloop
  endfacet
  facet normal 1 -0 0
    outer loop
      vertex 95.8 -0.799999 55
      vertex 95.8 2.4 3
      vertex 95.8 2.4 55
    endloop
  endfacet
  facet normal 1 0 0
    outer loop
      vertex 95.8 2.4 3
      vertex 95.8 -0.799999 55
      vertex 95.8 -0.799999 3
    endloop
  endfacet
  facet normal 0 -1 0
    outer loop
      vertex 95 8 3
      vertex 95.8 8 55
      vertex 95 8 55
    endloop
  endfacet
  facet normal 0 -1 -0
    outer loop
      vertex 95.8 8 55
      vertex 95 8 3
      vertex 95.8 8 3
    endloop
  endfacet
  facet normal 0 1 -0
    outer loop
      vertex 95.8 9.6 3
      vertex 95 9.6 55
      vertex 95.8 9.6 55
    endloop
  endfacet
  facet normal 0 1 0
    outer loop
      vertex 95 9.6 55
      vertex 95.8 9.6 3
      vertex 95 9.6 3
    endloop
  endfacet
  facet normal 0 0 -1
    outer loop
      vertex 95 8 3
      vertex 95.8 9.6 3
      vertex 95.8 8 3
    endloop
  endfacet
  facet normal -0 0 -1
    outer loop
      vertex 95.8 9.6 3
      vertex 95 8 3
      vertex 95 9.6 3
    endloop
  endfacet
  facet normal 1 -0 0
    outer loop
      vertex 95.8 8 55
      vertex 95.8 9.6 3
      vertex 95.8 9.6 55
    endloop
  endfacet
  facet normal 1 0 0
    outer loop
      vertex 95.8 9.6 3
      vertex 95.8 8 55
      vertex 95.8 8 3
    endloop
  endfacet
  facet normal 0 -1 0
    outer loop
      vertex 95 16 3
      vertex 95.8 16 55
      vertex 95 16 55
    endloop
  endfacet
  facet normal 0 -1 -0
    outer loop
      vertex 95.8 16 55
      vertex 95 16 3
      vertex 95.8 16 3
    endloop
  endfacet
  facet normal 0 1 -0
    outer loop
      vertex 95.8 17.6 3
      vertex 95 17.6 55
      vertex 95.8 17.6 55
    endloop
  endfacet
  facet normal 0 1 0
    outer loop
      vertex 95 17.6 55
      vertex 95.8 17.6 3
      vertex 95 17.6 3
    endloop
  endfacet
  facet normal 0 0 -1
    outer loop
      vertex 95 16 3
      vertex 95.8 17.6 3
      vertex 95.8 16 3
    endloop
  endfacet
  facet normal -0 0 -1
    outer loop
      vertex 95.8 17.6 3
      vertex 95 16 3
      vertex 95 17.6 3
    endloop
  endfacet
  facet normal 1 -0 0
    outer loop
      vertex 95.8 16 55
      vertex 95.8 17.6 3
      vertex 95.8 17.6 55
    endloop
  endfacet
  facet normal 1 0 0
    outer loop
      vertex 95.8 17.6 3
      vertex 95.8 16 55
      vertex 95.8 16 3
    endloop
  endfacet
  facet normal 0 -1 0
    outer loop
      vertex 95 24 3
      vertex 95.8 24 55
      vertex 95 24 55
    endloop
  endfacet
  facet normal 0 -1 -0
    outer loop
      vertex 95.8 24 55
      vertex 95 24 3
      vertex 95.8 24 3
    endloop
  endfacet
  facet normal 0 1 -0
    outer loop
      vertex 95.8 25.6 3
      vertex 95 25.6 55
      vertex 95.8 25.6 55
    endloop
  endfacet
  facet normal 0 1 0
    outer loop
      vertex 95 25.6 55
      vertex 95.8 25.6 3
      vertex 95 25.6 3
    endloop
  endfacet
  facet normal 0 0 -1
    outer loop
      vertex 95 24 3
      vertex 95.8 25.6 3
      vertex 95.8 24 3
    endloop
  endfacet
  facet normal -0 0 -1
    outer loop
      vertex 95.8 25.6 3
      vertex 95 24 3
      vertex 95 25.6 3
    endloop
  endfacet
  facet normal 1 -0 0
    outer loop
      vertex 95.8 24 55
      vertex 95.8 25.6 3
      vertex 95.8 25.6 55
    endloop
  endfacet
  facet normal 1 0 0
    outer loop
      vertex 95.8 25.6 3
      vertex 95.8 24 55
      vertex 95.8 24 3
    endloop
  endfacet
  facet normal 0 -1 0
    outer loop
      vertex 95 32 3
      vertex 95.8 32 55
      vertex 95 32 55
    endloop
  endfacet
  facet normal 0 -1 -0
    outer loop
      vertex 95.8 32 55
      vertex 95 32 3
      vertex 95.8 32 3
    endloop
  endfacet
  facet normal 0 1 -0
    outer loop
      vertex 95.8 33.6 46.5
      vertex 95 33.6 55
      vertex 95.8 33.6 55
    endloop
  endfacet
  facet normal 0 1 0
    outer loop
      vertex 95 33.6 55
      vertex 95.8 33.6 46.5
      vertex 95 33.6 46.5
    endloop
  endfacet
  facet normal 0 1 -0
    outer loop
      vertex 95.8 33.6 3
      vertex 95 33.6 19.5
      vertex 95.8 33.6 19.5
    endloop
  endfacet
  facet normal 0 1 0
    outer loop
      vertex 95 33.6 19.5
      vertex 95.8 33.6 3
      vertex 95 33.6 3
    endloop
  endfacet
  facet normal 0 0 -1
    outer loop
      vertex 95 32 3
      vertex 95.8 33.6 3
      vertex 95.8 32 3
    endloop
  endfacet
  facet normal -0 0 -1
    outer loop
      vertex 95.8 33.6 3
      vertex 95 32 3
      vertex 95 33.6 3
    endloop
  endfacet
  facet normal 1 0 0
    outer loop
      vertex 95.8 33.6 55
      vertex 95.8 32.4 46.5
      vertex 95.8 33.6 46.5
    endloop
  endfacet
  facet normal 1 0 0
    outer loop
      vertex 95.8 32.4 46.5
      vertex 95.8 32 55
      vertex 95.8 32.4 19.5
    endloop
  endfacet
  facet normal 1 -0 0
    outer loop
      vertex 95.8 32 55
      vertex 95.8 32.4 46.5
      vertex 95.8 33.6 55
    endloop
  endfacet
  facet normal 1 -0 0
    outer loop
      vertex 95.8 32.4 19.5
      vertex 95.8 33.6 3
      vertex 95.8 33.6 19.5
    endloop
  endfacet
  facet normal 1 0 0
    outer loop
      vertex 95.8 32.4 19.5
      vertex 95.8 32 3
      vertex 95.8 33.6 3
    endloop
  endfacet
  facet normal 1 0 0
    outer loop
      vertex 95.8 32 3
      vertex 95.8 32.4 19.5
      vertex 95.8 32 55
    endloop
  endfacet
  facet normal 0 1 -0
    outer loop
      vertex 96.2 40 21
      vertex 92.4 40 45
      vertex 96.2 40 45
    endloop
  endfacet
  facet normal 0 1 0
    outer loop
      vertex 92.4 40 45
      vertex 96.2 40 21
      vertex 92.4 40 21
    endloop
  endfacet
  facet normal 0 -1 0
    outer loop
      vertex 95 40 3
      vertex 95.8 40 17
      vertex 95 40 17
    endloop
  endfacet
  facet normal 0 -1 -0
    outer loop
      vertex 95.8 40 17
      vertex 95 40 3
      vertex 95.8 40 3
    endloop
  endfacet
  facet normal 0 -1 0
    outer loop
      vertex 95 40 47
      vertex 95.8 40 55
      vertex 95 40 55
    endloop
  endfacet
  facet normal 0 -1 -0
    outer loop
      vertex 95.8 40 55
      vertex 95 40 47
      vertex 95.8 40 47
    endloop
  endfacet
  facet normal 0 -1 0
    outer loop
      vertex 91.8 40 3
      vertex 91.8 40 2
      vertex 92 40 3
    endloop
  endfacet
  facet normal 0 -1 0
    outer loop
      vertex 92 40 3
      vertex 92.4 40 21
      vertex 92 40 21
    endloop
  endfacet
  facet normal 0 -1 0
    outer loop
      vertex 92 40 3
      vertex 92.4 40 2
      vertex 92.4 40 21
    endloop
  endfacet
  facet normal 0 -1 0
    outer loop
      vertex 92.4 40 2
      vertex 92 40 3
      vertex 91.8 40 2
    endloop
  endfacet
  facet normal 0 -1 0
    outer loop
      vertex 92 40 45
      vertex 92.4 40 55
      vertex 92 40 55
    endloop
  endfacet
  facet normal 0 -1 -0
    outer loop
      vertex 92.4 40 55
      vertex 92 40 45
      vertex 92.4 40 45
    endloop
  endfacet
  facet normal 0 1 -0
    outer loop
      vertex 95.8 41.6 47
      vertex 95 41.6 55
      vertex 95.8 41.6 55
    endloop
  endfacet
  facet normal 0 1 0
    outer loop
      vertex 95 41.6 55
      vertex 95.8 41.6 47
      vertex 95 41.6 47
    endloop
  endfacet
  facet normal 0 1 -0
    outer loop
      vertex 95.8 41.6 3
      vertex 95 41.6 17
      vertex 95.8 41.6 17
    endloop
  endfacet
  facet normal 0 1 0
    outer loop
      vertex 95 41.6 17
      vertex 95.8 41.6 3
      vertex 95 41.6 3
    endloop
  endfacet
  facet normal 0 0 -1
    outer loop
      vertex 95 40 3
      vertex 95.8 41.6 3
      vertex 95.8 40 3
    endloop
  endfacet
  facet normal -0 0 -1
    outer loop
      vertex 95.8 41.6 3
      vertex 95 40 3
      vertex 95 41.6 3
    endloop
  endfacet
  facet normal 1 -0 0
    outer loop
      vertex 95.8 40 55
      vertex 95.8 41.6 47
      vertex 95.8 41.6 55
    endloop
  endfacet
  facet normal 1 0 0
    outer loop
      vertex 95.8 41.6 47
      vertex 95.8 40 55
      vertex 95.8 40 47
    endloop
  endfacet
  facet normal 1 -0 0
    outer loop
      vertex 95.8 40 17
      vertex 95.8 41.6 3
      vertex 95.8 41.6 17
    endloop
  endfacet
  facet normal 1 0 0
    outer loop
      vertex 95.8 41.6 3
      vertex 95.8 40 17
      vertex 95.8 40 3
    endloop
  endfacet
  facet normal 0 -1 0
    outer loop
      vertex 95 48 3
      vertex 95.8 48 17
      vertex 95 48 17
    endloop
  endfacet
  facet normal 0 -1 -0
    outer loop
      vertex 95.8 48 17
      vertex 95 48 3
      vertex 95.8 48 3
    endloop
  endfacet
  facet normal 0 -1 0
    outer loop
      vertex 95 48 47
      vertex 95.8 48 55
      vertex 95 48 55
    endloop
  endfacet
  facet normal 0 -1 -0
    outer loop
      vertex 95.8 48 55
      vertex 95 48 47
      vertex 95.8 48 47
    endloop
  endfacet
  facet normal 0 1 -0
    outer loop
      vertex 95.8 49.6 47
      vertex 95 49.6 55
      vertex 95.8 49.6 55
    endloop
  endfacet
  facet normal 0 1 0
    outer loop
      vertex 95 49.6 55
      vertex 95.8 49.6 47
      vertex 95 49.6 47
    endloop
  endfacet
  facet normal 0 1 -0
    outer loop
      vertex 95.8 49.6 3
      vertex 95 49.6 17
      vertex 95.8 49.6 17
    endloop
  endfacet
  facet normal 0 1 0
    outer loop
      vertex 95 49.6 17
      vertex 95.8 49.6 3
      vertex 95 49.6 3
    endloop
  endfacet
  facet normal 0 0 -1
    outer loop
      vertex 95 48 3
      vertex 95.8 49.6 3
      vertex 95.8 48 3
    endloop
  endfacet
  facet normal -0 0 -1
    outer loop
      vertex 95.8 49.6 3
      vertex 95 48 3
      vertex 95 49.6 3
    endloop
  endfacet
  facet normal 1 -0 0
    outer loop
      vertex 95.8 48 55
      vertex 95.8 49.6 47
      vertex 95.8 49.6 55
    endloop
  endfacet
  facet normal 1 0 0
    outer loop
      vertex 95.8 49.6 47
      vertex 95.8 48 55
      vertex 95.8 48 47
    endloop
  endfacet
  facet normal 1 -0 0
    outer loop
      vertex 95.8 48 17
      vertex 95.8 49.6 3
      vertex 95.8 49.6 17
    endloop
  endfacet
  facet normal 1 0 0
    outer loop
      vertex 95.8 49.6 3
      vertex 95.8 48 17
      vertex 95.8 48 3
    endloop
  endfacet
  facet normal 0 -1 0
    outer loop
      vertex 95 56 3
      vertex 95.8 56 17
      vertex 95 56 17
    endloop
  endfacet
  facet normal 0 -1 -0
    outer loop
      vertex 95.8 56 17
      vertex 95 56 3
      vertex 95.8 56 3
    endloop
  endfacet
  facet normal 0 -1 0
    outer loop
      vertex 95 56 47
      vertex 95.8 56 55
      vertex 95 56 55
    endloop
  endfacet
  facet normal 0 -1 -0
    outer loop
      vertex 95.8 56 55
      vertex 95 56 47
      vertex 95.8 56 47
    endloop
  endfacet
  facet normal 0 1 -0
    outer loop
      vertex 95.8 57.6 47
      vertex 95 57.6 55
      vertex 95.8 57.6 55
    endloop
  endfacet
  facet normal 0 1 0
    outer loop
      vertex 95 57.6 55
      vertex 95.8 57.6 47
      vertex 95 57.6 47
    endloop
  endfacet
  facet normal 0 1 -0
    outer loop
      vertex 95.8 57.6 3
      vertex 95 57.6 17
      vertex 95.8 57.6 17
    endloop
  endfacet
  facet normal 0 1 0
    outer loop
      vertex 95 57.6 17
      vertex 95.8 57.6 3
      vertex 95 57.6 3
    endloop
  endfacet
  facet normal 0 0 -1
    outer loop
      vertex 95 56 3
      vertex 95.8 57.6 3
      vertex 95.8 56 3
    endloop
  endfacet
  facet normal -0 0 -1
    outer loop
      vertex 95.8 57.6 3
      vertex 95 56 3
      vertex 95 57.6 3
    endloop
  endfacet
  facet normal 1 -0 0
    outer loop
      vertex 95.8 56 55
      vertex 95.8 57.6 47
      vertex 95.8 57.6 55
    endloop
  endfacet
  facet normal 1 0 0
    outer loop
      vertex 95.8 57.6 47
      vertex 95.8 56 55
      vertex 95.8 56 47
    endloop
  endfacet
  facet normal 1 -0 0
    outer loop
      vertex 95.8 56 17
      vertex 95.8 57.6 3
      vertex 95.8 57.6 17
    endloop
  endfacet
  facet normal 1 0 0
    outer loop
      vertex 95.8 57.6 3
      vertex 95.8 56 17
      vertex 95.8 56 3
    endloop
  endfacet
  facet normal 0 -1 0
    outer loop
      vertex 95 64 3
      vertex 95.8 64 17
      vertex 95 64 17
    endloop
  endfacet
  facet normal 0 -1 -0
    outer loop
      vertex 95.8 64 17
      vertex 95 64 3
      vertex 95.8 64 3
    endloop
  endfacet
  facet normal 0 -1 0
    outer loop
      vertex 95 64 47
      vertex 95.8 64 55
      vertex 95 64 55
    endloop
  endfacet
  facet normal 0 -1 -0
    outer loop
      vertex 95.8 64 55
      vertex 95 64 47
      vertex 95.8 64 47
    endloop
  endfacet
  facet normal 0 1 -0
    outer loop
      vertex 95.8 65.6 47
      vertex 95 65.6 55
      vertex 95.8 65.6 55
    endloop
  endfacet
  facet normal 0 1 0
    outer loop
      vertex 95 65.6 55
      vertex 95.8 65.6 47
      vertex 95 65.6 47
    endloop
  endfacet
  facet normal 0 1 -0
    outer loop
      vertex 95.8 65.6 3
      vertex 95 65.6 17
      vertex 95.8 65.6 17
    endloop
  endfacet
  facet normal 0 1 0
    outer loop
      vertex 95 65.6 17
      vertex 95.8 65.6 3
      vertex 95 65.6 3
    endloop
  endfacet
  facet normal 0 0 -1
    outer loop
      vertex 95 64 3
      vertex 95.8 65.6 3
      vertex 95.8 64 3
    endloop
  endfacet
  facet normal -0 0 -1
    outer loop
      vertex 95.8 65.6 3
      vertex 95 64 3
      vertex 95 65.6 3
    endloop
  endfacet
  facet normal 1 -0 0
    outer loop
      vertex 95.8 64 55
      vertex 95.8 65.6 47
      vertex 95.8 65.6 55
    endloop
  endfacet
  facet normal 1 0 0
    outer loop
      vertex 95.8 65.6 47
      vertex 95.8 64 55
      vertex 95.8 64 47
    endloop
  endfacet
  facet normal 1 -0 0
    outer loop
      vertex 95.8 64 17
      vertex 95.8 65.6 3
      vertex 95.8 65.6 17
    endloop
  endfacet
  facet normal 1 0 0
    outer loop
      vertex 95.8 65.6 3
      vertex 95.8 64 17
      vertex 95.8 64 3
    endloop
  endfacet
  facet normal 0 1 -0
    outer loop
      vertex 96.2 72 19.2
      vertex 95.8 72 47
      vertex 96.2 72 47
    endloop
  endfacet
  facet normal 0 1 0
    outer loop
      vertex 95.8 72 47
      vertex 96.2 72 19.2
      vertex 95.8 72 19.2
    endloop
  endfacet
  facet normal 0 -1 0
    outer loop
      vertex 95 72 3
      vertex 95.8 72 17
      vertex 95 72 17
    endloop
  endfacet
  facet normal 0 -1 -0
    outer loop
      vertex 95.8 72 17
      vertex 95 72 3
      vertex 95.8 72 3
    endloop
  endfacet
  facet normal 0 -1 0
    outer loop
      vertex 95 72 47
      vertex 95.8 72 55
      vertex 95 72 55
    endloop
  endfacet
  facet normal 0 -1 -0
    outer loop
      vertex 95.8 72 55
      vertex 95 72 47
      vertex 95.8 72 47
    endloop
  endfacet
  facet normal 0 1 -0
    outer loop
      vertex 95.8 73.6 46.5
      vertex 95 73.6 55
      vertex 95.8 73.6 55
    endloop
  endfacet
  facet normal 0 1 0
    outer loop
      vertex 95 73.6 55
      vertex 95.8 73.6 46.5
      vertex 95 73.6 46.5
    endloop
  endfacet
  facet normal 0 1 -0
    outer loop
      vertex 95.8 73.6 3
      vertex 95 73.6 19.5
      vertex 95.8 73.6 19.5
    endloop
  endfacet
  facet normal 0 1 0
    outer loop
      vertex 95 73.6 19.5
      vertex 95.8 73.6 3
      vertex 95 73.6 3
    endloop
  endfacet
  facet normal 0 0 -1
    outer loop
      vertex 95 72 3
      vertex 95.8 73.6 3
      vertex 95.8 72 3
    endloop
  endfacet
  facet normal -0 0 -1
    outer loop
      vertex 95.8 73.6 3
      vertex 95 72 3
      vertex 95 73.6 3
    endloop
  endfacet
  facet normal 1 -0 0
    outer loop
      vertex 95.8 72 47
      vertex 95.8 73.6 46.5
      vertex 95.8 73.6 55
    endloop
  endfacet
  facet normal 1 0 0
    outer loop
      vertex 95.8 73.6 46.5
      vertex 95.8 72 47
      vertex 95.8 72.6 46.5
    endloop
  endfacet
  facet normal 1 0 0
    outer loop
      vertex 95.8 72 47
      vertex 95.8 73.6 55
      vertex 95.8 72 55
    endloop
  endfacet
  facet normal 1 0 0
    outer loop
      vertex 95.8 73 17
      vertex 95.8 73.6 19.5
      vertex 95.8 73 19.2
    endloop
  endfacet
  facet normal 1 -0 0
    outer loop
      vertex 95.8 72.6 19.5
      vertex 95.8 73 19.2
      vertex 95.8 73.6 19.5
    endloop
  endfacet
  facet normal 1 0 0
    outer loop
      vertex 95.8 72 19.2
      vertex 95.8 72.6 46.5
      vertex 95.8 72 47
    endloop
  endfacet
  facet normal 1 0 0
    outer loop
      vertex 95.8 72.6 19.5
      vertex 95.8 72 19.2
      vertex 95.8 73 19.2
    endloop
  endfacet
  facet normal 1 0 0
    outer loop
      vertex 95.8 72.6 46.5
      vertex 95.8 72 19.2
      vertex 95.8 72.6 19.5
    endloop
  endfacet
  facet normal 1 0 0
    outer loop
      vertex 95.8 73.6 19.5
      vertex 95.8 73 17
      vertex 95.8 73.6 3
    endloop
  endfacet
  facet normal 1 0 0
    outer loop
      vertex 95.8 72 3
      vertex 95.8 73 17
      vertex 95.8 72 17
    endloop
  endfacet
  facet normal 1 0 0
    outer loop
      vertex 95.8 73 17
      vertex 95.8 72 3
      vertex 95.8 73.6 3
    endloop
  endfacet
  facet normal 0 -1 0
    outer loop
      vertex 95 80 3
      vertex 95.8 80 55
      vertex 95 80 55
    endloop
  endfacet
  facet normal 0 -1 -0
    outer loop
      vertex 95.8 80 55
      vertex 95 80 3
      vertex 95.8 80 3
    endloop
  endfacet
  facet normal 0 1 -0
    outer loop
      vertex 95.8 81.6 3
      vertex 95 81.6 55
      vertex 95.8 81.6 55
    endloop
  endfacet
  facet normal 0 1 0
    outer loop
      vertex 95 81.6 55
      vertex 95.8 81.6 3
      vertex 95 81.6 3
    endloop
  endfacet
  facet normal 0 0 -1
    outer loop
      vertex 95 80 3
      vertex 95.8 81.6 3
      vertex 95.8 80 3
    endloop
  endfacet
  facet normal -0 0 -1
    outer loop
      vertex 95.8 81.6 3
      vertex 95 80 3
      vertex 95 81.6 3
    endloop
  endfacet
  facet normal 1 -0 0
    outer loop
      vertex 95.8 80 55
      vertex 95.8 81.6 3
      vertex 95.8 81.6 55
    endloop
  endfacet
  facet normal 1 0 0
    outer loop
      vertex 95.8 81.6 3
      vertex 95.8 80 55
      vertex 95.8 80 3
    endloop
  endfacet
  facet normal 0 -1 0
    outer loop
      vertex 95 88 3
      vertex 95.8 88 55
      vertex 95 88 55
    endloop
  endfacet
  facet normal 0 -1 -0
    outer loop
      vertex 95.8 88 55
      vertex 95 88 3
      vertex 95.8 88 3
    endloop
  endfacet
  facet normal 0 1 -0
    outer loop
      vertex 95.8 89.6 3
      vertex 95 89.6 55
      vertex 95.8 89.6 55
    endloop
  endfacet
  facet normal 0 1 0
    outer loop
      vertex 95 89.6 55
      vertex 95.8 89.6 3
      vertex 95 89.6 3
    endloop
  endfacet
  facet normal 0 0 -1
    outer loop
      vertex 95 88 3
      vertex 95.8 89.6 3
      vertex 95.8 88 3
    endloop
  endfacet
  facet normal -0 0 -1
    outer loop
      vertex 95.8 89.6 3
      vertex 95 88 3
      vertex 95 89.6 3
    endloop
  endfacet
  facet normal 1 -0 0
    outer loop
      vertex 95.8 88 55
      vertex 95.8 89.6 3
      vertex 95.8 89.6 55
    endloop
  endfacet
  facet normal 1 0 0
    outer loop
      vertex 95.8 89.6 3
      vertex 95.8 88 55
      vertex 95.8 88 3
    endloop
  endfacet
  facet normal 0 -1 0
    outer loop
      vertex 95 96 3
      vertex 95.8 96 55
      vertex 95 96 55
    endloop
  endfacet
  facet normal 0 -1 -0
    outer loop
      vertex 95.8 96 55
      vertex 95 96 3
      vertex 95.8 96 3
    endloop
  endfacet
  facet normal 0 1 -0
    outer loop
      vertex 95.8 97.6 3
      vertex 95 97.6 55
      vertex 95.8 97.6 55
    endloop
  endfacet
  facet normal 0 1 0
    outer loop
      vertex 95 97.6 55
      vertex 95.8 97.6 3
      vertex 95 97.6 3
    endloop
  endfacet
  facet normal 0 0 -1
    outer loop
      vertex 95 96 3
      vertex 95.8 97.6 3
      vertex 95.8 96 3
    endloop
  endfacet
  facet normal -0 0 -1
    outer loop
      vertex 95.8 97.6 3
      vertex 95 96 3
      vertex 95 97.6 3
    endloop
  endfacet
  facet normal 1 -0 0
    outer loop
      vertex 95.8 96 55
      vertex 95.8 97.6 3
      vertex 95.8 97.6 55
    endloop
  endfacet
  facet normal 1 0 0
    outer loop
      vertex 95.8 97.6 3
      vertex 95.8 96 55
      vertex 95.8 96 3
    endloop
  endfacet
  facet normal 0 -1 0
    outer loop
      vertex 95 104 3
      vertex 95.8 104 55
      vertex 95 104 55
    endloop
  endfacet
  facet normal 0 -1 -0
    outer loop
      vertex 95.8 104 55
      vertex 95 104 3
      vertex 95.8 104 3
    endloop
  endfacet
  facet normal 0 1 -0
    outer loop
      vertex 95.8 105.6 3
      vertex 95 105.6 55
      vertex 95.8 105.6 55
    endloop
  endfacet
  facet normal 0 1 0
    outer loop
      vertex 95 105.6 55
      vertex 95.8 105.6 3
      vertex 95 105.6 3
    endloop
  endfacet
  facet normal 0 0 -1
    outer loop
      vertex 95 104 3
      vertex 95.8 105.6 3
      vertex 95.8 104 3
    endloop
  endfacet
  facet normal -0 0 -1
    outer loop
      vertex 95.8 105.6 3
      vertex 95 104 3
      vertex 95 105.6 3
    endloop
  endfacet
  facet normal 1 -0 0
    outer loop
      vertex 95.8 104 55
      vertex 95.8 105.6 3
      vertex 95.8 105.6 55
    endloop
  endfacet
  facet normal 1 0 0
    outer loop
      vertex 95.8 105.6 3
      vertex 95.8 104 55
      vertex 95.8 104 3
    endloop
  endfacet
  facet normal 0 1 -0
    outer loop
      vertex 95.8 113.6 3
      vertex 94.9 113.6 55
      vertex 95.8 113.6 55
    endloop
  endfacet
  facet normal 0 1 0
    outer loop
      vertex 94.9 113.6 55
      vertex 95.8 113.6 3
      vertex 94.9 113.6 3
    endloop
  endfacet
  facet normal -1 0 0
    outer loop
      vertex 94.9 112.8 3
      vertex 94.9 113.6 55
      vertex 94.9 113.6 3
    endloop
  endfacet
  facet normal -1 -0 0
    outer loop
      vertex 94.9 113.6 55
      vertex 94.9 112.8 3
      vertex 94.9 112.8 55
    endloop
  endfacet
  facet normal 1 -0 0
    outer loop
      vertex 95.8 109.6 55
      vertex 95.8 113.6 3
      vertex 95.8 113.6 55
    endloop
  endfacet
  facet normal 1 0 0
    outer loop
      vertex 95.8 113.6 3
      vertex 95.8 109.6 55
      vertex 95.8 109.6 3
    endloop
  endfacet
  facet normal 1 -0 0
    outer loop
      vertex 2.4 -0.799999 55
      vertex 2.4 0 3
      vertex 2.4 0 55
    endloop
  endfacet
  facet normal 1 0 0
    outer loop
      vertex 2.4 0 3
      vertex 2.4 -0.799999 55
      vertex 2.4 -0.799999 3
    endloop
  endfacet
  facet normal 0 1 -0
    outer loop
      vertex 0 2.4 3
      vertex -0.799999 2.4 55
      vertex 0 2.4 55
    endloop
  endfacet
  facet normal 0 1 0
    outer loop
      vertex -0.799999 2.4 55
      vertex 0 2.4 3
      vertex -0.799999 2.4 3
    endloop
  endfacet
  facet normal -1 0 0
    outer loop
      vertex 92.6 -0.799999 3
      vertex 92.6 0 55
      vertex 92.6 0 3
    endloop
  endfacet
  facet normal -1 -0 0
    outer loop
      vertex 92.6 0 55
      vertex 92.6 -0.799999 3
      vertex 92.6 -0.799999 55
    endloop
  endfacet
  facet normal 0 -1 0
    outer loop
      vertex 92.6 -0.799999 3
      vertex 95.8 -0.799999 55
      vertex 92.6 -0.799999 55
    endloop
  endfacet
  facet normal 0 -1 -0
    outer loop
      vertex 95.8 -0.799999 55
      vertex 92.6 -0.799999 3
      vertex 95.8 -0.799999 3
    endloop
  endfacet
  facet normal 0 1 -0
    outer loop
      vertex 95.8 2.4 3
      vertex 95 2.4 55
      vertex 95.8 2.4 55
    endloop
  endfacet
  facet normal 0 1 0
    outer loop
      vertex 95 2.4 55
      vertex 95.8 2.4 3
      vertex 95 2.4 3
    endloop
  endfacet
  facet normal 1 -0 0
    outer loop
      vertex 2.4 112 55
      vertex 2.4 112.8 3
      vertex 2.4 112.8 55
    endloop
  endfacet
  facet normal 1 0 0
    outer loop
      vertex 2.4 112.8 3
      vertex 2.4 112 55
      vertex 2.4 112 3
    endloop
  endfacet
  facet normal 0 1 -0
    outer loop
      vertex 2.4 112.8 3
      vertex -0.799999 112.8 55
      vertex 2.4 112.8 55
    endloop
  endfacet
  facet normal 0 1 0
    outer loop
      vertex -0.799999 112.8 55
      vertex 2.4 112.8 3
      vertex -0.799999 112.8 3
    endloop
  endfacet
  facet normal 0 -1 0
    outer loop
      vertex -0.799999 109.6 3
      vertex 0 109.6 55
      vertex -0.799999 109.6 55
    endloop
  endfacet
  facet normal 0 -1 -0
    outer loop
      vertex 0 109.6 55
      vertex -0.799999 109.6 3
      vertex 0 109.6 3
    endloop
  endfacet
  facet normal -1 0 0
    outer loop
      vertex 92.6 112 3
      vertex 92.6 112.8 55
      vertex 92.6 112.8 3
    endloop
  endfacet
  facet normal -1 -0 0
    outer loop
      vertex 92.6 112.8 55
      vertex 92.6 112 3
      vertex 92.6 112 55
    endloop
  endfacet
  facet normal 0 -1 0
    outer loop
      vertex 95 109.6 3
      vertex 95.8 109.6 55
      vertex 95 109.6 55
    endloop
  endfacet
  facet normal 0 -1 -0
    outer loop
      vertex 95.8 109.6 55
      vertex 95 109.6 3
      vertex 95.8 109.6 3
    endloop
  endfacet
  facet normal -1 0 0
    outer loop
      vertex 12 -1.2 1
      vertex 12 0 45
      vertex 12 0 1
    endloop
  endfacet
  facet normal -1 -0 0
    outer loop
      vertex 12 0 45
      vertex 12 -1.2 1
      vertex 12 -1.2 45
    endloop
  endfacet
  facet normal 0 0 1
    outer loop
      vertex 16 0 45
      vertex 12 0 45
      vertex 16 -0.799999 45
    endloop
  endfacet
  facet normal 0 0 1
    outer loop
      vertex 24 0 45
      vertex 17.6 0 45
      vertex 24 -0.799999 45
    endloop
  endfacet
  facet normal 0 0 1
    outer loop
      vertex 32 0 45
      vertex 25.6 0 45
      vertex 32 -0.799999 45
    endloop
  endfacet
  facet normal 0 0 1
    outer loop
      vertex 40 0 45
      vertex 33.6 0 45
      vertex 40 -0.799999 45
    endloop
  endfacet
  facet normal 0 0 1
    outer loop
      vertex 48 0 45
      vertex 41.6 0 45
      vertex 48 -0.799999 45
    endloop
  endfacet
  facet normal 0 0 1
    outer loop
      vertex 56 0 45
      vertex 49.6 0 45
      vertex 56 -0.799999 45
    endloop
  endfacet
  facet normal 0 0 1
    outer loop
      vertex 64 0 45
      vertex 57.6 0 45
      vertex 64 -0.799999 45
    endloop
  endfacet
  facet normal 0 0 1
    outer loop
      vertex 72 0 45
      vertex 65.6 0 45
      vertex 72 -0.799999 45
    endloop
  endfacet
  facet normal 0 0 1
    outer loop
      vertex 80 0 45
      vertex 73.6 0 45
      vertex 80 -0.799999 45
    endloop
  endfacet
  facet normal 0 0 1
    outer loop
      vertex 81.6 -0.799999 45
      vertex 82 0 45
      vertex 81.6 0 45
    endloop
  endfacet
  facet normal 0 0 1
    outer loop
      vertex 82 0 45
      vertex 81.6 -0.799999 45
      vertex 82 -1.2 45
    endloop
  endfacet
  facet normal -0 0 1
    outer loop
      vertex 80 -0.799999 45
      vertex 82 -1.2 45
      vertex 81.6 -0.799999 45
    endloop
  endfacet
  facet normal 0 0 1
    outer loop
      vertex 73.6 -0.799999 45
      vertex 80 -0.799999 45
      vertex 73.6 0 45
    endloop
  endfacet
  facet normal 0 0 1
    outer loop
      vertex 80 -0.799999 45
      vertex 73.6 -0.799999 45
      vertex 82 -1.2 45
    endloop
  endfacet
  facet normal -0 0 1
    outer loop
      vertex 72 -0.799999 45
      vertex 82 -1.2 45
      vertex 73.6 -0.799999 45
    endloop
  endfacet
  facet normal 0 0 1
    outer loop
      vertex 65.6 -0.799999 45
      vertex 72 -0.799999 45
      vertex 65.6 0 45
    endloop
  endfacet
  facet normal -0 0 1
    outer loop
      vertex 65.6 -0.799999 45
      vertex 82 -1.2 45
      vertex 72 -0.799999 45
    endloop
  endfacet
  facet normal -0 0 1
    outer loop
      vertex 64 -0.799999 45
      vertex 82 -1.2 45
      vertex 65.6 -0.799999 45
    endloop
  endfacet
  facet normal 0 0 1
    outer loop
      vertex 57.6 -0.799999 45
      vertex 64 -0.799999 45
      vertex 57.6 0 45
    endloop
  endfacet
  facet normal -0 0 1
    outer loop
      vertex 57.6 -0.799999 45
      vertex 82 -1.2 45
      vertex 64 -0.799999 45
    endloop
  endfacet
  facet normal -0 0 1
    outer loop
      vertex 56 -0.799999 45
      vertex 82 -1.2 45
      vertex 57.6 -0.799999 45
    endloop
  endfacet
  facet normal 0 0 1
    outer loop
      vertex 49.6 -0.799999 45
      vertex 56 -0.799999 45
      vertex 49.6 0 45
    endloop
  endfacet
  facet normal -0 0 1
    outer loop
      vertex 49.6 -0.799999 45
      vertex 82 -1.2 45
      vertex 56 -0.799999 45
    endloop
  endfacet
  facet normal -0 0 1
    outer loop
      vertex 48 -0.799999 45
      vertex 82 -1.2 45
      vertex 49.6 -0.799999 45
    endloop
  endfacet
  facet normal 0 0 1
    outer loop
      vertex 41.6 -0.799999 45
      vertex 48 -0.799999 45
      vertex 41.6 0 45
    endloop
  endfacet
  facet normal -0 0 1
    outer loop
      vertex 41.6 -0.799999 45
      vertex 82 -1.2 45
      vertex 48 -0.799999 45
    endloop
  endfacet
  facet normal -0 0 1
    outer loop
      vertex 40 -0.799999 45
      vertex 82 -1.2 45
      vertex 41.6 -0.799999 45
    endloop
  endfacet
  facet normal 0 0 1
    outer loop
      vertex 33.6 -0.799999 45
      vertex 40 -0.799999 45
      vertex 33.6 0 45
    endloop
  endfacet
  facet normal -0 0 1
    outer loop
      vertex 33.6 -0.799999 45
      vertex 82 -1.2 45
      vertex 40 -0.799999 45
    endloop
  endfacet
  facet normal 0 0 1
    outer loop
      vertex 12 -1.2 45
      vertex 33.6 -0.799999 45
      vertex 32 -0.799999 45
    endloop
  endfacet
  facet normal 0 0 1
    outer loop
      vertex 25.6 -0.799999 45
      vertex 32 -0.799999 45
      vertex 25.6 0 45
    endloop
  endfacet
  facet normal 0 0 1
    outer loop
      vertex 12 -1.2 45
      vertex 32 -0.799999 45
      vertex 25.6 -0.799999 45
    endloop
  endfacet
  facet normal 0 0 1
    outer loop
      vertex 12 -1.2 45
      vertex 25.6 -0.799999 45
      vertex 24 -0.799999 45
    endloop
  endfacet
  facet normal 0 0 1
    outer loop
      vertex 17.6 -0.799999 45
      vertex 24 -0.799999 45
      vertex 17.6 0 45
    endloop
  endfacet
  facet normal 0 0 1
    outer loop
      vertex 12 -1.2 45
      vertex 24 -0.799999 45
      vertex 17.6 -0.799999 45
    endloop
  endfacet
  facet normal 0 0 1
    outer loop
      vertex 12 -1.2 45
      vertex 17.6 -0.799999 45
      vertex 16 -0.799999 45
    endloop
  endfacet
  facet normal 0 0 1
    outer loop
      vertex 33.6 -0.799999 45
      vertex 12 -1.2 45
      vertex 82 -1.2 45
    endloop
  endfacet
  facet normal 0 0 1
    outer loop
      vertex 12 -1.2 45
      vertex 16 -0.799999 45
      vertex 12 0 45
    endloop
  endfacet
  facet normal 1 -0 0
    outer loop
      vertex 82 -1.2 45
      vertex 82 0 1
      vertex 82 0 45
    endloop
  endfacet
  facet normal 1 0 0
    outer loop
      vertex 82 0 1
      vertex 82 -1.2 45
      vertex 82 -1.2 1
    endloop
  endfacet
  facet normal 0 0 -1
    outer loop
      vertex 12 -1.2 1
      vertex 82 0 1
      vertex 82 -1.2 1
    endloop
  endfacet
  facet normal -0 0 -1
    outer loop
      vertex 82 0 1
      vertex 12 -1.2 1
      vertex 12 0 1
    endloop
  endfacet
  facet normal 0 -1 0
    outer loop
      vertex 12 -1.2 45
      vertex 14 -1.2 43
      vertex 82 -1.2 45
    endloop
  endfacet
  facet normal 0 -1 0
    outer loop
      vertex 12 -1.2 45
      vertex 14 -1.2 3
      vertex 14 -1.2 43
    endloop
  endfacet
  facet normal 0 -1 -0
    outer loop
      vertex 14 -1.2 3
      vertex 12 -1.2 1
      vertex 80 -1.2 3
    endloop
  endfacet
  facet normal 0 -1 0
    outer loop
      vertex 12 -1.2 1
      vertex 14 -1.2 3
      vertex 12 -1.2 45
    endloop
  endfacet
  facet normal 0 -1 0
    outer loop
      vertex 80 -1.2 43
      vertex 82 -1.2 45
      vertex 14 -1.2 43
    endloop
  endfacet
  facet normal 0 -1 0
    outer loop
      vertex 80 -1.2 3
      vertex 82 -1.2 45
      vertex 80 -1.2 43
    endloop
  endfacet
  facet normal 0 -1 0
    outer loop
      vertex 80 -1.2 3
      vertex 82 -1.2 1
      vertex 82 -1.2 45
    endloop
  endfacet
  facet normal 0 -1 0
    outer loop
      vertex 82 -1.2 1
      vertex 80 -1.2 3
      vertex 12 -1.2 1
    endloop
  endfacet
  facet normal 1 0 0
    outer loop
      vertex 14 2.32104 40.78
      vertex 14 3 43
      vertex 14 2.35 41
    endloop
  endfacet
  facet normal 1 0 0
    outer loop
      vertex 14 3 43
      vertex 14 2.32104 41.22
      vertex 14 2.35 41
    endloop
  endfacet
  facet normal 1 0 0
    outer loop
      vertex 14 3 43
      vertex 14 2.23612 41.425
      vertex 14 2.32104 41.22
    endloop
  endfacet
  facet normal 1 0 0
    outer loop
      vertex 14 3 43
      vertex 14 2.10104 41.601
      vertex 14 2.23612 41.425
    endloop
  endfacet
  facet normal 1 0 0
    outer loop
      vertex 14 3 43
      vertex 14 1.925 41.7361
      vertex 14 2.10104 41.601
    endloop
  endfacet
  facet normal 1 0 0
    outer loop
      vertex 14 3 43
      vertex 14 1.72 41.821
      vertex 14 1.925 41.7361
    endloop
  endfacet
  facet normal 1 0 0
    outer loop
      vertex 14 3 43
      vertex 14 1.5 41.85
      vertex 14 1.72 41.821
    endloop
  endfacet
  facet normal 1 0 0
    outer loop
      vertex 14 3 43
      vertex 14 1.28 41.821
      vertex 14 1.5 41.85
    endloop
  endfacet
  facet normal 1 -0 0
    outer loop
      vertex 14 -1.2 43
      vertex 14 1.28 41.821
      vertex 14 3 43
    endloop
  endfacet
  facet normal 1 0 0
    outer loop
      vertex 14 0.678963 41.22
      vertex 14 -1.2 43
      vertex 14 0.65 41
    endloop
  endfacet
  facet normal 1 0 0
    outer loop
      vertex 14 0.763878 41.425
      vertex 14 -1.2 43
      vertex 14 0.678963 41.22
    endloop
  endfacet
  facet normal 1 0 0
    outer loop
      vertex 14 0.898959 41.601
      vertex 14 -1.2 43
      vertex 14 0.763878 41.425
    endloop
  endfacet
  facet normal 1 0 0
    outer loop
      vertex 14 1.075 41.7361
      vertex 14 -1.2 43
      vertex 14 0.898959 41.601
    endloop
  endfacet
  facet normal 1 0 0
    outer loop
      vertex 14 1.28 41.821
      vertex 14 -1.2 43
      vertex 14 1.075 41.7361
    endloop
  endfacet
  facet normal 1 0 0
    outer loop
      vertex 14 3 43
      vertex 14 2.32104 40.78
      vertex 14 3 3
    endloop
  endfacet
  facet normal 1 -0 0
    outer loop
      vertex 14 2.23612 40.575
      vertex 14 3 3
      vertex 14 2.32104 40.78
    endloop
  endfacet
  facet normal 1 -0 0
    outer loop
      vertex 14 2.10104 40.399
      vertex 14 3 3
      vertex 14 2.23612 40.575
    endloop
  endfacet
  facet normal 1 -0 0
    outer loop
      vertex 14 1.925 40.2639
      vertex 14 3 3
      vertex 14 2.10104 40.399
    endloop
  endfacet
  facet normal 1 -0 0
    outer loop
      vertex 14 1.72 40.179
      vertex 14 3 3
      vertex 14 1.925 40.2639
    endloop
  endfacet
  facet normal 1 -0 0
    outer loop
      vertex 14 1.5 40.15
      vertex 14 3 3
      vertex 14 1.72 40.179
    endloop
  endfacet
  facet normal 1 0 0
    outer loop
      vertex 14 -1.2 3
      vertex 14 1.5 40.15
      vertex 14 1.28 40.179
    endloop
  endfacet
  facet normal 1 0 0
    outer loop
      vertex 14 -1.2 3
      vertex 14 1.28 40.179
      vertex 14 1.075 40.2639
    endloop
  endfacet
  facet normal 1 0 0
    outer loop
      vertex 14 -1.2 3
      vertex 14 1.075 40.2639
      vertex 14 0.898959 40.399
    endloop
  endfacet
  facet normal 1 0 0
    outer loop
      vertex 14 -1.2 3
      vertex 14 0.898959 40.399
      vertex 14 0.763878 40.575
    endloop
  endfacet
  facet normal 1 0 0
    outer loop
      vertex 14 -1.2 43
      vertex 14 0.763878 40.575
      vertex 14 0.678963 40.78
    endloop
  endfacet
  facet normal 1 0 0
    outer loop
      vertex 14 -1.2 43
      vertex 14 0.678963 40.78
      vertex 14 0.65 41
    endloop
  endfacet
  facet normal 1 0 0
    outer loop
      vertex 14 0.763878 40.575
      vertex 14 -1.2 43
      vertex 14 -1.2 3
    endloop
  endfacet
  facet normal 1 0 0
    outer loop
      vertex 14 1.5 40.15
      vertex 14 -1.2 3
      vertex 14 3 3
    endloop
  endfacet
  facet normal 0 0 -1
    outer loop
      vertex 80 -1.2 43
      vertex 79 2.6 43
      vertex 80 3 43
    endloop
  endfacet
  facet normal 0 0 -1
    outer loop
      vertex 80 -1.2 43
      vertex 78.4 2.6 43
      vertex 79 2.6 43
    endloop
  endfacet
  facet normal 0 0 -1
    outer loop
      vertex 78.4 2.6 43
      vertex 71 2.6 43
      vertex 78.4 3 43
    endloop
  endfacet
  facet normal 0 0 -1
    outer loop
      vertex 80 -1.2 43
      vertex 71 2.6 43
      vertex 78.4 2.6 43
    endloop
  endfacet
  facet normal 0 0 -1
    outer loop
      vertex 80 -1.2 43
      vertex 70.4 2.6 43
      vertex 71 2.6 43
    endloop
  endfacet
  facet normal 0 0 -1
    outer loop
      vertex 70.4 2.6 43
      vertex 63 2.6 43
      vertex 70.4 3 43
    endloop
  endfacet
  facet normal 0 0 -1
    outer loop
      vertex 80 -1.2 43
      vertex 63 2.6 43
      vertex 70.4 2.6 43
    endloop
  endfacet
  facet normal 0 0 -1
    outer loop
      vertex 80 -1.2 43
      vertex 62.4 2.6 43
      vertex 63 2.6 43
    endloop
  endfacet
  facet normal 0 0 -1
    outer loop
      vertex 62.4 2.6 43
      vertex 55 2.6 43
      vertex 62.4 3 43
    endloop
  endfacet
  facet normal 0 0 -1
    outer loop
      vertex 80 -1.2 43
      vertex 55 2.6 43
      vertex 62.4 2.6 43
    endloop
  endfacet
  facet normal 0 0 -1
    outer loop
      vertex 80 -1.2 43
      vertex 54.4 2.6 43
      vertex 55 2.6 43
    endloop
  endfacet
  facet normal 0 0 -1
    outer loop
      vertex 54.4 2.6 43
      vertex 47 2.6 43
      vertex 54.4 3 43
    endloop
  endfacet
  facet normal 0 0 -1
    outer loop
      vertex 80 -1.2 43
      vertex 47 2.6 43
      vertex 54.4 2.6 43
    endloop
  endfacet
  facet normal 0 0 -1
    outer loop
      vertex 80 -1.2 43
      vertex 46.4 2.6 43
      vertex 47 2.6 43
    endloop
  endfacet
  facet normal 0 0 -1
    outer loop
      vertex 46.4 2.6 43
      vertex 39 2.6 43
      vertex 46.4 3 43
    endloop
  endfacet
  facet normal 0 0 -1
    outer loop
      vertex 14 -1.2 43
      vertex 46.4 2.6 43
      vertex 80 -1.2 43
    endloop
  endfacet
  facet normal -0 0 -1
    outer loop
      vertex 46.4 2.6 43
      vertex 14 -1.2 43
      vertex 39 2.6 43
    endloop
  endfacet
  facet normal 0 0 -1
    outer loop
      vertex 38.4 2.6 43
      vertex 31 2.6 43
      vertex 38.4 3 43
    endloop
  endfacet
  facet normal -0 0 -1
    outer loop
      vertex 39 2.6 43
      vertex 14 -1.2 43
      vertex 38.4 2.6 43
    endloop
  endfacet
  facet normal -0 0 -1
    outer loop
      vertex 38.4 2.6 43
      vertex 14 -1.2 43
      vertex 31 2.6 43
    endloop
  endfacet
  facet normal 0 0 -1
    outer loop
      vertex 30.4 2.6 43
      vertex 23 2.6 43
      vertex 30.4 3 43
    endloop
  endfacet
  facet normal -0 0 -1
    outer loop
      vertex 31 2.6 43
      vertex 14 -1.2 43
      vertex 30.4 2.6 43
    endloop
  endfacet
  facet normal -0 0 -1
    outer loop
      vertex 30.4 2.6 43
      vertex 14 -1.2 43
      vertex 23 2.6 43
    endloop
  endfacet
  facet normal 0 0 -1
    outer loop
      vertex 22.4 2.6 43
      vertex 15 2.6 43
      vertex 22.4 3 43
    endloop
  endfacet
  facet normal -0 0 -1
    outer loop
      vertex 23 2.6 43
      vertex 14 -1.2 43
      vertex 22.4 2.6 43
    endloop
  endfacet
  facet normal -0 0 -1
    outer loop
      vertex 22.4 2.6 43
      vertex 14 -1.2 43
      vertex 15 2.6 43
    endloop
  endfacet
  facet normal -0 0 -1
    outer loop
      vertex 15 2.6 43
      vertex 14 -1.2 43
      vertex 14.4 2.6 43
    endloop
  endfacet
  facet normal 0 0 -1
    outer loop
      vertex 14 3 43
      vertex 14.4 2.6 43
      vertex 14 -1.2 43
    endloop
  endfacet
  facet normal 0 0 -1
    outer loop
      vertex 14.4 2.6 43
      vertex 14 3 43
      vertex 14.4 3 43
    endloop
  endfacet
  facet normal -0 0 -1
    outer loop
      vertex 80 3 43
      vertex 79 2.6 43
      vertex 79 3 43
    endloop
  endfacet
  facet normal -0 0 -1
    outer loop
      vertex 78.4 3 43
      vertex 71 2.6 43
      vertex 71 3 43
    endloop
  endfacet
  facet normal -0 0 -1
    outer loop
      vertex 70.4 3 43
      vertex 63 2.6 43
      vertex 63 3 43
    endloop
  endfacet
  facet normal -0 0 -1
    outer loop
      vertex 62.4 3 43
      vertex 55 2.6 43
      vertex 55 3 43
    endloop
  endfacet
  facet normal -0 0 -1
    outer loop
      vertex 54.4 3 43
      vertex 47 2.6 43
      vertex 47 3 43
    endloop
  endfacet
  facet normal -0 0 -1
    outer loop
      vertex 46.4 3 43
      vertex 39 2.6 43
      vertex 39 3 43
    endloop
  endfacet
  facet normal -0 0 -1
    outer loop
      vertex 38.4 3 43
      vertex 31 2.6 43
      vertex 31 3 43
    endloop
  endfacet
  facet normal -0 0 -1
    outer loop
      vertex 30.4 3 43
      vertex 23 2.6 43
      vertex 23 3 43
    endloop
  endfacet
  facet normal -0 0 -1
    outer loop
      vertex 22.4 3 43
      vertex 15 2.6 43
      vertex 15 3 43
    endloop
  endfacet
  facet normal 1 -0 0
    outer loop
      vertex 66 112 47
      vertex 66 113.2 19.2
      vertex 66 113.2 47
    endloop
  endfacet
  facet normal 1 0 0
    outer loop
      vertex 66 113.2 19.2
      vertex 66 112 47
      vertex 66 112 19.2
    endloop
  endfacet
  facet normal 0 0 1
    outer loop
      vertex 66 113.2 47
      vertex 63 112.8 47
      vertex 66 112 47
    endloop
  endfacet
  facet normal 0 0 1
    outer loop
      vertex 66 113.2 47
      vertex 61.4 112.8 47
      vertex 63 112.8 47
    endloop
  endfacet
  facet normal 0 0 1
    outer loop
      vertex 61.4 112.8 47
      vertex 55 112.8 47
      vertex 61.4 112 47
    endloop
  endfacet
  facet normal 0 0 1
    outer loop
      vertex 66 113.2 47
      vertex 55 112.8 47
      vertex 61.4 112.8 47
    endloop
  endfacet
  facet normal 0 0 1
    outer loop
      vertex 66 113.2 47
      vertex 53.4 112.8 47
      vertex 55 112.8 47
    endloop
  endfacet
  facet normal 0 0 1
    outer loop
      vertex 53.4 112.8 47
      vertex 47 112.8 47
      vertex 53.4 112 47
    endloop
  endfacet
  facet normal 0 0 1
    outer loop
      vertex 66 113.2 47
      vertex 47 112.8 47
      vertex 53.4 112.8 47
    endloop
  endfacet
  facet normal 0 0 1
    outer loop
      vertex 66 113.2 47
      vertex 45.4 112.8 47
      vertex 47 112.8 47
    endloop
  endfacet
  facet normal 0 0 1
    outer loop
      vertex 45.4 112.8 47
      vertex 39 112.8 47
      vertex 45.4 112 47
    endloop
  endfacet
  facet normal -0 0 1
    outer loop
      vertex 28 113.2 47
      vertex 45.4 112.8 47
      vertex 66 113.2 47
    endloop
  endfacet
  facet normal 0 0 1
    outer loop
      vertex 45.4 112.8 47
      vertex 28 113.2 47
      vertex 39 112.8 47
    endloop
  endfacet
  facet normal 0 0 1
    outer loop
      vertex 37.4 112.8 47
      vertex 31 112.8 47
      vertex 37.4 112 47
    endloop
  endfacet
  facet normal 0 0 1
    outer loop
      vertex 39 112.8 47
      vertex 28 113.2 47
      vertex 37.4 112.8 47
    endloop
  endfacet
  facet normal 0 0 1
    outer loop
      vertex 37.4 112.8 47
      vertex 28 113.2 47
      vertex 31 112.8 47
    endloop
  endfacet
  facet normal 0 0 1
    outer loop
      vertex 31 112.8 47
      vertex 28 113.2 47
      vertex 29.4 112.8 47
    endloop
  endfacet
  facet normal 0 0 1
    outer loop
      vertex 28 112 47
      vertex 29.4 112.8 47
      vertex 28 113.2 47
    endloop
  endfacet
  facet normal 0 0 1
    outer loop
      vertex 29.4 112.8 47
      vertex 28 112 47
      vertex 29.4 112 47
    endloop
  endfacet
  facet normal 0 0 1
    outer loop
      vertex 66 112 47
      vertex 63 112.8 47
      vertex 63 112 47
    endloop
  endfacet
  facet normal 0 0 1
    outer loop
      vertex 61.4 112 47
      vertex 55 112.8 47
      vertex 55 112 47
    endloop
  endfacet
  facet normal 0 0 1
    outer loop
      vertex 53.4 112 47
      vertex 47 112.8 47
      vertex 47 112 47
    endloop
  endfacet
  facet normal 0 0 1
    outer loop
      vertex 45.4 112 47
      vertex 39 112.8 47
      vertex 39 112 47
    endloop
  endfacet
  facet normal 0 0 1
    outer loop
      vertex 37.4 112 47
      vertex 31 112.8 47
      vertex 31 112 47
    endloop
  endfacet
  facet normal -1 0 0
    outer loop
      vertex 28 113.154 32.1584
      vertex 28 113.2 47
      vertex 28 113.2 32.1508
    endloop
  endfacet
  facet normal -1 0 0
    outer loop
      vertex 28 113.133 32.1618
      vertex 28 113.2 47
      vertex 28 113.154 32.1584
    endloop
  endfacet
  facet normal -1 0 0
    outer loop
      vertex 28 113.109 32.1643
      vertex 28 113.2 47
      vertex 28 113.133 32.1618
    endloop
  endfacet
  facet normal -1 0 0
    outer loop
      vertex 28 113.008 32.1747
      vertex 28 113.2 47
      vertex 28 113.109 32.1643
    endloop
  endfacet
  facet normal -1 0 0
    outer loop
      vertex 28 112.928 32.1776
      vertex 28 113.2 47
      vertex 28 113.008 32.1747
    endloop
  endfacet
  facet normal -1 0 0
    outer loop
      vertex 28 112.9 32.1785
      vertex 28 113.2 47
      vertex 28 112.928 32.1776
    endloop
  endfacet
  facet normal -1 0 0
    outer loop
      vertex 28 112.872 32.1776
      vertex 28 113.2 47
      vertex 28 112.9 32.1785
    endloop
  endfacet
  facet normal -1 0 0
    outer loop
      vertex 28 112.792 32.1747
      vertex 28 113.2 47
      vertex 28 112.872 32.1776
    endloop
  endfacet
  facet normal -1 0 0
    outer loop
      vertex 28 112 47
      vertex 28 112.792 32.1747
      vertex 28 112.691 32.1643
    endloop
  endfacet
  facet normal -1 0 0
    outer loop
      vertex 28 112 47
      vertex 28 112.691 32.1643
      vertex 28 112.667 32.1618
    endloop
  endfacet
  facet normal -1 0 0
    outer loop
      vertex 28 112 47
      vertex 28 112.667 32.1618
      vertex 28 112.646 32.1584
    endloop
  endfacet
  facet normal -1 0 0
    outer loop
      vertex 28 112 47
      vertex 28 112.646 32.1584
      vertex 28 112.497 32.1338
    endloop
  endfacet
  facet normal -1 0 0
    outer loop
      vertex 28 112 47
      vertex 28 112.497 32.1338
      vertex 28 112.444 32.1225
    endloop
  endfacet
  facet normal -1 0 0
    outer loop
      vertex 28 112 47
      vertex 28 112.444 32.1225
      vertex 28 112.33 32.0695
    endloop
  endfacet
  facet normal -1 0 0
    outer loop
      vertex 28 112 47
      vertex 28 112.33 32.0695
      vertex 28 112.202 32.0105
    endloop
  endfacet
  facet normal -1 0 0
    outer loop
      vertex 28 112 47
      vertex 28 112.202 32.0105
      vertex 28 112.121 31.9669
    endloop
  endfacet
  facet normal -1 0 0
    outer loop
      vertex 28 112 47
      vertex 28 112.121 31.9669
      vertex 28 112.022 31.9137
    endloop
  endfacet
  facet normal -1 0 0
    outer loop
      vertex 28 112 47
      vertex 28 112.022 31.9137
      vertex 28 112 31.8934
    endloop
  endfacet
  facet normal -1 0 0
    outer loop
      vertex 28 112.792 32.1747
      vertex 28 112 47
      vertex 28 113.2 47
    endloop
  endfacet
  facet normal -1 0 0
    outer loop
      vertex 28 113.2 19.2
      vertex 28 113.154 29.1302
      vertex 28 113.2 29.1378
    endloop
  endfacet
  facet normal -1 0 0
    outer loop
      vertex 28 113.2 19.2
      vertex 28 113.133 29.1268
      vertex 28 113.154 29.1302
    endloop
  endfacet
  facet normal -1 0 0
    outer loop
      vertex 28 113.2 19.2
      vertex 28 113.109 29.1243
      vertex 28 113.133 29.1268
    endloop
  endfacet
  facet normal -1 0 0
    outer loop
      vertex 28 113.2 19.2
      vertex 28 113.008 29.1139
      vertex 28 113.109 29.1243
    endloop
  endfacet
  facet normal -1 0 0
    outer loop
      vertex 28 113.2 19.2
      vertex 28 112.928 29.111
      vertex 28 113.008 29.1139
    endloop
  endfacet
  facet normal -1 0 0
    outer loop
      vertex 28 113.2 19.2
      vertex 28 112.9 29.1101
      vertex 28 112.928 29.111
    endloop
  endfacet
  facet normal -1 0 0
    outer loop
      vertex 28 113.2 19.2
      vertex 28 112.872 29.111
      vertex 28 112.9 29.1101
    endloop
  endfacet
  facet normal -1 0 0
    outer loop
      vertex 28 113.2 19.2
      vertex 28 112.792 29.1139
      vertex 28 112.872 29.111
    endloop
  endfacet
  facet normal -1 0 0
    outer loop
      vertex 28 112 19.2
      vertex 28 112.792 29.1139
      vertex 28 113.2 19.2
    endloop
  endfacet
  facet normal -1 -0 0
    outer loop
      vertex 28 112.792 29.1139
      vertex 28 112 19.2
      vertex 28 112.691 29.1243
    endloop
  endfacet
  facet normal -1 -0 0
    outer loop
      vertex 28 112.691 29.1243
      vertex 28 112 19.2
      vertex 28 112.667 29.1268
    endloop
  endfacet
  facet normal -1 -0 0
    outer loop
      vertex 28 112.667 29.1268
      vertex 28 112 19.2
      vertex 28 112.646 29.1302
    endloop
  endfacet
  facet normal -1 -0 0
    outer loop
      vertex 28 112.646 29.1302
      vertex 28 112 19.2
      vertex 28 112.497 29.1548
    endloop
  endfacet
  facet normal -1 -0 0
    outer loop
      vertex 28 112.497 29.1548
      vertex 28 112 19.2
      vertex 28 112.444 29.1661
    endloop
  endfacet
  facet normal -1 -0 0
    outer loop
      vertex 28 112.444 29.1661
      vertex 28 112 19.2
      vertex 28 112.33 29.2191
    endloop
  endfacet
  facet normal -1 -0 0
    outer loop
      vertex 28 112.33 29.2191
      vertex 28 112 19.2
      vertex 28 112.202 29.2781
    endloop
  endfacet
  facet normal -1 -0 0
    outer loop
      vertex 28 112.202 29.2781
      vertex 28 112 19.2
      vertex 28 112.121 29.3216
    endloop
  endfacet
  facet normal -1 -0 0
    outer loop
      vertex 28 112.121 29.3216
      vertex 28 112 19.2
      vertex 28 112.022 29.3749
    endloop
  endfacet
  facet normal -1 -0 0
    outer loop
      vertex 28 112.022 29.3749
      vertex 28 112 19.2
      vertex 28 112 29.3952
    endloop
  endfacet
  facet normal 0 1 0
    outer loop
      vertex 30 113.2 45
      vertex 28.4409 113.2 32.2048
      vertex 28.4032 113.2 32.2062
    endloop
  endfacet
  facet normal 0 1 0
    outer loop
      vertex 30 113.2 45
      vertex 28.4836 113.2 32.2033
      vertex 28.4409 113.2 32.2048
    endloop
  endfacet
  facet normal 0 1 0
    outer loop
      vertex 30 113.2 45
      vertex 28.5326 113.2 32.1983
      vertex 28.4836 113.2 32.2033
    endloop
  endfacet
  facet normal 0 1 0
    outer loop
      vertex 30 113.2 45
      vertex 28.5764 113.2 32.1937
      vertex 28.5326 113.2 32.1983
    endloop
  endfacet
  facet normal 0 1 0
    outer loop
      vertex 30 113.2 45
      vertex 28.614 113.2 32.1876
      vertex 28.5764 113.2 32.1937
    endloop
  endfacet
  facet normal 0 1 0
    outer loop
      vertex 30 113.2 45
      vertex 28.7032 113.2 32.1729
      vertex 28.614 113.2 32.1876
    endloop
  endfacet
  facet normal 0 1 0
    outer loop
      vertex 30 113.2 45
      vertex 28.9186 113.2 32.1267
      vertex 28.7032 113.2 32.1729
    endloop
  endfacet
  facet normal 0 1 0
    outer loop
      vertex 30 113.2 45
      vertex 28.9228 113.2 32.1258
      vertex 28.9186 113.2 32.1267
    endloop
  endfacet
  facet normal 0 1 0
    outer loop
      vertex 30 113.2 45
      vertex 28.9254 113.2 32.1251
      vertex 28.9228 113.2 32.1258
    endloop
  endfacet
  facet normal 0 1 0
    outer loop
      vertex 30 113.2 45
      vertex 28.936 113.2 32.1225
      vertex 28.9254 113.2 32.1251
    endloop
  endfacet
  facet normal 0 1 0
    outer loop
      vertex 30 113.2 45
      vertex 29.1032 113.2 32.0325
      vertex 28.936 113.2 32.1225
    endloop
  endfacet
  facet normal 0 1 0
    outer loop
      vertex 30 113.2 45
      vertex 29.3242 113.2 31.9137
      vertex 29.1032 113.2 32.0325
    endloop
  endfacet
  facet normal 0 1 0
    outer loop
      vertex 30 113.2 45
      vertex 29.5228 113.2 31.7286
      vertex 29.3242 113.2 31.9137
    endloop
  endfacet
  facet normal 0 1 0
    outer loop
      vertex 30 113.2 45
      vertex 29.6074 113.2 31.644
      vertex 29.5228 113.2 31.7286
    endloop
  endfacet
  facet normal 0 1 0
    outer loop
      vertex 30 113.2 45
      vertex 29.6331 113.2 31.6183
      vertex 29.6074 113.2 31.644
    endloop
  endfacet
  facet normal 0 1 0
    outer loop
      vertex 30 113.2 45
      vertex 29.6512 113.2 31.5869
      vertex 29.6331 113.2 31.6183
    endloop
  endfacet
  facet normal 0 1 0
    outer loop
      vertex 30 113.2 45
      vertex 29.8419 113.2 31.2566
      vertex 29.6512 113.2 31.5869
    endloop
  endfacet
  facet normal 0 1 0
    outer loop
      vertex 30 113.2 45
      vertex 29.9209 113.2 30.9618
      vertex 29.8419 113.2 31.2566
    endloop
  endfacet
  facet normal 0 1 0
    outer loop
      vertex 30 113.2 45
      vertex 29.95 113.2 30.8531
      vertex 29.9209 113.2 30.9618
    endloop
  endfacet
  facet normal 0 1 0
    outer loop
      vertex 30 113.2 45
      vertex 29.95 113.2 30.4354
      vertex 29.95 113.2 30.8531
    endloop
  endfacet
  facet normal 0 1 0
    outer loop
      vertex 30 113.2 21
      vertex 29.9209 113.2 30.3268
      vertex 29.95 113.2 30.4354
    endloop
  endfacet
  facet normal 0 1 0
    outer loop
      vertex 30 113.2 21
      vertex 29.6512 113.2 29.7017
      vertex 29.8419 113.2 30.032
    endloop
  endfacet
  facet normal 0 1 0
    outer loop
      vertex 30 113.2 21
      vertex 29.6074 113.2 29.6446
      vertex 29.6331 113.2 29.6703
    endloop
  endfacet
  facet normal 0 1 0
    outer loop
      vertex 28.4409 113.2 29.0837
      vertex 30 113.2 21
      vertex 28.4032 113.2 29.0824
    endloop
  endfacet
  facet normal 0 1 0
    outer loop
      vertex 28.4836 113.2 29.0852
      vertex 30 113.2 21
      vertex 28.4409 113.2 29.0837
    endloop
  endfacet
  facet normal 0 1 0
    outer loop
      vertex 28.5326 113.2 29.0903
      vertex 30 113.2 21
      vertex 28.4836 113.2 29.0852
    endloop
  endfacet
  facet normal 0 1 0
    outer loop
      vertex 28.5764 113.2 29.0948
      vertex 30 113.2 21
      vertex 28.5326 113.2 29.0903
    endloop
  endfacet
  facet normal 0 1 0
    outer loop
      vertex 28.614 113.2 29.101
      vertex 30 113.2 21
      vertex 28.5764 113.2 29.0948
    endloop
  endfacet
  facet normal 0 1 0
    outer loop
      vertex 28.7032 113.2 29.1157
      vertex 30 113.2 21
      vertex 28.614 113.2 29.101
    endloop
  endfacet
  facet normal 0 1 0
    outer loop
      vertex 28.9186 113.2 29.1619
      vertex 30 113.2 21
      vertex 28.7032 113.2 29.1157
    endloop
  endfacet
  facet normal 0 1 0
    outer loop
      vertex 28.9228 113.2 29.1628
      vertex 30 113.2 21
      vertex 28.9186 113.2 29.1619
    endloop
  endfacet
  facet normal 0 1 0
    outer loop
      vertex 28.9254 113.2 29.1634
      vertex 30 113.2 21
      vertex 28.9228 113.2 29.1628
    endloop
  endfacet
  facet normal 0 1 0
    outer loop
      vertex 28.936 113.2 29.1661
      vertex 30 113.2 21
      vertex 28.9254 113.2 29.1634
    endloop
  endfacet
  facet normal 0 1 0
    outer loop
      vertex 29.1032 113.2 29.256
      vertex 30 113.2 21
      vertex 28.936 113.2 29.1661
    endloop
  endfacet
  facet normal 0 1 0
    outer loop
      vertex 29.3242 113.2 29.3749
      vertex 30 113.2 21
      vertex 29.1032 113.2 29.256
    endloop
  endfacet
  facet normal 0 1 0
    outer loop
      vertex 29.5228 113.2 29.56
      vertex 30 113.2 21
      vertex 29.3242 113.2 29.3749
    endloop
  endfacet
  facet normal 0 1 0
    outer loop
      vertex 29.6074 113.2 29.6446
      vertex 30 113.2 21
      vertex 29.5228 113.2 29.56
    endloop
  endfacet
  facet normal 0 1 0
    outer loop
      vertex 29.6512 113.2 29.7017
      vertex 30 113.2 21
      vertex 29.6331 113.2 29.6703
    endloop
  endfacet
  facet normal 0 1 0
    outer loop
      vertex 29.9209 113.2 30.3268
      vertex 30 113.2 21
      vertex 29.8419 113.2 30.032
    endloop
  endfacet
  facet normal 0 1 -0
    outer loop
      vertex 30 113.2 21
      vertex 29.95 113.2 30.4354
      vertex 30 113.2 45
    endloop
  endfacet
  facet normal 0 1 0
    outer loop
      vertex 66 113.2 47
      vertex 64 113.2 45
      vertex 28 113.2 47
    endloop
  endfacet
  facet normal 0 1 -0
    outer loop
      vertex 66 113.2 19.2
      vertex 64 113.2 45
      vertex 66 113.2 47
    endloop
  endfacet
  facet normal 0 1 0
    outer loop
      vertex 64 113.2 21
      vertex 47.8285 113.2 20.7627
      vertex 47.8285 113.2 21
    endloop
  endfacet
  facet normal 0 1 0
    outer loop
      vertex 64 113.2 21
      vertex 47.7994 113.2 20.654
      vertex 47.8285 113.2 20.7627
    endloop
  endfacet
  facet normal 0 1 0
    outer loop
      vertex 64 113.2 21
      vertex 47.7204 113.2 20.3592
      vertex 47.7994 113.2 20.654
    endloop
  endfacet
  facet normal 0 1 0
    outer loop
      vertex 64 113.2 21
      vertex 47.5297 113.2 20.0289
      vertex 47.7204 113.2 20.3592
    endloop
  endfacet
  facet normal 0 1 0
    outer loop
      vertex 64 113.2 21
      vertex 47.5116 113.2 19.9975
      vertex 47.5297 113.2 20.0289
    endloop
  endfacet
  facet normal 0 1 0
    outer loop
      vertex 64 113.2 21
      vertex 47.4859 113.2 19.9718
      vertex 47.5116 113.2 19.9975
    endloop
  endfacet
  facet normal 0 1 0
    outer loop
      vertex 64 113.2 21
      vertex 47.4013 113.2 19.8872
      vertex 47.4859 113.2 19.9718
    endloop
  endfacet
  facet normal 0 1 0
    outer loop
      vertex 66 113.2 19.2
      vertex 47.4013 113.2 19.8872
      vertex 64 113.2 21
    endloop
  endfacet
  facet normal 0 1 0
    outer loop
      vertex 47.4013 113.2 19.8872
      vertex 66 113.2 19.2
      vertex 47.2027 113.2 19.7022
    endloop
  endfacet
  facet normal 0 1 0
    outer loop
      vertex 47.2027 113.2 19.7022
      vertex 66 113.2 19.2
      vertex 46.9817 113.2 19.5833
    endloop
  endfacet
  facet normal 0 1 0
    outer loop
      vertex 46.9817 113.2 19.5833
      vertex 66 113.2 19.2
      vertex 46.8145 113.2 19.4933
    endloop
  endfacet
  facet normal 0 1 0
    outer loop
      vertex 46.8145 113.2 19.4933
      vertex 66 113.2 19.2
      vertex 46.8039 113.2 19.4907
    endloop
  endfacet
  facet normal 0 1 0
    outer loop
      vertex 46.8039 113.2 19.4907
      vertex 66 113.2 19.2
      vertex 46.8013 113.2 19.49
    endloop
  endfacet
  facet normal 0 1 0
    outer loop
      vertex 46.8013 113.2 19.49
      vertex 66 113.2 19.2
      vertex 46.7971 113.2 19.4891
    endloop
  endfacet
  facet normal 0 1 0
    outer loop
      vertex 46.7971 113.2 19.4891
      vertex 66 113.2 19.2
      vertex 46.5817 113.2 19.4429
    endloop
  endfacet
  facet normal 0 1 0
    outer loop
      vertex 46.5817 113.2 19.4429
      vertex 66 113.2 19.2
      vertex 46.4925 113.2 19.4283
    endloop
  endfacet
  facet normal 0 1 0
    outer loop
      vertex 46.4925 113.2 19.4283
      vertex 66 113.2 19.2
      vertex 46.4549 113.2 19.4221
    endloop
  endfacet
  facet normal 0 1 0
    outer loop
      vertex 46.4549 113.2 19.4221
      vertex 66 113.2 19.2
      vertex 46.4112 113.2 19.4175
    endloop
  endfacet
  facet normal 0 1 0
    outer loop
      vertex 46.3195 113.2 19.411
      vertex 66 113.2 19.2
      vertex 46.2817 113.2 19.4096
    endloop
  endfacet
  facet normal 0 1 0
    outer loop
      vertex 46.3621 113.2 19.4125
      vertex 66 113.2 19.2
      vertex 46.3195 113.2 19.411
    endloop
  endfacet
  facet normal 0 1 0
    outer loop
      vertex 46.4112 113.2 19.4175
      vertex 66 113.2 19.2
      vertex 46.3621 113.2 19.4125
    endloop
  endfacet
  facet normal 0 1 0
    outer loop
      vertex 64 113.2 45
      vertex 66 113.2 19.2
      vertex 64 113.2 21
    endloop
  endfacet
  facet normal 0 1 -0
    outer loop
      vertex 30 113.2 45
      vertex 28 113.2 47
      vertex 64 113.2 45
    endloop
  endfacet
  facet normal 0 1 0
    outer loop
      vertex 28.3654 113.2 32.2048
      vertex 30 113.2 45
      vertex 28.4032 113.2 32.2062
    endloop
  endfacet
  facet normal 0 1 0
    outer loop
      vertex 28.3228 113.2 32.2033
      vertex 30 113.2 45
      vertex 28.3654 113.2 32.2048
    endloop
  endfacet
  facet normal 0 1 0
    outer loop
      vertex 28.2737 113.2 32.1983
      vertex 30 113.2 45
      vertex 28.3228 113.2 32.2033
    endloop
  endfacet
  facet normal 0 1 0
    outer loop
      vertex 28.23 113.2 32.1937
      vertex 30 113.2 45
      vertex 28.2737 113.2 32.1983
    endloop
  endfacet
  facet normal 0 1 0
    outer loop
      vertex 28.1924 113.2 32.1876
      vertex 30 113.2 45
      vertex 28.23 113.2 32.1937
    endloop
  endfacet
  facet normal 0 1 0
    outer loop
      vertex 28.1032 113.2 32.1729
      vertex 30 113.2 45
      vertex 28.1924 113.2 32.1876
    endloop
  endfacet
  facet normal 0 1 0
    outer loop
      vertex 28 113.2 32.1508
      vertex 30 113.2 45
      vertex 28.1032 113.2 32.1729
    endloop
  endfacet
  facet normal 0 1 0
    outer loop
      vertex 30 113.2 45
      vertex 28 113.2 32.1508
      vertex 28 113.2 47
    endloop
  endfacet
  facet normal 0 1 0
    outer loop
      vertex 30 113.2 21
      vertex 28.3654 113.2 29.0837
      vertex 28.4032 113.2 29.0824
    endloop
  endfacet
  facet normal 0 1 0
    outer loop
      vertex 30 113.2 21
      vertex 28.3228 113.2 29.0852
      vertex 28.3654 113.2 29.0837
    endloop
  endfacet
  facet normal 0 1 0
    outer loop
      vertex 30 113.2 21
      vertex 28.2737 113.2 29.0903
      vertex 28.3228 113.2 29.0852
    endloop
  endfacet
  facet normal 0 1 0
    outer loop
      vertex 30 113.2 21
      vertex 28.23 113.2 29.0948
      vertex 28.2737 113.2 29.0903
    endloop
  endfacet
  facet normal 0 1 0
    outer loop
      vertex 30 113.2 21
      vertex 28.1924 113.2 29.101
      vertex 28.23 113.2 29.0948
    endloop
  endfacet
  facet normal 0 1 0
    outer loop
      vertex 30 113.2 21
      vertex 28.1032 113.2 29.1157
      vertex 28.1924 113.2 29.101
    endloop
  endfacet
  facet normal 0 1 0
    outer loop
      vertex 30 113.2 21
      vertex 28 113.2 29.1378
      vertex 28.1032 113.2 29.1157
    endloop
  endfacet
  facet normal 0 1 0
    outer loop
      vertex 44.8196 113.2 20.4463
      vertex 30 113.2 21
      vertex 44.7349 113.2 20.7627
    endloop
  endfacet
  facet normal 0 1 0
    outer loop
      vertex 44.843 113.2 20.3592
      vertex 30 113.2 21
      vertex 44.8196 113.2 20.4463
    endloop
  endfacet
  facet normal 0 1 0
    outer loop
      vertex 44.8881 113.2 20.2811
      vertex 30 113.2 21
      vertex 44.843 113.2 20.3592
    endloop
  endfacet
  facet normal 0 1 0
    outer loop
      vertex 45.0518 113.2 19.9975
      vertex 30 113.2 21
      vertex 44.8881 113.2 20.2811
    endloop
  endfacet
  facet normal 0 1 0
    outer loop
      vertex 45.1621 113.2 19.8872
      vertex 30 113.2 21
      vertex 45.0518 113.2 19.9975
    endloop
  endfacet
  facet normal 0 1 0
    outer loop
      vertex 28 113.2 19.2
      vertex 45.1621 113.2 19.8872
      vertex 45.321 113.2 19.7391
    endloop
  endfacet
  facet normal 0 1 0
    outer loop
      vertex 28 113.2 19.2
      vertex 45.321 113.2 19.7391
      vertex 45.3607 113.2 19.7022
    endloop
  endfacet
  facet normal 0 1 0
    outer loop
      vertex 28 113.2 19.2
      vertex 45.3607 113.2 19.7022
      vertex 45.7047 113.2 19.5171
    endloop
  endfacet
  facet normal 0 1 0
    outer loop
      vertex 28 113.2 19.2
      vertex 45.7047 113.2 19.5171
      vertex 45.7489 113.2 19.4933
    endloop
  endfacet
  facet normal 0 1 0
    outer loop
      vertex 28 113.2 19.2
      vertex 45.7489 113.2 19.4933
      vertex 45.7594 113.2 19.4907
    endloop
  endfacet
  facet normal 0 1 0
    outer loop
      vertex 28 113.2 19.2
      vertex 45.7594 113.2 19.4907
      vertex 45.7621 113.2 19.49
    endloop
  endfacet
  facet normal 0 1 0
    outer loop
      vertex 28 113.2 19.2
      vertex 45.7621 113.2 19.49
      vertex 45.7663 113.2 19.4891
    endloop
  endfacet
  facet normal 0 1 0
    outer loop
      vertex 28 113.2 19.2
      vertex 45.7663 113.2 19.4891
      vertex 45.9817 113.2 19.4429
    endloop
  endfacet
  facet normal 0 1 0
    outer loop
      vertex 28 113.2 19.2
      vertex 45.9817 113.2 19.4429
      vertex 46.0709 113.2 19.4283
    endloop
  endfacet
  facet normal 0 1 0
    outer loop
      vertex 28 113.2 19.2
      vertex 46.0709 113.2 19.4283
      vertex 46.1085 113.2 19.4221
    endloop
  endfacet
  facet normal 0 1 0
    outer loop
      vertex 28 113.2 19.2
      vertex 46.1085 113.2 19.4221
      vertex 46.1522 113.2 19.4175
    endloop
  endfacet
  facet normal 0 1 0
    outer loop
      vertex 28 113.2 19.2
      vertex 46.1522 113.2 19.4175
      vertex 46.2013 113.2 19.4125
    endloop
  endfacet
  facet normal 0 1 0
    outer loop
      vertex 30 113.2 21
      vertex 28 113.2 19.2
      vertex 28 113.2 29.1378
    endloop
  endfacet
  facet normal 0 1 0
    outer loop
      vertex 45.1621 113.2 19.8872
      vertex 28 113.2 19.2
      vertex 30 113.2 21
    endloop
  endfacet
  facet normal 0 1 0
    outer loop
      vertex 46.2439 113.2 19.411
      vertex 28 113.2 19.2
      vertex 46.2013 113.2 19.4125
    endloop
  endfacet
  facet normal 0 1 0
    outer loop
      vertex 46.2817 113.2 19.4096
      vertex 28 113.2 19.2
      vertex 46.2439 113.2 19.411
    endloop
  endfacet
  facet normal 0 1 0
    outer loop
      vertex 28 113.2 19.2
      vertex 46.2817 113.2 19.4096
      vertex 66 113.2 19.2
    endloop
  endfacet
  facet normal 0 1 0
    outer loop
      vertex 44.7349 113.2 21
      vertex 44.7349 113.2 20.7627
      vertex 30 113.2 21
    endloop
  endfacet
  facet normal -1 0 0
    outer loop
      vertex 64 109.4 21
      vertex 64 113.2 45
      vertex 64 113.2 21
    endloop
  endfacet
  facet normal -1 -0 0
    outer loop
      vertex 64 113.2 45
      vertex 64 109.4 21
      vertex 64 109.4 45
    endloop
  endfacet
  facet normal 1 0 0
    outer loop
      vertex 64 109 3
      vertex 64 109.4 21
      vertex 64 109 21
    endloop
  endfacet
  facet normal 1 0 0
    outer loop
      vertex 64 109.4 21
      vertex 64 109 3
      vertex 64 109.4 2
    endloop
  endfacet
  facet normal 1 0 0
    outer loop
      vertex 64 108.8 2
      vertex 64 109 3
      vertex 64 108.8 3
    endloop
  endfacet
  facet normal 1 0 0
    outer loop
      vertex 64 109 3
      vertex 64 108.8 2
      vertex 64 109.4 2
    endloop
  endfacet
  facet normal 1 -0 0
    outer loop
      vertex 64 109 55
      vertex 64 109.4 45
      vertex 64 109.4 55
    endloop
  endfacet
  facet normal 1 0 0
    outer loop
      vertex 64 109.4 45
      vertex 64 109 55
      vertex 64 109 45
    endloop
  endfacet
  facet normal 0 0 -1
    outer loop
      vertex 32 109 45
      vertex 30 109 45
      vertex 32 109.4 45
    endloop
  endfacet
  facet normal 0 0 -1
    outer loop
      vertex 40 109 45
      vertex 32.6 109 45
      vertex 40 109.4 45
    endloop
  endfacet
  facet normal 0 0 -1
    outer loop
      vertex 48 109 45
      vertex 40.6 109 45
      vertex 48 109.4 45
    endloop
  endfacet
  facet normal 0 0 -1
    outer loop
      vertex 56 109 45
      vertex 48.6 109 45
      vertex 56 109.4 45
    endloop
  endfacet
  facet normal 0 0 -1
    outer loop
      vertex 56.6 109.4 45
      vertex 64 109.4 45
      vertex 64 109 45
    endloop
  endfacet
  facet normal 0 0 -1
    outer loop
      vertex 56.6 109.4 45
      vertex 64 109 45
      vertex 56.6 109 45
    endloop
  endfacet
  facet normal 0 0 -1
    outer loop
      vertex 64 109.4 45
      vertex 56.6 109.4 45
      vertex 64 113.2 45
    endloop
  endfacet
  facet normal 0 0 -1
    outer loop
      vertex 56 109.4 45
      vertex 64 113.2 45
      vertex 56.6 109.4 45
    endloop
  endfacet
  facet normal 0 0 -1
    outer loop
      vertex 48.6 109.4 45
      vertex 56 109.4 45
      vertex 48.6 109 45
    endloop
  endfacet
  facet normal 0 0 -1
    outer loop
      vertex 56 109.4 45
      vertex 48.6 109.4 45
      vertex 64 113.2 45
    endloop
  endfacet
  facet normal 0 0 -1
    outer loop
      vertex 48 109.4 45
      vertex 64 113.2 45
      vertex 48.6 109.4 45
    endloop
  endfacet
  facet normal 0 0 -1
    outer loop
      vertex 40.6 109.4 45
      vertex 48 109.4 45
      vertex 40.6 109 45
    endloop
  endfacet
  facet normal 0 0 -1
    outer loop
      vertex 30 113.2 45
      vertex 48 109.4 45
      vertex 40.6 109.4 45
    endloop
  endfacet
  facet normal 0 0 -1
    outer loop
      vertex 30 113.2 45
      vertex 40.6 109.4 45
      vertex 40 109.4 45
    endloop
  endfacet
  facet normal 0 0 -1
    outer loop
      vertex 32.6 109.4 45
      vertex 40 109.4 45
      vertex 32.6 109 45
    endloop
  endfacet
  facet normal 0 0 -1
    outer loop
      vertex 30 113.2 45
      vertex 40 109.4 45
      vertex 32.6 109.4 45
    endloop
  endfacet
  facet normal 0 0 -1
    outer loop
      vertex 30 113.2 45
      vertex 32.6 109.4 45
      vertex 32 109.4 45
    endloop
  endfacet
  facet normal 0 0 -1
    outer loop
      vertex 48 109.4 45
      vertex 30 113.2 45
      vertex 64 113.2 45
    endloop
  endfacet
  facet normal 0 0 -1
    outer loop
      vertex 30 113.2 45
      vertex 32 109.4 45
      vertex 30 109 45
    endloop
  endfacet
  facet normal 1 -0 0
    outer loop
      vertex 30 109 45
      vertex 30 113.2 21
      vertex 30 113.2 45
    endloop
  endfacet
  facet normal 1 0 0
    outer loop
      vertex 30 113.2 21
      vertex 30 109 45
      vertex 30 109 21
    endloop
  endfacet
  facet normal 0 0 1
    outer loop
      vertex 44.7349 113.2 21
      vertex 40.6 109.4 21
      vertex 44.6954 112.9 21
    endloop
  endfacet
  facet normal 0 0 1
    outer loop
      vertex 44.7349 113.2 21
      vertex 40 109.4 21
      vertex 40.6 109.4 21
    endloop
  endfacet
  facet normal 0 0 1
    outer loop
      vertex 40 109.4 21
      vertex 32.6 109.4 21
      vertex 40 109 21
    endloop
  endfacet
  facet normal -0 0 1
    outer loop
      vertex 30 113.2 21
      vertex 40 109.4 21
      vertex 44.7349 113.2 21
    endloop
  endfacet
  facet normal 0 0 1
    outer loop
      vertex 40 109.4 21
      vertex 30 113.2 21
      vertex 32.6 109.4 21
    endloop
  endfacet
  facet normal 0 0 1
    outer loop
      vertex 32.6 109.4 21
      vertex 30 113.2 21
      vertex 32 109.4 21
    endloop
  endfacet
  facet normal 0 0 1
    outer loop
      vertex 30 109 21
      vertex 32 109.4 21
      vertex 30 113.2 21
    endloop
  endfacet
  facet normal 0 0 1
    outer loop
      vertex 32 109.4 21
      vertex 30 109 21
      vertex 32 109 21
    endloop
  endfacet
  facet normal 0 0 1
    outer loop
      vertex 56.6 109.4 21
      vertex 64 109.4 21
      vertex 64 113.2 21
    endloop
  endfacet
  facet normal 0 0 1
    outer loop
      vertex 64 109.4 21
      vertex 56.6 109.4 21
      vertex 64 109 21
    endloop
  endfacet
  facet normal 0 0 1
    outer loop
      vertex 64 113.2 21
      vertex 56 109.4 21
      vertex 56.6 109.4 21
    endloop
  endfacet
  facet normal 0 0 1
    outer loop
      vertex 56 109.4 21
      vertex 48.6 109.4 21
      vertex 56 109 21
    endloop
  endfacet
  facet normal -0 0 1
    outer loop
      vertex 47.8285 113.2 21
      vertex 56 109.4 21
      vertex 64 113.2 21
    endloop
  endfacet
  facet normal -0 0 1
    outer loop
      vertex 47.814 112.489 21
      vertex 56 109.4 21
      vertex 47.868 112.9 21
    endloop
  endfacet
  facet normal -0 0 1
    outer loop
      vertex 47.6555 112.107 21
      vertex 48.6 109.4 21
      vertex 47.814 112.489 21
    endloop
  endfacet
  facet normal 0 0 1
    outer loop
      vertex 56 109.4 21
      vertex 47.814 112.489 21
      vertex 48.6 109.4 21
    endloop
  endfacet
  facet normal 0 0 1
    outer loop
      vertex 56 109.4 21
      vertex 47.8285 113.2 21
      vertex 47.868 112.9 21
    endloop
  endfacet
  facet normal 0 0 1
    outer loop
      vertex 64 109 21
      vertex 56.6 109.4 21
      vertex 56.6 109 21
    endloop
  endfacet
  facet normal 0 0 1
    outer loop
      vertex 56 109 21
      vertex 48.6 109.4 21
      vertex 48.6 109 21
    endloop
  endfacet
  facet normal -0 0 1
    outer loop
      vertex 47.4034 111.778 21
      vertex 48.6 109.4 21
      vertex 47.6555 112.107 21
    endloop
  endfacet
  facet normal 0 0 1
    outer loop
      vertex 48.6 109.4 21
      vertex 47.4034 111.778 21
      vertex 48 109.4 21
    endloop
  endfacet
  facet normal -0 0 1
    outer loop
      vertex 47.0748 111.526 21
      vertex 48 109.4 21
      vertex 47.4034 111.778 21
    endloop
  endfacet
  facet normal -0 0 1
    outer loop
      vertex 46.6923 111.368 21
      vertex 48 109.4 21
      vertex 47.0748 111.526 21
    endloop
  endfacet
  facet normal -0 0 1
    outer loop
      vertex 46.2817 111.314 21
      vertex 48 109.4 21
      vertex 46.6923 111.368 21
    endloop
  endfacet
  facet normal 0 0 1
    outer loop
      vertex 48 109.4 21
      vertex 46.2817 111.314 21
      vertex 48 109 21
    endloop
  endfacet
  facet normal 0 0 1
    outer loop
      vertex 45.8711 111.368 21
      vertex 48 109 21
      vertex 46.2817 111.314 21
    endloop
  endfacet
  facet normal 0 0 1
    outer loop
      vertex 40.6 109 21
      vertex 45.8711 111.368 21
      vertex 45.4885 111.526 21
    endloop
  endfacet
  facet normal 0 0 1
    outer loop
      vertex 40.6 109.4 21
      vertex 45.4885 111.526 21
      vertex 45.16 111.778 21
    endloop
  endfacet
  facet normal 0 0 1
    outer loop
      vertex 40.6 109.4 21
      vertex 44.7494 112.489 21
      vertex 44.6954 112.9 21
    endloop
  endfacet
  facet normal 0 0 1
    outer loop
      vertex 40.6 109.4 21
      vertex 44.9079 112.107 21
      vertex 44.7494 112.489 21
    endloop
  endfacet
  facet normal 0 0 1
    outer loop
      vertex 40.6 109.4 21
      vertex 45.16 111.778 21
      vertex 44.9079 112.107 21
    endloop
  endfacet
  facet normal 0 0 1
    outer loop
      vertex 45.4885 111.526 21
      vertex 40.6 109.4 21
      vertex 40.6 109 21
    endloop
  endfacet
  facet normal 0 0 1
    outer loop
      vertex 45.8711 111.368 21
      vertex 40.6 109 21
      vertex 48 109 21
    endloop
  endfacet
  facet normal 0 0 1
    outer loop
      vertex 40 109 21
      vertex 32.6 109.4 21
      vertex 32.6 109 21
    endloop
  endfacet
  facet normal 1 -0 0
    outer loop
      vertex 71.6 112 46.5
      vertex 71.6 113 19.5
      vertex 71.6 113 46.5
    endloop
  endfacet
  facet normal 1 0 0
    outer loop
      vertex 71.6 113 19.5
      vertex 71.6 112 46.5
      vertex 71.6 112 19.5
    endloop
  endfacet
  facet normal 0 0 1
    outer loop
      vertex 71.6 113 46.5
      vertex 71 112.8 46.5
      vertex 71.6 112 46.5
    endloop
  endfacet
  facet normal 0 0 1
    outer loop
      vertex 71.6 113 46.5
      vertex 69.4 112.8 46.5
      vertex 71 112.8 46.5
    endloop
  endfacet
  facet normal -0 0 1
    outer loop
      vertex 66.6 113 46.5
      vertex 69.4 112.8 46.5
      vertex 71.6 113 46.5
    endloop
  endfacet
  facet normal 0 0 1
    outer loop
      vertex 66.6 112 46.5
      vertex 69.4 112.8 46.5
      vertex 66.6 113 46.5
    endloop
  endfacet
  facet normal 0 0 1
    outer loop
      vertex 69.4 112.8 46.5
      vertex 66.6 112 46.5
      vertex 69.4 112 46.5
    endloop
  endfacet
  facet normal 0 0 1
    outer loop
      vertex 71.6 112 46.5
      vertex 71 112.8 46.5
      vertex 71 112 46.5
    endloop
  endfacet
  facet normal -1 0 0
    outer loop
      vertex 66.6 112 19.5
      vertex 66.6 113 46.5
      vertex 66.6 113 19.5
    endloop
  endfacet
  facet normal -1 -0 0
    outer loop
      vertex 66.6 113 46.5
      vertex 66.6 112 19.5
      vertex 66.6 112 46.5
    endloop
  endfacet
  facet normal 0 0 -1
    outer loop
      vertex 69.4 112 19.5
      vertex 66.6 112 19.5
      vertex 69.4 112.8 19.5
    endloop
  endfacet
  facet normal 0 0 -1
    outer loop
      vertex 71 112.8 19.5
      vertex 71.6 112 19.5
      vertex 71 112 19.5
    endloop
  endfacet
  facet normal 0 0 -1
    outer loop
      vertex 71.6 112 19.5
      vertex 71 112.8 19.5
      vertex 71.6 113 19.5
    endloop
  endfacet
  facet normal 0 0 -1
    outer loop
      vertex 69.4 112.8 19.5
      vertex 71.6 113 19.5
      vertex 71 112.8 19.5
    endloop
  endfacet
  facet normal 0 0 -1
    outer loop
      vertex 69.4 112.8 19.5
      vertex 66.6 113 19.5
      vertex 71.6 113 19.5
    endloop
  endfacet
  facet normal 0 0 -1
    outer loop
      vertex 66.6 113 19.5
      vertex 69.4 112.8 19.5
      vertex 66.6 112 19.5
    endloop
  endfacet
  facet normal 0 1 -0
    outer loop
      vertex 71.6 113 19.5
      vertex 66.6 113 46.5
      vertex 71.6 113 46.5
    endloop
  endfacet
  facet normal 0 1 0
    outer loop
      vertex 66.6 113 46.5
      vertex 71.6 113 19.5
      vertex 66.6 113 19.5
    endloop
  endfacet
  facet normal 1 -0 0
    outer loop
      vertex 27.4 112.9 29.4041
      vertex 27.4 113 19.5
      vertex 27.4 113 29.4173
    endloop
  endfacet
  facet normal 1 0 0
    outer loop
      vertex 27.4 112 19.5
      vertex 27.4 112.9 29.4041
      vertex 27.4 112.696 29.431
    endloop
  endfacet
  facet normal 1 0 0
    outer loop
      vertex 27.4 112 19.5
      vertex 27.4 112.696 29.431
      vertex 27.4 112.631 29.4395
    endloop
  endfacet
  facet normal 1 0 0
    outer loop
      vertex 27.4 112 19.5
      vertex 27.4 112.631 29.4395
      vertex 27.4 112.497 29.4911
    endloop
  endfacet
  facet normal 1 0 0
    outer loop
      vertex 27.4 112 19.5
      vertex 27.4 112.497 29.4911
      vertex 27.4 112.321 29.5593
    endloop
  endfacet
  facet normal 1 0 0
    outer loop
      vertex 27.4 112 19.5
      vertex 27.4 112.321 29.5593
      vertex 27.4 112.253 29.6011
    endloop
  endfacet
  facet normal 1 0 0
    outer loop
      vertex 27.4 112 19.5
      vertex 27.4 112.253 29.6011
      vertex 27.4 112.14 29.6703
    endloop
  endfacet
  facet normal 1 0 0
    outer loop
      vertex 27.4 112 19.5
      vertex 27.4 112.14 29.6703
      vertex 27.4 112.046 29.7701
    endloop
  endfacet
  facet normal 1 0 0
    outer loop
      vertex 27.4 112 19.5
      vertex 27.4 112.046 29.7701
      vertex 27.4 112 29.8192
    endloop
  endfacet
  facet normal 1 0 0
    outer loop
      vertex 27.4 112.9 29.4041
      vertex 27.4 112 19.5
      vertex 27.4 113 19.5
    endloop
  endfacet
  facet normal 1 0 0
    outer loop
      vertex 27.4 113 46.5
      vertex 27.4 112.9 31.8845
      vertex 27.4 113 31.8713
    endloop
  endfacet
  facet normal 1 -0 0
    outer loop
      vertex 27.4 112 46.5
      vertex 27.4 112.9 31.8845
      vertex 27.4 113 46.5
    endloop
  endfacet
  facet normal 1 0 0
    outer loop
      vertex 27.4 112.9 31.8845
      vertex 27.4 112 46.5
      vertex 27.4 112.696 31.8576
    endloop
  endfacet
  facet normal 1 0 0
    outer loop
      vertex 27.4 112.696 31.8576
      vertex 27.4 112 46.5
      vertex 27.4 112.631 31.8491
    endloop
  endfacet
  facet normal 1 0 0
    outer loop
      vertex 27.4 112.631 31.8491
      vertex 27.4 112 46.5
      vertex 27.4 112.497 31.7974
    endloop
  endfacet
  facet normal 1 0 0
    outer loop
      vertex 27.4 112.497 31.7974
      vertex 27.4 112 46.5
      vertex 27.4 112.321 31.7293
    endloop
  endfacet
  facet normal 1 0 0
    outer loop
      vertex 27.4 112.321 31.7293
      vertex 27.4 112 46.5
      vertex 27.4 112.253 31.6875
    endloop
  endfacet
  facet normal 1 0 0
    outer loop
      vertex 27.4 112.253 31.6875
      vertex 27.4 112 46.5
      vertex 27.4 112.14 31.6183
    endloop
  endfacet
  facet normal 1 0 0
    outer loop
      vertex 27.4 112.14 31.6183
      vertex 27.4 112 46.5
      vertex 27.4 112.046 31.5185
    endloop
  endfacet
  facet normal 1 0 0
    outer loop
      vertex 27.4 112.046 31.5185
      vertex 27.4 112 46.5
      vertex 27.4 112 31.4694
    endloop
  endfacet
  facet normal 0 0 1
    outer loop
      vertex 27.4 113 46.5
      vertex 23 112.8 46.5
      vertex 27.4 112 46.5
    endloop
  endfacet
  facet normal -0 0 1
    outer loop
      vertex 22.4 113 46.5
      vertex 23 112.8 46.5
      vertex 27.4 113 46.5
    endloop
  endfacet
  facet normal 0 0 1
    outer loop
      vertex 23 112.8 46.5
      vertex 22.4 113 46.5
      vertex 22.4 112.8 46.5
    endloop
  endfacet
  facet normal 0 0 1
    outer loop
      vertex 27.4 112 46.5
      vertex 23 112.8 46.5
      vertex 23 112 46.5
    endloop
  endfacet
  facet normal -1 0 0
    outer loop
      vertex 22.4 112.8 19.5
      vertex 22.4 113 46.5
      vertex 22.4 113 19.5
    endloop
  endfacet
  facet normal -1 -0 0
    outer loop
      vertex 22.4 113 46.5
      vertex 22.4 112.8 19.5
      vertex 22.4 112.8 46.5
    endloop
  endfacet
  facet normal 0 0 -1
    outer loop
      vertex 23 112.8 19.5
      vertex 27.4 112 19.5
      vertex 23 112 19.5
    endloop
  endfacet
  facet normal 0 0 -1
    outer loop
      vertex 27.4 112 19.5
      vertex 23 112.8 19.5
      vertex 27.4 113 19.5
    endloop
  endfacet
  facet normal 0 0 -1
    outer loop
      vertex 22.4 113 19.5
      vertex 23 112.8 19.5
      vertex 22.4 112.8 19.5
    endloop
  endfacet
  facet normal 0 0 -1
    outer loop
      vertex 23 112.8 19.5
      vertex 22.4 113 19.5
      vertex 27.4 113 19.5
    endloop
  endfacet
  facet normal 0 1 -0
    outer loop
      vertex 27.4 113 31.8713
      vertex 22.4 113 46.5
      vertex 27.4 113 46.5
    endloop
  endfacet
  facet normal 0 1 -0
    outer loop
      vertex 27.2641 113 31.7355
      vertex 22.4 113 46.5
      vertex 27.4 113 31.8713
    endloop
  endfacet
  facet normal 0 1 -0
    outer loop
      vertex 27.147 113 31.6183
      vertex 22.4 113 46.5
      vertex 27.2641 113 31.7355
    endloop
  endfacet
  facet normal 0 1 -0
    outer loop
      vertex 27.0924 113 31.5238
      vertex 22.4 113 46.5
      vertex 27.147 113 31.6183
    endloop
  endfacet
  facet normal 0 1 -0
    outer loop
      vertex 26.9381 113 31.2566
      vertex 22.4 113 46.5
      vertex 27.0924 113 31.5238
    endloop
  endfacet
  facet normal 0 1 -0
    outer loop
      vertex 26.8583 113 30.9586
      vertex 22.4 113 46.5
      vertex 26.9381 113 31.2566
    endloop
  endfacet
  facet normal 0 1 -0
    outer loop
      vertex 26.83 113 30.8531
      vertex 22.4 113 46.5
      vertex 26.8583 113 30.9586
    endloop
  endfacet
  facet normal 0 1 0
    outer loop
      vertex 22.4 113 19.5
      vertex 26.83 113 30.8531
      vertex 26.83 113 30.4354
    endloop
  endfacet
  facet normal 0 1 0
    outer loop
      vertex 22.4 113 19.5
      vertex 26.83 113 30.4354
      vertex 26.8583 113 30.33
    endloop
  endfacet
  facet normal 0 1 0
    outer loop
      vertex 22.4 113 19.5
      vertex 26.8583 113 30.33
      vertex 26.9381 113 30.032
    endloop
  endfacet
  facet normal 0 1 0
    outer loop
      vertex 22.4 113 19.5
      vertex 27.0924 113 29.7648
      vertex 27.147 113 29.6703
    endloop
  endfacet
  facet normal 0 1 0
    outer loop
      vertex 22.4 113 19.5
      vertex 27.2641 113 29.5531
      vertex 27.4 113 29.4173
    endloop
  endfacet
  facet normal 0 1 0
    outer loop
      vertex 22.4 113 19.5
      vertex 27.4 113 29.4173
      vertex 27.4 113 19.5
    endloop
  endfacet
  facet normal 0 1 0
    outer loop
      vertex 27.2641 113 29.5531
      vertex 22.4 113 19.5
      vertex 27.147 113 29.6703
    endloop
  endfacet
  facet normal 0 1 0
    outer loop
      vertex 27.0924 113 29.7648
      vertex 22.4 113 19.5
      vertex 26.9381 113 30.032
    endloop
  endfacet
  facet normal 0 1 0
    outer loop
      vertex 26.83 113 30.8531
      vertex 22.4 113 19.5
      vertex 22.4 113 46.5
    endloop
  endfacet
  facet normal 1 -0 0
    outer loop
      vertex 67 112 19.2
      vertex 67 114 17
      vertex 67 114 19.2
    endloop
  endfacet
  facet normal 1 0 0
    outer loop
      vertex 67 114 17
      vertex 67 112 19.2
      vertex 67 112 17
    endloop
  endfacet
  facet normal 0 0 1
    outer loop
      vertex 67 114 19.2
      vertex 66 113.2 19.2
      vertex 67 112 19.2
    endloop
  endfacet
  facet normal 0 0 1
    outer loop
      vertex 67 114 19.2
      vertex 28 113.2 19.2
      vertex 66 113.2 19.2
    endloop
  endfacet
  facet normal -0 0 1
    outer loop
      vertex 27 114 19.2
      vertex 28 113.2 19.2
      vertex 67 114 19.2
    endloop
  endfacet
  facet normal 0 0 1
    outer loop
      vertex 27 112 19.2
      vertex 28 113.2 19.2
      vertex 27 114 19.2
    endloop
  endfacet
  facet normal 0 0 1
    outer loop
      vertex 28 113.2 19.2
      vertex 27 112 19.2
      vertex 28 112 19.2
    endloop
  endfacet
  facet normal 0 0 1
    outer loop
      vertex 67 112 19.2
      vertex 66 113.2 19.2
      vertex 66 112 19.2
    endloop
  endfacet
  facet normal -1 0 0
    outer loop
      vertex 27 112 17
      vertex 27 114 19.2
      vertex 27 114 17
    endloop
  endfacet
  facet normal -1 -0 0
    outer loop
      vertex 27 114 19.2
      vertex 27 112 17
      vertex 27 112 19.2
    endloop
  endfacet
  facet normal 0 0 -1
    outer loop
      vertex 29.4 112 17
      vertex 27 112 17
      vertex 29.4 112.8 17
    endloop
  endfacet
  facet normal 0 0 -1
    outer loop
      vertex 37.4 112 17
      vertex 31 112 17
      vertex 37.4 112.8 17
    endloop
  endfacet
  facet normal 0 0 -1
    outer loop
      vertex 45.4 112 17
      vertex 39 112 17
      vertex 45.4 112.8 17
    endloop
  endfacet
  facet normal 0 0 -1
    outer loop
      vertex 53.4 112 17
      vertex 47 112 17
      vertex 53.4 112.8 17
    endloop
  endfacet
  facet normal 0 0 -1
    outer loop
      vertex 61.4 112 17
      vertex 55 112 17
      vertex 61.4 112.8 17
    endloop
  endfacet
  facet normal 0 0 -1
    outer loop
      vertex 63 112.8 17
      vertex 67 112 17
      vertex 63 112 17
    endloop
  endfacet
  facet normal 0 0 -1
    outer loop
      vertex 67 112 17
      vertex 63 112.8 17
      vertex 67 114 17
    endloop
  endfacet
  facet normal 0 0 -1
    outer loop
      vertex 61.4 112.8 17
      vertex 67 114 17
      vertex 63 112.8 17
    endloop
  endfacet
  facet normal 0 0 -1
    outer loop
      vertex 55 112.8 17
      vertex 61.4 112.8 17
      vertex 55 112 17
    endloop
  endfacet
  facet normal 0 0 -1
    outer loop
      vertex 61.4 112.8 17
      vertex 55 112.8 17
      vertex 67 114 17
    endloop
  endfacet
  facet normal 0 0 -1
    outer loop
      vertex 53.4 112.8 17
      vertex 67 114 17
      vertex 55 112.8 17
    endloop
  endfacet
  facet normal 0 0 -1
    outer loop
      vertex 47 112.8 17
      vertex 53.4 112.8 17
      vertex 47 112 17
    endloop
  endfacet
  facet normal 0 0 -1
    outer loop
      vertex 47 112.8 17
      vertex 67 114 17
      vertex 53.4 112.8 17
    endloop
  endfacet
  facet normal 0 0 -1
    outer loop
      vertex 45.4 112.8 17
      vertex 67 114 17
      vertex 47 112.8 17
    endloop
  endfacet
  facet normal 0 0 -1
    outer loop
      vertex 39 112.8 17
      vertex 45.4 112.8 17
      vertex 39 112 17
    endloop
  endfacet
  facet normal 0 0 -1
    outer loop
      vertex 27 114 17
      vertex 45.4 112.8 17
      vertex 39 112.8 17
    endloop
  endfacet
  facet normal 0 0 -1
    outer loop
      vertex 27 114 17
      vertex 39 112.8 17
      vertex 37.4 112.8 17
    endloop
  endfacet
  facet normal 0 0 -1
    outer loop
      vertex 31 112.8 17
      vertex 37.4 112.8 17
      vertex 31 112 17
    endloop
  endfacet
  facet normal 0 0 -1
    outer loop
      vertex 27 114 17
      vertex 37.4 112.8 17
      vertex 31 112.8 17
    endloop
  endfacet
  facet normal 0 0 -1
    outer loop
      vertex 27 114 17
      vertex 31 112.8 17
      vertex 29.4 112.8 17
    endloop
  endfacet
  facet normal 0 0 -1
    outer loop
      vertex 45.4 112.8 17
      vertex 27 114 17
      vertex 67 114 17
    endloop
  endfacet
  facet normal 0 0 -1
    outer loop
      vertex 27 114 17
      vertex 29.4 112.8 17
      vertex 27 112 17
    endloop
  endfacet
  facet normal 0 1 -0
    outer loop
      vertex 67 114 17
      vertex 27 114 19.2
      vertex 67 114 19.2
    endloop
  endfacet
  facet normal 0 1 0
    outer loop
      vertex 27 114 19.2
      vertex 67 114 17
      vertex 27 114 17
    endloop
  endfacet
  facet normal 0 -1 0
    outer loop
      vertex 95 38 19.2
      vertex 96.2 38 47
      vertex 95 38 47
    endloop
  endfacet
  facet normal 0 -1 -0
    outer loop
      vertex 96.2 38 47
      vertex 95 38 19.2
      vertex 96.2 38 19.2
    endloop
  endfacet
  facet normal -0 0 1
    outer loop
      vertex 95 48 47
      vertex 95.8 41.6 47
      vertex 95.8 48 47
    endloop
  endfacet
  facet normal 0 0 1
    outer loop
      vertex 95.8 41.6 47
      vertex 95 48 47
      vertex 95 41.6 47
    endloop
  endfacet
  facet normal -0 0 1
    outer loop
      vertex 95 56 47
      vertex 95.8 49.6 47
      vertex 95.8 56 47
    endloop
  endfacet
  facet normal 0 0 1
    outer loop
      vertex 95.8 49.6 47
      vertex 95 56 47
      vertex 95 49.6 47
    endloop
  endfacet
  facet normal -0 0 1
    outer loop
      vertex 95 64 47
      vertex 95.8 57.6 47
      vertex 95.8 64 47
    endloop
  endfacet
  facet normal 0 0 1
    outer loop
      vertex 95.8 57.6 47
      vertex 95 64 47
      vertex 95 57.6 47
    endloop
  endfacet
  facet normal -0 0 1
    outer loop
      vertex 95 72 47
      vertex 95.8 65.6 47
      vertex 95.8 72 47
    endloop
  endfacet
  facet normal 0 0 1
    outer loop
      vertex 95.8 65.6 47
      vertex 95 72 47
      vertex 95 65.6 47
    endloop
  endfacet
  facet normal 0 0 1
    outer loop
      vertex 95.8 65.6 47
      vertex 96.2 72 47
      vertex 95.8 72 47
    endloop
  endfacet
  facet normal 0 0 1
    outer loop
      vertex 95.8 64 47
      vertex 96.2 72 47
      vertex 95.8 65.6 47
    endloop
  endfacet
  facet normal 0 0 1
    outer loop
      vertex 95.8 57.6 47
      vertex 96.2 72 47
      vertex 95.8 64 47
    endloop
  endfacet
  facet normal 0 0 1
    outer loop
      vertex 96.2 72 47
      vertex 95.8 57.6 47
      vertex 96.2 38 47
    endloop
  endfacet
  facet normal -0 0 1
    outer loop
      vertex 95.8 56 47
      vertex 96.2 38 47
      vertex 95.8 57.6 47
    endloop
  endfacet
  facet normal -0 0 1
    outer loop
      vertex 95.8 49.6 47
      vertex 96.2 38 47
      vertex 95.8 56 47
    endloop
  endfacet
  facet normal -0 0 1
    outer loop
      vertex 95.8 48 47
      vertex 96.2 38 47
      vertex 95.8 49.6 47
    endloop
  endfacet
  facet normal -0 0 1
    outer loop
      vertex 95.8 41.6 47
      vertex 96.2 38 47
      vertex 95.8 48 47
    endloop
  endfacet
  facet normal -0 0 1
    outer loop
      vertex 95.8 40 47
      vertex 96.2 38 47
      vertex 95.8 41.6 47
    endloop
  endfacet
  facet normal 0 0 1
    outer loop
      vertex 95 38 47
      vertex 95.8 40 47
      vertex 95 40 47
    endloop
  endfacet
  facet normal 0 0 1
    outer loop
      vertex 95.8 40 47
      vertex 95 38 47
      vertex 96.2 38 47
    endloop
  endfacet
  facet normal 1 0 0
    outer loop
      vertex 96.2 72 47
      vertex 96.2 70 45
      vertex 96.2 72 19.2
    endloop
  endfacet
  facet normal 1 0 0
    outer loop
      vertex 96.2 72 47
      vertex 96.2 40 45
      vertex 96.2 70 45
    endloop
  endfacet
  facet normal 1 0 0
    outer loop
      vertex 96.2 38 19.2
      vertex 96.2 40 45
      vertex 96.2 38 47
    endloop
  endfacet
  facet normal 1 -0 0
    outer loop
      vertex 96.2 38 47
      vertex 96.2 40 45
      vertex 96.2 72 47
    endloop
  endfacet
  facet normal 1 -0 0
    outer loop
      vertex 96.2 70 21
      vertex 96.2 72 19.2
      vertex 96.2 70 45
    endloop
  endfacet
  facet normal 1 -0 0
    outer loop
      vertex 96.2 40 21
      vertex 96.2 72 19.2
      vertex 96.2 70 21
    endloop
  endfacet
  facet normal 1 0 0
    outer loop
      vertex 96.2 40 21
      vertex 96.2 38 19.2
      vertex 96.2 72 19.2
    endloop
  endfacet
  facet normal 1 0 0
    outer loop
      vertex 96.2 40 45
      vertex 96.2 38 19.2
      vertex 96.2 40 21
    endloop
  endfacet
  facet normal 0 0 -1
    outer loop
      vertex 92 56 45
      vertex 92.4 63.4 45
      vertex 92.4 56 45
    endloop
  endfacet
  facet normal -0 0 -1
    outer loop
      vertex 92.4 63.4 45
      vertex 92 56 45
      vertex 92 63.4 45
    endloop
  endfacet
  facet normal 0 0 -1
    outer loop
      vertex 92 48 45
      vertex 92.4 55.4 45
      vertex 92.4 48 45
    endloop
  endfacet
  facet normal -0 0 -1
    outer loop
      vertex 92.4 55.4 45
      vertex 92 48 45
      vertex 92 55.4 45
    endloop
  endfacet
  facet normal 0 0 -1
    outer loop
      vertex 92 40 45
      vertex 92.4 47.4 45
      vertex 92.4 40 45
    endloop
  endfacet
  facet normal -0 0 -1
    outer loop
      vertex 92.4 47.4 45
      vertex 92 40 45
      vertex 92 47.4 45
    endloop
  endfacet
  facet normal 0 0 -1
    outer loop
      vertex 92.4 47.4 45
      vertex 96.2 40 45
      vertex 92.4 40 45
    endloop
  endfacet
  facet normal 0 0 -1
    outer loop
      vertex 92.4 48 45
      vertex 96.2 40 45
      vertex 92.4 47.4 45
    endloop
  endfacet
  facet normal 0 0 -1
    outer loop
      vertex 92.4 55.4 45
      vertex 96.2 40 45
      vertex 92.4 48 45
    endloop
  endfacet
  facet normal 0 0 -1
    outer loop
      vertex 96.2 40 45
      vertex 92.4 55.4 45
      vertex 96.2 70 45
    endloop
  endfacet
  facet normal 0 0 -1
    outer loop
      vertex 92.4 56 45
      vertex 96.2 70 45
      vertex 92.4 55.4 45
    endloop
  endfacet
  facet normal 0 0 -1
    outer loop
      vertex 92.4 63.4 45
      vertex 96.2 70 45
      vertex 92.4 56 45
    endloop
  endfacet
  facet normal 0 0 -1
    outer loop
      vertex 92.4 64 45
      vertex 96.2 70 45
      vertex 92.4 63.4 45
    endloop
  endfacet
  facet normal 0 0 -1
    outer loop
      vertex 92 70 45
      vertex 92.4 64 45
      vertex 92 64 45
    endloop
  endfacet
  facet normal 0 0 -1
    outer loop
      vertex 92.4 64 45
      vertex 92 70 45
      vertex 96.2 70 45
    endloop
  endfacet
  facet normal 0 -1 0
    outer loop
      vertex 92 70 21
      vertex 96.2 70 45
      vertex 92 70 45
    endloop
  endfacet
  facet normal 0 -1 -0
    outer loop
      vertex 96.2 70 45
      vertex 92 70 21
      vertex 96.2 70 21
    endloop
  endfacet
  facet normal -0 0 1
    outer loop
      vertex 92 55.4 21
      vertex 92.4 48 21
      vertex 92.4 55.4 21
    endloop
  endfacet
  facet normal 0 0 1
    outer loop
      vertex 92.4 48 21
      vertex 92 55.4 21
      vertex 92 48 21
    endloop
  endfacet
  facet normal -0 0 1
    outer loop
      vertex 92 63.4 21
      vertex 92.4 56 21
      vertex 92.4 63.4 21
    endloop
  endfacet
  facet normal 0 0 1
    outer loop
      vertex 92.4 56 21
      vertex 92 63.4 21
      vertex 92 56 21
    endloop
  endfacet
  facet normal 0 0 1
    outer loop
      vertex 92.4 63.4 21
      vertex 96.2 70 21
      vertex 92.4 64 21
    endloop
  endfacet
  facet normal -0 0 1
    outer loop
      vertex 92 70 21
      vertex 92.4 64 21
      vertex 96.2 70 21
    endloop
  endfacet
  facet normal 0 0 1
    outer loop
      vertex 92.4 64 21
      vertex 92 70 21
      vertex 92 64 21
    endloop
  endfacet
  facet normal 0 0 1
    outer loop
      vertex 92.4 56 21
      vertex 96.2 70 21
      vertex 92.4 63.4 21
    endloop
  endfacet
  facet normal 0 0 1
    outer loop
      vertex 92.4 55.4 21
      vertex 96.2 70 21
      vertex 92.4 56 21
    endloop
  endfacet
  facet normal 0 0 1
    outer loop
      vertex 96.2 70 21
      vertex 92.4 55.4 21
      vertex 96.2 40 21
    endloop
  endfacet
  facet normal -0 0 1
    outer loop
      vertex 92.4 48 21
      vertex 96.2 40 21
      vertex 92.4 55.4 21
    endloop
  endfacet
  facet normal -0 0 1
    outer loop
      vertex 92.4 47.4 21
      vertex 96.2 40 21
      vertex 92.4 48 21
    endloop
  endfacet
  facet normal 0 0 1
    outer loop
      vertex 92.4 47.4 21
      vertex 92.4 40 21
      vertex 96.2 40 21
    endloop
  endfacet
  facet normal -0 0 1
    outer loop
      vertex 92 47.4 21
      vertex 92.4 40 21
      vertex 92.4 47.4 21
    endloop
  endfacet
  facet normal 0 0 1
    outer loop
      vertex 92.4 40 21
      vertex 92 47.4 21
      vertex 92 40 21
    endloop
  endfacet
  facet normal 0 -1 0
    outer loop
      vertex 95.8 32.4 19.5
      vertex 96 32.4 46.5
      vertex 95.8 32.4 46.5
    endloop
  endfacet
  facet normal 0 -1 -0
    outer loop
      vertex 96 32.4 46.5
      vertex 95.8 32.4 19.5
      vertex 96 32.4 19.5
    endloop
  endfacet
  facet normal 0 0 1
    outer loop
      vertex 96 37.4 46.5
      vertex 95.8 33.6 46.5
      vertex 96 32.4 46.5
    endloop
  endfacet
  facet normal -0 0 1
    outer loop
      vertex 95 37.4 46.5
      vertex 95.8 33.6 46.5
      vertex 96 37.4 46.5
    endloop
  endfacet
  facet normal 0 0 1
    outer loop
      vertex 95.8 33.6 46.5
      vertex 95 37.4 46.5
      vertex 95 33.6 46.5
    endloop
  endfacet
  facet normal 0 0 1
    outer loop
      vertex 96 32.4 46.5
      vertex 95.8 33.6 46.5
      vertex 95.8 32.4 46.5
    endloop
  endfacet
  facet normal 0 1 -0
    outer loop
      vertex 96 37.4 19.5
      vertex 95 37.4 46.5
      vertex 96 37.4 46.5
    endloop
  endfacet
  facet normal 0 1 0
    outer loop
      vertex 95 37.4 46.5
      vertex 96 37.4 19.5
      vertex 95 37.4 19.5
    endloop
  endfacet
  facet normal 0 0 -1
    outer loop
      vertex 95.8 33.6 19.5
      vertex 96 32.4 19.5
      vertex 95.8 32.4 19.5
    endloop
  endfacet
  facet normal 0 0 -1
    outer loop
      vertex 96 32.4 19.5
      vertex 95.8 33.6 19.5
      vertex 96 37.4 19.5
    endloop
  endfacet
  facet normal 0 0 -1
    outer loop
      vertex 95 37.4 19.5
      vertex 95.8 33.6 19.5
      vertex 95 33.6 19.5
    endloop
  endfacet
  facet normal 0 0 -1
    outer loop
      vertex 95.8 33.6 19.5
      vertex 95 37.4 19.5
      vertex 96 37.4 19.5
    endloop
  endfacet
  facet normal 1 -0 0
    outer loop
      vertex 96 32.4 46.5
      vertex 96 37.4 19.5
      vertex 96 37.4 46.5
    endloop
  endfacet
  facet normal 1 0 0
    outer loop
      vertex 96 37.4 19.5
      vertex 96 32.4 46.5
      vertex 96 32.4 19.5
    endloop
  endfacet
  facet normal 0 -1 0
    outer loop
      vertex 95.8 72.6 19.5
      vertex 96 72.6 46.5
      vertex 95.8 72.6 46.5
    endloop
  endfacet
  facet normal 0 -1 -0
    outer loop
      vertex 96 72.6 46.5
      vertex 95.8 72.6 19.5
      vertex 96 72.6 19.5
    endloop
  endfacet
  facet normal 0 0 1
    outer loop
      vertex 96 77.6 46.5
      vertex 95.8 73.6 46.5
      vertex 96 72.6 46.5
    endloop
  endfacet
  facet normal -0 0 1
    outer loop
      vertex 95 77.6 46.5
      vertex 95.8 73.6 46.5
      vertex 96 77.6 46.5
    endloop
  endfacet
  facet normal 0 0 1
    outer loop
      vertex 95.8 73.6 46.5
      vertex 95 77.6 46.5
      vertex 95 73.6 46.5
    endloop
  endfacet
  facet normal 0 0 1
    outer loop
      vertex 96 72.6 46.5
      vertex 95.8 73.6 46.5
      vertex 95.8 72.6 46.5
    endloop
  endfacet
  facet normal 0 1 -0
    outer loop
      vertex 96 77.6 19.5
      vertex 95 77.6 46.5
      vertex 96 77.6 46.5
    endloop
  endfacet
  facet normal 0 1 0
    outer loop
      vertex 95 77.6 46.5
      vertex 96 77.6 19.5
      vertex 95 77.6 19.5
    endloop
  endfacet
  facet normal 0 0 -1
    outer loop
      vertex 95.8 73.6 19.5
      vertex 96 72.6 19.5
      vertex 95.8 72.6 19.5
    endloop
  endfacet
  facet normal 0 0 -1
    outer loop
      vertex 96 72.6 19.5
      vertex 95.8 73.6 19.5
      vertex 96 77.6 19.5
    endloop
  endfacet
  facet normal 0 0 -1
    outer loop
      vertex 95 77.6 19.5
      vertex 95.8 73.6 19.5
      vertex 95 73.6 19.5
    endloop
  endfacet
  facet normal 0 0 -1
    outer loop
      vertex 95.8 73.6 19.5
      vertex 95 77.6 19.5
      vertex 96 77.6 19.5
    endloop
  endfacet
  facet normal 1 -0 0
    outer loop
      vertex 96 72.6 46.5
      vertex 96 77.6 19.5
      vertex 96 77.6 46.5
    endloop
  endfacet
  facet normal 1 0 0
    outer loop
      vertex 96 77.6 19.5
      vertex 96 72.6 46.5
      vertex 96 72.6 19.5
    endloop
  endfacet
  facet normal 0 -1 0
    outer loop
      vertex 95 37 17
      vertex 97 37 19.2
      vertex 95 37 19.2
    endloop
  endfacet
  facet normal 0 -1 -0
    outer loop
      vertex 97 37 19.2
      vertex 95 37 17
      vertex 97 37 17
    endloop
  endfacet
  facet normal 0 0 1
    outer loop
      vertex 97 73 19.2
      vertex 96.2 72 19.2
      vertex 97 37 19.2
    endloop
  endfacet
  facet normal -0 0 1
    outer loop
      vertex 95.8 73 19.2
      vertex 96.2 72 19.2
      vertex 97 73 19.2
    endloop
  endfacet
  facet normal 0 0 1
    outer loop
      vertex 96.2 72 19.2
      vertex 95.8 73 19.2
      vertex 95.8 72 19.2
    endloop
  endfacet
  facet normal -0 0 1
    outer loop
      vertex 96.2 38 19.2
      vertex 97 37 19.2
      vertex 96.2 72 19.2
    endloop
  endfacet
  facet normal 0 0 1
    outer loop
      vertex 95 37 19.2
      vertex 96.2 38 19.2
      vertex 95 38 19.2
    endloop
  endfacet
  facet normal 0 0 1
    outer loop
      vertex 96.2 38 19.2
      vertex 95 37 19.2
      vertex 97 37 19.2
    endloop
  endfacet
  facet normal 0 1 -0
    outer loop
      vertex 97 73 17
      vertex 95.8 73 19.2
      vertex 97 73 19.2
    endloop
  endfacet
  facet normal 0 1 0
    outer loop
      vertex 95.8 73 19.2
      vertex 97 73 17
      vertex 95.8 73 17
    endloop
  endfacet
  facet normal 0 0 -1
    outer loop
      vertex 95 65.6 17
      vertex 95.8 72 17
      vertex 95.8 65.6 17
    endloop
  endfacet
  facet normal -0 0 -1
    outer loop
      vertex 95.8 72 17
      vertex 95 65.6 17
      vertex 95 72 17
    endloop
  endfacet
  facet normal 0 0 -1
    outer loop
      vertex 95 57.6 17
      vertex 95.8 64 17
      vertex 95.8 57.6 17
    endloop
  endfacet
  facet normal -0 0 -1
    outer loop
      vertex 95.8 64 17
      vertex 95 57.6 17
      vertex 95 64 17
    endloop
  endfacet
  facet normal 0 0 -1
    outer loop
      vertex 95 49.6 17
      vertex 95.8 56 17
      vertex 95.8 49.6 17
    endloop
  endfacet
  facet normal -0 0 -1
    outer loop
      vertex 95.8 56 17
      vertex 95 49.6 17
      vertex 95 56 17
    endloop
  endfacet
  facet normal 0 0 -1
    outer loop
      vertex 95 41.6 17
      vertex 95.8 48 17
      vertex 95.8 41.6 17
    endloop
  endfacet
  facet normal -0 0 -1
    outer loop
      vertex 95.8 48 17
      vertex 95 41.6 17
      vertex 95 48 17
    endloop
  endfacet
  facet normal 0 0 -1
    outer loop
      vertex 95.8 41.6 17
      vertex 97 37 17
      vertex 95.8 40 17
    endloop
  endfacet
  facet normal 0 0 -1
    outer loop
      vertex 95 37 17
      vertex 95.8 40 17
      vertex 97 37 17
    endloop
  endfacet
  facet normal -0 0 -1
    outer loop
      vertex 95.8 40 17
      vertex 95 37 17
      vertex 95 40 17
    endloop
  endfacet
  facet normal 0 0 -1
    outer loop
      vertex 95.8 48 17
      vertex 97 37 17
      vertex 95.8 41.6 17
    endloop
  endfacet
  facet normal 0 0 -1
    outer loop
      vertex 95.8 49.6 17
      vertex 97 37 17
      vertex 95.8 48 17
    endloop
  endfacet
  facet normal 0 0 -1
    outer loop
      vertex 95.8 56 17
      vertex 97 37 17
      vertex 95.8 49.6 17
    endloop
  endfacet
  facet normal 0 0 -1
    outer loop
      vertex 97 37 17
      vertex 95.8 56 17
      vertex 97 73 17
    endloop
  endfacet
  facet normal 0 0 -1
    outer loop
      vertex 95.8 57.6 17
      vertex 97 73 17
      vertex 95.8 56 17
    endloop
  endfacet
  facet normal 0 0 -1
    outer loop
      vertex 95.8 64 17
      vertex 97 73 17
      vertex 95.8 57.6 17
    endloop
  endfacet
  facet normal 0 0 -1
    outer loop
      vertex 95.8 65.6 17
      vertex 97 73 17
      vertex 95.8 64 17
    endloop
  endfacet
  facet normal 0 0 -1
    outer loop
      vertex 95.8 72 17
      vertex 97 73 17
      vertex 95.8 65.6 17
    endloop
  endfacet
  facet normal -0 0 -1
    outer loop
      vertex 97 73 17
      vertex 95.8 72 17
      vertex 95.8 73 17
    endloop
  endfacet
  facet normal 1 -0 0
    outer loop
      vertex 97 37 19.2
      vertex 97 73 17
      vertex 97 73 19.2
    endloop
  endfacet
  facet normal 1 0 0
    outer loop
      vertex 97 73 17
      vertex 97 37 19.2
      vertex 97 37 17
    endloop
  endfacet
  facet normal 0 -0.130688 0.991424
    outer loop
      vertex 6 1.72 40.179
      vertex 14 1.5 40.15
      vertex 14 1.72 40.179
    endloop
  endfacet
  facet normal 0 -0.130688 0.991424
    outer loop
      vertex 14 1.5 40.15
      vertex 6 1.72 40.179
      vertex 6 1.5 40.15
    endloop
  endfacet
  facet normal 0 0.130688 -0.991424
    outer loop
      vertex 6 1.28 41.821
      vertex 14 1.5 41.85
      vertex 14 1.28 41.821
    endloop
  endfacet
  facet normal 0 0.130688 -0.991424
    outer loop
      vertex 14 1.5 41.85
      vertex 6 1.28 41.821
      vertex 6 1.5 41.85
    endloop
  endfacet
  facet normal 0 -0.991447 -0.13051
    outer loop
      vertex 6 2.35 41
      vertex 14 2.32104 41.22
      vertex 6 2.32104 41.22
    endloop
  endfacet
  facet normal 0 -0.991447 -0.13051
    outer loop
      vertex 14 2.32104 41.22
      vertex 6 2.35 41
      vertex 14 2.35 41
    endloop
  endfacet
  facet normal 0 0.991445 0.130524
    outer loop
      vertex 14 0.678963 40.78
      vertex 6 0.65 41
      vertex 14 0.65 41
    endloop
  endfacet
  facet normal 0 0.991445 0.130524
    outer loop
      vertex 6 0.65 41
      vertex 14 0.678963 40.78
      vertex 6 0.678963 40.78
    endloop
  endfacet
  facet normal 0 0.793285 -0.608851
    outer loop
      vertex 14 0.763878 41.425
      vertex 6 0.898959 41.601
      vertex 14 0.898959 41.601
    endloop
  endfacet
  facet normal 0 0.793285 -0.608851
    outer loop
      vertex 6 0.898959 41.601
      vertex 14 0.763878 41.425
      vertex 6 0.763878 41.425
    endloop
  endfacet
  facet normal 0 -0.38263 0.923901
    outer loop
      vertex 6 1.925 40.2639
      vertex 14 1.72 40.179
      vertex 14 1.925 40.2639
    endloop
  endfacet
  facet normal 0 -0.38263 0.923901
    outer loop
      vertex 14 1.72 40.179
      vertex 6 1.925 40.2639
      vertex 6 1.72 40.179
    endloop
  endfacet
  facet normal 0 -0.608817 -0.79331
    outer loop
      vertex 6 1.925 41.7361
      vertex 14 2.10104 41.601
      vertex 14 1.925 41.7361
    endloop
  endfacet
  facet normal -0 -0.608817 -0.79331
    outer loop
      vertex 14 2.10104 41.601
      vertex 6 1.925 41.7361
      vertex 6 2.10104 41.601
    endloop
  endfacet
  facet normal 0 -0.92387 -0.382707
    outer loop
      vertex 6 2.32104 41.22
      vertex 14 2.23612 41.425
      vertex 6 2.23612 41.425
    endloop
  endfacet
  facet normal 0 -0.92387 -0.382707
    outer loop
      vertex 14 2.23612 41.425
      vertex 6 2.32104 41.22
      vertex 14 2.32104 41.22
    endloop
  endfacet
  facet normal 0 0.923878 0.382688
    outer loop
      vertex 14 0.763878 40.575
      vertex 6 0.678963 40.78
      vertex 14 0.678963 40.78
    endloop
  endfacet
  facet normal 0 0.923878 0.382688
    outer loop
      vertex 6 0.678963 40.78
      vertex 14 0.763878 40.575
      vertex 6 0.763878 40.575
    endloop
  endfacet
  facet normal -0 0.608815 0.793312
    outer loop
      vertex 6 1.075 40.2639
      vertex 14 0.898959 40.399
      vertex 14 1.075 40.2639
    endloop
  endfacet
  facet normal 0 0.608815 0.793312
    outer loop
      vertex 14 0.898959 40.399
      vertex 6 1.075 40.2639
      vertex 6 0.898959 40.399
    endloop
  endfacet
  facet normal -0 0.38263 0.923901
    outer loop
      vertex 6 1.28 40.179
      vertex 14 1.075 40.2639
      vertex 14 1.28 40.179
    endloop
  endfacet
  facet normal 0 0.38263 0.923901
    outer loop
      vertex 14 1.075 40.2639
      vertex 6 1.28 40.179
      vertex 6 1.075 40.2639
    endloop
  endfacet
  facet normal 1 0 0
    outer loop
      vertex 6 2.32104 41.22
      vertex 6 2.32104 40.78
      vertex 6 2.35 41
    endloop
  endfacet
  facet normal 1 0 0
    outer loop
      vertex 6 2.23612 41.425
      vertex 6 2.32104 40.78
      vertex 6 2.32104 41.22
    endloop
  endfacet
  facet normal 1 0 0
    outer loop
      vertex 6 2.23612 41.425
      vertex 6 2.23612 40.575
      vertex 6 2.32104 40.78
    endloop
  endfacet
  facet normal 1 0 0
    outer loop
      vertex 6 2.10104 41.601
      vertex 6 2.23612 40.575
      vertex 6 2.23612 41.425
    endloop
  endfacet
  facet normal 1 0 0
    outer loop
      vertex 6 2.10104 41.601
      vertex 6 2.10104 40.399
      vertex 6 2.23612 40.575
    endloop
  endfacet
  facet normal 1 0 0
    outer loop
      vertex 6 1.925 41.7361
      vertex 6 2.10104 40.399
      vertex 6 2.10104 41.601
    endloop
  endfacet
  facet normal 1 0 0
    outer loop
      vertex 6 1.925 41.7361
      vertex 6 1.925 40.2639
      vertex 6 2.10104 40.399
    endloop
  endfacet
  facet normal 1 0 0
    outer loop
      vertex 6 1.72 41.821
      vertex 6 1.925 40.2639
      vertex 6 1.925 41.7361
    endloop
  endfacet
  facet normal 1 0 0
    outer loop
      vertex 6 1.72 41.821
      vertex 6 1.72 40.179
      vertex 6 1.925 40.2639
    endloop
  endfacet
  facet normal 1 0 0
    outer loop
      vertex 6 1.5 41.85
      vertex 6 1.72 40.179
      vertex 6 1.72 41.821
    endloop
  endfacet
  facet normal 1 0 0
    outer loop
      vertex 6 1.5 41.85
      vertex 6 1.5 40.15
      vertex 6 1.72 40.179
    endloop
  endfacet
  facet normal 1 -0 0
    outer loop
      vertex 6 1.28 41.821
      vertex 6 1.5 40.15
      vertex 6 1.5 41.85
    endloop
  endfacet
  facet normal 1 0 0
    outer loop
      vertex 6 1.28 41.821
      vertex 6 1.28 40.179
      vertex 6 1.5 40.15
    endloop
  endfacet
  facet normal 1 -0 0
    outer loop
      vertex 6 1.075 41.7361
      vertex 6 1.28 40.179
      vertex 6 1.28 41.821
    endloop
  endfacet
  facet normal 1 0 0
    outer loop
      vertex 6 1.075 41.7361
      vertex 6 1.075 40.2639
      vertex 6 1.28 40.179
    endloop
  endfacet
  facet normal 1 -0 0
    outer loop
      vertex 6 0.898959 41.601
      vertex 6 1.075 40.2639
      vertex 6 1.075 41.7361
    endloop
  endfacet
  facet normal 1 0 0
    outer loop
      vertex 6 0.898959 41.601
      vertex 6 0.898959 40.399
      vertex 6 1.075 40.2639
    endloop
  endfacet
  facet normal 1 -0 0
    outer loop
      vertex 6 0.763878 41.425
      vertex 6 0.898959 40.399
      vertex 6 0.898959 41.601
    endloop
  endfacet
  facet normal 1 0 0
    outer loop
      vertex 6 0.763878 41.425
      vertex 6 0.763878 40.575
      vertex 6 0.898959 40.399
    endloop
  endfacet
  facet normal 1 -0 0
    outer loop
      vertex 6 0.678963 41.22
      vertex 6 0.763878 40.575
      vertex 6 0.763878 41.425
    endloop
  endfacet
  facet normal 1 0 0
    outer loop
      vertex 6 0.678963 41.22
      vertex 6 0.678963 40.78
      vertex 6 0.763878 40.575
    endloop
  endfacet
  facet normal 1 0 -0
    outer loop
      vertex 6 0.678963 40.78
      vertex 6 0.678963 41.22
      vertex 6 0.65 41
    endloop
  endfacet
  facet normal 0 0.38263 -0.923901
    outer loop
      vertex 6 1.075 41.7361
      vertex 14 1.28 41.821
      vertex 14 1.075 41.7361
    endloop
  endfacet
  facet normal 0 0.38263 -0.923901
    outer loop
      vertex 14 1.28 41.821
      vertex 6 1.075 41.7361
      vertex 6 1.28 41.821
    endloop
  endfacet
  facet normal 0 -0.608817 0.79331
    outer loop
      vertex 6 2.10104 40.399
      vertex 14 1.925 40.2639
      vertex 14 2.10104 40.399
    endloop
  endfacet
  facet normal 0 -0.608817 0.79331
    outer loop
      vertex 14 1.925 40.2639
      vertex 6 2.10104 40.399
      vertex 6 1.925 40.2639
    endloop
  endfacet
  facet normal 0 -0.92387 0.382707
    outer loop
      vertex 6 2.23612 40.575
      vertex 14 2.32104 40.78
      vertex 6 2.32104 40.78
    endloop
  endfacet
  facet normal 0 -0.92387 0.382707
    outer loop
      vertex 14 2.32104 40.78
      vertex 6 2.23612 40.575
      vertex 14 2.23612 40.575
    endloop
  endfacet
  facet normal 0 -0.38263 -0.923901
    outer loop
      vertex 6 1.72 41.821
      vertex 14 1.925 41.7361
      vertex 14 1.72 41.821
    endloop
  endfacet
  facet normal -0 -0.38263 -0.923901
    outer loop
      vertex 14 1.925 41.7361
      vertex 6 1.72 41.821
      vertex 6 1.925 41.7361
    endloop
  endfacet
  facet normal 0 -0.130688 -0.991424
    outer loop
      vertex 6 1.5 41.85
      vertex 14 1.72 41.821
      vertex 14 1.5 41.85
    endloop
  endfacet
  facet normal -0 -0.130688 -0.991424
    outer loop
      vertex 14 1.72 41.821
      vertex 6 1.5 41.85
      vertex 6 1.72 41.821
    endloop
  endfacet
  facet normal 0 -0.793287 -0.608848
    outer loop
      vertex 6 2.23612 41.425
      vertex 14 2.10104 41.601
      vertex 6 2.10104 41.601
    endloop
  endfacet
  facet normal 0 -0.793287 -0.608848
    outer loop
      vertex 14 2.10104 41.601
      vertex 6 2.23612 41.425
      vertex 14 2.23612 41.425
    endloop
  endfacet
  facet normal -0 0.130688 0.991424
    outer loop
      vertex 6 1.5 40.15
      vertex 14 1.28 40.179
      vertex 14 1.5 40.15
    endloop
  endfacet
  facet normal 0 0.130688 0.991424
    outer loop
      vertex 14 1.28 40.179
      vertex 6 1.5 40.15
      vertex 6 1.28 40.179
    endloop
  endfacet
  facet normal 0 0.793285 0.608851
    outer loop
      vertex 14 0.898959 40.399
      vertex 6 0.763878 40.575
      vertex 14 0.763878 40.575
    endloop
  endfacet
  facet normal 0 0.793285 0.608851
    outer loop
      vertex 6 0.763878 40.575
      vertex 14 0.898959 40.399
      vertex 6 0.898959 40.399
    endloop
  endfacet
  facet normal 0 0.923878 -0.382688
    outer loop
      vertex 14 0.678963 41.22
      vertex 6 0.763878 41.425
      vertex 14 0.763878 41.425
    endloop
  endfacet
  facet normal 0 0.923878 -0.382688
    outer loop
      vertex 6 0.763878 41.425
      vertex 14 0.678963 41.22
      vertex 6 0.678963 41.22
    endloop
  endfacet
  facet normal 0 0.991445 -0.130524
    outer loop
      vertex 14 0.65 41
      vertex 6 0.678963 41.22
      vertex 14 0.678963 41.22
    endloop
  endfacet
  facet normal 0 0.991445 -0.130524
    outer loop
      vertex 6 0.678963 41.22
      vertex 14 0.65 41
      vertex 6 0.65 41
    endloop
  endfacet
  facet normal 0 0.608815 -0.793312
    outer loop
      vertex 6 0.898959 41.601
      vertex 14 1.075 41.7361
      vertex 14 0.898959 41.601
    endloop
  endfacet
  facet normal 0 0.608815 -0.793312
    outer loop
      vertex 14 1.075 41.7361
      vertex 6 0.898959 41.601
      vertex 6 1.075 41.7361
    endloop
  endfacet
  facet normal 0 -0.793287 0.608848
    outer loop
      vertex 6 2.10104 40.399
      vertex 14 2.23612 40.575
      vertex 6 2.23612 40.575
    endloop
  endfacet
  facet normal 0 -0.793287 0.608848
    outer loop
      vertex 14 2.23612 40.575
      vertex 6 2.10104 40.399
      vertex 14 2.10104 40.399
    endloop
  endfacet
  facet normal 0 -0.991447 0.13051
    outer loop
      vertex 6 2.32104 40.78
      vertex 14 2.35 41
      vertex 6 2.35 41
    endloop
  endfacet
  facet normal 0 -0.991447 0.13051
    outer loop
      vertex 14 2.35 41
      vertex 6 2.32104 40.78
      vertex 14 2.32104 40.78
    endloop
  endfacet
  facet normal 0 -0.130623 0.991432
    outer loop
      vertex 80 1.75882 40.0341
      vertex 88.5 1.5 40
      vertex 88.5 1.75882 40.0341
    endloop
  endfacet
  facet normal 0 -0.130623 0.991432
    outer loop
      vertex 88.5 1.5 40
      vertex 80 1.75882 40.0341
      vertex 80 1.5 40
    endloop
  endfacet
  facet normal 0 -0.130623 -0.991432
    outer loop
      vertex 80 1.5 42
      vertex 88.5 1.75882 41.9659
      vertex 88.5 1.5 42
    endloop
  endfacet
  facet normal -0 -0.130623 -0.991432
    outer loop
      vertex 88.5 1.75882 41.9659
      vertex 80 1.5 42
      vertex 80 1.75882 41.9659
    endloop
  endfacet
  facet normal 0 0.991444 0.130535
    outer loop
      vertex 88.5 0.534074 40.7412
      vertex 80 0.5 41
      vertex 88.5 0.5 41
    endloop
  endfacet
  facet normal 0 0.991444 0.130535
    outer loop
      vertex 80 0.5 41
      vertex 88.5 0.534074 40.7412
      vertex 80 0.534074 40.7412
    endloop
  endfacet
  facet normal 0 -0.382683 0.92388
    outer loop
      vertex 80 2 40.134
      vertex 88.5 1.75882 40.0341
      vertex 88.5 2 40.134
    endloop
  endfacet
  facet normal 0 -0.382683 0.92388
    outer loop
      vertex 88.5 1.75882 40.0341
      vertex 80 2 40.134
      vertex 80 1.75882 40.0341
    endloop
  endfacet
  facet normal 0 -0.79336 -0.608753
    outer loop
      vertex 80 2.36602 41.5
      vertex 88.5 2.20711 41.7071
      vertex 80 2.20711 41.7071
    endloop
  endfacet
  facet normal 0 -0.79336 -0.608753
    outer loop
      vertex 88.5 2.20711 41.7071
      vertex 80 2.36602 41.5
      vertex 88.5 2.36602 41.5
    endloop
  endfacet
  facet normal 0 -0.608711 -0.793392
    outer loop
      vertex 80 2 41.866
      vertex 88.5 2.20711 41.7071
      vertex 88.5 2 41.866
    endloop
  endfacet
  facet normal -0 -0.608711 -0.793392
    outer loop
      vertex 88.5 2.20711 41.7071
      vertex 80 2 41.866
      vertex 80 2.20711 41.7071
    endloop
  endfacet
  facet normal 0 -0.923877 -0.382689
    outer loop
      vertex 80 2.46593 41.2588
      vertex 88.5 2.36602 41.5
      vertex 80 2.36602 41.5
    endloop
  endfacet
  facet normal 0 -0.923877 -0.382689
    outer loop
      vertex 88.5 2.36602 41.5
      vertex 80 2.46593 41.2588
      vertex 88.5 2.46593 41.2588
    endloop
  endfacet
  facet normal 0 -0.608711 0.793392
    outer loop
      vertex 80 2.20711 40.2929
      vertex 88.5 2 40.134
      vertex 88.5 2.20711 40.2929
    endloop
  endfacet
  facet normal 0 -0.608711 0.793392
    outer loop
      vertex 88.5 2 40.134
      vertex 80 2.20711 40.2929
      vertex 80 2 40.134
    endloop
  endfacet
  facet normal 0 -0.991446 0.13052
    outer loop
      vertex 80 2.46593 40.7412
      vertex 88.5 2.5 41
      vertex 80 2.5 41
    endloop
  endfacet
  facet normal 0 -0.991446 0.13052
    outer loop
      vertex 88.5 2.5 41
      vertex 80 2.46593 40.7412
      vertex 88.5 2.46593 40.7412
    endloop
  endfacet
  facet normal 0 -0.79336 0.608753
    outer loop
      vertex 80 2.20711 40.2929
      vertex 88.5 2.36602 40.5
      vertex 80 2.36602 40.5
    endloop
  endfacet
  facet normal 0 -0.79336 0.608753
    outer loop
      vertex 88.5 2.36602 40.5
      vertex 80 2.20711 40.2929
      vertex 88.5 2.20711 40.2929
    endloop
  endfacet
  facet normal 0 -0.382683 -0.92388
    outer loop
      vertex 80 1.75882 41.9659
      vertex 88.5 2 41.866
      vertex 88.5 1.75882 41.9659
    endloop
  endfacet
  facet normal -0 -0.382683 -0.92388
    outer loop
      vertex 88.5 2 41.866
      vertex 80 1.75882 41.9659
      vertex 80 2 41.866
    endloop
  endfacet
  facet normal 0 -0.991446 -0.13052
    outer loop
      vertex 80 2.5 41
      vertex 88.5 2.46593 41.2588
      vertex 80 2.46593 41.2588
    endloop
  endfacet
  facet normal 0 -0.991446 -0.13052
    outer loop
      vertex 88.5 2.46593 41.2588
      vertex 80 2.5 41
      vertex 88.5 2.5 41
    endloop
  endfacet
  facet normal -0 0.608714 0.79339
    outer loop
      vertex 80 1 40.134
      vertex 88.5 0.792892 40.2929
      vertex 88.5 1 40.134
    endloop
  endfacet
  facet normal 0 0.608714 0.79339
    outer loop
      vertex 88.5 0.792892 40.2929
      vertex 80 1 40.134
      vertex 80 0.792892 40.2929
    endloop
  endfacet
  facet normal -0 0.382683 0.92388
    outer loop
      vertex 80 1.24118 40.0341
      vertex 88.5 1 40.134
      vertex 88.5 1.24118 40.0341
    endloop
  endfacet
  facet normal 0 0.382683 0.92388
    outer loop
      vertex 88.5 1 40.134
      vertex 80 1.24118 40.0341
      vertex 80 1 40.134
    endloop
  endfacet
  facet normal 0 -0.923877 0.382689
    outer loop
      vertex 80 2.36602 40.5
      vertex 88.5 2.46593 40.7412
      vertex 80 2.46593 40.7412
    endloop
  endfacet
  facet normal 0 -0.923877 0.382689
    outer loop
      vertex 88.5 2.46593 40.7412
      vertex 80 2.36602 40.5
      vertex 88.5 2.36602 40.5
    endloop
  endfacet
  facet normal 0 0.130623 -0.991432
    outer loop
      vertex 80 1.24118 41.9659
      vertex 88.5 1.5 42
      vertex 88.5 1.24118 41.9659
    endloop
  endfacet
  facet normal 0 0.130623 -0.991432
    outer loop
      vertex 88.5 1.5 42
      vertex 80 1.24118 41.9659
      vertex 80 1.5 42
    endloop
  endfacet
  facet normal 0 0.608714 -0.79339
    outer loop
      vertex 80 0.792892 41.7071
      vertex 88.5 1 41.866
      vertex 88.5 0.792892 41.7071
    endloop
  endfacet
  facet normal 0 0.608714 -0.79339
    outer loop
      vertex 88.5 1 41.866
      vertex 80 0.792892 41.7071
      vertex 80 1 41.866
    endloop
  endfacet
  facet normal -0 0.130623 0.991432
    outer loop
      vertex 80 1.5 40
      vertex 88.5 1.24118 40.0341
      vertex 88.5 1.5 40
    endloop
  endfacet
  facet normal 0 0.130623 0.991432
    outer loop
      vertex 88.5 1.24118 40.0341
      vertex 80 1.5 40
      vertex 80 1.24118 40.0341
    endloop
  endfacet
  facet normal 0 0.991444 -0.130535
    outer loop
      vertex 88.5 0.5 41
      vertex 80 0.534074 41.2588
      vertex 88.5 0.534074 41.2588
    endloop
  endfacet
  facet normal 0 0.991444 -0.130535
    outer loop
      vertex 80 0.534074 41.2588
      vertex 88.5 0.5 41
      vertex 80 0.5 41
    endloop
  endfacet
  facet normal -1 0 0
    outer loop
      vertex 88.5 2.46593 40.7412
      vertex 88.5 2.46593 41.2588
      vertex 88.5 2.5 41
    endloop
  endfacet
  facet normal -1 0 0
    outer loop
      vertex 88.5 2.36602 40.5
      vertex 88.5 2.46593 41.2588
      vertex 88.5 2.46593 40.7412
    endloop
  endfacet
  facet normal -1 0 0
    outer loop
      vertex 88.5 2.36602 40.5
      vertex 88.5 2.36602 41.5
      vertex 88.5 2.46593 41.2588
    endloop
  endfacet
  facet normal -1 0 0
    outer loop
      vertex 88.5 2.20711 40.2929
      vertex 88.5 2.36602 41.5
      vertex 88.5 2.36602 40.5
    endloop
  endfacet
  facet normal -1 0 0
    outer loop
      vertex 88.5 2.20711 40.2929
      vertex 88.5 2.20711 41.7071
      vertex 88.5 2.36602 41.5
    endloop
  endfacet
  facet normal -1 0 0
    outer loop
      vertex 88.5 2 40.134
      vertex 88.5 2.20711 41.7071
      vertex 88.5 2.20711 40.2929
    endloop
  endfacet
  facet normal -1 0 0
    outer loop
      vertex 88.5 2 40.134
      vertex 88.5 2 41.866
      vertex 88.5 2.20711 41.7071
    endloop
  endfacet
  facet normal -1 0 0
    outer loop
      vertex 88.5 1.75882 40.0341
      vertex 88.5 2 41.866
      vertex 88.5 2 40.134
    endloop
  endfacet
  facet normal -1 0 0
    outer loop
      vertex 88.5 1.75882 40.0341
      vertex 88.5 1.75882 41.9659
      vertex 88.5 2 41.866
    endloop
  endfacet
  facet normal -1 0 0
    outer loop
      vertex 88.5 1.5 40
      vertex 88.5 1.75882 41.9659
      vertex 88.5 1.75882 40.0341
    endloop
  endfacet
  facet normal -1 0 0
    outer loop
      vertex 88.5 1.5 40
      vertex 88.5 1.5 42
      vertex 88.5 1.75882 41.9659
    endloop
  endfacet
  facet normal -1 0 0
    outer loop
      vertex 88.5 1.24118 40.0341
      vertex 88.5 1.5 42
      vertex 88.5 1.5 40
    endloop
  endfacet
  facet normal -1 0 0
    outer loop
      vertex 88.5 1.24118 40.0341
      vertex 88.5 1.24118 41.9659
      vertex 88.5 1.5 42
    endloop
  endfacet
  facet normal -1 0 0
    outer loop
      vertex 88.5 1 40.134
      vertex 88.5 1.24118 41.9659
      vertex 88.5 1.24118 40.0341
    endloop
  endfacet
  facet normal -1 0 0
    outer loop
      vertex 88.5 1 40.134
      vertex 88.5 1 41.866
      vertex 88.5 1.24118 41.9659
    endloop
  endfacet
  facet normal -1 0 0
    outer loop
      vertex 88.5 0.792892 40.2929
      vertex 88.5 1 41.866
      vertex 88.5 1 40.134
    endloop
  endfacet
  facet normal -1 0 0
    outer loop
      vertex 88.5 0.792892 40.2929
      vertex 88.5 0.792892 41.7071
      vertex 88.5 1 41.866
    endloop
  endfacet
  facet normal -1 0 0
    outer loop
      vertex 88.5 0.633974 40.5
      vertex 88.5 0.792892 41.7071
      vertex 88.5 0.792892 40.2929
    endloop
  endfacet
  facet normal -1 0 0
    outer loop
      vertex 88.5 0.633974 40.5
      vertex 88.5 0.633974 41.5
      vertex 88.5 0.792892 41.7071
    endloop
  endfacet
  facet normal -1 0 0
    outer loop
      vertex 88.5 0.534074 40.7412
      vertex 88.5 0.633974 41.5
      vertex 88.5 0.633974 40.5
    endloop
  endfacet
  facet normal -1 0 0
    outer loop
      vertex 88.5 0.534074 40.7412
      vertex 88.5 0.534074 41.2588
      vertex 88.5 0.633974 41.5
    endloop
  endfacet
  facet normal -1 0 -0
    outer loop
      vertex 88.5 0.534074 41.2588
      vertex 88.5 0.534074 40.7412
      vertex 88.5 0.5 41
    endloop
  endfacet
  facet normal 0 0.382683 -0.92388
    outer loop
      vertex 80 1 41.866
      vertex 88.5 1.24118 41.9659
      vertex 88.5 1 41.866
    endloop
  endfacet
  facet normal 0 0.382683 -0.92388
    outer loop
      vertex 88.5 1.24118 41.9659
      vertex 80 1 41.866
      vertex 80 1.24118 41.9659
    endloop
  endfacet
  facet normal 0 0.793345 0.608772
    outer loop
      vertex 88.5 0.792892 40.2929
      vertex 80 0.633974 40.5
      vertex 88.5 0.633974 40.5
    endloop
  endfacet
  facet normal 0 0.793345 0.608772
    outer loop
      vertex 80 0.633974 40.5
      vertex 88.5 0.792892 40.2929
      vertex 80 0.792892 40.2929
    endloop
  endfacet
  facet normal 0 0.923891 0.382656
    outer loop
      vertex 88.5 0.633974 40.5
      vertex 80 0.534074 40.7412
      vertex 88.5 0.534074 40.7412
    endloop
  endfacet
  facet normal 0 0.923891 0.382656
    outer loop
      vertex 80 0.534074 40.7412
      vertex 88.5 0.633974 40.5
      vertex 80 0.633974 40.5
    endloop
  endfacet
  facet normal 0 0.923891 -0.382656
    outer loop
      vertex 88.5 0.534074 41.2588
      vertex 80 0.633974 41.5
      vertex 88.5 0.633974 41.5
    endloop
  endfacet
  facet normal 0 0.923891 -0.382656
    outer loop
      vertex 80 0.633974 41.5
      vertex 88.5 0.534074 41.2588
      vertex 80 0.534074 41.2588
    endloop
  endfacet
  facet normal 0 0.793345 -0.608772
    outer loop
      vertex 88.5 0.633974 41.5
      vertex 80 0.792892 41.7071
      vertex 88.5 0.792892 41.7071
    endloop
  endfacet
  facet normal 0 0.793345 -0.608772
    outer loop
      vertex 80 0.792892 41.7071
      vertex 88.5 0.633974 41.5
      vertex 80 0.633974 41.5
    endloop
  endfacet
  facet normal 0 0 -1
    outer loop
      vertex -0.799999 86.4 43
      vertex 0 88 43
      vertex 0 86.4 43
    endloop
  endfacet
  facet normal -0 0 -1
    outer loop
      vertex 0 88 43
      vertex -0.799999 86.4 43
      vertex -0.799999 88 43
    endloop
  endfacet
  facet normal 0 0 -1
    outer loop
      vertex -0.799999 78.4 43
      vertex 0 80 43
      vertex 0 78.4 43
    endloop
  endfacet
  facet normal -0 0 -1
    outer loop
      vertex 0 80 43
      vertex -0.799999 78.4 43
      vertex -0.799999 80 43
    endloop
  endfacet
  facet normal 0 0 -1
    outer loop
      vertex -0.799999 70.4 43
      vertex 0 72 43
      vertex 0 70.4 43
    endloop
  endfacet
  facet normal -0 0 -1
    outer loop
      vertex 0 72 43
      vertex -0.799999 70.4 43
      vertex -0.799999 72 43
    endloop
  endfacet
  facet normal 0 0 -1
    outer loop
      vertex 3 70 43
      vertex 2.6 72 43
      vertex 3 72 43
    endloop
  endfacet
  facet normal 0 0 -1
    outer loop
      vertex 0 72 43
      vertex 2.6 72.6 43
      vertex 2.6 72 43
    endloop
  endfacet
  facet normal 0 0 -1
    outer loop
      vertex 2.6 72.6 43
      vertex 0 78.4 43
      vertex 2.6 80 43
    endloop
  endfacet
  facet normal 0 0 -1
    outer loop
      vertex 0 80 43
      vertex 2.6 80 43
      vertex 0 78.4 43
    endloop
  endfacet
  facet normal 0 0 -1
    outer loop
      vertex 0 86.4 43
      vertex 2.6 80.6 43
      vertex 0 80 43
    endloop
  endfacet
  facet normal 0 0 -1
    outer loop
      vertex 2.6 80.6 43
      vertex 0 86.4 43
      vertex 2.6 88 43
    endloop
  endfacet
  facet normal 0 0 -1
    outer loop
      vertex 0 70.4 43
      vertex 3 70 43
      vertex 0 70 43
    endloop
  endfacet
  facet normal 0 0 -1
    outer loop
      vertex 3 70 43
      vertex 0 70.4 43
      vertex 2.6 72 43
    endloop
  endfacet
  facet normal 0 0 -1
    outer loop
      vertex 0 72 43
      vertex 2.6 72 43
      vertex 0 70.4 43
    endloop
  endfacet
  facet normal -0 0 -1
    outer loop
      vertex 2.6 72.6 43
      vertex 0 72 43
      vertex 0 78.4 43
    endloop
  endfacet
  facet normal 0 0 -1
    outer loop
      vertex 2.6 80 43
      vertex 0 80 43
      vertex 2.6 80.6 43
    endloop
  endfacet
  facet normal 0 0 -1
    outer loop
      vertex 0 88 43
      vertex 2.6 88 43
      vertex 0 86.4 43
    endloop
  endfacet
  facet normal 0 0 -1
    outer loop
      vertex 2.6 88 43
      vertex 0 88 43
      vertex 2.6 88.6 43
    endloop
  endfacet
  facet normal 0 0 -1
    outer loop
      vertex 0 94.4 43
      vertex 2.6 88.6 43
      vertex 0 88 43
    endloop
  endfacet
  facet normal 0 0 -1
    outer loop
      vertex 2.6 88.6 43
      vertex 0 94.4 43
      vertex 2.6 96 43
    endloop
  endfacet
  facet normal 0 0 -1
    outer loop
      vertex 0 94.4 43
      vertex 0 96 43
      vertex 2.6 96 43
    endloop
  endfacet
  facet normal 0 0 -1
    outer loop
      vertex -0.799999 94.4 43
      vertex 0 96 43
      vertex 0 94.4 43
    endloop
  endfacet
  facet normal -0 0 -1
    outer loop
      vertex 0 96 43
      vertex -0.799999 94.4 43
      vertex -0.799999 96 43
    endloop
  endfacet
  facet normal 0 0 -1
    outer loop
      vertex 2.6 72.6 43
      vertex 3 80 43
      vertex 3 72.6 43
    endloop
  endfacet
  facet normal -0 0 -1
    outer loop
      vertex 3 80 43
      vertex 2.6 72.6 43
      vertex 2.6 80 43
    endloop
  endfacet
  facet normal 0 0 -1
    outer loop
      vertex 2.6 80.6 43
      vertex 3 88 43
      vertex 3 80.6 43
    endloop
  endfacet
  facet normal -0 0 -1
    outer loop
      vertex 3 88 43
      vertex 2.6 80.6 43
      vertex 2.6 88 43
    endloop
  endfacet
  facet normal 0 0 -1
    outer loop
      vertex 2.6 88.6 43
      vertex 3 96 43
      vertex 3 88.6 43
    endloop
  endfacet
  facet normal -0 0 -1
    outer loop
      vertex 3 96 43
      vertex 2.6 88.6 43
      vertex 2.6 96 43
    endloop
  endfacet
  facet normal 0 1 -0
    outer loop
      vertex 3 70 3
      vertex 0 70 43
      vertex 3 70 43
    endloop
  endfacet
  facet normal 0 1 0
    outer loop
      vertex 0 70 43
      vertex 3 70 3
      vertex 0 70 3
    endloop
  endfacet
  facet normal 0 1 -0
    outer loop
      vertex 95 2.6 2
      vertex 94.4 2.6 55
      vertex 95 2.6 55
    endloop
  endfacet
  facet normal 0 1 0
    outer loop
      vertex 94.4 2.6 55
      vertex 95 2.6 2
      vertex 94.4 2.6 2
    endloop
  endfacet
  facet normal 0 1 -0
    outer loop
      vertex 87 2.6 2
      vertex 86.4 2.6 55
      vertex 87 2.6 55
    endloop
  endfacet
  facet normal 0 1 0
    outer loop
      vertex 86.4 2.6 55
      vertex 87 2.6 2
      vertex 86.4 2.6 2
    endloop
  endfacet
  facet normal 0 1 -0
    outer loop
      vertex 79 2.6 2
      vertex 78.4 2.6 3
      vertex 79 2.6 3
    endloop
  endfacet
  facet normal 0 1 0
    outer loop
      vertex 78.4 2.6 3
      vertex 79 2.6 2
      vertex 78.4 2.6 2
    endloop
  endfacet
  facet normal 0 1 -0
    outer loop
      vertex 79 2.6 43
      vertex 78.4 2.6 55
      vertex 79 2.6 55
    endloop
  endfacet
  facet normal 0 1 0
    outer loop
      vertex 78.4 2.6 55
      vertex 79 2.6 43
      vertex 78.4 2.6 43
    endloop
  endfacet
  facet normal 0 1 -0
    outer loop
      vertex 71 2.6 2
      vertex 70.4 2.6 3
      vertex 71 2.6 3
    endloop
  endfacet
  facet normal 0 1 0
    outer loop
      vertex 70.4 2.6 3
      vertex 71 2.6 2
      vertex 70.4 2.6 2
    endloop
  endfacet
  facet normal 0 1 -0
    outer loop
      vertex 71 2.6 43
      vertex 70.4 2.6 55
      vertex 71 2.6 55
    endloop
  endfacet
  facet normal 0 1 0
    outer loop
      vertex 70.4 2.6 55
      vertex 71 2.6 43
      vertex 70.4 2.6 43
    endloop
  endfacet
  facet normal 0 1 -0
    outer loop
      vertex 63 2.6 2
      vertex 62.4 2.6 3
      vertex 63 2.6 3
    endloop
  endfacet
  facet normal 0 1 0
    outer loop
      vertex 62.4 2.6 3
      vertex 63 2.6 2
      vertex 62.4 2.6 2
    endloop
  endfacet
  facet normal 0 1 -0
    outer loop
      vertex 63 2.6 43
      vertex 62.4 2.6 55
      vertex 63 2.6 55
    endloop
  endfacet
  facet normal 0 1 0
    outer loop
      vertex 62.4 2.6 55
      vertex 63 2.6 43
      vertex 62.4 2.6 43
    endloop
  endfacet
  facet normal 0 1 -0
    outer loop
      vertex 55 2.6 2
      vertex 54.4 2.6 3
      vertex 55 2.6 3
    endloop
  endfacet
  facet normal 0 1 0
    outer loop
      vertex 54.4 2.6 3
      vertex 55 2.6 2
      vertex 54.4 2.6 2
    endloop
  endfacet
  facet normal 0 1 -0
    outer loop
      vertex 55 2.6 43
      vertex 54.4 2.6 55
      vertex 55 2.6 55
    endloop
  endfacet
  facet normal 0 1 0
    outer loop
      vertex 54.4 2.6 55
      vertex 55 2.6 43
      vertex 54.4 2.6 43
    endloop
  endfacet
  facet normal 0 1 -0
    outer loop
      vertex 47 2.6 2
      vertex 46.4 2.6 3
      vertex 47 2.6 3
    endloop
  endfacet
  facet normal 0 1 0
    outer loop
      vertex 46.4 2.6 3
      vertex 47 2.6 2
      vertex 46.4 2.6 2
    endloop
  endfacet
  facet normal 0 1 -0
    outer loop
      vertex 47 2.6 43
      vertex 46.4 2.6 55
      vertex 47 2.6 55
    endloop
  endfacet
  facet normal 0 1 0
    outer loop
      vertex 46.4 2.6 55
      vertex 47 2.6 43
      vertex 46.4 2.6 43
    endloop
  endfacet
  facet normal 0 1 -0
    outer loop
      vertex 39 2.6 2
      vertex 38.4 2.6 3
      vertex 39 2.6 3
    endloop
  endfacet
  facet normal 0 1 0
    outer loop
      vertex 38.4 2.6 3
      vertex 39 2.6 2
      vertex 38.4 2.6 2
    endloop
  endfacet
  facet normal 0 1 -0
    outer loop
      vertex 39 2.6 43
      vertex 38.4 2.6 55
      vertex 39 2.6 55
    endloop
  endfacet
  facet normal 0 1 0
    outer loop
      vertex 38.4 2.6 55
      vertex 39 2.6 43
      vertex 38.4 2.6 43
    endloop
  endfacet
  facet normal 0 1 -0
    outer loop
      vertex 31 2.6 2
      vertex 30.4 2.6 3
      vertex 31 2.6 3
    endloop
  endfacet
  facet normal 0 1 0
    outer loop
      vertex 30.4 2.6 3
      vertex 31 2.6 2
      vertex 30.4 2.6 2
    endloop
  endfacet
  facet normal 0 1 -0
    outer loop
      vertex 31 2.6 43
      vertex 30.4 2.6 55
      vertex 31 2.6 55
    endloop
  endfacet
  facet normal 0 1 0
    outer loop
      vertex 30.4 2.6 55
      vertex 31 2.6 43
      vertex 30.4 2.6 43
    endloop
  endfacet
  facet normal 0 1 -0
    outer loop
      vertex 23 2.6 2
      vertex 22.4 2.6 3
      vertex 23 2.6 3
    endloop
  endfacet
  facet normal 0 1 0
    outer loop
      vertex 22.4 2.6 3
      vertex 23 2.6 2
      vertex 22.4 2.6 2
    endloop
  endfacet
  facet normal 0 1 -0
    outer loop
      vertex 23 2.6 43
      vertex 22.4 2.6 55
      vertex 23 2.6 55
    endloop
  endfacet
  facet normal 0 1 0
    outer loop
      vertex 22.4 2.6 55
      vertex 23 2.6 43
      vertex 22.4 2.6 43
    endloop
  endfacet
  facet normal 0 1 -0
    outer loop
      vertex 15 2.6 2
      vertex 14.4 2.6 3
      vertex 15 2.6 3
    endloop
  endfacet
  facet normal 0 1 0
    outer loop
      vertex 14.4 2.6 3
      vertex 15 2.6 2
      vertex 14.4 2.6 2
    endloop
  endfacet
  facet normal 0 1 -0
    outer loop
      vertex 15 2.6 43
      vertex 14.4 2.6 55
      vertex 15 2.6 55
    endloop
  endfacet
  facet normal 0 1 0
    outer loop
      vertex 14.4 2.6 55
      vertex 15 2.6 43
      vertex 14.4 2.6 43
    endloop
  endfacet
  facet normal 0 1 -0
    outer loop
      vertex 7 2.6 2
      vertex 6.40001 2.6 55
      vertex 7 2.6 55
    endloop
  endfacet
  facet normal 0 1 0
    outer loop
      vertex 6.40001 2.6 55
      vertex 7 2.6 2
      vertex 6.40001 2.6 2
    endloop
  endfacet
  facet normal 0 -1 0
    outer loop
      vertex 94.4 3.2 2
      vertex 95 3.2 55
      vertex 94.4 3.2 55
    endloop
  endfacet
  facet normal 0 -1 -0
    outer loop
      vertex 95 3.2 55
      vertex 94.4 3.2 2
      vertex 95 3.2 2
    endloop
  endfacet
  facet normal 0 -1 0
    outer loop
      vertex 86.4 3.2 2
      vertex 87 3.2 3
      vertex 86.4 3.2 3
    endloop
  endfacet
  facet normal 0 -1 -0
    outer loop
      vertex 87 3.2 3
      vertex 86.4 3.2 2
      vertex 87 3.2 2
    endloop
  endfacet
  facet normal 0 -1 0
    outer loop
      vertex 78.4 3.2 2
      vertex 79 3.2 3
      vertex 78.4 3.2 3
    endloop
  endfacet
  facet normal 0 -1 -0
    outer loop
      vertex 79 3.2 3
      vertex 78.4 3.2 2
      vertex 79 3.2 2
    endloop
  endfacet
  facet normal 0 -1 0
    outer loop
      vertex 70.4 3.2 2
      vertex 71 3.2 3
      vertex 70.4 3.2 3
    endloop
  endfacet
  facet normal 0 -1 -0
    outer loop
      vertex 71 3.2 3
      vertex 70.4 3.2 2
      vertex 71 3.2 2
    endloop
  endfacet
  facet normal 0 -1 0
    outer loop
      vertex 62.4 3.2 2
      vertex 63 3.2 3
      vertex 62.4 3.2 3
    endloop
  endfacet
  facet normal 0 -1 -0
    outer loop
      vertex 63 3.2 3
      vertex 62.4 3.2 2
      vertex 63 3.2 2
    endloop
  endfacet
  facet normal 0 -1 0
    outer loop
      vertex 54.4 3.2 2
      vertex 55 3.2 3
      vertex 54.4 3.2 3
    endloop
  endfacet
  facet normal 0 -1 -0
    outer loop
      vertex 55 3.2 3
      vertex 54.4 3.2 2
      vertex 55 3.2 2
    endloop
  endfacet
  facet normal 0 -1 0
    outer loop
      vertex 46.4 3.2 2
      vertex 47 3.2 3
      vertex 46.4 3.2 3
    endloop
  endfacet
  facet normal 0 -1 -0
    outer loop
      vertex 47 3.2 3
      vertex 46.4 3.2 2
      vertex 47 3.2 2
    endloop
  endfacet
  facet normal 0 -1 0
    outer loop
      vertex 38.4 3.2 2
      vertex 39 3.2 3
      vertex 38.4 3.2 3
    endloop
  endfacet
  facet normal 0 -1 -0
    outer loop
      vertex 39 3.2 3
      vertex 38.4 3.2 2
      vertex 39 3.2 2
    endloop
  endfacet
  facet normal 0 -1 0
    outer loop
      vertex 30.4 3.2 2
      vertex 31 3.2 3
      vertex 30.4 3.2 3
    endloop
  endfacet
  facet normal 0 -1 -0
    outer loop
      vertex 31 3.2 3
      vertex 30.4 3.2 2
      vertex 31 3.2 2
    endloop
  endfacet
  facet normal 0 -1 0
    outer loop
      vertex 22.4 3.2 2
      vertex 23 3.2 3
      vertex 22.4 3.2 3
    endloop
  endfacet
  facet normal 0 -1 -0
    outer loop
      vertex 23 3.2 3
      vertex 22.4 3.2 2
      vertex 23 3.2 2
    endloop
  endfacet
  facet normal 0 -1 0
    outer loop
      vertex 14.4 3.2 2
      vertex 15 3.2 3
      vertex 14.4 3.2 3
    endloop
  endfacet
  facet normal 0 -1 -0
    outer loop
      vertex 15 3.2 3
      vertex 14.4 3.2 2
      vertex 15 3.2 2
    endloop
  endfacet
  facet normal 0 -1 0
    outer loop
      vertex 6.40001 3.2 2
      vertex 7 3.2 3
      vertex 6.40001 3.2 3
    endloop
  endfacet
  facet normal 0 -1 -0
    outer loop
      vertex 7 3.2 3
      vertex 6.40001 3.2 2
      vertex 7 3.2 2
    endloop
  endfacet
  facet normal -0 0 1
    outer loop
      vertex 94.4 3.2 2
      vertex 95 2.6 2
      vertex 95 3.2 2
    endloop
  endfacet
  facet normal 0 0 1
    outer loop
      vertex 95 2.6 2
      vertex 94.4 3.2 2
      vertex 94.4 2.6 2
    endloop
  endfacet
  facet normal 1 -0 0
    outer loop
      vertex 94.4 2.6 55
      vertex 94.4 3.2 2
      vertex 94.4 3.2 55
    endloop
  endfacet
  facet normal 1 0 0
    outer loop
      vertex 94.4 3.2 2
      vertex 94.4 2.6 55
      vertex 94.4 2.6 2
    endloop
  endfacet
  facet normal -1 0 0
    outer loop
      vertex 87 3.2 2
      vertex 87 3 3
      vertex 87 3.2 3
    endloop
  endfacet
  facet normal -1 0 0
    outer loop
      vertex 87 2.6 2
      vertex 87 3 3
      vertex 87 3.2 2
    endloop
  endfacet
  facet normal -1 0 0
    outer loop
      vertex 87 2.6 55
      vertex 87 3 3
      vertex 87 2.6 2
    endloop
  endfacet
  facet normal -1 0 0
    outer loop
      vertex 87 3 3
      vertex 87 2.6 55
      vertex 87 3 55
    endloop
  endfacet
  facet normal -0 0 1
    outer loop
      vertex 86.4 3.2 2
      vertex 87 2.6 2
      vertex 87 3.2 2
    endloop
  endfacet
  facet normal 0 0 1
    outer loop
      vertex 87 2.6 2
      vertex 86.4 3.2 2
      vertex 86.4 2.6 2
    endloop
  endfacet
  facet normal 1 0 0
    outer loop
      vertex 86.4 3 55
      vertex 86.4 2.6 55
      vertex 86.4 3 3
    endloop
  endfacet
  facet normal 1 -0 0
    outer loop
      vertex 86.4 3 3
      vertex 86.4 3.2 2
      vertex 86.4 3.2 3
    endloop
  endfacet
  facet normal 1 0 0
    outer loop
      vertex 86.4 3 3
      vertex 86.4 2.6 2
      vertex 86.4 3.2 2
    endloop
  endfacet
  facet normal 1 0 0
    outer loop
      vertex 86.4 2.6 2
      vertex 86.4 3 3
      vertex 86.4 2.6 55
    endloop
  endfacet
  facet normal -1 0 0
    outer loop
      vertex 79 2.6 2
      vertex 79 3.2 3
      vertex 79 3.2 2
    endloop
  endfacet
  facet normal -1 -0 0
    outer loop
      vertex 79 3.2 3
      vertex 79 2.6 2
      vertex 79 2.6 3
    endloop
  endfacet
  facet normal -1 0 0
    outer loop
      vertex 79 2.6 43
      vertex 79 3 55
      vertex 79 3 43
    endloop
  endfacet
  facet normal -1 -0 0
    outer loop
      vertex 79 3 55
      vertex 79 2.6 43
      vertex 79 2.6 55
    endloop
  endfacet
  facet normal -0 0 1
    outer loop
      vertex 78.4 3.2 2
      vertex 79 2.6 2
      vertex 79 3.2 2
    endloop
  endfacet
  facet normal 0 0 1
    outer loop
      vertex 79 2.6 2
      vertex 78.4 3.2 2
      vertex 78.4 2.6 2
    endloop
  endfacet
  facet normal 1 -0 0
    outer loop
      vertex 78.4 2.6 3
      vertex 78.4 3.2 2
      vertex 78.4 3.2 3
    endloop
  endfacet
  facet normal 1 0 0
    outer loop
      vertex 78.4 3.2 2
      vertex 78.4 2.6 3
      vertex 78.4 2.6 2
    endloop
  endfacet
  facet normal 1 -0 0
    outer loop
      vertex 78.4 2.6 55
      vertex 78.4 3 43
      vertex 78.4 3 55
    endloop
  endfacet
  facet normal 1 0 0
    outer loop
      vertex 78.4 3 43
      vertex 78.4 2.6 55
      vertex 78.4 2.6 43
    endloop
  endfacet
  facet normal -1 0 0
    outer loop
      vertex 71 2.6 2
      vertex 71 3.2 3
      vertex 71 3.2 2
    endloop
  endfacet
  facet normal -1 -0 0
    outer loop
      vertex 71 3.2 3
      vertex 71 2.6 2
      vertex 71 2.6 3
    endloop
  endfacet
  facet normal -1 0 0
    outer loop
      vertex 71 2.6 43
      vertex 71 3 55
      vertex 71 3 43
    endloop
  endfacet
  facet normal -1 -0 0
    outer loop
      vertex 71 3 55
      vertex 71 2.6 43
      vertex 71 2.6 55
    endloop
  endfacet
  facet normal -0 0 1
    outer loop
      vertex 70.4 3.2 2
      vertex 71 2.6 2
      vertex 71 3.2 2
    endloop
  endfacet
  facet normal 0 0 1
    outer loop
      vertex 71 2.6 2
      vertex 70.4 3.2 2
      vertex 70.4 2.6 2
    endloop
  endfacet
  facet normal 1 -0 0
    outer loop
      vertex 70.4 2.6 3
      vertex 70.4 3.2 2
      vertex 70.4 3.2 3
    endloop
  endfacet
  facet normal 1 0 0
    outer loop
      vertex 70.4 3.2 2
      vertex 70.4 2.6 3
      vertex 70.4 2.6 2
    endloop
  endfacet
  facet normal 1 -0 0
    outer loop
      vertex 70.4 2.6 55
      vertex 70.4 3 43
      vertex 70.4 3 55
    endloop
  endfacet
  facet normal 1 0 0
    outer loop
      vertex 70.4 3 43
      vertex 70.4 2.6 55
      vertex 70.4 2.6 43
    endloop
  endfacet
  facet normal -1 0 0
    outer loop
      vertex 63 2.6 2
      vertex 63 3.2 3
      vertex 63 3.2 2
    endloop
  endfacet
  facet normal -1 -0 0
    outer loop
      vertex 63 3.2 3
      vertex 63 2.6 2
      vertex 63 2.6 3
    endloop
  endfacet
  facet normal -1 0 0
    outer loop
      vertex 63 2.6 43
      vertex 63 3 55
      vertex 63 3 43
    endloop
  endfacet
  facet normal -1 -0 0
    outer loop
      vertex 63 3 55
      vertex 63 2.6 43
      vertex 63 2.6 55
    endloop
  endfacet
  facet normal -0 0 1
    outer loop
      vertex 62.4 3.2 2
      vertex 63 2.6 2
      vertex 63 3.2 2
    endloop
  endfacet
  facet normal 0 0 1
    outer loop
      vertex 63 2.6 2
      vertex 62.4 3.2 2
      vertex 62.4 2.6 2
    endloop
  endfacet
  facet normal 1 -0 0
    outer loop
      vertex 62.4 2.6 3
      vertex 62.4 3.2 2
      vertex 62.4 3.2 3
    endloop
  endfacet
  facet normal 1 0 0
    outer loop
      vertex 62.4 3.2 2
      vertex 62.4 2.6 3
      vertex 62.4 2.6 2
    endloop
  endfacet
  facet normal 1 -0 0
    outer loop
      vertex 62.4 2.6 55
      vertex 62.4 3 43
      vertex 62.4 3 55
    endloop
  endfacet
  facet normal 1 0 0
    outer loop
      vertex 62.4 3 43
      vertex 62.4 2.6 55
      vertex 62.4 2.6 43
    endloop
  endfacet
  facet normal -1 0 0
    outer loop
      vertex 55 2.6 2
      vertex 55 3.2 3
      vertex 55 3.2 2
    endloop
  endfacet
  facet normal -1 -0 0
    outer loop
      vertex 55 3.2 3
      vertex 55 2.6 2
      vertex 55 2.6 3
    endloop
  endfacet
  facet normal -1 0 0
    outer loop
      vertex 55 2.6 43
      vertex 55 3 55
      vertex 55 3 43
    endloop
  endfacet
  facet normal -1 -0 0
    outer loop
      vertex 55 3 55
      vertex 55 2.6 43
      vertex 55 2.6 55
    endloop
  endfacet
  facet normal -0 0 1
    outer loop
      vertex 54.4 3.2 2
      vertex 55 2.6 2
      vertex 55 3.2 2
    endloop
  endfacet
  facet normal 0 0 1
    outer loop
      vertex 55 2.6 2
      vertex 54.4 3.2 2
      vertex 54.4 2.6 2
    endloop
  endfacet
  facet normal 1 -0 0
    outer loop
      vertex 54.4 2.6 3
      vertex 54.4 3.2 2
      vertex 54.4 3.2 3
    endloop
  endfacet
  facet normal 1 0 0
    outer loop
      vertex 54.4 3.2 2
      vertex 54.4 2.6 3
      vertex 54.4 2.6 2
    endloop
  endfacet
  facet normal 1 -0 0
    outer loop
      vertex 54.4 2.6 55
      vertex 54.4 3 43
      vertex 54.4 3 55
    endloop
  endfacet
  facet normal 1 0 0
    outer loop
      vertex 54.4 3 43
      vertex 54.4 2.6 55
      vertex 54.4 2.6 43
    endloop
  endfacet
  facet normal -1 0 0
    outer loop
      vertex 47 2.6 2
      vertex 47 3.2 3
      vertex 47 3.2 2
    endloop
  endfacet
  facet normal -1 -0 0
    outer loop
      vertex 47 3.2 3
      vertex 47 2.6 2
      vertex 47 2.6 3
    endloop
  endfacet
  facet normal -1 0 0
    outer loop
      vertex 47 2.6 43
      vertex 47 3 55
      vertex 47 3 43
    endloop
  endfacet
  facet normal -1 -0 0
    outer loop
      vertex 47 3 55
      vertex 47 2.6 43
      vertex 47 2.6 55
    endloop
  endfacet
  facet normal -0 0 1
    outer loop
      vertex 46.4 3.2 2
      vertex 47 2.6 2
      vertex 47 3.2 2
    endloop
  endfacet
  facet normal 0 0 1
    outer loop
      vertex 47 2.6 2
      vertex 46.4 3.2 2
      vertex 46.4 2.6 2
    endloop
  endfacet
  facet normal 1 -0 0
    outer loop
      vertex 46.4 2.6 3
      vertex 46.4 3.2 2
      vertex 46.4 3.2 3
    endloop
  endfacet
  facet normal 1 0 0
    outer loop
      vertex 46.4 3.2 2
      vertex 46.4 2.6 3
      vertex 46.4 2.6 2
    endloop
  endfacet
  facet normal 1 -0 0
    outer loop
      vertex 46.4 2.6 55
      vertex 46.4 3 43
      vertex 46.4 3 55
    endloop
  endfacet
  facet normal 1 0 0
    outer loop
      vertex 46.4 3 43
      vertex 46.4 2.6 55
      vertex 46.4 2.6 43
    endloop
  endfacet
  facet normal -1 0 0
    outer loop
      vertex 39 2.6 2
      vertex 39 3.2 3
      vertex 39 3.2 2
    endloop
  endfacet
  facet normal -1 -0 0
    outer loop
      vertex 39 3.2 3
      vertex 39 2.6 2
      vertex 39 2.6 3
    endloop
  endfacet
  facet normal -1 0 0
    outer loop
      vertex 39 2.6 43
      vertex 39 3 55
      vertex 39 3 43
    endloop
  endfacet
  facet normal -1 -0 0
    outer loop
      vertex 39 3 55
      vertex 39 2.6 43
      vertex 39 2.6 55
    endloop
  endfacet
  facet normal -0 0 1
    outer loop
      vertex 38.4 3.2 2
      vertex 39 2.6 2
      vertex 39 3.2 2
    endloop
  endfacet
  facet normal 0 0 1
    outer loop
      vertex 39 2.6 2
      vertex 38.4 3.2 2
      vertex 38.4 2.6 2
    endloop
  endfacet
  facet normal 1 -0 0
    outer loop
      vertex 38.4 2.6 3
      vertex 38.4 3.2 2
      vertex 38.4 3.2 3
    endloop
  endfacet
  facet normal 1 0 0
    outer loop
      vertex 38.4 3.2 2
      vertex 38.4 2.6 3
      vertex 38.4 2.6 2
    endloop
  endfacet
  facet normal 1 -0 0
    outer loop
      vertex 38.4 2.6 55
      vertex 38.4 3 43
      vertex 38.4 3 55
    endloop
  endfacet
  facet normal 1 0 0
    outer loop
      vertex 38.4 3 43
      vertex 38.4 2.6 55
      vertex 38.4 2.6 43
    endloop
  endfacet
  facet normal -1 0 0
    outer loop
      vertex 31 2.6 2
      vertex 31 3.2 3
      vertex 31 3.2 2
    endloop
  endfacet
  facet normal -1 -0 0
    outer loop
      vertex 31 3.2 3
      vertex 31 2.6 2
      vertex 31 2.6 3
    endloop
  endfacet
  facet normal -1 0 0
    outer loop
      vertex 31 2.6 43
      vertex 31 3 55
      vertex 31 3 43
    endloop
  endfacet
  facet normal -1 -0 0
    outer loop
      vertex 31 3 55
      vertex 31 2.6 43
      vertex 31 2.6 55
    endloop
  endfacet
  facet normal -0 0 1
    outer loop
      vertex 30.4 3.2 2
      vertex 31 2.6 2
      vertex 31 3.2 2
    endloop
  endfacet
  facet normal 0 0 1
    outer loop
      vertex 31 2.6 2
      vertex 30.4 3.2 2
      vertex 30.4 2.6 2
    endloop
  endfacet
  facet normal 1 -0 0
    outer loop
      vertex 30.4 2.6 3
      vertex 30.4 3.2 2
      vertex 30.4 3.2 3
    endloop
  endfacet
  facet normal 1 0 0
    outer loop
      vertex 30.4 3.2 2
      vertex 30.4 2.6 3
      vertex 30.4 2.6 2
    endloop
  endfacet
  facet normal 1 -0 0
    outer loop
      vertex 30.4 2.6 55
      vertex 30.4 3 43
      vertex 30.4 3 55
    endloop
  endfacet
  facet normal 1 0 0
    outer loop
      vertex 30.4 3 43
      vertex 30.4 2.6 55
      vertex 30.4 2.6 43
    endloop
  endfacet
  facet normal -1 0 0
    outer loop
      vertex 23 2.6 2
      vertex 23 3.2 3
      vertex 23 3.2 2
    endloop
  endfacet
  facet normal -1 -0 0
    outer loop
      vertex 23 3.2 3
      vertex 23 2.6 2
      vertex 23 2.6 3
    endloop
  endfacet
  facet normal -1 0 0
    outer loop
      vertex 23 2.6 43
      vertex 23 3 55
      vertex 23 3 43
    endloop
  endfacet
  facet normal -1 -0 0
    outer loop
      vertex 23 3 55
      vertex 23 2.6 43
      vertex 23 2.6 55
    endloop
  endfacet
  facet normal -0 0 1
    outer loop
      vertex 22.4 3.2 2
      vertex 23 2.6 2
      vertex 23 3.2 2
    endloop
  endfacet
  facet normal 0 0 1
    outer loop
      vertex 23 2.6 2
      vertex 22.4 3.2 2
      vertex 22.4 2.6 2
    endloop
  endfacet
  facet normal 1 -0 0
    outer loop
      vertex 22.4 2.6 3
      vertex 22.4 3.2 2
      vertex 22.4 3.2 3
    endloop
  endfacet
  facet normal 1 0 0
    outer loop
      vertex 22.4 3.2 2
      vertex 22.4 2.6 3
      vertex 22.4 2.6 2
    endloop
  endfacet
  facet normal 1 -0 0
    outer loop
      vertex 22.4 2.6 55
      vertex 22.4 3 43
      vertex 22.4 3 55
    endloop
  endfacet
  facet normal 1 0 0
    outer loop
      vertex 22.4 3 43
      vertex 22.4 2.6 55
      vertex 22.4 2.6 43
    endloop
  endfacet
  facet normal -1 0 0
    outer loop
      vertex 15 2.6 2
      vertex 15 3.2 3
      vertex 15 3.2 2
    endloop
  endfacet
  facet normal -1 -0 0
    outer loop
      vertex 15 3.2 3
      vertex 15 2.6 2
      vertex 15 2.6 3
    endloop
  endfacet
  facet normal -1 0 0
    outer loop
      vertex 15 2.6 43
      vertex 15 3 55
      vertex 15 3 43
    endloop
  endfacet
  facet normal -1 -0 0
    outer loop
      vertex 15 3 55
      vertex 15 2.6 43
      vertex 15 2.6 55
    endloop
  endfacet
  facet normal -0 0 1
    outer loop
      vertex 14.4 3.2 2
      vertex 15 2.6 2
      vertex 15 3.2 2
    endloop
  endfacet
  facet normal 0 0 1
    outer loop
      vertex 15 2.6 2
      vertex 14.4 3.2 2
      vertex 14.4 2.6 2
    endloop
  endfacet
  facet normal 1 -0 0
    outer loop
      vertex 14.4 2.6 3
      vertex 14.4 3.2 2
      vertex 14.4 3.2 3
    endloop
  endfacet
  facet normal 1 0 0
    outer loop
      vertex 14.4 3.2 2
      vertex 14.4 2.6 3
      vertex 14.4 2.6 2
    endloop
  endfacet
  facet normal 1 -0 0
    outer loop
      vertex 14.4 2.6 55
      vertex 14.4 3 43
      vertex 14.4 3 55
    endloop
  endfacet
  facet normal 1 0 0
    outer loop
      vertex 14.4 3 43
      vertex 14.4 2.6 55
      vertex 14.4 2.6 43
    endloop
  endfacet
  facet normal -1 0 0
    outer loop
      vertex 7 3.2 2
      vertex 7 3 3
      vertex 7 3.2 3
    endloop
  endfacet
  facet normal -1 0 0
    outer loop
      vertex 7 2.6 2
      vertex 7 3 3
      vertex 7 3.2 2
    endloop
  endfacet
  facet normal -1 0 0
    outer loop
      vertex 7 2.6 55
      vertex 7 3 3
      vertex 7 2.6 2
    endloop
  endfacet
  facet normal -1 0 0
    outer loop
      vertex 7 3 3
      vertex 7 2.6 55
      vertex 7 3 55
    endloop
  endfacet
  facet normal -0 0 1
    outer loop
      vertex 6.40001 3.2 2
      vertex 7 2.6 2
      vertex 7 3.2 2
    endloop
  endfacet
  facet normal 0 0 1
    outer loop
      vertex 7 2.6 2
      vertex 6.40001 3.2 2
      vertex 6.40001 2.6 2
    endloop
  endfacet
  facet normal 1 0 0
    outer loop
      vertex 6.40001 3 55
      vertex 6.40001 2.6 55
      vertex 6.40001 3 3
    endloop
  endfacet
  facet normal 1 -0 0
    outer loop
      vertex 6.40001 3 3
      vertex 6.40001 3.2 2
      vertex 6.40001 3.2 3
    endloop
  endfacet
  facet normal 1 0 0
    outer loop
      vertex 6.40001 3 3
      vertex 6.40001 2.6 2
      vertex 6.40001 3.2 2
    endloop
  endfacet
  facet normal 1 0 0
    outer loop
      vertex 6.40001 2.6 2
      vertex 6.40001 3 3
      vertex 6.40001 2.6 55
    endloop
  endfacet
  facet normal 0 -1 0
    outer loop
      vertex 0 109.4 2
      vertex 0.599991 109.4 55
      vertex 0 109.4 55
    endloop
  endfacet
  facet normal 0 -1 -0
    outer loop
      vertex 0.599991 109.4 55
      vertex 0 109.4 2
      vertex 0.599991 109.4 2
    endloop
  endfacet
  facet normal 0 -1 0
    outer loop
      vertex 8 109.4 2
      vertex 8.59999 109.4 55
      vertex 8 109.4 55
    endloop
  endfacet
  facet normal 0 -1 -0
    outer loop
      vertex 8.59999 109.4 55
      vertex 8 109.4 2
      vertex 8.59999 109.4 2
    endloop
  endfacet
  facet normal 0 -1 0
    outer loop
      vertex 16 109.4 2
      vertex 16.6 109.4 55
      vertex 16 109.4 55
    endloop
  endfacet
  facet normal 0 -1 -0
    outer loop
      vertex 16.6 109.4 55
      vertex 16 109.4 2
      vertex 16.6 109.4 2
    endloop
  endfacet
  facet normal 0 -1 0
    outer loop
      vertex 24 109.4 2
      vertex 24.6 109.4 55
      vertex 24 109.4 55
    endloop
  endfacet
  facet normal 0 -1 -0
    outer loop
      vertex 24.6 109.4 55
      vertex 24 109.4 2
      vertex 24.6 109.4 2
    endloop
  endfacet
  facet normal 0 -1 0
    outer loop
      vertex 32 109.4 2
      vertex 32.6 109.4 21
      vertex 32 109.4 21
    endloop
  endfacet
  facet normal 0 -1 -0
    outer loop
      vertex 32.6 109.4 21
      vertex 32 109.4 2
      vertex 32.6 109.4 2
    endloop
  endfacet
  facet normal 0 -1 0
    outer loop
      vertex 32 109.4 45
      vertex 32.6 109.4 55
      vertex 32 109.4 55
    endloop
  endfacet
  facet normal 0 -1 -0
    outer loop
      vertex 32.6 109.4 55
      vertex 32 109.4 45
      vertex 32.6 109.4 45
    endloop
  endfacet
  facet normal 0 -1 0
    outer loop
      vertex 40 109.4 2
      vertex 40.6 109.4 21
      vertex 40 109.4 21
    endloop
  endfacet
  facet normal 0 -1 -0
    outer loop
      vertex 40.6 109.4 21
      vertex 40 109.4 2
      vertex 40.6 109.4 2
    endloop
  endfacet
  facet normal 0 -1 0
    outer loop
      vertex 40 109.4 45
      vertex 40.6 109.4 55
      vertex 40 109.4 55
    endloop
  endfacet
  facet normal 0 -1 -0
    outer loop
      vertex 40.6 109.4 55
      vertex 40 109.4 45
      vertex 40.6 109.4 45
    endloop
  endfacet
  facet normal 0 -1 0
    outer loop
      vertex 48 109.4 2
      vertex 48.6 109.4 21
      vertex 48 109.4 21
    endloop
  endfacet
  facet normal 0 -1 -0
    outer loop
      vertex 48.6 109.4 21
      vertex 48 109.4 2
      vertex 48.6 109.4 2
    endloop
  endfacet
  facet normal 0 -1 0
    outer loop
      vertex 48 109.4 45
      vertex 48.6 109.4 55
      vertex 48 109.4 55
    endloop
  endfacet
  facet normal 0 -1 -0
    outer loop
      vertex 48.6 109.4 55
      vertex 48 109.4 45
      vertex 48.6 109.4 45
    endloop
  endfacet
  facet normal 0 -1 0
    outer loop
      vertex 56 109.4 2
      vertex 56.6 109.4 21
      vertex 56 109.4 21
    endloop
  endfacet
  facet normal 0 -1 -0
    outer loop
      vertex 56.6 109.4 21
      vertex 56 109.4 2
      vertex 56.6 109.4 2
    endloop
  endfacet
  facet normal 0 -1 0
    outer loop
      vertex 56 109.4 45
      vertex 56.6 109.4 55
      vertex 56 109.4 55
    endloop
  endfacet
  facet normal 0 -1 -0
    outer loop
      vertex 56.6 109.4 55
      vertex 56 109.4 45
      vertex 56.6 109.4 45
    endloop
  endfacet
  facet normal 0 -1 0
    outer loop
      vertex 64 109.4 45
      vertex 64.6 109.4 55
      vertex 64 109.4 55
    endloop
  endfacet
  facet normal 0 -1 0
    outer loop
      vertex 64 109.4 21
      vertex 64.6 109.4 55
      vertex 64 109.4 45
    endloop
  endfacet
  facet normal 0 -1 0
    outer loop
      vertex 64.6 109.4 2
      vertex 64 109.4 21
      vertex 64 109.4 2
    endloop
  endfacet
  facet normal 0 -1 0
    outer loop
      vertex 64 109.4 21
      vertex 64.6 109.4 2
      vertex 64.6 109.4 55
    endloop
  endfacet
  facet normal 0 -1 0
    outer loop
      vertex 72 109.4 2
      vertex 72.6 109.4 55
      vertex 72 109.4 55
    endloop
  endfacet
  facet normal 0 -1 -0
    outer loop
      vertex 72.6 109.4 55
      vertex 72 109.4 2
      vertex 72.6 109.4 2
    endloop
  endfacet
  facet normal 0 -1 0
    outer loop
      vertex 80 109.4 2
      vertex 80.6 109.4 55
      vertex 80 109.4 55
    endloop
  endfacet
  facet normal 0 -1 -0
    outer loop
      vertex 80.6 109.4 55
      vertex 80 109.4 2
      vertex 80.6 109.4 2
    endloop
  endfacet
  facet normal 0 -1 0
    outer loop
      vertex 88 109.4 2
      vertex 88.6 109.4 55
      vertex 88 109.4 55
    endloop
  endfacet
  facet normal 0 -1 -0
    outer loop
      vertex 88.6 109.4 55
      vertex 88 109.4 2
      vertex 88.6 109.4 2
    endloop
  endfacet
  facet normal 0 1 -0
    outer loop
      vertex 0.599991 108.8 2
      vertex 0 108.8 55
      vertex 0.599991 108.8 55
    endloop
  endfacet
  facet normal 0 1 0
    outer loop
      vertex 0 108.8 55
      vertex 0.599991 108.8 2
      vertex 0 108.8 2
    endloop
  endfacet
  facet normal 0 1 -0
    outer loop
      vertex 8.59999 108.8 2
      vertex 8 108.8 3
      vertex 8.59999 108.8 3
    endloop
  endfacet
  facet normal 0 1 0
    outer loop
      vertex 8 108.8 3
      vertex 8.59999 108.8 2
      vertex 8 108.8 2
    endloop
  endfacet
  facet normal 0 1 -0
    outer loop
      vertex 16.6 108.8 2
      vertex 16 108.8 3
      vertex 16.6 108.8 3
    endloop
  endfacet
  facet normal 0 1 0
    outer loop
      vertex 16 108.8 3
      vertex 16.6 108.8 2
      vertex 16 108.8 2
    endloop
  endfacet
  facet normal 0 1 -0
    outer loop
      vertex 24.6 108.8 2
      vertex 24 108.8 3
      vertex 24.6 108.8 3
    endloop
  endfacet
  facet normal 0 1 0
    outer loop
      vertex 24 108.8 3
      vertex 24.6 108.8 2
      vertex 24 108.8 2
    endloop
  endfacet
  facet normal 0 1 -0
    outer loop
      vertex 32.6 108.8 2
      vertex 32 108.8 3
      vertex 32.6 108.8 3
    endloop
  endfacet
  facet normal 0 1 0
    outer loop
      vertex 32 108.8 3
      vertex 32.6 108.8 2
      vertex 32 108.8 2
    endloop
  endfacet
  facet normal 0 1 -0
    outer loop
      vertex 40.6 108.8 2
      vertex 40 108.8 3
      vertex 40.6 108.8 3
    endloop
  endfacet
  facet normal 0 1 0
    outer loop
      vertex 40 108.8 3
      vertex 40.6 108.8 2
      vertex 40 108.8 2
    endloop
  endfacet
  facet normal 0 1 -0
    outer loop
      vertex 48.6 108.8 2
      vertex 48 108.8 3
      vertex 48.6 108.8 3
    endloop
  endfacet
  facet normal 0 1 0
    outer loop
      vertex 48 108.8 3
      vertex 48.6 108.8 2
      vertex 48 108.8 2
    endloop
  endfacet
  facet normal 0 1 -0
    outer loop
      vertex 56.6 108.8 2
      vertex 56 108.8 3
      vertex 56.6 108.8 3
    endloop
  endfacet
  facet normal 0 1 0
    outer loop
      vertex 56 108.8 3
      vertex 56.6 108.8 2
      vertex 56 108.8 2
    endloop
  endfacet
  facet normal 0 1 -0
    outer loop
      vertex 64.6 108.8 2
      vertex 64 108.8 3
      vertex 64.6 108.8 3
    endloop
  endfacet
  facet normal 0 1 0
    outer loop
      vertex 64 108.8 3
      vertex 64.6 108.8 2
      vertex 64 108.8 2
    endloop
  endfacet
  facet normal 0 1 -0
    outer loop
      vertex 72.6 108.8 2
      vertex 72 108.8 3
      vertex 72.6 108.8 3
    endloop
  endfacet
  facet normal 0 1 0
    outer loop
      vertex 72 108.8 3
      vertex 72.6 108.8 2
      vertex 72 108.8 2
    endloop
  endfacet
  facet normal 0 1 -0
    outer loop
      vertex 80.6 108.8 2
      vertex 80 108.8 3
      vertex 80.6 108.8 3
    endloop
  endfacet
  facet normal 0 1 0
    outer loop
      vertex 80 108.8 3
      vertex 80.6 108.8 2
      vertex 80 108.8 2
    endloop
  endfacet
  facet normal 0 1 -0
    outer loop
      vertex 88.6 108.8 2
      vertex 88 108.8 3
      vertex 88.6 108.8 3
    endloop
  endfacet
  facet normal 0 1 0
    outer loop
      vertex 88 108.8 3
      vertex 88.6 108.8 2
      vertex 88 108.8 2
    endloop
  endfacet
  facet normal -0 0 1
    outer loop
      vertex 0 109.4 2
      vertex 0.599991 108.8 2
      vertex 0.599991 109.4 2
    endloop
  endfacet
  facet normal 0 0 1
    outer loop
      vertex 0.599991 108.8 2
      vertex 0 109.4 2
      vertex 0 108.8 2
    endloop
  endfacet
  facet normal -1 0 0
    outer loop
      vertex 0.599991 108.8 2
      vertex 0.599991 109.4 55
      vertex 0.599991 109.4 2
    endloop
  endfacet
  facet normal -1 -0 0
    outer loop
      vertex 0.599991 109.4 55
      vertex 0.599991 108.8 2
      vertex 0.599991 108.8 55
    endloop
  endfacet
  facet normal 1 0 0
    outer loop
      vertex 8 109 3
      vertex 8 109.4 55
      vertex 8 109 55
    endloop
  endfacet
  facet normal 1 0 0
    outer loop
      vertex 8 109.4 55
      vertex 8 109 3
      vertex 8 109.4 2
    endloop
  endfacet
  facet normal 1 0 0
    outer loop
      vertex 8 108.8 2
      vertex 8 109 3
      vertex 8 108.8 3
    endloop
  endfacet
  facet normal 1 0 0
    outer loop
      vertex 8 109 3
      vertex 8 108.8 2
      vertex 8 109.4 2
    endloop
  endfacet
  facet normal -0 0 1
    outer loop
      vertex 8 109.4 2
      vertex 8.59999 108.8 2
      vertex 8.59999 109.4 2
    endloop
  endfacet
  facet normal 0 0 1
    outer loop
      vertex 8.59999 108.8 2
      vertex 8 109.4 2
      vertex 8 108.8 2
    endloop
  endfacet
  facet normal -1 0 0
    outer loop
      vertex 8.59999 109.4 2
      vertex 8.59999 109 3
      vertex 8.59999 109.4 55
    endloop
  endfacet
  facet normal -1 0 0
    outer loop
      vertex 8.59999 108.8 2
      vertex 8.59999 109 3
      vertex 8.59999 109.4 2
    endloop
  endfacet
  facet normal -1 -0 0
    outer loop
      vertex 8.59999 109 3
      vertex 8.59999 108.8 2
      vertex 8.59999 108.8 3
    endloop
  endfacet
  facet normal -1 -0 0
    outer loop
      vertex 8.59999 109.4 55
      vertex 8.59999 109 3
      vertex 8.59999 109 55
    endloop
  endfacet
  facet normal 1 0 0
    outer loop
      vertex 16 109 3
      vertex 16 109.4 55
      vertex 16 109 55
    endloop
  endfacet
  facet normal 1 0 0
    outer loop
      vertex 16 109.4 55
      vertex 16 109 3
      vertex 16 109.4 2
    endloop
  endfacet
  facet normal 1 0 0
    outer loop
      vertex 16 108.8 2
      vertex 16 109 3
      vertex 16 108.8 3
    endloop
  endfacet
  facet normal 1 0 0
    outer loop
      vertex 16 109 3
      vertex 16 108.8 2
      vertex 16 109.4 2
    endloop
  endfacet
  facet normal -0 0 1
    outer loop
      vertex 16 109.4 2
      vertex 16.6 108.8 2
      vertex 16.6 109.4 2
    endloop
  endfacet
  facet normal 0 0 1
    outer loop
      vertex 16.6 108.8 2
      vertex 16 109.4 2
      vertex 16 108.8 2
    endloop
  endfacet
  facet normal -1 0 0
    outer loop
      vertex 16.6 109.4 2
      vertex 16.6 109 3
      vertex 16.6 109.4 55
    endloop
  endfacet
  facet normal -1 0 0
    outer loop
      vertex 16.6 108.8 2
      vertex 16.6 109 3
      vertex 16.6 109.4 2
    endloop
  endfacet
  facet normal -1 -0 0
    outer loop
      vertex 16.6 109 3
      vertex 16.6 108.8 2
      vertex 16.6 108.8 3
    endloop
  endfacet
  facet normal -1 -0 0
    outer loop
      vertex 16.6 109.4 55
      vertex 16.6 109 3
      vertex 16.6 109 55
    endloop
  endfacet
  facet normal 1 0 0
    outer loop
      vertex 24 109 3
      vertex 24 109.4 55
      vertex 24 109 55
    endloop
  endfacet
  facet normal 1 0 0
    outer loop
      vertex 24 109.4 55
      vertex 24 109 3
      vertex 24 109.4 2
    endloop
  endfacet
  facet normal 1 0 0
    outer loop
      vertex 24 108.8 2
      vertex 24 109 3
      vertex 24 108.8 3
    endloop
  endfacet
  facet normal 1 0 0
    outer loop
      vertex 24 109 3
      vertex 24 108.8 2
      vertex 24 109.4 2
    endloop
  endfacet
  facet normal -0 0 1
    outer loop
      vertex 24 109.4 2
      vertex 24.6 108.8 2
      vertex 24.6 109.4 2
    endloop
  endfacet
  facet normal 0 0 1
    outer loop
      vertex 24.6 108.8 2
      vertex 24 109.4 2
      vertex 24 108.8 2
    endloop
  endfacet
  facet normal -1 0 0
    outer loop
      vertex 24.6 109.4 2
      vertex 24.6 109 3
      vertex 24.6 109.4 55
    endloop
  endfacet
  facet normal -1 0 0
    outer loop
      vertex 24.6 108.8 2
      vertex 24.6 109 3
      vertex 24.6 109.4 2
    endloop
  endfacet
  facet normal -1 -0 0
    outer loop
      vertex 24.6 109 3
      vertex 24.6 108.8 2
      vertex 24.6 108.8 3
    endloop
  endfacet
  facet normal -1 -0 0
    outer loop
      vertex 24.6 109.4 55
      vertex 24.6 109 3
      vertex 24.6 109 55
    endloop
  endfacet
  facet normal 1 0 0
    outer loop
      vertex 32 109 3
      vertex 32 109.4 21
      vertex 32 109 21
    endloop
  endfacet
  facet normal 1 0 0
    outer loop
      vertex 32 109.4 21
      vertex 32 109 3
      vertex 32 109.4 2
    endloop
  endfacet
  facet normal 1 0 0
    outer loop
      vertex 32 108.8 2
      vertex 32 109 3
      vertex 32 108.8 3
    endloop
  endfacet
  facet normal 1 0 0
    outer loop
      vertex 32 109 3
      vertex 32 108.8 2
      vertex 32 109.4 2
    endloop
  endfacet
  facet normal 1 -0 0
    outer loop
      vertex 32 109 55
      vertex 32 109.4 45
      vertex 32 109.4 55
    endloop
  endfacet
  facet normal 1 0 0
    outer loop
      vertex 32 109.4 45
      vertex 32 109 55
      vertex 32 109 45
    endloop
  endfacet
  facet normal -0 0 1
    outer loop
      vertex 32 109.4 2
      vertex 32.6 108.8 2
      vertex 32.6 109.4 2
    endloop
  endfacet
  facet normal 0 0 1
    outer loop
      vertex 32.6 108.8 2
      vertex 32 109.4 2
      vertex 32 108.8 2
    endloop
  endfacet
  facet normal -1 0 0
    outer loop
      vertex 32.6 109.4 2
      vertex 32.6 109 3
      vertex 32.6 109.4 21
    endloop
  endfacet
  facet normal -1 0 0
    outer loop
      vertex 32.6 108.8 2
      vertex 32.6 109 3
      vertex 32.6 109.4 2
    endloop
  endfacet
  facet normal -1 -0 0
    outer loop
      vertex 32.6 109 3
      vertex 32.6 108.8 2
      vertex 32.6 108.8 3
    endloop
  endfacet
  facet normal -1 -0 0
    outer loop
      vertex 32.6 109.4 21
      vertex 32.6 109 3
      vertex 32.6 109 21
    endloop
  endfacet
  facet normal -1 0 0
    outer loop
      vertex 32.6 109 45
      vertex 32.6 109.4 55
      vertex 32.6 109.4 45
    endloop
  endfacet
  facet normal -1 -0 0
    outer loop
      vertex 32.6 109.4 55
      vertex 32.6 109 45
      vertex 32.6 109 55
    endloop
  endfacet
  facet normal 1 0 0
    outer loop
      vertex 40 109 3
      vertex 40 109.4 21
      vertex 40 109 21
    endloop
  endfacet
  facet normal 1 0 0
    outer loop
      vertex 40 109.4 21
      vertex 40 109 3
      vertex 40 109.4 2
    endloop
  endfacet
  facet normal 1 0 0
    outer loop
      vertex 40 108.8 2
      vertex 40 109 3
      vertex 40 108.8 3
    endloop
  endfacet
  facet normal 1 0 0
    outer loop
      vertex 40 109 3
      vertex 40 108.8 2
      vertex 40 109.4 2
    endloop
  endfacet
  facet normal 1 -0 0
    outer loop
      vertex 40 109 55
      vertex 40 109.4 45
      vertex 40 109.4 55
    endloop
  endfacet
  facet normal 1 0 0
    outer loop
      vertex 40 109.4 45
      vertex 40 109 55
      vertex 40 109 45
    endloop
  endfacet
  facet normal -0 0 1
    outer loop
      vertex 40 109.4 2
      vertex 40.6 108.8 2
      vertex 40.6 109.4 2
    endloop
  endfacet
  facet normal 0 0 1
    outer loop
      vertex 40.6 108.8 2
      vertex 40 109.4 2
      vertex 40 108.8 2
    endloop
  endfacet
  facet normal -1 0 0
    outer loop
      vertex 40.6 109.4 2
      vertex 40.6 109 3
      vertex 40.6 109.4 21
    endloop
  endfacet
  facet normal -1 0 0
    outer loop
      vertex 40.6 108.8 2
      vertex 40.6 109 3
      vertex 40.6 109.4 2
    endloop
  endfacet
  facet normal -1 -0 0
    outer loop
      vertex 40.6 109 3
      vertex 40.6 108.8 2
      vertex 40.6 108.8 3
    endloop
  endfacet
  facet normal -1 -0 0
    outer loop
      vertex 40.6 109.4 21
      vertex 40.6 109 3
      vertex 40.6 109 21
    endloop
  endfacet
  facet normal -1 0 0
    outer loop
      vertex 40.6 109 45
      vertex 40.6 109.4 55
      vertex 40.6 109.4 45
    endloop
  endfacet
  facet normal -1 -0 0
    outer loop
      vertex 40.6 109.4 55
      vertex 40.6 109 45
      vertex 40.6 109 55
    endloop
  endfacet
  facet normal 1 0 0
    outer loop
      vertex 48 109 3
      vertex 48 109.4 21
      vertex 48 109 21
    endloop
  endfacet
  facet normal 1 0 0
    outer loop
      vertex 48 109.4 21
      vertex 48 109 3
      vertex 48 109.4 2
    endloop
  endfacet
  facet normal 1 0 0
    outer loop
      vertex 48 108.8 2
      vertex 48 109 3
      vertex 48 108.8 3
    endloop
  endfacet
  facet normal 1 0 0
    outer loop
      vertex 48 109 3
      vertex 48 108.8 2
      vertex 48 109.4 2
    endloop
  endfacet
  facet normal 1 -0 0
    outer loop
      vertex 48 109 55
      vertex 48 109.4 45
      vertex 48 109.4 55
    endloop
  endfacet
  facet normal 1 0 0
    outer loop
      vertex 48 109.4 45
      vertex 48 109 55
      vertex 48 109 45
    endloop
  endfacet
  facet normal -0 0 1
    outer loop
      vertex 48 109.4 2
      vertex 48.6 108.8 2
      vertex 48.6 109.4 2
    endloop
  endfacet
  facet normal 0 0 1
    outer loop
      vertex 48.6 108.8 2
      vertex 48 109.4 2
      vertex 48 108.8 2
    endloop
  endfacet
  facet normal -1 0 0
    outer loop
      vertex 48.6 109.4 2
      vertex 48.6 109 3
      vertex 48.6 109.4 21
    endloop
  endfacet
  facet normal -1 0 0
    outer loop
      vertex 48.6 108.8 2
      vertex 48.6 109 3
      vertex 48.6 109.4 2
    endloop
  endfacet
  facet normal -1 -0 0
    outer loop
      vertex 48.6 109 3
      vertex 48.6 108.8 2
      vertex 48.6 108.8 3
    endloop
  endfacet
  facet normal -1 -0 0
    outer loop
      vertex 48.6 109.4 21
      vertex 48.6 109 3
      vertex 48.6 109 21
    endloop
  endfacet
  facet normal -1 0 0
    outer loop
      vertex 48.6 109 45
      vertex 48.6 109.4 55
      vertex 48.6 109.4 45
    endloop
  endfacet
  facet normal -1 -0 0
    outer loop
      vertex 48.6 109.4 55
      vertex 48.6 109 45
      vertex 48.6 109 55
    endloop
  endfacet
  facet normal 1 0 0
    outer loop
      vertex 56 109 3
      vertex 56 109.4 21
      vertex 56 109 21
    endloop
  endfacet
  facet normal 1 0 0
    outer loop
      vertex 56 109.4 21
      vertex 56 109 3
      vertex 56 109.4 2
    endloop
  endfacet
  facet normal 1 0 0
    outer loop
      vertex 56 108.8 2
      vertex 56 109 3
      vertex 56 108.8 3
    endloop
  endfacet
  facet normal 1 0 0
    outer loop
      vertex 56 109 3
      vertex 56 108.8 2
      vertex 56 109.4 2
    endloop
  endfacet
  facet normal 1 -0 0
    outer loop
      vertex 56 109 55
      vertex 56 109.4 45
      vertex 56 109.4 55
    endloop
  endfacet
  facet normal 1 0 0
    outer loop
      vertex 56 109.4 45
      vertex 56 109 55
      vertex 56 109 45
    endloop
  endfacet
  facet normal -0 0 1
    outer loop
      vertex 56 109.4 2
      vertex 56.6 108.8 2
      vertex 56.6 109.4 2
    endloop
  endfacet
  facet normal 0 0 1
    outer loop
      vertex 56.6 108.8 2
      vertex 56 109.4 2
      vertex 56 108.8 2
    endloop
  endfacet
  facet normal -1 0 0
    outer loop
      vertex 56.6 109.4 2
      vertex 56.6 109 3
      vertex 56.6 109.4 21
    endloop
  endfacet
  facet normal -1 0 0
    outer loop
      vertex 56.6 108.8 2
      vertex 56.6 109 3
      vertex 56.6 109.4 2
    endloop
  endfacet
  facet normal -1 -0 0
    outer loop
      vertex 56.6 109 3
      vertex 56.6 108.8 2
      vertex 56.6 108.8 3
    endloop
  endfacet
  facet normal -1 -0 0
    outer loop
      vertex 56.6 109.4 21
      vertex 56.6 109 3
      vertex 56.6 109 21
    endloop
  endfacet
  facet normal -1 0 0
    outer loop
      vertex 56.6 109 45
      vertex 56.6 109.4 55
      vertex 56.6 109.4 45
    endloop
  endfacet
  facet normal -1 -0 0
    outer loop
      vertex 56.6 109.4 55
      vertex 56.6 109 45
      vertex 56.6 109 55
    endloop
  endfacet
  facet normal -0 0 1
    outer loop
      vertex 64 109.4 2
      vertex 64.6 108.8 2
      vertex 64.6 109.4 2
    endloop
  endfacet
  facet normal 0 0 1
    outer loop
      vertex 64.6 108.8 2
      vertex 64 109.4 2
      vertex 64 108.8 2
    endloop
  endfacet
  facet normal -1 0 0
    outer loop
      vertex 64.6 109.4 2
      vertex 64.6 109 3
      vertex 64.6 109.4 55
    endloop
  endfacet
  facet normal -1 0 0
    outer loop
      vertex 64.6 108.8 2
      vertex 64.6 109 3
      vertex 64.6 109.4 2
    endloop
  endfacet
  facet normal -1 -0 0
    outer loop
      vertex 64.6 109 3
      vertex 64.6 108.8 2
      vertex 64.6 108.8 3
    endloop
  endfacet
  facet normal -1 -0 0
    outer loop
      vertex 64.6 109.4 55
      vertex 64.6 109 3
      vertex 64.6 109 55
    endloop
  endfacet
  facet normal 1 0 0
    outer loop
      vertex 72 109 3
      vertex 72 109.4 55
      vertex 72 109 55
    endloop
  endfacet
  facet normal 1 0 0
    outer loop
      vertex 72 109.4 55
      vertex 72 109 3
      vertex 72 109.4 2
    endloop
  endfacet
  facet normal 1 0 0
    outer loop
      vertex 72 108.8 2
      vertex 72 109 3
      vertex 72 108.8 3
    endloop
  endfacet
  facet normal 1 0 0
    outer loop
      vertex 72 109 3
      vertex 72 108.8 2
      vertex 72 109.4 2
    endloop
  endfacet
  facet normal -0 0 1
    outer loop
      vertex 72 109.4 2
      vertex 72.6 108.8 2
      vertex 72.6 109.4 2
    endloop
  endfacet
  facet normal 0 0 1
    outer loop
      vertex 72.6 108.8 2
      vertex 72 109.4 2
      vertex 72 108.8 2
    endloop
  endfacet
  facet normal -1 0 0
    outer loop
      vertex 72.6 109.4 2
      vertex 72.6 109 3
      vertex 72.6 109.4 55
    endloop
  endfacet
  facet normal -1 0 0
    outer loop
      vertex 72.6 108.8 2
      vertex 72.6 109 3
      vertex 72.6 109.4 2
    endloop
  endfacet
  facet normal -1 -0 0
    outer loop
      vertex 72.6 109 3
      vertex 72.6 108.8 2
      vertex 72.6 108.8 3
    endloop
  endfacet
  facet normal -1 -0 0
    outer loop
      vertex 72.6 109.4 55
      vertex 72.6 109 3
      vertex 72.6 109 55
    endloop
  endfacet
  facet normal 1 0 0
    outer loop
      vertex 80 109 3
      vertex 80 109.4 55
      vertex 80 109 55
    endloop
  endfacet
  facet normal 1 0 0
    outer loop
      vertex 80 109.4 55
      vertex 80 109 3
      vertex 80 109.4 2
    endloop
  endfacet
  facet normal 1 0 0
    outer loop
      vertex 80 108.8 2
      vertex 80 109 3
      vertex 80 108.8 3
    endloop
  endfacet
  facet normal 1 0 0
    outer loop
      vertex 80 109 3
      vertex 80 108.8 2
      vertex 80 109.4 2
    endloop
  endfacet
  facet normal -0 0 1
    outer loop
      vertex 80 109.4 2
      vertex 80.6 108.8 2
      vertex 80.6 109.4 2
    endloop
  endfacet
  facet normal 0 0 1
    outer loop
      vertex 80.6 108.8 2
      vertex 80 109.4 2
      vertex 80 108.8 2
    endloop
  endfacet
  facet normal -1 0 0
    outer loop
      vertex 80.6 109.4 2
      vertex 80.6 109 3
      vertex 80.6 109.4 55
    endloop
  endfacet
  facet normal -1 0 0
    outer loop
      vertex 80.6 108.8 2
      vertex 80.6 109 3
      vertex 80.6 109.4 2
    endloop
  endfacet
  facet normal -1 -0 0
    outer loop
      vertex 80.6 109 3
      vertex 80.6 108.8 2
      vertex 80.6 108.8 3
    endloop
  endfacet
  facet normal -1 -0 0
    outer loop
      vertex 80.6 109.4 55
      vertex 80.6 109 3
      vertex 80.6 109 55
    endloop
  endfacet
  facet normal 1 0 0
    outer loop
      vertex 88 109 3
      vertex 88 109.4 55
      vertex 88 109 55
    endloop
  endfacet
  facet normal 1 0 0
    outer loop
      vertex 88 109.4 55
      vertex 88 109 3
      vertex 88 109.4 2
    endloop
  endfacet
  facet normal 1 0 0
    outer loop
      vertex 88 108.8 2
      vertex 88 109 3
      vertex 88 108.8 3
    endloop
  endfacet
  facet normal 1 0 0
    outer loop
      vertex 88 109 3
      vertex 88 108.8 2
      vertex 88 109.4 2
    endloop
  endfacet
  facet normal -0 0 1
    outer loop
      vertex 88 109.4 2
      vertex 88.6 108.8 2
      vertex 88.6 109.4 2
    endloop
  endfacet
  facet normal 0 0 1
    outer loop
      vertex 88.6 108.8 2
      vertex 88 109.4 2
      vertex 88 108.8 2
    endloop
  endfacet
  facet normal -1 0 0
    outer loop
      vertex 88.6 109.4 2
      vertex 88.6 109 3
      vertex 88.6 109.4 55
    endloop
  endfacet
  facet normal -1 0 0
    outer loop
      vertex 88.6 108.8 2
      vertex 88.6 109 3
      vertex 88.6 109.4 2
    endloop
  endfacet
  facet normal -1 -0 0
    outer loop
      vertex 88.6 109 3
      vertex 88.6 108.8 2
      vertex 88.6 108.8 3
    endloop
  endfacet
  facet normal -1 -0 0
    outer loop
      vertex 88.6 109.4 55
      vertex 88.6 109 3
      vertex 88.6 109 55
    endloop
  endfacet
  facet normal 1 -0 0
    outer loop
      vertex 2.6 0 55
      vertex 2.6 0.599991 2
      vertex 2.6 0.599991 55
    endloop
  endfacet
  facet normal 1 0 0
    outer loop
      vertex 2.6 0.599991 2
      vertex 2.6 0 55
      vertex 2.6 0 2
    endloop
  endfacet
  facet normal 1 -0 0
    outer loop
      vertex 2.6 8 55
      vertex 2.6 8.59999 2
      vertex 2.6 8.59999 55
    endloop
  endfacet
  facet normal 1 0 0
    outer loop
      vertex 2.6 8.59999 2
      vertex 2.6 8 55
      vertex 2.6 8 2
    endloop
  endfacet
  facet normal 1 -0 0
    outer loop
      vertex 2.6 16 55
      vertex 2.6 16.6 2
      vertex 2.6 16.6 55
    endloop
  endfacet
  facet normal 1 0 0
    outer loop
      vertex 2.6 16.6 2
      vertex 2.6 16 55
      vertex 2.6 16 2
    endloop
  endfacet
  facet normal 1 -0 0
    outer loop
      vertex 2.6 24 55
      vertex 2.6 24.6 2
      vertex 2.6 24.6 55
    endloop
  endfacet
  facet normal 1 0 0
    outer loop
      vertex 2.6 24.6 2
      vertex 2.6 24 55
      vertex 2.6 24 2
    endloop
  endfacet
  facet normal 1 -0 0
    outer loop
      vertex 2.6 32 55
      vertex 2.6 32.6 2
      vertex 2.6 32.6 55
    endloop
  endfacet
  facet normal 1 0 0
    outer loop
      vertex 2.6 32.6 2
      vertex 2.6 32 55
      vertex 2.6 32 2
    endloop
  endfacet
  facet normal 1 -0 0
    outer loop
      vertex 2.6 40 55
      vertex 2.6 40.6 2
      vertex 2.6 40.6 55
    endloop
  endfacet
  facet normal 1 0 0
    outer loop
      vertex 2.6 40.6 2
      vertex 2.6 40 55
      vertex 2.6 40 2
    endloop
  endfacet
  facet normal 1 -0 0
    outer loop
      vertex 2.6 48 55
      vertex 2.6 48.6 2
      vertex 2.6 48.6 55
    endloop
  endfacet
  facet normal 1 0 0
    outer loop
      vertex 2.6 48.6 2
      vertex 2.6 48 55
      vertex 2.6 48 2
    endloop
  endfacet
  facet normal 1 -0 0
    outer loop
      vertex 2.6 56 55
      vertex 2.6 56.6 2
      vertex 2.6 56.6 55
    endloop
  endfacet
  facet normal 1 0 0
    outer loop
      vertex 2.6 56.6 2
      vertex 2.6 56 55
      vertex 2.6 56 2
    endloop
  endfacet
  facet normal 1 -0 0
    outer loop
      vertex 2.6 64 55
      vertex 2.6 64.6 2
      vertex 2.6 64.6 55
    endloop
  endfacet
  facet normal 1 0 0
    outer loop
      vertex 2.6 64.6 2
      vertex 2.6 64 55
      vertex 2.6 64 2
    endloop
  endfacet
  facet normal 1 -0 0
    outer loop
      vertex 2.6 72 3
      vertex 2.6 72.6 2
      vertex 2.6 72.6 3
    endloop
  endfacet
  facet normal 1 0 0
    outer loop
      vertex 2.6 72.6 2
      vertex 2.6 72 3
      vertex 2.6 72 2
    endloop
  endfacet
  facet normal 1 -0 0
    outer loop
      vertex 2.6 72 55
      vertex 2.6 72.6 43
      vertex 2.6 72.6 55
    endloop
  endfacet
  facet normal 1 0 0
    outer loop
      vertex 2.6 72.6 43
      vertex 2.6 72 55
      vertex 2.6 72 43
    endloop
  endfacet
  facet normal 1 -0 0
    outer loop
      vertex 2.6 80 3
      vertex 2.6 80.6 2
      vertex 2.6 80.6 3
    endloop
  endfacet
  facet normal 1 0 0
    outer loop
      vertex 2.6 80.6 2
      vertex 2.6 80 3
      vertex 2.6 80 2
    endloop
  endfacet
  facet normal 1 -0 0
    outer loop
      vertex 2.6 80 55
      vertex 2.6 80.6 43
      vertex 2.6 80.6 55
    endloop
  endfacet
  facet normal 1 0 0
    outer loop
      vertex 2.6 80.6 43
      vertex 2.6 80 55
      vertex 2.6 80 43
    endloop
  endfacet
  facet normal 1 -0 0
    outer loop
      vertex 2.6 88 3
      vertex 2.6 88.6 2
      vertex 2.6 88.6 3
    endloop
  endfacet
  facet normal 1 0 0
    outer loop
      vertex 2.6 88.6 2
      vertex 2.6 88 3
      vertex 2.6 88 2
    endloop
  endfacet
  facet normal 1 -0 0
    outer loop
      vertex 2.6 88 55
      vertex 2.6 88.6 43
      vertex 2.6 88.6 55
    endloop
  endfacet
  facet normal 1 0 0
    outer loop
      vertex 2.6 88.6 43
      vertex 2.6 88 55
      vertex 2.6 88 43
    endloop
  endfacet
  facet normal 1 0 0
    outer loop
      vertex 2.6 96 43
      vertex 2.6 96.6 55
      vertex 2.6 96 55
    endloop
  endfacet
  facet normal 1 0 0
    outer loop
      vertex 2.6 96.6 55
      vertex 2.6 96 43
      vertex 2.6 96.6 2
    endloop
  endfacet
  facet normal 1 -0 0
    outer loop
      vertex 2.6 96 3
      vertex 2.6 96.6 2
      vertex 2.6 96 43
    endloop
  endfacet
  facet normal 1 0 0
    outer loop
      vertex 2.6 96.6 2
      vertex 2.6 96 3
      vertex 2.6 96 2
    endloop
  endfacet
  facet normal 1 -0 0
    outer loop
      vertex 2.6 104 55
      vertex 2.6 104.6 2
      vertex 2.6 104.6 55
    endloop
  endfacet
  facet normal 1 0 0
    outer loop
      vertex 2.6 104.6 2
      vertex 2.6 104 55
      vertex 2.6 104 2
    endloop
  endfacet
  facet normal -1 0 0
    outer loop
      vertex 3.2 0 2
      vertex 3.2 0.599991 55
      vertex 3.2 0.599991 2
    endloop
  endfacet
  facet normal -1 -0 0
    outer loop
      vertex 3.2 0.599991 55
      vertex 3.2 0 2
      vertex 3.2 0 55
    endloop
  endfacet
  facet normal -1 0 0
    outer loop
      vertex 3.2 8 2
      vertex 3.2 8.59999 3
      vertex 3.2 8.59999 2
    endloop
  endfacet
  facet normal -1 -0 0
    outer loop
      vertex 3.2 8.59999 3
      vertex 3.2 8 2
      vertex 3.2 8 3
    endloop
  endfacet
  facet normal -1 0 0
    outer loop
      vertex 3.2 16 2
      vertex 3.2 16.6 3
      vertex 3.2 16.6 2
    endloop
  endfacet
  facet normal -1 -0 0
    outer loop
      vertex 3.2 16.6 3
      vertex 3.2 16 2
      vertex 3.2 16 3
    endloop
  endfacet
  facet normal -1 0 0
    outer loop
      vertex 3.2 24 2
      vertex 3.2 24.6 3
      vertex 3.2 24.6 2
    endloop
  endfacet
  facet normal -1 -0 0
    outer loop
      vertex 3.2 24.6 3
      vertex 3.2 24 2
      vertex 3.2 24 3
    endloop
  endfacet
  facet normal -1 0 0
    outer loop
      vertex 3.2 32 2
      vertex 3.2 32.6 3
      vertex 3.2 32.6 2
    endloop
  endfacet
  facet normal -1 -0 0
    outer loop
      vertex 3.2 32.6 3
      vertex 3.2 32 2
      vertex 3.2 32 3
    endloop
  endfacet
  facet normal -1 0 0
    outer loop
      vertex 3.2 40 2
      vertex 3.2 40.6 3
      vertex 3.2 40.6 2
    endloop
  endfacet
  facet normal -1 -0 0
    outer loop
      vertex 3.2 40.6 3
      vertex 3.2 40 2
      vertex 3.2 40 3
    endloop
  endfacet
  facet normal -1 0 0
    outer loop
      vertex 3.2 48 2
      vertex 3.2 48.6 3
      vertex 3.2 48.6 2
    endloop
  endfacet
  facet normal -1 -0 0
    outer loop
      vertex 3.2 48.6 3
      vertex 3.2 48 2
      vertex 3.2 48 3
    endloop
  endfacet
  facet normal -1 0 0
    outer loop
      vertex 3.2 56 2
      vertex 3.2 56.6 3
      vertex 3.2 56.6 2
    endloop
  endfacet
  facet normal -1 -0 0
    outer loop
      vertex 3.2 56.6 3
      vertex 3.2 56 2
      vertex 3.2 56 3
    endloop
  endfacet
  facet normal -1 0 0
    outer loop
      vertex 3.2 64 2
      vertex 3.2 64.6 3
      vertex 3.2 64.6 2
    endloop
  endfacet
  facet normal -1 -0 0
    outer loop
      vertex 3.2 64.6 3
      vertex 3.2 64 2
      vertex 3.2 64 3
    endloop
  endfacet
  facet normal -1 0 0
    outer loop
      vertex 3.2 72 2
      vertex 3.2 72.6 3
      vertex 3.2 72.6 2
    endloop
  endfacet
  facet normal -1 -0 0
    outer loop
      vertex 3.2 72.6 3
      vertex 3.2 72 2
      vertex 3.2 72 3
    endloop
  endfacet
  facet normal -1 0 0
    outer loop
      vertex 3.2 80 2
      vertex 3.2 80.6 3
      vertex 3.2 80.6 2
    endloop
  endfacet
  facet normal -1 -0 0
    outer loop
      vertex 3.2 80.6 3
      vertex 3.2 80 2
      vertex 3.2 80 3
    endloop
  endfacet
  facet normal -1 0 0
    outer loop
      vertex 3.2 88 2
      vertex 3.2 88.6 3
      vertex 3.2 88.6 2
    endloop
  endfacet
  facet normal -1 -0 0
    outer loop
      vertex 3.2 88.6 3
      vertex 3.2 88 2
      vertex 3.2 88 3
    endloop
  endfacet
  facet normal -1 0 0
    outer loop
      vertex 3.2 96 2
      vertex 3.2 96.6 3
      vertex 3.2 96.6 2
    endloop
  endfacet
  facet normal -1 -0 0
    outer loop
      vertex 3.2 96.6 3
      vertex 3.2 96 2
      vertex 3.2 96 3
    endloop
  endfacet
  facet normal -1 0 0
    outer loop
      vertex 3.2 104 2
      vertex 3.2 104.6 3
      vertex 3.2 104.6 2
    endloop
  endfacet
  facet normal -1 -0 0
    outer loop
      vertex 3.2 104.6 3
      vertex 3.2 104 2
      vertex 3.2 104 3
    endloop
  endfacet
  facet normal -0 0 1
    outer loop
      vertex 2.6 0.599991 2
      vertex 3.2 0 2
      vertex 3.2 0.599991 2
    endloop
  endfacet
  facet normal 0 0 1
    outer loop
      vertex 3.2 0 2
      vertex 2.6 0.599991 2
      vertex 2.6 0 2
    endloop
  endfacet
  facet normal 0 -1 0
    outer loop
      vertex 2.6 0.599991 2
      vertex 3.2 0.599991 55
      vertex 2.6 0.599991 55
    endloop
  endfacet
  facet normal 0 -1 -0
    outer loop
      vertex 3.2 0.599991 55
      vertex 2.6 0.599991 2
      vertex 3.2 0.599991 2
    endloop
  endfacet
  facet normal 0 1 0
    outer loop
      vertex 3.2 8 3
      vertex 3.2 8 2
      vertex 3 8 3
    endloop
  endfacet
  facet normal 0 1 -0
    outer loop
      vertex 3 8 3
      vertex 2.6 8 55
      vertex 3 8 55
    endloop
  endfacet
  facet normal 0 1 0
    outer loop
      vertex 3 8 3
      vertex 2.6 8 2
      vertex 2.6 8 55
    endloop
  endfacet
  facet normal 0 1 0
    outer loop
      vertex 2.6 8 2
      vertex 3 8 3
      vertex 3.2 8 2
    endloop
  endfacet
  facet normal -0 0 1
    outer loop
      vertex 2.6 8.59999 2
      vertex 3.2 8 2
      vertex 3.2 8.59999 2
    endloop
  endfacet
  facet normal 0 0 1
    outer loop
      vertex 3.2 8 2
      vertex 2.6 8.59999 2
      vertex 2.6 8 2
    endloop
  endfacet
  facet normal 0 -1 0
    outer loop
      vertex 2.6 8.59999 55
      vertex 3 8.59999 3
      vertex 3 8.59999 55
    endloop
  endfacet
  facet normal 0 -1 0
    outer loop
      vertex 2.6 8.59999 2
      vertex 3 8.59999 3
      vertex 2.6 8.59999 55
    endloop
  endfacet
  facet normal 0 -1 0
    outer loop
      vertex 3.2 8.59999 2
      vertex 3 8.59999 3
      vertex 2.6 8.59999 2
    endloop
  endfacet
  facet normal 0 -1 0
    outer loop
      vertex 3 8.59999 3
      vertex 3.2 8.59999 2
      vertex 3.2 8.59999 3
    endloop
  endfacet
  facet normal 0 1 0
    outer loop
      vertex 3.2 16 3
      vertex 3.2 16 2
      vertex 3 16 3
    endloop
  endfacet
  facet normal 0 1 -0
    outer loop
      vertex 3 16 3
      vertex 2.6 16 55
      vertex 3 16 55
    endloop
  endfacet
  facet normal 0 1 0
    outer loop
      vertex 3 16 3
      vertex 2.6 16 2
      vertex 2.6 16 55
    endloop
  endfacet
  facet normal 0 1 0
    outer loop
      vertex 2.6 16 2
      vertex 3 16 3
      vertex 3.2 16 2
    endloop
  endfacet
  facet normal -0 0 1
    outer loop
      vertex 2.6 16.6 2
      vertex 3.2 16 2
      vertex 3.2 16.6 2
    endloop
  endfacet
  facet normal 0 0 1
    outer loop
      vertex 3.2 16 2
      vertex 2.6 16.6 2
      vertex 2.6 16 2
    endloop
  endfacet
  facet normal 0 -1 0
    outer loop
      vertex 2.6 16.6 55
      vertex 3 16.6 3
      vertex 3 16.6 55
    endloop
  endfacet
  facet normal 0 -1 0
    outer loop
      vertex 2.6 16.6 2
      vertex 3 16.6 3
      vertex 2.6 16.6 55
    endloop
  endfacet
  facet normal 0 -1 0
    outer loop
      vertex 3.2 16.6 2
      vertex 3 16.6 3
      vertex 2.6 16.6 2
    endloop
  endfacet
  facet normal 0 -1 0
    outer loop
      vertex 3 16.6 3
      vertex 3.2 16.6 2
      vertex 3.2 16.6 3
    endloop
  endfacet
  facet normal 0 1 0
    outer loop
      vertex 3.2 24 3
      vertex 3.2 24 2
      vertex 3 24 3
    endloop
  endfacet
  facet normal 0 1 -0
    outer loop
      vertex 3 24 3
      vertex 2.6 24 55
      vertex 3 24 55
    endloop
  endfacet
  facet normal 0 1 0
    outer loop
      vertex 3 24 3
      vertex 2.6 24 2
      vertex 2.6 24 55
    endloop
  endfacet
  facet normal 0 1 0
    outer loop
      vertex 2.6 24 2
      vertex 3 24 3
      vertex 3.2 24 2
    endloop
  endfacet
  facet normal -0 0 1
    outer loop
      vertex 2.6 24.6 2
      vertex 3.2 24 2
      vertex 3.2 24.6 2
    endloop
  endfacet
  facet normal 0 0 1
    outer loop
      vertex 3.2 24 2
      vertex 2.6 24.6 2
      vertex 2.6 24 2
    endloop
  endfacet
  facet normal 0 -1 0
    outer loop
      vertex 2.6 24.6 55
      vertex 3 24.6 3
      vertex 3 24.6 55
    endloop
  endfacet
  facet normal 0 -1 0
    outer loop
      vertex 2.6 24.6 2
      vertex 3 24.6 3
      vertex 2.6 24.6 55
    endloop
  endfacet
  facet normal 0 -1 0
    outer loop
      vertex 3.2 24.6 2
      vertex 3 24.6 3
      vertex 2.6 24.6 2
    endloop
  endfacet
  facet normal 0 -1 0
    outer loop
      vertex 3 24.6 3
      vertex 3.2 24.6 2
      vertex 3.2 24.6 3
    endloop
  endfacet
  facet normal 0 1 0
    outer loop
      vertex 3.2 32 3
      vertex 3.2 32 2
      vertex 3 32 3
    endloop
  endfacet
  facet normal 0 1 -0
    outer loop
      vertex 3 32 3
      vertex 2.6 32 55
      vertex 3 32 55
    endloop
  endfacet
  facet normal 0 1 0
    outer loop
      vertex 3 32 3
      vertex 2.6 32 2
      vertex 2.6 32 55
    endloop
  endfacet
  facet normal 0 1 0
    outer loop
      vertex 2.6 32 2
      vertex 3 32 3
      vertex 3.2 32 2
    endloop
  endfacet
  facet normal -0 0 1
    outer loop
      vertex 2.6 32.6 2
      vertex 3.2 32 2
      vertex 3.2 32.6 2
    endloop
  endfacet
  facet normal 0 0 1
    outer loop
      vertex 3.2 32 2
      vertex 2.6 32.6 2
      vertex 2.6 32 2
    endloop
  endfacet
  facet normal 0 -1 0
    outer loop
      vertex 2.6 32.6 55
      vertex 3 32.6 3
      vertex 3 32.6 55
    endloop
  endfacet
  facet normal 0 -1 0
    outer loop
      vertex 2.6 32.6 2
      vertex 3 32.6 3
      vertex 2.6 32.6 55
    endloop
  endfacet
  facet normal 0 -1 0
    outer loop
      vertex 3.2 32.6 2
      vertex 3 32.6 3
      vertex 2.6 32.6 2
    endloop
  endfacet
  facet normal 0 -1 0
    outer loop
      vertex 3 32.6 3
      vertex 3.2 32.6 2
      vertex 3.2 32.6 3
    endloop
  endfacet
  facet normal 0 1 0
    outer loop
      vertex 3.2 40 3
      vertex 3.2 40 2
      vertex 3 40 3
    endloop
  endfacet
  facet normal 0 1 -0
    outer loop
      vertex 3 40 3
      vertex 2.6 40 55
      vertex 3 40 55
    endloop
  endfacet
  facet normal 0 1 0
    outer loop
      vertex 3 40 3
      vertex 2.6 40 2
      vertex 2.6 40 55
    endloop
  endfacet
  facet normal 0 1 0
    outer loop
      vertex 2.6 40 2
      vertex 3 40 3
      vertex 3.2 40 2
    endloop
  endfacet
  facet normal -0 0 1
    outer loop
      vertex 2.6 40.6 2
      vertex 3.2 40 2
      vertex 3.2 40.6 2
    endloop
  endfacet
  facet normal 0 0 1
    outer loop
      vertex 3.2 40 2
      vertex 2.6 40.6 2
      vertex 2.6 40 2
    endloop
  endfacet
  facet normal 0 -1 0
    outer loop
      vertex 2.6 40.6 55
      vertex 3 40.6 3
      vertex 3 40.6 55
    endloop
  endfacet
  facet normal 0 -1 0
    outer loop
      vertex 2.6 40.6 2
      vertex 3 40.6 3
      vertex 2.6 40.6 55
    endloop
  endfacet
  facet normal 0 -1 0
    outer loop
      vertex 3.2 40.6 2
      vertex 3 40.6 3
      vertex 2.6 40.6 2
    endloop
  endfacet
  facet normal 0 -1 0
    outer loop
      vertex 3 40.6 3
      vertex 3.2 40.6 2
      vertex 3.2 40.6 3
    endloop
  endfacet
  facet normal 0 1 0
    outer loop
      vertex 3.2 48 3
      vertex 3.2 48 2
      vertex 3 48 3
    endloop
  endfacet
  facet normal 0 1 -0
    outer loop
      vertex 3 48 3
      vertex 2.6 48 55
      vertex 3 48 55
    endloop
  endfacet
  facet normal 0 1 0
    outer loop
      vertex 3 48 3
      vertex 2.6 48 2
      vertex 2.6 48 55
    endloop
  endfacet
  facet normal 0 1 0
    outer loop
      vertex 2.6 48 2
      vertex 3 48 3
      vertex 3.2 48 2
    endloop
  endfacet
  facet normal -0 0 1
    outer loop
      vertex 2.6 48.6 2
      vertex 3.2 48 2
      vertex 3.2 48.6 2
    endloop
  endfacet
  facet normal 0 0 1
    outer loop
      vertex 3.2 48 2
      vertex 2.6 48.6 2
      vertex 2.6 48 2
    endloop
  endfacet
  facet normal 0 -1 0
    outer loop
      vertex 2.6 48.6 55
      vertex 3 48.6 3
      vertex 3 48.6 55
    endloop
  endfacet
  facet normal 0 -1 0
    outer loop
      vertex 2.6 48.6 2
      vertex 3 48.6 3
      vertex 2.6 48.6 55
    endloop
  endfacet
  facet normal 0 -1 0
    outer loop
      vertex 3.2 48.6 2
      vertex 3 48.6 3
      vertex 2.6 48.6 2
    endloop
  endfacet
  facet normal 0 -1 0
    outer loop
      vertex 3 48.6 3
      vertex 3.2 48.6 2
      vertex 3.2 48.6 3
    endloop
  endfacet
  facet normal 0 1 0
    outer loop
      vertex 3.2 56 3
      vertex 3.2 56 2
      vertex 3 56 3
    endloop
  endfacet
  facet normal 0 1 -0
    outer loop
      vertex 3 56 3
      vertex 2.6 56 55
      vertex 3 56 55
    endloop
  endfacet
  facet normal 0 1 0
    outer loop
      vertex 3 56 3
      vertex 2.6 56 2
      vertex 2.6 56 55
    endloop
  endfacet
  facet normal 0 1 0
    outer loop
      vertex 2.6 56 2
      vertex 3 56 3
      vertex 3.2 56 2
    endloop
  endfacet
  facet normal -0 0 1
    outer loop
      vertex 2.6 56.6 2
      vertex 3.2 56 2
      vertex 3.2 56.6 2
    endloop
  endfacet
  facet normal 0 0 1
    outer loop
      vertex 3.2 56 2
      vertex 2.6 56.6 2
      vertex 2.6 56 2
    endloop
  endfacet
  facet normal 0 -1 0
    outer loop
      vertex 2.6 56.6 55
      vertex 3 56.6 3
      vertex 3 56.6 55
    endloop
  endfacet
  facet normal 0 -1 0
    outer loop
      vertex 2.6 56.6 2
      vertex 3 56.6 3
      vertex 2.6 56.6 55
    endloop
  endfacet
  facet normal 0 -1 0
    outer loop
      vertex 3.2 56.6 2
      vertex 3 56.6 3
      vertex 2.6 56.6 2
    endloop
  endfacet
  facet normal 0 -1 0
    outer loop
      vertex 3 56.6 3
      vertex 3.2 56.6 2
      vertex 3.2 56.6 3
    endloop
  endfacet
  facet normal 0 1 0
    outer loop
      vertex 3.2 64 3
      vertex 3.2 64 2
      vertex 3 64 3
    endloop
  endfacet
  facet normal 0 1 -0
    outer loop
      vertex 3 64 3
      vertex 2.6 64 55
      vertex 3 64 55
    endloop
  endfacet
  facet normal 0 1 0
    outer loop
      vertex 3 64 3
      vertex 2.6 64 2
      vertex 2.6 64 55
    endloop
  endfacet
  facet normal 0 1 0
    outer loop
      vertex 2.6 64 2
      vertex 3 64 3
      vertex 3.2 64 2
    endloop
  endfacet
  facet normal -0 0 1
    outer loop
      vertex 2.6 64.6 2
      vertex 3.2 64 2
      vertex 3.2 64.6 2
    endloop
  endfacet
  facet normal 0 0 1
    outer loop
      vertex 3.2 64 2
      vertex 2.6 64.6 2
      vertex 2.6 64 2
    endloop
  endfacet
  facet normal 0 -1 0
    outer loop
      vertex 2.6 64.6 55
      vertex 3 64.6 3
      vertex 3 64.6 55
    endloop
  endfacet
  facet normal 0 -1 0
    outer loop
      vertex 2.6 64.6 2
      vertex 3 64.6 3
      vertex 2.6 64.6 55
    endloop
  endfacet
  facet normal 0 -1 0
    outer loop
      vertex 3.2 64.6 2
      vertex 3 64.6 3
      vertex 2.6 64.6 2
    endloop
  endfacet
  facet normal 0 -1 0
    outer loop
      vertex 3 64.6 3
      vertex 3.2 64.6 2
      vertex 3.2 64.6 3
    endloop
  endfacet
  facet normal 0 1 -0
    outer loop
      vertex 3.2 72 2
      vertex 2.6 72 3
      vertex 3.2 72 3
    endloop
  endfacet
  facet normal 0 1 0
    outer loop
      vertex 2.6 72 3
      vertex 3.2 72 2
      vertex 2.6 72 2
    endloop
  endfacet
  facet normal 0 1 -0
    outer loop
      vertex 3 72 43
      vertex 2.6 72 55
      vertex 3 72 55
    endloop
  endfacet
  facet normal 0 1 0
    outer loop
      vertex 2.6 72 55
      vertex 3 72 43
      vertex 2.6 72 43
    endloop
  endfacet
  facet normal -0 0 1
    outer loop
      vertex 2.6 72.6 2
      vertex 3.2 72 2
      vertex 3.2 72.6 2
    endloop
  endfacet
  facet normal 0 0 1
    outer loop
      vertex 3.2 72 2
      vertex 2.6 72.6 2
      vertex 2.6 72 2
    endloop
  endfacet
  facet normal 0 -1 0
    outer loop
      vertex 2.6 72.6 2
      vertex 3.2 72.6 3
      vertex 2.6 72.6 3
    endloop
  endfacet
  facet normal 0 -1 -0
    outer loop
      vertex 3.2 72.6 3
      vertex 2.6 72.6 2
      vertex 3.2 72.6 2
    endloop
  endfacet
  facet normal 0 -1 0
    outer loop
      vertex 2.6 72.6 43
      vertex 3 72.6 55
      vertex 2.6 72.6 55
    endloop
  endfacet
  facet normal 0 -1 -0
    outer loop
      vertex 3 72.6 55
      vertex 2.6 72.6 43
      vertex 3 72.6 43
    endloop
  endfacet
  facet normal 0 1 -0
    outer loop
      vertex 3.2 80 2
      vertex 2.6 80 3
      vertex 3.2 80 3
    endloop
  endfacet
  facet normal 0 1 0
    outer loop
      vertex 2.6 80 3
      vertex 3.2 80 2
      vertex 2.6 80 2
    endloop
  endfacet
  facet normal 0 1 -0
    outer loop
      vertex 3 80 43
      vertex 2.6 80 55
      vertex 3 80 55
    endloop
  endfacet
  facet normal 0 1 0
    outer loop
      vertex 2.6 80 55
      vertex 3 80 43
      vertex 2.6 80 43
    endloop
  endfacet
  facet normal -0 0 1
    outer loop
      vertex 2.6 80.6 2
      vertex 3.2 80 2
      vertex 3.2 80.6 2
    endloop
  endfacet
  facet normal 0 0 1
    outer loop
      vertex 3.2 80 2
      vertex 2.6 80.6 2
      vertex 2.6 80 2
    endloop
  endfacet
  facet normal 0 -1 0
    outer loop
      vertex 2.6 80.6 2
      vertex 3.2 80.6 3
      vertex 2.6 80.6 3
    endloop
  endfacet
  facet normal 0 -1 -0
    outer loop
      vertex 3.2 80.6 3
      vertex 2.6 80.6 2
      vertex 3.2 80.6 2
    endloop
  endfacet
  facet normal 0 -1 0
    outer loop
      vertex 2.6 80.6 43
      vertex 3 80.6 55
      vertex 2.6 80.6 55
    endloop
  endfacet
  facet normal 0 -1 -0
    outer loop
      vertex 3 80.6 55
      vertex 2.6 80.6 43
      vertex 3 80.6 43
    endloop
  endfacet
  facet normal 0 1 -0
    outer loop
      vertex 3.2 88 2
      vertex 2.6 88 3
      vertex 3.2 88 3
    endloop
  endfacet
  facet normal 0 1 0
    outer loop
      vertex 2.6 88 3
      vertex 3.2 88 2
      vertex 2.6 88 2
    endloop
  endfacet
  facet normal 0 1 -0
    outer loop
      vertex 3 88 43
      vertex 2.6 88 55
      vertex 3 88 55
    endloop
  endfacet
  facet normal 0 1 0
    outer loop
      vertex 2.6 88 55
      vertex 3 88 43
      vertex 2.6 88 43
    endloop
  endfacet
  facet normal -0 0 1
    outer loop
      vertex 2.6 88.6 2
      vertex 3.2 88 2
      vertex 3.2 88.6 2
    endloop
  endfacet
  facet normal 0 0 1
    outer loop
      vertex 3.2 88 2
      vertex 2.6 88.6 2
      vertex 2.6 88 2
    endloop
  endfacet
  facet normal 0 -1 0
    outer loop
      vertex 2.6 88.6 2
      vertex 3.2 88.6 3
      vertex 2.6 88.6 3
    endloop
  endfacet
  facet normal 0 -1 -0
    outer loop
      vertex 3.2 88.6 3
      vertex 2.6 88.6 2
      vertex 3.2 88.6 2
    endloop
  endfacet
  facet normal 0 -1 0
    outer loop
      vertex 2.6 88.6 43
      vertex 3 88.6 55
      vertex 2.6 88.6 55
    endloop
  endfacet
  facet normal 0 -1 -0
    outer loop
      vertex 3 88.6 55
      vertex 2.6 88.6 43
      vertex 3 88.6 43
    endloop
  endfacet
  facet normal -0 0 1
    outer loop
      vertex 2.6 96.6 2
      vertex 3.2 96 2
      vertex 3.2 96.6 2
    endloop
  endfacet
  facet normal 0 0 1
    outer loop
      vertex 3.2 96 2
      vertex 2.6 96.6 2
      vertex 2.6 96 2
    endloop
  endfacet
  facet normal 0 -1 0
    outer loop
      vertex 2.6 96.6 55
      vertex 3 96.6 3
      vertex 3 96.6 55
    endloop
  endfacet
  facet normal 0 -1 0
    outer loop
      vertex 2.6 96.6 2
      vertex 3 96.6 3
      vertex 2.6 96.6 55
    endloop
  endfacet
  facet normal 0 -1 0
    outer loop
      vertex 3.2 96.6 2
      vertex 3 96.6 3
      vertex 2.6 96.6 2
    endloop
  endfacet
  facet normal 0 -1 0
    outer loop
      vertex 3 96.6 3
      vertex 3.2 96.6 2
      vertex 3.2 96.6 3
    endloop
  endfacet
  facet normal 0 1 0
    outer loop
      vertex 3.2 104 3
      vertex 3.2 104 2
      vertex 3 104 3
    endloop
  endfacet
  facet normal 0 1 -0
    outer loop
      vertex 3 104 3
      vertex 2.6 104 55
      vertex 3 104 55
    endloop
  endfacet
  facet normal 0 1 0
    outer loop
      vertex 3 104 3
      vertex 2.6 104 2
      vertex 2.6 104 55
    endloop
  endfacet
  facet normal 0 1 0
    outer loop
      vertex 2.6 104 2
      vertex 3 104 3
      vertex 3.2 104 2
    endloop
  endfacet
  facet normal -0 0 1
    outer loop
      vertex 2.6 104.6 2
      vertex 3.2 104 2
      vertex 3.2 104.6 2
    endloop
  endfacet
  facet normal 0 0 1
    outer loop
      vertex 3.2 104 2
      vertex 2.6 104.6 2
      vertex 2.6 104 2
    endloop
  endfacet
  facet normal 0 -1 0
    outer loop
      vertex 2.6 104.6 55
      vertex 3 104.6 3
      vertex 3 104.6 55
    endloop
  endfacet
  facet normal 0 -1 0
    outer loop
      vertex 2.6 104.6 2
      vertex 3 104.6 3
      vertex 2.6 104.6 55
    endloop
  endfacet
  facet normal 0 -1 0
    outer loop
      vertex 3.2 104.6 2
      vertex 3 104.6 3
      vertex 2.6 104.6 2
    endloop
  endfacet
  facet normal 0 -1 0
    outer loop
      vertex 3 104.6 3
      vertex 3.2 104.6 2
      vertex 3.2 104.6 3
    endloop
  endfacet
  facet normal -1 0 0
    outer loop
      vertex 92.4 111.4 2
      vertex 92.4 112 55
      vertex 92.4 112 2
    endloop
  endfacet
  facet normal -1 -0 0
    outer loop
      vertex 92.4 112 55
      vertex 92.4 111.4 2
      vertex 92.4 111.4 55
    endloop
  endfacet
  facet normal -1 0 0
    outer loop
      vertex 92.4 103.4 2
      vertex 92.4 104 55
      vertex 92.4 104 2
    endloop
  endfacet
  facet normal -1 -0 0
    outer loop
      vertex 92.4 104 55
      vertex 92.4 103.4 2
      vertex 92.4 103.4 55
    endloop
  endfacet
  facet normal -1 0 0
    outer loop
      vertex 92.4 95.4 2
      vertex 92.4 96 55
      vertex 92.4 96 2
    endloop
  endfacet
  facet normal -1 -0 0
    outer loop
      vertex 92.4 96 55
      vertex 92.4 95.4 2
      vertex 92.4 95.4 55
    endloop
  endfacet
  facet normal -1 0 0
    outer loop
      vertex 92.4 87.4 2
      vertex 92.4 88 55
      vertex 92.4 88 2
    endloop
  endfacet
  facet normal -1 -0 0
    outer loop
      vertex 92.4 88 55
      vertex 92.4 87.4 2
      vertex 92.4 87.4 55
    endloop
  endfacet
  facet normal -1 0 0
    outer loop
      vertex 92.4 79.4 2
      vertex 92.4 80 55
      vertex 92.4 80 2
    endloop
  endfacet
  facet normal -1 -0 0
    outer loop
      vertex 92.4 80 55
      vertex 92.4 79.4 2
      vertex 92.4 79.4 55
    endloop
  endfacet
  facet normal -1 0 0
    outer loop
      vertex 92.4 71.4 2
      vertex 92.4 72 55
      vertex 92.4 72 2
    endloop
  endfacet
  facet normal -1 -0 0
    outer loop
      vertex 92.4 72 55
      vertex 92.4 71.4 2
      vertex 92.4 71.4 55
    endloop
  endfacet
  facet normal -1 0 0
    outer loop
      vertex 92.4 63.4 2
      vertex 92.4 64 21
      vertex 92.4 64 2
    endloop
  endfacet
  facet normal -1 -0 0
    outer loop
      vertex 92.4 64 21
      vertex 92.4 63.4 2
      vertex 92.4 63.4 21
    endloop
  endfacet
  facet normal -1 0 0
    outer loop
      vertex 92.4 63.4 45
      vertex 92.4 64 55
      vertex 92.4 64 45
    endloop
  endfacet
  facet normal -1 -0 0
    outer loop
      vertex 92.4 64 55
      vertex 92.4 63.4 45
      vertex 92.4 63.4 55
    endloop
  endfacet
  facet normal -1 0 0
    outer loop
      vertex 92.4 55.4 2
      vertex 92.4 56 21
      vertex 92.4 56 2
    endloop
  endfacet
  facet normal -1 -0 0
    outer loop
      vertex 92.4 56 21
      vertex 92.4 55.4 2
      vertex 92.4 55.4 21
    endloop
  endfacet
  facet normal -1 0 0
    outer loop
      vertex 92.4 55.4 45
      vertex 92.4 56 55
      vertex 92.4 56 45
    endloop
  endfacet
  facet normal -1 -0 0
    outer loop
      vertex 92.4 56 55
      vertex 92.4 55.4 45
      vertex 92.4 55.4 55
    endloop
  endfacet
  facet normal -1 0 0
    outer loop
      vertex 92.4 47.4 2
      vertex 92.4 48 21
      vertex 92.4 48 2
    endloop
  endfacet
  facet normal -1 -0 0
    outer loop
      vertex 92.4 48 21
      vertex 92.4 47.4 2
      vertex 92.4 47.4 21
    endloop
  endfacet
  facet normal -1 0 0
    outer loop
      vertex 92.4 47.4 45
      vertex 92.4 48 55
      vertex 92.4 48 45
    endloop
  endfacet
  facet normal -1 -0 0
    outer loop
      vertex 92.4 48 55
      vertex 92.4 47.4 45
      vertex 92.4 47.4 55
    endloop
  endfacet
  facet normal -1 0 0
    outer loop
      vertex 92.4 39.4 2
      vertex 92.4 40 21
      vertex 92.4 40 2
    endloop
  endfacet
  facet normal -1 0 0
    outer loop
      vertex 92.4 39.4 55
      vertex 92.4 40 21
      vertex 92.4 39.4 2
    endloop
  endfacet
  facet normal -1 0 0
    outer loop
      vertex 92.4 40 21
      vertex 92.4 39.4 55
      vertex 92.4 40 45
    endloop
  endfacet
  facet normal -1 0 0
    outer loop
      vertex 92.4 40 45
      vertex 92.4 39.4 55
      vertex 92.4 40 55
    endloop
  endfacet
  facet normal -1 0 0
    outer loop
      vertex 92.4 31.4 2
      vertex 92.4 32 55
      vertex 92.4 32 2
    endloop
  endfacet
  facet normal -1 -0 0
    outer loop
      vertex 92.4 32 55
      vertex 92.4 31.4 2
      vertex 92.4 31.4 55
    endloop
  endfacet
  facet normal -1 0 0
    outer loop
      vertex 92.4 23.4 2
      vertex 92.4 24 55
      vertex 92.4 24 2
    endloop
  endfacet
  facet normal -1 -0 0
    outer loop
      vertex 92.4 24 55
      vertex 92.4 23.4 2
      vertex 92.4 23.4 55
    endloop
  endfacet
  facet normal -1 0 0
    outer loop
      vertex 92.4 15.4 2
      vertex 92.4 16 55
      vertex 92.4 16 2
    endloop
  endfacet
  facet normal -1 -0 0
    outer loop
      vertex 92.4 16 55
      vertex 92.4 15.4 2
      vertex 92.4 15.4 55
    endloop
  endfacet
  facet normal -1 0 0
    outer loop
      vertex 92.4 7.40001 2
      vertex 92.4 8 55
      vertex 92.4 8 2
    endloop
  endfacet
  facet normal -1 -0 0
    outer loop
      vertex 92.4 8 55
      vertex 92.4 7.40001 2
      vertex 92.4 7.40001 55
    endloop
  endfacet
  facet normal 1 -0 0
    outer loop
      vertex 91.8 111.4 55
      vertex 91.8 112 2
      vertex 91.8 112 55
    endloop
  endfacet
  facet normal 1 0 0
    outer loop
      vertex 91.8 112 2
      vertex 91.8 111.4 55
      vertex 91.8 111.4 2
    endloop
  endfacet
  facet normal 1 -0 0
    outer loop
      vertex 91.8 103.4 3
      vertex 91.8 104 2
      vertex 91.8 104 3
    endloop
  endfacet
  facet normal 1 0 0
    outer loop
      vertex 91.8 104 2
      vertex 91.8 103.4 3
      vertex 91.8 103.4 2
    endloop
  endfacet
  facet normal 1 -0 0
    outer loop
      vertex 91.8 95.4 3
      vertex 91.8 96 2
      vertex 91.8 96 3
    endloop
  endfacet
  facet normal 1 0 0
    outer loop
      vertex 91.8 96 2
      vertex 91.8 95.4 3
      vertex 91.8 95.4 2
    endloop
  endfacet
  facet normal 1 -0 0
    outer loop
      vertex 91.8 87.4 3
      vertex 91.8 88 2
      vertex 91.8 88 3
    endloop
  endfacet
  facet normal 1 0 0
    outer loop
      vertex 91.8 88 2
      vertex 91.8 87.4 3
      vertex 91.8 87.4 2
    endloop
  endfacet
  facet normal 1 -0 0
    outer loop
      vertex 91.8 79.4 3
      vertex 91.8 80 2
      vertex 91.8 80 3
    endloop
  endfacet
  facet normal 1 0 0
    outer loop
      vertex 91.8 80 2
      vertex 91.8 79.4 3
      vertex 91.8 79.4 2
    endloop
  endfacet
  facet normal 1 -0 0
    outer loop
      vertex 91.8 71.4 3
      vertex 91.8 72 2
      vertex 91.8 72 3
    endloop
  endfacet
  facet normal 1 0 0
    outer loop
      vertex 91.8 72 2
      vertex 91.8 71.4 3
      vertex 91.8 71.4 2
    endloop
  endfacet
  facet normal 1 -0 0
    outer loop
      vertex 91.8 63.4 3
      vertex 91.8 64 2
      vertex 91.8 64 3
    endloop
  endfacet
  facet normal 1 0 0
    outer loop
      vertex 91.8 64 2
      vertex 91.8 63.4 3
      vertex 91.8 63.4 2
    endloop
  endfacet
  facet normal 1 -0 0
    outer loop
      vertex 91.8 55.4 3
      vertex 91.8 56 2
      vertex 91.8 56 3
    endloop
  endfacet
  facet normal 1 0 0
    outer loop
      vertex 91.8 56 2
      vertex 91.8 55.4 3
      vertex 91.8 55.4 2
    endloop
  endfacet
  facet normal 1 -0 0
    outer loop
      vertex 91.8 47.4 3
      vertex 91.8 48 2
      vertex 91.8 48 3
    endloop
  endfacet
  facet normal 1 0 0
    outer loop
      vertex 91.8 48 2
      vertex 91.8 47.4 3
      vertex 91.8 47.4 2
    endloop
  endfacet
  facet normal 1 -0 0
    outer loop
      vertex 91.8 39.4 3
      vertex 91.8 40 2
      vertex 91.8 40 3
    endloop
  endfacet
  facet normal 1 0 0
    outer loop
      vertex 91.8 40 2
      vertex 91.8 39.4 3
      vertex 91.8 39.4 2
    endloop
  endfacet
  facet normal 1 -0 0
    outer loop
      vertex 91.8 31.4 3
      vertex 91.8 32 2
      vertex 91.8 32 3
    endloop
  endfacet
  facet normal 1 0 0
    outer loop
      vertex 91.8 32 2
      vertex 91.8 31.4 3
      vertex 91.8 31.4 2
    endloop
  endfacet
  facet normal 1 -0 0
    outer loop
      vertex 91.8 23.4 3
      vertex 91.8 24 2
      vertex 91.8 24 3
    endloop
  endfacet
  facet normal 1 0 0
    outer loop
      vertex 91.8 24 2
      vertex 91.8 23.4 3
      vertex 91.8 23.4 2
    endloop
  endfacet
  facet normal 1 -0 0
    outer loop
      vertex 91.8 15.4 3
      vertex 91.8 16 2
      vertex 91.8 16 3
    endloop
  endfacet
  facet normal 1 0 0
    outer loop
      vertex 91.8 16 2
      vertex 91.8 15.4 3
      vertex 91.8 15.4 2
    endloop
  endfacet
  facet normal 1 -0 0
    outer loop
      vertex 91.8 7.40001 3
      vertex 91.8 8 2
      vertex 91.8 8 3
    endloop
  endfacet
  facet normal 1 0 0
    outer loop
      vertex 91.8 8 2
      vertex 91.8 7.40001 3
      vertex 91.8 7.40001 2
    endloop
  endfacet
  facet normal -0 0 1
    outer loop
      vertex 91.8 112 2
      vertex 92.4 111.4 2
      vertex 92.4 112 2
    endloop
  endfacet
  facet normal 0 0 1
    outer loop
      vertex 92.4 111.4 2
      vertex 91.8 112 2
      vertex 91.8 111.4 2
    endloop
  endfacet
  facet normal 0 1 -0
    outer loop
      vertex 92.4 111.4 2
      vertex 91.8 111.4 55
      vertex 92.4 111.4 55
    endloop
  endfacet
  facet normal 0 1 0
    outer loop
      vertex 91.8 111.4 55
      vertex 92.4 111.4 2
      vertex 91.8 111.4 2
    endloop
  endfacet
  facet normal 0 -1 0
    outer loop
      vertex 91.8 104 3
      vertex 91.8 104 2
      vertex 92 104 3
    endloop
  endfacet
  facet normal 0 -1 0
    outer loop
      vertex 92 104 3
      vertex 92.4 104 55
      vertex 92 104 55
    endloop
  endfacet
  facet normal 0 -1 0
    outer loop
      vertex 92 104 3
      vertex 92.4 104 2
      vertex 92.4 104 55
    endloop
  endfacet
  facet normal 0 -1 0
    outer loop
      vertex 92.4 104 2
      vertex 92 104 3
      vertex 91.8 104 2
    endloop
  endfacet
  facet normal -0 0 1
    outer loop
      vertex 91.8 104 2
      vertex 92.4 103.4 2
      vertex 92.4 104 2
    endloop
  endfacet
  facet normal 0 0 1
    outer loop
      vertex 92.4 103.4 2
      vertex 91.8 104 2
      vertex 91.8 103.4 2
    endloop
  endfacet
  facet normal 0 1 0
    outer loop
      vertex 92.4 103.4 55
      vertex 92 103.4 3
      vertex 92 103.4 55
    endloop
  endfacet
  facet normal 0 1 -0
    outer loop
      vertex 92.4 103.4 2
      vertex 92 103.4 3
      vertex 92.4 103.4 55
    endloop
  endfacet
  facet normal 0 1 0
    outer loop
      vertex 91.8 103.4 2
      vertex 92 103.4 3
      vertex 92.4 103.4 2
    endloop
  endfacet
  facet normal 0 1 0
    outer loop
      vertex 92 103.4 3
      vertex 91.8 103.4 2
      vertex 91.8 103.4 3
    endloop
  endfacet
  facet normal 0 -1 0
    outer loop
      vertex 91.8 96 3
      vertex 91.8 96 2
      vertex 92 96 3
    endloop
  endfacet
  facet normal 0 -1 0
    outer loop
      vertex 92 96 3
      vertex 92.4 96 55
      vertex 92 96 55
    endloop
  endfacet
  facet normal 0 -1 0
    outer loop
      vertex 92 96 3
      vertex 92.4 96 2
      vertex 92.4 96 55
    endloop
  endfacet
  facet normal 0 -1 0
    outer loop
      vertex 92.4 96 2
      vertex 92 96 3
      vertex 91.8 96 2
    endloop
  endfacet
  facet normal -0 0 1
    outer loop
      vertex 91.8 96 2
      vertex 92.4 95.4 2
      vertex 92.4 96 2
    endloop
  endfacet
  facet normal 0 0 1
    outer loop
      vertex 92.4 95.4 2
      vertex 91.8 96 2
      vertex 91.8 95.4 2
    endloop
  endfacet
  facet normal 0 1 0
    outer loop
      vertex 92.4 95.4 55
      vertex 92 95.4 3
      vertex 92 95.4 55
    endloop
  endfacet
  facet normal 0 1 -0
    outer loop
      vertex 92.4 95.4 2
      vertex 92 95.4 3
      vertex 92.4 95.4 55
    endloop
  endfacet
  facet normal 0 1 0
    outer loop
      vertex 91.8 95.4 2
      vertex 92 95.4 3
      vertex 92.4 95.4 2
    endloop
  endfacet
  facet normal 0 1 0
    outer loop
      vertex 92 95.4 3
      vertex 91.8 95.4 2
      vertex 91.8 95.4 3
    endloop
  endfacet
  facet normal 0 -1 0
    outer loop
      vertex 91.8 88 3
      vertex 91.8 88 2
      vertex 92 88 3
    endloop
  endfacet
  facet normal 0 -1 0
    outer loop
      vertex 92 88 3
      vertex 92.4 88 55
      vertex 92 88 55
    endloop
  endfacet
  facet normal 0 -1 0
    outer loop
      vertex 92 88 3
      vertex 92.4 88 2
      vertex 92.4 88 55
    endloop
  endfacet
  facet normal 0 -1 0
    outer loop
      vertex 92.4 88 2
      vertex 92 88 3
      vertex 91.8 88 2
    endloop
  endfacet
  facet normal -0 0 1
    outer loop
      vertex 91.8 88 2
      vertex 92.4 87.4 2
      vertex 92.4 88 2
    endloop
  endfacet
  facet normal 0 0 1
    outer loop
      vertex 92.4 87.4 2
      vertex 91.8 88 2
      vertex 91.8 87.4 2
    endloop
  endfacet
  facet normal 0 1 0
    outer loop
      vertex 92.4 87.4 55
      vertex 92 87.4 3
      vertex 92 87.4 55
    endloop
  endfacet
  facet normal 0 1 -0
    outer loop
      vertex 92.4 87.4 2
      vertex 92 87.4 3
      vertex 92.4 87.4 55
    endloop
  endfacet
  facet normal 0 1 0
    outer loop
      vertex 91.8 87.4 2
      vertex 92 87.4 3
      vertex 92.4 87.4 2
    endloop
  endfacet
  facet normal 0 1 0
    outer loop
      vertex 92 87.4 3
      vertex 91.8 87.4 2
      vertex 91.8 87.4 3
    endloop
  endfacet
  facet normal 0 -1 0
    outer loop
      vertex 91.8 80 3
      vertex 91.8 80 2
      vertex 92 80 3
    endloop
  endfacet
  facet normal 0 -1 0
    outer loop
      vertex 92 80 3
      vertex 92.4 80 55
      vertex 92 80 55
    endloop
  endfacet
  facet normal 0 -1 0
    outer loop
      vertex 92 80 3
      vertex 92.4 80 2
      vertex 92.4 80 55
    endloop
  endfacet
  facet normal 0 -1 0
    outer loop
      vertex 92.4 80 2
      vertex 92 80 3
      vertex 91.8 80 2
    endloop
  endfacet
  facet normal -0 0 1
    outer loop
      vertex 91.8 80 2
      vertex 92.4 79.4 2
      vertex 92.4 80 2
    endloop
  endfacet
  facet normal 0 0 1
    outer loop
      vertex 92.4 79.4 2
      vertex 91.8 80 2
      vertex 91.8 79.4 2
    endloop
  endfacet
  facet normal 0 1 0
    outer loop
      vertex 92.4 79.4 55
      vertex 92 79.4 3
      vertex 92 79.4 55
    endloop
  endfacet
  facet normal 0 1 -0
    outer loop
      vertex 92.4 79.4 2
      vertex 92 79.4 3
      vertex 92.4 79.4 55
    endloop
  endfacet
  facet normal 0 1 0
    outer loop
      vertex 91.8 79.4 2
      vertex 92 79.4 3
      vertex 92.4 79.4 2
    endloop
  endfacet
  facet normal 0 1 0
    outer loop
      vertex 92 79.4 3
      vertex 91.8 79.4 2
      vertex 91.8 79.4 3
    endloop
  endfacet
  facet normal 0 -1 0
    outer loop
      vertex 91.8 72 3
      vertex 91.8 72 2
      vertex 92 72 3
    endloop
  endfacet
  facet normal 0 -1 0
    outer loop
      vertex 92 72 3
      vertex 92.4 72 55
      vertex 92 72 55
    endloop
  endfacet
  facet normal 0 -1 0
    outer loop
      vertex 92 72 3
      vertex 92.4 72 2
      vertex 92.4 72 55
    endloop
  endfacet
  facet normal 0 -1 0
    outer loop
      vertex 92.4 72 2
      vertex 92 72 3
      vertex 91.8 72 2
    endloop
  endfacet
  facet normal -0 0 1
    outer loop
      vertex 91.8 72 2
      vertex 92.4 71.4 2
      vertex 92.4 72 2
    endloop
  endfacet
  facet normal 0 0 1
    outer loop
      vertex 92.4 71.4 2
      vertex 91.8 72 2
      vertex 91.8 71.4 2
    endloop
  endfacet
  facet normal 0 1 0
    outer loop
      vertex 92.4 71.4 55
      vertex 92 71.4 3
      vertex 92 71.4 55
    endloop
  endfacet
  facet normal 0 1 -0
    outer loop
      vertex 92.4 71.4 2
      vertex 92 71.4 3
      vertex 92.4 71.4 55
    endloop
  endfacet
  facet normal 0 1 0
    outer loop
      vertex 91.8 71.4 2
      vertex 92 71.4 3
      vertex 92.4 71.4 2
    endloop
  endfacet
  facet normal 0 1 0
    outer loop
      vertex 92 71.4 3
      vertex 91.8 71.4 2
      vertex 91.8 71.4 3
    endloop
  endfacet
  facet normal 0 -1 0
    outer loop
      vertex 91.8 64 3
      vertex 91.8 64 2
      vertex 92 64 3
    endloop
  endfacet
  facet normal 0 -1 0
    outer loop
      vertex 92 64 3
      vertex 92.4 64 21
      vertex 92 64 21
    endloop
  endfacet
  facet normal 0 -1 0
    outer loop
      vertex 92 64 3
      vertex 92.4 64 2
      vertex 92.4 64 21
    endloop
  endfacet
  facet normal 0 -1 0
    outer loop
      vertex 92.4 64 2
      vertex 92 64 3
      vertex 91.8 64 2
    endloop
  endfacet
  facet normal 0 -1 0
    outer loop
      vertex 92 64 45
      vertex 92.4 64 55
      vertex 92 64 55
    endloop
  endfacet
  facet normal 0 -1 -0
    outer loop
      vertex 92.4 64 55
      vertex 92 64 45
      vertex 92.4 64 45
    endloop
  endfacet
  facet normal -0 0 1
    outer loop
      vertex 91.8 64 2
      vertex 92.4 63.4 2
      vertex 92.4 64 2
    endloop
  endfacet
  facet normal 0 0 1
    outer loop
      vertex 92.4 63.4 2
      vertex 91.8 64 2
      vertex 91.8 63.4 2
    endloop
  endfacet
  facet normal 0 1 0
    outer loop
      vertex 92.4 63.4 21
      vertex 92 63.4 3
      vertex 92 63.4 21
    endloop
  endfacet
  facet normal 0 1 -0
    outer loop
      vertex 92.4 63.4 2
      vertex 92 63.4 3
      vertex 92.4 63.4 21
    endloop
  endfacet
  facet normal 0 1 0
    outer loop
      vertex 91.8 63.4 2
      vertex 92 63.4 3
      vertex 92.4 63.4 2
    endloop
  endfacet
  facet normal 0 1 0
    outer loop
      vertex 92 63.4 3
      vertex 91.8 63.4 2
      vertex 91.8 63.4 3
    endloop
  endfacet
  facet normal 0 1 -0
    outer loop
      vertex 92.4 63.4 45
      vertex 92 63.4 55
      vertex 92.4 63.4 55
    endloop
  endfacet
  facet normal 0 1 0
    outer loop
      vertex 92 63.4 55
      vertex 92.4 63.4 45
      vertex 92 63.4 45
    endloop
  endfacet
  facet normal 0 -1 0
    outer loop
      vertex 91.8 56 3
      vertex 91.8 56 2
      vertex 92 56 3
    endloop
  endfacet
  facet normal 0 -1 0
    outer loop
      vertex 92 56 3
      vertex 92.4 56 21
      vertex 92 56 21
    endloop
  endfacet
  facet normal 0 -1 0
    outer loop
      vertex 92 56 3
      vertex 92.4 56 2
      vertex 92.4 56 21
    endloop
  endfacet
  facet normal 0 -1 0
    outer loop
      vertex 92.4 56 2
      vertex 92 56 3
      vertex 91.8 56 2
    endloop
  endfacet
  facet normal 0 -1 0
    outer loop
      vertex 92 56 45
      vertex 92.4 56 55
      vertex 92 56 55
    endloop
  endfacet
  facet normal 0 -1 -0
    outer loop
      vertex 92.4 56 55
      vertex 92 56 45
      vertex 92.4 56 45
    endloop
  endfacet
  facet normal -0 0 1
    outer loop
      vertex 91.8 56 2
      vertex 92.4 55.4 2
      vertex 92.4 56 2
    endloop
  endfacet
  facet normal 0 0 1
    outer loop
      vertex 92.4 55.4 2
      vertex 91.8 56 2
      vertex 91.8 55.4 2
    endloop
  endfacet
  facet normal 0 1 0
    outer loop
      vertex 92.4 55.4 21
      vertex 92 55.4 3
      vertex 92 55.4 21
    endloop
  endfacet
  facet normal 0 1 -0
    outer loop
      vertex 92.4 55.4 2
      vertex 92 55.4 3
      vertex 92.4 55.4 21
    endloop
  endfacet
  facet normal 0 1 0
    outer loop
      vertex 91.8 55.4 2
      vertex 92 55.4 3
      vertex 92.4 55.4 2
    endloop
  endfacet
  facet normal 0 1 0
    outer loop
      vertex 92 55.4 3
      vertex 91.8 55.4 2
      vertex 91.8 55.4 3
    endloop
  endfacet
  facet normal 0 1 -0
    outer loop
      vertex 92.4 55.4 45
      vertex 92 55.4 55
      vertex 92.4 55.4 55
    endloop
  endfacet
  facet normal 0 1 0
    outer loop
      vertex 92 55.4 55
      vertex 92.4 55.4 45
      vertex 92 55.4 45
    endloop
  endfacet
  facet normal 0 -1 0
    outer loop
      vertex 91.8 48 3
      vertex 91.8 48 2
      vertex 92 48 3
    endloop
  endfacet
  facet normal 0 -1 0
    outer loop
      vertex 92 48 3
      vertex 92.4 48 21
      vertex 92 48 21
    endloop
  endfacet
  facet normal 0 -1 0
    outer loop
      vertex 92 48 3
      vertex 92.4 48 2
      vertex 92.4 48 21
    endloop
  endfacet
  facet normal 0 -1 0
    outer loop
      vertex 92.4 48 2
      vertex 92 48 3
      vertex 91.8 48 2
    endloop
  endfacet
  facet normal 0 -1 0
    outer loop
      vertex 92 48 45
      vertex 92.4 48 55
      vertex 92 48 55
    endloop
  endfacet
  facet normal 0 -1 -0
    outer loop
      vertex 92.4 48 55
      vertex 92 48 45
      vertex 92.4 48 45
    endloop
  endfacet
  facet normal -0 0 1
    outer loop
      vertex 91.8 48 2
      vertex 92.4 47.4 2
      vertex 92.4 48 2
    endloop
  endfacet
  facet normal 0 0 1
    outer loop
      vertex 92.4 47.4 2
      vertex 91.8 48 2
      vertex 91.8 47.4 2
    endloop
  endfacet
  facet normal 0 1 0
    outer loop
      vertex 92.4 47.4 21
      vertex 92 47.4 3
      vertex 92 47.4 21
    endloop
  endfacet
  facet normal 0 1 -0
    outer loop
      vertex 92.4 47.4 2
      vertex 92 47.4 3
      vertex 92.4 47.4 21
    endloop
  endfacet
  facet normal 0 1 0
    outer loop
      vertex 91.8 47.4 2
      vertex 92 47.4 3
      vertex 92.4 47.4 2
    endloop
  endfacet
  facet normal 0 1 0
    outer loop
      vertex 92 47.4 3
      vertex 91.8 47.4 2
      vertex 91.8 47.4 3
    endloop
  endfacet
  facet normal 0 1 -0
    outer loop
      vertex 92.4 47.4 45
      vertex 92 47.4 55
      vertex 92.4 47.4 55
    endloop
  endfacet
  facet normal 0 1 0
    outer loop
      vertex 92 47.4 55
      vertex 92.4 47.4 45
      vertex 92 47.4 45
    endloop
  endfacet
  facet normal -0 0 1
    outer loop
      vertex 91.8 40 2
      vertex 92.4 39.4 2
      vertex 92.4 40 2
    endloop
  endfacet
  facet normal 0 0 1
    outer loop
      vertex 92.4 39.4 2
      vertex 91.8 40 2
      vertex 91.8 39.4 2
    endloop
  endfacet
  facet normal 0 1 0
    outer loop
      vertex 92.4 39.4 55
      vertex 92 39.4 3
      vertex 92 39.4 55
    endloop
  endfacet
  facet normal 0 1 -0
    outer loop
      vertex 92.4 39.4 2
      vertex 92 39.4 3
      vertex 92.4 39.4 55
    endloop
  endfacet
  facet normal 0 1 0
    outer loop
      vertex 91.8 39.4 2
      vertex 92 39.4 3
      vertex 92.4 39.4 2
    endloop
  endfacet
  facet normal 0 1 0
    outer loop
      vertex 92 39.4 3
      vertex 91.8 39.4 2
      vertex 91.8 39.4 3
    endloop
  endfacet
  facet normal 0 -1 0
    outer loop
      vertex 91.8 32 3
      vertex 91.8 32 2
      vertex 92 32 3
    endloop
  endfacet
  facet normal 0 -1 0
    outer loop
      vertex 92 32 3
      vertex 92.4 32 55
      vertex 92 32 55
    endloop
  endfacet
  facet normal 0 -1 0
    outer loop
      vertex 92 32 3
      vertex 92.4 32 2
      vertex 92.4 32 55
    endloop
  endfacet
  facet normal 0 -1 0
    outer loop
      vertex 92.4 32 2
      vertex 92 32 3
      vertex 91.8 32 2
    endloop
  endfacet
  facet normal -0 0 1
    outer loop
      vertex 91.8 32 2
      vertex 92.4 31.4 2
      vertex 92.4 32 2
    endloop
  endfacet
  facet normal 0 0 1
    outer loop
      vertex 92.4 31.4 2
      vertex 91.8 32 2
      vertex 91.8 31.4 2
    endloop
  endfacet
  facet normal 0 1 0
    outer loop
      vertex 92.4 31.4 55
      vertex 92 31.4 3
      vertex 92 31.4 55
    endloop
  endfacet
  facet normal 0 1 -0
    outer loop
      vertex 92.4 31.4 2
      vertex 92 31.4 3
      vertex 92.4 31.4 55
    endloop
  endfacet
  facet normal 0 1 0
    outer loop
      vertex 91.8 31.4 2
      vertex 92 31.4 3
      vertex 92.4 31.4 2
    endloop
  endfacet
  facet normal 0 1 0
    outer loop
      vertex 92 31.4 3
      vertex 91.8 31.4 2
      vertex 91.8 31.4 3
    endloop
  endfacet
  facet normal 0 -1 0
    outer loop
      vertex 91.8 24 3
      vertex 91.8 24 2
      vertex 92 24 3
    endloop
  endfacet
  facet normal 0 -1 0
    outer loop
      vertex 92 24 3
      vertex 92.4 24 55
      vertex 92 24 55
    endloop
  endfacet
  facet normal 0 -1 0
    outer loop
      vertex 92 24 3
      vertex 92.4 24 2
      vertex 92.4 24 55
    endloop
  endfacet
  facet normal 0 -1 0
    outer loop
      vertex 92.4 24 2
      vertex 92 24 3
      vertex 91.8 24 2
    endloop
  endfacet
  facet normal -0 0 1
    outer loop
      vertex 91.8 24 2
      vertex 92.4 23.4 2
      vertex 92.4 24 2
    endloop
  endfacet
  facet normal 0 0 1
    outer loop
      vertex 92.4 23.4 2
      vertex 91.8 24 2
      vertex 91.8 23.4 2
    endloop
  endfacet
  facet normal 0 1 0
    outer loop
      vertex 92.4 23.4 55
      vertex 92 23.4 3
      vertex 92 23.4 55
    endloop
  endfacet
  facet normal 0 1 -0
    outer loop
      vertex 92.4 23.4 2
      vertex 92 23.4 3
      vertex 92.4 23.4 55
    endloop
  endfacet
  facet normal 0 1 0
    outer loop
      vertex 91.8 23.4 2
      vertex 92 23.4 3
      vertex 92.4 23.4 2
    endloop
  endfacet
  facet normal 0 1 0
    outer loop
      vertex 92 23.4 3
      vertex 91.8 23.4 2
      vertex 91.8 23.4 3
    endloop
  endfacet
  facet normal 0 -1 0
    outer loop
      vertex 91.8 16 3
      vertex 91.8 16 2
      vertex 92 16 3
    endloop
  endfacet
  facet normal 0 -1 0
    outer loop
      vertex 92 16 3
      vertex 92.4 16 55
      vertex 92 16 55
    endloop
  endfacet
  facet normal 0 -1 0
    outer loop
      vertex 92 16 3
      vertex 92.4 16 2
      vertex 92.4 16 55
    endloop
  endfacet
  facet normal 0 -1 0
    outer loop
      vertex 92.4 16 2
      vertex 92 16 3
      vertex 91.8 16 2
    endloop
  endfacet
  facet normal -0 0 1
    outer loop
      vertex 91.8 16 2
      vertex 92.4 15.4 2
      vertex 92.4 16 2
    endloop
  endfacet
  facet normal 0 0 1
    outer loop
      vertex 92.4 15.4 2
      vertex 91.8 16 2
      vertex 91.8 15.4 2
    endloop
  endfacet
  facet normal 0 1 0
    outer loop
      vertex 92.4 15.4 55
      vertex 92 15.4 3
      vertex 92 15.4 55
    endloop
  endfacet
  facet normal 0 1 -0
    outer loop
      vertex 92.4 15.4 2
      vertex 92 15.4 3
      vertex 92.4 15.4 55
    endloop
  endfacet
  facet normal 0 1 0
    outer loop
      vertex 91.8 15.4 2
      vertex 92 15.4 3
      vertex 92.4 15.4 2
    endloop
  endfacet
  facet normal 0 1 0
    outer loop
      vertex 92 15.4 3
      vertex 91.8 15.4 2
      vertex 91.8 15.4 3
    endloop
  endfacet
  facet normal 0 -1 0
    outer loop
      vertex 91.8 8 3
      vertex 91.8 8 2
      vertex 92 8 3
    endloop
  endfacet
  facet normal 0 -1 0
    outer loop
      vertex 92 8 3
      vertex 92.4 8 55
      vertex 92 8 55
    endloop
  endfacet
  facet normal 0 -1 0
    outer loop
      vertex 92 8 3
      vertex 92.4 8 2
      vertex 92.4 8 55
    endloop
  endfacet
  facet normal 0 -1 0
    outer loop
      vertex 92.4 8 2
      vertex 92 8 3
      vertex 91.8 8 2
    endloop
  endfacet
  facet normal -0 0 1
    outer loop
      vertex 91.8 8 2
      vertex 92.4 7.40001 2
      vertex 92.4 8 2
    endloop
  endfacet
  facet normal 0 0 1
    outer loop
      vertex 92.4 7.40001 2
      vertex 91.8 8 2
      vertex 91.8 7.40001 2
    endloop
  endfacet
  facet normal 0 1 0
    outer loop
      vertex 92.4 7.40001 55
      vertex 92 7.40001 3
      vertex 92 7.40001 55
    endloop
  endfacet
  facet normal 0 1 -0
    outer loop
      vertex 92.4 7.40001 2
      vertex 92 7.40001 3
      vertex 92.4 7.40001 55
    endloop
  endfacet
  facet normal 0 1 0
    outer loop
      vertex 91.8 7.40001 2
      vertex 92 7.40001 3
      vertex 92.4 7.40001 2
    endloop
  endfacet
  facet normal 0 1 0
    outer loop
      vertex 92 7.40001 3
      vertex 91.8 7.40001 2
      vertex 91.8 7.40001 3
    endloop
  endfacet
  facet normal 0.801709 0.332212 -0.496888
    outer loop
      vertex 27.1771 112.571 31.6183
      vertex 27.3039 112.265 31.6183
      vertex 26.9753 112.517 31.2566
    endloop
  endfacet
  facet normal 0.306172 0.401333 -0.863244
    outer loop
      vertex 28 112.444 32.1225
      vertex 28.097 112.37 32.1225
      vertex 28 112.33 32.0695
    endloop
  endfacet
  facet normal 0.991528 -0.12989 0
    outer loop
      vertex 26.8169 112.9 30.8531
      vertex 26.83 113 30.4354
      vertex 26.83 113 30.8531
    endloop
  endfacet
  facet normal 0.991528 -0.12989 0
    outer loop
      vertex 26.83 113 30.4354
      vertex 26.8169 112.9 30.8531
      vertex 26.8169 112.9 30.4354
    endloop
  endfacet
  facet normal -0.191803 0.46448 0.864563
    outer loop
      vertex 28.6553 111.959 29.3749
      vertex 28.8902 112.056 29.3749
      vertex 28.5617 112.309 29.1661
    endloop
  endfacet
  facet normal -0.958235 0.126097 -0.25668
    outer loop
      vertex 29.8814 112.9 31.2566
      vertex 29.9354 112.489 30.8531
      vertex 29.831 112.517 31.2566
    endloop
  endfacet
  facet normal -0.464908 0.192246 -0.864235
    outer loop
      vertex 28.9946 112.742 32.1225
      vertex 29.2467 112.413 31.9137
      vertex 28.9334 112.594 32.1225
    endloop
  endfacet
  facet normal -0.399307 0.305926 0.86427
    outer loop
      vertex 29.0919 112.211 29.3749
      vertex 28.9334 112.594 29.1661
      vertex 28.8361 112.467 29.1661
    endloop
  endfacet
  facet normal 0.112583 0.860342 0.497129
    outer loop
      vertex 28.4032 111.422 30.032
      vertex 28.4032 111.631 29.6703
      vertex 28.0746 111.674 29.6703
    endloop
  endfacet
  facet normal 0.654842 0.273074 0.704707
    outer loop
      vertex 27.4 112.321 29.5593
      vertex 27.4 112.497 29.4911
      vertex 27.3039 112.265 29.6703
    endloop
  endfacet
  facet normal 0.527745 0.68881 0.497017
    outer loop
      vertex 27.7685 111.801 29.6703
      vertex 27.5066 112 29.6726
      vertex 27.6641 111.62 30.032
    endloop
  endfacet
  facet normal 0.525732 0.686093 0.502874
    outer loop
      vertex 27.5066 112 29.6726
      vertex 27.7685 111.801 29.6703
      vertex 27.5088 112 29.6703
    endloop
  endfacet
  facet normal -0.498783 -0.0657127 -0.864232
    outer loop
      vertex 29.344 113.152 31.9137
      vertex 29.3772 112.9 31.9137
      vertex 28.9946 113.058 32.1225
    endloop
  endfacet
  facet normal 0.860374 0.113235 -0.496926
    outer loop
      vertex 27.1338 112.9 31.6183
      vertex 27.1771 112.571 31.6183
      vertex 26.9753 112.517 31.2566
    endloop
  endfacet
  facet normal -0.958264 -0.126171 -0.256536
    outer loop
      vertex 29.9895 112.9 30.8531
      vertex 29.9209 113.2 30.9618
      vertex 29.95 113.2 30.8531
    endloop
  endfacet
  facet normal -0.958226 -0.126098 -0.256714
    outer loop
      vertex 29.9209 113.2 30.9618
      vertex 29.9895 112.9 30.8531
      vertex 29.8814 112.9 31.2566
    endloop
  endfacet
  facet normal -0.688794 0.528751 0.49597
    outer loop
      vertex 29.4484 111.855 30.032
      vertex 29.6833 112.161 30.032
      vertex 29.3008 112.002 29.6703
    endloop
  endfacet
  facet normal -0.958222 0.126131 -0.256713
    outer loop
      vertex 29.9895 112.9 30.8531
      vertex 29.9354 112.489 30.8531
      vertex 29.8814 112.9 31.2566
    endloop
  endfacet
  facet normal -0.892743 0.370185 -0.256853
    outer loop
      vertex 29.9354 112.489 30.8531
      vertex 29.777 112.107 30.8531
      vertex 29.6833 112.161 31.2566
    endloop
  endfacet
  facet normal 0.958256 0.125849 -0.256722
    outer loop
      vertex 26.925 112.9 31.2566
      vertex 26.9753 112.517 31.2566
      vertex 26.8169 112.9 30.8531
    endloop
  endfacet
  facet normal 0.0982854 -0.24249 -0.965162
    outer loop
      vertex 28.3228 113.2 32.2033
      vertex 28.3491 113.102 32.2306
      vertex 28.2737 113.2 32.1983
    endloop
  endfacet
  facet normal 0.860506 0.113012 -0.496748
    outer loop
      vertex 27.1338 112.9 31.6183
      vertex 26.9753 112.517 31.2566
      vertex 26.925 112.9 31.2566
    endloop
  endfacet
  facet normal -0.656342 -0.270741 -0.704212
    outer loop
      vertex 29.5228 113.2 31.7286
      vertex 29.344 113.152 31.9137
      vertex 29.3242 113.2 31.9137
    endloop
  endfacet
  facet normal 0.332671 0.801332 -0.497189
    outer loop
      vertex 28.0746 111.674 31.6183
      vertex 28.0206 111.472 31.2566
      vertex 27.6641 111.62 31.2566
    endloop
  endfacet
  facet normal 0.655047 0.272662 -0.704676
    outer loop
      vertex 27.4 112.497 31.7974
      vertex 27.4 112.321 31.7293
      vertex 27.3039 112.265 31.6183
    endloop
  endfacet
  facet normal 0.687549 0.528587 -0.497868
    outer loop
      vertex 27.4 112.046 31.5185
      vertex 27.3039 112.265 31.6183
      vertex 27.4 112.14 31.6183
    endloop
  endfacet
  facet normal 0.688726 0.528435 -0.4964
    outer loop
      vertex 27.3039 112.265 31.6183
      vertex 27.4 112.046 31.5185
      vertex 27.123 112.161 31.2566
    endloop
  endfacet
  facet normal 0.703785 -0.0929681 -0.704303
    outer loop
      vertex 27.4 112.9 31.8845
      vertex 27.2641 113 31.7355
      vertex 27.4 113 31.8713
    endloop
  endfacet
  facet normal 0.704093 -0.0922361 -0.704093
    outer loop
      vertex 27.2641 113 31.7355
      vertex 27.4 112.9 31.8845
      vertex 27.1338 112.9 31.6183
    endloop
  endfacet
  facet normal 0.528502 0.688627 0.496465
    outer loop
      vertex 27.6641 111.62 30.032
      vertex 27.5032 112 29.6762
      vertex 27.3579 111.855 30.032
    endloop
  endfacet
  facet normal 0.526892 0.689027 0.49762
    outer loop
      vertex 27.5032 112 29.6762
      vertex 27.6641 111.62 30.032
      vertex 27.5066 112 29.6726
    endloop
  endfacet
  facet normal -0.0652296 0.498315 -0.864539
    outer loop
      vertex 28.5617 112.309 32.1225
      vertex 28.6553 111.959 31.9137
      vertex 28.4032 111.926 31.9137
    endloop
  endfacet
  facet normal -0.860478 0.113233 -0.496746
    outer loop
      vertex 29.8814 112.9 31.2566
      vertex 29.831 112.517 31.2566
      vertex 29.6293 112.571 31.6183
    endloop
  endfacet
  facet normal -0.860815 -0.113054 0.496202
    outer loop
      vertex 29.6725 112.9 29.6703
      vertex 29.6512 113.2 29.7017
      vertex 29.6331 113.2 29.6703
    endloop
  endfacet
  facet normal -0.860394 -0.113099 0.496921
    outer loop
      vertex 29.6512 113.2 29.7017
      vertex 29.6725 112.9 29.6703
      vertex 29.8814 112.9 30.032
    endloop
  endfacet
  facet normal 0.704053 0.0928384 0.704053
    outer loop
      vertex 27.4 112.696 29.431
      vertex 27.4 112.9 29.4041
      vertex 27.1338 112.9 29.6703
    endloop
  endfacet
  facet normal 0.703785 -0.0929681 0.704303
    outer loop
      vertex 27.2641 113 29.5531
      vertex 27.4 112.9 29.4041
      vertex 27.4 113 29.4173
    endloop
  endfacet
  facet normal 0.704093 -0.0922361 0.704093
    outer loop
      vertex 27.4 112.9 29.4041
      vertex 27.2641 113 29.5531
      vertex 27.1338 112.9 29.6703
    endloop
  endfacet
  facet normal 0.860264 -0.113555 0.497042
    outer loop
      vertex 27.1338 112.9 29.6703
      vertex 27.147 113 29.6703
      vertex 27.0924 113 29.7648
    endloop
  endfacet
  facet normal 0.860461 -0.11272 0.496891
    outer loop
      vertex 26.925 112.9 30.032
      vertex 27.0924 113 29.7648
      vertex 26.9381 113 30.032
    endloop
  endfacet
  facet normal 0.86049 -0.113175 0.496738
    outer loop
      vertex 27.0924 113 29.7648
      vertex 26.925 112.9 30.032
      vertex 27.1338 112.9 29.6703
    endloop
  endfacet
  facet normal 0.258379 0.0344506 -0.965429
    outer loop
      vertex 28 112.872 32.1776
      vertex 28.1943 112.9 32.2306
      vertex 28.2015 112.846 32.2306
    endloop
  endfacet
  facet normal 0.258868 0.0310312 -0.965414
    outer loop
      vertex 28.1943 112.9 32.2306
      vertex 28 112.872 32.1776
      vertex 28 112.9 32.1785
    endloop
  endfacet
  facet normal 0.307875 0.398275 0.864054
    outer loop
      vertex 28.097 112.37 29.1661
      vertex 28 112.33 29.2191
      vertex 28 112.202 29.2781
    endloop
  endfacet
  facet normal -0.126028 0.958278 0.256554
    outer loop
      vertex 28.8138 111.368 30.4354
      vertex 28.4032 111.422 30.032
      vertex 28.4032 111.314 30.4354
    endloop
  endfacet
  facet normal 0.126028 0.958278 0.256554
    outer loop
      vertex 28.4032 111.314 30.4354
      vertex 28.4032 111.422 30.032
      vertex 27.9926 111.368 30.4354
    endloop
  endfacet
  facet normal 0.332671 0.801332 0.497189
    outer loop
      vertex 28.0206 111.472 30.032
      vertex 28.0746 111.674 29.6703
      vertex 27.6641 111.62 30.032
    endloop
  endfacet
  facet normal 0.923648 0.383241 0
    outer loop
      vertex 27.0294 112.107 30.8531
      vertex 26.8709 112.489 30.4354
      vertex 26.8709 112.489 30.8531
    endloop
  endfacet
  facet normal 0.923648 0.383241 0
    outer loop
      vertex 26.8709 112.489 30.4354
      vertex 27.0294 112.107 30.8531
      vertex 27.0294 112.107 30.4354
    endloop
  endfacet
  facet normal 0.860506 0.113012 0.496748
    outer loop
      vertex 26.9753 112.517 30.032
      vertex 27.1338 112.9 29.6703
      vertex 26.925 112.9 30.032
    endloop
  endfacet
  facet normal 0.704189 0.092064 -0.704019
    outer loop
      vertex 27.1771 112.571 31.6183
      vertex 27.4 112.696 31.8576
      vertex 27.4 112.631 31.8491
    endloop
  endfacet
  facet normal 0.70399 0.0926527 -0.704141
    outer loop
      vertex 27.4 112.696 31.8576
      vertex 27.1771 112.571 31.6183
      vertex 27.1338 112.9 31.6183
    endloop
  endfacet
  facet normal -0.860448 -0.113292 -0.496783
    outer loop
      vertex 29.8419 113.2 31.2566
      vertex 29.8814 112.9 31.2566
      vertex 29.6512 113.2 31.5869
    endloop
  endfacet
  facet normal -0.958201 -0.126163 -0.256777
    outer loop
      vertex 29.9209 113.2 30.9618
      vertex 29.8814 112.9 31.2566
      vertex 29.8419 113.2 31.2566
    endloop
  endfacet
  facet normal 0.207994 0.156328 -0.965557
    outer loop
      vertex 28 112.667 32.1618
      vertex 28.2555 112.752 32.2306
      vertex 28 112.646 32.1584
    endloop
  endfacet
  facet normal 0.207822 0.156811 -0.965516
    outer loop
      vertex 28.2555 112.752 32.2306
      vertex 28 112.667 32.1618
      vertex 28.2223 112.796 32.2306
    endloop
  endfacet
  facet normal -0.370658 0.892836 -0.255845
    outer loop
      vertex 29.1423 111.62 31.2566
      vertex 28.8138 111.368 30.8531
      vertex 28.7858 111.472 31.2566
    endloop
  endfacet
  facet normal -0.432609 0.56295 0.704227
    outer loop
      vertex 29.3008 112.002 29.6703
      vertex 29.0919 112.211 29.3749
      vertex 28.8902 112.056 29.3749
    endloop
  endfacet
  facet normal -0.258628 -0.034211 -0.965371
    outer loop
      vertex 28.9946 113.058 32.1225
      vertex 29.0155 112.9 32.1225
      vertex 28.612 112.9 32.2306
    endloop
  endfacet
  facet normal -0.704006 0.09275 -0.704112
    outer loop
      vertex 29.3772 112.9 31.9137
      vertex 29.6293 112.571 31.6183
      vertex 29.344 112.648 31.9137
    endloop
  endfacet
  facet normal 0.25844 0.0349955 -0.965393
    outer loop
      vertex 28 112.872 32.1776
      vertex 28.2015 112.846 32.2306
      vertex 28 112.792 32.1747
    endloop
  endfacet
  facet normal 0.258379 -0.0344506 0.965429
    outer loop
      vertex 28 112.928 29.111
      vertex 28.1943 112.9 29.058
      vertex 28.2015 112.954 29.058
    endloop
  endfacet
  facet normal 0.258868 -0.0310312 0.965414
    outer loop
      vertex 28.1943 112.9 29.058
      vertex 28 112.928 29.111
      vertex 28 112.9 29.1101
    endloop
  endfacet
  facet normal 0.958214 -0.125526 -0.257038
    outer loop
      vertex 26.83 113 30.8531
      vertex 26.8583 113 30.9586
      vertex 26.8169 112.9 30.8531
    endloop
  endfacet
  facet normal -0.528852 0.688858 -0.495772
    outer loop
      vertex 29.3008 112.002 31.6183
      vertex 29.4484 111.855 31.2566
      vertex 29.1423 111.62 31.2566
    endloop
  endfacet
  facet normal -0.100406 0.240973 0.965324
    outer loop
      vertex 28.7093 112.37 29.1661
      vertex 28.5076 112.719 29.058
      vertex 28.4572 112.698 29.058
    endloop
  endfacet
  facet normal -0.464731 0.192418 0.864292
    outer loop
      vertex 29.2467 112.413 29.3749
      vertex 29.344 112.648 29.3749
      vertex 28.9946 112.742 29.1661
    endloop
  endfacet
  facet normal -0.20817 0.1566 0.965475
    outer loop
      vertex 28.9334 112.594 29.1661
      vertex 28.584 112.796 29.058
      vertex 28.5509 112.752 29.058
    endloop
  endfacet
  facet normal 0.125271 0.958573 0.255823
    outer loop
      vertex 28.4032 111.422 30.032
      vertex 28.0206 111.472 30.032
      vertex 27.9926 111.368 30.4354
    endloop
  endfacet
  facet normal -0.271178 0.656697 0.703713
    outer loop
      vertex 28.7317 111.674 29.6703
      vertex 28.8902 112.056 29.3749
      vertex 28.6553 111.959 29.3749
    endloop
  endfacet
  facet normal -0.272407 0.65678 0.70316
    outer loop
      vertex 29.0379 111.801 29.6703
      vertex 28.8902 112.056 29.3749
      vertex 28.7317 111.674 29.6703
    endloop
  endfacet
  facet normal 0.112428 0.860298 0.497239
    outer loop
      vertex 28.4032 111.422 30.032
      vertex 28.0746 111.674 29.6703
      vertex 28.0206 111.472 30.032
    endloop
  endfacet
  facet normal 0.958215 -0.12606 0.256775
    outer loop
      vertex 26.925 112.9 30.032
      vertex 26.8583 113 30.33
      vertex 26.8169 112.9 30.4354
    endloop
  endfacet
  facet normal 0.958323 -0.12554 0.256625
    outer loop
      vertex 26.8583 113 30.33
      vertex 26.925 112.9 30.032
      vertex 26.9381 113 30.032
    endloop
  endfacet
  facet normal 0.33253 0.801476 0.497051
    outer loop
      vertex 28.0746 111.674 29.6703
      vertex 27.7685 111.801 29.6703
      vertex 27.6641 111.62 30.032
    endloop
  endfacet
  facet normal 0.58811 0.766643 -0.257653
    outer loop
      vertex 27.3579 111.855 31.2566
      vertex 27.61 111.526 30.8531
      vertex 27.2815 111.778 30.8531
    endloop
  endfacet
  facet normal 0.655998 0.271832 -0.704112
    outer loop
      vertex 27.1771 112.571 31.6183
      vertex 27.4 112.497 31.7974
      vertex 27.3039 112.265 31.6183
    endloop
  endfacet
  facet normal 0.655996 0.271684 -0.704171
    outer loop
      vertex 27.4 112.497 31.7974
      vertex 27.1771 112.571 31.6183
      vertex 27.4 112.631 31.8491
    endloop
  endfacet
  facet normal 0.561912 0.431998 -0.705431
    outer loop
      vertex 27.4 112.253 31.6875
      vertex 27.4 112.14 31.6183
      vertex 27.3039 112.265 31.6183
    endloop
  endfacet
  facet normal 0.801714 0.332621 -0.496607
    outer loop
      vertex 27.3039 112.265 31.6183
      vertex 27.123 112.161 31.2566
      vertex 26.9753 112.517 31.2566
    endloop
  endfacet
  facet normal 0.0652296 0.498315 -0.864539
    outer loop
      vertex 28.2447 112.309 32.1225
      vertex 28.4032 111.926 31.9137
      vertex 28.1511 111.959 31.9137
    endloop
  endfacet
  facet normal 0.112583 0.860342 -0.497129
    outer loop
      vertex 28.4032 111.631 31.6183
      vertex 28.4032 111.422 31.2566
      vertex 28.0746 111.674 31.6183
    endloop
  endfacet
  facet normal -0.258706 -0.034015 -0.965357
    outer loop
      vertex 28.9946 113.058 32.1225
      vertex 28.612 112.9 32.2306
      vertex 28.6049 112.954 32.2306
    endloop
  endfacet
  facet normal -0.991443 -0.13054 0
    outer loop
      vertex 29.9895 112.9 30.4354
      vertex 29.95 113.2 30.8531
      vertex 29.95 113.2 30.4354
    endloop
  endfacet
  facet normal -0.991443 -0.13054 0
    outer loop
      vertex 29.95 113.2 30.8531
      vertex 29.9895 112.9 30.4354
      vertex 29.9895 112.9 30.8531
    endloop
  endfacet
  facet normal -0.991448 0.130504 0
    outer loop
      vertex 29.9354 112.489 30.4354
      vertex 29.9895 112.9 30.8531
      vertex 29.9895 112.9 30.4354
    endloop
  endfacet
  facet normal -0.991448 0.130504 0
    outer loop
      vertex 29.9895 112.9 30.8531
      vertex 29.9354 112.489 30.4354
      vertex 29.9354 112.489 30.8531
    endloop
  endfacet
  facet normal -0.608543 0.793521 0
    outer loop
      vertex 29.5249 111.778 30.4354
      vertex 29.1963 111.526 30.8531
      vertex 29.5249 111.778 30.8531
    endloop
  endfacet
  facet normal -0.608543 0.793521 0
    outer loop
      vertex 29.1963 111.526 30.8531
      vertex 29.5249 111.778 30.4354
      vertex 29.1963 111.526 30.4354
    endloop
  endfacet
  facet normal 0.0343058 0.258927 -0.965287
    outer loop
      vertex 28.4032 112.691 32.2306
      vertex 28.4032 112.288 32.1225
      vertex 28.2447 112.309 32.1225
    endloop
  endfacet
  facet normal -0.860406 0.112977 -0.496928
    outer loop
      vertex 29.6725 112.9 31.6183
      vertex 29.8814 112.9 31.2566
      vertex 29.6293 112.571 31.6183
    endloop
  endfacet
  facet normal -0.860394 -0.113099 -0.496921
    outer loop
      vertex 29.6725 112.9 31.6183
      vertex 29.6512 113.2 31.5869
      vertex 29.8814 112.9 31.2566
    endloop
  endfacet
  facet normal -0.860815 -0.113054 -0.496202
    outer loop
      vertex 29.6512 113.2 31.5869
      vertex 29.6725 112.9 31.6183
      vertex 29.6331 113.2 31.6183
    endloop
  endfacet
  facet normal -0.704197 0.0924659 -0.703958
    outer loop
      vertex 29.6725 112.9 31.6183
      vertex 29.6293 112.571 31.6183
      vertex 29.3772 112.9 31.9137
    endloop
  endfacet
  facet normal -0.332439 0.801518 0.497045
    outer loop
      vertex 29.1423 111.62 30.032
      vertex 29.0379 111.801 29.6703
      vertex 28.7317 111.674 29.6703
    endloop
  endfacet
  facet normal 0.158346 -0.207769 -0.965276
    outer loop
      vertex 28.2555 113.048 32.2306
      vertex 28.23 113.2 32.1937
      vertex 28.2988 113.081 32.2306
    endloop
  endfacet
  facet normal 0.156634 -0.208106 -0.965483
    outer loop
      vertex 28.23 113.2 32.1937
      vertex 28.2555 113.048 32.2306
      vertex 28.1924 113.2 32.1876
    endloop
  endfacet
  facet normal -0.101377 -0.240709 -0.965288
    outer loop
      vertex 28.5076 113.081 32.2306
      vertex 28.5326 113.2 32.1983
      vertex 28.5764 113.2 32.1937
    endloop
  endfacet
  facet normal -0.100388 -0.24093 -0.965337
    outer loop
      vertex 28.5326 113.2 32.1983
      vertex 28.5076 113.081 32.2306
      vertex 28.4572 113.102 32.2306
    endloop
  endfacet
  facet normal 0.241175 -0.0994052 0.965377
    outer loop
      vertex 28.2015 112.954 29.058
      vertex 28 113.109 29.1243
      vertex 28 113.008 29.1139
    endloop
  endfacet
  facet normal -0.258628 0.034211 0.965371
    outer loop
      vertex 28.9946 112.742 29.1661
      vertex 29.0155 112.9 29.1661
      vertex 28.612 112.9 29.058
    endloop
  endfacet
  facet normal 0.86049 -0.113175 -0.496738
    outer loop
      vertex 26.925 112.9 31.2566
      vertex 27.0924 113 31.5238
      vertex 27.1338 112.9 31.6183
    endloop
  endfacet
  facet normal 0.860461 -0.11272 -0.496891
    outer loop
      vertex 27.0924 113 31.5238
      vertex 26.925 112.9 31.2566
      vertex 26.9381 113 31.2566
    endloop
  endfacet
  facet normal 0.958323 -0.12554 -0.256625
    outer loop
      vertex 26.925 112.9 31.2566
      vertex 26.8583 113 30.9586
      vertex 26.9381 113 31.2566
    endloop
  endfacet
  facet normal 0.958253 -0.125876 -0.256722
    outer loop
      vertex 26.8583 113 30.9586
      vertex 26.925 112.9 31.2566
      vertex 26.8169 112.9 30.8531
    endloop
  endfacet
  facet normal 0.860264 -0.113555 -0.497042
    outer loop
      vertex 27.147 113 31.6183
      vertex 27.1338 112.9 31.6183
      vertex 27.0924 113 31.5238
    endloop
  endfacet
  facet normal 0.157102 0.205931 -0.965873
    outer loop
      vertex 28 112.497 32.1338
      vertex 28.097 112.37 32.1225
      vertex 28 112.444 32.1225
    endloop
  endfacet
  facet normal 0.158884 0.207241 -0.965302
    outer loop
      vertex 28.097 112.37 32.1225
      vertex 28 112.497 32.1338
      vertex 28.2555 112.752 32.2306
    endloop
  endfacet
  facet normal 0.240437 0.100567 -0.965441
    outer loop
      vertex 28 112.691 32.1643
      vertex 28.2223 112.796 32.2306
      vertex 28 112.667 32.1618
    endloop
  endfacet
  facet normal 0.240651 0.100111 -0.965435
    outer loop
      vertex 28.2223 112.796 32.2306
      vertex 28 112.691 32.1643
      vertex 28.2015 112.846 32.2306
    endloop
  endfacet
  facet normal 0.58831 0.766555 -0.257457
    outer loop
      vertex 27.6641 111.62 31.2566
      vertex 27.61 111.526 30.8531
      vertex 27.3579 111.855 31.2566
    endloop
  endfacet
  facet normal 0.272286 0.656274 -0.70368
    outer loop
      vertex 27.7685 111.801 31.6183
      vertex 27.9396 112 31.8701
      vertex 28.0746 111.674 31.6183
    endloop
  endfacet
  facet normal 0.272707 0.656013 -0.70376
    outer loop
      vertex 27.9396 112 31.8701
      vertex 27.7685 111.801 31.6183
      vertex 27.8836 112 31.8484
    endloop
  endfacet
  facet normal 0.100558 0.24086 0.965336
    outer loop
      vertex 28.3491 112.698 29.058
      vertex 28.2988 112.719 29.058
      vertex 28.097 112.37 29.1661
    endloop
  endfacet
  facet normal -0.431747 0.564707 0.703349
    outer loop
      vertex 29.0379 111.801 29.6703
      vertex 29.3008 112.002 29.6703
      vertex 28.8902 112.056 29.3749
    endloop
  endfacet
  facet normal -0.563336 0.432033 0.704273
    outer loop
      vertex 29.3008 112.002 29.6703
      vertex 29.5025 112.265 29.6703
      vertex 29.2467 112.413 29.3749
    endloop
  endfacet
  facet normal -0.704006 0.09275 0.704112
    outer loop
      vertex 29.6293 112.571 29.6703
      vertex 29.3772 112.9 29.3749
      vertex 29.344 112.648 29.3749
    endloop
  endfacet
  facet normal -0.306219 0.39848 0.864548
    outer loop
      vertex 28.8902 112.056 29.3749
      vertex 29.0919 112.211 29.3749
      vertex 28.7093 112.37 29.1661
    endloop
  endfacet
  facet normal 0.60866 0.793431 -0
    outer loop
      vertex 27.61 111.526 30.4354
      vertex 27.2815 111.778 30.8531
      vertex 27.61 111.526 30.8531
    endloop
  endfacet
  facet normal 0.60866 0.793431 0
    outer loop
      vertex 27.2815 111.778 30.8531
      vertex 27.61 111.526 30.4354
      vertex 27.2815 111.778 30.4354
    endloop
  endfacet
  facet normal -0.112617 0.860339 0.497127
    outer loop
      vertex 28.7317 111.674 29.6703
      vertex 28.4032 111.631 29.6703
      vertex 28.4032 111.422 30.032
    endloop
  endfacet
  facet normal 0.370652 0.892821 0.255904
    outer loop
      vertex 27.9926 111.368 30.4354
      vertex 28.0206 111.472 30.032
      vertex 27.6641 111.62 30.032
    endloop
  endfacet
  facet normal -0.112426 0.860285 0.497262
    outer loop
      vertex 28.7858 111.472 30.032
      vertex 28.7317 111.674 29.6703
      vertex 28.4032 111.422 30.032
    endloop
  endfacet
  facet normal -0.76662 0.588494 0.256844
    outer loop
      vertex 29.777 112.107 30.4354
      vertex 29.6833 112.161 30.032
      vertex 29.4484 111.855 30.032
    endloop
  endfacet
  facet normal 0.704344 -0.0929735 0.703743
    outer loop
      vertex 27.2641 113 29.5531
      vertex 27.147 113 29.6703
      vertex 27.1338 112.9 29.6703
    endloop
  endfacet
  facet normal 0.958154 -0.125518 0.257265
    outer loop
      vertex 26.8583 113 30.33
      vertex 26.83 113 30.4354
      vertex 26.8169 112.9 30.4354
    endloop
  endfacet
  facet normal 0.892706 0.370373 0.256711
    outer loop
      vertex 27.0294 112.107 30.4354
      vertex 27.123 112.161 30.032
      vertex 26.9753 112.517 30.032
    endloop
  endfacet
  facet normal 0.892689 0.370396 0.256737
    outer loop
      vertex 27.0294 112.107 30.4354
      vertex 26.9753 112.517 30.032
      vertex 26.8709 112.489 30.4354
    endloop
  endfacet
  facet normal 0.767018 0.587737 -0.257388
    outer loop
      vertex 27.3579 111.855 31.2566
      vertex 27.2815 111.778 30.8531
      vertex 27.0294 112.107 30.8531
    endloop
  endfacet
  facet normal 0.688128 0.529019 -0.496607
    outer loop
      vertex 27.5032 112 31.6124
      vertex 27.3579 111.855 31.2566
      vertex 27.4 112 31.4694
    endloop
  endfacet
  facet normal 0.688519 0.529241 -0.495827
    outer loop
      vertex 27.4 112 31.4694
      vertex 27.123 112.161 31.2566
      vertex 27.4 112.046 31.5185
    endloop
  endfacet
  facet normal 0.688594 0.528597 -0.496411
    outer loop
      vertex 27.123 112.161 31.2566
      vertex 27.4 112 31.4694
      vertex 27.3579 111.855 31.2566
    endloop
  endfacet
  facet normal 0.793762 0.608229 0
    outer loop
      vertex 27.2815 111.778 30.8531
      vertex 27.0294 112.107 30.4354
      vertex 27.0294 112.107 30.8531
    endloop
  endfacet
  facet normal 0.793762 0.608229 0
    outer loop
      vertex 27.0294 112.107 30.4354
      vertex 27.2815 111.778 30.8531
      vertex 27.2815 111.778 30.4354
    endloop
  endfacet
  facet normal 0.5881 0.76663 0.257713
    outer loop
      vertex 27.61 111.526 30.4354
      vertex 27.3579 111.855 30.032
      vertex 27.2815 111.778 30.4354
    endloop
  endfacet
  facet normal 0.704053 0.0928384 -0.704053
    outer loop
      vertex 27.4 112.9 31.8845
      vertex 27.4 112.696 31.8576
      vertex 27.1338 112.9 31.6183
    endloop
  endfacet
  facet normal -0.272407 0.65678 -0.70316
    outer loop
      vertex 28.8902 112.056 31.9137
      vertex 29.0379 111.801 31.6183
      vertex 28.7317 111.674 31.6183
    endloop
  endfacet
  facet normal 0.271576 0.656226 -0.703999
    outer loop
      vertex 28.0746 111.674 31.6183
      vertex 27.9396 112 31.8701
      vertex 28 112 31.8934
    endloop
  endfacet
  facet normal 0.272583 0.656171 -0.703661
    outer loop
      vertex 28 112 31.8934
      vertex 28.1511 111.959 31.9137
      vertex 28.0746 111.674 31.6183
    endloop
  endfacet
  facet normal 0.272079 0.652558 -0.707206
    outer loop
      vertex 28.1511 111.959 31.9137
      vertex 28 112 31.8934
      vertex 28 112.022 31.9137
    endloop
  endfacet
  facet normal -0.655934 0.271806 -0.704182
    outer loop
      vertex 29.6293 112.571 31.6183
      vertex 29.5025 112.265 31.6183
      vertex 29.2467 112.413 31.9137
    endloop
  endfacet
  facet normal -0.527024 0.689326 -0.497067
    outer loop
      vertex 29.3008 112.002 31.6183
      vertex 29.1423 111.62 31.2566
      vertex 29.0379 111.801 31.6183
    endloop
  endfacet
  facet normal -0.498783 0.0657127 -0.864232
    outer loop
      vertex 29.3772 112.9 31.9137
      vertex 29.344 112.648 31.9137
      vertex 28.9946 112.742 32.1225
    endloop
  endfacet
  facet normal -0.958203 -0.126158 0.256772
    outer loop
      vertex 29.9895 112.9 30.4354
      vertex 29.9209 113.2 30.3268
      vertex 29.8814 112.9 30.032
    endloop
  endfacet
  facet normal -0.958206 -0.126164 0.256757
    outer loop
      vertex 29.9209 113.2 30.3268
      vertex 29.9895 112.9 30.4354
      vertex 29.95 113.2 30.4354
    endloop
  endfacet
  facet normal -0.704077 -0.0924688 -0.704077
    outer loop
      vertex 29.6725 112.9 31.6183
      vertex 29.6074 113.2 31.644
      vertex 29.6331 113.2 31.6183
    endloop
  endfacet
  facet normal -0.704194 -0.0925046 -0.703956
    outer loop
      vertex 29.6074 113.2 31.644
      vertex 29.6725 112.9 31.6183
      vertex 29.3772 112.9 31.9137
    endloop
  endfacet
  facet normal -0.704062 -0.0927015 -0.704062
    outer loop
      vertex 29.3772 112.9 31.9137
      vertex 29.5228 113.2 31.7286
      vertex 29.6074 113.2 31.644
    endloop
  endfacet
  facet normal -0.704013 -0.092751 -0.704104
    outer loop
      vertex 29.5228 113.2 31.7286
      vertex 29.3772 112.9 31.9137
      vertex 29.344 113.152 31.9137
    endloop
  endfacet
  facet normal -0.431747 0.564707 -0.703349
    outer loop
      vertex 29.3008 112.002 31.6183
      vertex 29.0379 111.801 31.6183
      vertex 28.8902 112.056 31.9137
    endloop
  endfacet
  facet normal -0.399248 0.305958 -0.864286
    outer loop
      vertex 29.2467 112.413 31.9137
      vertex 29.0919 112.211 31.9137
      vertex 28.9334 112.594 32.1225
    endloop
  endfacet
  facet normal -0.464908 0.192246 0.864235
    outer loop
      vertex 29.2467 112.413 29.3749
      vertex 28.9946 112.742 29.1661
      vertex 28.9334 112.594 29.1661
    endloop
  endfacet
  facet normal -0.259237 -0.0751969 -0.962882
    outer loop
      vertex 28.6049 112.954 32.2306
      vertex 28.9228 113.2 32.1258
      vertex 28.9254 113.2 32.1251
    endloop
  endfacet
  facet normal -0.240482 -0.100522 -0.965435
    outer loop
      vertex 28.9228 113.2 32.1258
      vertex 28.6049 112.954 32.2306
      vertex 28.584 113.004 32.2306
    endloop
  endfacet
  facet normal 0.206672 -0.15937 -0.965343
    outer loop
      vertex 28 113.154 32.1584
      vertex 28.1032 113.2 32.1729
      vertex 28.2555 113.048 32.2306
    endloop
  endfacet
  facet normal 0.206719 -0.159487 -0.965314
    outer loop
      vertex 28.1032 113.2 32.1729
      vertex 28 113.154 32.1584
      vertex 28 113.2 32.1508
    endloop
  endfacet
  facet normal 0.10054 -0.240817 -0.965349
    outer loop
      vertex 28.2988 113.081 32.2306
      vertex 28.2737 113.2 32.1983
      vertex 28.3491 113.102 32.2306
    endloop
  endfacet
  facet normal 0.10161 -0.240577 -0.965297
    outer loop
      vertex 28.2737 113.2 32.1983
      vertex 28.2988 113.081 32.2306
      vertex 28.23 113.2 32.1937
    endloop
  endfacet
  facet normal -0.0652296 0.498315 0.864539
    outer loop
      vertex 28.6553 111.959 29.3749
      vertex 28.5617 112.309 29.1661
      vertex 28.4032 111.926 29.3749
    endloop
  endfacet
  facet normal -0.0922284 0.704569 0.703617
    outer loop
      vertex 28.7317 111.674 29.6703
      vertex 28.6553 111.959 29.3749
      vertex 28.4032 111.926 29.3749
    endloop
  endfacet
  facet normal 0.206668 0.159379 0.965343
    outer loop
      vertex 28.2555 112.752 29.058
      vertex 28 112.646 29.1302
      vertex 28 112.497 29.1548
    endloop
  endfacet
  facet normal 0.25844 -0.0349955 0.965393
    outer loop
      vertex 28.2015 112.954 29.058
      vertex 28 113.008 29.1139
      vertex 28 112.928 29.111
    endloop
  endfacet
  facet normal 0.704344 -0.0929735 -0.703743
    outer loop
      vertex 27.147 113 31.6183
      vertex 27.2641 113 31.7355
      vertex 27.1338 112.9 31.6183
    endloop
  endfacet
  facet normal 0.0357505 -0.258818 -0.965264
    outer loop
      vertex 28.4032 113.2 32.2062
      vertex 28.4032 113.109 32.2306
      vertex 28.3654 113.2 32.2048
    endloop
  endfacet
  facet normal 0.241175 0.0994052 -0.965377
    outer loop
      vertex 28 112.792 32.1747
      vertex 28.2015 112.846 32.2306
      vertex 28 112.691 32.1643
    endloop
  endfacet
  facet normal 0.368825 0.893116 -0.257512
    outer loop
      vertex 27.6641 111.62 31.2566
      vertex 27.9926 111.368 30.8531
      vertex 27.61 111.526 30.8531
    endloop
  endfacet
  facet normal 0.307875 0.398275 -0.864054
    outer loop
      vertex 28 112.33 32.0695
      vertex 28.097 112.37 32.1225
      vertex 28 112.202 32.0105
    endloop
  endfacet
  facet normal -0.0660537 0.498548 0.864342
    outer loop
      vertex 28.5617 112.309 29.1661
      vertex 28.4032 112.288 29.1661
      vertex 28.4032 111.926 29.3749
    endloop
  endfacet
  facet normal 0.0343058 0.258927 0.965287
    outer loop
      vertex 28.4032 112.288 29.1661
      vertex 28.4032 112.691 29.058
      vertex 28.2447 112.309 29.1661
    endloop
  endfacet
  facet normal 0.306172 0.401333 0.863244
    outer loop
      vertex 28.097 112.37 29.1661
      vertex 28 112.444 29.1661
      vertex 28 112.33 29.2191
    endloop
  endfacet
  facet normal -0.368909 0.893087 0.25749
    outer loop
      vertex 29.1963 111.526 30.4354
      vertex 29.1423 111.62 30.032
      vertex 28.8138 111.368 30.4354
    endloop
  endfacet
  facet normal -0.688901 0.528332 0.496267
    outer loop
      vertex 29.6833 112.161 30.032
      vertex 29.5025 112.265 29.6703
      vertex 29.3008 112.002 29.6703
    endloop
  endfacet
  facet normal -0.399248 0.305958 0.864286
    outer loop
      vertex 29.0919 112.211 29.3749
      vertex 29.2467 112.413 29.3749
      vertex 28.9334 112.594 29.1661
    endloop
  endfacet
  facet normal -0.563597 0.431905 0.704142
    outer loop
      vertex 29.3008 112.002 29.6703
      vertex 29.2467 112.413 29.3749
      vertex 29.0919 112.211 29.3749
    endloop
  endfacet
  facet normal -0.258706 0.034015 0.965357
    outer loop
      vertex 28.9946 112.742 29.1661
      vertex 28.612 112.9 29.058
      vertex 28.6049 112.846 29.058
    endloop
  endfacet
  facet normal 0.0660537 0.498548 0.864342
    outer loop
      vertex 28.4032 111.926 29.3749
      vertex 28.4032 112.288 29.1661
      vertex 28.2447 112.309 29.1661
    endloop
  endfacet
  facet normal 0.272079 0.652558 0.707206
    outer loop
      vertex 28 112 29.3952
      vertex 28.1511 111.959 29.3749
      vertex 28 112.022 29.3749
    endloop
  endfacet
  facet normal 0.272583 0.656171 0.703661
    outer loop
      vertex 28.1511 111.959 29.3749
      vertex 28 112 29.3952
      vertex 28.0746 111.674 29.6703
    endloop
  endfacet
  facet normal 0.271576 0.656226 0.703999
    outer loop
      vertex 28.0746 111.674 29.6703
      vertex 28 112 29.3952
      vertex 27.9396 112 29.4185
    endloop
  endfacet
  facet normal 0.092199 0.704572 0.703618
    outer loop
      vertex 28.4032 111.631 29.6703
      vertex 28.4032 111.926 29.3749
      vertex 28.0746 111.674 29.6703
    endloop
  endfacet
  facet normal -0.0922268 0.70457 0.703616
    outer loop
      vertex 28.7317 111.674 29.6703
      vertex 28.4032 111.926 29.3749
      vertex 28.4032 111.631 29.6703
    endloop
  endfacet
  facet normal -0.892728 0.370179 0.256912
    outer loop
      vertex 29.777 112.107 30.4354
      vertex 29.9354 112.489 30.4354
      vertex 29.6833 112.161 30.032
    endloop
  endfacet
  facet normal -0.793762 0.608229 0
    outer loop
      vertex 29.5249 111.778 30.4354
      vertex 29.777 112.107 30.8531
      vertex 29.777 112.107 30.4354
    endloop
  endfacet
  facet normal -0.793762 0.608229 0
    outer loop
      vertex 29.777 112.107 30.8531
      vertex 29.5249 111.778 30.4354
      vertex 29.5249 111.778 30.8531
    endloop
  endfacet
  facet normal 0.958241 0.125847 0.256782
    outer loop
      vertex 26.9753 112.517 30.032
      vertex 26.925 112.9 30.032
      vertex 26.8169 112.9 30.4354
    endloop
  endfacet
  facet normal 0.70399 0.0926527 0.704141
    outer loop
      vertex 27.1771 112.571 29.6703
      vertex 27.4 112.696 29.431
      vertex 27.1338 112.9 29.6703
    endloop
  endfacet
  facet normal 0.704189 0.092064 0.704019
    outer loop
      vertex 27.4 112.696 29.431
      vertex 27.1771 112.571 29.6703
      vertex 27.4 112.631 29.4395
    endloop
  endfacet
  facet normal 0.5883 0.766543 0.257516
    outer loop
      vertex 27.61 111.526 30.4354
      vertex 27.6641 111.62 30.032
      vertex 27.3579 111.855 30.032
    endloop
  endfacet
  facet normal 0.958247 0.125901 0.256733
    outer loop
      vertex 26.8709 112.489 30.4354
      vertex 26.9753 112.517 30.032
      vertex 26.8169 112.9 30.4354
    endloop
  endfacet
  facet normal 0.991479 0.130267 0
    outer loop
      vertex 26.8709 112.489 30.8531
      vertex 26.8169 112.9 30.4354
      vertex 26.8169 112.9 30.8531
    endloop
  endfacet
  facet normal 0.991479 0.130267 0
    outer loop
      vertex 26.8169 112.9 30.4354
      vertex 26.8709 112.489 30.8531
      vertex 26.8709 112.489 30.4354
    endloop
  endfacet
  facet normal 0.892703 0.370402 -0.256678
    outer loop
      vertex 26.9753 112.517 31.2566
      vertex 27.0294 112.107 30.8531
      vertex 26.8709 112.489 30.8531
    endloop
  endfacet
  facet normal 0.958262 0.125903 -0.256674
    outer loop
      vertex 26.9753 112.517 31.2566
      vertex 26.8709 112.489 30.8531
      vertex 26.8169 112.9 30.8531
    endloop
  endfacet
  facet normal 0.89272 0.370379 -0.256652
    outer loop
      vertex 27.123 112.161 31.2566
      vertex 27.0294 112.107 30.8531
      vertex 26.9753 112.517 31.2566
    endloop
  endfacet
  facet normal 0.76667 0.588532 -0.256607
    outer loop
      vertex 27.123 112.161 31.2566
      vertex 27.3579 111.855 31.2566
      vertex 27.0294 112.107 30.8531
    endloop
  endfacet
  facet normal 0.688726 0.528435 0.4964
    outer loop
      vertex 27.4 112.046 29.7701
      vertex 27.3039 112.265 29.6703
      vertex 27.123 112.161 30.032
    endloop
  endfacet
  facet normal 0.687549 0.528587 0.497868
    outer loop
      vertex 27.3039 112.265 29.6703
      vertex 27.4 112.046 29.7701
      vertex 27.4 112.14 29.6703
    endloop
  endfacet
  facet normal 0.561655 0.433276 -0.704851
    outer loop
      vertex 27.4 112.321 31.7293
      vertex 27.4 112.253 31.6875
      vertex 27.3039 112.265 31.6183
    endloop
  endfacet
  facet normal 0.112428 0.860298 -0.497239
    outer loop
      vertex 28.0746 111.674 31.6183
      vertex 28.4032 111.422 31.2566
      vertex 28.0206 111.472 31.2566
    endloop
  endfacet
  facet normal 0.130392 0.991463 -0
    outer loop
      vertex 28.4032 111.314 30.4354
      vertex 27.9926 111.368 30.8531
      vertex 28.4032 111.314 30.8531
    endloop
  endfacet
  facet normal 0.130392 0.991463 0
    outer loop
      vertex 27.9926 111.368 30.8531
      vertex 28.4032 111.314 30.4354
      vertex 27.9926 111.368 30.4354
    endloop
  endfacet
  facet normal -0.432609 0.56295 -0.704227
    outer loop
      vertex 29.0919 112.211 31.9137
      vertex 29.3008 112.002 31.6183
      vertex 28.8902 112.056 31.9137
    endloop
  endfacet
  facet normal -0.1582 0.207577 -0.965342
    outer loop
      vertex 28.5509 112.752 32.2306
      vertex 28.7093 112.37 32.1225
      vertex 28.5076 112.719 32.2306
    endloop
  endfacet
  facet normal -0.271178 0.656697 -0.703713
    outer loop
      vertex 28.8902 112.056 31.9137
      vertex 28.7317 111.674 31.6183
      vertex 28.6553 111.959 31.9137
    endloop
  endfacet
  facet normal -0.112426 0.860285 -0.497262
    outer loop
      vertex 28.7317 111.674 31.6183
      vertex 28.7858 111.472 31.2566
      vertex 28.4032 111.422 31.2566
    endloop
  endfacet
  facet normal 0.0660537 0.498548 -0.864342
    outer loop
      vertex 28.4032 112.288 32.1225
      vertex 28.4032 111.926 31.9137
      vertex 28.2447 112.309 32.1225
    endloop
  endfacet
  facet normal 0 0 -1
    outer loop
      vertex 28.6049 112.846 32.2306
      vertex 28.6049 112.954 32.2306
      vertex 28.612 112.9 32.2306
    endloop
  endfacet
  facet normal 0 0 -1
    outer loop
      vertex 28.584 112.796 32.2306
      vertex 28.6049 112.954 32.2306
      vertex 28.6049 112.846 32.2306
    endloop
  endfacet
  facet normal 0 0 -1
    outer loop
      vertex 28.584 112.796 32.2306
      vertex 28.584 113.004 32.2306
      vertex 28.6049 112.954 32.2306
    endloop
  endfacet
  facet normal 0 0 -1
    outer loop
      vertex 28.5509 112.752 32.2306
      vertex 28.584 113.004 32.2306
      vertex 28.584 112.796 32.2306
    endloop
  endfacet
  facet normal 0 0 -1
    outer loop
      vertex 28.5509 112.752 32.2306
      vertex 28.5509 113.048 32.2306
      vertex 28.584 113.004 32.2306
    endloop
  endfacet
  facet normal 0 0 -1
    outer loop
      vertex 28.5076 112.719 32.2306
      vertex 28.5509 113.048 32.2306
      vertex 28.5509 112.752 32.2306
    endloop
  endfacet
  facet normal 0 0 -1
    outer loop
      vertex 28.5076 112.719 32.2306
      vertex 28.5076 113.081 32.2306
      vertex 28.5509 113.048 32.2306
    endloop
  endfacet
  facet normal 0 0 -1
    outer loop
      vertex 28.4572 112.698 32.2306
      vertex 28.5076 113.081 32.2306
      vertex 28.5076 112.719 32.2306
    endloop
  endfacet
  facet normal 0 0 -1
    outer loop
      vertex 28.4572 112.698 32.2306
      vertex 28.4572 113.102 32.2306
      vertex 28.5076 113.081 32.2306
    endloop
  endfacet
  facet normal 0 0 -1
    outer loop
      vertex 28.4032 112.691 32.2306
      vertex 28.4572 113.102 32.2306
      vertex 28.4572 112.698 32.2306
    endloop
  endfacet
  facet normal 0 0 -1
    outer loop
      vertex 28.4032 112.691 32.2306
      vertex 28.4032 113.109 32.2306
      vertex 28.4572 113.102 32.2306
    endloop
  endfacet
  facet normal 0 0 -1
    outer loop
      vertex 28.3491 112.698 32.2306
      vertex 28.4032 113.109 32.2306
      vertex 28.4032 112.691 32.2306
    endloop
  endfacet
  facet normal 0 0 -1
    outer loop
      vertex 28.3491 112.698 32.2306
      vertex 28.3491 113.102 32.2306
      vertex 28.4032 113.109 32.2306
    endloop
  endfacet
  facet normal 0 0 -1
    outer loop
      vertex 28.2988 112.719 32.2306
      vertex 28.3491 113.102 32.2306
      vertex 28.3491 112.698 32.2306
    endloop
  endfacet
  facet normal 0 0 -1
    outer loop
      vertex 28.2988 112.719 32.2306
      vertex 28.2988 113.081 32.2306
      vertex 28.3491 113.102 32.2306
    endloop
  endfacet
  facet normal 0 0 -1
    outer loop
      vertex 28.2555 112.752 32.2306
      vertex 28.2988 113.081 32.2306
      vertex 28.2988 112.719 32.2306
    endloop
  endfacet
  facet normal 0 0 -1
    outer loop
      vertex 28.2555 112.752 32.2306
      vertex 28.2555 113.048 32.2306
      vertex 28.2988 113.081 32.2306
    endloop
  endfacet
  facet normal 0 0 -1
    outer loop
      vertex 28.2223 112.796 32.2306
      vertex 28.2555 113.048 32.2306
      vertex 28.2555 112.752 32.2306
    endloop
  endfacet
  facet normal 0 0 -1
    outer loop
      vertex 28.2223 112.796 32.2306
      vertex 28.2223 113.004 32.2306
      vertex 28.2555 113.048 32.2306
    endloop
  endfacet
  facet normal 0 0 -1
    outer loop
      vertex 28.2015 112.846 32.2306
      vertex 28.2223 113.004 32.2306
      vertex 28.2223 112.796 32.2306
    endloop
  endfacet
  facet normal 0 0 -1
    outer loop
      vertex 28.2015 112.846 32.2306
      vertex 28.2015 112.954 32.2306
      vertex 28.2223 113.004 32.2306
    endloop
  endfacet
  facet normal 0 -0 -1
    outer loop
      vertex 28.2015 112.954 32.2306
      vertex 28.2015 112.846 32.2306
      vertex 28.1943 112.9 32.2306
    endloop
  endfacet
  facet normal -0.258628 0.034211 -0.965371
    outer loop
      vertex 29.0155 112.9 32.1225
      vertex 28.9946 112.742 32.1225
      vertex 28.612 112.9 32.2306
    endloop
  endfacet
  facet normal -0.801665 0.332601 -0.4967
    outer loop
      vertex 29.831 112.517 31.2566
      vertex 29.6833 112.161 31.2566
      vertex 29.6293 112.571 31.6183
    endloop
  endfacet
  facet normal -0.892714 0.370376 -0.256679
    outer loop
      vertex 29.831 112.517 31.2566
      vertex 29.9354 112.489 30.8531
      vertex 29.6833 112.161 31.2566
    endloop
  endfacet
  facet normal -0.258706 0.034015 -0.965357
    outer loop
      vertex 28.612 112.9 32.2306
      vertex 28.9946 112.742 32.1225
      vertex 28.6049 112.846 32.2306
    endloop
  endfacet
  facet normal -0.498861 -0.0659885 -0.864166
    outer loop
      vertex 29.3772 112.9 31.9137
      vertex 29.0155 112.9 32.1225
      vertex 28.9946 113.058 32.1225
    endloop
  endfacet
  facet normal -0.464731 0.192418 -0.864292
    outer loop
      vertex 29.344 112.648 31.9137
      vertex 29.2467 112.413 31.9137
      vertex 28.9946 112.742 32.1225
    endloop
  endfacet
  facet normal -0.0336007 0.259205 -0.965238
    outer loop
      vertex 28.4572 112.698 32.2306
      vertex 28.5617 112.309 32.1225
      vertex 28.4032 112.691 32.2306
    endloop
  endfacet
  facet normal -0.464994 -0.19181 0.864286
    outer loop
      vertex 29.1032 113.2 29.256
      vertex 29.344 113.152 29.3749
      vertex 29.3242 113.2 29.3749
    endloop
  endfacet
  facet normal -0.464979 -0.191602 0.86434
    outer loop
      vertex 29.344 113.152 29.3749
      vertex 29.1032 113.2 29.256
      vertex 28.9946 113.058 29.1661
    endloop
  endfacet
  facet normal -0.704062 -0.0927015 0.704062
    outer loop
      vertex 29.5228 113.2 29.56
      vertex 29.3772 112.9 29.3749
      vertex 29.6074 113.2 29.6446
    endloop
  endfacet
  facet normal -0.704013 -0.092751 0.704104
    outer loop
      vertex 29.3772 112.9 29.3749
      vertex 29.5228 113.2 29.56
      vertex 29.344 113.152 29.3749
    endloop
  endfacet
  facet normal -0.958206 0.126129 0.256773
    outer loop
      vertex 29.9354 112.489 30.4354
      vertex 29.9895 112.9 30.4354
      vertex 29.8814 112.9 30.032
    endloop
  endfacet
  facet normal -0.801957 0.332314 0.496419
    outer loop
      vertex 29.6833 112.161 30.032
      vertex 29.6293 112.571 29.6703
      vertex 29.5025 112.265 29.6703
    endloop
  endfacet
  facet normal -0.237079 -0.0978367 -0.966551
    outer loop
      vertex 28.9946 113.058 32.1225
      vertex 28.9254 113.2 32.1251
      vertex 28.936 113.2 32.1225
    endloop
  endfacet
  facet normal -0.241136 -0.0998359 -0.965343
    outer loop
      vertex 28.9254 113.2 32.1251
      vertex 28.9946 113.058 32.1225
      vertex 28.6049 112.954 32.2306
    endloop
  endfacet
  facet normal -0.0984877 -0.24234 -0.96518
    outer loop
      vertex 28.4836 113.2 32.2033
      vertex 28.5326 113.2 32.1983
      vertex 28.4572 113.102 32.2306
    endloop
  endfacet
  facet normal 0.258868 -0.0310312 -0.965414
    outer loop
      vertex 28 112.928 32.1776
      vertex 28.1943 112.9 32.2306
      vertex 28 112.9 32.1785
    endloop
  endfacet
  facet normal 0.258379 -0.0344506 -0.965429
    outer loop
      vertex 28.1943 112.9 32.2306
      vertex 28 112.928 32.1776
      vertex 28.2015 112.954 32.2306
    endloop
  endfacet
  facet normal -0.46516 -0.19196 -0.864163
    outer loop
      vertex 29.1032 113.2 32.0325
      vertex 28.9946 113.058 32.1225
      vertex 28.936 113.2 32.1225
    endloop
  endfacet
  facet normal -0.464701 -0.191689 -0.86447
    outer loop
      vertex 29.344 113.152 31.9137
      vertex 29.1032 113.2 32.0325
      vertex 29.3242 113.2 31.9137
    endloop
  endfacet
  facet normal -0.464749 -0.192358 -0.864296
    outer loop
      vertex 29.1032 113.2 32.0325
      vertex 29.344 113.152 31.9137
      vertex 28.9946 113.058 32.1225
    endloop
  endfacet
  facet normal -0.0339025 -0.259714 -0.96509
    outer loop
      vertex 28.4572 113.102 32.2306
      vertex 28.4409 113.2 32.2048
      vertex 28.4836 113.2 32.2033
    endloop
  endfacet
  facet normal -0.033662 -0.259678 -0.965108
    outer loop
      vertex 28.4409 113.2 32.2048
      vertex 28.4572 113.102 32.2306
      vertex 28.4032 113.109 32.2306
    endloop
  endfacet
  facet normal 0.100268 -0.241019 0.965327
    outer loop
      vertex 28.3491 113.102 29.058
      vertex 28.3228 113.2 29.0852
      vertex 28.2737 113.2 29.0903
    endloop
  endfacet
  facet normal 0.157946 -0.207244 0.965455
    outer loop
      vertex 28.23 113.2 29.0948
      vertex 28.2555 113.048 29.058
      vertex 28.2988 113.081 29.058
    endloop
  endfacet
  facet normal 0.159173 -0.207002 0.965305
    outer loop
      vertex 28.2555 113.048 29.058
      vertex 28.23 113.2 29.0948
      vertex 28.1924 113.2 29.101
    endloop
  endfacet
  facet normal -0.258628 -0.034211 0.965371
    outer loop
      vertex 29.0155 112.9 29.1661
      vertex 28.9946 113.058 29.1661
      vertex 28.612 112.9 29.058
    endloop
  endfacet
  facet normal -0.245565 -0.101339 0.964069
    outer loop
      vertex 28.9254 113.2 29.1634
      vertex 28.9946 113.058 29.1661
      vertex 28.936 113.2 29.1661
    endloop
  endfacet
  facet normal -0.241301 -0.0992365 0.965363
    outer loop
      vertex 28.9946 113.058 29.1661
      vertex 28.9254 113.2 29.1634
      vertex 28.6049 112.954 29.058
    endloop
  endfacet
  facet normal 0.100558 0.24086 -0.965336
    outer loop
      vertex 28.2988 112.719 32.2306
      vertex 28.3491 112.698 32.2306
      vertex 28.097 112.37 32.1225
    endloop
  endfacet
  facet normal 0.206668 0.159379 -0.965343
    outer loop
      vertex 28 112.646 32.1584
      vertex 28.2555 112.752 32.2306
      vertex 28 112.497 32.1338
    endloop
  endfacet
  facet normal 0.432085 0.563881 -0.703804
    outer loop
      vertex 27.8836 112 31.8484
      vertex 27.7685 111.801 31.6183
      vertex 27.5088 112 31.6183
    endloop
  endfacet
  facet normal 0.370658 0.892836 -0.255845
    outer loop
      vertex 28.0206 111.472 31.2566
      vertex 27.9926 111.368 30.8531
      vertex 27.6641 111.62 31.2566
    endloop
  endfacet
  facet normal -0.0997808 0.241437 0.965273
    outer loop
      vertex 28.5617 112.309 29.1661
      vertex 28.7093 112.37 29.1661
      vertex 28.4572 112.698 29.058
    endloop
  endfacet
  facet normal -0.191913 0.464367 0.8646
    outer loop
      vertex 28.8902 112.056 29.3749
      vertex 28.7093 112.37 29.1661
      vertex 28.5617 112.309 29.1661
    endloop
  endfacet
  facet normal -0.0343058 0.258927 0.965287
    outer loop
      vertex 28.5617 112.309 29.1661
      vertex 28.4032 112.691 29.058
      vertex 28.4032 112.288 29.1661
    endloop
  endfacet
  facet normal 0.158884 0.207241 0.965302
    outer loop
      vertex 28 112.497 29.1548
      vertex 28.097 112.37 29.1661
      vertex 28.2555 112.752 29.058
    endloop
  endfacet
  facet normal 0.157102 0.205931 0.965873
    outer loop
      vertex 28.097 112.37 29.1661
      vertex 28 112.497 29.1548
      vertex 28 112.444 29.1661
    endloop
  endfacet
  facet normal 0.207822 0.156811 0.965516
    outer loop
      vertex 28 112.667 29.1268
      vertex 28.2555 112.752 29.058
      vertex 28.2223 112.796 29.058
    endloop
  endfacet
  facet normal 0.207994 0.156328 0.965557
    outer loop
      vertex 28.2555 112.752 29.058
      vertex 28 112.667 29.1268
      vertex 28 112.646 29.1302
    endloop
  endfacet
  facet normal 0.240651 0.100111 0.965435
    outer loop
      vertex 28 112.691 29.1243
      vertex 28.2223 112.796 29.058
      vertex 28.2015 112.846 29.058
    endloop
  endfacet
  facet normal 0.240437 0.100567 0.965441
    outer loop
      vertex 28.2223 112.796 29.058
      vertex 28 112.691 29.1243
      vertex 28 112.667 29.1268
    endloop
  endfacet
  facet normal -0.923734 0.383035 0
    outer loop
      vertex 29.777 112.107 30.4354
      vertex 29.9354 112.489 30.8531
      vertex 29.9354 112.489 30.4354
    endloop
  endfacet
  facet normal -0.923734 0.383035 0
    outer loop
      vertex 29.9354 112.489 30.8531
      vertex 29.777 112.107 30.4354
      vertex 29.777 112.107 30.8531
    endloop
  endfacet
  facet normal -0.527024 0.689326 0.497067
    outer loop
      vertex 29.1423 111.62 30.032
      vertex 29.3008 112.002 29.6703
      vertex 29.0379 111.801 29.6703
    endloop
  endfacet
  facet normal -0.655919 0.271578 0.704283
    outer loop
      vertex 29.6293 112.571 29.6703
      vertex 29.344 112.648 29.3749
      vertex 29.2467 112.413 29.3749
    endloop
  endfacet
  facet normal -0.655934 0.271806 0.704182
    outer loop
      vertex 29.5025 112.265 29.6703
      vertex 29.6293 112.571 29.6703
      vertex 29.2467 112.413 29.3749
    endloop
  endfacet
  facet normal -0.305633 0.399528 0.864272
    outer loop
      vertex 29.0919 112.211 29.3749
      vertex 28.8361 112.467 29.1661
      vertex 28.7093 112.37 29.1661
    endloop
  endfacet
  facet normal -0.207231 0.158769 0.965323
    outer loop
      vertex 28.8361 112.467 29.1661
      vertex 28.9334 112.594 29.1661
      vertex 28.5509 112.752 29.058
    endloop
  endfacet
  facet normal 0.271351 0.656852 0.703501
    outer loop
      vertex 27.7685 111.801 29.6703
      vertex 27.9396 112 29.4185
      vertex 27.8836 112 29.4401
    endloop
  endfacet
  facet normal 0.272286 0.656274 0.70368
    outer loop
      vertex 27.9396 112 29.4185
      vertex 27.7685 111.801 29.6703
      vertex 28.0746 111.674 29.6703
    endloop
  endfacet
  facet normal 0.432178 0.564003 0.70365
    outer loop
      vertex 27.7685 111.801 29.6703
      vertex 27.8836 112 29.4401
      vertex 27.5088 112 29.6703
    endloop
  endfacet
  facet normal 0.801714 0.332621 0.496607
    outer loop
      vertex 27.123 112.161 30.032
      vertex 27.3039 112.265 29.6703
      vertex 26.9753 112.517 30.032
    endloop
  endfacet
  facet normal 0.656171 0.271172 0.704206
    outer loop
      vertex 27.1771 112.571 29.6703
      vertex 27.4 112.497 29.4911
      vertex 27.4 112.631 29.4395
    endloop
  endfacet
  facet normal 0.65618 0.271907 0.703914
    outer loop
      vertex 27.4 112.497 29.4911
      vertex 27.1771 112.571 29.6703
      vertex 27.3039 112.265 29.6703
    endloop
  endfacet
  facet normal 0.241175 0.0994052 0.965377
    outer loop
      vertex 28.2015 112.846 29.058
      vertex 28 112.792 29.1139
      vertex 28 112.691 29.1243
    endloop
  endfacet
  facet normal 0.767006 0.587727 0.257447
    outer loop
      vertex 27.2815 111.778 30.4354
      vertex 27.3579 111.855 30.032
      vertex 27.0294 112.107 30.4354
    endloop
  endfacet
  facet normal 0.368819 0.893101 0.257572
    outer loop
      vertex 27.9926 111.368 30.4354
      vertex 27.6641 111.62 30.032
      vertex 27.61 111.526 30.4354
    endloop
  endfacet
  facet normal 0.33253 0.801476 -0.497051
    outer loop
      vertex 27.7685 111.801 31.6183
      vertex 28.0746 111.674 31.6183
      vertex 27.6641 111.62 31.2566
    endloop
  endfacet
  facet normal 0.381697 0.924287 -0
    outer loop
      vertex 27.9926 111.368 30.4354
      vertex 27.61 111.526 30.8531
      vertex 27.9926 111.368 30.8531
    endloop
  endfacet
  facet normal 0.381697 0.924287 0
    outer loop
      vertex 27.61 111.526 30.8531
      vertex 27.9926 111.368 30.4354
      vertex 27.61 111.526 30.4354
    endloop
  endfacet
  facet normal 0.125273 0.958588 -0.255764
    outer loop
      vertex 28.0206 111.472 31.2566
      vertex 28.4032 111.422 31.2566
      vertex 27.9926 111.368 30.8531
    endloop
  endfacet
  facet normal 0.0922264 0.704553 -0.703633
    outer loop
      vertex 28.1511 111.959 31.9137
      vertex 28.4032 111.926 31.9137
      vertex 28.0746 111.674 31.6183
    endloop
  endfacet
  facet normal 0.158178 0.207548 -0.965352
    outer loop
      vertex 28.2555 112.752 32.2306
      vertex 28.2988 112.719 32.2306
      vertex 28.097 112.37 32.1225
    endloop
  endfacet
  facet normal -0.498861 0.0659885 -0.864166
    outer loop
      vertex 29.0155 112.9 32.1225
      vertex 29.3772 112.9 31.9137
      vertex 28.9946 112.742 32.1225
    endloop
  endfacet
  facet normal -0.20817 0.1566 -0.965475
    outer loop
      vertex 28.584 112.796 32.2306
      vertex 28.9334 112.594 32.1225
      vertex 28.5509 112.752 32.2306
    endloop
  endfacet
  facet normal -0.801665 0.332601 0.4967
    outer loop
      vertex 29.6833 112.161 30.032
      vertex 29.831 112.517 30.032
      vertex 29.6293 112.571 29.6703
    endloop
  endfacet
  facet normal -0.688794 0.528751 -0.49597
    outer loop
      vertex 29.6833 112.161 31.2566
      vertex 29.4484 111.855 31.2566
      vertex 29.3008 112.002 31.6183
    endloop
  endfacet
  facet normal -0.766633 0.588503 -0.256785
    outer loop
      vertex 29.6833 112.161 31.2566
      vertex 29.777 112.107 30.8531
      vertex 29.4484 111.855 31.2566
    endloop
  endfacet
  facet normal -0.241166 0.0997255 -0.965346
    outer loop
      vertex 28.9946 112.742 32.1225
      vertex 28.9334 112.594 32.1225
      vertex 28.6049 112.846 32.2306
    endloop
  endfacet
  facet normal -0.563597 0.431905 -0.704142
    outer loop
      vertex 29.2467 112.413 31.9137
      vertex 29.3008 112.002 31.6183
      vertex 29.0919 112.211 31.9137
    endloop
  endfacet
  facet normal -0.563336 0.432033 -0.704273
    outer loop
      vertex 29.5025 112.265 31.6183
      vertex 29.3008 112.002 31.6183
      vertex 29.2467 112.413 31.9137
    endloop
  endfacet
  facet normal -0.655919 0.271578 -0.704283
    outer loop
      vertex 29.344 112.648 31.9137
      vertex 29.6293 112.571 31.6183
      vertex 29.2467 112.413 31.9137
    endloop
  endfacet
  facet normal -0.656342 -0.270741 0.704212
    outer loop
      vertex 29.344 113.152 29.3749
      vertex 29.5228 113.2 29.56
      vertex 29.3242 113.2 29.3749
    endloop
  endfacet
  facet normal -0.464773 -0.191801 0.864406
    outer loop
      vertex 28.9946 113.058 29.1661
      vertex 29.1032 113.2 29.256
      vertex 28.936 113.2 29.1661
    endloop
  endfacet
  facet normal -0.498783 0.0657127 0.864232
    outer loop
      vertex 29.344 112.648 29.3749
      vertex 29.3772 112.9 29.3749
      vertex 28.9946 112.742 29.1661
    endloop
  endfacet
  facet normal -0.498861 0.0659885 0.864166
    outer loop
      vertex 29.3772 112.9 29.3749
      vertex 29.0155 112.9 29.1661
      vertex 28.9946 112.742 29.1661
    endloop
  endfacet
  facet normal -0.860478 0.113233 0.496746
    outer loop
      vertex 29.831 112.517 30.032
      vertex 29.8814 112.9 30.032
      vertex 29.6293 112.571 29.6703
    endloop
  endfacet
  facet normal -0.860406 0.112977 0.496928
    outer loop
      vertex 29.8814 112.9 30.032
      vertex 29.6725 112.9 29.6703
      vertex 29.6293 112.571 29.6703
    endloop
  endfacet
  facet normal -0.0358452 -0.258817 -0.965261
    outer loop
      vertex 28.4032 113.2 32.2062
      vertex 28.4409 113.2 32.2048
      vertex 28.4032 113.109 32.2306
    endloop
  endfacet
  facet normal 0.240437 -0.100567 0.965441
    outer loop
      vertex 28 113.109 29.1243
      vertex 28.2223 113.004 29.058
      vertex 28 113.133 29.1268
    endloop
  endfacet
  facet normal 0.240651 -0.100111 0.965435
    outer loop
      vertex 28.2223 113.004 29.058
      vertex 28 113.109 29.1243
      vertex 28.2015 112.954 29.058
    endloop
  endfacet
  facet normal 0.207994 -0.156328 0.965557
    outer loop
      vertex 28 113.133 29.1268
      vertex 28.2555 113.048 29.058
      vertex 28 113.154 29.1302
    endloop
  endfacet
  facet normal 0.207822 -0.156811 0.965516
    outer loop
      vertex 28.2555 113.048 29.058
      vertex 28 113.133 29.1268
      vertex 28.2223 113.004 29.058
    endloop
  endfacet
  facet normal 0.159082 -0.207042 0.965312
    outer loop
      vertex 28.2555 113.048 29.058
      vertex 28.1924 113.2 29.101
      vertex 28.1032 113.2 29.1157
    endloop
  endfacet
  facet normal 0.206719 -0.159487 0.965314
    outer loop
      vertex 28 113.154 29.1302
      vertex 28.1032 113.2 29.1157
      vertex 28 113.2 29.1378
    endloop
  endfacet
  facet normal 0.206672 -0.15937 0.965343
    outer loop
      vertex 28.1032 113.2 29.1157
      vertex 28 113.154 29.1302
      vertex 28.2555 113.048 29.058
    endloop
  endfacet
  facet normal 0.10054 -0.240817 0.965349
    outer loop
      vertex 28.2737 113.2 29.0903
      vertex 28.2988 113.081 29.058
      vertex 28.3491 113.102 29.058
    endloop
  endfacet
  facet normal 0.0994122 -0.241069 0.965403
    outer loop
      vertex 28.2988 113.081 29.058
      vertex 28.2737 113.2 29.0903
      vertex 28.23 113.2 29.0948
    endloop
  endfacet
  facet normal 0.0331998 -0.258841 0.965349
    outer loop
      vertex 28.4032 113.109 29.058
      vertex 28.4032 113.2 29.0824
      vertex 28.3654 113.2 29.0837
    endloop
  endfacet
  facet normal -0.206877 -0.158606 0.965425
    outer loop
      vertex 28.9186 113.2 29.1619
      vertex 28.584 113.004 29.058
      vertex 28.9228 113.2 29.1628
    endloop
  endfacet
  facet normal -0.208103 -0.15655 0.965497
    outer loop
      vertex 28.584 113.004 29.058
      vertex 28.9186 113.2 29.1619
      vertex 28.5509 113.048 29.058
    endloop
  endfacet
  facet normal -0.159082 -0.207042 0.965312
    outer loop
      vertex 28.7032 113.2 29.1157
      vertex 28.614 113.2 29.101
      vertex 28.5509 113.048 29.058
    endloop
  endfacet
  facet normal 0.25844 -0.0349955 -0.965393
    outer loop
      vertex 28 113.008 32.1747
      vertex 28.2015 112.954 32.2306
      vertex 28 112.928 32.1776
    endloop
  endfacet
  facet normal 0.207822 -0.156811 -0.965516
    outer loop
      vertex 28 113.133 32.1618
      vertex 28.2555 113.048 32.2306
      vertex 28.2223 113.004 32.2306
    endloop
  endfacet
  facet normal 0.207994 -0.156328 -0.965557
    outer loop
      vertex 28.2555 113.048 32.2306
      vertex 28 113.133 32.1618
      vertex 28 113.154 32.1584
    endloop
  endfacet
  facet normal 0.0335986 -0.259669 -0.965113
    outer loop
      vertex 28.3491 113.102 32.2306
      vertex 28.3654 113.2 32.2048
      vertex 28.4032 113.109 32.2306
    endloop
  endfacet
  facet normal 0.0339818 -0.259725 -0.965084
    outer loop
      vertex 28.3654 113.2 32.2048
      vertex 28.3491 113.102 32.2306
      vertex 28.3228 113.2 32.2033
    endloop
  endfacet
  facet normal 0.192126 0.46514 -0.864137
    outer loop
      vertex 28 112.202 32.0105
      vertex 28.2447 112.309 32.1225
      vertex 28 112.121 31.9669
    endloop
  endfacet
  facet normal 0.192112 0.465163 -0.864127
    outer loop
      vertex 28.2447 112.309 32.1225
      vertex 28 112.202 32.0105
      vertex 28.097 112.37 32.1225
    endloop
  endfacet
  facet normal 0.193627 0.464399 -0.8642
    outer loop
      vertex 28 112.121 31.9669
      vertex 28.1511 111.959 31.9137
      vertex 28 112.022 31.9137
    endloop
  endfacet
  facet normal 0.193171 0.464065 -0.864481
    outer loop
      vertex 28.1511 111.959 31.9137
      vertex 28 112.121 31.9669
      vertex 28.2447 112.309 32.1225
    endloop
  endfacet
  facet normal 0.525732 0.686093 -0.502874
    outer loop
      vertex 27.7685 111.801 31.6183
      vertex 27.5066 112 31.616
      vertex 27.5088 112 31.6183
    endloop
  endfacet
  facet normal 0.527745 0.68881 -0.497017
    outer loop
      vertex 27.5066 112 31.616
      vertex 27.7685 111.801 31.6183
      vertex 27.6641 111.62 31.2566
    endloop
  endfacet
  facet normal 0.526892 0.689027 -0.49762
    outer loop
      vertex 27.6641 111.62 31.2566
      vertex 27.5032 112 31.6124
      vertex 27.5066 112 31.616
    endloop
  endfacet
  facet normal 0.528502 0.688627 -0.496465
    outer loop
      vertex 27.5032 112 31.6124
      vertex 27.6641 111.62 31.2566
      vertex 27.3579 111.855 31.2566
    endloop
  endfacet
  facet normal 0.0922264 0.704553 0.703633
    outer loop
      vertex 28.4032 111.926 29.3749
      vertex 28.1511 111.959 29.3749
      vertex 28.0746 111.674 29.6703
    endloop
  endfacet
  facet normal 0.192112 0.465163 0.864127
    outer loop
      vertex 28 112.202 29.2781
      vertex 28.2447 112.309 29.1661
      vertex 28.097 112.37 29.1661
    endloop
  endfacet
  facet normal 0.192671 0.464262 0.864488
    outer loop
      vertex 28.2447 112.309 29.1661
      vertex 28 112.202 29.2781
      vertex 28 112.121 29.3216
    endloop
  endfacet
  facet normal -0.0336007 0.259205 0.965238
    outer loop
      vertex 28.5617 112.309 29.1661
      vertex 28.4572 112.698 29.058
      vertex 28.4032 112.691 29.058
    endloop
  endfacet
  facet normal 0.158178 0.207548 0.965352
    outer loop
      vertex 28.2988 112.719 29.058
      vertex 28.2555 112.752 29.058
      vertex 28.097 112.37 29.1661
    endloop
  endfacet
  facet normal -0.766981 0.587708 -0.257565
    outer loop
      vertex 29.777 112.107 30.8531
      vertex 29.5249 111.778 30.8531
      vertex 29.4484 111.855 31.2566
    endloop
  endfacet
  facet normal -0.125271 0.958573 0.255823
    outer loop
      vertex 28.8138 111.368 30.4354
      vertex 28.7858 111.472 30.032
      vertex 28.4032 111.422 30.032
    endloop
  endfacet
  facet normal 0.766657 0.588522 0.256667
    outer loop
      vertex 27.3579 111.855 30.032
      vertex 27.123 112.161 30.032
      vertex 27.0294 112.107 30.4354
    endloop
  endfacet
  facet normal 0.688519 0.529241 0.495827
    outer loop
      vertex 27.123 112.161 30.032
      vertex 27.4 112 29.8192
      vertex 27.4 112.046 29.7701
    endloop
  endfacet
  facet normal 0.688128 0.529019 0.496607
    outer loop
      vertex 27.4 112 29.8192
      vertex 27.3579 111.855 30.032
      vertex 27.5032 112 29.6762
    endloop
  endfacet
  facet normal 0.688594 0.528597 0.496411
    outer loop
      vertex 27.3579 111.855 30.032
      vertex 27.4 112 29.8192
      vertex 27.123 112.161 30.032
    endloop
  endfacet
  facet normal 0.561655 0.433276 0.704851
    outer loop
      vertex 27.4 112.253 29.6011
      vertex 27.4 112.321 29.5593
      vertex 27.3039 112.265 29.6703
    endloop
  endfacet
  facet normal 0.561912 0.431998 0.705431
    outer loop
      vertex 27.4 112.14 29.6703
      vertex 27.4 112.253 29.6011
      vertex 27.3039 112.265 29.6703
    endloop
  endfacet
  facet normal 0.25844 0.0349955 0.965393
    outer loop
      vertex 28.2015 112.846 29.058
      vertex 28 112.872 29.111
      vertex 28 112.792 29.1139
    endloop
  endfacet
  facet normal 0.258868 0.0310312 0.965414
    outer loop
      vertex 28 112.872 29.111
      vertex 28.1943 112.9 29.058
      vertex 28 112.9 29.1101
    endloop
  endfacet
  facet normal 0.258379 0.0344506 0.965429
    outer loop
      vertex 28.1943 112.9 29.058
      vertex 28 112.872 29.111
      vertex 28.2015 112.846 29.058
    endloop
  endfacet
  facet normal 0.12603 0.958294 -0.256495
    outer loop
      vertex 28.4032 111.422 31.2566
      vertex 28.4032 111.314 30.8531
      vertex 27.9926 111.368 30.8531
    endloop
  endfacet
  facet normal -0.12603 0.958294 -0.256495
    outer loop
      vertex 28.4032 111.422 31.2566
      vertex 28.8138 111.368 30.8531
      vertex 28.4032 111.314 30.8531
    endloop
  endfacet
  facet normal -0.191803 0.46448 -0.864563
    outer loop
      vertex 28.8902 112.056 31.9137
      vertex 28.6553 111.959 31.9137
      vertex 28.5617 112.309 32.1225
    endloop
  endfacet
  facet normal -0.306219 0.39848 -0.864548
    outer loop
      vertex 29.0919 112.211 31.9137
      vertex 28.8902 112.056 31.9137
      vertex 28.7093 112.37 32.1225
    endloop
  endfacet
  facet normal -0.100406 0.240973 -0.965324
    outer loop
      vertex 28.5076 112.719 32.2306
      vertex 28.7093 112.37 32.1225
      vertex 28.4572 112.698 32.2306
    endloop
  endfacet
  facet normal 0.092199 0.704572 -0.703618
    outer loop
      vertex 28.4032 111.926 31.9137
      vertex 28.4032 111.631 31.6183
      vertex 28.0746 111.674 31.6183
    endloop
  endfacet
  facet normal -0.240554 0.100552 -0.965413
    outer loop
      vertex 28.6049 112.846 32.2306
      vertex 28.9334 112.594 32.1225
      vertex 28.584 112.796 32.2306
    endloop
  endfacet
  facet normal -0.688901 0.528332 -0.496267
    outer loop
      vertex 29.5025 112.265 31.6183
      vertex 29.6833 112.161 31.2566
      vertex 29.3008 112.002 31.6183
    endloop
  endfacet
  facet normal -0.801957 0.332314 -0.496419
    outer loop
      vertex 29.6293 112.571 31.6183
      vertex 29.6833 112.161 31.2566
      vertex 29.5025 112.265 31.6183
    endloop
  endfacet
  facet normal -0.704197 0.0924659 0.703958
    outer loop
      vertex 29.6293 112.571 29.6703
      vertex 29.6725 112.9 29.6703
      vertex 29.3772 112.9 29.3749
    endloop
  endfacet
  facet normal -0.704194 -0.0925046 0.703956
    outer loop
      vertex 29.6725 112.9 29.6703
      vertex 29.6074 113.2 29.6446
      vertex 29.3772 112.9 29.3749
    endloop
  endfacet
  facet normal -0.704077 -0.0924688 0.704077
    outer loop
      vertex 29.6074 113.2 29.6446
      vertex 29.6725 112.9 29.6703
      vertex 29.6331 113.2 29.6703
    endloop
  endfacet
  facet normal -0.958201 -0.126163 0.256777
    outer loop
      vertex 29.8814 112.9 30.032
      vertex 29.9209 113.2 30.3268
      vertex 29.8419 113.2 30.032
    endloop
  endfacet
  facet normal -0.860448 -0.113292 0.496783
    outer loop
      vertex 29.8814 112.9 30.032
      vertex 29.8419 113.2 30.032
      vertex 29.6512 113.2 29.7017
    endloop
  endfacet
  facet normal -0.95822 0.126095 0.25674
    outer loop
      vertex 29.9354 112.489 30.4354
      vertex 29.8814 112.9 30.032
      vertex 29.831 112.517 30.032
    endloop
  endfacet
  facet normal -0.892699 0.37037 0.256738
    outer loop
      vertex 29.9354 112.489 30.4354
      vertex 29.831 112.517 30.032
      vertex 29.6833 112.161 30.032
    endloop
  endfacet
  facet normal -0.207048 -0.158987 -0.965326
    outer loop
      vertex 28.7032 113.2 32.1729
      vertex 28.9186 113.2 32.1267
      vertex 28.5509 113.048 32.2306
    endloop
  endfacet
  facet normal -0.159082 -0.207042 -0.965312
    outer loop
      vertex 28.614 113.2 32.1876
      vertex 28.7032 113.2 32.1729
      vertex 28.5509 113.048 32.2306
    endloop
  endfacet
  facet normal -0.241166 0.0997255 0.965346
    outer loop
      vertex 28.9334 112.594 29.1661
      vertex 28.9946 112.742 29.1661
      vertex 28.6049 112.846 29.058
    endloop
  endfacet
  facet normal 0.0334772 -0.258731 0.965369
    outer loop
      vertex 28.3654 113.2 29.0837
      vertex 28.3491 113.102 29.058
      vertex 28.4032 113.109 29.058
    endloop
  endfacet
  facet normal 0.0339905 -0.258807 0.965331
    outer loop
      vertex 28.3491 113.102 29.058
      vertex 28.3654 113.2 29.0837
      vertex 28.3228 113.2 29.0852
    endloop
  endfacet
  facet normal -0.498783 -0.0657127 0.864232
    outer loop
      vertex 29.3772 112.9 29.3749
      vertex 29.344 113.152 29.3749
      vertex 28.9946 113.058 29.1661
    endloop
  endfacet
  facet normal -0.498861 -0.0659885 0.864166
    outer loop
      vertex 29.0155 112.9 29.1661
      vertex 29.3772 112.9 29.3749
      vertex 28.9946 113.058 29.1661
    endloop
  endfacet
  facet normal 0.241175 -0.0994052 -0.965377
    outer loop
      vertex 28 113.109 32.1643
      vertex 28.2015 112.954 32.2306
      vertex 28 113.008 32.1747
    endloop
  endfacet
  facet normal 0.240651 -0.100111 -0.965435
    outer loop
      vertex 28 113.109 32.1643
      vertex 28.2223 113.004 32.2306
      vertex 28.2015 112.954 32.2306
    endloop
  endfacet
  facet normal 0.240437 -0.100567 -0.965441
    outer loop
      vertex 28.2223 113.004 32.2306
      vertex 28 113.109 32.1643
      vertex 28 113.133 32.1618
    endloop
  endfacet
  facet normal 0.159082 -0.207042 -0.965312
    outer loop
      vertex 28.1924 113.2 32.1876
      vertex 28.2555 113.048 32.2306
      vertex 28.1032 113.2 32.1729
    endloop
  endfacet
  facet normal -0.191913 0.464367 -0.8646
    outer loop
      vertex 28.7093 112.37 32.1225
      vertex 28.8902 112.056 31.9137
      vertex 28.5617 112.309 32.1225
    endloop
  endfacet
  facet normal -0.0997808 0.241437 -0.965273
    outer loop
      vertex 28.7093 112.37 32.1225
      vertex 28.5617 112.309 32.1225
      vertex 28.4572 112.698 32.2306
    endloop
  endfacet
  facet normal 0.0997291 0.241475 -0.965269
    outer loop
      vertex 28.3491 112.698 32.2306
      vertex 28.2447 112.309 32.1225
      vertex 28.097 112.37 32.1225
    endloop
  endfacet
  facet normal 0.0335416 0.259229 -0.965233
    outer loop
      vertex 28.3491 112.698 32.2306
      vertex 28.4032 112.691 32.2306
      vertex 28.2447 112.309 32.1225
    endloop
  endfacet
  facet normal 0.0335416 0.259229 0.965233
    outer loop
      vertex 28.4032 112.691 29.058
      vertex 28.3491 112.698 29.058
      vertex 28.2447 112.309 29.1661
    endloop
  endfacet
  facet normal 0.0997291 0.241475 0.965269
    outer loop
      vertex 28.2447 112.309 29.1661
      vertex 28.3491 112.698 29.058
      vertex 28.097 112.37 29.1661
    endloop
  endfacet
  facet normal 0.192733 0.464199 0.864508
    outer loop
      vertex 28 112.121 29.3216
      vertex 28.1511 111.959 29.3749
      vertex 28.2447 112.309 29.1661
    endloop
  endfacet
  facet normal 0.193899 0.46505 0.863789
    outer loop
      vertex 28.1511 111.959 29.3749
      vertex 28 112.121 29.3216
      vertex 28 112.022 29.3749
    endloop
  endfacet
  facet normal 0.0652296 0.498315 0.864539
    outer loop
      vertex 28.4032 111.926 29.3749
      vertex 28.2447 112.309 29.1661
      vertex 28.1511 111.959 29.3749
    endloop
  endfacet
  facet normal -0.381783 0.924252 0
    outer loop
      vertex 29.1963 111.526 30.4354
      vertex 28.8138 111.368 30.8531
      vertex 29.1963 111.526 30.8531
    endloop
  endfacet
  facet normal -0.381783 0.924252 0
    outer loop
      vertex 28.8138 111.368 30.8531
      vertex 29.1963 111.526 30.4354
      vertex 28.8138 111.368 30.4354
    endloop
  endfacet
  facet normal -0.130392 0.991463 0
    outer loop
      vertex 28.8138 111.368 30.4354
      vertex 28.4032 111.314 30.8531
      vertex 28.8138 111.368 30.8531
    endloop
  endfacet
  facet normal -0.130392 0.991463 0
    outer loop
      vertex 28.4032 111.314 30.8531
      vertex 28.8138 111.368 30.4354
      vertex 28.4032 111.314 30.4354
    endloop
  endfacet
  facet normal -0.370652 0.892821 0.255904
    outer loop
      vertex 28.8138 111.368 30.4354
      vertex 29.1423 111.62 30.032
      vertex 28.7858 111.472 30.032
    endloop
  endfacet
  facet normal -0.332656 0.801295 0.497258
    outer loop
      vertex 28.7858 111.472 30.032
      vertex 29.1423 111.62 30.032
      vertex 28.7317 111.674 29.6703
    endloop
  endfacet
  facet normal -0.587976 0.766702 -0.257785
    outer loop
      vertex 29.4484 111.855 31.2566
      vertex 29.5249 111.778 30.8531
      vertex 29.1963 111.526 30.8531
    endloop
  endfacet
  facet normal 0.801709 0.332212 0.496888
    outer loop
      vertex 27.3039 112.265 29.6703
      vertex 27.1771 112.571 29.6703
      vertex 26.9753 112.517 30.032
    endloop
  endfacet
  facet normal 0.860374 0.113235 0.496926
    outer loop
      vertex 27.1771 112.571 29.6703
      vertex 27.1338 112.9 29.6703
      vertex 26.9753 112.517 30.032
    endloop
  endfacet
  facet normal -0.0922284 0.704569 -0.703617
    outer loop
      vertex 28.6553 111.959 31.9137
      vertex 28.7317 111.674 31.6183
      vertex 28.4032 111.926 31.9137
    endloop
  endfacet
  facet normal -0.125273 0.958588 -0.255764
    outer loop
      vertex 28.7858 111.472 31.2566
      vertex 28.8138 111.368 30.8531
      vertex 28.4032 111.422 31.2566
    endloop
  endfacet
  facet normal -0.156634 -0.208106 -0.965483
    outer loop
      vertex 28.5509 113.048 32.2306
      vertex 28.5764 113.2 32.1937
      vertex 28.614 113.2 32.1876
    endloop
  endfacet
  facet normal -0.158346 -0.207769 -0.965276
    outer loop
      vertex 28.5764 113.2 32.1937
      vertex 28.5509 113.048 32.2306
      vertex 28.5076 113.081 32.2306
    endloop
  endfacet
  facet normal -0.206877 -0.158606 -0.965425
    outer loop
      vertex 28.584 113.004 32.2306
      vertex 28.9186 113.2 32.1267
      vertex 28.9228 113.2 32.1258
    endloop
  endfacet
  facet normal -0.208103 -0.15655 -0.965497
    outer loop
      vertex 28.9186 113.2 32.1267
      vertex 28.584 113.004 32.2306
      vertex 28.5509 113.048 32.2306
    endloop
  endfacet
  facet normal -0.158645 0.207384 0.96531
    outer loop
      vertex 28.7093 112.37 29.1661
      vertex 28.8361 112.467 29.1661
      vertex 28.5509 112.752 29.058
    endloop
  endfacet
  facet normal -0.1582 0.207577 0.965342
    outer loop
      vertex 28.7093 112.37 29.1661
      vertex 28.5509 112.752 29.058
      vertex 28.5076 112.719 29.058
    endloop
  endfacet
  facet normal -0.258706 -0.034015 0.965357
    outer loop
      vertex 28.612 112.9 29.058
      vertex 28.9946 113.058 29.1661
      vertex 28.6049 112.954 29.058
    endloop
  endfacet
  facet normal 0 0 1
    outer loop
      vertex 28.6049 112.954 29.058
      vertex 28.6049 112.846 29.058
      vertex 28.612 112.9 29.058
    endloop
  endfacet
  facet normal 0 0 1
    outer loop
      vertex 28.584 113.004 29.058
      vertex 28.6049 112.846 29.058
      vertex 28.6049 112.954 29.058
    endloop
  endfacet
  facet normal 0 0 1
    outer loop
      vertex 28.584 113.004 29.058
      vertex 28.584 112.796 29.058
      vertex 28.6049 112.846 29.058
    endloop
  endfacet
  facet normal 0 0 1
    outer loop
      vertex 28.5509 113.048 29.058
      vertex 28.584 112.796 29.058
      vertex 28.584 113.004 29.058
    endloop
  endfacet
  facet normal 0 0 1
    outer loop
      vertex 28.5509 113.048 29.058
      vertex 28.5509 112.752 29.058
      vertex 28.584 112.796 29.058
    endloop
  endfacet
  facet normal 0 0 1
    outer loop
      vertex 28.5076 113.081 29.058
      vertex 28.5509 112.752 29.058
      vertex 28.5509 113.048 29.058
    endloop
  endfacet
  facet normal 0 0 1
    outer loop
      vertex 28.5076 113.081 29.058
      vertex 28.5076 112.719 29.058
      vertex 28.5509 112.752 29.058
    endloop
  endfacet
  facet normal 0 0 1
    outer loop
      vertex 28.4572 113.102 29.058
      vertex 28.5076 112.719 29.058
      vertex 28.5076 113.081 29.058
    endloop
  endfacet
  facet normal 0 0 1
    outer loop
      vertex 28.4572 113.102 29.058
      vertex 28.4572 112.698 29.058
      vertex 28.5076 112.719 29.058
    endloop
  endfacet
  facet normal 0 0 1
    outer loop
      vertex 28.4032 113.109 29.058
      vertex 28.4572 112.698 29.058
      vertex 28.4572 113.102 29.058
    endloop
  endfacet
  facet normal 0 0 1
    outer loop
      vertex 28.4032 113.109 29.058
      vertex 28.4032 112.691 29.058
      vertex 28.4572 112.698 29.058
    endloop
  endfacet
  facet normal -0 0 1
    outer loop
      vertex 28.3491 113.102 29.058
      vertex 28.4032 112.691 29.058
      vertex 28.4032 113.109 29.058
    endloop
  endfacet
  facet normal 0 0 1
    outer loop
      vertex 28.3491 113.102 29.058
      vertex 28.3491 112.698 29.058
      vertex 28.4032 112.691 29.058
    endloop
  endfacet
  facet normal -0 0 1
    outer loop
      vertex 28.2988 113.081 29.058
      vertex 28.3491 112.698 29.058
      vertex 28.3491 113.102 29.058
    endloop
  endfacet
  facet normal 0 0 1
    outer loop
      vertex 28.2988 113.081 29.058
      vertex 28.2988 112.719 29.058
      vertex 28.3491 112.698 29.058
    endloop
  endfacet
  facet normal -0 0 1
    outer loop
      vertex 28.2555 113.048 29.058
      vertex 28.2988 112.719 29.058
      vertex 28.2988 113.081 29.058
    endloop
  endfacet
  facet normal 0 0 1
    outer loop
      vertex 28.2555 113.048 29.058
      vertex 28.2555 112.752 29.058
      vertex 28.2988 112.719 29.058
    endloop
  endfacet
  facet normal -0 0 1
    outer loop
      vertex 28.2223 113.004 29.058
      vertex 28.2555 112.752 29.058
      vertex 28.2555 113.048 29.058
    endloop
  endfacet
  facet normal 0 0 1
    outer loop
      vertex 28.2223 113.004 29.058
      vertex 28.2223 112.796 29.058
      vertex 28.2555 112.752 29.058
    endloop
  endfacet
  facet normal -0 0 1
    outer loop
      vertex 28.2015 112.954 29.058
      vertex 28.2223 112.796 29.058
      vertex 28.2223 113.004 29.058
    endloop
  endfacet
  facet normal 0 0 1
    outer loop
      vertex 28.2015 112.954 29.058
      vertex 28.2015 112.846 29.058
      vertex 28.2223 112.796 29.058
    endloop
  endfacet
  facet normal 0 -0 1
    outer loop
      vertex 28.2015 112.846 29.058
      vertex 28.2015 112.954 29.058
      vertex 28.1943 112.9 29.058
    endloop
  endfacet
  facet normal -0.207048 -0.158987 0.965326
    outer loop
      vertex 28.9186 113.2 29.1619
      vertex 28.7032 113.2 29.1157
      vertex 28.5509 113.048 29.058
    endloop
  endfacet
  facet normal -0.0339111 -0.258795 0.965337
    outer loop
      vertex 28.4409 113.2 29.0837
      vertex 28.4572 113.102 29.058
      vertex 28.4836 113.2 29.0852
    endloop
  endfacet
  facet normal -0.0335404 -0.258741 0.965364
    outer loop
      vertex 28.4572 113.102 29.058
      vertex 28.4409 113.2 29.0837
      vertex 28.4032 113.109 29.058
    endloop
  endfacet
  facet normal -0.0332878 -0.25884 0.965346
    outer loop
      vertex 28.4409 113.2 29.0837
      vertex 28.4032 113.2 29.0824
      vertex 28.4032 113.109 29.058
    endloop
  endfacet
  facet normal -0.100475 -0.240866 0.965344
    outer loop
      vertex 28.5326 113.2 29.0903
      vertex 28.4836 113.2 29.0852
      vertex 28.4572 113.102 29.058
    endloop
  endfacet
  facet normal -0.158645 0.207384 -0.96531
    outer loop
      vertex 28.8361 112.467 32.1225
      vertex 28.7093 112.37 32.1225
      vertex 28.5509 112.752 32.2306
    endloop
  endfacet
  facet normal -0.305633 0.399528 -0.864272
    outer loop
      vertex 28.8361 112.467 32.1225
      vertex 29.0919 112.211 31.9137
      vertex 28.7093 112.37 32.1225
    endloop
  endfacet
  facet normal -0.0660537 0.498548 -0.864342
    outer loop
      vertex 28.4032 112.288 32.1225
      vertex 28.5617 112.309 32.1225
      vertex 28.4032 111.926 31.9137
    endloop
  endfacet
  facet normal -0.0343058 0.258927 -0.965287
    outer loop
      vertex 28.4032 112.691 32.2306
      vertex 28.5617 112.309 32.1225
      vertex 28.4032 112.288 32.1225
    endloop
  endfacet
  facet normal -0.588444 0.76648 0.257375
    outer loop
      vertex 29.1963 111.526 30.4354
      vertex 29.4484 111.855 30.032
      vertex 29.1423 111.62 30.032
    endloop
  endfacet
  facet normal -0.528852 0.688858 0.495772
    outer loop
      vertex 29.4484 111.855 30.032
      vertex 29.3008 112.002 29.6703
      vertex 29.1423 111.62 30.032
    endloop
  endfacet
  facet normal -0.588454 0.766492 -0.257316
    outer loop
      vertex 29.4484 111.855 31.2566
      vertex 29.1963 111.526 30.8531
      vertex 29.1423 111.62 31.2566
    endloop
  endfacet
  facet normal -0.368915 0.893102 -0.25743
    outer loop
      vertex 29.1423 111.62 31.2566
      vertex 29.1963 111.526 30.8531
      vertex 28.8138 111.368 30.8531
    endloop
  endfacet
  facet normal -0.332656 0.801295 -0.497258
    outer loop
      vertex 29.1423 111.62 31.2566
      vertex 28.7858 111.472 31.2566
      vertex 28.7317 111.674 31.6183
    endloop
  endfacet
  facet normal -0.332439 0.801518 -0.497045
    outer loop
      vertex 29.0379 111.801 31.6183
      vertex 29.1423 111.62 31.2566
      vertex 28.7317 111.674 31.6183
    endloop
  endfacet
  facet normal -0.240554 0.100552 0.965413
    outer loop
      vertex 28.9334 112.594 29.1661
      vertex 28.6049 112.846 29.058
      vertex 28.584 112.796 29.058
    endloop
  endfacet
  facet normal -0.223136 -0.123571 0.966923
    outer loop
      vertex 28.9228 113.2 29.1628
      vertex 28.6049 112.954 29.058
      vertex 28.9254 113.2 29.1634
    endloop
  endfacet
  facet normal -0.240482 -0.100522 0.965435
    outer loop
      vertex 28.6049 112.954 29.058
      vertex 28.9228 113.2 29.1628
      vertex 28.584 113.004 29.058
    endloop
  endfacet
  facet normal -0.0991843 -0.241198 0.965394
    outer loop
      vertex 28.5326 113.2 29.0903
      vertex 28.5076 113.081 29.058
      vertex 28.5764 113.2 29.0948
    endloop
  endfacet
  facet normal -0.100388 -0.24093 0.965337
    outer loop
      vertex 28.5076 113.081 29.058
      vertex 28.5326 113.2 29.0903
      vertex 28.4572 113.102 29.058
    endloop
  endfacet
  facet normal -0.159173 -0.207002 0.965305
    outer loop
      vertex 28.5764 113.2 29.0948
      vertex 28.5509 113.048 29.058
      vertex 28.614 113.2 29.101
    endloop
  endfacet
  facet normal -0.157946 -0.207244 0.965455
    outer loop
      vertex 28.5509 113.048 29.058
      vertex 28.5764 113.2 29.0948
      vertex 28.5076 113.081 29.058
    endloop
  endfacet
  facet normal -0.399307 0.305926 -0.86427
    outer loop
      vertex 28.9334 112.594 32.1225
      vertex 29.0919 112.211 31.9137
      vertex 28.8361 112.467 32.1225
    endloop
  endfacet
  facet normal -0.207231 0.158769 -0.965323
    outer loop
      vertex 28.9334 112.594 32.1225
      vertex 28.8361 112.467 32.1225
      vertex 28.5509 112.752 32.2306
    endloop
  endfacet
  facet normal -0.587966 0.766689 0.257844
    outer loop
      vertex 29.5249 111.778 30.4354
      vertex 29.4484 111.855 30.032
      vertex 29.1963 111.526 30.4354
    endloop
  endfacet
  facet normal -0.766968 0.587698 0.257625
    outer loop
      vertex 29.5249 111.778 30.4354
      vertex 29.777 112.107 30.4354
      vertex 29.4484 111.855 30.032
    endloop
  endfacet
  facet normal -0.112617 0.860339 -0.497127
    outer loop
      vertex 28.4032 111.631 31.6183
      vertex 28.7317 111.674 31.6183
      vertex 28.4032 111.422 31.2566
    endloop
  endfacet
  facet normal -0.0922268 0.70457 -0.703616
    outer loop
      vertex 28.4032 111.926 31.9137
      vertex 28.7317 111.674 31.6183
      vertex 28.4032 111.631 31.6183
    endloop
  endfacet
  facet normal 0.332439 0.801518 0.497045
    outer loop
      vertex 45.9532 111.674 19.9975
      vertex 45.647 111.801 19.9975
      vertex 45.5426 111.62 20.3592
    endloop
  endfacet
  facet normal 0.801798 0.332248 0.496721
    outer loop
      vertex 45.1824 112.265 19.9975
      vertex 45.0556 112.571 19.9975
      vertex 44.8539 112.517 20.3592
    endloop
  endfacet
  facet normal 0.112617 0.860339 0.497127
    outer loop
      vertex 46.2817 111.422 20.3592
      vertex 46.2817 111.631 19.9975
      vertex 45.9532 111.674 19.9975
    endloop
  endfacet
  facet normal 0.655743 0.271726 0.70439
    outer loop
      vertex 45.1824 112.265 19.9975
      vertex 45.3409 112.648 19.7022
      vertex 45.0556 112.571 19.9975
    endloop
  endfacet
  facet normal -0.191982 0.464533 0.864495
    outer loop
      vertex 46.7687 112.056 19.7022
      vertex 46.5878 112.37 19.4933
      vertex 46.4402 112.309 19.4933
    endloop
  endfacet
  facet normal 0.130392 0.991463 -0
    outer loop
      vertex 46.2817 111.314 20.7627
      vertex 45.8711 111.368 21
      vertex 46.2817 111.314 21
    endloop
  endfacet
  facet normal 0.130392 0.991463 0
    outer loop
      vertex 45.8711 111.368 21
      vertex 46.2817 111.314 20.7627
      vertex 45.8711 111.368 20.7627
    endloop
  endfacet
  facet normal -0.125273 0.958588 0.255764
    outer loop
      vertex 46.6923 111.368 20.7627
      vertex 46.6643 111.472 20.3592
      vertex 46.2817 111.422 20.3592
    endloop
  endfacet
  facet normal -0.95825 0.125901 0.256721
    outer loop
      vertex 47.814 112.489 20.7627
      vertex 47.868 112.9 20.7627
      vertex 47.7599 112.9 20.3592
    endloop
  endfacet
  facet normal -0.958201 -0.126163 0.256777
    outer loop
      vertex 47.7599 112.9 20.3592
      vertex 47.7994 113.2 20.654
      vertex 47.7204 113.2 20.3592
    endloop
  endfacet
  facet normal 0.923648 0.383241 0
    outer loop
      vertex 44.9079 112.107 21
      vertex 44.7494 112.489 20.7627
      vertex 44.7494 112.489 21
    endloop
  endfacet
  facet normal 0.923648 0.383241 0
    outer loop
      vertex 44.7494 112.489 20.7627
      vertex 44.9079 112.107 21
      vertex 44.9079 112.107 20.7627
    endloop
  endfacet
  facet normal 0.704062 -0.0927015 0.704062
    outer loop
      vertex 45.0123 112.9 19.9975
      vertex 45.1621 113.2 19.8872
      vertex 45.0518 113.2 19.9975
    endloop
  endfacet
  facet normal 0.703865 -0.0925224 0.704282
    outer loop
      vertex 45.1621 113.2 19.8872
      vertex 45.0123 112.9 19.9975
      vertex 45.3409 113.152 19.7022
    endloop
  endfacet
  facet normal -0.306329 0.398622 0.864444
    outer loop
      vertex 46.7687 112.056 19.7022
      vertex 46.9704 112.211 19.7022
      vertex 46.5878 112.37 19.4933
    endloop
  endfacet
  facet normal -0.8018 0.332432 0.496595
    outer loop
      vertex 47.5619 112.161 20.3592
      vertex 47.7095 112.517 20.3592
      vertex 47.381 112.265 19.9975
    endloop
  endfacet
  facet normal 0.0982854 -0.24249 0.965162
    outer loop
      vertex 46.2276 113.102 19.3852
      vertex 46.2013 113.2 19.4125
      vertex 46.1522 113.2 19.4175
    endloop
  endfacet
  facet normal 0.793762 0.608229 0
    outer loop
      vertex 45.16 111.778 21
      vertex 44.9079 112.107 20.7627
      vertex 44.9079 112.107 21
    endloop
  endfacet
  facet normal 0.793762 0.608229 0
    outer loop
      vertex 44.9079 112.107 20.7627
      vertex 45.16 111.778 21
      vertex 45.16 111.778 20.7627
    endloop
  endfacet
  facet normal 0.399516 0.306086 0.864117
    outer loop
      vertex 45.8487 112.467 19.4933
      vertex 45.7514 112.594 19.4933
      vertex 45.593 112.211 19.7022
    endloop
  endfacet
  facet normal -0.432537 0.562856 0.704347
    outer loop
      vertex 47.1793 112.002 19.9975
      vertex 46.9704 112.211 19.7022
      vertex 46.7687 112.056 19.7022
    endloop
  endfacet
  facet normal -0.271132 0.656587 0.703833
    outer loop
      vertex 46.6102 111.674 19.9975
      vertex 46.7687 112.056 19.7022
      vertex 46.5338 111.959 19.7022
    endloop
  endfacet
  facet normal -0.431674 0.564613 0.70347
    outer loop
      vertex 46.9164 111.801 19.9975
      vertex 47.1793 112.002 19.9975
      vertex 46.7687 112.056 19.7022
    endloop
  endfacet
  facet normal 0.655915 0.271577 0.704288
    outer loop
      vertex 45.4382 112.413 19.7022
      vertex 45.3409 112.648 19.7022
      vertex 45.1824 112.265 19.9975
    endloop
  endfacet
  facet normal -0.464994 -0.19181 0.864286
    outer loop
      vertex 46.9817 113.2 19.5833
      vertex 47.2225 113.152 19.7022
      vertex 47.2027 113.2 19.7022
    endloop
  endfacet
  facet normal -0.465014 -0.192101 0.86421
    outer loop
      vertex 47.2225 113.152 19.7022
      vertex 46.9817 113.2 19.5833
      vertex 46.8731 113.058 19.4933
    endloop
  endfacet
  facet normal 0.655449 -0.270373 0.705185
    outer loop
      vertex 45.3409 113.152 19.7022
      vertex 45.3607 113.2 19.7022
      vertex 45.321 113.2 19.7391
    endloop
  endfacet
  facet normal 0.432537 0.562856 0.704347
    outer loop
      vertex 45.7947 112.056 19.7022
      vertex 45.593 112.211 19.7022
      vertex 45.3841 112.002 19.9975
    endloop
  endfacet
  facet normal 0.399457 0.306118 0.864133
    outer loop
      vertex 45.593 112.211 19.7022
      vertex 45.7514 112.594 19.4933
      vertex 45.4382 112.413 19.7022
    endloop
  endfacet
  facet normal -0.563241 0.431961 0.704393
    outer loop
      vertex 47.1793 112.002 19.9975
      vertex 47.381 112.265 19.9975
      vertex 47.1252 112.413 19.7022
    endloop
  endfacet
  facet normal -0.689046 0.528443 0.495948
    outer loop
      vertex 47.3269 111.855 20.3592
      vertex 47.381 112.265 19.9975
      vertex 47.1793 112.002 19.9975
    endloop
  endfacet
  facet normal -0.112426 0.860285 0.497262
    outer loop
      vertex 46.6643 111.472 20.3592
      vertex 46.6102 111.674 19.9975
      vertex 46.2817 111.422 20.3592
    endloop
  endfacet
  facet normal -0.272362 0.65667 0.70328
    outer loop
      vertex 46.9164 111.801 19.9975
      vertex 46.7687 112.056 19.7022
      vertex 46.6102 111.674 19.9975
    endloop
  endfacet
  facet normal 0.12603 0.958294 0.256495
    outer loop
      vertex 46.2817 111.314 20.7627
      vertex 46.2817 111.422 20.3592
      vertex 45.8711 111.368 20.7627
    endloop
  endfacet
  facet normal 0.860497 -0.113299 0.496697
    outer loop
      vertex 45.0123 112.9 19.9975
      vertex 45.0518 113.2 19.9975
      vertex 44.8881 113.2 20.2811
    endloop
  endfacet
  facet normal 0.332656 0.801295 0.497258
    outer loop
      vertex 45.8991 111.472 20.3592
      vertex 45.9532 111.674 19.9975
      vertex 45.5426 111.62 20.3592
    endloop
  endfacet
  facet normal 0.381697 0.924287 -0
    outer loop
      vertex 45.8711 111.368 20.7627
      vertex 45.4885 111.526 21
      vertex 45.8711 111.368 21
    endloop
  endfacet
  facet normal 0.381697 0.924287 0
    outer loop
      vertex 45.4885 111.526 21
      vertex 45.8711 111.368 20.7627
      vertex 45.4885 111.526 20.7627
    endloop
  endfacet
  facet normal -0.892709 0.370404 0.256653
    outer loop
      vertex 47.6555 112.107 20.7627
      vertex 47.814 112.489 20.7627
      vertex 47.5619 112.161 20.3592
    endloop
  endfacet
  facet normal -0.655824 0.27176 0.704302
    outer loop
      vertex 47.381 112.265 19.9975
      vertex 47.5078 112.571 19.9975
      vertex 47.1252 112.413 19.7022
    endloop
  endfacet
  facet normal -0.958226 -0.126098 0.256714
    outer loop
      vertex 47.868 112.9 20.7627
      vertex 47.7994 113.2 20.654
      vertex 47.7599 112.9 20.3592
    endloop
  endfacet
  facet normal -0.958264 -0.126171 0.256536
    outer loop
      vertex 47.7994 113.2 20.654
      vertex 47.868 112.9 20.7627
      vertex 47.8285 113.2 20.7627
    endloop
  endfacet
  facet normal 0.958243 -0.12596 0.256719
    outer loop
      vertex 44.8035 112.9 20.3592
      vertex 44.8196 113.2 20.4463
      vertex 44.6954 112.9 20.7627
    endloop
  endfacet
  facet normal 0.958041 -0.126142 0.257384
    outer loop
      vertex 44.8196 113.2 20.4463
      vertex 44.8035 112.9 20.3592
      vertex 44.843 113.2 20.3592
    endloop
  endfacet
  facet normal 0.56333 0.432029 0.70428
    outer loop
      vertex 45.3841 112.002 19.9975
      vertex 45.593 112.211 19.7022
      vertex 45.1824 112.265 19.9975
    endloop
  endfacet
  facet normal 0.499048 0.0657476 0.864077
    outer loop
      vertex 45.3409 112.648 19.7022
      vertex 45.6694 112.9 19.4933
      vertex 45.3077 112.9 19.7022
    endloop
  endfacet
  facet normal 0.271132 0.656587 0.703833
    outer loop
      vertex 45.9532 111.674 19.9975
      vertex 46.0296 111.959 19.7022
      vertex 45.7947 112.056 19.7022
    endloop
  endfacet
  facet normal 0.0922129 0.704451 0.703737
    outer loop
      vertex 46.2817 111.926 19.7022
      vertex 46.0296 111.959 19.7022
      vertex 45.9532 111.674 19.9975
    endloop
  endfacet
  facet normal 0.70394 -0.0927413 0.704178
    outer loop
      vertex 45.3077 112.9 19.7022
      vertex 45.3409 113.152 19.7022
      vertex 45.0123 112.9 19.9975
    endloop
  endfacet
  facet normal -0.563502 0.431833 0.704262
    outer loop
      vertex 47.1793 112.002 19.9975
      vertex 47.1252 112.413 19.7022
      vertex 46.9704 112.211 19.7022
    endloop
  endfacet
  facet normal -0.399457 0.306118 0.864133
    outer loop
      vertex 46.9704 112.211 19.7022
      vertex 47.1252 112.413 19.7022
      vertex 46.812 112.594 19.4933
    endloop
  endfacet
  facet normal -0.381783 0.924252 0
    outer loop
      vertex 47.0748 111.526 20.7627
      vertex 46.6923 111.368 21
      vertex 47.0748 111.526 21
    endloop
  endfacet
  facet normal -0.381783 0.924252 0
    outer loop
      vertex 46.6923 111.368 21
      vertex 47.0748 111.526 20.7627
      vertex 46.6923 111.368 20.7627
    endloop
  endfacet
  facet normal -0.332439 0.801518 0.497045
    outer loop
      vertex 47.0208 111.62 20.3592
      vertex 46.9164 111.801 19.9975
      vertex 46.6102 111.674 19.9975
    endloop
  endfacet
  facet normal -0.608543 0.793521 0
    outer loop
      vertex 47.4034 111.778 20.7627
      vertex 47.0748 111.526 21
      vertex 47.4034 111.778 21
    endloop
  endfacet
  facet normal -0.608543 0.793521 0
    outer loop
      vertex 47.0748 111.526 21
      vertex 47.4034 111.778 20.7627
      vertex 47.0748 111.526 20.7627
    endloop
  endfacet
  facet normal 0.498901 0.0659939 0.864143
    outer loop
      vertex 45.6903 112.742 19.4933
      vertex 45.6694 112.9 19.4933
      vertex 45.3409 112.648 19.7022
    endloop
  endfacet
  facet normal 0.125273 0.958588 0.255764
    outer loop
      vertex 46.2817 111.422 20.3592
      vertex 45.8991 111.472 20.3592
      vertex 45.8711 111.368 20.7627
    endloop
  endfacet
  facet normal -0.112617 0.860339 0.497127
    outer loop
      vertex 46.6102 111.674 19.9975
      vertex 46.2817 111.631 19.9975
      vertex 46.2817 111.422 20.3592
    endloop
  endfacet
  facet normal 0.431674 0.564613 0.70347
    outer loop
      vertex 45.647 111.801 19.9975
      vertex 45.7947 112.056 19.7022
      vertex 45.3841 112.002 19.9975
    endloop
  endfacet
  facet normal 0.272362 0.65667 0.70328
    outer loop
      vertex 45.9532 111.674 19.9975
      vertex 45.7947 112.056 19.7022
      vertex 45.647 111.801 19.9975
    endloop
  endfacet
  facet normal 0.892653 0.370381 0.256884
    outer loop
      vertex 44.9079 112.107 20.7627
      vertex 44.8539 112.517 20.3592
      vertex 44.7494 112.489 20.7627
    endloop
  endfacet
  facet normal 0.991479 0.130267 0
    outer loop
      vertex 44.7494 112.489 21
      vertex 44.6954 112.9 20.7627
      vertex 44.6954 112.9 21
    endloop
  endfacet
  facet normal 0.991479 0.130267 0
    outer loop
      vertex 44.6954 112.9 20.7627
      vertex 44.7494 112.489 21
      vertex 44.7494 112.489 20.7627
    endloop
  endfacet
  facet normal 0.958204 0.125895 0.256896
    outer loop
      vertex 44.7494 112.489 20.7627
      vertex 44.8539 112.517 20.3592
      vertex 44.6954 112.9 20.7627
    endloop
  endfacet
  facet normal 0.76667 0.588532 0.256607
    outer loop
      vertex 45.2364 111.855 20.3592
      vertex 45.0015 112.161 20.3592
      vertex 44.9079 112.107 20.7627
    endloop
  endfacet
  facet normal 0.60866 0.793431 -0
    outer loop
      vertex 45.4885 111.526 20.7627
      vertex 45.16 111.778 21
      vertex 45.4885 111.526 21
    endloop
  endfacet
  facet normal 0.60866 0.793431 0
    outer loop
      vertex 45.16 111.778 21
      vertex 45.4885 111.526 20.7627
      vertex 45.16 111.778 20.7627
    endloop
  endfacet
  facet normal -0.527024 0.689326 0.497067
    outer loop
      vertex 47.0208 111.62 20.3592
      vertex 47.1793 112.002 19.9975
      vertex 46.9164 111.801 19.9975
    endloop
  endfacet
  facet normal -0.860787 -0.113337 0.496186
    outer loop
      vertex 47.5511 112.9 19.9975
      vertex 47.5297 113.2 20.0289
      vertex 47.5116 113.2 19.9975
    endloop
  endfacet
  facet normal -0.86047 -0.113371 0.496727
    outer loop
      vertex 47.5297 113.2 20.0289
      vertex 47.5511 112.9 19.9975
      vertex 47.7599 112.9 20.3592
    endloop
  endfacet
  facet normal -0.991443 -0.13054 0
    outer loop
      vertex 47.868 112.9 20.7627
      vertex 47.8285 113.2 21
      vertex 47.8285 113.2 20.7627
    endloop
  endfacet
  facet normal -0.991443 -0.13054 0
    outer loop
      vertex 47.8285 113.2 21
      vertex 47.868 112.9 20.7627
      vertex 47.868 112.9 21
    endloop
  endfacet
  facet normal -0.991479 0.130267 0
    outer loop
      vertex 47.814 112.489 20.7627
      vertex 47.868 112.9 21
      vertex 47.868 112.9 20.7627
    endloop
  endfacet
  facet normal -0.991479 0.130267 0
    outer loop
      vertex 47.868 112.9 21
      vertex 47.814 112.489 20.7627
      vertex 47.814 112.489 21
    endloop
  endfacet
  facet normal -0.0982878 -0.242396 0.965186
    outer loop
      vertex 46.4112 113.2 19.4175
      vertex 46.3621 113.2 19.4125
      vertex 46.3357 113.102 19.3852
    endloop
  endfacet
  facet normal 0.465278 -0.192009 0.864088
    outer loop
      vertex 45.7047 113.2 19.5171
      vertex 45.6903 113.058 19.4933
      vertex 45.7489 113.2 19.4933
    endloop
  endfacet
  facet normal 0.465043 -0.192007 0.864216
    outer loop
      vertex 45.6903 113.058 19.4933
      vertex 45.7047 113.2 19.5171
      vertex 45.3409 113.152 19.7022
    endloop
  endfacet
  facet normal 0.499048 -0.0657476 0.864077
    outer loop
      vertex 45.6694 112.9 19.4933
      vertex 45.3409 113.152 19.7022
      vertex 45.3077 112.9 19.7022
    endloop
  endfacet
  facet normal 0.0357505 -0.258818 0.965264
    outer loop
      vertex 46.2817 113.109 19.3852
      vertex 46.2817 113.2 19.4096
      vertex 46.2439 113.2 19.411
    endloop
  endfacet
  facet normal -0.0922129 0.704451 0.703737
    outer loop
      vertex 46.6102 111.674 19.9975
      vertex 46.5338 111.959 19.7022
      vertex 46.2817 111.926 19.7022
    endloop
  endfacet
  facet normal 0.065253 0.498493 0.864434
    outer loop
      vertex 46.2817 111.926 19.7022
      vertex 46.1232 112.309 19.4933
      vertex 46.0296 111.959 19.7022
    endloop
  endfacet
  facet normal 0.465056 0.192553 0.864087
    outer loop
      vertex 45.4382 112.413 19.7022
      vertex 45.7514 112.594 19.4933
      vertex 45.3409 112.648 19.7022
    endloop
  endfacet
  facet normal -0.191872 0.464646 0.864459
    outer loop
      vertex 46.5338 111.959 19.7022
      vertex 46.7687 112.056 19.7022
      vertex 46.4402 112.309 19.4933
    endloop
  endfacet
  facet normal -0.065253 0.498493 0.864434
    outer loop
      vertex 46.5338 111.959 19.7022
      vertex 46.4402 112.309 19.4933
      vertex 46.2817 111.926 19.7022
    endloop
  endfacet
  facet normal -0.20714 0.158862 0.965327
    outer loop
      vertex 46.7146 112.467 19.4933
      vertex 46.812 112.594 19.4933
      vertex 46.4294 112.752 19.3852
    endloop
  endfacet
  facet normal -0.399278 0.306218 0.86418
    outer loop
      vertex 46.9704 112.211 19.7022
      vertex 46.812 112.594 19.4933
      vertex 46.7146 112.467 19.4933
    endloop
  endfacet
  facet normal -0.704062 -0.0927015 0.704062
    outer loop
      vertex 47.4859 113.2 19.9718
      vertex 47.5511 112.9 19.9975
      vertex 47.5116 113.2 19.9975
    endloop
  endfacet
  facet normal -0.703945 -0.0926657 0.704183
    outer loop
      vertex 47.5511 112.9 19.9975
      vertex 47.4859 113.2 19.9718
      vertex 47.2557 112.9 19.7022
    endloop
  endfacet
  facet normal 0.239186 -0.0987064 0.965944
    outer loop
      vertex 45.6903 113.058 19.4933
      vertex 45.7594 113.2 19.4907
      vertex 45.7489 113.2 19.4933
    endloop
  endfacet
  facet normal 0.241177 -0.0996862 0.965348
    outer loop
      vertex 45.7594 113.2 19.4907
      vertex 45.6903 113.058 19.4933
      vertex 46.08 112.954 19.3852
    endloop
  endfacet
  facet normal -0.370658 0.892836 0.255845
    outer loop
      vertex 46.6923 111.368 20.7627
      vertex 47.0208 111.62 20.3592
      vertex 46.6643 111.472 20.3592
    endloop
  endfacet
  facet normal 0.368825 0.893116 0.257512
    outer loop
      vertex 45.8711 111.368 20.7627
      vertex 45.5426 111.62 20.3592
      vertex 45.4885 111.526 20.7627
    endloop
  endfacet
  facet normal 0.112426 0.860285 0.497262
    outer loop
      vertex 46.2817 111.422 20.3592
      vertex 45.9532 111.674 19.9975
      vertex 45.8991 111.472 20.3592
    endloop
  endfacet
  facet normal 0.0922114 0.704452 0.703736
    outer loop
      vertex 46.2817 111.631 19.9975
      vertex 46.2817 111.926 19.7022
      vertex 45.9532 111.674 19.9975
    endloop
  endfacet
  facet normal -0.0922114 0.704452 0.703736
    outer loop
      vertex 46.6102 111.674 19.9975
      vertex 46.2817 111.926 19.7022
      vertex 46.2817 111.631 19.9975
    endloop
  endfacet
  facet normal 0.241207 0.0995792 0.965351
    outer loop
      vertex 45.7514 112.594 19.4933
      vertex 46.08 112.846 19.3852
      vertex 45.6903 112.742 19.4933
    endloop
  endfacet
  facet normal 0.563386 0.431744 0.70441
    outer loop
      vertex 45.593 112.211 19.7022
      vertex 45.4382 112.413 19.7022
      vertex 45.1824 112.265 19.9975
    endloop
  endfacet
  facet normal 0.688836 0.528282 0.496411
    outer loop
      vertex 45.3841 112.002 19.9975
      vertex 45.1824 112.265 19.9975
      vertex 45.0015 112.161 20.3592
    endloop
  endfacet
  facet normal 0.528708 0.688895 0.495874
    outer loop
      vertex 45.5426 111.62 20.3592
      vertex 45.3841 112.002 19.9975
      vertex 45.2364 111.855 20.3592
    endloop
  endfacet
  facet normal 0.70394 0.0927413 0.704178
    outer loop
      vertex 45.3409 112.648 19.7022
      vertex 45.3077 112.9 19.7022
      vertex 45.0123 112.9 19.9975
    endloop
  endfacet
  facet normal 0.703906 0.0926417 0.704226
    outer loop
      vertex 45.0556 112.571 19.9975
      vertex 45.3409 112.648 19.7022
      vertex 45.0123 112.9 19.9975
    endloop
  endfacet
  facet normal 0.958226 0.126096 0.256714
    outer loop
      vertex 44.8539 112.517 20.3592
      vertex 44.8035 112.9 20.3592
      vertex 44.6954 112.9 20.7627
    endloop
  endfacet
  facet normal -0.860448 -0.113292 0.496783
    outer loop
      vertex 47.7599 112.9 20.3592
      vertex 47.7204 113.2 20.3592
      vertex 47.5297 113.2 20.0289
    endloop
  endfacet
  facet normal -0.703946 0.092647 0.704185
    outer loop
      vertex 47.5078 112.571 19.9975
      vertex 47.5511 112.9 19.9975
      vertex 47.2557 112.9 19.7022
    endloop
  endfacet
  facet normal -0.860482 0.113249 0.496734
    outer loop
      vertex 47.7599 112.9 20.3592
      vertex 47.5511 112.9 19.9975
      vertex 47.5078 112.571 19.9975
    endloop
  endfacet
  facet normal -0.207048 -0.158987 0.965326
    outer loop
      vertex 46.7971 113.2 19.4891
      vertex 46.5817 113.2 19.4429
      vertex 46.4294 113.048 19.3852
    endloop
  endfacet
  facet normal -0.528852 0.688858 0.495772
    outer loop
      vertex 47.3269 111.855 20.3592
      vertex 47.1793 112.002 19.9975
      vertex 47.0208 111.62 20.3592
    endloop
  endfacet
  facet normal -0.801798 0.332248 0.496721
    outer loop
      vertex 47.7095 112.517 20.3592
      vertex 47.5078 112.571 19.9975
      vertex 47.381 112.265 19.9975
    endloop
  endfacet
  facet normal 0.46504 -0.191829 0.864256
    outer loop
      vertex 45.7047 113.2 19.5171
      vertex 45.3607 113.2 19.7022
      vertex 45.3409 113.152 19.7022
    endloop
  endfacet
  facet normal 0.498901 -0.0659939 0.864143
    outer loop
      vertex 45.6694 112.9 19.4933
      vertex 45.6903 113.058 19.4933
      vertex 45.3409 113.152 19.7022
    endloop
  endfacet
  facet normal 0.191872 0.464646 0.864459
    outer loop
      vertex 46.0296 111.959 19.7022
      vertex 46.1232 112.309 19.4933
      vertex 45.7947 112.056 19.7022
    endloop
  endfacet
  facet normal 0.0997291 0.241475 0.965269
    outer loop
      vertex 46.1232 112.309 19.4933
      vertex 46.2276 112.698 19.3852
      vertex 45.9755 112.37 19.4933
    endloop
  endfacet
  facet normal 0.191891 0.464627 0.864465
    outer loop
      vertex 46.1232 112.309 19.4933
      vertex 45.9755 112.37 19.4933
      vertex 45.7947 112.056 19.7022
    endloop
  endfacet
  facet normal 0.306367 0.398673 0.864407
    outer loop
      vertex 45.7947 112.056 19.7022
      vertex 45.9755 112.37 19.4933
      vertex 45.593 112.211 19.7022
    endloop
  endfacet
  facet normal 0 0 1
    outer loop
      vertex 46.4834 112.954 19.3852
      vertex 46.4834 112.846 19.3852
      vertex 46.4905 112.9 19.3852
    endloop
  endfacet
  facet normal 0 0 1
    outer loop
      vertex 46.4626 113.004 19.3852
      vertex 46.4834 112.846 19.3852
      vertex 46.4834 112.954 19.3852
    endloop
  endfacet
  facet normal 0 0 1
    outer loop
      vertex 46.4626 113.004 19.3852
      vertex 46.4626 112.796 19.3852
      vertex 46.4834 112.846 19.3852
    endloop
  endfacet
  facet normal 0 0 1
    outer loop
      vertex 46.4294 113.048 19.3852
      vertex 46.4626 112.796 19.3852
      vertex 46.4626 113.004 19.3852
    endloop
  endfacet
  facet normal 0 0 1
    outer loop
      vertex 46.4294 113.048 19.3852
      vertex 46.4294 112.752 19.3852
      vertex 46.4626 112.796 19.3852
    endloop
  endfacet
  facet normal 0 0 1
    outer loop
      vertex 46.3861 113.081 19.3852
      vertex 46.4294 112.752 19.3852
      vertex 46.4294 113.048 19.3852
    endloop
  endfacet
  facet normal 0 0 1
    outer loop
      vertex 46.3861 113.081 19.3852
      vertex 46.3861 112.719 19.3852
      vertex 46.4294 112.752 19.3852
    endloop
  endfacet
  facet normal 0 0 1
    outer loop
      vertex 46.3357 113.102 19.3852
      vertex 46.3861 112.719 19.3852
      vertex 46.3861 113.081 19.3852
    endloop
  endfacet
  facet normal 0 0 1
    outer loop
      vertex 46.3357 113.102 19.3852
      vertex 46.3357 112.698 19.3852
      vertex 46.3861 112.719 19.3852
    endloop
  endfacet
  facet normal 0 0 1
    outer loop
      vertex 46.2817 113.109 19.3852
      vertex 46.3357 112.698 19.3852
      vertex 46.3357 113.102 19.3852
    endloop
  endfacet
  facet normal 0 0 1
    outer loop
      vertex 46.2817 113.109 19.3852
      vertex 46.2817 112.691 19.3852
      vertex 46.3357 112.698 19.3852
    endloop
  endfacet
  facet normal -0 0 1
    outer loop
      vertex 46.2276 113.102 19.3852
      vertex 46.2817 112.691 19.3852
      vertex 46.2817 113.109 19.3852
    endloop
  endfacet
  facet normal 0 0 1
    outer loop
      vertex 46.2276 113.102 19.3852
      vertex 46.2276 112.698 19.3852
      vertex 46.2817 112.691 19.3852
    endloop
  endfacet
  facet normal -0 0 1
    outer loop
      vertex 46.1773 113.081 19.3852
      vertex 46.2276 112.698 19.3852
      vertex 46.2276 113.102 19.3852
    endloop
  endfacet
  facet normal 0 0 1
    outer loop
      vertex 46.1773 113.081 19.3852
      vertex 46.1773 112.719 19.3852
      vertex 46.2276 112.698 19.3852
    endloop
  endfacet
  facet normal -0 0 1
    outer loop
      vertex 46.134 113.048 19.3852
      vertex 46.1773 112.719 19.3852
      vertex 46.1773 113.081 19.3852
    endloop
  endfacet
  facet normal 0 0 1
    outer loop
      vertex 46.134 113.048 19.3852
      vertex 46.134 112.752 19.3852
      vertex 46.1773 112.719 19.3852
    endloop
  endfacet
  facet normal -0 0 1
    outer loop
      vertex 46.1008 113.004 19.3852
      vertex 46.134 112.752 19.3852
      vertex 46.134 113.048 19.3852
    endloop
  endfacet
  facet normal 0 0 1
    outer loop
      vertex 46.1008 113.004 19.3852
      vertex 46.1008 112.796 19.3852
      vertex 46.134 112.752 19.3852
    endloop
  endfacet
  facet normal -0 0 1
    outer loop
      vertex 46.08 112.954 19.3852
      vertex 46.1008 112.796 19.3852
      vertex 46.1008 113.004 19.3852
    endloop
  endfacet
  facet normal 0 0 1
    outer loop
      vertex 46.08 112.954 19.3852
      vertex 46.08 112.846 19.3852
      vertex 46.1008 112.796 19.3852
    endloop
  endfacet
  facet normal 0 -0 1
    outer loop
      vertex 46.08 112.846 19.3852
      vertex 46.08 112.954 19.3852
      vertex 46.0729 112.9 19.3852
    endloop
  endfacet
  facet normal -0.499039 0.0660121 0.864062
    outer loop
      vertex 47.2557 112.9 19.7022
      vertex 46.894 112.9 19.4933
      vertex 46.8731 112.742 19.4933
    endloop
  endfacet
  facet normal -0.305742 0.399671 0.864167
    outer loop
      vertex 46.9704 112.211 19.7022
      vertex 46.7146 112.467 19.4933
      vertex 46.5878 112.37 19.4933
    endloop
  endfacet
  facet normal -0.158645 0.207384 0.96531
    outer loop
      vertex 46.5878 112.37 19.4933
      vertex 46.7146 112.467 19.4933
      vertex 46.4294 112.752 19.3852
    endloop
  endfacet
  facet normal -0.499039 -0.0660121 0.864062
    outer loop
      vertex 46.894 112.9 19.4933
      vertex 47.2557 112.9 19.7022
      vertex 46.8731 113.058 19.4933
    endloop
  endfacet
  facet normal -0.332656 0.801295 0.497258
    outer loop
      vertex 46.6643 111.472 20.3592
      vertex 47.0208 111.62 20.3592
      vertex 46.6102 111.674 19.9975
    endloop
  endfacet
  facet normal -0.89275 0.37014 0.256893
    outer loop
      vertex 47.814 112.489 20.7627
      vertex 47.7095 112.517 20.3592
      vertex 47.5619 112.161 20.3592
    endloop
  endfacet
  facet normal -0.766981 0.587708 0.257565
    outer loop
      vertex 47.4034 111.778 20.7627
      vertex 47.6555 112.107 20.7627
      vertex 47.3269 111.855 20.3592
    endloop
  endfacet
  facet normal 0.767018 0.587737 0.257388
    outer loop
      vertex 45.16 111.778 20.7627
      vertex 45.2364 111.855 20.3592
      vertex 44.9079 112.107 20.7627
    endloop
  endfacet
  facet normal 0.370658 0.892836 0.255845
    outer loop
      vertex 45.8711 111.368 20.7627
      vertex 45.8991 111.472 20.3592
      vertex 45.5426 111.62 20.3592
    endloop
  endfacet
  facet normal 0.892811 0.370165 0.256644
    outer loop
      vertex 44.9079 112.107 20.7627
      vertex 45.0015 112.161 20.3592
      vertex 44.8539 112.517 20.3592
    endloop
  endfacet
  facet normal 0.8018 0.332432 0.496595
    outer loop
      vertex 45.0015 112.161 20.3592
      vertex 45.1824 112.265 19.9975
      vertex 44.8539 112.517 20.3592
    endloop
  endfacet
  facet normal 0.860408 -0.113287 0.496855
    outer loop
      vertex 44.8035 112.9 20.3592
      vertex 44.8881 113.2 20.2811
      vertex 44.843 113.2 20.3592
    endloop
  endfacet
  facet normal 0.860474 -0.113338 0.496729
    outer loop
      vertex 44.8881 113.2 20.2811
      vertex 44.8035 112.9 20.3592
      vertex 45.0123 112.9 19.9975
    endloop
  endfacet
  facet normal 0.65661 -0.269359 0.704492
    outer loop
      vertex 45.3409 113.152 19.7022
      vertex 45.321 113.2 19.7391
      vertex 45.1621 113.2 19.8872
    endloop
  endfacet
  facet normal 0.991443 -0.13054 0
    outer loop
      vertex 44.6954 112.9 21
      vertex 44.7349 113.2 20.7627
      vertex 44.7349 113.2 21
    endloop
  endfacet
  facet normal 0.991443 -0.13054 0
    outer loop
      vertex 44.7349 113.2 20.7627
      vertex 44.6954 112.9 21
      vertex 44.6954 112.9 20.7627
    endloop
  endfacet
  facet normal -0.655809 0.271533 0.704404
    outer loop
      vertex 47.5078 112.571 19.9975
      vertex 47.2225 112.648 19.7022
      vertex 47.1252 112.413 19.7022
    endloop
  endfacet
  facet normal -0.464897 0.192487 0.864187
    outer loop
      vertex 47.1252 112.413 19.7022
      vertex 47.2225 112.648 19.7022
      vertex 46.8731 112.742 19.4933
    endloop
  endfacet
  facet normal -0.498961 -0.0657362 0.864128
    outer loop
      vertex 47.2557 112.9 19.7022
      vertex 47.2225 113.152 19.7022
      vertex 46.8731 113.058 19.4933
    endloop
  endfacet
  facet normal -0.159152 -0.20761 0.965178
    outer loop
      vertex 46.4549 113.2 19.4221
      vertex 46.4294 113.048 19.3852
      vertex 46.4925 113.2 19.4283
    endloop
  endfacet
  facet normal -0.158346 -0.207769 0.965276
    outer loop
      vertex 46.4294 113.048 19.3852
      vertex 46.4549 113.2 19.4221
      vertex 46.3861 113.081 19.3852
    endloop
  endfacet
  facet normal -0.958177 0.126089 0.256902
    outer loop
      vertex 47.814 112.489 20.7627
      vertex 47.7599 112.9 20.3592
      vertex 47.7095 112.517 20.3592
    endloop
  endfacet
  facet normal -0.860478 0.113233 0.496746
    outer loop
      vertex 47.7095 112.517 20.3592
      vertex 47.7599 112.9 20.3592
      vertex 47.5078 112.571 19.9975
    endloop
  endfacet
  facet normal -0.703825 -0.0927261 0.704296
    outer loop
      vertex 47.2557 112.9 19.7022
      vertex 47.4013 113.2 19.8872
      vertex 47.2225 113.152 19.7022
    endloop
  endfacet
  facet normal -0.704077 -0.0924688 0.704077
    outer loop
      vertex 47.4013 113.2 19.8872
      vertex 47.2557 112.9 19.7022
      vertex 47.4859 113.2 19.9718
    endloop
  endfacet
  facet normal -0.656166 -0.270669 0.704403
    outer loop
      vertex 47.2225 113.152 19.7022
      vertex 47.4013 113.2 19.8872
      vertex 47.2027 113.2 19.7022
    endloop
  endfacet
  facet normal 0.0335986 -0.259669 0.965113
    outer loop
      vertex 46.2439 113.2 19.411
      vertex 46.2276 113.102 19.3852
      vertex 46.2817 113.109 19.3852
    endloop
  endfacet
  facet normal 0.0339818 -0.259725 0.965084
    outer loop
      vertex 46.2276 113.102 19.3852
      vertex 46.2439 113.2 19.411
      vertex 46.2013 113.2 19.4125
    endloop
  endfacet
  facet normal 0.25863 0.0340051 0.965378
    outer loop
      vertex 46.08 112.846 19.3852
      vertex 46.0729 112.9 19.3852
      vertex 45.6694 112.9 19.4933
    endloop
  endfacet
  facet normal 0.207193 0.158739 0.965336
    outer loop
      vertex 45.8487 112.467 19.4933
      vertex 46.134 112.752 19.3852
      vertex 45.7514 112.594 19.4933
    endloop
  endfacet
  facet normal 0.0343058 0.258927 0.965287
    outer loop
      vertex 46.2817 112.288 19.4933
      vertex 46.2817 112.691 19.3852
      vertex 46.1232 112.309 19.4933
    endloop
  endfacet
  facet normal -0.157991 -0.208115 0.96526
    outer loop
      vertex 46.5817 113.2 19.4429
      vertex 46.4925 113.2 19.4283
      vertex 46.4294 113.048 19.3852
    endloop
  endfacet
  facet normal -0.46516 -0.19196 0.864163
    outer loop
      vertex 46.8731 113.058 19.4933
      vertex 46.9817 113.2 19.5833
      vertex 46.8145 113.2 19.4933
    endloop
  endfacet
  facet normal -0.465302 0.192094 0.864057
    outer loop
      vertex 47.1252 112.413 19.7022
      vertex 46.8731 112.742 19.4933
      vertex 46.812 112.594 19.4933
    endloop
  endfacet
  facet normal -0.258706 0.034015 0.965357
    outer loop
      vertex 46.8731 112.742 19.4933
      vertex 46.4905 112.9 19.3852
      vertex 46.4834 112.846 19.3852
    endloop
  endfacet
  facet normal 0.207048 -0.158987 0.965326
    outer loop
      vertex 46.134 113.048 19.3852
      vertex 45.9817 113.2 19.4429
      vertex 45.7663 113.2 19.4891
    endloop
  endfacet
  facet normal 0.157991 -0.208115 0.96526
    outer loop
      vertex 46.134 113.048 19.3852
      vertex 46.0709 113.2 19.4283
      vertex 45.9817 113.2 19.4429
    endloop
  endfacet
  facet normal -0.6885 0.52875 0.496377
    outer loop
      vertex 47.5619 112.161 20.3592
      vertex 47.381 112.265 19.9975
      vertex 47.3269 111.855 20.3592
    endloop
  endfacet
  facet normal -0.76655 0.588691 0.256601
    outer loop
      vertex 47.6555 112.107 20.7627
      vertex 47.5619 112.161 20.3592
      vertex 47.3269 111.855 20.3592
    endloop
  endfacet
  facet normal -0.923648 0.383241 0
    outer loop
      vertex 47.6555 112.107 20.7627
      vertex 47.814 112.489 21
      vertex 47.814 112.489 20.7627
    endloop
  endfacet
  facet normal -0.923648 0.383241 0
    outer loop
      vertex 47.814 112.489 21
      vertex 47.6555 112.107 20.7627
      vertex 47.6555 112.107 21
    endloop
  endfacet
  facet normal -0.793762 0.608229 0
    outer loop
      vertex 47.4034 111.778 20.7627
      vertex 47.6555 112.107 21
      vertex 47.6555 112.107 20.7627
    endloop
  endfacet
  facet normal -0.793762 0.608229 0
    outer loop
      vertex 47.6555 112.107 21
      vertex 47.4034 111.778 20.7627
      vertex 47.4034 111.778 21
    endloop
  endfacet
  facet normal 0.688729 0.528701 0.496113
    outer loop
      vertex 45.2364 111.855 20.3592
      vertex 45.3841 112.002 19.9975
      vertex 45.0015 112.161 20.3592
    endloop
  endfacet
  facet normal 0.527024 0.689326 0.497067
    outer loop
      vertex 45.5426 111.62 20.3592
      vertex 45.647 111.801 19.9975
      vertex 45.3841 112.002 19.9975
    endloop
  endfacet
  facet normal 0.860484 0.113233 0.496735
    outer loop
      vertex 44.8539 112.517 20.3592
      vertex 45.0123 112.9 19.9975
      vertex 44.8035 112.9 20.3592
    endloop
  endfacet
  facet normal 0.860475 0.113248 0.496747
    outer loop
      vertex 45.0556 112.571 19.9975
      vertex 45.0123 112.9 19.9975
      vertex 44.8539 112.517 20.3592
    endloop
  endfacet
  facet normal 0.958266 -0.126172 0.256527
    outer loop
      vertex 44.8196 113.2 20.4463
      vertex 44.7349 113.2 20.7627
      vertex 44.6954 112.9 20.7627
    endloop
  endfacet
  facet normal -0.130392 0.991463 0
    outer loop
      vertex 46.6923 111.368 20.7627
      vertex 46.2817 111.314 21
      vertex 46.6923 111.368 21
    endloop
  endfacet
  facet normal -0.130392 0.991463 0
    outer loop
      vertex 46.2817 111.314 21
      vertex 46.6923 111.368 20.7627
      vertex 46.2817 111.314 20.7627
    endloop
  endfacet
  facet normal -0.12603 0.958294 0.256495
    outer loop
      vertex 46.6923 111.368 20.7627
      vertex 46.2817 111.422 20.3592
      vertex 46.2817 111.314 20.7627
    endloop
  endfacet
  facet normal -0.368915 0.893102 0.25743
    outer loop
      vertex 47.0748 111.526 20.7627
      vertex 47.0208 111.62 20.3592
      vertex 46.6923 111.368 20.7627
    endloop
  endfacet
  facet normal -0.206873 -0.158708 0.965409
    outer loop
      vertex 46.7971 113.2 19.4891
      vertex 46.4626 113.004 19.3852
      vertex 46.8013 113.2 19.49
    endloop
  endfacet
  facet normal -0.207949 -0.156907 0.965473
    outer loop
      vertex 46.4626 113.004 19.3852
      vertex 46.7971 113.2 19.4891
      vertex 46.4294 113.048 19.3852
    endloop
  endfacet
  facet normal -0.237079 -0.0978367 0.966551
    outer loop
      vertex 46.8039 113.2 19.4907
      vertex 46.8731 113.058 19.4933
      vertex 46.8145 113.2 19.4933
    endloop
  endfacet
  facet normal -0.241136 -0.0998359 0.965343
    outer loop
      vertex 46.8731 113.058 19.4933
      vertex 46.8039 113.2 19.4907
      vertex 46.4834 112.954 19.3852
    endloop
  endfacet
  facet normal 0.258654 0.0342144 0.965364
    outer loop
      vertex 45.6903 112.742 19.4933
      vertex 46.08 112.846 19.3852
      vertex 45.6694 112.9 19.4933
    endloop
  endfacet
  facet normal 0.465048 0.191989 0.864217
    outer loop
      vertex 45.7514 112.594 19.4933
      vertex 45.6903 112.742 19.4933
      vertex 45.3409 112.648 19.7022
    endloop
  endfacet
  facet normal 0.0660774 0.498727 0.864237
    outer loop
      vertex 46.2817 111.926 19.7022
      vertex 46.2817 112.288 19.4933
      vertex 46.1232 112.309 19.4933
    endloop
  endfacet
  facet normal -0.0343058 0.258927 0.965287
    outer loop
      vertex 46.4402 112.309 19.4933
      vertex 46.2817 112.691 19.3852
      vertex 46.2817 112.288 19.4933
    endloop
  endfacet
  facet normal 0.158178 0.207548 0.965352
    outer loop
      vertex 46.1773 112.719 19.3852
      vertex 46.134 112.752 19.3852
      vertex 45.9755 112.37 19.4933
    endloop
  endfacet
  facet normal -0.1582 0.207577 0.965342
    outer loop
      vertex 46.5878 112.37 19.4933
      vertex 46.4294 112.752 19.3852
      vertex 46.3861 112.719 19.3852
    endloop
  endfacet
  facet normal -0.0997808 0.241437 0.965273
    outer loop
      vertex 46.4402 112.309 19.4933
      vertex 46.5878 112.37 19.4933
      vertex 46.3357 112.698 19.3852
    endloop
  endfacet
  facet normal -0.498961 0.0657362 0.864128
    outer loop
      vertex 47.2225 112.648 19.7022
      vertex 47.2557 112.9 19.7022
      vertex 46.8731 112.742 19.4933
    endloop
  endfacet
  facet normal -0.703888 0.0927344 0.704232
    outer loop
      vertex 47.5078 112.571 19.9975
      vertex 47.2557 112.9 19.7022
      vertex 47.2225 112.648 19.7022
    endloop
  endfacet
  facet normal 0.10054 -0.240817 0.965349
    outer loop
      vertex 46.1522 113.2 19.4175
      vertex 46.1773 113.081 19.3852
      vertex 46.2276 113.102 19.3852
    endloop
  endfacet
  facet normal 0.10161 -0.240577 0.965297
    outer loop
      vertex 46.1773 113.081 19.3852
      vertex 46.1522 113.2 19.4175
      vertex 46.1085 113.2 19.4221
    endloop
  endfacet
  facet normal 0.25863 -0.0340051 0.965378
    outer loop
      vertex 46.0729 112.9 19.3852
      vertex 46.08 112.954 19.3852
      vertex 45.6694 112.9 19.4933
    endloop
  endfacet
  facet normal 0.258654 -0.0342144 0.965364
    outer loop
      vertex 46.08 112.954 19.3852
      vertex 45.6903 113.058 19.4933
      vertex 45.6694 112.9 19.4933
    endloop
  endfacet
  facet normal 0.58831 0.766555 0.257457
    outer loop
      vertex 45.4885 111.526 20.7627
      vertex 45.5426 111.62 20.3592
      vertex 45.2364 111.855 20.3592
    endloop
  endfacet
  facet normal 0.58811 0.766643 0.257653
    outer loop
      vertex 45.4885 111.526 20.7627
      vertex 45.2364 111.855 20.3592
      vertex 45.16 111.778 20.7627
    endloop
  endfacet
  facet normal -0.588454 0.766492 0.257316
    outer loop
      vertex 47.0748 111.526 20.7627
      vertex 47.3269 111.855 20.3592
      vertex 47.0208 111.62 20.3592
    endloop
  endfacet
  facet normal -0.587976 0.766702 0.257785
    outer loop
      vertex 47.4034 111.778 20.7627
      vertex 47.3269 111.855 20.3592
      vertex 47.0748 111.526 20.7627
    endloop
  endfacet
  facet normal -0.10161 -0.240577 0.965297
    outer loop
      vertex 46.4112 113.2 19.4175
      vertex 46.3861 113.081 19.3852
      vertex 46.4549 113.2 19.4221
    endloop
  endfacet
  facet normal -0.100357 -0.240858 0.965358
    outer loop
      vertex 46.3861 113.081 19.3852
      vertex 46.4112 113.2 19.4175
      vertex 46.3357 113.102 19.3852
    endloop
  endfacet
  facet normal -0.258706 -0.034015 0.965357
    outer loop
      vertex 46.4905 112.9 19.3852
      vertex 46.8731 113.058 19.4933
      vertex 46.4834 112.954 19.3852
    endloop
  endfacet
  facet normal -0.258628 -0.034211 0.965371
    outer loop
      vertex 46.894 112.9 19.4933
      vertex 46.8731 113.058 19.4933
      vertex 46.4905 112.9 19.3852
    endloop
  endfacet
  facet normal 0.240775 0.100162 0.965399
    outer loop
      vertex 46.1008 112.796 19.3852
      vertex 46.08 112.846 19.3852
      vertex 45.7514 112.594 19.4933
    endloop
  endfacet
  facet normal 0.0335416 0.259229 0.965233
    outer loop
      vertex 46.2817 112.691 19.3852
      vertex 46.2276 112.698 19.3852
      vertex 46.1232 112.309 19.4933
    endloop
  endfacet
  facet normal -0.0660774 0.498727 0.864237
    outer loop
      vertex 46.4402 112.309 19.4933
      vertex 46.2817 112.288 19.4933
      vertex 46.2817 111.926 19.7022
    endloop
  endfacet
  facet normal 0.158623 0.207354 0.96532
    outer loop
      vertex 45.9755 112.37 19.4933
      vertex 46.134 112.752 19.3852
      vertex 45.8487 112.467 19.4933
    endloop
  endfacet
  facet normal 0.305781 0.399721 0.86413
    outer loop
      vertex 45.9755 112.37 19.4933
      vertex 45.8487 112.467 19.4933
      vertex 45.593 112.211 19.7022
    endloop
  endfacet
  facet normal 0.100558 0.24086 0.965336
    outer loop
      vertex 46.2276 112.698 19.3852
      vertex 46.1773 112.719 19.3852
      vertex 45.9755 112.37 19.4933
    endloop
  endfacet
  facet normal -0.100406 0.240973 0.965324
    outer loop
      vertex 46.5878 112.37 19.4933
      vertex 46.3861 112.719 19.3852
      vertex 46.3357 112.698 19.3852
    endloop
  endfacet
  facet normal -0.0357505 -0.258818 0.965264
    outer loop
      vertex 46.3195 113.2 19.411
      vertex 46.2817 113.2 19.4096
      vertex 46.2817 113.109 19.3852
    endloop
  endfacet
  facet normal -0.0339822 -0.259693 0.965093
    outer loop
      vertex 46.3195 113.2 19.411
      vertex 46.3357 113.102 19.3852
      vertex 46.3621 113.2 19.4125
    endloop
  endfacet
  facet normal -0.0336578 -0.259646 0.965117
    outer loop
      vertex 46.3357 113.102 19.3852
      vertex 46.3195 113.2 19.411
      vertex 46.2817 113.109 19.3852
    endloop
  endfacet
  facet normal 0.158346 -0.207769 0.965276
    outer loop
      vertex 46.1085 113.2 19.4221
      vertex 46.134 113.048 19.3852
      vertex 46.1773 113.081 19.3852
    endloop
  endfacet
  facet normal 0.159152 -0.20761 0.965178
    outer loop
      vertex 46.134 113.048 19.3852
      vertex 46.1085 113.2 19.4221
      vertex 46.0709 113.2 19.4283
    endloop
  endfacet
  facet normal 0.240756 -0.100155 0.965404
    outer loop
      vertex 45.7621 113.2 19.49
      vertex 46.08 112.954 19.3852
      vertex 46.1008 113.004 19.3852
    endloop
  endfacet
  facet normal 0.249995 -0.0877304 0.964265
    outer loop
      vertex 46.08 112.954 19.3852
      vertex 45.7621 113.2 19.49
      vertex 45.7594 113.2 19.4907
    endloop
  endfacet
  facet normal 0.207949 -0.156907 0.965473
    outer loop
      vertex 45.7663 113.2 19.4891
      vertex 46.1008 113.004 19.3852
      vertex 46.134 113.048 19.3852
    endloop
  endfacet
  facet normal 0.206873 -0.158708 0.965409
    outer loop
      vertex 46.1008 113.004 19.3852
      vertex 45.7663 113.2 19.4891
      vertex 45.7621 113.2 19.49
    endloop
  endfacet
  facet normal -0.259237 -0.0751969 0.962882
    outer loop
      vertex 46.8013 113.2 19.49
      vertex 46.4834 112.954 19.3852
      vertex 46.8039 113.2 19.4907
    endloop
  endfacet
  facet normal -0.240756 -0.100155 0.965404
    outer loop
      vertex 46.4834 112.954 19.3852
      vertex 46.8013 113.2 19.49
      vertex 46.4626 113.004 19.3852
    endloop
  endfacet
  facet normal -0.258628 0.034211 0.965371
    outer loop
      vertex 46.8731 112.742 19.4933
      vertex 46.894 112.9 19.4933
      vertex 46.4905 112.9 19.3852
    endloop
  endfacet
  facet normal 0.207977 0.156928 0.965463
    outer loop
      vertex 46.134 112.752 19.3852
      vertex 46.1008 112.796 19.3852
      vertex 45.7514 112.594 19.4933
    endloop
  endfacet
  facet normal -0.0336007 0.259205 0.965238
    outer loop
      vertex 46.4402 112.309 19.4933
      vertex 46.3357 112.698 19.3852
      vertex 46.2817 112.691 19.3852
    endloop
  endfacet
  facet normal -0.241207 0.0995792 0.965351
    outer loop
      vertex 46.812 112.594 19.4933
      vertex 46.8731 112.742 19.4933
      vertex 46.4834 112.846 19.3852
    endloop
  endfacet
  facet normal -0.240775 0.100162 0.965399
    outer loop
      vertex 46.812 112.594 19.4933
      vertex 46.4834 112.846 19.3852
      vertex 46.4626 112.796 19.3852
    endloop
  endfacet
  facet normal -0.207977 0.156928 0.965463
    outer loop
      vertex 46.812 112.594 19.4933
      vertex 46.4626 112.796 19.3852
      vertex 46.4294 112.752 19.3852
    endloop
  endfacet
  facet normal -0.991424 0 0.130686
    outer loop
      vertex 88.8693 -0.799999 33.7671
      vertex 88.9 3 34
      vertex 88.8693 3 33.7671
    endloop
  endfacet
  facet normal -0.991424 0 0.130686
    outer loop
      vertex 88.9 3 34
      vertex 88.8693 -0.799999 33.7671
      vertex 88.9 -0.799999 34
    endloop
  endfacet
  facet normal 0.991424 -0 0.130686
    outer loop
      vertex 87.1 0 34
      vertex 87.1307 3 33.7671
      vertex 87.1 3 34
    endloop
  endfacet
  facet normal 0.991424 0 0.130686
    outer loop
      vertex 87.1307 3 33.7671
      vertex 87.1 0 34
      vertex 87.1307 0 33.7671
    endloop
  endfacet
  facet normal -0.130686 0 0.991424
    outer loop
      vertex 88 0 33.1
      vertex 88.2329 3 33.1307
      vertex 88 3 33.1
    endloop
  endfacet
  facet normal -0.130686 0 0.991424
    outer loop
      vertex 88.2329 3 33.1307
      vertex 88 0 33.1
      vertex 88.2329 -0.799999 33.1307
    endloop
  endfacet
  facet normal -0.130686 0 0.991424
    outer loop
      vertex 88.2329 -0.799999 33.1307
      vertex 88 0 33.1
      vertex 88 -0.799999 33.1
    endloop
  endfacet
  facet normal -0.608682 0 0.793414
    outer loop
      vertex 88.45 3 33.2206
      vertex 88.6364 -0.799999 33.3636
      vertex 88.6364 3 33.3636
    endloop
  endfacet
  facet normal -0.608682 0 0.793414
    outer loop
      vertex 88.6364 -0.799999 33.3636
      vertex 88.45 3 33.2206
      vertex 88.45 -0.799999 33.2206
    endloop
  endfacet
  facet normal -0.923918 0 0.38259
    outer loop
      vertex 88.7794 -0.799999 33.55
      vertex 88.8693 3 33.7671
      vertex 88.7794 3 33.55
    endloop
  endfacet
  facet normal -0.923918 0 0.38259
    outer loop
      vertex 88.8693 3 33.7671
      vertex 88.7794 -0.799999 33.55
      vertex 88.8693 -0.799999 33.7671
    endloop
  endfacet
  facet normal -0.38259 0 0.923918
    outer loop
      vertex 88.2329 3 33.1307
      vertex 88.45 -0.799999 33.2206
      vertex 88.45 3 33.2206
    endloop
  endfacet
  facet normal -0.38259 0 0.923918
    outer loop
      vertex 88.45 -0.799999 33.2206
      vertex 88.2329 3 33.1307
      vertex 88.2329 -0.799999 33.1307
    endloop
  endfacet
  facet normal 0.608682 0 0.793414
    outer loop
      vertex 87.3636 3 33.3636
      vertex 87.55 0 33.2206
      vertex 87.55 3 33.2206
    endloop
  endfacet
  facet normal 0.608682 0 0.793414
    outer loop
      vertex 87.55 0 33.2206
      vertex 87.3636 3 33.3636
      vertex 87.3636 0 33.3636
    endloop
  endfacet
  facet normal 0.793414 -0 0.608682
    outer loop
      vertex 87.2206 0 33.55
      vertex 87.3636 3 33.3636
      vertex 87.2206 3 33.55
    endloop
  endfacet
  facet normal 0.793414 0 0.608682
    outer loop
      vertex 87.3636 3 33.3636
      vertex 87.2206 0 33.55
      vertex 87.3636 0 33.3636
    endloop
  endfacet
  facet normal 0.38259 0 0.923918
    outer loop
      vertex 87.55 3 33.2206
      vertex 87.7671 0 33.1307
      vertex 87.7671 3 33.1307
    endloop
  endfacet
  facet normal 0.38259 0 0.923918
    outer loop
      vertex 87.7671 0 33.1307
      vertex 87.55 3 33.2206
      vertex 87.55 0 33.2206
    endloop
  endfacet
  facet normal -0.923918 0 -0.38259
    outer loop
      vertex 88.8693 -0.799999 34.2329
      vertex 88.7794 3 34.45
      vertex 88.8693 3 34.2329
    endloop
  endfacet
  facet normal -0.923918 -0 -0.38259
    outer loop
      vertex 88.7794 3 34.45
      vertex 88.8693 -0.799999 34.2329
      vertex 88.7794 -0.799999 34.45
    endloop
  endfacet
  facet normal 0.608682 0 -0.793414
    outer loop
      vertex 87.3636 0 34.6364
      vertex 87.55 3 34.7794
      vertex 87.55 0 34.7794
    endloop
  endfacet
  facet normal 0.608682 0 -0.793414
    outer loop
      vertex 87.55 3 34.7794
      vertex 87.3636 0 34.6364
      vertex 87.3636 3 34.6364
    endloop
  endfacet
  facet normal -0.793414 0 0.608682
    outer loop
      vertex 88.6364 -0.799999 33.3636
      vertex 88.7794 3 33.55
      vertex 88.6364 3 33.3636
    endloop
  endfacet
  facet normal -0.793414 0 0.608682
    outer loop
      vertex 88.7794 3 33.55
      vertex 88.6364 -0.799999 33.3636
      vertex 88.7794 -0.799999 33.55
    endloop
  endfacet
  facet normal 0.923918 -0 0.38259
    outer loop
      vertex 87.1307 0 33.7671
      vertex 87.2206 3 33.55
      vertex 87.1307 3 33.7671
    endloop
  endfacet
  facet normal 0.923918 0 0.38259
    outer loop
      vertex 87.2206 3 33.55
      vertex 87.1307 0 33.7671
      vertex 87.2206 0 33.55
    endloop
  endfacet
  facet normal 0.130686 0 0.991424
    outer loop
      vertex 87.7671 3 33.1307
      vertex 88 0 33.1
      vertex 88 3 33.1
    endloop
  endfacet
  facet normal 0.130686 0 0.991424
    outer loop
      vertex 88 0 33.1
      vertex 87.7671 3 33.1307
      vertex 87.7671 0 33.1307
    endloop
  endfacet
  facet normal -0.991424 0 -0.130686
    outer loop
      vertex 88.9 -0.799999 34
      vertex 88.8693 3 34.2329
      vertex 88.9 3 34
    endloop
  endfacet
  facet normal -0.991424 -0 -0.130686
    outer loop
      vertex 88.8693 3 34.2329
      vertex 88.9 -0.799999 34
      vertex 88.8693 -0.799999 34.2329
    endloop
  endfacet
  facet normal -0.130686 -0 -0.991424
    outer loop
      vertex 88 0 34.9
      vertex 88.2329 -0.799999 34.8693
      vertex 88 -0.799999 34.9
    endloop
  endfacet
  facet normal -0.130686 0 -0.991424
    outer loop
      vertex 88.2329 -0.799999 34.8693
      vertex 88 0 34.9
      vertex 88.2329 3 34.8693
    endloop
  endfacet
  facet normal -0.130686 0 -0.991424
    outer loop
      vertex 88.2329 3 34.8693
      vertex 88 0 34.9
      vertex 88 3 34.9
    endloop
  endfacet
  facet normal -0.608682 0 -0.793414
    outer loop
      vertex 88.45 -0.799999 34.7794
      vertex 88.6364 3 34.6364
      vertex 88.6364 -0.799999 34.6364
    endloop
  endfacet
  facet normal -0.608682 0 -0.793414
    outer loop
      vertex 88.6364 3 34.6364
      vertex 88.45 -0.799999 34.7794
      vertex 88.45 3 34.7794
    endloop
  endfacet
  facet normal 0.38259 0 -0.923918
    outer loop
      vertex 87.55 0 34.7794
      vertex 87.7671 3 34.8693
      vertex 87.7671 0 34.8693
    endloop
  endfacet
  facet normal 0.38259 0 -0.923918
    outer loop
      vertex 87.7671 3 34.8693
      vertex 87.55 0 34.7794
      vertex 87.55 3 34.7794
    endloop
  endfacet
  facet normal 0.793414 0 -0.608682
    outer loop
      vertex 87.3636 0 34.6364
      vertex 87.2206 3 34.45
      vertex 87.3636 3 34.6364
    endloop
  endfacet
  facet normal 0.793414 0 -0.608682
    outer loop
      vertex 87.2206 3 34.45
      vertex 87.3636 0 34.6364
      vertex 87.2206 0 34.45
    endloop
  endfacet
  facet normal 0.991424 0 -0.130686
    outer loop
      vertex 87.1307 0 34.2329
      vertex 87.1 3 34
      vertex 87.1307 3 34.2329
    endloop
  endfacet
  facet normal 0.991424 0 -0.130686
    outer loop
      vertex 87.1 3 34
      vertex 87.1307 0 34.2329
      vertex 87.1 0 34
    endloop
  endfacet
  facet normal -0.38259 0 -0.923918
    outer loop
      vertex 88.2329 -0.799999 34.8693
      vertex 88.45 3 34.7794
      vertex 88.45 -0.799999 34.7794
    endloop
  endfacet
  facet normal -0.38259 0 -0.923918
    outer loop
      vertex 88.45 3 34.7794
      vertex 88.2329 -0.799999 34.8693
      vertex 88.2329 3 34.8693
    endloop
  endfacet
  facet normal -0.793414 0 -0.608682
    outer loop
      vertex 88.7794 -0.799999 34.45
      vertex 88.6364 3 34.6364
      vertex 88.7794 3 34.45
    endloop
  endfacet
  facet normal -0.793414 -0 -0.608682
    outer loop
      vertex 88.6364 3 34.6364
      vertex 88.7794 -0.799999 34.45
      vertex 88.6364 -0.799999 34.6364
    endloop
  endfacet
  facet normal 0.130686 0 -0.991424
    outer loop
      vertex 87.7671 0 34.8693
      vertex 88 3 34.9
      vertex 88 0 34.9
    endloop
  endfacet
  facet normal 0.130686 0 -0.991424
    outer loop
      vertex 88 3 34.9
      vertex 87.7671 0 34.8693
      vertex 87.7671 3 34.8693
    endloop
  endfacet
  facet normal 0.923918 0 -0.38259
    outer loop
      vertex 87.2206 0 34.45
      vertex 87.1307 3 34.2329
      vertex 87.2206 3 34.45
    endloop
  endfacet
  facet normal 0.923918 0 -0.38259
    outer loop
      vertex 87.1307 3 34.2329
      vertex 87.2206 0 34.45
      vertex 87.1307 0 34.2329
    endloop
  endfacet
  facet normal 0 -1 0
    outer loop
      vertex 57.5 115 27.2381
      vertex 57.5 115 30
      vertex 53.3929 115 28.4893
    endloop
  endfacet
  facet normal 0 -1 0
    outer loop
      vertex 57.5 115 27.2381
      vertex 53.3929 115 28.4893
      vertex 53.3929 115 28.0393
    endloop
  endfacet
  facet normal 0 -1 0
    outer loop
      vertex 57.5 115 30
      vertex 57.5 115 27.2381
      vertex 61.6071 115 28.4893
    endloop
  endfacet
  facet normal 0 -1 -0
    outer loop
      vertex 61.6071 115 28.4893
      vertex 57.5 115 27.2381
      vertex 61.6071 115 28.0393
    endloop
  endfacet
  facet normal 0 -1 0
    outer loop
      vertex 53.3929 115 25.7274
      vertex 53.3929 115 28.0393
      vertex 49.2857 115 26.5286
    endloop
  endfacet
  facet normal 0 -1 0
    outer loop
      vertex 53.3929 115 25.7274
      vertex 49.2857 115 26.5286
      vertex 49.2857 115 26.0786
    endloop
  endfacet
  facet normal 0 -1 0
    outer loop
      vertex 53.3929 115 28.0393
      vertex 53.3929 115 25.7274
      vertex 57.5 115 27.2381
    endloop
  endfacet
  facet normal 0 -1 0
    outer loop
      vertex 49.2857 115 26.0786
      vertex 53.3929 115 25.2774
      vertex 53.3929 115 25.7274
    endloop
  endfacet
  facet normal 0 -1 0
    outer loop
      vertex 49.2857 115 23.7667
      vertex 49.2857 115 26.0786
      vertex 45.1786 115 24.5679
    endloop
  endfacet
  facet normal 0 -1 0
    outer loop
      vertex 49.2857 115 23.7667
      vertex 45.1786 115 24.5679
      vertex 45.1786 115 24.1178
    endloop
  endfacet
  facet normal 0 -1 0
    outer loop
      vertex 49.2857 115 26.0786
      vertex 49.2857 115 23.7667
      vertex 53.3929 115 25.2774
    endloop
  endfacet
  facet normal 0 -1 0
    outer loop
      vertex 45.1786 115 24.1178
      vertex 49.2857 115 23.3167
      vertex 49.2857 115 23.7667
    endloop
  endfacet
  facet normal 0 -1 0
    outer loop
      vertex 45.1786 115 21.806
      vertex 45.1786 115 24.1178
      vertex 41.0714 115 22.6071
    endloop
  endfacet
  facet normal 0 -1 0
    outer loop
      vertex 45.1786 115 21.806
      vertex 41.0714 115 22.6071
      vertex 41.0714 115 22.1571
    endloop
  endfacet
  facet normal 0 -1 0
    outer loop
      vertex 45.1786 115 24.1178
      vertex 45.1786 115 21.806
      vertex 49.2857 115 23.3167
    endloop
  endfacet
  facet normal 0 -1 0
    outer loop
      vertex 41.0714 115 22.1571
      vertex 45.1786 115 21.3559
      vertex 45.1786 115 21.806
    endloop
  endfacet
  facet normal 0 -1 0
    outer loop
      vertex 41.0714 115 19.8452
      vertex 41.0714 115 22.1571
      vertex 36.9643 115 20.6464
    endloop
  endfacet
  facet normal 0 -1 0
    outer loop
      vertex 41.0714 115 19.8452
      vertex 36.9643 115 20.6464
      vertex 36.9643 115 20.1964
    endloop
  endfacet
  facet normal 0 -1 0
    outer loop
      vertex 41.0714 115 22.1571
      vertex 41.0714 115 19.8452
      vertex 45.1786 115 21.3559
    endloop
  endfacet
  facet normal 0 -1 0
    outer loop
      vertex 36.9643 115 20.1964
      vertex 41.0714 115 19.3952
      vertex 41.0714 115 19.8452
    endloop
  endfacet
  facet normal 0 -1 0
    outer loop
      vertex 36.9643 115 17.8845
      vertex 36.9643 115 20.1964
      vertex 32.8571 115 18.6857
    endloop
  endfacet
  facet normal 0 -1 0
    outer loop
      vertex 36.9643 115 17.8845
      vertex 32.8571 115 18.6857
      vertex 32.8571 115 18.2357
    endloop
  endfacet
  facet normal 0 -1 0
    outer loop
      vertex 36.9643 115 20.1964
      vertex 36.9643 115 17.8845
      vertex 41.0714 115 19.3952
    endloop
  endfacet
  facet normal 0 -1 0
    outer loop
      vertex 32.8571 115 18.2357
      vertex 36.9643 115 17.4345
      vertex 36.9643 115 17.8845
    endloop
  endfacet
  facet normal 0 -1 0
    outer loop
      vertex 32.8571 115 15.9238
      vertex 32.8571 115 18.2357
      vertex 28.75 115 16.725
    endloop
  endfacet
  facet normal 0 -1 0
    outer loop
      vertex 32.8571 115 15.9238
      vertex 28.75 115 16.725
      vertex 28.75 115 16.275
    endloop
  endfacet
  facet normal 0 -1 0
    outer loop
      vertex 32.8571 115 18.2357
      vertex 32.8571 115 15.9238
      vertex 36.9643 115 17.4345
    endloop
  endfacet
  facet normal 0 -1 0
    outer loop
      vertex 28.75 115 16.275
      vertex 32.8571 115 15.4738
      vertex 32.8571 115 15.9238
    endloop
  endfacet
  facet normal 0 -1 0
    outer loop
      vertex 28.75 115 13.9631
      vertex 28.75 115 16.275
      vertex 24.6429 115 14.7643
    endloop
  endfacet
  facet normal 0 -1 0
    outer loop
      vertex 28.75 115 13.9631
      vertex 24.6429 115 14.7643
      vertex 24.6429 115 14.3143
    endloop
  endfacet
  facet normal 0 -1 0
    outer loop
      vertex 28.75 115 16.275
      vertex 28.75 115 13.9631
      vertex 32.8571 115 15.4738
    endloop
  endfacet
  facet normal 0 -1 0
    outer loop
      vertex 24.6429 115 14.3143
      vertex 28.75 115 13.5131
      vertex 28.75 115 13.9631
    endloop
  endfacet
  facet normal 0 -1 0
    outer loop
      vertex 24.6429 115 12.0024
      vertex 24.6429 115 14.3143
      vertex 20.5357 115 12.8036
    endloop
  endfacet
  facet normal 0 -1 0
    outer loop
      vertex 24.6429 115 12.0024
      vertex 20.5357 115 12.8036
      vertex 20.5357 115 12.3536
    endloop
  endfacet
  facet normal 0 -1 0
    outer loop
      vertex 24.6429 115 14.3143
      vertex 24.6429 115 12.0024
      vertex 28.75 115 13.5131
    endloop
  endfacet
  facet normal 0 -1 0
    outer loop
      vertex 20.5357 115 12.3536
      vertex 24.6429 115 11.5524
      vertex 24.6429 115 12.0024
    endloop
  endfacet
  facet normal 0 -1 0
    outer loop
      vertex 20.5357 115 10.0417
      vertex 20.5357 115 12.3536
      vertex 16.4286 115 10.8428
    endloop
  endfacet
  facet normal 0 -1 0
    outer loop
      vertex 20.5357 115 10.0417
      vertex 16.4286 115 10.8428
      vertex 16.4286 115 10.3929
    endloop
  endfacet
  facet normal 0 -1 0
    outer loop
      vertex 20.5357 115 12.3536
      vertex 20.5357 115 10.0417
      vertex 24.6429 115 11.5524
    endloop
  endfacet
  facet normal 0 -1 0
    outer loop
      vertex 16.4286 115 10.3929
      vertex 20.5357 115 9.59166
      vertex 20.5357 115 10.0417
    endloop
  endfacet
  facet normal 0 -1 0
    outer loop
      vertex 16.4286 115 8.08095
      vertex 16.4286 115 10.3929
      vertex 12.3214 115 8.88214
    endloop
  endfacet
  facet normal 0 -1 0
    outer loop
      vertex 16.4286 115 8.08095
      vertex 12.3214 115 8.88214
      vertex 12.3214 115 8.43213
    endloop
  endfacet
  facet normal 0 -1 0
    outer loop
      vertex 16.4286 115 10.3929
      vertex 16.4286 115 8.08095
      vertex 20.5357 115 9.59166
    endloop
  endfacet
  facet normal 0 -1 0
    outer loop
      vertex 12.3214 115 8.43213
      vertex 16.4286 115 7.63096
      vertex 16.4286 115 8.08095
    endloop
  endfacet
  facet normal 0 -1 0
    outer loop
      vertex 12.3214 115 6.12024
      vertex 12.3214 115 8.43213
      vertex 8.21429 115 6.92142
    endloop
  endfacet
  facet normal 0 -1 0
    outer loop
      vertex 12.3214 115 6.12024
      vertex 8.21429 115 6.92142
      vertex 8.21429 115 6.47142
    endloop
  endfacet
  facet normal 0 -1 0
    outer loop
      vertex 12.3214 115 8.43213
      vertex 12.3214 115 6.12024
      vertex 16.4286 115 7.63096
    endloop
  endfacet
  facet normal 0 -1 0
    outer loop
      vertex 8.21429 115 6.47142
      vertex 12.3214 115 5.67023
      vertex 12.3214 115 6.12024
    endloop
  endfacet
  facet normal 0 -1 0
    outer loop
      vertex 8.21429 115 4.15952
      vertex 8.21429 115 6.47142
      vertex 4.10715 115 4.96071
    endloop
  endfacet
  facet normal 0 -1 0
    outer loop
      vertex 8.21429 115 4.15952
      vertex 4.10715 115 4.96071
      vertex 4.10715 115 4.51071
    endloop
  endfacet
  facet normal 0 -1 0
    outer loop
      vertex 8.21429 115 6.47142
      vertex 8.21429 115 4.15952
      vertex 12.3214 115 5.67023
    endloop
  endfacet
  facet normal 0 -1 0
    outer loop
      vertex 4.10715 115 4.51071
      vertex 8.21429 115 3.70952
      vertex 8.21429 115 4.15952
    endloop
  endfacet
  facet normal 0 -1 0
    outer loop
      vertex 4.10715 115 2.19881
      vertex 4.10715 115 4.51071
      vertex 0 115 3
    endloop
  endfacet
  facet normal 0 -1 0
    outer loop
      vertex 4.10715 115 4.51071
      vertex 4.10715 115 2.19881
      vertex 8.21429 115 3.70952
    endloop
  endfacet
  facet normal 0 -1 0
    outer loop
      vertex 0 115 3
      vertex 4.10715 115 1.74881
      vertex 4.10715 115 2.19881
    endloop
  endfacet
  facet normal -0 -1 0
    outer loop
      vertex 4.10715 115 1.74881
      vertex 0 115 3
      vertex 0 115 0.238103
    endloop
  endfacet
  facet normal 0 -1 0
    outer loop
      vertex 61.6071 115 25.7274
      vertex 61.6071 115 28.0393
      vertex 57.5 115 27.2381
    endloop
  endfacet
  facet normal 0 -1 0
    outer loop
      vertex 61.6071 115 28.0393
      vertex 61.6071 115 25.7274
      vertex 65.7143 115 26.5286
    endloop
  endfacet
  facet normal 0 -1 -0
    outer loop
      vertex 65.7143 115 26.5286
      vertex 61.6071 115 25.7274
      vertex 65.7143 115 26.0786
    endloop
  endfacet
  facet normal 0 -1 0
    outer loop
      vertex 61.6071 115 25.2774
      vertex 65.7143 115 26.0786
      vertex 61.6071 115 25.7274
    endloop
  endfacet
  facet normal 0 -1 0
    outer loop
      vertex 65.7143 115 23.7667
      vertex 65.7143 115 26.0786
      vertex 61.6071 115 25.2774
    endloop
  endfacet
  facet normal 0 -1 0
    outer loop
      vertex 65.7143 115 26.0786
      vertex 65.7143 115 23.7667
      vertex 69.8214 115 24.5679
    endloop
  endfacet
  facet normal 0 -1 -0
    outer loop
      vertex 69.8214 115 24.5679
      vertex 65.7143 115 23.7667
      vertex 69.8214 115 24.1178
    endloop
  endfacet
  facet normal 0 -1 0
    outer loop
      vertex 65.7143 115 23.3167
      vertex 69.8214 115 24.1178
      vertex 65.7143 115 23.7667
    endloop
  endfacet
  facet normal 0 -1 0
    outer loop
      vertex 69.8214 115 21.806
      vertex 69.8214 115 24.1178
      vertex 65.7143 115 23.3167
    endloop
  endfacet
  facet normal 0 -1 0
    outer loop
      vertex 69.8214 115 24.1178
      vertex 69.8214 115 21.806
      vertex 73.9286 115 22.6071
    endloop
  endfacet
  facet normal 0 -1 -0
    outer loop
      vertex 73.9286 115 22.6071
      vertex 69.8214 115 21.806
      vertex 73.9286 115 22.1571
    endloop
  endfacet
  facet normal 0 -1 0
    outer loop
      vertex 69.8214 115 21.3559
      vertex 73.9286 115 22.1571
      vertex 69.8214 115 21.806
    endloop
  endfacet
  facet normal 0 -1 0
    outer loop
      vertex 73.9286 115 19.8452
      vertex 73.9286 115 22.1571
      vertex 69.8214 115 21.3559
    endloop
  endfacet
  facet normal 0 -1 0
    outer loop
      vertex 73.9286 115 22.1571
      vertex 73.9286 115 19.8452
      vertex 78.0357 115 20.6464
    endloop
  endfacet
  facet normal 0 -1 -0
    outer loop
      vertex 78.0357 115 20.6464
      vertex 73.9286 115 19.8452
      vertex 78.0357 115 20.1964
    endloop
  endfacet
  facet normal 0 -1 0
    outer loop
      vertex 73.9286 115 19.3952
      vertex 78.0357 115 20.1964
      vertex 73.9286 115 19.8452
    endloop
  endfacet
  facet normal 0 -1 0
    outer loop
      vertex 78.0357 115 17.8845
      vertex 78.0357 115 20.1964
      vertex 73.9286 115 19.3952
    endloop
  endfacet
  facet normal 0 -1 0
    outer loop
      vertex 78.0357 115 20.1964
      vertex 78.0357 115 17.8845
      vertex 82.1429 115 18.6857
    endloop
  endfacet
  facet normal 0 -1 -0
    outer loop
      vertex 82.1429 115 18.6857
      vertex 78.0357 115 17.8845
      vertex 82.1429 115 18.2357
    endloop
  endfacet
  facet normal 0 -1 0
    outer loop
      vertex 78.0357 115 17.4345
      vertex 82.1429 115 18.2357
      vertex 78.0357 115 17.8845
    endloop
  endfacet
  facet normal 0 -1 0
    outer loop
      vertex 82.1429 115 15.9238
      vertex 82.1429 115 18.2357
      vertex 78.0357 115 17.4345
    endloop
  endfacet
  facet normal 0 -1 0
    outer loop
      vertex 82.1429 115 18.2357
      vertex 82.1429 115 15.9238
      vertex 86.25 115 16.725
    endloop
  endfacet
  facet normal 0 -1 -0
    outer loop
      vertex 86.25 115 16.725
      vertex 82.1429 115 15.9238
      vertex 86.25 115 16.275
    endloop
  endfacet
  facet normal 0 -1 0
    outer loop
      vertex 82.1429 115 15.4738
      vertex 86.25 115 16.275
      vertex 82.1429 115 15.9238
    endloop
  endfacet
  facet normal 0 -1 0
    outer loop
      vertex 86.25 115 13.9631
      vertex 86.25 115 16.275
      vertex 82.1429 115 15.4738
    endloop
  endfacet
  facet normal 0 -1 0
    outer loop
      vertex 86.25 115 16.275
      vertex 86.25 115 13.9631
      vertex 90.3571 115 14.7643
    endloop
  endfacet
  facet normal 0 -1 -0
    outer loop
      vertex 90.3571 115 14.7643
      vertex 86.25 115 13.9631
      vertex 90.3571 115 14.3143
    endloop
  endfacet
  facet normal 0 -1 0
    outer loop
      vertex 86.25 115 13.5131
      vertex 90.3571 115 14.3143
      vertex 86.25 115 13.9631
    endloop
  endfacet
  facet normal 0 -1 0
    outer loop
      vertex 90.3571 115 12.0024
      vertex 90.3571 115 14.3143
      vertex 86.25 115 13.5131
    endloop
  endfacet
  facet normal 0 -1 0
    outer loop
      vertex 90.3571 115 14.3143
      vertex 90.3571 115 12.0024
      vertex 94.4643 115 12.8036
    endloop
  endfacet
  facet normal 0 -1 -0
    outer loop
      vertex 94.4643 115 12.8036
      vertex 90.3571 115 12.0024
      vertex 94.4643 115 12.3536
    endloop
  endfacet
  facet normal 0 -1 0
    outer loop
      vertex 90.3571 115 11.5524
      vertex 94.4643 115 12.3536
      vertex 90.3571 115 12.0024
    endloop
  endfacet
  facet normal 0 -1 0
    outer loop
      vertex 94.4643 115 10.0417
      vertex 94.4643 115 12.3536
      vertex 90.3571 115 11.5524
    endloop
  endfacet
  facet normal 0 -1 0
    outer loop
      vertex 94.4643 115 12.3536
      vertex 94.4643 115 10.0417
      vertex 98.5714 115 10.8428
    endloop
  endfacet
  facet normal 0 -1 -0
    outer loop
      vertex 98.5714 115 10.8428
      vertex 94.4643 115 10.0417
      vertex 98.5714 115 10.3929
    endloop
  endfacet
  facet normal 0 -1 0
    outer loop
      vertex 94.4643 115 9.59166
      vertex 98.5714 115 10.3929
      vertex 94.4643 115 10.0417
    endloop
  endfacet
  facet normal 0 -1 0
    outer loop
      vertex 98.5714 115 8.08095
      vertex 98.5714 115 10.3929
      vertex 94.4643 115 9.59166
    endloop
  endfacet
  facet normal 0 -1 0
    outer loop
      vertex 98.5714 115 10.3929
      vertex 98.5714 115 8.08095
      vertex 102.679 115 8.88214
    endloop
  endfacet
  facet normal 0 -1 -0
    outer loop
      vertex 102.679 115 8.88214
      vertex 98.5714 115 8.08095
      vertex 102.679 115 8.43213
    endloop
  endfacet
  facet normal 0 -1 0
    outer loop
      vertex 98.5714 115 7.63096
      vertex 102.679 115 8.43213
      vertex 98.5714 115 8.08095
    endloop
  endfacet
  facet normal 0 -1 0
    outer loop
      vertex 102.679 115 6.12024
      vertex 102.679 115 8.43213
      vertex 98.5714 115 7.63096
    endloop
  endfacet
  facet normal 0 -1 0
    outer loop
      vertex 102.679 115 8.43213
      vertex 102.679 115 6.12024
      vertex 106.786 115 6.92142
    endloop
  endfacet
  facet normal 0 -1 -0
    outer loop
      vertex 106.786 115 6.92142
      vertex 102.679 115 6.12024
      vertex 106.786 115 6.47142
    endloop
  endfacet
  facet normal 0 -1 0
    outer loop
      vertex 102.679 115 5.67023
      vertex 106.786 115 6.47142
      vertex 102.679 115 6.12024
    endloop
  endfacet
  facet normal 0 -1 0
    outer loop
      vertex 106.786 115 4.15952
      vertex 106.786 115 6.47142
      vertex 102.679 115 5.67023
    endloop
  endfacet
  facet normal 0 -1 0
    outer loop
      vertex 106.786 115 6.47142
      vertex 106.786 115 4.15952
      vertex 110.893 115 4.96071
    endloop
  endfacet
  facet normal 0 -1 -0
    outer loop
      vertex 110.893 115 4.96071
      vertex 106.786 115 4.15952
      vertex 110.893 115 4.51071
    endloop
  endfacet
  facet normal 0 -1 0
    outer loop
      vertex 106.786 115 3.70952
      vertex 110.893 115 4.51071
      vertex 106.786 115 4.15952
    endloop
  endfacet
  facet normal 0 -1 0
    outer loop
      vertex 110.893 115 2.19881
      vertex 110.893 115 4.51071
      vertex 106.786 115 3.70952
    endloop
  endfacet
  facet normal 0 -1 0
    outer loop
      vertex 110.893 115 4.51071
      vertex 110.893 115 2.19881
      vertex 115 115 3
    endloop
  endfacet
  facet normal 0 -1 0
    outer loop
      vertex 110.893 115 1.74881
      vertex 115 115 3
      vertex 110.893 115 2.19881
    endloop
  endfacet
  facet normal 0 -1 -0
    outer loop
      vertex 115 115 3
      vertex 110.893 115 1.74881
      vertex 115 115 0.238103
    endloop
  endfacet
  facet normal 0 1 0
    outer loop
      vertex 57.5 247 27.2381
      vertex 57.5 247 30
      vertex 61.6071 247 28.4893
    endloop
  endfacet
  facet normal 0 1 0
    outer loop
      vertex 57.5 247 27.2381
      vertex 61.6071 247 28.4893
      vertex 61.6071 247 28.0393
    endloop
  endfacet
  facet normal 0 1 0
    outer loop
      vertex 57.5 247 30
      vertex 57.5 247 27.2381
      vertex 53.3929 247 28.4893
    endloop
  endfacet
  facet normal 0 1 0
    outer loop
      vertex 53.3929 247 28.4893
      vertex 57.5 247 27.2381
      vertex 53.3929 247 28.0393
    endloop
  endfacet
  facet normal 0 1 0
    outer loop
      vertex 61.6071 247 25.7274
      vertex 61.6071 247 28.0393
      vertex 65.7143 247 26.5286
    endloop
  endfacet
  facet normal 0 1 0
    outer loop
      vertex 61.6071 247 25.7274
      vertex 65.7143 247 26.5286
      vertex 65.7143 247 26.0786
    endloop
  endfacet
  facet normal 0 1 0
    outer loop
      vertex 61.6071 247 28.0393
      vertex 61.6071 247 25.7274
      vertex 57.5 247 27.2381
    endloop
  endfacet
  facet normal 0 1 0
    outer loop
      vertex 65.7143 247 26.0786
      vertex 61.6071 247 25.2774
      vertex 61.6071 247 25.7274
    endloop
  endfacet
  facet normal 0 1 0
    outer loop
      vertex 65.7143 247 23.7667
      vertex 65.7143 247 26.0786
      vertex 69.8214 247 24.5679
    endloop
  endfacet
  facet normal 0 1 0
    outer loop
      vertex 65.7143 247 23.7667
      vertex 69.8214 247 24.5679
      vertex 69.8214 247 24.1178
    endloop
  endfacet
  facet normal 0 1 0
    outer loop
      vertex 65.7143 247 26.0786
      vertex 65.7143 247 23.7667
      vertex 61.6071 247 25.2774
    endloop
  endfacet
  facet normal 0 1 0
    outer loop
      vertex 69.8214 247 24.1178
      vertex 65.7143 247 23.3167
      vertex 65.7143 247 23.7667
    endloop
  endfacet
  facet normal 0 1 0
    outer loop
      vertex 69.8214 247 21.806
      vertex 69.8214 247 24.1178
      vertex 73.9286 247 22.6071
    endloop
  endfacet
  facet normal 0 1 0
    outer loop
      vertex 69.8214 247 21.806
      vertex 73.9286 247 22.6071
      vertex 73.9286 247 22.1571
    endloop
  endfacet
  facet normal 0 1 0
    outer loop
      vertex 69.8214 247 24.1178
      vertex 69.8214 247 21.806
      vertex 65.7143 247 23.3167
    endloop
  endfacet
  facet normal 0 1 0
    outer loop
      vertex 73.9286 247 22.1571
      vertex 69.8214 247 21.3559
      vertex 69.8214 247 21.806
    endloop
  endfacet
  facet normal 0 1 0
    outer loop
      vertex 73.9286 247 19.8452
      vertex 73.9286 247 22.1571
      vertex 78.0357 247 20.6464
    endloop
  endfacet
  facet normal 0 1 0
    outer loop
      vertex 73.9286 247 19.8452
      vertex 78.0357 247 20.6464
      vertex 78.0357 247 20.1964
    endloop
  endfacet
  facet normal 0 1 0
    outer loop
      vertex 73.9286 247 22.1571
      vertex 73.9286 247 19.8452
      vertex 69.8214 247 21.3559
    endloop
  endfacet
  facet normal 0 1 0
    outer loop
      vertex 78.0357 247 20.1964
      vertex 73.9286 247 19.3952
      vertex 73.9286 247 19.8452
    endloop
  endfacet
  facet normal 0 1 0
    outer loop
      vertex 78.0357 247 17.8845
      vertex 78.0357 247 20.1964
      vertex 82.1429 247 18.6857
    endloop
  endfacet
  facet normal 0 1 0
    outer loop
      vertex 78.0357 247 17.8845
      vertex 82.1429 247 18.6857
      vertex 82.1429 247 18.2357
    endloop
  endfacet
  facet normal 0 1 0
    outer loop
      vertex 78.0357 247 20.1964
      vertex 78.0357 247 17.8845
      vertex 73.9286 247 19.3952
    endloop
  endfacet
  facet normal 0 1 0
    outer loop
      vertex 82.1429 247 18.2357
      vertex 78.0357 247 17.4345
      vertex 78.0357 247 17.8845
    endloop
  endfacet
  facet normal 0 1 0
    outer loop
      vertex 82.1429 247 15.9238
      vertex 82.1429 247 18.2357
      vertex 86.25 247 16.725
    endloop
  endfacet
  facet normal 0 1 0
    outer loop
      vertex 82.1429 247 15.9238
      vertex 86.25 247 16.725
      vertex 86.25 247 16.275
    endloop
  endfacet
  facet normal 0 1 0
    outer loop
      vertex 82.1429 247 18.2357
      vertex 82.1429 247 15.9238
      vertex 78.0357 247 17.4345
    endloop
  endfacet
  facet normal 0 1 0
    outer loop
      vertex 86.25 247 16.275
      vertex 82.1429 247 15.4738
      vertex 82.1429 247 15.9238
    endloop
  endfacet
  facet normal 0 1 0
    outer loop
      vertex 86.25 247 13.9631
      vertex 86.25 247 16.275
      vertex 90.3571 247 14.7643
    endloop
  endfacet
  facet normal 0 1 0
    outer loop
      vertex 86.25 247 13.9631
      vertex 90.3571 247 14.7643
      vertex 90.3571 247 14.3143
    endloop
  endfacet
  facet normal 0 1 0
    outer loop
      vertex 86.25 247 16.275
      vertex 86.25 247 13.9631
      vertex 82.1429 247 15.4738
    endloop
  endfacet
  facet normal 0 1 0
    outer loop
      vertex 90.3571 247 14.3143
      vertex 86.25 247 13.5131
      vertex 86.25 247 13.9631
    endloop
  endfacet
  facet normal 0 1 0
    outer loop
      vertex 90.3571 247 12.0024
      vertex 90.3571 247 14.3143
      vertex 94.4643 247 12.8036
    endloop
  endfacet
  facet normal 0 1 0
    outer loop
      vertex 90.3571 247 12.0024
      vertex 94.4643 247 12.8036
      vertex 94.4643 247 12.3536
    endloop
  endfacet
  facet normal 0 1 0
    outer loop
      vertex 90.3571 247 14.3143
      vertex 90.3571 247 12.0024
      vertex 86.25 247 13.5131
    endloop
  endfacet
  facet normal 0 1 0
    outer loop
      vertex 94.4643 247 12.3536
      vertex 90.3571 247 11.5524
      vertex 90.3571 247 12.0024
    endloop
  endfacet
  facet normal 0 1 0
    outer loop
      vertex 94.4643 247 10.0417
      vertex 94.4643 247 12.3536
      vertex 98.5714 247 10.8428
    endloop
  endfacet
  facet normal 0 1 0
    outer loop
      vertex 94.4643 247 10.0417
      vertex 98.5714 247 10.8428
      vertex 98.5714 247 10.3929
    endloop
  endfacet
  facet normal 0 1 0
    outer loop
      vertex 94.4643 247 12.3536
      vertex 94.4643 247 10.0417
      vertex 90.3571 247 11.5524
    endloop
  endfacet
  facet normal 0 1 0
    outer loop
      vertex 98.5714 247 10.3929
      vertex 94.4643 247 9.59166
      vertex 94.4643 247 10.0417
    endloop
  endfacet
  facet normal 0 1 0
    outer loop
      vertex 98.5714 247 8.08095
      vertex 98.5714 247 10.3929
      vertex 102.679 247 8.88214
    endloop
  endfacet
  facet normal 0 1 0
    outer loop
      vertex 98.5714 247 8.08095
      vertex 102.679 247 8.88214
      vertex 102.679 247 8.43213
    endloop
  endfacet
  facet normal 0 1 0
    outer loop
      vertex 98.5714 247 10.3929
      vertex 98.5714 247 8.08095
      vertex 94.4643 247 9.59166
    endloop
  endfacet
  facet normal 0 1 0
    outer loop
      vertex 102.679 247 8.43213
      vertex 98.5714 247 7.63096
      vertex 98.5714 247 8.08095
    endloop
  endfacet
  facet normal 0 1 0
    outer loop
      vertex 102.679 247 6.12024
      vertex 102.679 247 8.43213
      vertex 106.786 247 6.92142
    endloop
  endfacet
  facet normal 0 1 0
    outer loop
      vertex 102.679 247 6.12024
      vertex 106.786 247 6.92142
      vertex 106.786 247 6.47142
    endloop
  endfacet
  facet normal 0 1 0
    outer loop
      vertex 102.679 247 8.43213
      vertex 102.679 247 6.12024
      vertex 98.5714 247 7.63096
    endloop
  endfacet
  facet normal 0 1 0
    outer loop
      vertex 106.786 247 6.47142
      vertex 102.679 247 5.67023
      vertex 102.679 247 6.12024
    endloop
  endfacet
  facet normal 0 1 0
    outer loop
      vertex 106.786 247 4.15952
      vertex 106.786 247 6.47142
      vertex 110.893 247 4.96071
    endloop
  endfacet
  facet normal 0 1 0
    outer loop
      vertex 106.786 247 4.15952
      vertex 110.893 247 4.96071
      vertex 110.893 247 4.51071
    endloop
  endfacet
  facet normal 0 1 0
    outer loop
      vertex 106.786 247 6.47142
      vertex 106.786 247 4.15952
      vertex 102.679 247 5.67023
    endloop
  endfacet
  facet normal 0 1 0
    outer loop
      vertex 110.893 247 4.51071
      vertex 106.786 247 3.70952
      vertex 106.786 247 4.15952
    endloop
  endfacet
  facet normal 0 1 0
    outer loop
      vertex 110.893 247 2.19881
      vertex 110.893 247 4.51071
      vertex 115 247 3
    endloop
  endfacet
  facet normal 0 1 0
    outer loop
      vertex 110.893 247 4.51071
      vertex 110.893 247 2.19881
      vertex 106.786 247 3.70952
    endloop
  endfacet
  facet normal 0 1 0
    outer loop
      vertex 115 247 3
      vertex 110.893 247 1.74881
      vertex 110.893 247 2.19881
    endloop
  endfacet
  facet normal -0 1 0
    outer loop
      vertex 110.893 247 1.74881
      vertex 115 247 3
      vertex 115 247 0.238103
    endloop
  endfacet
  facet normal 0 1 0
    outer loop
      vertex 53.3929 247 25.7274
      vertex 53.3929 247 28.0393
      vertex 57.5 247 27.2381
    endloop
  endfacet
  facet normal 0 1 0
    outer loop
      vertex 53.3929 247 28.0393
      vertex 53.3929 247 25.7274
      vertex 49.2857 247 26.5286
    endloop
  endfacet
  facet normal 0 1 0
    outer loop
      vertex 49.2857 247 26.5286
      vertex 53.3929 247 25.7274
      vertex 49.2857 247 26.0786
    endloop
  endfacet
  facet normal 0 1 -0
    outer loop
      vertex 53.3929 247 25.2774
      vertex 49.2857 247 26.0786
      vertex 53.3929 247 25.7274
    endloop
  endfacet
  facet normal 0 1 0
    outer loop
      vertex 49.2857 247 23.7667
      vertex 49.2857 247 26.0786
      vertex 53.3929 247 25.2774
    endloop
  endfacet
  facet normal 0 1 0
    outer loop
      vertex 49.2857 247 26.0786
      vertex 49.2857 247 23.7667
      vertex 45.1786 247 24.5679
    endloop
  endfacet
  facet normal 0 1 0
    outer loop
      vertex 45.1786 247 24.5679
      vertex 49.2857 247 23.7667
      vertex 45.1786 247 24.1178
    endloop
  endfacet
  facet normal 0 1 -0
    outer loop
      vertex 49.2857 247 23.3167
      vertex 45.1786 247 24.1178
      vertex 49.2857 247 23.7667
    endloop
  endfacet
  facet normal 0 1 0
    outer loop
      vertex 45.1786 247 21.806
      vertex 45.1786 247 24.1178
      vertex 49.2857 247 23.3167
    endloop
  endfacet
  facet normal 0 1 0
    outer loop
      vertex 45.1786 247 24.1178
      vertex 45.1786 247 21.806
      vertex 41.0714 247 22.6071
    endloop
  endfacet
  facet normal 0 1 0
    outer loop
      vertex 41.0714 247 22.6071
      vertex 45.1786 247 21.806
      vertex 41.0714 247 22.1571
    endloop
  endfacet
  facet normal 0 1 -0
    outer loop
      vertex 45.1786 247 21.3559
      vertex 41.0714 247 22.1571
      vertex 45.1786 247 21.806
    endloop
  endfacet
  facet normal 0 1 0
    outer loop
      vertex 41.0714 247 19.8452
      vertex 41.0714 247 22.1571
      vertex 45.1786 247 21.3559
    endloop
  endfacet
  facet normal 0 1 0
    outer loop
      vertex 41.0714 247 22.1571
      vertex 41.0714 247 19.8452
      vertex 36.9643 247 20.6464
    endloop
  endfacet
  facet normal 0 1 0
    outer loop
      vertex 36.9643 247 20.6464
      vertex 41.0714 247 19.8452
      vertex 36.9643 247 20.1964
    endloop
  endfacet
  facet normal 0 1 -0
    outer loop
      vertex 41.0714 247 19.3952
      vertex 36.9643 247 20.1964
      vertex 41.0714 247 19.8452
    endloop
  endfacet
  facet normal 0 1 0
    outer loop
      vertex 36.9643 247 17.8845
      vertex 36.9643 247 20.1964
      vertex 41.0714 247 19.3952
    endloop
  endfacet
  facet normal 0 1 0
    outer loop
      vertex 36.9643 247 20.1964
      vertex 36.9643 247 17.8845
      vertex 32.8571 247 18.6857
    endloop
  endfacet
  facet normal 0 1 0
    outer loop
      vertex 32.8571 247 18.6857
      vertex 36.9643 247 17.8845
      vertex 32.8571 247 18.2357
    endloop
  endfacet
  facet normal 0 1 -0
    outer loop
      vertex 36.9643 247 17.4345
      vertex 32.8571 247 18.2357
      vertex 36.9643 247 17.8845
    endloop
  endfacet
  facet normal 0 1 0
    outer loop
      vertex 32.8571 247 15.9238
      vertex 32.8571 247 18.2357
      vertex 36.9643 247 17.4345
    endloop
  endfacet
  facet normal 0 1 0
    outer loop
      vertex 32.8571 247 18.2357
      vertex 32.8571 247 15.9238
      vertex 28.75 247 16.725
    endloop
  endfacet
  facet normal 0 1 0
    outer loop
      vertex 28.75 247 16.725
      vertex 32.8571 247 15.9238
      vertex 28.75 247 16.275
    endloop
  endfacet
  facet normal 0 1 -0
    outer loop
      vertex 32.8571 247 15.4738
      vertex 28.75 247 16.275
      vertex 32.8571 247 15.9238
    endloop
  endfacet
  facet normal 0 1 0
    outer loop
      vertex 28.75 247 13.9631
      vertex 28.75 247 16.275
      vertex 32.8571 247 15.4738
    endloop
  endfacet
  facet normal 0 1 0
    outer loop
      vertex 28.75 247 16.275
      vertex 28.75 247 13.9631
      vertex 24.6429 247 14.7643
    endloop
  endfacet
  facet normal 0 1 0
    outer loop
      vertex 24.6429 247 14.7643
      vertex 28.75 247 13.9631
      vertex 24.6429 247 14.3143
    endloop
  endfacet
  facet normal 0 1 -0
    outer loop
      vertex 28.75 247 13.5131
      vertex 24.6429 247 14.3143
      vertex 28.75 247 13.9631
    endloop
  endfacet
  facet normal 0 1 0
    outer loop
      vertex 24.6429 247 12.0024
      vertex 24.6429 247 14.3143
      vertex 28.75 247 13.5131
    endloop
  endfacet
  facet normal 0 1 0
    outer loop
      vertex 24.6429 247 14.3143
      vertex 24.6429 247 12.0024
      vertex 20.5357 247 12.8036
    endloop
  endfacet
  facet normal 0 1 0
    outer loop
      vertex 20.5357 247 12.8036
      vertex 24.6429 247 12.0024
      vertex 20.5357 247 12.3536
    endloop
  endfacet
  facet normal 0 1 -0
    outer loop
      vertex 24.6429 247 11.5524
      vertex 20.5357 247 12.3536
      vertex 24.6429 247 12.0024
    endloop
  endfacet
  facet normal 0 1 0
    outer loop
      vertex 20.5357 247 10.0417
      vertex 20.5357 247 12.3536
      vertex 24.6429 247 11.5524
    endloop
  endfacet
  facet normal 0 1 0
    outer loop
      vertex 20.5357 247 12.3536
      vertex 20.5357 247 10.0417
      vertex 16.4286 247 10.8428
    endloop
  endfacet
  facet normal 0 1 0
    outer loop
      vertex 16.4286 247 10.8428
      vertex 20.5357 247 10.0417
      vertex 16.4286 247 10.3929
    endloop
  endfacet
  facet normal 0 1 -0
    outer loop
      vertex 20.5357 247 9.59166
      vertex 16.4286 247 10.3929
      vertex 20.5357 247 10.0417
    endloop
  endfacet
  facet normal 0 1 0
    outer loop
      vertex 16.4286 247 8.08095
      vertex 16.4286 247 10.3929
      vertex 20.5357 247 9.59166
    endloop
  endfacet
  facet normal 0 1 0
    outer loop
      vertex 16.4286 247 10.3929
      vertex 16.4286 247 8.08095
      vertex 12.3214 247 8.88214
    endloop
  endfacet
  facet normal 0 1 0
    outer loop
      vertex 12.3214 247 8.88214
      vertex 16.4286 247 8.08095
      vertex 12.3214 247 8.43213
    endloop
  endfacet
  facet normal 0 1 -0
    outer loop
      vertex 16.4286 247 7.63096
      vertex 12.3214 247 8.43213
      vertex 16.4286 247 8.08095
    endloop
  endfacet
  facet normal 0 1 0
    outer loop
      vertex 12.3214 247 6.12024
      vertex 12.3214 247 8.43213
      vertex 16.4286 247 7.63096
    endloop
  endfacet
  facet normal 0 1 0
    outer loop
      vertex 12.3214 247 8.43213
      vertex 12.3214 247 6.12024
      vertex 8.21429 247 6.92142
    endloop
  endfacet
  facet normal 0 1 0
    outer loop
      vertex 8.21429 247 6.92142
      vertex 12.3214 247 6.12024
      vertex 8.21429 247 6.47142
    endloop
  endfacet
  facet normal 0 1 -0
    outer loop
      vertex 12.3214 247 5.67023
      vertex 8.21429 247 6.47142
      vertex 12.3214 247 6.12024
    endloop
  endfacet
  facet normal 0 1 0
    outer loop
      vertex 8.21429 247 4.15952
      vertex 8.21429 247 6.47142
      vertex 12.3214 247 5.67023
    endloop
  endfacet
  facet normal 0 1 0
    outer loop
      vertex 8.21429 247 6.47142
      vertex 8.21429 247 4.15952
      vertex 4.10715 247 4.96071
    endloop
  endfacet
  facet normal 0 1 0
    outer loop
      vertex 4.10715 247 4.96071
      vertex 8.21429 247 4.15952
      vertex 4.10715 247 4.51071
    endloop
  endfacet
  facet normal 0 1 -0
    outer loop
      vertex 8.21429 247 3.70952
      vertex 4.10715 247 4.51071
      vertex 8.21429 247 4.15952
    endloop
  endfacet
  facet normal 0 1 0
    outer loop
      vertex 4.10715 247 2.19881
      vertex 4.10715 247 4.51071
      vertex 8.21429 247 3.70952
    endloop
  endfacet
  facet normal 0 1 0
    outer loop
      vertex 4.10715 247 4.51071
      vertex 4.10715 247 2.19881
      vertex 0 247 3
    endloop
  endfacet
  facet normal 0 1 -0
    outer loop
      vertex 4.10715 247 1.74881
      vertex 0 247 3
      vertex 4.10715 247 2.19881
    endloop
  endfacet
  facet normal 0 1 0
    outer loop
      vertex 0 247 3
      vertex 4.10715 247 1.74881
      vertex 0 247 0.238103
    endloop
  endfacet
  facet normal 0.345223 0 0.938521
    outer loop
      vertex 110.893 247 4.51071
      vertex 115 115 3
      vertex 115 247 3
    endloop
  endfacet
  facet normal 0.345223 0 0.938521
    outer loop
      vertex 115 115 3
      vertex 110.893 247 4.51071
      vertex 110.893 115 4.51071
    endloop
  endfacet
  facet normal 1 -0 0
    outer loop
      vertex 110.893 115 4.96071
      vertex 110.893 247 4.51071
      vertex 110.893 247 4.96071
    endloop
  endfacet
  facet normal 1 0 0
    outer loop
      vertex 110.893 247 4.51071
      vertex 110.893 115 4.96071
      vertex 110.893 115 4.51071
    endloop
  endfacet
  facet normal 0.345223 0 0.938521
    outer loop
      vertex 106.786 247 6.47142
      vertex 110.893 115 4.96071
      vertex 110.893 247 4.96071
    endloop
  endfacet
  facet normal 0.345223 0 0.938521
    outer loop
      vertex 110.893 115 4.96071
      vertex 106.786 247 6.47142
      vertex 106.786 115 6.47142
    endloop
  endfacet
  facet normal 1 -0 0
    outer loop
      vertex 106.786 115 6.92142
      vertex 106.786 247 6.47142
      vertex 106.786 247 6.92142
    endloop
  endfacet
  facet normal 1 0 0
    outer loop
      vertex 106.786 247 6.47142
      vertex 106.786 115 6.92142
      vertex 106.786 115 6.47142
    endloop
  endfacet
  facet normal 0.345223 0 0.938521
    outer loop
      vertex 102.679 247 8.43213
      vertex 106.786 115 6.92142
      vertex 106.786 247 6.92142
    endloop
  endfacet
  facet normal 0.345223 0 0.938521
    outer loop
      vertex 106.786 115 6.92142
      vertex 102.679 247 8.43213
      vertex 102.679 115 8.43213
    endloop
  endfacet
  facet normal 1 -0 0
    outer loop
      vertex 102.679 115 8.88214
      vertex 102.679 247 8.43213
      vertex 102.679 247 8.88214
    endloop
  endfacet
  facet normal 1 0 0
    outer loop
      vertex 102.679 247 8.43213
      vertex 102.679 115 8.88214
      vertex 102.679 115 8.43213
    endloop
  endfacet
  facet normal 0.345189 0 0.938533
    outer loop
      vertex 98.5714 247 10.3929
      vertex 102.679 115 8.88214
      vertex 102.679 247 8.88214
    endloop
  endfacet
  facet normal 0.345189 0 0.938533
    outer loop
      vertex 102.679 115 8.88214
      vertex 98.5714 247 10.3929
      vertex 98.5714 115 10.3929
    endloop
  endfacet
  facet normal 1 -0 0
    outer loop
      vertex 98.5714 115 10.8428
      vertex 98.5714 247 10.3929
      vertex 98.5714 247 10.8428
    endloop
  endfacet
  facet normal 1 0 0
    outer loop
      vertex 98.5714 247 10.3929
      vertex 98.5714 115 10.8428
      vertex 98.5714 115 10.3929
    endloop
  endfacet
  facet normal 0.345234 0 0.938517
    outer loop
      vertex 94.4643 247 12.3536
      vertex 98.5714 115 10.8428
      vertex 98.5714 247 10.8428
    endloop
  endfacet
  facet normal 0.345234 0 0.938517
    outer loop
      vertex 98.5714 115 10.8428
      vertex 94.4643 247 12.3536
      vertex 94.4643 115 12.3536
    endloop
  endfacet
  facet normal 1 -0 0
    outer loop
      vertex 94.4643 115 12.8036
      vertex 94.4643 247 12.3536
      vertex 94.4643 247 12.8036
    endloop
  endfacet
  facet normal 1 0 0
    outer loop
      vertex 94.4643 247 12.3536
      vertex 94.4643 115 12.8036
      vertex 94.4643 115 12.3536
    endloop
  endfacet
  facet normal 0.345207 0 0.938527
    outer loop
      vertex 90.3571 247 14.3143
      vertex 94.4643 115 12.8036
      vertex 94.4643 247 12.8036
    endloop
  endfacet
  facet normal 0.345207 0 0.938527
    outer loop
      vertex 94.4643 115 12.8036
      vertex 90.3571 247 14.3143
      vertex 90.3571 115 14.3143
    endloop
  endfacet
  facet normal 1 -0 0
    outer loop
      vertex 90.3571 115 14.7643
      vertex 90.3571 247 14.3143
      vertex 90.3571 247 14.7643
    endloop
  endfacet
  facet normal 1 0 0
    outer loop
      vertex 90.3571 247 14.3143
      vertex 90.3571 115 14.7643
      vertex 90.3571 115 14.3143
    endloop
  endfacet
  facet normal 0.345214 0 0.938524
    outer loop
      vertex 86.25 247 16.275
      vertex 90.3571 115 14.7643
      vertex 90.3571 247 14.7643
    endloop
  endfacet
  facet normal 0.345214 0 0.938524
    outer loop
      vertex 90.3571 115 14.7643
      vertex 86.25 247 16.275
      vertex 86.25 115 16.275
    endloop
  endfacet
  facet normal 1 -0 0
    outer loop
      vertex 86.25 115 16.725
      vertex 86.25 247 16.275
      vertex 86.25 247 16.725
    endloop
  endfacet
  facet normal 1 0 0
    outer loop
      vertex 86.25 247 16.275
      vertex 86.25 115 16.725
      vertex 86.25 115 16.275
    endloop
  endfacet
  facet normal 0.345214 0 0.938524
    outer loop
      vertex 82.1429 247 18.2357
      vertex 86.25 115 16.725
      vertex 86.25 247 16.725
    endloop
  endfacet
  facet normal 0.345214 0 0.938524
    outer loop
      vertex 86.25 115 16.725
      vertex 82.1429 247 18.2357
      vertex 82.1429 115 18.2357
    endloop
  endfacet
  facet normal 1 -0 0
    outer loop
      vertex 82.1429 115 18.6857
      vertex 82.1429 247 18.2357
      vertex 82.1429 247 18.6857
    endloop
  endfacet
  facet normal 1 0 0
    outer loop
      vertex 82.1429 247 18.2357
      vertex 82.1429 115 18.6857
      vertex 82.1429 115 18.2357
    endloop
  endfacet
  facet normal 0.345207 0 0.938527
    outer loop
      vertex 78.0357 247 20.1964
      vertex 82.1429 115 18.6857
      vertex 82.1429 247 18.6857
    endloop
  endfacet
  facet normal 0.345207 0 0.938527
    outer loop
      vertex 82.1429 115 18.6857
      vertex 78.0357 247 20.1964
      vertex 78.0357 115 20.1964
    endloop
  endfacet
  facet normal 1 -0 0
    outer loop
      vertex 78.0357 115 20.6464
      vertex 78.0357 247 20.1964
      vertex 78.0357 247 20.6464
    endloop
  endfacet
  facet normal 1 0 0
    outer loop
      vertex 78.0357 247 20.1964
      vertex 78.0357 115 20.6464
      vertex 78.0357 115 20.1964
    endloop
  endfacet
  facet normal 0.345214 0 0.938524
    outer loop
      vertex 73.9286 247 22.1571
      vertex 78.0357 115 20.6464
      vertex 78.0357 247 20.6464
    endloop
  endfacet
  facet normal 0.345214 0 0.938524
    outer loop
      vertex 78.0357 115 20.6464
      vertex 73.9286 247 22.1571
      vertex 73.9286 115 22.1571
    endloop
  endfacet
  facet normal 1 -0 0
    outer loop
      vertex 73.9286 115 22.6071
      vertex 73.9286 247 22.1571
      vertex 73.9286 247 22.6071
    endloop
  endfacet
  facet normal 1 0 0
    outer loop
      vertex 73.9286 247 22.1571
      vertex 73.9286 115 22.6071
      vertex 73.9286 115 22.1571
    endloop
  endfacet
  facet normal 0.345207 0 0.938527
    outer loop
      vertex 69.8214 247 24.1178
      vertex 73.9286 115 22.6071
      vertex 73.9286 247 22.6071
    endloop
  endfacet
  facet normal 0.345207 0 0.938527
    outer loop
      vertex 73.9286 115 22.6071
      vertex 69.8214 247 24.1178
      vertex 69.8214 115 24.1178
    endloop
  endfacet
  facet normal 1 -0 0
    outer loop
      vertex 69.8214 115 24.5679
      vertex 69.8214 247 24.1178
      vertex 69.8214 247 24.5679
    endloop
  endfacet
  facet normal 1 0 0
    outer loop
      vertex 69.8214 247 24.1178
      vertex 69.8214 115 24.5679
      vertex 69.8214 115 24.1178
    endloop
  endfacet
  facet normal 0.345214 0 0.938524
    outer loop
      vertex 65.7143 247 26.0786
      vertex 69.8214 115 24.5679
      vertex 69.8214 247 24.5679
    endloop
  endfacet
  facet normal 0.345214 0 0.938524
    outer loop
      vertex 69.8214 115 24.5679
      vertex 65.7143 247 26.0786
      vertex 65.7143 115 26.0786
    endloop
  endfacet
  facet normal 1 -0 0
    outer loop
      vertex 65.7143 115 26.5286
      vertex 65.7143 247 26.0786
      vertex 65.7143 247 26.5286
    endloop
  endfacet
  facet normal 1 0 0
    outer loop
      vertex 65.7143 247 26.0786
      vertex 65.7143 115 26.5286
      vertex 65.7143 115 26.0786
    endloop
  endfacet
  facet normal 0.345207 0 0.938527
    outer loop
      vertex 61.6071 247 28.0393
      vertex 65.7143 115 26.5286
      vertex 65.7143 247 26.5286
    endloop
  endfacet
  facet normal 0.345207 0 0.938527
    outer loop
      vertex 65.7143 115 26.5286
      vertex 61.6071 247 28.0393
      vertex 61.6071 115 28.0393
    endloop
  endfacet
  facet normal 1 -0 0
    outer loop
      vertex 61.6071 115 28.4893
      vertex 61.6071 247 28.0393
      vertex 61.6071 247 28.4893
    endloop
  endfacet
  facet normal 1 0 0
    outer loop
      vertex 61.6071 247 28.0393
      vertex 61.6071 115 28.4893
      vertex 61.6071 115 28.0393
    endloop
  endfacet
  facet normal 0.345214 0 0.938524
    outer loop
      vertex 57.5 247 30
      vertex 61.6071 115 28.4893
      vertex 61.6071 247 28.4893
    endloop
  endfacet
  facet normal 0.345214 0 0.938524
    outer loop
      vertex 61.6071 115 28.4893
      vertex 57.5 247 30
      vertex 57.5 115 30
    endloop
  endfacet
  facet normal -0.345214 0 0.938524
    outer loop
      vertex 53.3929 247 28.4893
      vertex 57.5 115 30
      vertex 57.5 247 30
    endloop
  endfacet
  facet normal -0.345214 0 0.938524
    outer loop
      vertex 57.5 115 30
      vertex 53.3929 247 28.4893
      vertex 53.3929 115 28.4893
    endloop
  endfacet
  facet normal -1 0 0
    outer loop
      vertex 53.3929 115 28.0393
      vertex 53.3929 247 28.4893
      vertex 53.3929 247 28.0393
    endloop
  endfacet
  facet normal -1 -0 0
    outer loop
      vertex 53.3929 247 28.4893
      vertex 53.3929 115 28.0393
      vertex 53.3929 115 28.4893
    endloop
  endfacet
  facet normal -0.345207 0 0.938527
    outer loop
      vertex 49.2857 247 26.5286
      vertex 53.3929 115 28.0393
      vertex 53.3929 247 28.0393
    endloop
  endfacet
  facet normal -0.345207 0 0.938527
    outer loop
      vertex 53.3929 115 28.0393
      vertex 49.2857 247 26.5286
      vertex 49.2857 115 26.5286
    endloop
  endfacet
  facet normal -1 0 0
    outer loop
      vertex 49.2857 115 26.0786
      vertex 49.2857 247 26.5286
      vertex 49.2857 247 26.0786
    endloop
  endfacet
  facet normal -1 -0 0
    outer loop
      vertex 49.2857 247 26.5286
      vertex 49.2857 115 26.0786
      vertex 49.2857 115 26.5286
    endloop
  endfacet
  facet normal -0.345214 0 0.938524
    outer loop
      vertex 45.1786 247 24.5679
      vertex 49.2857 115 26.0786
      vertex 49.2857 247 26.0786
    endloop
  endfacet
  facet normal -0.345214 0 0.938524
    outer loop
      vertex 49.2857 115 26.0786
      vertex 45.1786 247 24.5679
      vertex 45.1786 115 24.5679
    endloop
  endfacet
  facet normal -1 0 0
    outer loop
      vertex 45.1786 115 24.1178
      vertex 45.1786 247 24.5679
      vertex 45.1786 247 24.1178
    endloop
  endfacet
  facet normal -1 -0 0
    outer loop
      vertex 45.1786 247 24.5679
      vertex 45.1786 115 24.1178
      vertex 45.1786 115 24.5679
    endloop
  endfacet
  facet normal -0.345207 0 0.938527
    outer loop
      vertex 41.0714 247 22.6071
      vertex 45.1786 115 24.1178
      vertex 45.1786 247 24.1178
    endloop
  endfacet
  facet normal -0.345207 0 0.938527
    outer loop
      vertex 45.1786 115 24.1178
      vertex 41.0714 247 22.6071
      vertex 41.0714 115 22.6071
    endloop
  endfacet
  facet normal -1 0 0
    outer loop
      vertex 41.0714 115 22.1571
      vertex 41.0714 247 22.6071
      vertex 41.0714 247 22.1571
    endloop
  endfacet
  facet normal -1 -0 0
    outer loop
      vertex 41.0714 247 22.6071
      vertex 41.0714 115 22.1571
      vertex 41.0714 115 22.6071
    endloop
  endfacet
  facet normal -0.345214 0 0.938524
    outer loop
      vertex 36.9643 247 20.6464
      vertex 41.0714 115 22.1571
      vertex 41.0714 247 22.1571
    endloop
  endfacet
  facet normal -0.345214 0 0.938524
    outer loop
      vertex 41.0714 115 22.1571
      vertex 36.9643 247 20.6464
      vertex 36.9643 115 20.6464
    endloop
  endfacet
  facet normal -1 0 0
    outer loop
      vertex 36.9643 115 20.1964
      vertex 36.9643 247 20.6464
      vertex 36.9643 247 20.1964
    endloop
  endfacet
  facet normal -1 -0 0
    outer loop
      vertex 36.9643 247 20.6464
      vertex 36.9643 115 20.1964
      vertex 36.9643 115 20.6464
    endloop
  endfacet
  facet normal -0.345207 0 0.938527
    outer loop
      vertex 32.8571 247 18.6857
      vertex 36.9643 115 20.1964
      vertex 36.9643 247 20.1964
    endloop
  endfacet
  facet normal -0.345207 0 0.938527
    outer loop
      vertex 36.9643 115 20.1964
      vertex 32.8571 247 18.6857
      vertex 32.8571 115 18.6857
    endloop
  endfacet
  facet normal -1 0 0
    outer loop
      vertex 32.8571 115 18.2357
      vertex 32.8571 247 18.6857
      vertex 32.8571 247 18.2357
    endloop
  endfacet
  facet normal -1 -0 0
    outer loop
      vertex 32.8571 247 18.6857
      vertex 32.8571 115 18.2357
      vertex 32.8571 115 18.6857
    endloop
  endfacet
  facet normal -0.345214 0 0.938524
    outer loop
      vertex 28.75 247 16.725
      vertex 32.8571 115 18.2357
      vertex 32.8571 247 18.2357
    endloop
  endfacet
  facet normal -0.345214 0 0.938524
    outer loop
      vertex 32.8571 115 18.2357
      vertex 28.75 247 16.725
      vertex 28.75 115 16.725
    endloop
  endfacet
  facet normal -1 0 0
    outer loop
      vertex 28.75 115 16.275
      vertex 28.75 247 16.725
      vertex 28.75 247 16.275
    endloop
  endfacet
  facet normal -1 -0 0
    outer loop
      vertex 28.75 247 16.725
      vertex 28.75 115 16.275
      vertex 28.75 115 16.725
    endloop
  endfacet
  facet normal -0.345214 0 0.938524
    outer loop
      vertex 24.6429 247 14.7643
      vertex 28.75 115 16.275
      vertex 28.75 247 16.275
    endloop
  endfacet
  facet normal -0.345214 0 0.938524
    outer loop
      vertex 28.75 115 16.275
      vertex 24.6429 247 14.7643
      vertex 24.6429 115 14.7643
    endloop
  endfacet
  facet normal -1 0 0
    outer loop
      vertex 24.6429 115 14.3143
      vertex 24.6429 247 14.7643
      vertex 24.6429 247 14.3143
    endloop
  endfacet
  facet normal -1 -0 0
    outer loop
      vertex 24.6429 247 14.7643
      vertex 24.6429 115 14.3143
      vertex 24.6429 115 14.7643
    endloop
  endfacet
  facet normal -0.345207 0 0.938527
    outer loop
      vertex 20.5357 247 12.8036
      vertex 24.6429 115 14.3143
      vertex 24.6429 247 14.3143
    endloop
  endfacet
  facet normal -0.345207 0 0.938527
    outer loop
      vertex 24.6429 115 14.3143
      vertex 20.5357 247 12.8036
      vertex 20.5357 115 12.8036
    endloop
  endfacet
  facet normal -1 0 0
    outer loop
      vertex 20.5357 115 12.3536
      vertex 20.5357 247 12.8036
      vertex 20.5357 247 12.3536
    endloop
  endfacet
  facet normal -1 -0 0
    outer loop
      vertex 20.5357 247 12.8036
      vertex 20.5357 115 12.3536
      vertex 20.5357 115 12.8036
    endloop
  endfacet
  facet normal -0.345234 0 0.938517
    outer loop
      vertex 16.4286 247 10.8428
      vertex 20.5357 115 12.3536
      vertex 20.5357 247 12.3536
    endloop
  endfacet
  facet normal -0.345234 0 0.938517
    outer loop
      vertex 20.5357 115 12.3536
      vertex 16.4286 247 10.8428
      vertex 16.4286 115 10.8428
    endloop
  endfacet
  facet normal -1 0 0
    outer loop
      vertex 16.4286 115 10.3929
      vertex 16.4286 247 10.8428
      vertex 16.4286 247 10.3929
    endloop
  endfacet
  facet normal -1 -0 0
    outer loop
      vertex 16.4286 247 10.8428
      vertex 16.4286 115 10.3929
      vertex 16.4286 115 10.8428
    endloop
  endfacet
  facet normal -0.345219 0 0.938522
    outer loop
      vertex 12.3214 247 8.88214
      vertex 16.4286 115 10.3929
      vertex 16.4286 247 10.3929
    endloop
  endfacet
  facet normal -0.345219 0 0.938522
    outer loop
      vertex 16.4286 115 10.3929
      vertex 12.3214 247 8.88214
      vertex 12.3214 115 8.88214
    endloop
  endfacet
  facet normal -1 0 0
    outer loop
      vertex 12.3214 115 8.43213
      vertex 12.3214 247 8.88214
      vertex 12.3214 247 8.43213
    endloop
  endfacet
  facet normal -1 -0 0
    outer loop
      vertex 12.3214 247 8.88214
      vertex 12.3214 115 8.43213
      vertex 12.3214 115 8.88214
    endloop
  endfacet
  facet normal -0.345215 0 0.938524
    outer loop
      vertex 8.21429 247 6.92142
      vertex 12.3214 115 8.43213
      vertex 12.3214 247 8.43213
    endloop
  endfacet
  facet normal -0.345215 0 0.938524
    outer loop
      vertex 12.3214 115 8.43213
      vertex 8.21429 247 6.92142
      vertex 8.21429 115 6.92142
    endloop
  endfacet
  facet normal -1 0 0
    outer loop
      vertex 8.21429 115 6.47142
      vertex 8.21429 247 6.92142
      vertex 8.21429 247 6.47142
    endloop
  endfacet
  facet normal -1 -0 0
    outer loop
      vertex 8.21429 247 6.92142
      vertex 8.21429 115 6.47142
      vertex 8.21429 115 6.92142
    endloop
  endfacet
  facet normal -0.345213 0 0.938524
    outer loop
      vertex 4.10715 247 4.96071
      vertex 8.21429 115 6.47142
      vertex 8.21429 247 6.47142
    endloop
  endfacet
  facet normal -0.345213 0 0.938524
    outer loop
      vertex 8.21429 115 6.47142
      vertex 4.10715 247 4.96071
      vertex 4.10715 115 4.96071
    endloop
  endfacet
  facet normal -1 0 0
    outer loop
      vertex 4.10715 115 4.51071
      vertex 4.10715 247 4.96071
      vertex 4.10715 247 4.51071
    endloop
  endfacet
  facet normal -1 -0 0
    outer loop
      vertex 4.10715 247 4.96071
      vertex 4.10715 115 4.51071
      vertex 4.10715 115 4.96071
    endloop
  endfacet
  facet normal -0.345212 0 0.938525
    outer loop
      vertex 0 247 3
      vertex 4.10715 115 4.51071
      vertex 4.10715 247 4.51071
    endloop
  endfacet
  facet normal -0.345212 0 0.938525
    outer loop
      vertex 4.10715 115 4.51071
      vertex 0 247 3
      vertex 0 115 3
    endloop
  endfacet
  facet normal -1 0 0
    outer loop
      vertex 0 115 0.238103
      vertex 0 247 3
      vertex 0 247 0.238103
    endloop
  endfacet
  facet normal -1 -0 0
    outer loop
      vertex 0 247 3
      vertex 0 115 0.238103
      vertex 0 115 3
    endloop
  endfacet
  facet normal 1 -0 0
    outer loop
      vertex 115 115 3
      vertex 115 247 0.238103
      vertex 115 247 3
    endloop
  endfacet
  facet normal 1 0 0
    outer loop
      vertex 115 247 0.238103
      vertex 115 115 3
      vertex 115 115 0.238103
    endloop
  endfacet
  facet normal -0.345223 0 -0.938521
    outer loop
      vertex 110.893 115 1.74881
      vertex 115 247 0.238103
      vertex 115 115 0.238103
    endloop
  endfacet
  facet normal -0.345223 0 -0.938521
    outer loop
      vertex 115 247 0.238103
      vertex 110.893 115 1.74881
      vertex 110.893 247 1.74881
    endloop
  endfacet
  facet normal -1 0 0
    outer loop
      vertex 110.893 115 1.74881
      vertex 110.893 247 2.19881
      vertex 110.893 247 1.74881
    endloop
  endfacet
  facet normal -1 -0 0
    outer loop
      vertex 110.893 247 2.19881
      vertex 110.893 115 1.74881
      vertex 110.893 115 2.19881
    endloop
  endfacet
  facet normal -0.345223 0 -0.938521
    outer loop
      vertex 106.786 115 3.70952
      vertex 110.893 247 2.19881
      vertex 110.893 115 2.19881
    endloop
  endfacet
  facet normal -0.345223 0 -0.938521
    outer loop
      vertex 110.893 247 2.19881
      vertex 106.786 115 3.70952
      vertex 106.786 247 3.70952
    endloop
  endfacet
  facet normal -1 0 0
    outer loop
      vertex 106.786 115 3.70952
      vertex 106.786 247 4.15952
      vertex 106.786 247 3.70952
    endloop
  endfacet
  facet normal -1 -0 0
    outer loop
      vertex 106.786 247 4.15952
      vertex 106.786 115 3.70952
      vertex 106.786 115 4.15952
    endloop
  endfacet
  facet normal -0.345269 0 -0.938504
    outer loop
      vertex 102.679 128 5.67023
      vertex 105 234 4.81635
      vertex 105 128 4.81635
    endloop
  endfacet
  facet normal -0.345269 0 -0.938504
    outer loop
      vertex 105 234 4.81635
      vertex 102.679 128 5.67023
      vertex 102.679 234 5.67023
    endloop
  endfacet
  facet normal -0.345164 -0 -0.938542
    outer loop
      vertex 105 128 4.81635
      vertex 106.786 115 4.15952
      vertex 105 125 4.81635
    endloop
  endfacet
  facet normal -0.345223 -1.20486e-05 -0.938521
    outer loop
      vertex 102.679 115 5.67023
      vertex 105 125 4.81635
      vertex 106.786 115 4.15952
    endloop
  endfacet
  facet normal -0.345269 0 -0.938504
    outer loop
      vertex 105 125 4.81635
      vertex 102.679 115 5.67023
      vertex 102.679 125 5.67023
    endloop
  endfacet
  facet normal -0.345164 0 -0.938542
    outer loop
      vertex 106.786 115 4.15952
      vertex 105 128 4.81635
      vertex 106.786 247 4.15952
    endloop
  endfacet
  facet normal -0.345164 -0 -0.938542
    outer loop
      vertex 105 234 4.81635
      vertex 106.786 247 4.15952
      vertex 105 128 4.81635
    endloop
  endfacet
  facet normal -0.345164 -0 -0.938542
    outer loop
      vertex 105 237 4.81635
      vertex 106.786 247 4.15952
      vertex 105 234 4.81635
    endloop
  endfacet
  facet normal -0.345269 -0 -0.938504
    outer loop
      vertex 102.679 247 5.67023
      vertex 105 237 4.81635
      vertex 102.679 237 5.67023
    endloop
  endfacet
  facet normal -0.345223 1.20486e-05 -0.938521
    outer loop
      vertex 105 237 4.81635
      vertex 102.679 247 5.67023
      vertex 106.786 247 4.15952
    endloop
  endfacet
  facet normal -1 0 0
    outer loop
      vertex 102.679 115 5.67023
      vertex 102.679 125 6.12024
      vertex 102.679 125 5.67023
    endloop
  endfacet
  facet normal -1 -0 0
    outer loop
      vertex 102.679 125 6.12024
      vertex 102.679 115 5.67023
      vertex 102.679 115 6.12024
    endloop
  endfacet
  facet normal -1 0 0
    outer loop
      vertex 102.679 237 5.67023
      vertex 102.679 247 6.12024
      vertex 102.679 247 5.67023
    endloop
  endfacet
  facet normal -1 -0 0
    outer loop
      vertex 102.679 247 6.12024
      vertex 102.679 237 5.67023
      vertex 102.679 237 6.12024
    endloop
  endfacet
  facet normal -1 0 0
    outer loop
      vertex 102.679 128 5.67023
      vertex 102.679 234 6.12024
      vertex 102.679 234 5.67023
    endloop
  endfacet
  facet normal -1 -0 0
    outer loop
      vertex 102.679 234 6.12024
      vertex 102.679 128 5.67023
      vertex 102.679 128 6.12024
    endloop
  endfacet
  facet normal -0.345095 0 -0.938568
    outer loop
      vertex 102.679 115 6.12024
      vertex 101.6 124.2 6.51697
      vertex 102.679 125 6.12024
    endloop
  endfacet
  facet normal -0.345213 -1.56259e-05 -0.938524
    outer loop
      vertex 102.679 115 6.12024
      vertex 100 124.2 7.10549
      vertex 101.6 124.2 6.51697
    endloop
  endfacet
  facet normal -0.345181 -5.11564e-06 -0.938536
    outer loop
      vertex 98.5714 115 7.63096
      vertex 100 124.2 7.10549
      vertex 102.679 115 6.12024
    endloop
  endfacet
  facet normal -0.34521 -0 -0.938525
    outer loop
      vertex 98.5714 125 7.63096
      vertex 100 124.2 7.10549
      vertex 98.5714 115 7.63096
    endloop
  endfacet
  facet normal -0.34521 0 -0.938525
    outer loop
      vertex 100 124.2 7.10549
      vertex 98.5714 125 7.63096
      vertex 100 125 7.10549
    endloop
  endfacet
  facet normal -0.345095 0 -0.938568
    outer loop
      vertex 102.679 125 6.12024
      vertex 101.6 124.2 6.51697
      vertex 101.6 125 6.51697
    endloop
  endfacet
  facet normal -0.34521 0 -0.938525
    outer loop
      vertex 100 237 7.10549
      vertex 98.5714 237 7.63096
      vertex 100 237.8 7.10549
    endloop
  endfacet
  facet normal -0.345095 -0 -0.938568
    outer loop
      vertex 101.6 237.8 6.51697
      vertex 102.679 237 6.12024
      vertex 101.6 237 6.51697
    endloop
  endfacet
  facet normal -0.345095 0 -0.938568
    outer loop
      vertex 102.679 237 6.12024
      vertex 101.6 237.8 6.51697
      vertex 102.679 247 6.12024
    endloop
  endfacet
  facet normal -0.345213 1.56259e-05 -0.938524
    outer loop
      vertex 100 237.8 7.10549
      vertex 102.679 247 6.12024
      vertex 101.6 237.8 6.51697
    endloop
  endfacet
  facet normal -0.34521 -0 -0.938525
    outer loop
      vertex 98.5714 247 7.63096
      vertex 100 237.8 7.10549
      vertex 98.5714 237 7.63096
    endloop
  endfacet
  facet normal -0.345181 5.11564e-06 -0.938536
    outer loop
      vertex 100 237.8 7.10549
      vertex 98.5714 247 7.63096
      vertex 102.679 247 6.12024
    endloop
  endfacet
  facet normal -0.345181 0 -0.938536
    outer loop
      vertex 98.5714 128 7.63096
      vertex 102.679 234 6.12024
      vertex 102.679 128 6.12024
    endloop
  endfacet
  facet normal -0.345181 0 -0.938536
    outer loop
      vertex 102.679 234 6.12024
      vertex 98.5714 128 7.63096
      vertex 98.5714 234 7.63096
    endloop
  endfacet
  facet normal -1 0 0
    outer loop
      vertex 98.5714 115 7.63096
      vertex 98.5714 125 8.08095
      vertex 98.5714 125 7.63096
    endloop
  endfacet
  facet normal -1 -0 0
    outer loop
      vertex 98.5714 125 8.08095
      vertex 98.5714 115 7.63096
      vertex 98.5714 115 8.08095
    endloop
  endfacet
  facet normal -1 0 0
    outer loop
      vertex 98.5714 237 7.63096
      vertex 98.5714 247 8.08095
      vertex 98.5714 247 7.63096
    endloop
  endfacet
  facet normal -1 -0 0
    outer loop
      vertex 98.5714 247 8.08095
      vertex 98.5714 237 7.63096
      vertex 98.5714 237 8.08095
    endloop
  endfacet
  facet normal -1 0 0
    outer loop
      vertex 98.5714 128 7.63096
      vertex 98.5714 234 8.08095
      vertex 98.5714 234 7.63096
    endloop
  endfacet
  facet normal -1 -0 0
    outer loop
      vertex 98.5714 234 8.08095
      vertex 98.5714 128 7.63096
      vertex 98.5714 128 8.08095
    endloop
  endfacet
  facet normal -0.345216 0 -0.938523
    outer loop
      vertex 94.4643 115 9.59166
      vertex 98.5714 125 8.08095
      vertex 98.5714 115 8.08095
    endloop
  endfacet
  facet normal -0.345216 0 -0.938523
    outer loop
      vertex 98.5714 125 8.08095
      vertex 94.4643 115 9.59166
      vertex 94.4643 125 9.59166
    endloop
  endfacet
  facet normal -0.345216 0 -0.938523
    outer loop
      vertex 94.4643 237 9.59166
      vertex 98.5714 247 8.08095
      vertex 98.5714 237 8.08095
    endloop
  endfacet
  facet normal -0.345216 0 -0.938523
    outer loop
      vertex 98.5714 247 8.08095
      vertex 94.4643 237 9.59166
      vertex 94.4643 247 9.59166
    endloop
  endfacet
  facet normal -0.345216 0 -0.938523
    outer loop
      vertex 94.4643 128 9.59166
      vertex 98.5714 234 8.08095
      vertex 98.5714 128 8.08095
    endloop
  endfacet
  facet normal -0.345216 0 -0.938523
    outer loop
      vertex 98.5714 234 8.08095
      vertex 94.4643 128 9.59166
      vertex 94.4643 234 9.59166
    endloop
  endfacet
  facet normal -1 0 0
    outer loop
      vertex 94.4643 115 9.59166
      vertex 94.4643 125 10.0417
      vertex 94.4643 125 9.59166
    endloop
  endfacet
  facet normal -1 -0 0
    outer loop
      vertex 94.4643 125 10.0417
      vertex 94.4643 115 9.59166
      vertex 94.4643 115 10.0417
    endloop
  endfacet
  facet normal -1 0 0
    outer loop
      vertex 94.4643 237 9.59166
      vertex 94.4643 247 10.0417
      vertex 94.4643 247 9.59166
    endloop
  endfacet
  facet normal -1 -0 0
    outer loop
      vertex 94.4643 247 10.0417
      vertex 94.4643 237 9.59166
      vertex 94.4643 237 10.0417
    endloop
  endfacet
  facet normal -1 0 0
    outer loop
      vertex 94.4643 128 9.59166
      vertex 94.4643 234 10.0417
      vertex 94.4643 234 9.59166
    endloop
  endfacet
  facet normal -1 -0 0
    outer loop
      vertex 94.4643 234 10.0417
      vertex 94.4643 128 9.59166
      vertex 94.4643 128 10.0417
    endloop
  endfacet
  facet normal -0.345202 0 -0.938528
    outer loop
      vertex 94.4643 115 10.0417
      vertex 93.6 124.2 10.3596
      vertex 94.4643 125 10.0417
    endloop
  endfacet
  facet normal -0.345202 -3.50673e-08 -0.938528
    outer loop
      vertex 94.4643 115 10.0417
      vertex 92 124.2 10.9481
      vertex 93.6 124.2 10.3596
    endloop
  endfacet
  facet normal -0.345207 -1.28983e-06 -0.938527
    outer loop
      vertex 90.3571 115 11.5524
      vertex 92 124.2 10.9481
      vertex 94.4643 115 10.0417
    endloop
  endfacet
  facet normal -0.345213 -0 -0.938524
    outer loop
      vertex 90.3571 125 11.5524
      vertex 92 124.2 10.9481
      vertex 90.3571 115 11.5524
    endloop
  endfacet
  facet normal -0.345213 0 -0.938524
    outer loop
      vertex 92 124.2 10.9481
      vertex 90.3571 125 11.5524
      vertex 92 125 10.9481
    endloop
  endfacet
  facet normal -0.345202 0 -0.938528
    outer loop
      vertex 94.4643 125 10.0417
      vertex 93.6 124.2 10.3596
      vertex 93.6 125 10.3596
    endloop
  endfacet
  facet normal -0.345213 0 -0.938524
    outer loop
      vertex 92 237 10.9481
      vertex 90.3571 237 11.5524
      vertex 92 237.8 10.9481
    endloop
  endfacet
  facet normal -0.345202 -0 -0.938528
    outer loop
      vertex 93.6 237.8 10.3596
      vertex 94.4643 237 10.0417
      vertex 93.6 237 10.3596
    endloop
  endfacet
  facet normal -0.345202 0 -0.938528
    outer loop
      vertex 94.4643 237 10.0417
      vertex 93.6 237.8 10.3596
      vertex 94.4643 247 10.0417
    endloop
  endfacet
  facet normal -0.345202 3.50673e-08 -0.938528
    outer loop
      vertex 92 237.8 10.9481
      vertex 94.4643 247 10.0417
      vertex 93.6 237.8 10.3596
    endloop
  endfacet
  facet normal -0.345213 -0 -0.938524
    outer loop
      vertex 90.3571 247 11.5524
      vertex 92 237.8 10.9481
      vertex 90.3571 237 11.5524
    endloop
  endfacet
  facet normal -0.345207 1.28983e-06 -0.938527
    outer loop
      vertex 92 237.8 10.9481
      vertex 90.3571 247 11.5524
      vertex 94.4643 247 10.0417
    endloop
  endfacet
  facet normal -0.345207 0 -0.938527
    outer loop
      vertex 90.3571 128 11.5524
      vertex 94.4643 234 10.0417
      vertex 94.4643 128 10.0417
    endloop
  endfacet
  facet normal -0.345207 0 -0.938527
    outer loop
      vertex 94.4643 234 10.0417
      vertex 90.3571 128 11.5524
      vertex 90.3571 234 11.5524
    endloop
  endfacet
  facet normal -1 0 0
    outer loop
      vertex 90.3571 115 11.5524
      vertex 90.3571 125 12.0024
      vertex 90.3571 125 11.5524
    endloop
  endfacet
  facet normal -1 -0 0
    outer loop
      vertex 90.3571 125 12.0024
      vertex 90.3571 115 11.5524
      vertex 90.3571 115 12.0024
    endloop
  endfacet
  facet normal -1 0 0
    outer loop
      vertex 90.3571 237 11.5524
      vertex 90.3571 247 12.0024
      vertex 90.3571 247 11.5524
    endloop
  endfacet
  facet normal -1 -0 0
    outer loop
      vertex 90.3571 247 12.0024
      vertex 90.3571 237 11.5524
      vertex 90.3571 237 12.0024
    endloop
  endfacet
  facet normal -1 0 0
    outer loop
      vertex 90.3571 128 11.5524
      vertex 90.3571 234 12.0024
      vertex 90.3571 234 11.5524
    endloop
  endfacet
  facet normal -1 -0 0
    outer loop
      vertex 90.3571 234 12.0024
      vertex 90.3571 128 11.5524
      vertex 90.3571 128 12.0024
    endloop
  endfacet
  facet normal -0.345214 0 -0.938524
    outer loop
      vertex 86.25 115 13.5131
      vertex 90.3571 125 12.0024
      vertex 90.3571 115 12.0024
    endloop
  endfacet
  facet normal -0.345214 0 -0.938524
    outer loop
      vertex 90.3571 125 12.0024
      vertex 86.25 115 13.5131
      vertex 86.25 125 13.5131
    endloop
  endfacet
  facet normal -0.345214 0 -0.938524
    outer loop
      vertex 86.25 237 13.5131
      vertex 90.3571 247 12.0024
      vertex 90.3571 237 12.0024
    endloop
  endfacet
  facet normal -0.345214 0 -0.938524
    outer loop
      vertex 90.3571 247 12.0024
      vertex 86.25 237 13.5131
      vertex 86.25 247 13.5131
    endloop
  endfacet
  facet normal -0.345214 0 -0.938524
    outer loop
      vertex 86.25 128 13.5131
      vertex 90.3571 234 12.0024
      vertex 90.3571 128 12.0024
    endloop
  endfacet
  facet normal -0.345214 0 -0.938524
    outer loop
      vertex 90.3571 234 12.0024
      vertex 86.25 128 13.5131
      vertex 86.25 234 13.5131
    endloop
  endfacet
  facet normal -1 0 0
    outer loop
      vertex 86.25 115 13.5131
      vertex 86.25 125 13.9631
      vertex 86.25 125 13.5131
    endloop
  endfacet
  facet normal -1 -0 0
    outer loop
      vertex 86.25 125 13.9631
      vertex 86.25 115 13.5131
      vertex 86.25 115 13.9631
    endloop
  endfacet
  facet normal -1 0 0
    outer loop
      vertex 86.25 237 13.5131
      vertex 86.25 247 13.9631
      vertex 86.25 247 13.5131
    endloop
  endfacet
  facet normal -1 -0 0
    outer loop
      vertex 86.25 247 13.9631
      vertex 86.25 237 13.5131
      vertex 86.25 237 13.9631
    endloop
  endfacet
  facet normal -1 0 0
    outer loop
      vertex 86.25 128 13.5131
      vertex 86.25 234 13.9631
      vertex 86.25 234 13.5131
    endloop
  endfacet
  facet normal -1 -0 0
    outer loop
      vertex 86.25 234 13.9631
      vertex 86.25 128 13.5131
      vertex 86.25 128 13.9631
    endloop
  endfacet
  facet normal -0.34523 0 -0.938518
    outer loop
      vertex 86.25 115 13.9631
      vertex 85.6 124.2 14.2022
      vertex 86.25 125 13.9631
    endloop
  endfacet
  facet normal -0.345202 2.23155e-06 -0.938528
    outer loop
      vertex 86.25 115 13.9631
      vertex 84 124.2 14.7907
      vertex 85.6 124.2 14.2022
    endloop
  endfacet
  facet normal -0.345214 -9.69688e-07 -0.938524
    outer loop
      vertex 82.1429 115 15.4738
      vertex 84 124.2 14.7907
      vertex 86.25 115 13.9631
    endloop
  endfacet
  facet normal -0.345218 -0 -0.938522
    outer loop
      vertex 82.1429 125 15.4738
      vertex 84 124.2 14.7907
      vertex 82.1429 115 15.4738
    endloop
  endfacet
  facet normal -0.345218 0 -0.938522
    outer loop
      vertex 84 124.2 14.7907
      vertex 82.1429 125 15.4738
      vertex 84 125 14.7907
    endloop
  endfacet
  facet normal -0.34523 0 -0.938518
    outer loop
      vertex 86.25 125 13.9631
      vertex 85.6 124.2 14.2022
      vertex 85.6 125 14.2022
    endloop
  endfacet
  facet normal -0.345218 0 -0.938522
    outer loop
      vertex 84 237 14.7907
      vertex 82.1429 237 15.4738
      vertex 84 237.8 14.7907
    endloop
  endfacet
  facet normal -0.34523 -0 -0.938518
    outer loop
      vertex 85.6 237.8 14.2022
      vertex 86.25 237 13.9631
      vertex 85.6 237 14.2022
    endloop
  endfacet
  facet normal -0.34523 0 -0.938518
    outer loop
      vertex 86.25 237 13.9631
      vertex 85.6 237.8 14.2022
      vertex 86.25 247 13.9631
    endloop
  endfacet
  facet normal -0.345202 -2.23155e-06 -0.938528
    outer loop
      vertex 84 237.8 14.7907
      vertex 86.25 247 13.9631
      vertex 85.6 237.8 14.2022
    endloop
  endfacet
  facet normal -0.345218 -0 -0.938522
    outer loop
      vertex 82.1429 247 15.4738
      vertex 84 237.8 14.7907
      vertex 82.1429 237 15.4738
    endloop
  endfacet
  facet normal -0.345214 9.69688e-07 -0.938524
    outer loop
      vertex 84 237.8 14.7907
      vertex 82.1429 247 15.4738
      vertex 86.25 247 13.9631
    endloop
  endfacet
  facet normal -0.345214 0 -0.938524
    outer loop
      vertex 82.1429 128 15.4738
      vertex 86.25 234 13.9631
      vertex 86.25 128 13.9631
    endloop
  endfacet
  facet normal -0.345214 0 -0.938524
    outer loop
      vertex 86.25 234 13.9631
      vertex 82.1429 128 15.4738
      vertex 82.1429 234 15.4738
    endloop
  endfacet
  facet normal -1 0 0
    outer loop
      vertex 82.1429 115 15.4738
      vertex 82.1429 125 15.9238
      vertex 82.1429 125 15.4738
    endloop
  endfacet
  facet normal -1 -0 0
    outer loop
      vertex 82.1429 125 15.9238
      vertex 82.1429 115 15.4738
      vertex 82.1429 115 15.9238
    endloop
  endfacet
  facet normal -1 0 0
    outer loop
      vertex 82.1429 237 15.4738
      vertex 82.1429 247 15.9238
      vertex 82.1429 247 15.4738
    endloop
  endfacet
  facet normal -1 -0 0
    outer loop
      vertex 82.1429 247 15.9238
      vertex 82.1429 237 15.4738
      vertex 82.1429 237 15.9238
    endloop
  endfacet
  facet normal -1 0 0
    outer loop
      vertex 82.1429 128 15.4738
      vertex 82.1429 234 15.9238
      vertex 82.1429 234 15.4738
    endloop
  endfacet
  facet normal -1 -0 0
    outer loop
      vertex 82.1429 234 15.9238
      vertex 82.1429 128 15.4738
      vertex 82.1429 128 15.9238
    endloop
  endfacet
  facet normal -0.345207 0 -0.938527
    outer loop
      vertex 78.0357 115 17.4345
      vertex 82.1429 125 15.9238
      vertex 82.1429 115 15.9238
    endloop
  endfacet
  facet normal -0.345207 0 -0.938527
    outer loop
      vertex 82.1429 125 15.9238
      vertex 78.0357 115 17.4345
      vertex 78.0357 125 17.4345
    endloop
  endfacet
  facet normal -0.345207 0 -0.938527
    outer loop
      vertex 78.0357 237 17.4345
      vertex 82.1429 247 15.9238
      vertex 82.1429 237 15.9238
    endloop
  endfacet
  facet normal -0.345207 0 -0.938527
    outer loop
      vertex 82.1429 247 15.9238
      vertex 78.0357 237 17.4345
      vertex 78.0357 247 17.4345
    endloop
  endfacet
  facet normal -0.345207 0 -0.938527
    outer loop
      vertex 78.0357 128 17.4345
      vertex 82.1429 234 15.9238
      vertex 82.1429 128 15.9238
    endloop
  endfacet
  facet normal -0.345207 0 -0.938527
    outer loop
      vertex 82.1429 234 15.9238
      vertex 78.0357 128 17.4345
      vertex 78.0357 234 17.4345
    endloop
  endfacet
  facet normal -1 0 0
    outer loop
      vertex 78.0357 115 17.4345
      vertex 78.0357 125 17.8845
      vertex 78.0357 125 17.4345
    endloop
  endfacet
  facet normal -1 -0 0
    outer loop
      vertex 78.0357 125 17.8845
      vertex 78.0357 115 17.4345
      vertex 78.0357 115 17.8845
    endloop
  endfacet
  facet normal -1 0 0
    outer loop
      vertex 78.0357 237 17.4345
      vertex 78.0357 247 17.8845
      vertex 78.0357 247 17.4345
    endloop
  endfacet
  facet normal -1 -0 0
    outer loop
      vertex 78.0357 247 17.8845
      vertex 78.0357 237 17.4345
      vertex 78.0357 237 17.8845
    endloop
  endfacet
  facet normal -1 0 0
    outer loop
      vertex 78.0357 128 17.4345
      vertex 78.0357 234 17.8845
      vertex 78.0357 234 17.4345
    endloop
  endfacet
  facet normal -1 -0 0
    outer loop
      vertex 78.0357 234 17.8845
      vertex 78.0357 128 17.4345
      vertex 78.0357 128 17.8845
    endloop
  endfacet
  facet normal -0.345286 0 -0.938497
    outer loop
      vertex 78.0357 115 17.8845
      vertex 77.6 124.2 18.0448
      vertex 78.0357 125 17.8845
    endloop
  endfacet
  facet normal -0.345202 4.49818e-06 -0.938528
    outer loop
      vertex 78.0357 115 17.8845
      vertex 76 124.2 18.6333
      vertex 77.6 124.2 18.0448
    endloop
  endfacet
  facet normal -0.345214 1.60182e-06 -0.938524
    outer loop
      vertex 73.9286 115 19.3952
      vertex 76 124.2 18.6333
      vertex 78.0357 115 17.8845
    endloop
  endfacet
  facet normal -0.345208 -0 -0.938526
    outer loop
      vertex 73.9286 125 19.3952
      vertex 76 124.2 18.6333
      vertex 73.9286 115 19.3952
    endloop
  endfacet
  facet normal -0.345208 0 -0.938526
    outer loop
      vertex 76 124.2 18.6333
      vertex 73.9286 125 19.3952
      vertex 76 125 18.6333
    endloop
  endfacet
  facet normal -0.345286 0 -0.938497
    outer loop
      vertex 78.0357 125 17.8845
      vertex 77.6 124.2 18.0448
      vertex 77.6 125 18.0448
    endloop
  endfacet
  facet normal -0.345208 0 -0.938526
    outer loop
      vertex 76 237 18.6333
      vertex 73.9286 237 19.3952
      vertex 76 237.8 18.6333
    endloop
  endfacet
  facet normal -0.345286 -0 -0.938497
    outer loop
      vertex 77.6 237.8 18.0448
      vertex 78.0357 237 17.8845
      vertex 77.6 237 18.0448
    endloop
  endfacet
  facet normal -0.345286 0 -0.938497
    outer loop
      vertex 78.0357 237 17.8845
      vertex 77.6 237.8 18.0448
      vertex 78.0357 247 17.8845
    endloop
  endfacet
  facet normal -0.345202 -4.49818e-06 -0.938528
    outer loop
      vertex 76 237.8 18.6333
      vertex 78.0357 247 17.8845
      vertex 77.6 237.8 18.0448
    endloop
  endfacet
  facet normal -0.345208 -0 -0.938526
    outer loop
      vertex 73.9286 247 19.3952
      vertex 76 237.8 18.6333
      vertex 73.9286 237 19.3952
    endloop
  endfacet
  facet normal -0.345214 -1.60182e-06 -0.938524
    outer loop
      vertex 76 237.8 18.6333
      vertex 73.9286 247 19.3952
      vertex 78.0357 247 17.8845
    endloop
  endfacet
  facet normal -0.345214 0 -0.938524
    outer loop
      vertex 73.9286 128 19.3952
      vertex 78.0357 234 17.8845
      vertex 78.0357 128 17.8845
    endloop
  endfacet
  facet normal -0.345214 0 -0.938524
    outer loop
      vertex 78.0357 234 17.8845
      vertex 73.9286 128 19.3952
      vertex 73.9286 234 19.3952
    endloop
  endfacet
  facet normal -1 0 0
    outer loop
      vertex 73.9286 115 19.3952
      vertex 73.9286 125 19.8452
      vertex 73.9286 125 19.3952
    endloop
  endfacet
  facet normal -1 -0 0
    outer loop
      vertex 73.9286 125 19.8452
      vertex 73.9286 115 19.3952
      vertex 73.9286 115 19.8452
    endloop
  endfacet
  facet normal -1 0 0
    outer loop
      vertex 73.9286 237 19.3952
      vertex 73.9286 247 19.8452
      vertex 73.9286 247 19.3952
    endloop
  endfacet
  facet normal -1 -0 0
    outer loop
      vertex 73.9286 247 19.8452
      vertex 73.9286 237 19.3952
      vertex 73.9286 237 19.8452
    endloop
  endfacet
  facet normal -1 0 0
    outer loop
      vertex 73.9286 128 19.3952
      vertex 73.9286 234 19.8452
      vertex 73.9286 234 19.3952
    endloop
  endfacet
  facet normal -1 -0 0
    outer loop
      vertex 73.9286 234 19.8452
      vertex 73.9286 128 19.3952
      vertex 73.9286 128 19.8452
    endloop
  endfacet
  facet normal -0.345207 0 -0.938527
    outer loop
      vertex 69.8214 115 21.3559
      vertex 73.9286 125 19.8452
      vertex 73.9286 115 19.8452
    endloop
  endfacet
  facet normal -0.345207 0 -0.938527
    outer loop
      vertex 73.9286 125 19.8452
      vertex 69.8214 115 21.3559
      vertex 69.8214 125 21.3559
    endloop
  endfacet
  facet normal -0.345207 0 -0.938527
    outer loop
      vertex 69.8214 237 21.3559
      vertex 73.9286 247 19.8452
      vertex 73.9286 237 19.8452
    endloop
  endfacet
  facet normal -0.345207 0 -0.938527
    outer loop
      vertex 73.9286 247 19.8452
      vertex 69.8214 237 21.3559
      vertex 69.8214 247 21.3559
    endloop
  endfacet
  facet normal -0.345207 0 -0.938527
    outer loop
      vertex 69.8214 128 21.3559
      vertex 73.9286 234 19.8452
      vertex 73.9286 128 19.8452
    endloop
  endfacet
  facet normal -0.345207 0 -0.938527
    outer loop
      vertex 73.9286 234 19.8452
      vertex 69.8214 128 21.3559
      vertex 69.8214 234 21.3559
    endloop
  endfacet
  facet normal -1 0 0
    outer loop
      vertex 69.8214 115 21.3559
      vertex 69.8214 125 21.806
      vertex 69.8214 125 21.3559
    endloop
  endfacet
  facet normal -1 -0 0
    outer loop
      vertex 69.8214 125 21.806
      vertex 69.8214 115 21.3559
      vertex 69.8214 115 21.806
    endloop
  endfacet
  facet normal -1 0 0
    outer loop
      vertex 69.8214 237 21.3559
      vertex 69.8214 247 21.806
      vertex 69.8214 247 21.3559
    endloop
  endfacet
  facet normal -1 -0 0
    outer loop
      vertex 69.8214 247 21.806
      vertex 69.8214 237 21.3559
      vertex 69.8214 237 21.806
    endloop
  endfacet
  facet normal -1 0 0
    outer loop
      vertex 69.8214 128 21.3559
      vertex 69.8214 234 21.806
      vertex 69.8214 234 21.3559
    endloop
  endfacet
  facet normal -1 -0 0
    outer loop
      vertex 69.8214 234 21.806
      vertex 69.8214 128 21.3559
      vertex 69.8214 128 21.806
    endloop
  endfacet
  facet normal -0.345077 0 -0.938575
    outer loop
      vertex 69.8214 115 21.806
      vertex 69.6 124.2 21.8874
      vertex 69.8214 125 21.806
    endloop
  endfacet
  facet normal -0.345202 -3.43659e-06 -0.938528
    outer loop
      vertex 69.8214 115 21.806
      vertex 68 124.2 22.4759
      vertex 69.6 124.2 21.8874
    endloop
  endfacet
  facet normal -0.345214 -6.02801e-06 -0.938524
    outer loop
      vertex 65.7143 115 23.3167
      vertex 68 124.2 22.4759
      vertex 69.8214 115 21.806
    endloop
  endfacet
  facet normal -0.345235 -0 -0.938516
    outer loop
      vertex 65.7143 125 23.3167
      vertex 68 124.2 22.4759
      vertex 65.7143 115 23.3167
    endloop
  endfacet
  facet normal -0.345235 0 -0.938516
    outer loop
      vertex 68 124.2 22.4759
      vertex 65.7143 125 23.3167
      vertex 68 125 22.4759
    endloop
  endfacet
  facet normal -0.345077 0 -0.938575
    outer loop
      vertex 69.8214 125 21.806
      vertex 69.6 124.2 21.8874
      vertex 69.6 125 21.8874
    endloop
  endfacet
  facet normal -0.345235 0 -0.938516
    outer loop
      vertex 68 237 22.4759
      vertex 65.7143 237 23.3167
      vertex 68 237.8 22.4759
    endloop
  endfacet
  facet normal -0.345077 -0 -0.938575
    outer loop
      vertex 69.6 237.8 21.8874
      vertex 69.8214 237 21.806
      vertex 69.6 237 21.8874
    endloop
  endfacet
  facet normal -0.345077 0 -0.938575
    outer loop
      vertex 69.8214 237 21.806
      vertex 69.6 237.8 21.8874
      vertex 69.8214 247 21.806
    endloop
  endfacet
  facet normal -0.345202 3.43659e-06 -0.938528
    outer loop
      vertex 68 237.8 22.4759
      vertex 69.8214 247 21.806
      vertex 69.6 237.8 21.8874
    endloop
  endfacet
  facet normal -0.345235 -0 -0.938516
    outer loop
      vertex 65.7143 247 23.3167
      vertex 68 237.8 22.4759
      vertex 65.7143 237 23.3167
    endloop
  endfacet
  facet normal -0.345214 6.02801e-06 -0.938524
    outer loop
      vertex 68 237.8 22.4759
      vertex 65.7143 247 23.3167
      vertex 69.8214 247 21.806
    endloop
  endfacet
  facet normal -0.345214 0 -0.938524
    outer loop
      vertex 65.7143 128 23.3167
      vertex 69.8214 234 21.806
      vertex 69.8214 128 21.806
    endloop
  endfacet
  facet normal -0.345214 0 -0.938524
    outer loop
      vertex 69.8214 234 21.806
      vertex 65.7143 128 23.3167
      vertex 65.7143 234 23.3167
    endloop
  endfacet
  facet normal -1 0 0
    outer loop
      vertex 65.7143 115 23.3167
      vertex 65.7143 125 23.7667
      vertex 65.7143 125 23.3167
    endloop
  endfacet
  facet normal -1 -0 0
    outer loop
      vertex 65.7143 125 23.7667
      vertex 65.7143 115 23.3167
      vertex 65.7143 115 23.7667
    endloop
  endfacet
  facet normal -1 0 0
    outer loop
      vertex 65.7143 237 23.3167
      vertex 65.7143 247 23.7667
      vertex 65.7143 247 23.3167
    endloop
  endfacet
  facet normal -1 -0 0
    outer loop
      vertex 65.7143 247 23.7667
      vertex 65.7143 237 23.3167
      vertex 65.7143 237 23.7667
    endloop
  endfacet
  facet normal -1 0 0
    outer loop
      vertex 65.7143 128 23.3167
      vertex 65.7143 234 23.7667
      vertex 65.7143 234 23.3167
    endloop
  endfacet
  facet normal -1 -0 0
    outer loop
      vertex 65.7143 234 23.7667
      vertex 65.7143 128 23.3167
      vertex 65.7143 128 23.7667
    endloop
  endfacet
  facet normal -0.345207 0 -0.938527
    outer loop
      vertex 61.6071 115 25.2774
      vertex 65.7143 125 23.7667
      vertex 65.7143 115 23.7667
    endloop
  endfacet
  facet normal -0.345207 0 -0.938527
    outer loop
      vertex 65.7143 125 23.7667
      vertex 61.6071 115 25.2774
      vertex 61.6071 125 25.2774
    endloop
  endfacet
  facet normal -0.345207 0 -0.938527
    outer loop
      vertex 61.6071 237 25.2774
      vertex 65.7143 247 23.7667
      vertex 65.7143 237 23.7667
    endloop
  endfacet
  facet normal -0.345207 0 -0.938527
    outer loop
      vertex 65.7143 247 23.7667
      vertex 61.6071 237 25.2774
      vertex 61.6071 247 25.2774
    endloop
  endfacet
  facet normal -0.345207 0 -0.938527
    outer loop
      vertex 61.6071 128 25.2774
      vertex 65.7143 234 23.7667
      vertex 65.7143 128 23.7667
    endloop
  endfacet
  facet normal -0.345207 0 -0.938527
    outer loop
      vertex 65.7143 234 23.7667
      vertex 61.6071 128 25.2774
      vertex 61.6071 234 25.2774
    endloop
  endfacet
  facet normal -1 0 0
    outer loop
      vertex 61.6071 115 25.2774
      vertex 61.6071 125 25.7274
      vertex 61.6071 125 25.2774
    endloop
  endfacet
  facet normal -1 -0 0
    outer loop
      vertex 61.6071 125 25.7274
      vertex 61.6071 115 25.2774
      vertex 61.6071 115 25.7274
    endloop
  endfacet
  facet normal -1 0 0
    outer loop
      vertex 61.6071 237 25.2774
      vertex 61.6071 247 25.7274
      vertex 61.6071 247 25.2774
    endloop
  endfacet
  facet normal -1 -0 0
    outer loop
      vertex 61.6071 247 25.7274
      vertex 61.6071 237 25.2774
      vertex 61.6071 237 25.7274
    endloop
  endfacet
  facet normal -1 0 0
    outer loop
      vertex 61.6071 128 25.2774
      vertex 61.6071 234 25.7274
      vertex 61.6071 234 25.2774
    endloop
  endfacet
  facet normal -1 -0 0
    outer loop
      vertex 61.6071 234 25.7274
      vertex 61.6071 128 25.2774
      vertex 61.6071 128 25.7274
    endloop
  endfacet
  facet normal -0.345214 0 -0.938524
    outer loop
      vertex 57.5 115 27.2381
      vertex 61.6071 125 25.7274
      vertex 61.6071 115 25.7274
    endloop
  endfacet
  facet normal -0.345214 0 -0.938524
    outer loop
      vertex 61.6071 125 25.7274
      vertex 57.5 115 27.2381
      vertex 57.5 125 27.2381
    endloop
  endfacet
  facet normal -0.345214 0 -0.938524
    outer loop
      vertex 57.5 237 27.2381
      vertex 61.6071 247 25.7274
      vertex 61.6071 237 25.7274
    endloop
  endfacet
  facet normal -0.345214 0 -0.938524
    outer loop
      vertex 61.6071 247 25.7274
      vertex 57.5 237 27.2381
      vertex 57.5 247 27.2381
    endloop
  endfacet
  facet normal -0.345214 0 -0.938524
    outer loop
      vertex 57.5 128 27.2381
      vertex 61.6071 234 25.7274
      vertex 61.6071 128 25.7274
    endloop
  endfacet
  facet normal -0.345214 0 -0.938524
    outer loop
      vertex 61.6071 234 25.7274
      vertex 57.5 128 27.2381
      vertex 57.5 234 27.2381
    endloop
  endfacet
  facet normal 0.345214 0 -0.938524
    outer loop
      vertex 53.3929 115 25.7274
      vertex 57.5 125 27.2381
      vertex 57.5 115 27.2381
    endloop
  endfacet
  facet normal 0.345214 0 -0.938524
    outer loop
      vertex 57.5 125 27.2381
      vertex 53.3929 115 25.7274
      vertex 53.3929 125 25.7274
    endloop
  endfacet
  facet normal 0.345214 0 -0.938524
    outer loop
      vertex 53.3929 237 25.7274
      vertex 57.5 247 27.2381
      vertex 57.5 237 27.2381
    endloop
  endfacet
  facet normal 0.345214 0 -0.938524
    outer loop
      vertex 57.5 247 27.2381
      vertex 53.3929 237 25.7274
      vertex 53.3929 247 25.7274
    endloop
  endfacet
  facet normal 0.345214 0 -0.938524
    outer loop
      vertex 53.3929 128 25.7274
      vertex 57.5 234 27.2381
      vertex 57.5 128 27.2381
    endloop
  endfacet
  facet normal 0.345214 0 -0.938524
    outer loop
      vertex 57.5 234 27.2381
      vertex 53.3929 128 25.7274
      vertex 53.3929 234 25.7274
    endloop
  endfacet
  facet normal 1 -0 0
    outer loop
      vertex 53.3929 115 25.7274
      vertex 53.3929 125 25.2774
      vertex 53.3929 125 25.7274
    endloop
  endfacet
  facet normal 1 0 0
    outer loop
      vertex 53.3929 125 25.2774
      vertex 53.3929 115 25.7274
      vertex 53.3929 115 25.2774
    endloop
  endfacet
  facet normal 1 -0 0
    outer loop
      vertex 53.3929 237 25.7274
      vertex 53.3929 247 25.2774
      vertex 53.3929 247 25.7274
    endloop
  endfacet
  facet normal 1 0 0
    outer loop
      vertex 53.3929 247 25.2774
      vertex 53.3929 237 25.7274
      vertex 53.3929 237 25.2774
    endloop
  endfacet
  facet normal 1 -0 0
    outer loop
      vertex 53.3929 128 25.7274
      vertex 53.3929 234 25.2774
      vertex 53.3929 234 25.7274
    endloop
  endfacet
  facet normal 1 0 0
    outer loop
      vertex 53.3929 234 25.2774
      vertex 53.3929 128 25.7274
      vertex 53.3929 128 25.2774
    endloop
  endfacet
  facet normal 0.345207 0 -0.938527
    outer loop
      vertex 49.2857 115 23.7667
      vertex 53.3929 125 25.2774
      vertex 53.3929 115 25.2774
    endloop
  endfacet
  facet normal 0.345207 0 -0.938527
    outer loop
      vertex 53.3929 125 25.2774
      vertex 49.2857 115 23.7667
      vertex 49.2857 125 23.7667
    endloop
  endfacet
  facet normal 0.345207 0 -0.938527
    outer loop
      vertex 49.2857 237 23.7667
      vertex 53.3929 247 25.2774
      vertex 53.3929 237 25.2774
    endloop
  endfacet
  facet normal 0.345207 0 -0.938527
    outer loop
      vertex 53.3929 247 25.2774
      vertex 49.2857 237 23.7667
      vertex 49.2857 247 23.7667
    endloop
  endfacet
  facet normal 0.345207 0 -0.938527
    outer loop
      vertex 49.2857 128 23.7667
      vertex 53.3929 234 25.2774
      vertex 53.3929 128 25.2774
    endloop
  endfacet
  facet normal 0.345207 0 -0.938527
    outer loop
      vertex 53.3929 234 25.2774
      vertex 49.2857 128 23.7667
      vertex 49.2857 234 23.7667
    endloop
  endfacet
  facet normal 1 -0 0
    outer loop
      vertex 49.2857 115 23.7667
      vertex 49.2857 125 23.3167
      vertex 49.2857 125 23.7667
    endloop
  endfacet
  facet normal 1 0 0
    outer loop
      vertex 49.2857 125 23.3167
      vertex 49.2857 115 23.7667
      vertex 49.2857 115 23.3167
    endloop
  endfacet
  facet normal 1 -0 0
    outer loop
      vertex 49.2857 237 23.7667
      vertex 49.2857 247 23.3167
      vertex 49.2857 247 23.7667
    endloop
  endfacet
  facet normal 1 0 0
    outer loop
      vertex 49.2857 247 23.3167
      vertex 49.2857 237 23.7667
      vertex 49.2857 237 23.3167
    endloop
  endfacet
  facet normal 1 -0 0
    outer loop
      vertex 49.2857 128 23.7667
      vertex 49.2857 234 23.3167
      vertex 49.2857 234 23.7667
    endloop
  endfacet
  facet normal 1 0 0
    outer loop
      vertex 49.2857 234 23.3167
      vertex 49.2857 128 23.7667
      vertex 49.2857 128 23.3167
    endloop
  endfacet
  facet normal 0.345214 0 -0.938524
    outer loop
      vertex 49.2857 115 23.3167
      vertex 45.6 124.2 21.961
      vertex 49.2857 125 23.3167
    endloop
  endfacet
  facet normal 0.345214 -2.10629e-07 -0.938524
    outer loop
      vertex 45.1786 115 21.806
      vertex 45.6 124.2 21.961
      vertex 49.2857 115 23.3167
    endloop
  endfacet
  facet normal 0.34521 0 -0.938526
    outer loop
      vertex 45.6 124.2 21.961
      vertex 45.1786 115 21.806
      vertex 45.1786 124.2 21.806
    endloop
  endfacet
  facet normal 0.345214 0 -0.938524
    outer loop
      vertex 49.2857 125 23.3167
      vertex 45.6 124.2 21.961
      vertex 45.6 125 21.961
    endloop
  endfacet
  facet normal 0.345214 0 -0.938524
    outer loop
      vertex 45.6 237.8 21.961
      vertex 49.2857 237 23.3167
      vertex 45.6 237 21.961
    endloop
  endfacet
  facet normal 0.345214 0 -0.938524
    outer loop
      vertex 49.2857 237 23.3167
      vertex 45.6 237.8 21.961
      vertex 49.2857 247 23.3167
    endloop
  endfacet
  facet normal 0.34521 0 -0.938526
    outer loop
      vertex 45.1786 247 21.806
      vertex 45.6 237.8 21.961
      vertex 45.1786 237.8 21.806
    endloop
  endfacet
  facet normal 0.345214 2.10629e-07 -0.938524
    outer loop
      vertex 45.6 237.8 21.961
      vertex 45.1786 247 21.806
      vertex 49.2857 247 23.3167
    endloop
  endfacet
  facet normal 0.345214 0 -0.938524
    outer loop
      vertex 45.1786 128 21.806
      vertex 49.2857 234 23.3167
      vertex 49.2857 128 23.3167
    endloop
  endfacet
  facet normal 0.345214 0 -0.938524
    outer loop
      vertex 49.2857 234 23.3167
      vertex 45.1786 128 21.806
      vertex 45.1786 234 21.806
    endloop
  endfacet
  facet normal 1 -0 0
    outer loop
      vertex 45.1786 115 21.806
      vertex 45.1786 124.2 21.3559
      vertex 45.1786 124.2 21.806
    endloop
  endfacet
  facet normal 1 0 0
    outer loop
      vertex 45.1786 124.2 21.3559
      vertex 45.1786 115 21.806
      vertex 45.1786 115 21.3559
    endloop
  endfacet
  facet normal 1 -0 0
    outer loop
      vertex 45.1786 237.8 21.806
      vertex 45.1786 247 21.3559
      vertex 45.1786 247 21.806
    endloop
  endfacet
  facet normal 1 0 0
    outer loop
      vertex 45.1786 247 21.3559
      vertex 45.1786 237.8 21.806
      vertex 45.1786 237.8 21.3559
    endloop
  endfacet
  facet normal 1 -0 0
    outer loop
      vertex 45.1786 128 21.806
      vertex 45.1786 234 21.3559
      vertex 45.1786 234 21.806
    endloop
  endfacet
  facet normal 1 0 0
    outer loop
      vertex 45.1786 234 21.3559
      vertex 45.1786 128 21.806
      vertex 45.1786 128 21.3559
    endloop
  endfacet
  facet normal 0.3452 0 -0.938529
    outer loop
      vertex 45.1786 115 21.3559
      vertex 44 124.2 20.9224
      vertex 45.1786 124.2 21.3559
    endloop
  endfacet
  facet normal 0.345207 9.89041e-07 -0.938527
    outer loop
      vertex 41.0714 115 19.8452
      vertex 44 124.2 20.9224
      vertex 45.1786 115 21.3559
    endloop
  endfacet
  facet normal 0.345209 0 -0.938526
    outer loop
      vertex 41.0714 125 19.8452
      vertex 44 124.2 20.9224
      vertex 41.0714 115 19.8452
    endloop
  endfacet
  facet normal 0.345209 0 -0.938526
    outer loop
      vertex 44 124.2 20.9224
      vertex 41.0714 125 19.8452
      vertex 44 125 20.9224
    endloop
  endfacet
  facet normal 0.345209 0 -0.938526
    outer loop
      vertex 44 237 20.9224
      vertex 41.0714 237 19.8452
      vertex 44 237.8 20.9224
    endloop
  endfacet
  facet normal 0.3452 0 -0.938529
    outer loop
      vertex 44 237.8 20.9224
      vertex 45.1786 247 21.3559
      vertex 45.1786 237.8 21.3559
    endloop
  endfacet
  facet normal 0.345209 0 -0.938526
    outer loop
      vertex 41.0714 247 19.8452
      vertex 44 237.8 20.9224
      vertex 41.0714 237 19.8452
    endloop
  endfacet
  facet normal 0.345207 -9.89041e-07 -0.938527
    outer loop
      vertex 44 237.8 20.9224
      vertex 41.0714 247 19.8452
      vertex 45.1786 247 21.3559
    endloop
  endfacet
  facet normal 0.345207 0 -0.938527
    outer loop
      vertex 41.0714 128 19.8452
      vertex 45.1786 234 21.3559
      vertex 45.1786 128 21.3559
    endloop
  endfacet
  facet normal 0.345207 0 -0.938527
    outer loop
      vertex 45.1786 234 21.3559
      vertex 41.0714 128 19.8452
      vertex 41.0714 234 19.8452
    endloop
  endfacet
  facet normal 1 -0 0
    outer loop
      vertex 41.0714 115 19.8452
      vertex 41.0714 125 19.3952
      vertex 41.0714 125 19.8452
    endloop
  endfacet
  facet normal 1 0 0
    outer loop
      vertex 41.0714 125 19.3952
      vertex 41.0714 115 19.8452
      vertex 41.0714 115 19.3952
    endloop
  endfacet
  facet normal 1 -0 0
    outer loop
      vertex 41.0714 237 19.8452
      vertex 41.0714 247 19.3952
      vertex 41.0714 247 19.8452
    endloop
  endfacet
  facet normal 1 0 0
    outer loop
      vertex 41.0714 247 19.3952
      vertex 41.0714 237 19.8452
      vertex 41.0714 237 19.3952
    endloop
  endfacet
  facet normal 1 -0 0
    outer loop
      vertex 41.0714 128 19.8452
      vertex 41.0714 234 19.3952
      vertex 41.0714 234 19.8452
    endloop
  endfacet
  facet normal 1 0 0
    outer loop
      vertex 41.0714 234 19.3952
      vertex 41.0714 128 19.8452
      vertex 41.0714 128 19.3952
    endloop
  endfacet
  facet normal 0.345197 0 -0.93853
    outer loop
      vertex 41.0714 115 19.3952
      vertex 37.6 124.2 18.1184
      vertex 41.0714 125 19.3952
    endloop
  endfacet
  facet normal 0.345214 7.41921e-06 -0.938524
    outer loop
      vertex 36.9643 115 17.8845
      vertex 37.6 124.2 18.1184
      vertex 41.0714 115 19.3952
    endloop
  endfacet
  facet normal 0.345309 0 -0.938489
    outer loop
      vertex 37.6 124.2 18.1184
      vertex 36.9643 115 17.8845
      vertex 36.9643 124.2 17.8845
    endloop
  endfacet
  facet normal 0.345197 0 -0.93853
    outer loop
      vertex 41.0714 125 19.3952
      vertex 37.6 124.2 18.1184
      vertex 37.6 125 18.1184
    endloop
  endfacet
  facet normal 0.345197 0 -0.93853
    outer loop
      vertex 37.6 237.8 18.1184
      vertex 41.0714 237 19.3952
      vertex 37.6 237 18.1184
    endloop
  endfacet
  facet normal 0.345197 0 -0.93853
    outer loop
      vertex 41.0714 237 19.3952
      vertex 37.6 237.8 18.1184
      vertex 41.0714 247 19.3952
    endloop
  endfacet
  facet normal 0.345309 0 -0.938489
    outer loop
      vertex 36.9643 247 17.8845
      vertex 37.6 237.8 18.1184
      vertex 36.9643 237.8 17.8845
    endloop
  endfacet
  facet normal 0.345214 -7.41921e-06 -0.938524
    outer loop
      vertex 37.6 237.8 18.1184
      vertex 36.9643 247 17.8845
      vertex 41.0714 247 19.3952
    endloop
  endfacet
  facet normal 0.345214 0 -0.938524
    outer loop
      vertex 36.9643 128 17.8845
      vertex 41.0714 234 19.3952
      vertex 41.0714 128 19.3952
    endloop
  endfacet
  facet normal 0.345214 0 -0.938524
    outer loop
      vertex 41.0714 234 19.3952
      vertex 36.9643 128 17.8845
      vertex 36.9643 234 17.8845
    endloop
  endfacet
  facet normal 1 -0 0
    outer loop
      vertex 36.9643 115 17.8845
      vertex 36.9643 124.2 17.4345
      vertex 36.9643 124.2 17.8845
    endloop
  endfacet
  facet normal 1 0 0
    outer loop
      vertex 36.9643 124.2 17.4345
      vertex 36.9643 115 17.8845
      vertex 36.9643 115 17.4345
    endloop
  endfacet
  facet normal 1 -0 0
    outer loop
      vertex 36.9643 237.8 17.8845
      vertex 36.9643 247 17.4345
      vertex 36.9643 247 17.8845
    endloop
  endfacet
  facet normal 1 0 0
    outer loop
      vertex 36.9643 247 17.4345
      vertex 36.9643 237.8 17.8845
      vertex 36.9643 237.8 17.4345
    endloop
  endfacet
  facet normal 1 -0 0
    outer loop
      vertex 36.9643 128 17.8845
      vertex 36.9643 234 17.4345
      vertex 36.9643 234 17.8845
    endloop
  endfacet
  facet normal 1 0 0
    outer loop
      vertex 36.9643 234 17.4345
      vertex 36.9643 128 17.8845
      vertex 36.9643 128 17.4345
    endloop
  endfacet
  facet normal 0.345218 0 -0.938522
    outer loop
      vertex 36.9643 115 17.4345
      vertex 36 124.2 17.0798
      vertex 36.9643 124.2 17.4345
    endloop
  endfacet
  facet normal 0.345207 -1.38669e-06 -0.938527
    outer loop
      vertex 32.8571 115 15.9238
      vertex 36 124.2 17.0798
      vertex 36.9643 115 17.4345
    endloop
  endfacet
  facet normal 0.345203 0 -0.938528
    outer loop
      vertex 32.8571 125 15.9238
      vertex 36 124.2 17.0798
      vertex 32.8571 115 15.9238
    endloop
  endfacet
  facet normal 0.345203 0 -0.938528
    outer loop
      vertex 36 124.2 17.0798
      vertex 32.8571 125 15.9238
      vertex 36 125 17.0798
    endloop
  endfacet
  facet normal 0.345203 0 -0.938528
    outer loop
      vertex 36 237 17.0798
      vertex 32.8571 237 15.9238
      vertex 36 237.8 17.0798
    endloop
  endfacet
  facet normal 0.345218 0 -0.938522
    outer loop
      vertex 36 237.8 17.0798
      vertex 36.9643 247 17.4345
      vertex 36.9643 237.8 17.4345
    endloop
  endfacet
  facet normal 0.345203 0 -0.938528
    outer loop
      vertex 32.8571 247 15.9238
      vertex 36 237.8 17.0798
      vertex 32.8571 237 15.9238
    endloop
  endfacet
  facet normal 0.345207 1.38669e-06 -0.938527
    outer loop
      vertex 36 237.8 17.0798
      vertex 32.8571 247 15.9238
      vertex 36.9643 247 17.4345
    endloop
  endfacet
  facet normal 0.345207 0 -0.938527
    outer loop
      vertex 32.8571 128 15.9238
      vertex 36.9643 234 17.4345
      vertex 36.9643 128 17.4345
    endloop
  endfacet
  facet normal 0.345207 0 -0.938527
    outer loop
      vertex 36.9643 234 17.4345
      vertex 32.8571 128 15.9238
      vertex 32.8571 234 15.9238
    endloop
  endfacet
  facet normal 1 -0 0
    outer loop
      vertex 32.8571 115 15.9238
      vertex 32.8571 125 15.4738
      vertex 32.8571 125 15.9238
    endloop
  endfacet
  facet normal 1 0 0
    outer loop
      vertex 32.8571 125 15.4738
      vertex 32.8571 115 15.9238
      vertex 32.8571 115 15.4738
    endloop
  endfacet
  facet normal 1 -0 0
    outer loop
      vertex 32.8571 237 15.9238
      vertex 32.8571 247 15.4738
      vertex 32.8571 247 15.9238
    endloop
  endfacet
  facet normal 1 0 0
    outer loop
      vertex 32.8571 247 15.4738
      vertex 32.8571 237 15.9238
      vertex 32.8571 237 15.4738
    endloop
  endfacet
  facet normal 1 -0 0
    outer loop
      vertex 32.8571 128 15.9238
      vertex 32.8571 234 15.4738
      vertex 32.8571 234 15.9238
    endloop
  endfacet
  facet normal 1 0 0
    outer loop
      vertex 32.8571 234 15.4738
      vertex 32.8571 128 15.9238
      vertex 32.8571 128 15.4738
    endloop
  endfacet
  facet normal 0.345202 0 -0.938528
    outer loop
      vertex 32.8571 115 15.4738
      vertex 29.6 124.2 14.2758
      vertex 32.8571 125 15.4738
    endloop
  endfacet
  facet normal 0.345214 4.8477e-06 -0.938524
    outer loop
      vertex 28.75 115 13.9631
      vertex 29.6 124.2 14.2758
      vertex 32.8571 115 15.4738
    endloop
  endfacet
  facet normal 0.34526 0 -0.938507
    outer loop
      vertex 29.6 124.2 14.2758
      vertex 28.75 115 13.9631
      vertex 28.75 124.2 13.9631
    endloop
  endfacet
  facet normal 0.345202 0 -0.938528
    outer loop
      vertex 32.8571 125 15.4738
      vertex 29.6 124.2 14.2758
      vertex 29.6 125 14.2758
    endloop
  endfacet
  facet normal 0.345202 0 -0.938528
    outer loop
      vertex 29.6 237.8 14.2758
      vertex 32.8571 237 15.4738
      vertex 29.6 237 14.2758
    endloop
  endfacet
  facet normal 0.345202 0 -0.938528
    outer loop
      vertex 32.8571 237 15.4738
      vertex 29.6 237.8 14.2758
      vertex 32.8571 247 15.4738
    endloop
  endfacet
  facet normal 0.34526 0 -0.938507
    outer loop
      vertex 28.75 247 13.9631
      vertex 29.6 237.8 14.2758
      vertex 28.75 237.8 13.9631
    endloop
  endfacet
  facet normal 0.345214 -4.8477e-06 -0.938524
    outer loop
      vertex 29.6 237.8 14.2758
      vertex 28.75 247 13.9631
      vertex 32.8571 247 15.4738
    endloop
  endfacet
  facet normal 0.345214 0 -0.938524
    outer loop
      vertex 28.75 128 13.9631
      vertex 32.8571 234 15.4738
      vertex 32.8571 128 15.4738
    endloop
  endfacet
  facet normal 0.345214 0 -0.938524
    outer loop
      vertex 32.8571 234 15.4738
      vertex 28.75 128 13.9631
      vertex 28.75 234 13.9631
    endloop
  endfacet
  facet normal 1 -0 0
    outer loop
      vertex 28.75 115 13.9631
      vertex 28.75 124.2 13.5131
      vertex 28.75 124.2 13.9631
    endloop
  endfacet
  facet normal 1 0 0
    outer loop
      vertex 28.75 124.2 13.5131
      vertex 28.75 115 13.9631
      vertex 28.75 115 13.5131
    endloop
  endfacet
  facet normal 1 -0 0
    outer loop
      vertex 28.75 237.8 13.9631
      vertex 28.75 247 13.5131
      vertex 28.75 247 13.9631
    endloop
  endfacet
  facet normal 1 0 0
    outer loop
      vertex 28.75 247 13.5131
      vertex 28.75 237.8 13.9631
      vertex 28.75 237.8 13.5131
    endloop
  endfacet
  facet normal 1 -0 0
    outer loop
      vertex 28.75 128 13.9631
      vertex 28.75 234 13.5131
      vertex 28.75 234 13.9631
    endloop
  endfacet
  facet normal 1 0 0
    outer loop
      vertex 28.75 234 13.5131
      vertex 28.75 128 13.9631
      vertex 28.75 128 13.5131
    endloop
  endfacet
  facet normal 0.345247 0 -0.938512
    outer loop
      vertex 28.75 115 13.5131
      vertex 28 124.2 13.2372
      vertex 28.75 124.2 13.5131
    endloop
  endfacet
  facet normal 0.345214 -3.07722e-06 -0.938524
    outer loop
      vertex 24.6429 115 12.0024
      vertex 28 124.2 13.2372
      vertex 28.75 115 13.5131
    endloop
  endfacet
  facet normal 0.345207 0 -0.938527
    outer loop
      vertex 24.6429 125 12.0024
      vertex 28 124.2 13.2372
      vertex 24.6429 115 12.0024
    endloop
  endfacet
  facet normal 0.345207 0 -0.938527
    outer loop
      vertex 28 124.2 13.2372
      vertex 24.6429 125 12.0024
      vertex 28 125 13.2372
    endloop
  endfacet
  facet normal 0.345207 0 -0.938527
    outer loop
      vertex 28 237 13.2372
      vertex 24.6429 237 12.0024
      vertex 28 237.8 13.2372
    endloop
  endfacet
  facet normal 0.345247 0 -0.938512
    outer loop
      vertex 28 237.8 13.2372
      vertex 28.75 247 13.5131
      vertex 28.75 237.8 13.5131
    endloop
  endfacet
  facet normal 0.345207 0 -0.938527
    outer loop
      vertex 24.6429 247 12.0024
      vertex 28 237.8 13.2372
      vertex 24.6429 237 12.0024
    endloop
  endfacet
  facet normal 0.345214 3.07722e-06 -0.938524
    outer loop
      vertex 28 237.8 13.2372
      vertex 24.6429 247 12.0024
      vertex 28.75 247 13.5131
    endloop
  endfacet
  facet normal 0.345214 0 -0.938524
    outer loop
      vertex 24.6429 128 12.0024
      vertex 28.75 234 13.5131
      vertex 28.75 128 13.5131
    endloop
  endfacet
  facet normal 0.345214 0 -0.938524
    outer loop
      vertex 28.75 234 13.5131
      vertex 24.6429 128 12.0024
      vertex 24.6429 234 12.0024
    endloop
  endfacet
  facet normal 1 -0 0
    outer loop
      vertex 24.6429 115 12.0024
      vertex 24.6429 125 11.5524
      vertex 24.6429 125 12.0024
    endloop
  endfacet
  facet normal 1 0 0
    outer loop
      vertex 24.6429 125 11.5524
      vertex 24.6429 115 12.0024
      vertex 24.6429 115 11.5524
    endloop
  endfacet
  facet normal 1 -0 0
    outer loop
      vertex 24.6429 237 12.0024
      vertex 24.6429 247 11.5524
      vertex 24.6429 247 12.0024
    endloop
  endfacet
  facet normal 1 0 0
    outer loop
      vertex 24.6429 247 11.5524
      vertex 24.6429 237 12.0024
      vertex 24.6429 237 11.5524
    endloop
  endfacet
  facet normal 1 -0 0
    outer loop
      vertex 24.6429 128 12.0024
      vertex 24.6429 234 11.5524
      vertex 24.6429 234 12.0024
    endloop
  endfacet
  facet normal 1 0 0
    outer loop
      vertex 24.6429 234 11.5524
      vertex 24.6429 128 12.0024
      vertex 24.6429 128 11.5524
    endloop
  endfacet
  facet normal 0.345225 0 -0.93852
    outer loop
      vertex 24.6429 115 11.5524
      vertex 21.6 124.2 10.4331
      vertex 24.6429 125 11.5524
    endloop
  endfacet
  facet normal 0.345207 -6.95284e-06 -0.938527
    outer loop
      vertex 20.5357 115 10.0417
      vertex 21.6 124.2 10.4331
      vertex 24.6429 115 11.5524
    endloop
  endfacet
  facet normal 0.345154 0 -0.938546
    outer loop
      vertex 21.6 124.2 10.4331
      vertex 20.5357 115 10.0417
      vertex 20.5357 124.2 10.0417
    endloop
  endfacet
  facet normal 0.345225 0 -0.93852
    outer loop
      vertex 24.6429 125 11.5524
      vertex 21.6 124.2 10.4331
      vertex 21.6 125 10.4331
    endloop
  endfacet
  facet normal 0.345225 0 -0.93852
    outer loop
      vertex 21.6 237.8 10.4331
      vertex 24.6429 237 11.5524
      vertex 21.6 237 10.4331
    endloop
  endfacet
  facet normal 0.345225 0 -0.93852
    outer loop
      vertex 24.6429 237 11.5524
      vertex 21.6 237.8 10.4331
      vertex 24.6429 247 11.5524
    endloop
  endfacet
  facet normal 0.345154 0 -0.938546
    outer loop
      vertex 20.5357 247 10.0417
      vertex 21.6 237.8 10.4331
      vertex 20.5357 237.8 10.0417
    endloop
  endfacet
  facet normal 0.345207 6.95284e-06 -0.938527
    outer loop
      vertex 21.6 237.8 10.4331
      vertex 20.5357 247 10.0417
      vertex 24.6429 247 11.5524
    endloop
  endfacet
  facet normal 0.345207 0 -0.938527
    outer loop
      vertex 20.5357 128 10.0417
      vertex 24.6429 234 11.5524
      vertex 24.6429 128 11.5524
    endloop
  endfacet
  facet normal 0.345207 0 -0.938527
    outer loop
      vertex 24.6429 234 11.5524
      vertex 20.5357 128 10.0417
      vertex 20.5357 234 10.0417
    endloop
  endfacet
  facet normal 1 -0 0
    outer loop
      vertex 20.5357 115 10.0417
      vertex 20.5357 124.2 9.59166
      vertex 20.5357 124.2 10.0417
    endloop
  endfacet
  facet normal 1 0 0
    outer loop
      vertex 20.5357 124.2 9.59166
      vertex 20.5357 115 10.0417
      vertex 20.5357 115 9.59166
    endloop
  endfacet
  facet normal 1 -0 0
    outer loop
      vertex 20.5357 237.8 10.0417
      vertex 20.5357 247 9.59166
      vertex 20.5357 247 10.0417
    endloop
  endfacet
  facet normal 1 0 0
    outer loop
      vertex 20.5357 247 9.59166
      vertex 20.5357 237.8 10.0417
      vertex 20.5357 237.8 9.59166
    endloop
  endfacet
  facet normal 1 -0 0
    outer loop
      vertex 20.5357 128 10.0417
      vertex 20.5357 234 9.59166
      vertex 20.5357 234 10.0417
    endloop
  endfacet
  facet normal 1 0 0
    outer loop
      vertex 20.5357 234 9.59166
      vertex 20.5357 128 10.0417
      vertex 20.5357 128 9.59166
    endloop
  endfacet
  facet normal 0.345207 0 -0.938527
    outer loop
      vertex 20.5357 115 9.59166
      vertex 20 124.2 9.39462
      vertex 20.5357 124.2 9.59166
    endloop
  endfacet
  facet normal 0.345216 6.05136e-07 -0.938523
    outer loop
      vertex 16.4286 115 8.08095
      vertex 20 124.2 9.39462
      vertex 20.5357 115 9.59166
    endloop
  endfacet
  facet normal 0.345217 0 -0.938523
    outer loop
      vertex 16.4286 125 8.08095
      vertex 20 124.2 9.39462
      vertex 16.4286 115 8.08095
    endloop
  endfacet
  facet normal 0.345217 0 -0.938523
    outer loop
      vertex 20 124.2 9.39462
      vertex 16.4286 125 8.08095
      vertex 20 125 9.39462
    endloop
  endfacet
  facet normal 0.345217 0 -0.938523
    outer loop
      vertex 20 237 9.39462
      vertex 16.4286 237 8.08095
      vertex 20 237.8 9.39462
    endloop
  endfacet
  facet normal 0.345207 0 -0.938527
    outer loop
      vertex 20 237.8 9.39462
      vertex 20.5357 247 9.59166
      vertex 20.5357 237.8 9.59166
    endloop
  endfacet
  facet normal 0.345217 0 -0.938523
    outer loop
      vertex 16.4286 247 8.08095
      vertex 20 237.8 9.39462
      vertex 16.4286 237 8.08095
    endloop
  endfacet
  facet normal 0.345216 -6.05136e-07 -0.938523
    outer loop
      vertex 20 237.8 9.39462
      vertex 16.4286 247 8.08095
      vertex 20.5357 247 9.59166
    endloop
  endfacet
  facet normal 0.345216 0 -0.938523
    outer loop
      vertex 16.4286 128 8.08095
      vertex 20.5357 234 9.59166
      vertex 20.5357 128 9.59166
    endloop
  endfacet
  facet normal 0.345216 0 -0.938523
    outer loop
      vertex 20.5357 234 9.59166
      vertex 16.4286 128 8.08095
      vertex 16.4286 234 8.08095
    endloop
  endfacet
  facet normal 1 -0 0
    outer loop
      vertex 16.4286 115 8.08095
      vertex 16.4286 125 7.63096
      vertex 16.4286 125 8.08095
    endloop
  endfacet
  facet normal 1 0 0
    outer loop
      vertex 16.4286 125 7.63096
      vertex 16.4286 115 8.08095
      vertex 16.4286 115 7.63096
    endloop
  endfacet
  facet normal 1 -0 0
    outer loop
      vertex 16.4286 237 8.08095
      vertex 16.4286 247 7.63096
      vertex 16.4286 247 8.08095
    endloop
  endfacet
  facet normal 1 0 0
    outer loop
      vertex 16.4286 247 7.63096
      vertex 16.4286 237 8.08095
      vertex 16.4286 237 7.63096
    endloop
  endfacet
  facet normal 1 -0 0
    outer loop
      vertex 16.4286 128 8.08095
      vertex 16.4286 234 7.63096
      vertex 16.4286 234 8.08095
    endloop
  endfacet
  facet normal 1 0 0
    outer loop
      vertex 16.4286 234 7.63096
      vertex 16.4286 128 8.08095
      vertex 16.4286 128 7.63096
    endloop
  endfacet
  facet normal 0.34521 0 -0.938526
    outer loop
      vertex 16.4286 115 7.63096
      vertex 13.6 124.2 6.59054
      vertex 16.4286 125 7.63096
    endloop
  endfacet
  facet normal 0.345211 2.37648e-07 -0.938525
    outer loop
      vertex 12.3214 115 6.12024
      vertex 13.6 124.2 6.59054
      vertex 16.4286 115 7.63096
    endloop
  endfacet
  facet normal 0.345212 0 -0.938525
    outer loop
      vertex 13.6 124.2 6.59054
      vertex 12.3214 115 6.12024
      vertex 12.3214 124.2 6.12024
    endloop
  endfacet
  facet normal 0.34521 0 -0.938526
    outer loop
      vertex 16.4286 125 7.63096
      vertex 13.6 124.2 6.59054
      vertex 13.6 125 6.59054
    endloop
  endfacet
  facet normal 0.34521 0 -0.938526
    outer loop
      vertex 13.6 237.8 6.59054
      vertex 16.4286 237 7.63096
      vertex 13.6 237 6.59054
    endloop
  endfacet
  facet normal 0.34521 0 -0.938526
    outer loop
      vertex 16.4286 237 7.63096
      vertex 13.6 237.8 6.59054
      vertex 16.4286 247 7.63096
    endloop
  endfacet
  facet normal 0.345212 0 -0.938525
    outer loop
      vertex 12.3214 247 6.12024
      vertex 13.6 237.8 6.59054
      vertex 12.3214 237.8 6.12024
    endloop
  endfacet
  facet normal 0.345211 -2.37648e-07 -0.938525
    outer loop
      vertex 13.6 237.8 6.59054
      vertex 12.3214 247 6.12024
      vertex 16.4286 247 7.63096
    endloop
  endfacet
  facet normal 0.345211 0 -0.938525
    outer loop
      vertex 12.3214 128 6.12024
      vertex 16.4286 234 7.63096
      vertex 16.4286 128 7.63096
    endloop
  endfacet
  facet normal 0.345211 0 -0.938525
    outer loop
      vertex 16.4286 234 7.63096
      vertex 12.3214 128 6.12024
      vertex 12.3214 234 6.12024
    endloop
  endfacet
  facet normal 1 -0 0
    outer loop
      vertex 12.3214 115 6.12024
      vertex 12.3214 124.2 5.67023
      vertex 12.3214 124.2 6.12024
    endloop
  endfacet
  facet normal 1 0 0
    outer loop
      vertex 12.3214 124.2 5.67023
      vertex 12.3214 115 6.12024
      vertex 12.3214 115 5.67023
    endloop
  endfacet
  facet normal 1 -0 0
    outer loop
      vertex 12.3214 237.8 6.12024
      vertex 12.3214 247 5.67023
      vertex 12.3214 247 6.12024
    endloop
  endfacet
  facet normal 1 0 0
    outer loop
      vertex 12.3214 247 5.67023
      vertex 12.3214 237.8 6.12024
      vertex 12.3214 237.8 5.67023
    endloop
  endfacet
  facet normal 1 -0 0
    outer loop
      vertex 12.3214 128 6.12024
      vertex 12.3214 234 5.67023
      vertex 12.3214 234 6.12024
    endloop
  endfacet
  facet normal 1 0 0
    outer loop
      vertex 12.3214 234 5.67023
      vertex 12.3214 128 6.12024
      vertex 12.3214 128 5.67023
    endloop
  endfacet
  facet normal 0.345241 0 -0.938514
    outer loop
      vertex 12.3214 115 5.67023
      vertex 12 124.2 5.552
      vertex 12.3214 124.2 5.67023
    endloop
  endfacet
  facet normal 0.345213 0 -0.938524
    outer loop
      vertex 12 124.2 5.552
      vertex 10 125 4.81635
      vertex 12 125 5.552
    endloop
  endfacet
  facet normal 0.345215 -1.02883e-06 -0.938524
    outer loop
      vertex 8.21429 115 4.15952
      vertex 12 124.2 5.552
      vertex 12.3214 115 5.67023
    endloop
  endfacet
  facet normal 0.345213 0 -0.938524
    outer loop
      vertex 8.21429 115 4.15952
      vertex 10 128 4.81635
      vertex 10 125 4.81635
    endloop
  endfacet
  facet normal 0.345213 0 -0.938524
    outer loop
      vertex 10 128 4.81635
      vertex 8.21429 115 4.15952
      vertex 10 234 4.81635
    endloop
  endfacet
  facet normal 0.345213 0 -0.938524
    outer loop
      vertex 8.21429 247 4.15952
      vertex 10 234 4.81635
      vertex 8.21429 115 4.15952
    endloop
  endfacet
  facet normal 0.345213 1.06801e-07 -0.938524
    outer loop
      vertex 12 124.2 5.552
      vertex 8.21429 115 4.15952
      vertex 10 125 4.81635
    endloop
  endfacet
  facet normal 0.345217 0 -0.938523
    outer loop
      vertex 10 128 4.81635
      vertex 12.3214 234 5.67023
      vertex 12.3214 128 5.67023
    endloop
  endfacet
  facet normal 0.345217 0 -0.938523
    outer loop
      vertex 12.3214 234 5.67023
      vertex 10 128 4.81635
      vertex 10 234 4.81635
    endloop
  endfacet
  facet normal 0.345213 0 -0.938524
    outer loop
      vertex 12 237 5.552
      vertex 10 237 4.81635
      vertex 12 237.8 5.552
    endloop
  endfacet
  facet normal 0.345241 0 -0.938514
    outer loop
      vertex 12 237.8 5.552
      vertex 12.3214 247 5.67023
      vertex 12.3214 237.8 5.67023
    endloop
  endfacet
  facet normal 0.345213 -1.06801e-07 -0.938524
    outer loop
      vertex 8.21429 247 4.15952
      vertex 12 237.8 5.552
      vertex 10 237 4.81635
    endloop
  endfacet
  facet normal 0.345215 1.02883e-06 -0.938524
    outer loop
      vertex 12 237.8 5.552
      vertex 8.21429 247 4.15952
      vertex 12.3214 247 5.67023
    endloop
  endfacet
  facet normal 0.345213 0 -0.938524
    outer loop
      vertex 10 234 4.81635
      vertex 8.21429 247 4.15952
      vertex 10 237 4.81635
    endloop
  endfacet
  facet normal 1 -0 0
    outer loop
      vertex 8.21429 115 4.15952
      vertex 8.21429 247 3.70952
      vertex 8.21429 247 4.15952
    endloop
  endfacet
  facet normal 1 0 0
    outer loop
      vertex 8.21429 247 3.70952
      vertex 8.21429 115 4.15952
      vertex 8.21429 115 3.70952
    endloop
  endfacet
  facet normal 0.345213 0 -0.938524
    outer loop
      vertex 4.10715 115 2.19881
      vertex 8.21429 247 3.70952
      vertex 8.21429 115 3.70952
    endloop
  endfacet
  facet normal 0.345213 0 -0.938524
    outer loop
      vertex 8.21429 247 3.70952
      vertex 4.10715 115 2.19881
      vertex 4.10715 247 2.19881
    endloop
  endfacet
  facet normal 1 -0 0
    outer loop
      vertex 4.10715 115 2.19881
      vertex 4.10715 247 1.74881
      vertex 4.10715 247 2.19881
    endloop
  endfacet
  facet normal 1 0 0
    outer loop
      vertex 4.10715 247 1.74881
      vertex 4.10715 115 2.19881
      vertex 4.10715 115 1.74881
    endloop
  endfacet
  facet normal 0.345212 0 -0.938525
    outer loop
      vertex 0 115 0.238103
      vertex 4.10715 247 1.74881
      vertex 4.10715 115 1.74881
    endloop
  endfacet
  facet normal 0.345212 0 -0.938525
    outer loop
      vertex 4.10715 247 1.74881
      vertex 0 115 0.238103
      vertex 0 247 0.238103
    endloop
  endfacet
  facet normal 0 0 -1
    outer loop
      vertex 13.1421 216.56 0
      vertex 18 229 0
      vertex 13.1421 147.44 0
    endloop
  endfacet
  facet normal 0 0 -1
    outer loop
      vertex 18 229 0
      vertex 13.1421 216.56 0
      vertex 13.2 217 0
    endloop
  endfacet
  facet normal 0 0 -1
    outer loop
      vertex 12.9722 147.85 0
      vertex 13.1421 216.56 0
      vertex 13.1421 147.44 0
    endloop
  endfacet
  facet normal 0 0 -1
    outer loop
      vertex 12.9722 147.85 0
      vertex 12.9722 216.15 0
      vertex 13.1421 216.56 0
    endloop
  endfacet
  facet normal 0 0 -1
    outer loop
      vertex 12.7021 148.202 0
      vertex 12.9722 216.15 0
      vertex 12.9722 147.85 0
    endloop
  endfacet
  facet normal 0 0 -1
    outer loop
      vertex 12.7021 148.202 0
      vertex 12.7021 215.798 0
      vertex 12.9722 216.15 0
    endloop
  endfacet
  facet normal 0 0 -1
    outer loop
      vertex 12.35 148.472 0
      vertex 12.7021 215.798 0
      vertex 12.7021 148.202 0
    endloop
  endfacet
  facet normal 0 0 -1
    outer loop
      vertex 12.35 148.472 0
      vertex 12.35 215.528 0
      vertex 12.7021 215.798 0
    endloop
  endfacet
  facet normal 0 0 -1
    outer loop
      vertex 11.94 148.642 0
      vertex 12.35 215.528 0
      vertex 12.35 148.472 0
    endloop
  endfacet
  facet normal 0 0 -1
    outer loop
      vertex 11.94 148.642 0
      vertex 11.94 215.358 0
      vertex 12.35 215.528 0
    endloop
  endfacet
  facet normal 0 0 -1
    outer loop
      vertex 11.5 148.7 0
      vertex 11.94 215.358 0
      vertex 11.94 148.642 0
    endloop
  endfacet
  facet normal 0 0 -1
    outer loop
      vertex 11.5 148.7 0
      vertex 11.5 215.3 0
      vertex 11.94 215.358 0
    endloop
  endfacet
  facet normal 0 0 -1
    outer loop
      vertex 11.06 148.642 0
      vertex 11.5 215.3 0
      vertex 11.5 148.7 0
    endloop
  endfacet
  facet normal 0 0 -1
    outer loop
      vertex 11.06 148.642 0
      vertex 11.06 215.358 0
      vertex 11.5 215.3 0
    endloop
  endfacet
  facet normal 0 0 -1
    outer loop
      vertex 10.65 148.472 0
      vertex 11.06 215.358 0
      vertex 11.06 148.642 0
    endloop
  endfacet
  facet normal 0 0 -1
    outer loop
      vertex 10.65 148.472 0
      vertex 10.65 215.528 0
      vertex 11.06 215.358 0
    endloop
  endfacet
  facet normal 0 0 -1
    outer loop
      vertex 10.2979 148.202 0
      vertex 10.65 215.528 0
      vertex 10.65 148.472 0
    endloop
  endfacet
  facet normal 0 0 -1
    outer loop
      vertex 10.2979 148.202 0
      vertex 10.2979 215.798 0
      vertex 10.65 215.528 0
    endloop
  endfacet
  facet normal 0 0 -1
    outer loop
      vertex 10.0278 147.85 0
      vertex 10.2979 215.798 0
      vertex 10.2979 148.202 0
    endloop
  endfacet
  facet normal 0 0 -1
    outer loop
      vertex 10.0278 147.85 0
      vertex 10.0278 216.15 0
      vertex 10.2979 215.798 0
    endloop
  endfacet
  facet normal 0 0 -1
    outer loop
      vertex 10 147.783 0
      vertex 10.0278 216.15 0
      vertex 10.0278 147.85 0
    endloop
  endfacet
  facet normal -0 0 -1
    outer loop
      vertex 10.0278 216.15 0
      vertex 10 147.783 0
      vertex 10 216.217 0
    endloop
  endfacet
  facet normal 0 0 -1
    outer loop
      vertex 105 125 0
      vertex 104.972 146.15 0
      vertex 105 146.217 0
    endloop
  endfacet
  facet normal 0 0 -1
    outer loop
      vertex 105 125 0
      vertex 104.702 145.798 0
      vertex 104.972 146.15 0
    endloop
  endfacet
  facet normal 0 0 -1
    outer loop
      vertex 105 125 0
      vertex 104.35 145.528 0
      vertex 104.702 145.798 0
    endloop
  endfacet
  facet normal 0 0 -1
    outer loop
      vertex 105 125 0
      vertex 103.94 145.358 0
      vertex 104.35 145.528 0
    endloop
  endfacet
  facet normal 0 0 -1
    outer loop
      vertex 97 133 0
      vertex 103.94 145.358 0
      vertex 105 125 0
    endloop
  endfacet
  facet normal 0 0 -1
    outer loop
      vertex 103.94 145.358 0
      vertex 97 133 0
      vertex 103.5 145.3 0
    endloop
  endfacet
  facet normal -0 0 -1
    outer loop
      vertex 103.5 145.3 0
      vertex 97 133 0
      vertex 103.06 145.358 0
    endloop
  endfacet
  facet normal -0 0 -1
    outer loop
      vertex 103.06 145.358 0
      vertex 97 133 0
      vertex 102.65 145.528 0
    endloop
  endfacet
  facet normal -0 0 -1
    outer loop
      vertex 102.65 145.528 0
      vertex 97 133 0
      vertex 102.298 145.798 0
    endloop
  endfacet
  facet normal -0 0 -1
    outer loop
      vertex 102.298 145.798 0
      vertex 97 133 0
      vertex 102.028 146.15 0
    endloop
  endfacet
  facet normal 0 0 -1
    outer loop
      vertex 101.858 147.44 0
      vertex 97 229 0
      vertex 101.858 216.56 0
    endloop
  endfacet
  facet normal -0 0 -1
    outer loop
      vertex 101.858 146.56 0
      vertex 97 133 0
      vertex 101.8 147 0
    endloop
  endfacet
  facet normal -0 0 -1
    outer loop
      vertex 102.028 146.15 0
      vertex 97 133 0
      vertex 101.858 146.56 0
    endloop
  endfacet
  facet normal 0 0 -1
    outer loop
      vertex 105 125 0
      vertex 18 133 0
      vertex 97 133 0
    endloop
  endfacet
  facet normal 0 0 -1
    outer loop
      vertex 13.1421 147.44 0
      vertex 18 133 0
      vertex 13.2 147 0
    endloop
  endfacet
  facet normal 0 0 -1
    outer loop
      vertex 18 133 0
      vertex 13.1421 146.56 0
      vertex 13.2 147 0
    endloop
  endfacet
  facet normal 0 0 -1
    outer loop
      vertex 18 133 0
      vertex 12.9722 146.15 0
      vertex 13.1421 146.56 0
    endloop
  endfacet
  facet normal 0 0 -1
    outer loop
      vertex 18 133 0
      vertex 12.7021 145.798 0
      vertex 12.9722 146.15 0
    endloop
  endfacet
  facet normal 0 0 -1
    outer loop
      vertex 18 133 0
      vertex 12.35 145.528 0
      vertex 12.7021 145.798 0
    endloop
  endfacet
  facet normal 0 0 -1
    outer loop
      vertex 18 133 0
      vertex 11.94 145.358 0
      vertex 12.35 145.528 0
    endloop
  endfacet
  facet normal 0 0 -1
    outer loop
      vertex 18 133 0
      vertex 11.5 145.3 0
      vertex 11.94 145.358 0
    endloop
  endfacet
  facet normal 0 0 -1
    outer loop
      vertex 18 133 0
      vertex 11.06 145.358 0
      vertex 11.5 145.3 0
    endloop
  endfacet
  facet normal 0 0 -1
    outer loop
      vertex 10 125 0
      vertex 11.06 145.358 0
      vertex 18 133 0
    endloop
  endfacet
  facet normal -0 0 -1
    outer loop
      vertex 11.06 145.358 0
      vertex 10 125 0
      vertex 10.65 145.528 0
    endloop
  endfacet
  facet normal -0 0 -1
    outer loop
      vertex 10.65 145.528 0
      vertex 10 125 0
      vertex 10.2979 145.798 0
    endloop
  endfacet
  facet normal 0 0 -1
    outer loop
      vertex 10 125 0
      vertex 18 133 0
      vertex 105 125 0
    endloop
  endfacet
  facet normal -0 0 -1
    outer loop
      vertex 10.2979 145.798 0
      vertex 10 125 0
      vertex 10.0278 146.15 0
    endloop
  endfacet
  facet normal -0 0 -1
    outer loop
      vertex 10.0278 146.15 0
      vertex 10 125 0
      vertex 10 146.217 0
    endloop
  endfacet
  facet normal 0 0 -1
    outer loop
      vertex 104.972 147.85 0
      vertex 105 216.217 0
      vertex 105 147.783 0
    endloop
  endfacet
  facet normal 0 0 -1
    outer loop
      vertex 104.972 147.85 0
      vertex 104.972 216.15 0
      vertex 105 216.217 0
    endloop
  endfacet
  facet normal 0 0 -1
    outer loop
      vertex 104.702 148.202 0
      vertex 104.972 216.15 0
      vertex 104.972 147.85 0
    endloop
  endfacet
  facet normal 0 0 -1
    outer loop
      vertex 104.702 148.202 0
      vertex 104.702 215.798 0
      vertex 104.972 216.15 0
    endloop
  endfacet
  facet normal 0 0 -1
    outer loop
      vertex 104.35 148.472 0
      vertex 104.702 215.798 0
      vertex 104.702 148.202 0
    endloop
  endfacet
  facet normal 0 0 -1
    outer loop
      vertex 104.35 148.472 0
      vertex 104.35 215.528 0
      vertex 104.702 215.798 0
    endloop
  endfacet
  facet normal 0 0 -1
    outer loop
      vertex 103.94 148.642 0
      vertex 104.35 215.528 0
      vertex 104.35 148.472 0
    endloop
  endfacet
  facet normal 0 0 -1
    outer loop
      vertex 103.94 148.642 0
      vertex 103.94 215.358 0
      vertex 104.35 215.528 0
    endloop
  endfacet
  facet normal 0 0 -1
    outer loop
      vertex 103.5 148.7 0
      vertex 103.94 215.358 0
      vertex 103.94 148.642 0
    endloop
  endfacet
  facet normal 0 0 -1
    outer loop
      vertex 103.5 148.7 0
      vertex 103.5 215.3 0
      vertex 103.94 215.358 0
    endloop
  endfacet
  facet normal 0 0 -1
    outer loop
      vertex 103.06 148.642 0
      vertex 103.5 215.3 0
      vertex 103.5 148.7 0
    endloop
  endfacet
  facet normal 0 0 -1
    outer loop
      vertex 103.06 148.642 0
      vertex 103.06 215.358 0
      vertex 103.5 215.3 0
    endloop
  endfacet
  facet normal 0 0 -1
    outer loop
      vertex 102.65 148.472 0
      vertex 103.06 215.358 0
      vertex 103.06 148.642 0
    endloop
  endfacet
  facet normal 0 0 -1
    outer loop
      vertex 102.65 148.472 0
      vertex 102.65 215.528 0
      vertex 103.06 215.358 0
    endloop
  endfacet
  facet normal 0 0 -1
    outer loop
      vertex 102.298 148.202 0
      vertex 102.65 215.528 0
      vertex 102.65 148.472 0
    endloop
  endfacet
  facet normal 0 0 -1
    outer loop
      vertex 102.298 148.202 0
      vertex 102.298 215.798 0
      vertex 102.65 215.528 0
    endloop
  endfacet
  facet normal 0 0 -1
    outer loop
      vertex 102.028 147.85 0
      vertex 102.298 215.798 0
      vertex 102.298 148.202 0
    endloop
  endfacet
  facet normal 0 0 -1
    outer loop
      vertex 102.028 147.85 0
      vertex 102.028 216.15 0
      vertex 102.298 215.798 0
    endloop
  endfacet
  facet normal 0 0 -1
    outer loop
      vertex 101.858 147.44 0
      vertex 102.028 216.15 0
      vertex 102.028 147.85 0
    endloop
  endfacet
  facet normal 0 0 -1
    outer loop
      vertex 101.858 147.44 0
      vertex 101.858 216.56 0
      vertex 102.028 216.15 0
    endloop
  endfacet
  facet normal 0 0 -1
    outer loop
      vertex 97 133 0
      vertex 101.858 147.44 0
      vertex 101.8 147 0
    endloop
  endfacet
  facet normal 0 0 -1
    outer loop
      vertex 97 229 0
      vertex 101.858 147.44 0
      vertex 97 133 0
    endloop
  endfacet
  facet normal 0 0 -1
    outer loop
      vertex 104.972 217.85 0
      vertex 105 237 0
      vertex 105 217.783 0
    endloop
  endfacet
  facet normal 0 0 -1
    outer loop
      vertex 104.702 218.202 0
      vertex 105 237 0
      vertex 104.972 217.85 0
    endloop
  endfacet
  facet normal 0 0 -1
    outer loop
      vertex 104.35 218.472 0
      vertex 105 237 0
      vertex 104.702 218.202 0
    endloop
  endfacet
  facet normal 0 0 -1
    outer loop
      vertex 103.94 218.642 0
      vertex 105 237 0
      vertex 104.35 218.472 0
    endloop
  endfacet
  facet normal 0 0 -1
    outer loop
      vertex 97 229 0
      vertex 103.94 218.642 0
      vertex 103.5 218.7 0
    endloop
  endfacet
  facet normal 0 0 -1
    outer loop
      vertex 97 229 0
      vertex 103.5 218.7 0
      vertex 103.06 218.642 0
    endloop
  endfacet
  facet normal 0 0 -1
    outer loop
      vertex 97 229 0
      vertex 103.06 218.642 0
      vertex 102.65 218.472 0
    endloop
  endfacet
  facet normal 0 0 -1
    outer loop
      vertex 97 229 0
      vertex 102.65 218.472 0
      vertex 102.298 218.202 0
    endloop
  endfacet
  facet normal 0 0 -1
    outer loop
      vertex 97 229 0
      vertex 102.298 218.202 0
      vertex 102.028 217.85 0
    endloop
  endfacet
  facet normal 0 0 -1
    outer loop
      vertex 97 229 0
      vertex 102.028 217.85 0
      vertex 101.858 217.44 0
    endloop
  endfacet
  facet normal 0 0 -1
    outer loop
      vertex 101.858 216.56 0
      vertex 97 229 0
      vertex 101.8 217 0
    endloop
  endfacet
  facet normal 0 0 -1
    outer loop
      vertex 97 229 0
      vertex 101.858 217.44 0
      vertex 101.8 217 0
    endloop
  endfacet
  facet normal 0 0 -1
    outer loop
      vertex 103.94 218.642 0
      vertex 97 229 0
      vertex 105 237 0
    endloop
  endfacet
  facet normal 0 0 -1
    outer loop
      vertex 18 229 0
      vertex 105 237 0
      vertex 97 229 0
    endloop
  endfacet
  facet normal 0 0 -1
    outer loop
      vertex 18 133 0
      vertex 13.1421 147.44 0
      vertex 18 229 0
    endloop
  endfacet
  facet normal 0 0 -1
    outer loop
      vertex 13.1421 217.44 0
      vertex 18 229 0
      vertex 13.2 217 0
    endloop
  endfacet
  facet normal 0 0 -1
    outer loop
      vertex 12.9722 217.85 0
      vertex 18 229 0
      vertex 13.1421 217.44 0
    endloop
  endfacet
  facet normal 0 0 -1
    outer loop
      vertex 12.7021 218.202 0
      vertex 18 229 0
      vertex 12.9722 217.85 0
    endloop
  endfacet
  facet normal 0 0 -1
    outer loop
      vertex 12.35 218.472 0
      vertex 18 229 0
      vertex 12.7021 218.202 0
    endloop
  endfacet
  facet normal 0 0 -1
    outer loop
      vertex 11.94 218.642 0
      vertex 18 229 0
      vertex 12.35 218.472 0
    endloop
  endfacet
  facet normal 0 0 -1
    outer loop
      vertex 11.5 218.7 0
      vertex 18 229 0
      vertex 11.94 218.642 0
    endloop
  endfacet
  facet normal 0 0 -1
    outer loop
      vertex 11.06 218.642 0
      vertex 18 229 0
      vertex 11.5 218.7 0
    endloop
  endfacet
  facet normal 0 0 -1
    outer loop
      vertex 10 237 0
      vertex 11.06 218.642 0
      vertex 10.65 218.472 0
    endloop
  endfacet
  facet normal 0 0 -1
    outer loop
      vertex 10 237 0
      vertex 10.65 218.472 0
      vertex 10.2979 218.202 0
    endloop
  endfacet
  facet normal 0 0 -1
    outer loop
      vertex 10 237 0
      vertex 10.2979 218.202 0
      vertex 10.0278 217.85 0
    endloop
  endfacet
  facet normal 0 0 -1
    outer loop
      vertex 18 229 0
      vertex 10 237 0
      vertex 105 237 0
    endloop
  endfacet
  facet normal 0 0 -1
    outer loop
      vertex 11.06 218.642 0
      vertex 10 237 0
      vertex 18 229 0
    endloop
  endfacet
  facet normal 0 0 -1
    outer loop
      vertex 10 237 0
      vertex 10.0278 217.85 0
      vertex 10 217.783 0
    endloop
  endfacet
  facet normal -1 0 0
    outer loop
      vertex 10 216.217 0
      vertex 10 147.783 0
      vertex 10 216.217 3.5
    endloop
  endfacet
  facet normal -1 0 0
    outer loop
      vertex 10 237 0
      vertex 10 234 4
      vertex 10 237 4.81635
    endloop
  endfacet
  facet normal -1 0 0
    outer loop
      vertex 10 217.783 0
      vertex 10 234 4
      vertex 10 237 0
    endloop
  endfacet
  facet normal -1 0 0
    outer loop
      vertex 10 217.783 3.5
      vertex 10 234 4
      vertex 10 217.783 0
    endloop
  endfacet
  facet normal -1 0 0
    outer loop
      vertex 10 216.217 3.5
      vertex 10 234 4
      vertex 10 217.783 3.5
    endloop
  endfacet
  facet normal -1 0 0
    outer loop
      vertex 10 147.783 3.5
      vertex 10 216.217 3.5
      vertex 10 147.783 0
    endloop
  endfacet
  facet normal -1 0 0
    outer loop
      vertex 10 147.783 3.5
      vertex 10 234 4
      vertex 10 216.217 3.5
    endloop
  endfacet
  facet normal -1 0 0
    outer loop
      vertex 10 128 4
      vertex 10 147.783 3.5
      vertex 10 146.217 3.5
    endloop
  endfacet
  facet normal -1 0 0
    outer loop
      vertex 10 147.783 3.5
      vertex 10 128 4
      vertex 10 234 4
    endloop
  endfacet
  facet normal -1 -0 0
    outer loop
      vertex 10 237 4.81635
      vertex 10 234 4
      vertex 10 234 4.81635
    endloop
  endfacet
  facet normal -1 0 0
    outer loop
      vertex 10 146.217 0
      vertex 10 128 4
      vertex 10 146.217 3.5
    endloop
  endfacet
  facet normal -1 0 0
    outer loop
      vertex 10 125 0
      vertex 10 128 4
      vertex 10 146.217 0
    endloop
  endfacet
  facet normal -1 0 0
    outer loop
      vertex 10 125 4.81635
      vertex 10 128 4
      vertex 10 125 0
    endloop
  endfacet
  facet normal -1 0 0
    outer loop
      vertex 10 128 4
      vertex 10 125 4.81635
      vertex 10 128 4.81635
    endloop
  endfacet
  facet normal 1 0 0
    outer loop
      vertex 105 128 4.81635
      vertex 105 125 4.81635
      vertex 105 128 4
    endloop
  endfacet
  facet normal 1 0 0
    outer loop
      vertex 105 234 4
      vertex 105 216.217 3.5
      vertex 105 217.783 3.5
    endloop
  endfacet
  facet normal 1 0 0
    outer loop
      vertex 105 216.217 3.5
      vertex 105 147.783 3.5
      vertex 105 216.217 0
    endloop
  endfacet
  facet normal 1 0 0
    outer loop
      vertex 105 234 4
      vertex 105 147.783 3.5
      vertex 105 216.217 3.5
    endloop
  endfacet
  facet normal 1 -0 0
    outer loop
      vertex 105 128 4
      vertex 105 147.783 3.5
      vertex 105 234 4
    endloop
  endfacet
  facet normal 1 0 0
    outer loop
      vertex 105 147.783 3.5
      vertex 105 128 4
      vertex 105 146.217 3.5
    endloop
  endfacet
  facet normal 1 0 0
    outer loop
      vertex 105 128 4
      vertex 105 146.217 0
      vertex 105 146.217 3.5
    endloop
  endfacet
  facet normal 1 0 0
    outer loop
      vertex 105 128 4
      vertex 105 125 0
      vertex 105 146.217 0
    endloop
  endfacet
  facet normal 1 0 0
    outer loop
      vertex 105 125 0
      vertex 105 128 4
      vertex 105 125 4.81635
    endloop
  endfacet
  facet normal 1 0 0
    outer loop
      vertex 105 234 4
      vertex 105 237 4.81635
      vertex 105 234 4.81635
    endloop
  endfacet
  facet normal 1 0 0
    outer loop
      vertex 105 237 4.81635
      vertex 105 234 4
      vertex 105 237 0
    endloop
  endfacet
  facet normal 1 0 0
    outer loop
      vertex 105 217.783 0
      vertex 105 234 4
      vertex 105 217.783 3.5
    endloop
  endfacet
  facet normal 1 0 0
    outer loop
      vertex 105 234 4
      vertex 105 217.783 0
      vertex 105 237 0
    endloop
  endfacet
  facet normal 1 0 0
    outer loop
      vertex 105 216.217 0
      vertex 105 147.783 3.5
      vertex 105 147.783 0
    endloop
  endfacet
  facet normal 0 1 -0
    outer loop
      vertex 61.6071 128 25.2774
      vertex 57.5 128 27.2381
      vertex 61.6071 128 25.7274
    endloop
  endfacet
  facet normal 0 1 0
    outer loop
      vertex 57.5 128 20.5
      vertex 57.5 128 27.2381
      vertex 61.6071 128 25.2774
    endloop
  endfacet
  facet normal 0 1 0
    outer loop
      vertex 57.5 128 27.2381
      vertex 53.3929 128 25.2774
      vertex 53.3929 128 25.7274
    endloop
  endfacet
  facet normal 0 1 -0
    outer loop
      vertex 65.7143 128 23.3167
      vertex 61.6071 128 25.2774
      vertex 65.7143 128 23.7667
    endloop
  endfacet
  facet normal -0 1 0
    outer loop
      vertex 57.5 128 20.5
      vertex 61.6071 128 25.2774
      vertex 58.9235 128 20.3126
    endloop
  endfacet
  facet normal 0 1 0
    outer loop
      vertex 61.6071 128 25.2774
      vertex 65.7143 128 23.3167
      vertex 60.25 128 19.7631
    endloop
  endfacet
  facet normal 0 1 -0
    outer loop
      vertex 56.0765 128 20.3126
      vertex 53.3929 128 25.2774
      vertex 57.5 128 20.5
    endloop
  endfacet
  facet normal 0 1 -0
    outer loop
      vertex 69.8214 128 21.3559
      vertex 65.7143 128 23.3167
      vertex 69.8214 128 21.806
    endloop
  endfacet
  facet normal 0 1 -0
    outer loop
      vertex 54.75 128 19.7631
      vertex 53.3929 128 25.2774
      vertex 56.0765 128 20.3126
    endloop
  endfacet
  facet normal 0 1 0
    outer loop
      vertex 62.2631 128 17.75
      vertex 65.7143 128 23.3167
      vertex 69.8214 128 21.3559
    endloop
  endfacet
  facet normal -0 1 0
    outer loop
      vertex 49.2857 128 23.3167
      vertex 53.3929 128 25.2774
      vertex 54.75 128 19.7631
    endloop
  endfacet
  facet normal 0 1 0
    outer loop
      vertex 53.3929 128 25.2774
      vertex 49.2857 128 23.3167
      vertex 49.2857 128 23.7667
    endloop
  endfacet
  facet normal 0 1 0
    outer loop
      vertex 57.5 128 27.2381
      vertex 57.5 128 20.5
      vertex 53.3929 128 25.2774
    endloop
  endfacet
  facet normal 0 1 -0
    outer loop
      vertex 73.9286 128 19.3952
      vertex 69.8214 128 21.3559
      vertex 73.9286 128 19.8452
    endloop
  endfacet
  facet normal 0 1 0
    outer loop
      vertex 61.6071 128 25.2774
      vertex 60.25 128 19.7631
      vertex 58.9235 128 20.3126
    endloop
  endfacet
  facet normal 0 1 0
    outer loop
      vertex 63 128 15
      vertex 69.8214 128 21.3559
      vertex 73.9286 128 19.3952
    endloop
  endfacet
  facet normal 0 1 0
    outer loop
      vertex 65.7143 128 23.3167
      vertex 61.3891 128 18.8891
      vertex 60.25 128 19.7631
    endloop
  endfacet
  facet normal 0 1 -0
    outer loop
      vertex 78.0357 128 17.4345
      vertex 73.9286 128 19.3952
      vertex 78.0357 128 17.8845
    endloop
  endfacet
  facet normal 0 1 0
    outer loop
      vertex 65.7143 128 23.3167
      vertex 62.2631 128 17.75
      vertex 61.3891 128 18.8891
    endloop
  endfacet
  facet normal 0 1 0
    outer loop
      vertex 62.8126 128 13.5765
      vertex 73.9286 128 19.3952
      vertex 78.0357 128 17.4345
    endloop
  endfacet
  facet normal 0 1 0
    outer loop
      vertex 69.8214 128 21.3559
      vertex 62.8126 128 16.4235
      vertex 62.2631 128 17.75
    endloop
  endfacet
  facet normal 0 1 -0
    outer loop
      vertex 82.1429 128 15.4738
      vertex 78.0357 128 17.4345
      vertex 82.1429 128 15.9238
    endloop
  endfacet
  facet normal 0 1 0
    outer loop
      vertex 62.2631 128 12.25
      vertex 78.0357 128 17.4345
      vertex 82.1429 128 15.4738
    endloop
  endfacet
  facet normal 0 1 0
    outer loop
      vertex 69.8214 128 21.3559
      vertex 63 128 15
      vertex 62.8126 128 16.4235
    endloop
  endfacet
  facet normal 0 1 -0
    outer loop
      vertex 86.25 128 13.5131
      vertex 82.1429 128 15.4738
      vertex 86.25 128 13.9631
    endloop
  endfacet
  facet normal 0 1 0
    outer loop
      vertex 61.3891 128 11.1109
      vertex 82.1429 128 15.4738
      vertex 86.25 128 13.5131
    endloop
  endfacet
  facet normal 0 1 0
    outer loop
      vertex 73.9286 128 19.3952
      vertex 62.8126 128 13.5765
      vertex 63 128 15
    endloop
  endfacet
  facet normal 0 1 0
    outer loop
      vertex 78.0357 128 17.4345
      vertex 62.2631 128 12.25
      vertex 62.8126 128 13.5765
    endloop
  endfacet
  facet normal 0 1 -0
    outer loop
      vertex 90.3571 128 11.5524
      vertex 86.25 128 13.5131
      vertex 90.3571 128 12.0024
    endloop
  endfacet
  facet normal 0 1 0
    outer loop
      vertex 60.25 128 10.2369
      vertex 86.25 128 13.5131
      vertex 90.3571 128 11.5524
    endloop
  endfacet
  facet normal 0 1 0
    outer loop
      vertex 82.1429 128 15.4738
      vertex 61.3891 128 11.1109
      vertex 62.2631 128 12.25
    endloop
  endfacet
  facet normal 0 1 0
    outer loop
      vertex 86.25 128 13.5131
      vertex 60.25 128 10.2369
      vertex 61.3891 128 11.1109
    endloop
  endfacet
  facet normal 0 1 -0
    outer loop
      vertex 94.4643 128 9.59166
      vertex 90.3571 128 11.5524
      vertex 94.4643 128 10.0417
    endloop
  endfacet
  facet normal 0 1 0
    outer loop
      vertex 90.3571 128 11.5524
      vertex 94.4643 128 9.59166
      vertex 60.25 128 10.2369
    endloop
  endfacet
  facet normal 0 1 0
    outer loop
      vertex 60.25 128 10.2369
      vertex 94.4643 128 9.59166
      vertex 58.9235 128 9.68741
    endloop
  endfacet
  facet normal 0 1 0
    outer loop
      vertex 98.5714 128 7.63096
      vertex 58.9235 128 9.68741
      vertex 94.4643 128 9.59166
    endloop
  endfacet
  facet normal 0 1 -0
    outer loop
      vertex 98.5714 128 7.63096
      vertex 94.4643 128 9.59166
      vertex 98.5714 128 8.08095
    endloop
  endfacet
  facet normal 0 1 -0
    outer loop
      vertex 53.6109 128 18.8891
      vertex 49.2857 128 23.3167
      vertex 54.75 128 19.7631
    endloop
  endfacet
  facet normal 0 1 -0
    outer loop
      vertex 52.7369 128 17.75
      vertex 49.2857 128 23.3167
      vertex 53.6109 128 18.8891
    endloop
  endfacet
  facet normal 0 1 0
    outer loop
      vertex 49.2857 128 23.3167
      vertex 45.1786 128 21.3559
      vertex 45.1786 128 21.806
    endloop
  endfacet
  facet normal 0 1 0
    outer loop
      vertex 49.2857 128 23.3167
      vertex 52.7369 128 17.75
      vertex 45.1786 128 21.3559
    endloop
  endfacet
  facet normal 0 1 -0
    outer loop
      vertex 52.1874 128 16.4235
      vertex 45.1786 128 21.3559
      vertex 52.7369 128 17.75
    endloop
  endfacet
  facet normal 0 1 0
    outer loop
      vertex 45.1786 128 21.3559
      vertex 41.0714 128 19.3952
      vertex 41.0714 128 19.8452
    endloop
  endfacet
  facet normal 0 1 -0
    outer loop
      vertex 52 128 15
      vertex 45.1786 128 21.3559
      vertex 52.1874 128 16.4235
    endloop
  endfacet
  facet normal 0 1 0
    outer loop
      vertex 45.1786 128 21.3559
      vertex 52 128 15
      vertex 41.0714 128 19.3952
    endloop
  endfacet
  facet normal 0 1 0
    outer loop
      vertex 41.0714 128 19.3952
      vertex 36.9643 128 17.4345
      vertex 36.9643 128 17.8845
    endloop
  endfacet
  facet normal 0 1 0
    outer loop
      vertex 52.1874 128 13.5765
      vertex 41.0714 128 19.3952
      vertex 52 128 15
    endloop
  endfacet
  facet normal 0 1 0
    outer loop
      vertex 41.0714 128 19.3952
      vertex 52.1874 128 13.5765
      vertex 36.9643 128 17.4345
    endloop
  endfacet
  facet normal 0 1 0
    outer loop
      vertex 36.9643 128 17.4345
      vertex 32.8571 128 15.4738
      vertex 32.8571 128 15.9238
    endloop
  endfacet
  facet normal 0 1 0
    outer loop
      vertex 52.7369 128 12.25
      vertex 36.9643 128 17.4345
      vertex 52.1874 128 13.5765
    endloop
  endfacet
  facet normal 0 1 0
    outer loop
      vertex 36.9643 128 17.4345
      vertex 52.7369 128 12.25
      vertex 32.8571 128 15.4738
    endloop
  endfacet
  facet normal 0 1 0
    outer loop
      vertex 32.8571 128 15.4738
      vertex 28.75 128 13.5131
      vertex 28.75 128 13.9631
    endloop
  endfacet
  facet normal 0 1 0
    outer loop
      vertex 53.6109 128 11.1109
      vertex 32.8571 128 15.4738
      vertex 52.7369 128 12.25
    endloop
  endfacet
  facet normal 0 1 0
    outer loop
      vertex 32.8571 128 15.4738
      vertex 53.6109 128 11.1109
      vertex 28.75 128 13.5131
    endloop
  endfacet
  facet normal 0 1 0
    outer loop
      vertex 28.75 128 13.5131
      vertex 24.6429 128 11.5524
      vertex 24.6429 128 12.0024
    endloop
  endfacet
  facet normal 0 1 0
    outer loop
      vertex 54.75 128 10.2369
      vertex 28.75 128 13.5131
      vertex 53.6109 128 11.1109
    endloop
  endfacet
  facet normal 0 1 0
    outer loop
      vertex 28.75 128 13.5131
      vertex 54.75 128 10.2369
      vertex 24.6429 128 11.5524
    endloop
  endfacet
  facet normal 0 1 0
    outer loop
      vertex 20.5357 128 9.59166
      vertex 24.6429 128 11.5524
      vertex 54.75 128 10.2369
    endloop
  endfacet
  facet normal 0 1 0
    outer loop
      vertex 20.5357 128 9.59166
      vertex 54.75 128 10.2369
      vertex 56.0765 128 9.68741
    endloop
  endfacet
  facet normal 0 1 0
    outer loop
      vertex 24.6429 128 11.5524
      vertex 20.5357 128 9.59166
      vertex 20.5357 128 10.0417
    endloop
  endfacet
  facet normal 0 1 0
    outer loop
      vertex 10 128 4
      vertex 56.0765 128 9.68741
      vertex 57.5 128 9.5
    endloop
  endfacet
  facet normal 0 1 0
    outer loop
      vertex 105 128 4
      vertex 58.9235 128 9.68741
      vertex 98.5714 128 7.63096
    endloop
  endfacet
  facet normal 0 1 0
    outer loop
      vertex 58.9235 128 9.68741
      vertex 105 128 4
      vertex 57.5 128 9.5
    endloop
  endfacet
  facet normal 0 1 0
    outer loop
      vertex 56.0765 128 9.68741
      vertex 16.4286 128 7.63096
      vertex 20.5357 128 9.59166
    endloop
  endfacet
  facet normal 0 1 0
    outer loop
      vertex 20.5357 128 9.59166
      vertex 16.4286 128 7.63096
      vertex 16.4286 128 8.08095
    endloop
  endfacet
  facet normal 0 1 -0
    outer loop
      vertex 102.679 128 5.67023
      vertex 98.5714 128 7.63096
      vertex 102.679 128 6.12024
    endloop
  endfacet
  facet normal 0 1 0
    outer loop
      vertex 105 128 4
      vertex 98.5714 128 7.63096
      vertex 102.679 128 5.67023
    endloop
  endfacet
  facet normal 0 1 0
    outer loop
      vertex 10 128 4
      vertex 57.5 128 9.5
      vertex 105 128 4
    endloop
  endfacet
  facet normal 0 1 0
    outer loop
      vertex 16.4286 128 7.63096
      vertex 12.3214 128 5.67023
      vertex 12.3214 128 6.12024
    endloop
  endfacet
  facet normal 0 1 0
    outer loop
      vertex 16.4286 128 7.63096
      vertex 10 128 4
      vertex 12.3214 128 5.67023
    endloop
  endfacet
  facet normal 0 1 -0
    outer loop
      vertex 105 128 4
      vertex 102.679 128 5.67023
      vertex 105 128 4.81635
    endloop
  endfacet
  facet normal 0 1 0
    outer loop
      vertex 56.0765 128 9.68741
      vertex 10 128 4
      vertex 16.4286 128 7.63096
    endloop
  endfacet
  facet normal 0 1 0
    outer loop
      vertex 12.3214 128 5.67023
      vertex 10 128 4
      vertex 10 128 4.81635
    endloop
  endfacet
  facet normal 0 -1 0
    outer loop
      vertex 10 125 4.81635
      vertex 12 125 1.2
      vertex 12 125 5.552
    endloop
  endfacet
  facet normal 0 -1 0
    outer loop
      vertex 10 125 0
      vertex 13.6 125 1.2
      vertex 12 125 1.2
    endloop
  endfacet
  facet normal 0 -1 -0
    outer loop
      vertex 13.6 125 1.2
      vertex 10 125 0
      vertex 20 125 1.2
    endloop
  endfacet
  facet normal 0 -1 -0
    outer loop
      vertex 20 125 1.2
      vertex 10 125 0
      vertex 21.6 125 1.2
    endloop
  endfacet
  facet normal 0 -1 -0
    outer loop
      vertex 21.6 125 1.2
      vertex 10 125 0
      vertex 28 125 1.2
    endloop
  endfacet
  facet normal 0 -1 -0
    outer loop
      vertex 28 125 1.2
      vertex 10 125 0
      vertex 29.6 125 1.2
    endloop
  endfacet
  facet normal 0 -1 -0
    outer loop
      vertex 29.6 125 1.2
      vertex 10 125 0
      vertex 36 125 1.2
    endloop
  endfacet
  facet normal 0 -1 -0
    outer loop
      vertex 36 125 1.2
      vertex 10 125 0
      vertex 37.6 125 1.2
    endloop
  endfacet
  facet normal 0 -1 -0
    outer loop
      vertex 37.6 125 1.2
      vertex 10 125 0
      vertex 44 125 1.2
    endloop
  endfacet
  facet normal 0 -1 -0
    outer loop
      vertex 44 125 1.2
      vertex 10 125 0
      vertex 45.6 125 1.2
    endloop
  endfacet
  facet normal 0 -1 -0
    outer loop
      vertex 45.6 125 1.2
      vertex 10 125 0
      vertex 68 125 1.2
    endloop
  endfacet
  facet normal 0 -1 0
    outer loop
      vertex 105 125 0
      vertex 68 125 1.2
      vertex 10 125 0
    endloop
  endfacet
  facet normal 0 -1 0
    outer loop
      vertex 68 125 1.2
      vertex 105 125 0
      vertex 69.6 125 1.2
    endloop
  endfacet
  facet normal 0 -1 0
    outer loop
      vertex 69.6 125 1.2
      vertex 105 125 0
      vertex 76 125 1.2
    endloop
  endfacet
  facet normal 0 -1 0
    outer loop
      vertex 76 125 1.2
      vertex 105 125 0
      vertex 77.6 125 1.2
    endloop
  endfacet
  facet normal 0 -1 0
    outer loop
      vertex 77.6 125 1.2
      vertex 105 125 0
      vertex 84 125 1.2
    endloop
  endfacet
  facet normal 0 -1 0
    outer loop
      vertex 84 125 1.2
      vertex 105 125 0
      vertex 85.6 125 1.2
    endloop
  endfacet
  facet normal 0 -1 0
    outer loop
      vertex 85.6 125 1.2
      vertex 105 125 0
      vertex 92 125 1.2
    endloop
  endfacet
  facet normal 0 -1 0
    outer loop
      vertex 92 125 1.2
      vertex 105 125 0
      vertex 93.6 125 1.2
    endloop
  endfacet
  facet normal 0 -1 0
    outer loop
      vertex 93.6 125 1.2
      vertex 105 125 0
      vertex 100 125 1.2
    endloop
  endfacet
  facet normal 0 -1 0
    outer loop
      vertex 10 125 0
      vertex 12 125 1.2
      vertex 10 125 4.81635
    endloop
  endfacet
  facet normal 0 -1 0
    outer loop
      vertex 16.4286 125 7.63096
      vertex 20 125 9.39462
      vertex 16.4286 125 8.08095
    endloop
  endfacet
  facet normal 0 -1 0
    outer loop
      vertex 13.6 125 1.2
      vertex 16.4286 125 7.63096
      vertex 13.6 125 6.59054
    endloop
  endfacet
  facet normal 0 -1 0
    outer loop
      vertex 20 125 1.2
      vertex 16.4286 125 7.63096
      vertex 13.6 125 1.2
    endloop
  endfacet
  facet normal 0 -1 0
    outer loop
      vertex 16.4286 125 7.63096
      vertex 20 125 1.2
      vertex 20 125 9.39462
    endloop
  endfacet
  facet normal 0 -1 0
    outer loop
      vertex 24.6429 125 11.5524
      vertex 28 125 13.2372
      vertex 24.6429 125 12.0024
    endloop
  endfacet
  facet normal 0 -1 0
    outer loop
      vertex 28 125 1.2
      vertex 21.6 125 10.4331
      vertex 21.6 125 1.2
    endloop
  endfacet
  facet normal 0 -1 0
    outer loop
      vertex 21.6 125 10.4331
      vertex 28 125 1.2
      vertex 24.6429 125 11.5524
    endloop
  endfacet
  facet normal 0 -1 0
    outer loop
      vertex 24.6429 125 11.5524
      vertex 28 125 1.2
      vertex 28 125 13.2372
    endloop
  endfacet
  facet normal 0 -1 0
    outer loop
      vertex 32.8571 125 15.4738
      vertex 36 125 17.0798
      vertex 32.8571 125 15.9238
    endloop
  endfacet
  facet normal 0 -1 0
    outer loop
      vertex 36 125 1.2
      vertex 29.6 125 14.2758
      vertex 29.6 125 1.2
    endloop
  endfacet
  facet normal 0 -1 0
    outer loop
      vertex 29.6 125 14.2758
      vertex 36 125 1.2
      vertex 32.8571 125 15.4738
    endloop
  endfacet
  facet normal 0 -1 0
    outer loop
      vertex 32.8571 125 15.4738
      vertex 36 125 1.2
      vertex 36 125 17.0798
    endloop
  endfacet
  facet normal 0 -1 0
    outer loop
      vertex 41.0714 125 19.3952
      vertex 44 125 20.9224
      vertex 41.0714 125 19.8452
    endloop
  endfacet
  facet normal 0 -1 0
    outer loop
      vertex 44 125 1.2
      vertex 37.6 125 18.1184
      vertex 37.6 125 1.2
    endloop
  endfacet
  facet normal 0 -1 0
    outer loop
      vertex 37.6 125 18.1184
      vertex 44 125 1.2
      vertex 41.0714 125 19.3952
    endloop
  endfacet
  facet normal 0 -1 0
    outer loop
      vertex 41.0714 125 19.3952
      vertex 44 125 1.2
      vertex 44 125 20.9224
    endloop
  endfacet
  facet normal 0 -1 0
    outer loop
      vertex 69.6 125 21.8874
      vertex 69.8214 125 21.3559
      vertex 69.8214 125 21.806
    endloop
  endfacet
  facet normal 0 -1 0
    outer loop
      vertex 69.8214 125 21.3559
      vertex 73.9286 125 19.3952
      vertex 73.9286 125 19.8452
    endloop
  endfacet
  facet normal 0 -1 0
    outer loop
      vertex 69.6 125 1.2
      vertex 69.8214 125 21.3559
      vertex 69.6 125 21.8874
    endloop
  endfacet
  facet normal 0 -1 0
    outer loop
      vertex 69.6 125 1.2
      vertex 73.9286 125 19.3952
      vertex 69.8214 125 21.3559
    endloop
  endfacet
  facet normal 0 -1 0
    outer loop
      vertex 69.6 125 1.2
      vertex 76 125 18.6333
      vertex 73.9286 125 19.3952
    endloop
  endfacet
  facet normal 0 -1 -0
    outer loop
      vertex 76 125 18.6333
      vertex 69.6 125 1.2
      vertex 76 125 1.2
    endloop
  endfacet
  facet normal 0 -1 0
    outer loop
      vertex 77.6 125 18.0448
      vertex 78.0357 125 17.4345
      vertex 78.0357 125 17.8845
    endloop
  endfacet
  facet normal 0 -1 0
    outer loop
      vertex 78.0357 125 17.4345
      vertex 82.1429 125 15.4738
      vertex 82.1429 125 15.9238
    endloop
  endfacet
  facet normal 0 -1 0
    outer loop
      vertex 77.6 125 1.2
      vertex 78.0357 125 17.4345
      vertex 77.6 125 18.0448
    endloop
  endfacet
  facet normal 0 -1 0
    outer loop
      vertex 77.6 125 1.2
      vertex 82.1429 125 15.4738
      vertex 78.0357 125 17.4345
    endloop
  endfacet
  facet normal 0 -1 0
    outer loop
      vertex 77.6 125 1.2
      vertex 84 125 14.7907
      vertex 82.1429 125 15.4738
    endloop
  endfacet
  facet normal 0 -1 -0
    outer loop
      vertex 84 125 14.7907
      vertex 77.6 125 1.2
      vertex 84 125 1.2
    endloop
  endfacet
  facet normal 0 -1 0
    outer loop
      vertex 85.6 125 14.2022
      vertex 86.25 125 13.5131
      vertex 86.25 125 13.9631
    endloop
  endfacet
  facet normal 0 -1 0
    outer loop
      vertex 86.25 125 13.5131
      vertex 90.3571 125 11.5524
      vertex 90.3571 125 12.0024
    endloop
  endfacet
  facet normal 0 -1 0
    outer loop
      vertex 85.6 125 1.2
      vertex 86.25 125 13.5131
      vertex 85.6 125 14.2022
    endloop
  endfacet
  facet normal 0 -1 0
    outer loop
      vertex 85.6 125 1.2
      vertex 90.3571 125 11.5524
      vertex 86.25 125 13.5131
    endloop
  endfacet
  facet normal 0 -1 0
    outer loop
      vertex 92 125 1.2
      vertex 90.3571 125 11.5524
      vertex 85.6 125 1.2
    endloop
  endfacet
  facet normal 0 -1 0
    outer loop
      vertex 90.3571 125 11.5524
      vertex 92 125 1.2
      vertex 92 125 10.9481
    endloop
  endfacet
  facet normal 0 -1 0
    outer loop
      vertex 93.6 125 10.3596
      vertex 94.4643 125 9.59166
      vertex 94.4643 125 10.0417
    endloop
  endfacet
  facet normal 0 -1 0
    outer loop
      vertex 94.4643 125 9.59166
      vertex 98.5714 125 7.63096
      vertex 98.5714 125 8.08095
    endloop
  endfacet
  facet normal 0 -1 0
    outer loop
      vertex 93.6 125 1.2
      vertex 94.4643 125 9.59166
      vertex 93.6 125 10.3596
    endloop
  endfacet
  facet normal 0 -1 0
    outer loop
      vertex 93.6 125 1.2
      vertex 98.5714 125 7.63096
      vertex 94.4643 125 9.59166
    endloop
  endfacet
  facet normal 0 -1 0
    outer loop
      vertex 100 125 1.2
      vertex 98.5714 125 7.63096
      vertex 93.6 125 1.2
    endloop
  endfacet
  facet normal 0 -1 0
    outer loop
      vertex 98.5714 125 7.63096
      vertex 100 125 1.2
      vertex 100 125 7.10549
    endloop
  endfacet
  facet normal 0 -1 0
    outer loop
      vertex 101.6 125 6.51697
      vertex 102.679 125 5.67023
      vertex 102.679 125 6.12024
    endloop
  endfacet
  facet normal 0 -1 0
    outer loop
      vertex 101.6 125 1.2
      vertex 102.679 125 5.67023
      vertex 101.6 125 6.51697
    endloop
  endfacet
  facet normal 0 -1 0
    outer loop
      vertex 101.6 125 1.2
      vertex 105 125 4.81635
      vertex 102.679 125 5.67023
    endloop
  endfacet
  facet normal 0 -1 0
    outer loop
      vertex 101.6 125 1.2
      vertex 105 125 0
      vertex 105 125 4.81635
    endloop
  endfacet
  facet normal 0 -1 0
    outer loop
      vertex 100 125 1.2
      vertex 105 125 0
      vertex 101.6 125 1.2
    endloop
  endfacet
  facet normal 0 -1 0
    outer loop
      vertex 53.3929 125 25.2774
      vertex 56.0765 125 20.3126
      vertex 57.5 125 20.5
    endloop
  endfacet
  facet normal 0 -1 0
    outer loop
      vertex 49.2857 125 23.3167
      vertex 54.75 125 19.7631
      vertex 56.0765 125 20.3126
    endloop
  endfacet
  facet normal 0 -1 0
    outer loop
      vertex 49.2857 125 23.3167
      vertex 53.6109 125 18.8891
      vertex 54.75 125 19.7631
    endloop
  endfacet
  facet normal 0 -1 0
    outer loop
      vertex 49.2857 125 23.3167
      vertex 52.7369 125 17.75
      vertex 53.6109 125 18.8891
    endloop
  endfacet
  facet normal 0 -1 0
    outer loop
      vertex 45.6 125 21.961
      vertex 52.1874 125 16.4235
      vertex 52.7369 125 17.75
    endloop
  endfacet
  facet normal 0 -1 0
    outer loop
      vertex 45.6 125 21.961
      vertex 52 125 15
      vertex 52.1874 125 16.4235
    endloop
  endfacet
  facet normal 0 -1 0
    outer loop
      vertex 45.6 125 21.961
      vertex 52.1874 125 13.5765
      vertex 52 125 15
    endloop
  endfacet
  facet normal 0 -1 0
    outer loop
      vertex 45.6 125 1.2
      vertex 52.1874 125 13.5765
      vertex 45.6 125 21.961
    endloop
  endfacet
  facet normal 0 -1 -0
    outer loop
      vertex 56.0765 125 9.68741
      vertex 45.6 125 1.2
      vertex 57.5 125 9.5
    endloop
  endfacet
  facet normal 0 -1 -0
    outer loop
      vertex 54.75 125 10.2369
      vertex 45.6 125 1.2
      vertex 56.0765 125 9.68741
    endloop
  endfacet
  facet normal 0 -1 -0
    outer loop
      vertex 53.6109 125 11.1109
      vertex 45.6 125 1.2
      vertex 54.75 125 10.2369
    endloop
  endfacet
  facet normal 0 -1 -0
    outer loop
      vertex 52.7369 125 12.25
      vertex 45.6 125 1.2
      vertex 53.6109 125 11.1109
    endloop
  endfacet
  facet normal 0 -1 -0
    outer loop
      vertex 52.1874 125 13.5765
      vertex 45.6 125 1.2
      vertex 52.7369 125 12.25
    endloop
  endfacet
  facet normal 0 -1 0
    outer loop
      vertex 53.3929 125 25.2774
      vertex 57.5 125 27.2381
      vertex 53.3929 125 25.7274
    endloop
  endfacet
  facet normal 0 -1 0
    outer loop
      vertex 57.5 125 20.5
      vertex 57.5 125 27.2381
      vertex 53.3929 125 25.2774
    endloop
  endfacet
  facet normal 0 -1 0
    outer loop
      vertex 57.5 125 27.2381
      vertex 61.6071 125 25.2774
      vertex 61.6071 125 25.7274
    endloop
  endfacet
  facet normal 0 -1 0
    outer loop
      vertex 49.2857 125 23.3167
      vertex 53.3929 125 25.2774
      vertex 49.2857 125 23.7667
    endloop
  endfacet
  facet normal 0 -1 0
    outer loop
      vertex 57.5 125 27.2381
      vertex 57.5 125 20.5
      vertex 61.6071 125 25.2774
    endloop
  endfacet
  facet normal 0 -1 0
    outer loop
      vertex 56.0765 125 20.3126
      vertex 53.3929 125 25.2774
      vertex 49.2857 125 23.3167
    endloop
  endfacet
  facet normal 0 -1 0
    outer loop
      vertex 58.9235 125 20.3126
      vertex 61.6071 125 25.2774
      vertex 57.5 125 20.5
    endloop
  endfacet
  facet normal 0 -1 0
    outer loop
      vertex 60.25 125 19.7631
      vertex 61.6071 125 25.2774
      vertex 58.9235 125 20.3126
    endloop
  endfacet
  facet normal 0 -1 0
    outer loop
      vertex 52.7369 125 17.75
      vertex 49.2857 125 23.3167
      vertex 45.6 125 21.961
    endloop
  endfacet
  facet normal -0 -1 0
    outer loop
      vertex 65.7143 125 23.3167
      vertex 61.6071 125 25.2774
      vertex 60.25 125 19.7631
    endloop
  endfacet
  facet normal 0 -1 0
    outer loop
      vertex 61.6071 125 25.2774
      vertex 65.7143 125 23.3167
      vertex 65.7143 125 23.7667
    endloop
  endfacet
  facet normal 0 -1 0
    outer loop
      vertex 61.3891 125 18.8891
      vertex 65.7143 125 23.3167
      vertex 60.25 125 19.7631
    endloop
  endfacet
  facet normal 0 -1 0
    outer loop
      vertex 62.2631 125 17.75
      vertex 65.7143 125 23.3167
      vertex 61.3891 125 18.8891
    endloop
  endfacet
  facet normal 0 -1 -0
    outer loop
      vertex 65.7143 125 23.3167
      vertex 62.2631 125 17.75
      vertex 68 125 22.4759
    endloop
  endfacet
  facet normal 0 -1 0
    outer loop
      vertex 62.8126 125 16.4235
      vertex 68 125 22.4759
      vertex 62.2631 125 17.75
    endloop
  endfacet
  facet normal 0 -1 0
    outer loop
      vertex 63 125 15
      vertex 68 125 22.4759
      vertex 62.8126 125 16.4235
    endloop
  endfacet
  facet normal 0 -1 0
    outer loop
      vertex 62.8126 125 13.5765
      vertex 68 125 22.4759
      vertex 63 125 15
    endloop
  endfacet
  facet normal 0 -1 0
    outer loop
      vertex 68 125 1.2
      vertex 62.8126 125 13.5765
      vertex 62.2631 125 12.25
    endloop
  endfacet
  facet normal 0 -1 0
    outer loop
      vertex 68 125 1.2
      vertex 57.5 125 9.5
      vertex 45.6 125 1.2
    endloop
  endfacet
  facet normal 0 -1 0
    outer loop
      vertex 57.5 125 9.5
      vertex 68 125 1.2
      vertex 58.9235 125 9.68741
    endloop
  endfacet
  facet normal 0 -1 0
    outer loop
      vertex 62.8126 125 13.5765
      vertex 68 125 1.2
      vertex 68 125 22.4759
    endloop
  endfacet
  facet normal 0 -1 0
    outer loop
      vertex 61.3891 125 11.1109
      vertex 68 125 1.2
      vertex 62.2631 125 12.25
    endloop
  endfacet
  facet normal 0 -1 0
    outer loop
      vertex 60.25 125 10.2369
      vertex 68 125 1.2
      vertex 61.3891 125 11.1109
    endloop
  endfacet
  facet normal 0 -1 0
    outer loop
      vertex 58.9235 125 9.68741
      vertex 68 125 1.2
      vertex 60.25 125 10.2369
    endloop
  endfacet
  facet normal 0 1 -0
    outer loop
      vertex 102.679 237 5.67023
      vertex 101.6 237 6.51697
      vertex 102.679 237 6.12024
    endloop
  endfacet
  facet normal 0 1 0
    outer loop
      vertex 102.679 237 5.67023
      vertex 101.6 237 1.2
      vertex 101.6 237 6.51697
    endloop
  endfacet
  facet normal 0 1 0
    outer loop
      vertex 105 237 4.81635
      vertex 101.6 237 1.2
      vertex 102.679 237 5.67023
    endloop
  endfacet
  facet normal 0 1 0
    outer loop
      vertex 105 237 0
      vertex 100 237 1.2
      vertex 101.6 237 1.2
    endloop
  endfacet
  facet normal 0 1 0
    outer loop
      vertex 100 237 1.2
      vertex 105 237 0
      vertex 93.6 237 1.2
    endloop
  endfacet
  facet normal 0 1 0
    outer loop
      vertex 93.6 237 1.2
      vertex 105 237 0
      vertex 92 237 1.2
    endloop
  endfacet
  facet normal 0 1 0
    outer loop
      vertex 92 237 1.2
      vertex 105 237 0
      vertex 85.6 237 1.2
    endloop
  endfacet
  facet normal 0 1 0
    outer loop
      vertex 85.6 237 1.2
      vertex 105 237 0
      vertex 84 237 1.2
    endloop
  endfacet
  facet normal 0 1 0
    outer loop
      vertex 84 237 1.2
      vertex 105 237 0
      vertex 77.6 237 1.2
    endloop
  endfacet
  facet normal 0 1 0
    outer loop
      vertex 77.6 237 1.2
      vertex 105 237 0
      vertex 76 237 1.2
    endloop
  endfacet
  facet normal 0 1 0
    outer loop
      vertex 76 237 1.2
      vertex 105 237 0
      vertex 69.6 237 1.2
    endloop
  endfacet
  facet normal 0 1 0
    outer loop
      vertex 69.6 237 1.2
      vertex 105 237 0
      vertex 68 237 1.2
    endloop
  endfacet
  facet normal 0 1 0
    outer loop
      vertex 68 237 1.2
      vertex 105 237 0
      vertex 45.6 237 1.2
    endloop
  endfacet
  facet normal 0 1 0
    outer loop
      vertex 10 237 0
      vertex 45.6 237 1.2
      vertex 105 237 0
    endloop
  endfacet
  facet normal 0 1 0
    outer loop
      vertex 45.6 237 1.2
      vertex 10 237 0
      vertex 44 237 1.2
    endloop
  endfacet
  facet normal 0 1 0
    outer loop
      vertex 44 237 1.2
      vertex 10 237 0
      vertex 37.6 237 1.2
    endloop
  endfacet
  facet normal 0 1 0
    outer loop
      vertex 37.6 237 1.2
      vertex 10 237 0
      vertex 36 237 1.2
    endloop
  endfacet
  facet normal 0 1 0
    outer loop
      vertex 36 237 1.2
      vertex 10 237 0
      vertex 29.6 237 1.2
    endloop
  endfacet
  facet normal 0 1 0
    outer loop
      vertex 29.6 237 1.2
      vertex 10 237 0
      vertex 28 237 1.2
    endloop
  endfacet
  facet normal 0 1 0
    outer loop
      vertex 28 237 1.2
      vertex 10 237 0
      vertex 21.6 237 1.2
    endloop
  endfacet
  facet normal 0 1 0
    outer loop
      vertex 21.6 237 1.2
      vertex 10 237 0
      vertex 20 237 1.2
    endloop
  endfacet
  facet normal 0 1 0
    outer loop
      vertex 20 237 1.2
      vertex 10 237 0
      vertex 13.6 237 1.2
    endloop
  endfacet
  facet normal 0 1 -0
    outer loop
      vertex 105 237 0
      vertex 101.6 237 1.2
      vertex 105 237 4.81635
    endloop
  endfacet
  facet normal 0 1 -0
    outer loop
      vertex 94.4643 237 9.59166
      vertex 93.6 237 10.3596
      vertex 94.4643 237 10.0417
    endloop
  endfacet
  facet normal 0 1 -0
    outer loop
      vertex 98.5714 237 7.63096
      vertex 94.4643 237 9.59166
      vertex 98.5714 237 8.08095
    endloop
  endfacet
  facet normal 0 1 -0
    outer loop
      vertex 100 237 1.2
      vertex 98.5714 237 7.63096
      vertex 100 237 7.10549
    endloop
  endfacet
  facet normal 0 1 0
    outer loop
      vertex 93.6 237 1.2
      vertex 98.5714 237 7.63096
      vertex 100 237 1.2
    endloop
  endfacet
  facet normal 0 1 0
    outer loop
      vertex 98.5714 237 7.63096
      vertex 93.6 237 1.2
      vertex 94.4643 237 9.59166
    endloop
  endfacet
  facet normal 0 1 0
    outer loop
      vertex 94.4643 237 9.59166
      vertex 93.6 237 1.2
      vertex 93.6 237 10.3596
    endloop
  endfacet
  facet normal 0 1 -0
    outer loop
      vertex 86.25 237 13.5131
      vertex 85.6 237 14.2022
      vertex 86.25 237 13.9631
    endloop
  endfacet
  facet normal 0 1 -0
    outer loop
      vertex 90.3571 237 11.5524
      vertex 86.25 237 13.5131
      vertex 90.3571 237 12.0024
    endloop
  endfacet
  facet normal 0 1 -0
    outer loop
      vertex 92 237 1.2
      vertex 90.3571 237 11.5524
      vertex 92 237 10.9481
    endloop
  endfacet
  facet normal 0 1 0
    outer loop
      vertex 85.6 237 1.2
      vertex 90.3571 237 11.5524
      vertex 92 237 1.2
    endloop
  endfacet
  facet normal 0 1 0
    outer loop
      vertex 90.3571 237 11.5524
      vertex 85.6 237 1.2
      vertex 86.25 237 13.5131
    endloop
  endfacet
  facet normal 0 1 0
    outer loop
      vertex 86.25 237 13.5131
      vertex 85.6 237 1.2
      vertex 85.6 237 14.2022
    endloop
  endfacet
  facet normal 0 1 -0
    outer loop
      vertex 78.0357 237 17.4345
      vertex 77.6 237 18.0448
      vertex 78.0357 237 17.8845
    endloop
  endfacet
  facet normal 0 1 -0
    outer loop
      vertex 82.1429 237 15.4738
      vertex 78.0357 237 17.4345
      vertex 82.1429 237 15.9238
    endloop
  endfacet
  facet normal 0 1 0
    outer loop
      vertex 77.6 237 1.2
      vertex 84 237 14.7907
      vertex 84 237 1.2
    endloop
  endfacet
  facet normal 0 1 0
    outer loop
      vertex 84 237 14.7907
      vertex 77.6 237 1.2
      vertex 82.1429 237 15.4738
    endloop
  endfacet
  facet normal 0 1 0
    outer loop
      vertex 82.1429 237 15.4738
      vertex 77.6 237 1.2
      vertex 78.0357 237 17.4345
    endloop
  endfacet
  facet normal 0 1 0
    outer loop
      vertex 78.0357 237 17.4345
      vertex 77.6 237 1.2
      vertex 77.6 237 18.0448
    endloop
  endfacet
  facet normal 0 1 -0
    outer loop
      vertex 69.8214 237 21.3559
      vertex 69.6 237 21.8874
      vertex 69.8214 237 21.806
    endloop
  endfacet
  facet normal 0 1 -0
    outer loop
      vertex 73.9286 237 19.3952
      vertex 69.8214 237 21.3559
      vertex 73.9286 237 19.8452
    endloop
  endfacet
  facet normal 0 1 0
    outer loop
      vertex 69.6 237 1.2
      vertex 76 237 18.6333
      vertex 76 237 1.2
    endloop
  endfacet
  facet normal 0 1 0
    outer loop
      vertex 76 237 18.6333
      vertex 69.6 237 1.2
      vertex 73.9286 237 19.3952
    endloop
  endfacet
  facet normal 0 1 0
    outer loop
      vertex 73.9286 237 19.3952
      vertex 69.6 237 1.2
      vertex 69.8214 237 21.3559
    endloop
  endfacet
  facet normal 0 1 0
    outer loop
      vertex 69.8214 237 21.3559
      vertex 69.6 237 1.2
      vertex 69.6 237 21.8874
    endloop
  endfacet
  facet normal 0 1 -0
    outer loop
      vertex 61.6071 237 25.2774
      vertex 57.5 237 27.2381
      vertex 61.6071 237 25.7274
    endloop
  endfacet
  facet normal 0 1 0
    outer loop
      vertex 53.3929 237 25.2774
      vertex 57.5 237 27.2381
      vertex 61.6071 237 25.2774
    endloop
  endfacet
  facet normal 0 1 0
    outer loop
      vertex 57.5 237 27.2381
      vertex 53.3929 237 25.2774
      vertex 53.3929 237 25.7274
    endloop
  endfacet
  facet normal 0 1 -0
    outer loop
      vertex 65.7143 237 23.3167
      vertex 61.6071 237 25.2774
      vertex 65.7143 237 23.7667
    endloop
  endfacet
  facet normal 0 1 0
    outer loop
      vertex 61.6071 237 25.2774
      vertex 65.7143 237 23.3167
      vertex 53.3929 237 25.2774
    endloop
  endfacet
  facet normal 0 1 0
    outer loop
      vertex 49.2857 237 23.3167
      vertex 53.3929 237 25.2774
      vertex 65.7143 237 23.3167
    endloop
  endfacet
  facet normal 0 1 0
    outer loop
      vertex 53.3929 237 25.2774
      vertex 49.2857 237 23.3167
      vertex 49.2857 237 23.7667
    endloop
  endfacet
  facet normal 0 1 -0
    outer loop
      vertex 68 237 1.2
      vertex 65.7143 237 23.3167
      vertex 68 237 22.4759
    endloop
  endfacet
  facet normal 0 1 0
    outer loop
      vertex 65.7143 237 23.3167
      vertex 68 237 1.2
      vertex 49.2857 237 23.3167
    endloop
  endfacet
  facet normal 0 1 0
    outer loop
      vertex 45.6 237 1.2
      vertex 49.2857 237 23.3167
      vertex 68 237 1.2
    endloop
  endfacet
  facet normal 0 1 0
    outer loop
      vertex 49.2857 237 23.3167
      vertex 45.6 237 1.2
      vertex 45.6 237 21.961
    endloop
  endfacet
  facet normal 0 1 0
    outer loop
      vertex 44 237 20.9224
      vertex 41.0714 237 19.3952
      vertex 41.0714 237 19.8452
    endloop
  endfacet
  facet normal 0 1 -0
    outer loop
      vertex 44 237 1.2
      vertex 41.0714 237 19.3952
      vertex 44 237 20.9224
    endloop
  endfacet
  facet normal 0 1 0
    outer loop
      vertex 44 237 1.2
      vertex 37.6 237 18.1184
      vertex 41.0714 237 19.3952
    endloop
  endfacet
  facet normal 0 1 0
    outer loop
      vertex 37.6 237 18.1184
      vertex 44 237 1.2
      vertex 37.6 237 1.2
    endloop
  endfacet
  facet normal 0 1 0
    outer loop
      vertex 36 237 17.0798
      vertex 32.8571 237 15.4738
      vertex 32.8571 237 15.9238
    endloop
  endfacet
  facet normal 0 1 -0
    outer loop
      vertex 36 237 1.2
      vertex 32.8571 237 15.4738
      vertex 36 237 17.0798
    endloop
  endfacet
  facet normal 0 1 0
    outer loop
      vertex 36 237 1.2
      vertex 29.6 237 14.2758
      vertex 32.8571 237 15.4738
    endloop
  endfacet
  facet normal 0 1 0
    outer loop
      vertex 29.6 237 14.2758
      vertex 36 237 1.2
      vertex 29.6 237 1.2
    endloop
  endfacet
  facet normal 0 1 0
    outer loop
      vertex 28 237 13.2372
      vertex 24.6429 237 11.5524
      vertex 24.6429 237 12.0024
    endloop
  endfacet
  facet normal 0 1 -0
    outer loop
      vertex 28 237 1.2
      vertex 24.6429 237 11.5524
      vertex 28 237 13.2372
    endloop
  endfacet
  facet normal 0 1 0
    outer loop
      vertex 28 237 1.2
      vertex 21.6 237 10.4331
      vertex 24.6429 237 11.5524
    endloop
  endfacet
  facet normal 0 1 0
    outer loop
      vertex 21.6 237 10.4331
      vertex 28 237 1.2
      vertex 21.6 237 1.2
    endloop
  endfacet
  facet normal 0 1 0
    outer loop
      vertex 20 237 9.39462
      vertex 16.4286 237 7.63096
      vertex 16.4286 237 8.08095
    endloop
  endfacet
  facet normal 0 1 -0
    outer loop
      vertex 20 237 1.2
      vertex 16.4286 237 7.63096
      vertex 20 237 9.39462
    endloop
  endfacet
  facet normal 0 1 0
    outer loop
      vertex 13.6 237 1.2
      vertex 16.4286 237 7.63096
      vertex 20 237 1.2
    endloop
  endfacet
  facet normal 0 1 0
    outer loop
      vertex 16.4286 237 7.63096
      vertex 13.6 237 1.2
      vertex 13.6 237 6.59054
    endloop
  endfacet
  facet normal 0 1 -0
    outer loop
      vertex 12 237 1.2
      vertex 10 237 4.81635
      vertex 12 237 5.552
    endloop
  endfacet
  facet normal 0 1 0
    outer loop
      vertex 12 237 1.2
      vertex 10 237 0
      vertex 10 237 4.81635
    endloop
  endfacet
  facet normal 0 1 0
    outer loop
      vertex 13.6 237 1.2
      vertex 10 237 0
      vertex 12 237 1.2
    endloop
  endfacet
  facet normal 0 -1 0
    outer loop
      vertex 53.3929 234 25.2774
      vertex 57.5 234 27.2381
      vertex 53.3929 234 25.7274
    endloop
  endfacet
  facet normal 0 -1 0
    outer loop
      vertex 61.6071 234 25.2774
      vertex 57.5 234 27.2381
      vertex 53.3929 234 25.2774
    endloop
  endfacet
  facet normal 0 -1 0
    outer loop
      vertex 57.5 234 27.2381
      vertex 61.6071 234 25.2774
      vertex 61.6071 234 25.7274
    endloop
  endfacet
  facet normal 0 -1 0
    outer loop
      vertex 49.2857 234 23.3167
      vertex 53.3929 234 25.2774
      vertex 49.2857 234 23.7667
    endloop
  endfacet
  facet normal 0 -1 -0
    outer loop
      vertex 53.3929 234 25.2774
      vertex 49.2857 234 23.3167
      vertex 61.6071 234 25.2774
    endloop
  endfacet
  facet normal 0 -1 0
    outer loop
      vertex 65.7143 234 23.3167
      vertex 61.6071 234 25.2774
      vertex 49.2857 234 23.3167
    endloop
  endfacet
  facet normal 0 -1 0
    outer loop
      vertex 61.6071 234 25.2774
      vertex 65.7143 234 23.3167
      vertex 65.7143 234 23.7667
    endloop
  endfacet
  facet normal 0 -1 0
    outer loop
      vertex 45.1786 234 21.3559
      vertex 49.2857 234 23.3167
      vertex 45.1786 234 21.806
    endloop
  endfacet
  facet normal 0 -1 -0
    outer loop
      vertex 49.2857 234 23.3167
      vertex 45.1786 234 21.3559
      vertex 65.7143 234 23.3167
    endloop
  endfacet
  facet normal 0 -1 0
    outer loop
      vertex 69.8214 234 21.3559
      vertex 65.7143 234 23.3167
      vertex 45.1786 234 21.3559
    endloop
  endfacet
  facet normal 0 -1 0
    outer loop
      vertex 65.7143 234 23.3167
      vertex 69.8214 234 21.3559
      vertex 69.8214 234 21.806
    endloop
  endfacet
  facet normal 0 -1 0
    outer loop
      vertex 41.0714 234 19.3952
      vertex 45.1786 234 21.3559
      vertex 41.0714 234 19.8452
    endloop
  endfacet
  facet normal 0 -1 -0
    outer loop
      vertex 45.1786 234 21.3559
      vertex 41.0714 234 19.3952
      vertex 69.8214 234 21.3559
    endloop
  endfacet
  facet normal 0 -1 0
    outer loop
      vertex 73.9286 234 19.3952
      vertex 69.8214 234 21.3559
      vertex 41.0714 234 19.3952
    endloop
  endfacet
  facet normal 0 -1 0
    outer loop
      vertex 69.8214 234 21.3559
      vertex 73.9286 234 19.3952
      vertex 73.9286 234 19.8452
    endloop
  endfacet
  facet normal 0 -1 0
    outer loop
      vertex 36.9643 234 17.4345
      vertex 41.0714 234 19.3952
      vertex 36.9643 234 17.8845
    endloop
  endfacet
  facet normal 0 -1 -0
    outer loop
      vertex 41.0714 234 19.3952
      vertex 36.9643 234 17.4345
      vertex 73.9286 234 19.3952
    endloop
  endfacet
  facet normal 0 -1 0
    outer loop
      vertex 78.0357 234 17.4345
      vertex 73.9286 234 19.3952
      vertex 36.9643 234 17.4345
    endloop
  endfacet
  facet normal 0 -1 0
    outer loop
      vertex 73.9286 234 19.3952
      vertex 78.0357 234 17.4345
      vertex 78.0357 234 17.8845
    endloop
  endfacet
  facet normal 0 -1 0
    outer loop
      vertex 32.8571 234 15.4738
      vertex 36.9643 234 17.4345
      vertex 32.8571 234 15.9238
    endloop
  endfacet
  facet normal 0 -1 -0
    outer loop
      vertex 36.9643 234 17.4345
      vertex 32.8571 234 15.4738
      vertex 78.0357 234 17.4345
    endloop
  endfacet
  facet normal 0 -1 0
    outer loop
      vertex 82.1429 234 15.4738
      vertex 78.0357 234 17.4345
      vertex 32.8571 234 15.4738
    endloop
  endfacet
  facet normal 0 -1 0
    outer loop
      vertex 78.0357 234 17.4345
      vertex 82.1429 234 15.4738
      vertex 82.1429 234 15.9238
    endloop
  endfacet
  facet normal 0 -1 0
    outer loop
      vertex 28.75 234 13.5131
      vertex 32.8571 234 15.4738
      vertex 28.75 234 13.9631
    endloop
  endfacet
  facet normal 0 -1 -0
    outer loop
      vertex 32.8571 234 15.4738
      vertex 28.75 234 13.5131
      vertex 82.1429 234 15.4738
    endloop
  endfacet
  facet normal 0 -1 0
    outer loop
      vertex 86.25 234 13.5131
      vertex 82.1429 234 15.4738
      vertex 28.75 234 13.5131
    endloop
  endfacet
  facet normal 0 -1 0
    outer loop
      vertex 82.1429 234 15.4738
      vertex 86.25 234 13.5131
      vertex 86.25 234 13.9631
    endloop
  endfacet
  facet normal 0 -1 0
    outer loop
      vertex 24.6429 234 11.5524
      vertex 28.75 234 13.5131
      vertex 24.6429 234 12.0024
    endloop
  endfacet
  facet normal 0 -1 -0
    outer loop
      vertex 28.75 234 13.5131
      vertex 24.6429 234 11.5524
      vertex 86.25 234 13.5131
    endloop
  endfacet
  facet normal 0 -1 0
    outer loop
      vertex 90.3571 234 11.5524
      vertex 86.25 234 13.5131
      vertex 24.6429 234 11.5524
    endloop
  endfacet
  facet normal 0 -1 0
    outer loop
      vertex 86.25 234 13.5131
      vertex 90.3571 234 11.5524
      vertex 90.3571 234 12.0024
    endloop
  endfacet
  facet normal 0 -1 0
    outer loop
      vertex 20.5357 234 9.59166
      vertex 24.6429 234 11.5524
      vertex 20.5357 234 10.0417
    endloop
  endfacet
  facet normal 0 -1 -0
    outer loop
      vertex 24.6429 234 11.5524
      vertex 20.5357 234 9.59166
      vertex 90.3571 234 11.5524
    endloop
  endfacet
  facet normal 0 -1 0
    outer loop
      vertex 94.4643 234 9.59166
      vertex 90.3571 234 11.5524
      vertex 20.5357 234 9.59166
    endloop
  endfacet
  facet normal 0 -1 0
    outer loop
      vertex 90.3571 234 11.5524
      vertex 94.4643 234 9.59166
      vertex 94.4643 234 10.0417
    endloop
  endfacet
  facet normal 0 -1 0
    outer loop
      vertex 16.4286 234 7.63096
      vertex 20.5357 234 9.59166
      vertex 16.4286 234 8.08095
    endloop
  endfacet
  facet normal 0 -1 -0
    outer loop
      vertex 20.5357 234 9.59166
      vertex 16.4286 234 7.63096
      vertex 94.4643 234 9.59166
    endloop
  endfacet
  facet normal 0 -1 0
    outer loop
      vertex 98.5714 234 7.63096
      vertex 94.4643 234 9.59166
      vertex 16.4286 234 7.63096
    endloop
  endfacet
  facet normal 0 -1 0
    outer loop
      vertex 94.4643 234 9.59166
      vertex 98.5714 234 7.63096
      vertex 98.5714 234 8.08095
    endloop
  endfacet
  facet normal 0 -1 0
    outer loop
      vertex 12.3214 234 5.67023
      vertex 16.4286 234 7.63096
      vertex 12.3214 234 6.12024
    endloop
  endfacet
  facet normal 0 -1 0
    outer loop
      vertex 10 234 4
      vertex 16.4286 234 7.63096
      vertex 12.3214 234 5.67023
    endloop
  endfacet
  facet normal 0 -1 -0
    outer loop
      vertex 16.4286 234 7.63096
      vertex 10 234 4
      vertex 98.5714 234 7.63096
    endloop
  endfacet
  facet normal 0 -1 0
    outer loop
      vertex 98.5714 234 7.63096
      vertex 102.679 234 5.67023
      vertex 102.679 234 6.12024
    endloop
  endfacet
  facet normal 0 -1 0
    outer loop
      vertex 10 234 4
      vertex 12.3214 234 5.67023
      vertex 10 234 4.81635
    endloop
  endfacet
  facet normal 0 -1 0
    outer loop
      vertex 105 234 4
      vertex 98.5714 234 7.63096
      vertex 10 234 4
    endloop
  endfacet
  facet normal 0 -1 0
    outer loop
      vertex 98.5714 234 7.63096
      vertex 105 234 4
      vertex 102.679 234 5.67023
    endloop
  endfacet
  facet normal 0 -1 0
    outer loop
      vertex 102.679 234 5.67023
      vertex 105 234 4
      vertex 105 234 4.81635
    endloop
  endfacet
  facet normal -1 0 0
    outer loop
      vertex 12 124.2 1.2
      vertex 12 125 5.552
      vertex 12 125 1.2
    endloop
  endfacet
  facet normal -1 -0 0
    outer loop
      vertex 12 125 5.552
      vertex 12 124.2 1.2
      vertex 12 124.2 5.552
    endloop
  endfacet
  facet normal 1 -0 0
    outer loop
      vertex 13.6 124.2 6.59054
      vertex 13.6 125 1.2
      vertex 13.6 125 6.59054
    endloop
  endfacet
  facet normal 1 0 0
    outer loop
      vertex 13.6 125 1.2
      vertex 13.6 124.2 6.59054
      vertex 13.6 124.2 1.2
    endloop
  endfacet
  facet normal 0 -1 0
    outer loop
      vertex 12.3214 124.2 5.67023
      vertex 13.6 124.2 6.59054
      vertex 12.3214 124.2 6.12024
    endloop
  endfacet
  facet normal 0 -1 0
    outer loop
      vertex 13.6 124.2 1.2
      vertex 12 124.2 5.552
      vertex 12 124.2 1.2
    endloop
  endfacet
  facet normal 0 -1 0
    outer loop
      vertex 12 124.2 5.552
      vertex 13.6 124.2 1.2
      vertex 12.3214 124.2 5.67023
    endloop
  endfacet
  facet normal 0 -1 0
    outer loop
      vertex 12.3214 124.2 5.67023
      vertex 13.6 124.2 1.2
      vertex 13.6 124.2 6.59054
    endloop
  endfacet
  facet normal -1 0 0
    outer loop
      vertex 20 124.2 1.2
      vertex 20 125 9.39462
      vertex 20 125 1.2
    endloop
  endfacet
  facet normal -1 -0 0
    outer loop
      vertex 20 125 9.39462
      vertex 20 124.2 1.2
      vertex 20 124.2 9.39462
    endloop
  endfacet
  facet normal 1 -0 0
    outer loop
      vertex 21.6 124.2 10.4331
      vertex 21.6 125 1.2
      vertex 21.6 125 10.4331
    endloop
  endfacet
  facet normal 1 0 0
    outer loop
      vertex 21.6 125 1.2
      vertex 21.6 124.2 10.4331
      vertex 21.6 124.2 1.2
    endloop
  endfacet
  facet normal 0 -1 0
    outer loop
      vertex 20.5357 124.2 9.59166
      vertex 21.6 124.2 10.4331
      vertex 20.5357 124.2 10.0417
    endloop
  endfacet
  facet normal 0 -1 0
    outer loop
      vertex 21.6 124.2 1.2
      vertex 20 124.2 9.39462
      vertex 20 124.2 1.2
    endloop
  endfacet
  facet normal 0 -1 0
    outer loop
      vertex 20 124.2 9.39462
      vertex 21.6 124.2 1.2
      vertex 20.5357 124.2 9.59166
    endloop
  endfacet
  facet normal 0 -1 0
    outer loop
      vertex 20.5357 124.2 9.59166
      vertex 21.6 124.2 1.2
      vertex 21.6 124.2 10.4331
    endloop
  endfacet
  facet normal -1 0 0
    outer loop
      vertex 28 124.2 1.2
      vertex 28 125 13.2372
      vertex 28 125 1.2
    endloop
  endfacet
  facet normal -1 -0 0
    outer loop
      vertex 28 125 13.2372
      vertex 28 124.2 1.2
      vertex 28 124.2 13.2372
    endloop
  endfacet
  facet normal 1 -0 0
    outer loop
      vertex 29.6 124.2 14.2758
      vertex 29.6 125 1.2
      vertex 29.6 125 14.2758
    endloop
  endfacet
  facet normal 1 0 0
    outer loop
      vertex 29.6 125 1.2
      vertex 29.6 124.2 14.2758
      vertex 29.6 124.2 1.2
    endloop
  endfacet
  facet normal 0 -1 0
    outer loop
      vertex 28.75 124.2 13.5131
      vertex 29.6 124.2 14.2758
      vertex 28.75 124.2 13.9631
    endloop
  endfacet
  facet normal 0 -1 0
    outer loop
      vertex 29.6 124.2 1.2
      vertex 28 124.2 13.2372
      vertex 28 124.2 1.2
    endloop
  endfacet
  facet normal 0 -1 0
    outer loop
      vertex 28 124.2 13.2372
      vertex 29.6 124.2 1.2
      vertex 28.75 124.2 13.5131
    endloop
  endfacet
  facet normal 0 -1 0
    outer loop
      vertex 28.75 124.2 13.5131
      vertex 29.6 124.2 1.2
      vertex 29.6 124.2 14.2758
    endloop
  endfacet
  facet normal -1 0 0
    outer loop
      vertex 36 124.2 1.2
      vertex 36 125 17.0798
      vertex 36 125 1.2
    endloop
  endfacet
  facet normal -1 -0 0
    outer loop
      vertex 36 125 17.0798
      vertex 36 124.2 1.2
      vertex 36 124.2 17.0798
    endloop
  endfacet
  facet normal 1 -0 0
    outer loop
      vertex 37.6 124.2 18.1184
      vertex 37.6 125 1.2
      vertex 37.6 125 18.1184
    endloop
  endfacet
  facet normal 1 0 0
    outer loop
      vertex 37.6 125 1.2
      vertex 37.6 124.2 18.1184
      vertex 37.6 124.2 1.2
    endloop
  endfacet
  facet normal 0 -1 0
    outer loop
      vertex 36.9643 124.2 17.4345
      vertex 37.6 124.2 18.1184
      vertex 36.9643 124.2 17.8845
    endloop
  endfacet
  facet normal 0 -1 0
    outer loop
      vertex 37.6 124.2 1.2
      vertex 36 124.2 17.0798
      vertex 36 124.2 1.2
    endloop
  endfacet
  facet normal 0 -1 0
    outer loop
      vertex 36 124.2 17.0798
      vertex 37.6 124.2 1.2
      vertex 36.9643 124.2 17.4345
    endloop
  endfacet
  facet normal 0 -1 0
    outer loop
      vertex 36.9643 124.2 17.4345
      vertex 37.6 124.2 1.2
      vertex 37.6 124.2 18.1184
    endloop
  endfacet
  facet normal -1 0 0
    outer loop
      vertex 44 124.2 1.2
      vertex 44 125 20.9224
      vertex 44 125 1.2
    endloop
  endfacet
  facet normal -1 -0 0
    outer loop
      vertex 44 125 20.9224
      vertex 44 124.2 1.2
      vertex 44 124.2 20.9224
    endloop
  endfacet
  facet normal 1 -0 0
    outer loop
      vertex 45.6 124.2 21.961
      vertex 45.6 125 1.2
      vertex 45.6 125 21.961
    endloop
  endfacet
  facet normal 1 0 0
    outer loop
      vertex 45.6 125 1.2
      vertex 45.6 124.2 21.961
      vertex 45.6 124.2 1.2
    endloop
  endfacet
  facet normal 0 -1 0
    outer loop
      vertex 45.1786 124.2 21.3559
      vertex 45.6 124.2 21.961
      vertex 45.1786 124.2 21.806
    endloop
  endfacet
  facet normal 0 -1 0
    outer loop
      vertex 45.6 124.2 1.2
      vertex 44 124.2 20.9224
      vertex 44 124.2 1.2
    endloop
  endfacet
  facet normal 0 -1 0
    outer loop
      vertex 44 124.2 20.9224
      vertex 45.6 124.2 1.2
      vertex 45.1786 124.2 21.3559
    endloop
  endfacet
  facet normal 0 -1 0
    outer loop
      vertex 45.1786 124.2 21.3559
      vertex 45.6 124.2 1.2
      vertex 45.6 124.2 21.961
    endloop
  endfacet
  facet normal -1 0 0
    outer loop
      vertex 68 124.2 1.2
      vertex 68 125 22.4759
      vertex 68 125 1.2
    endloop
  endfacet
  facet normal -1 -0 0
    outer loop
      vertex 68 125 22.4759
      vertex 68 124.2 1.2
      vertex 68 124.2 22.4759
    endloop
  endfacet
  facet normal 1 -0 0
    outer loop
      vertex 69.6 124.2 21.8874
      vertex 69.6 125 1.2
      vertex 69.6 125 21.8874
    endloop
  endfacet
  facet normal 1 0 0
    outer loop
      vertex 69.6 125 1.2
      vertex 69.6 124.2 21.8874
      vertex 69.6 124.2 1.2
    endloop
  endfacet
  facet normal 0 -1 0
    outer loop
      vertex 68 124.2 1.2
      vertex 69.6 124.2 21.8874
      vertex 68 124.2 22.4759
    endloop
  endfacet
  facet normal 0 -1 -0
    outer loop
      vertex 69.6 124.2 21.8874
      vertex 68 124.2 1.2
      vertex 69.6 124.2 1.2
    endloop
  endfacet
  facet normal -1 0 0
    outer loop
      vertex 76 124.2 1.2
      vertex 76 125 18.6333
      vertex 76 125 1.2
    endloop
  endfacet
  facet normal -1 -0 0
    outer loop
      vertex 76 125 18.6333
      vertex 76 124.2 1.2
      vertex 76 124.2 18.6333
    endloop
  endfacet
  facet normal 1 -0 0
    outer loop
      vertex 77.6 124.2 18.0448
      vertex 77.6 125 1.2
      vertex 77.6 125 18.0448
    endloop
  endfacet
  facet normal 1 0 0
    outer loop
      vertex 77.6 125 1.2
      vertex 77.6 124.2 18.0448
      vertex 77.6 124.2 1.2
    endloop
  endfacet
  facet normal 0 -1 0
    outer loop
      vertex 76 124.2 1.2
      vertex 77.6 124.2 18.0448
      vertex 76 124.2 18.6333
    endloop
  endfacet
  facet normal 0 -1 -0
    outer loop
      vertex 77.6 124.2 18.0448
      vertex 76 124.2 1.2
      vertex 77.6 124.2 1.2
    endloop
  endfacet
  facet normal -1 0 0
    outer loop
      vertex 84 124.2 1.2
      vertex 84 125 14.7907
      vertex 84 125 1.2
    endloop
  endfacet
  facet normal -1 -0 0
    outer loop
      vertex 84 125 14.7907
      vertex 84 124.2 1.2
      vertex 84 124.2 14.7907
    endloop
  endfacet
  facet normal 1 -0 0
    outer loop
      vertex 85.6 124.2 14.2022
      vertex 85.6 125 1.2
      vertex 85.6 125 14.2022
    endloop
  endfacet
  facet normal 1 0 0
    outer loop
      vertex 85.6 125 1.2
      vertex 85.6 124.2 14.2022
      vertex 85.6 124.2 1.2
    endloop
  endfacet
  facet normal 0 -1 0
    outer loop
      vertex 84 124.2 1.2
      vertex 85.6 124.2 14.2022
      vertex 84 124.2 14.7907
    endloop
  endfacet
  facet normal 0 -1 -0
    outer loop
      vertex 85.6 124.2 14.2022
      vertex 84 124.2 1.2
      vertex 85.6 124.2 1.2
    endloop
  endfacet
  facet normal -1 0 0
    outer loop
      vertex 92 124.2 1.2
      vertex 92 125 10.9481
      vertex 92 125 1.2
    endloop
  endfacet
  facet normal -1 -0 0
    outer loop
      vertex 92 125 10.9481
      vertex 92 124.2 1.2
      vertex 92 124.2 10.9481
    endloop
  endfacet
  facet normal 1 -0 0
    outer loop
      vertex 93.6 124.2 10.3596
      vertex 93.6 125 1.2
      vertex 93.6 125 10.3596
    endloop
  endfacet
  facet normal 1 0 0
    outer loop
      vertex 93.6 125 1.2
      vertex 93.6 124.2 10.3596
      vertex 93.6 124.2 1.2
    endloop
  endfacet
  facet normal 0 -1 0
    outer loop
      vertex 92 124.2 1.2
      vertex 93.6 124.2 10.3596
      vertex 92 124.2 10.9481
    endloop
  endfacet
  facet normal 0 -1 -0
    outer loop
      vertex 93.6 124.2 10.3596
      vertex 92 124.2 1.2
      vertex 93.6 124.2 1.2
    endloop
  endfacet
  facet normal -1 0 0
    outer loop
      vertex 100 124.2 1.2
      vertex 100 125 7.10549
      vertex 100 125 1.2
    endloop
  endfacet
  facet normal -1 -0 0
    outer loop
      vertex 100 125 7.10549
      vertex 100 124.2 1.2
      vertex 100 124.2 7.10549
    endloop
  endfacet
  facet normal 1 -0 0
    outer loop
      vertex 101.6 124.2 6.51697
      vertex 101.6 125 1.2
      vertex 101.6 125 6.51697
    endloop
  endfacet
  facet normal 1 0 0
    outer loop
      vertex 101.6 125 1.2
      vertex 101.6 124.2 6.51697
      vertex 101.6 124.2 1.2
    endloop
  endfacet
  facet normal 0 -1 0
    outer loop
      vertex 100 124.2 1.2
      vertex 101.6 124.2 6.51697
      vertex 100 124.2 7.10549
    endloop
  endfacet
  facet normal 0 -1 -0
    outer loop
      vertex 101.6 124.2 6.51697
      vertex 100 124.2 1.2
      vertex 101.6 124.2 1.2
    endloop
  endfacet
  facet normal 0 0 -1
    outer loop
      vertex 12 124.2 1.2
      vertex 13.6 125 1.2
      vertex 13.6 124.2 1.2
    endloop
  endfacet
  facet normal -0 0 -1
    outer loop
      vertex 13.6 125 1.2
      vertex 12 124.2 1.2
      vertex 12 125 1.2
    endloop
  endfacet
  facet normal 0 0 -1
    outer loop
      vertex 20 124.2 1.2
      vertex 21.6 125 1.2
      vertex 21.6 124.2 1.2
    endloop
  endfacet
  facet normal -0 0 -1
    outer loop
      vertex 21.6 125 1.2
      vertex 20 124.2 1.2
      vertex 20 125 1.2
    endloop
  endfacet
  facet normal 0 0 -1
    outer loop
      vertex 28 124.2 1.2
      vertex 29.6 125 1.2
      vertex 29.6 124.2 1.2
    endloop
  endfacet
  facet normal -0 0 -1
    outer loop
      vertex 29.6 125 1.2
      vertex 28 124.2 1.2
      vertex 28 125 1.2
    endloop
  endfacet
  facet normal 0 0 -1
    outer loop
      vertex 36 124.2 1.2
      vertex 37.6 125 1.2
      vertex 37.6 124.2 1.2
    endloop
  endfacet
  facet normal -0 0 -1
    outer loop
      vertex 37.6 125 1.2
      vertex 36 124.2 1.2
      vertex 36 125 1.2
    endloop
  endfacet
  facet normal 0 0 -1
    outer loop
      vertex 44 124.2 1.2
      vertex 45.6 125 1.2
      vertex 45.6 124.2 1.2
    endloop
  endfacet
  facet normal -0 0 -1
    outer loop
      vertex 45.6 125 1.2
      vertex 44 124.2 1.2
      vertex 44 125 1.2
    endloop
  endfacet
  facet normal 0 0 -1
    outer loop
      vertex 68 124.2 1.2
      vertex 69.6 125 1.2
      vertex 69.6 124.2 1.2
    endloop
  endfacet
  facet normal -0 0 -1
    outer loop
      vertex 69.6 125 1.2
      vertex 68 124.2 1.2
      vertex 68 125 1.2
    endloop
  endfacet
  facet normal 0 0 -1
    outer loop
      vertex 76 124.2 1.2
      vertex 77.6 125 1.2
      vertex 77.6 124.2 1.2
    endloop
  endfacet
  facet normal -0 0 -1
    outer loop
      vertex 77.6 125 1.2
      vertex 76 124.2 1.2
      vertex 76 125 1.2
    endloop
  endfacet
  facet normal 0 0 -1
    outer loop
      vertex 84 124.2 1.2
      vertex 85.6 125 1.2
      vertex 85.6 124.2 1.2
    endloop
  endfacet
  facet normal -0 0 -1
    outer loop
      vertex 85.6 125 1.2
      vertex 84 124.2 1.2
      vertex 84 125 1.2
    endloop
  endfacet
  facet normal 0 0 -1
    outer loop
      vertex 92 124.2 1.2
      vertex 93.6 125 1.2
      vertex 93.6 124.2 1.2
    endloop
  endfacet
  facet normal -0 0 -1
    outer loop
      vertex 93.6 125 1.2
      vertex 92 124.2 1.2
      vertex 92 125 1.2
    endloop
  endfacet
  facet normal 0 0 -1
    outer loop
      vertex 100 124.2 1.2
      vertex 101.6 125 1.2
      vertex 101.6 124.2 1.2
    endloop
  endfacet
  facet normal -0 0 -1
    outer loop
      vertex 101.6 125 1.2
      vertex 100 124.2 1.2
      vertex 100 125 1.2
    endloop
  endfacet
  facet normal -1 0 0
    outer loop
      vertex 12 237 1.2
      vertex 12 237.8 5.552
      vertex 12 237.8 1.2
    endloop
  endfacet
  facet normal -1 -0 0
    outer loop
      vertex 12 237.8 5.552
      vertex 12 237 1.2
      vertex 12 237 5.552
    endloop
  endfacet
  facet normal 1 -0 0
    outer loop
      vertex 13.6 237 6.59054
      vertex 13.6 237.8 1.2
      vertex 13.6 237.8 6.59054
    endloop
  endfacet
  facet normal 1 0 0
    outer loop
      vertex 13.6 237.8 1.2
      vertex 13.6 237 6.59054
      vertex 13.6 237 1.2
    endloop
  endfacet
  facet normal 0 1 0
    outer loop
      vertex 13.6 237.8 6.59054
      vertex 12.3214 237.8 5.67023
      vertex 12.3214 237.8 6.12024
    endloop
  endfacet
  facet normal 0 1 -0
    outer loop
      vertex 13.6 237.8 1.2
      vertex 12.3214 237.8 5.67023
      vertex 13.6 237.8 6.59054
    endloop
  endfacet
  facet normal 0 1 0
    outer loop
      vertex 13.6 237.8 1.2
      vertex 12 237.8 5.552
      vertex 12.3214 237.8 5.67023
    endloop
  endfacet
  facet normal 0 1 0
    outer loop
      vertex 12 237.8 5.552
      vertex 13.6 237.8 1.2
      vertex 12 237.8 1.2
    endloop
  endfacet
  facet normal -1 0 0
    outer loop
      vertex 20 237 1.2
      vertex 20 237.8 9.39462
      vertex 20 237.8 1.2
    endloop
  endfacet
  facet normal -1 -0 0
    outer loop
      vertex 20 237.8 9.39462
      vertex 20 237 1.2
      vertex 20 237 9.39462
    endloop
  endfacet
  facet normal 1 -0 0
    outer loop
      vertex 21.6 237 10.4331
      vertex 21.6 237.8 1.2
      vertex 21.6 237.8 10.4331
    endloop
  endfacet
  facet normal 1 0 0
    outer loop
      vertex 21.6 237.8 1.2
      vertex 21.6 237 10.4331
      vertex 21.6 237 1.2
    endloop
  endfacet
  facet normal 0 1 0
    outer loop
      vertex 21.6 237.8 10.4331
      vertex 20.5357 237.8 9.59166
      vertex 20.5357 237.8 10.0417
    endloop
  endfacet
  facet normal 0 1 -0
    outer loop
      vertex 21.6 237.8 1.2
      vertex 20.5357 237.8 9.59166
      vertex 21.6 237.8 10.4331
    endloop
  endfacet
  facet normal 0 1 0
    outer loop
      vertex 21.6 237.8 1.2
      vertex 20 237.8 9.39462
      vertex 20.5357 237.8 9.59166
    endloop
  endfacet
  facet normal 0 1 0
    outer loop
      vertex 20 237.8 9.39462
      vertex 21.6 237.8 1.2
      vertex 20 237.8 1.2
    endloop
  endfacet
  facet normal -1 0 0
    outer loop
      vertex 28 237 1.2
      vertex 28 237.8 13.2372
      vertex 28 237.8 1.2
    endloop
  endfacet
  facet normal -1 -0 0
    outer loop
      vertex 28 237.8 13.2372
      vertex 28 237 1.2
      vertex 28 237 13.2372
    endloop
  endfacet
  facet normal 1 -0 0
    outer loop
      vertex 29.6 237 14.2758
      vertex 29.6 237.8 1.2
      vertex 29.6 237.8 14.2758
    endloop
  endfacet
  facet normal 1 0 0
    outer loop
      vertex 29.6 237.8 1.2
      vertex 29.6 237 14.2758
      vertex 29.6 237 1.2
    endloop
  endfacet
  facet normal 0 1 0
    outer loop
      vertex 29.6 237.8 14.2758
      vertex 28.75 237.8 13.5131
      vertex 28.75 237.8 13.9631
    endloop
  endfacet
  facet normal 0 1 -0
    outer loop
      vertex 29.6 237.8 1.2
      vertex 28.75 237.8 13.5131
      vertex 29.6 237.8 14.2758
    endloop
  endfacet
  facet normal 0 1 0
    outer loop
      vertex 29.6 237.8 1.2
      vertex 28 237.8 13.2372
      vertex 28.75 237.8 13.5131
    endloop
  endfacet
  facet normal 0 1 0
    outer loop
      vertex 28 237.8 13.2372
      vertex 29.6 237.8 1.2
      vertex 28 237.8 1.2
    endloop
  endfacet
  facet normal -1 0 0
    outer loop
      vertex 36 237 1.2
      vertex 36 237.8 17.0798
      vertex 36 237.8 1.2
    endloop
  endfacet
  facet normal -1 -0 0
    outer loop
      vertex 36 237.8 17.0798
      vertex 36 237 1.2
      vertex 36 237 17.0798
    endloop
  endfacet
  facet normal 1 -0 0
    outer loop
      vertex 37.6 237 18.1184
      vertex 37.6 237.8 1.2
      vertex 37.6 237.8 18.1184
    endloop
  endfacet
  facet normal 1 0 0
    outer loop
      vertex 37.6 237.8 1.2
      vertex 37.6 237 18.1184
      vertex 37.6 237 1.2
    endloop
  endfacet
  facet normal 0 1 0
    outer loop
      vertex 37.6 237.8 18.1184
      vertex 36.9643 237.8 17.4345
      vertex 36.9643 237.8 17.8845
    endloop
  endfacet
  facet normal 0 1 -0
    outer loop
      vertex 37.6 237.8 1.2
      vertex 36.9643 237.8 17.4345
      vertex 37.6 237.8 18.1184
    endloop
  endfacet
  facet normal 0 1 0
    outer loop
      vertex 37.6 237.8 1.2
      vertex 36 237.8 17.0798
      vertex 36.9643 237.8 17.4345
    endloop
  endfacet
  facet normal 0 1 0
    outer loop
      vertex 36 237.8 17.0798
      vertex 37.6 237.8 1.2
      vertex 36 237.8 1.2
    endloop
  endfacet
  facet normal -1 0 0
    outer loop
      vertex 44 237 1.2
      vertex 44 237.8 20.9224
      vertex 44 237.8 1.2
    endloop
  endfacet
  facet normal -1 -0 0
    outer loop
      vertex 44 237.8 20.9224
      vertex 44 237 1.2
      vertex 44 237 20.9224
    endloop
  endfacet
  facet normal 1 -0 0
    outer loop
      vertex 45.6 237 21.961
      vertex 45.6 237.8 1.2
      vertex 45.6 237.8 21.961
    endloop
  endfacet
  facet normal 1 0 0
    outer loop
      vertex 45.6 237.8 1.2
      vertex 45.6 237 21.961
      vertex 45.6 237 1.2
    endloop
  endfacet
  facet normal 0 1 0
    outer loop
      vertex 45.6 237.8 21.961
      vertex 45.1786 237.8 21.3559
      vertex 45.1786 237.8 21.806
    endloop
  endfacet
  facet normal 0 1 -0
    outer loop
      vertex 45.6 237.8 1.2
      vertex 45.1786 237.8 21.3559
      vertex 45.6 237.8 21.961
    endloop
  endfacet
  facet normal 0 1 0
    outer loop
      vertex 45.6 237.8 1.2
      vertex 44 237.8 20.9224
      vertex 45.1786 237.8 21.3559
    endloop
  endfacet
  facet normal 0 1 0
    outer loop
      vertex 44 237.8 20.9224
      vertex 45.6 237.8 1.2
      vertex 44 237.8 1.2
    endloop
  endfacet
  facet normal -1 0 0
    outer loop
      vertex 68 237 1.2
      vertex 68 237.8 22.4759
      vertex 68 237.8 1.2
    endloop
  endfacet
  facet normal -1 -0 0
    outer loop
      vertex 68 237.8 22.4759
      vertex 68 237 1.2
      vertex 68 237 22.4759
    endloop
  endfacet
  facet normal 1 -0 0
    outer loop
      vertex 69.6 237 21.8874
      vertex 69.6 237.8 1.2
      vertex 69.6 237.8 21.8874
    endloop
  endfacet
  facet normal 1 0 0
    outer loop
      vertex 69.6 237.8 1.2
      vertex 69.6 237 21.8874
      vertex 69.6 237 1.2
    endloop
  endfacet
  facet normal 0 1 0
    outer loop
      vertex 68 237.8 1.2
      vertex 69.6 237.8 21.8874
      vertex 69.6 237.8 1.2
    endloop
  endfacet
  facet normal 0 1 0
    outer loop
      vertex 69.6 237.8 21.8874
      vertex 68 237.8 1.2
      vertex 68 237.8 22.4759
    endloop
  endfacet
  facet normal -1 0 0
    outer loop
      vertex 76 237 1.2
      vertex 76 237.8 18.6333
      vertex 76 237.8 1.2
    endloop
  endfacet
  facet normal -1 -0 0
    outer loop
      vertex 76 237.8 18.6333
      vertex 76 237 1.2
      vertex 76 237 18.6333
    endloop
  endfacet
  facet normal 1 -0 0
    outer loop
      vertex 77.6 237 18.0448
      vertex 77.6 237.8 1.2
      vertex 77.6 237.8 18.0448
    endloop
  endfacet
  facet normal 1 0 0
    outer loop
      vertex 77.6 237.8 1.2
      vertex 77.6 237 18.0448
      vertex 77.6 237 1.2
    endloop
  endfacet
  facet normal 0 1 0
    outer loop
      vertex 76 237.8 1.2
      vertex 77.6 237.8 18.0448
      vertex 77.6 237.8 1.2
    endloop
  endfacet
  facet normal 0 1 0
    outer loop
      vertex 77.6 237.8 18.0448
      vertex 76 237.8 1.2
      vertex 76 237.8 18.6333
    endloop
  endfacet
  facet normal -1 0 0
    outer loop
      vertex 84 237 1.2
      vertex 84 237.8 14.7907
      vertex 84 237.8 1.2
    endloop
  endfacet
  facet normal -1 -0 0
    outer loop
      vertex 84 237.8 14.7907
      vertex 84 237 1.2
      vertex 84 237 14.7907
    endloop
  endfacet
  facet normal 1 -0 0
    outer loop
      vertex 85.6 237 14.2022
      vertex 85.6 237.8 1.2
      vertex 85.6 237.8 14.2022
    endloop
  endfacet
  facet normal 1 0 0
    outer loop
      vertex 85.6 237.8 1.2
      vertex 85.6 237 14.2022
      vertex 85.6 237 1.2
    endloop
  endfacet
  facet normal 0 1 0
    outer loop
      vertex 84 237.8 1.2
      vertex 85.6 237.8 14.2022
      vertex 85.6 237.8 1.2
    endloop
  endfacet
  facet normal 0 1 0
    outer loop
      vertex 85.6 237.8 14.2022
      vertex 84 237.8 1.2
      vertex 84 237.8 14.7907
    endloop
  endfacet
  facet normal -1 0 0
    outer loop
      vertex 92 237 1.2
      vertex 92 237.8 10.9481
      vertex 92 237.8 1.2
    endloop
  endfacet
  facet normal -1 -0 0
    outer loop
      vertex 92 237.8 10.9481
      vertex 92 237 1.2
      vertex 92 237 10.9481
    endloop
  endfacet
  facet normal 1 -0 0
    outer loop
      vertex 93.6 237 10.3596
      vertex 93.6 237.8 1.2
      vertex 93.6 237.8 10.3596
    endloop
  endfacet
  facet normal 1 0 0
    outer loop
      vertex 93.6 237.8 1.2
      vertex 93.6 237 10.3596
      vertex 93.6 237 1.2
    endloop
  endfacet
  facet normal 0 1 0
    outer loop
      vertex 92 237.8 1.2
      vertex 93.6 237.8 10.3596
      vertex 93.6 237.8 1.2
    endloop
  endfacet
  facet normal 0 1 0
    outer loop
      vertex 93.6 237.8 10.3596
      vertex 92 237.8 1.2
      vertex 92 237.8 10.9481
    endloop
  endfacet
  facet normal -1 0 0
    outer loop
      vertex 100 237 1.2
      vertex 100 237.8 7.10549
      vertex 100 237.8 1.2
    endloop
  endfacet
  facet normal -1 -0 0
    outer loop
      vertex 100 237.8 7.10549
      vertex 100 237 1.2
      vertex 100 237 7.10549
    endloop
  endfacet
  facet normal 1 -0 0
    outer loop
      vertex 101.6 237 6.51697
      vertex 101.6 237.8 1.2
      vertex 101.6 237.8 6.51697
    endloop
  endfacet
  facet normal 1 0 0
    outer loop
      vertex 101.6 237.8 1.2
      vertex 101.6 237 6.51697
      vertex 101.6 237 1.2
    endloop
  endfacet
  facet normal 0 1 0
    outer loop
      vertex 100 237.8 1.2
      vertex 101.6 237.8 6.51697
      vertex 101.6 237.8 1.2
    endloop
  endfacet
  facet normal 0 1 0
    outer loop
      vertex 101.6 237.8 6.51697
      vertex 100 237.8 1.2
      vertex 100 237.8 7.10549
    endloop
  endfacet
  facet normal 0 0 -1
    outer loop
      vertex 12 237 1.2
      vertex 13.6 237.8 1.2
      vertex 13.6 237 1.2
    endloop
  endfacet
  facet normal -0 0 -1
    outer loop
      vertex 13.6 237.8 1.2
      vertex 12 237 1.2
      vertex 12 237.8 1.2
    endloop
  endfacet
  facet normal 0 0 -1
    outer loop
      vertex 20 237 1.2
      vertex 21.6 237.8 1.2
      vertex 21.6 237 1.2
    endloop
  endfacet
  facet normal -0 0 -1
    outer loop
      vertex 21.6 237.8 1.2
      vertex 20 237 1.2
      vertex 20 237.8 1.2
    endloop
  endfacet
  facet normal 0 0 -1
    outer loop
      vertex 28 237 1.2
      vertex 29.6 237.8 1.2
      vertex 29.6 237 1.2
    endloop
  endfacet
  facet normal -0 0 -1
    outer loop
      vertex 29.6 237.8 1.2
      vertex 28 237 1.2
      vertex 28 237.8 1.2
    endloop
  endfacet
  facet normal 0 0 -1
    outer loop
      vertex 36 237 1.2
      vertex 37.6 237.8 1.2
      vertex 37.6 237 1.2
    endloop
  endfacet
  facet normal -0 0 -1
    outer loop
      vertex 37.6 237.8 1.2
      vertex 36 237 1.2
      vertex 36 237.8 1.2
    endloop
  endfacet
  facet normal 0 0 -1
    outer loop
      vertex 44 237 1.2
      vertex 45.6 237.8 1.2
      vertex 45.6 237 1.2
    endloop
  endfacet
  facet normal -0 0 -1
    outer loop
      vertex 45.6 237.8 1.2
      vertex 44 237 1.2
      vertex 44 237.8 1.2
    endloop
  endfacet
  facet normal 0 0 -1
    outer loop
      vertex 68 237 1.2
      vertex 69.6 237.8 1.2
      vertex 69.6 237 1.2
    endloop
  endfacet
  facet normal -0 0 -1
    outer loop
      vertex 69.6 237.8 1.2
      vertex 68 237 1.2
      vertex 68 237.8 1.2
    endloop
  endfacet
  facet normal 0 0 -1
    outer loop
      vertex 76 237 1.2
      vertex 77.6 237.8 1.2
      vertex 77.6 237 1.2
    endloop
  endfacet
  facet normal -0 0 -1
    outer loop
      vertex 77.6 237.8 1.2
      vertex 76 237 1.2
      vertex 76 237.8 1.2
    endloop
  endfacet
  facet normal 0 0 -1
    outer loop
      vertex 84 237 1.2
      vertex 85.6 237.8 1.2
      vertex 85.6 237 1.2
    endloop
  endfacet
  facet normal -0 0 -1
    outer loop
      vertex 85.6 237.8 1.2
      vertex 84 237 1.2
      vertex 84 237.8 1.2
    endloop
  endfacet
  facet normal 0 0 -1
    outer loop
      vertex 92 237 1.2
      vertex 93.6 237.8 1.2
      vertex 93.6 237 1.2
    endloop
  endfacet
  facet normal -0 0 -1
    outer loop
      vertex 93.6 237.8 1.2
      vertex 92 237 1.2
      vertex 92 237.8 1.2
    endloop
  endfacet
  facet normal 0 0 -1
    outer loop
      vertex 100 237 1.2
      vertex 101.6 237.8 1.2
      vertex 101.6 237 1.2
    endloop
  endfacet
  facet normal -0 0 -1
    outer loop
      vertex 101.6 237.8 1.2
      vertex 100 237 1.2
      vertex 100 237.8 1.2
    endloop
  endfacet
  facet normal 0 0 1
    outer loop
      vertex 105 234 4
      vertex 97 229 4
      vertex 105 128 4
    endloop
  endfacet
  facet normal 0 0 1
    outer loop
      vertex 105 234 4
      vertex 18 229 4
      vertex 97 229 4
    endloop
  endfacet
  facet normal 0 0 1
    outer loop
      vertex 18 229 4
      vertex 10 234 4
      vertex 18 133 4
    endloop
  endfacet
  facet normal -0 0 1
    outer loop
      vertex 10 234 4
      vertex 18 229 4
      vertex 105 234 4
    endloop
  endfacet
  facet normal -0 0 1
    outer loop
      vertex 97 133 4
      vertex 105 128 4
      vertex 97 229 4
    endloop
  endfacet
  facet normal -0 0 1
    outer loop
      vertex 18 133 4
      vertex 105 128 4
      vertex 97 133 4
    endloop
  endfacet
  facet normal 0 0 1
    outer loop
      vertex 18 133 4
      vertex 10 128 4
      vertex 105 128 4
    endloop
  endfacet
  facet normal 0 0 1
    outer loop
      vertex 10 128 4
      vertex 18 133 4
      vertex 10 234 4
    endloop
  endfacet
  facet normal 1 -0 0
    outer loop
      vertex 18 133 4
      vertex 18 229 0
      vertex 18 229 4
    endloop
  endfacet
  facet normal 1 0 0
    outer loop
      vertex 18 229 0
      vertex 18 133 4
      vertex 18 133 0
    endloop
  endfacet
  facet normal 0 -1 0
    outer loop
      vertex 18 229 0
      vertex 97 229 4
      vertex 18 229 4
    endloop
  endfacet
  facet normal 0 -1 -0
    outer loop
      vertex 97 229 4
      vertex 18 229 0
      vertex 97 229 0
    endloop
  endfacet
  facet normal -1 0 0
    outer loop
      vertex 97 133 0
      vertex 97 229 4
      vertex 97 229 0
    endloop
  endfacet
  facet normal -1 -0 0
    outer loop
      vertex 97 229 4
      vertex 97 133 0
      vertex 97 133 4
    endloop
  endfacet
  facet normal 0 1 -0
    outer loop
      vertex 97 133 0
      vertex 18 133 4
      vertex 97 133 4
    endloop
  endfacet
  facet normal 0 1 0
    outer loop
      vertex 18 133 4
      vertex 97 133 0
      vertex 18 133 0
    endloop
  endfacet
  facet normal -0.991453 -0.130466 0
    outer loop
      vertex 13.2 147 0
      vertex 13.1421 147.44 3.5
      vertex 13.1421 147.44 0
    endloop
  endfacet
  facet normal -0.991453 -0.130466 0
    outer loop
      vertex 13.1421 147.44 3.5
      vertex 13.2 147 0
      vertex 13.2 147 3.5
    endloop
  endfacet
  facet normal 0.130688 -0.991424 0
    outer loop
      vertex 11.06 148.642 0
      vertex 11.5 148.7 3.5
      vertex 11.06 148.642 3.5
    endloop
  endfacet
  facet normal 0.130688 -0.991424 0
    outer loop
      vertex 11.5 148.7 3.5
      vertex 11.06 148.642 0
      vertex 11.5 148.7 0
    endloop
  endfacet
  facet normal -0.130688 0.991424 0
    outer loop
      vertex 11.94 145.358 0
      vertex 11.5 145.3 3.5
      vertex 11.94 145.358 3.5
    endloop
  endfacet
  facet normal -0.130688 0.991424 0
    outer loop
      vertex 11.5 145.3 3.5
      vertex 11.94 145.358 0
      vertex 11.5 145.3 0
    endloop
  endfacet
  facet normal -0.608512 -0.793545 0
    outer loop
      vertex 12.35 148.472 0
      vertex 12.7021 148.202 3.5
      vertex 12.35 148.472 3.5
    endloop
  endfacet
  facet normal -0.608512 -0.793545 -0
    outer loop
      vertex 12.7021 148.202 3.5
      vertex 12.35 148.472 0
      vertex 12.7021 148.202 0
    endloop
  endfacet
  facet normal -0.383015 -0.923742 0
    outer loop
      vertex 11.94 148.642 0
      vertex 12.35 148.472 3.5
      vertex 11.94 148.642 3.5
    endloop
  endfacet
  facet normal -0.383015 -0.923742 -0
    outer loop
      vertex 12.35 148.472 3.5
      vertex 11.94 148.642 0
      vertex 12.35 148.472 0
    endloop
  endfacet
  facet normal 0.793352 -0.608763 0
    outer loop
      vertex 10.0278 147.85 3.5
      vertex 10.2979 148.202 0
      vertex 10.2979 148.202 3.5
    endloop
  endfacet
  facet normal 0.793352 -0.608763 0
    outer loop
      vertex 10.2979 148.202 0
      vertex 10.0278 147.85 3.5
      vertex 10.0278 147.85 0
    endloop
  endfacet
  facet normal 0.608512 -0.793545 0
    outer loop
      vertex 10.2979 148.202 0
      vertex 10.65 148.472 3.5
      vertex 10.2979 148.202 3.5
    endloop
  endfacet
  facet normal 0.608512 -0.793545 0
    outer loop
      vertex 10.65 148.472 3.5
      vertex 10.2979 148.202 0
      vertex 10.65 148.472 0
    endloop
  endfacet
  facet normal -0.793352 -0.608763 0
    outer loop
      vertex 12.9722 147.85 0
      vertex 12.7021 148.202 3.5
      vertex 12.7021 148.202 0
    endloop
  endfacet
  facet normal -0.793352 -0.608763 0
    outer loop
      vertex 12.7021 148.202 3.5
      vertex 12.9722 147.85 0
      vertex 12.9722 147.85 3.5
    endloop
  endfacet
  facet normal -0.923822 -0.382823 0
    outer loop
      vertex 13.1421 147.44 0
      vertex 12.9722 147.85 3.5
      vertex 12.9722 147.85 0
    endloop
  endfacet
  facet normal -0.923822 -0.382823 0
    outer loop
      vertex 12.9722 147.85 3.5
      vertex 13.1421 147.44 0
      vertex 13.1421 147.44 3.5
    endloop
  endfacet
  facet normal -0.130688 -0.991424 0
    outer loop
      vertex 11.5 148.7 0
      vertex 11.94 148.642 3.5
      vertex 11.5 148.7 3.5
    endloop
  endfacet
  facet normal -0.130688 -0.991424 -0
    outer loop
      vertex 11.94 148.642 3.5
      vertex 11.5 148.7 0
      vertex 11.94 148.642 0
    endloop
  endfacet
  facet normal 0.923647 -0.383245 0
    outer loop
      vertex 10 147.783 3.5
      vertex 10.0278 147.85 0
      vertex 10.0278 147.85 3.5
    endloop
  endfacet
  facet normal 0.923647 -0.383245 0
    outer loop
      vertex 10.0278 147.85 0
      vertex 10 147.783 3.5
      vertex 10 147.783 0
    endloop
  endfacet
  facet normal 0.383015 -0.923742 0
    outer loop
      vertex 10.65 148.472 0
      vertex 11.06 148.642 3.5
      vertex 10.65 148.472 3.5
    endloop
  endfacet
  facet normal 0.383015 -0.923742 0
    outer loop
      vertex 11.06 148.642 3.5
      vertex 10.65 148.472 0
      vertex 11.06 148.642 0
    endloop
  endfacet
  facet normal -0.991453 0.130466 0
    outer loop
      vertex 13.1421 146.56 0
      vertex 13.2 147 3.5
      vertex 13.2 147 0
    endloop
  endfacet
  facet normal -0.991453 0.130466 0
    outer loop
      vertex 13.2 147 3.5
      vertex 13.1421 146.56 0
      vertex 13.1421 146.56 3.5
    endloop
  endfacet
  facet normal -0.793352 0.608763 0
    outer loop
      vertex 12.7021 145.798 0
      vertex 12.9722 146.15 3.5
      vertex 12.9722 146.15 0
    endloop
  endfacet
  facet normal -0.793352 0.608763 0
    outer loop
      vertex 12.9722 146.15 3.5
      vertex 12.7021 145.798 0
      vertex 12.7021 145.798 3.5
    endloop
  endfacet
  facet normal -0.923822 0.382823 0
    outer loop
      vertex 12.9722 146.15 0
      vertex 13.1421 146.56 3.5
      vertex 13.1421 146.56 0
    endloop
  endfacet
  facet normal -0.923822 0.382823 0
    outer loop
      vertex 13.1421 146.56 3.5
      vertex 12.9722 146.15 0
      vertex 12.9722 146.15 3.5
    endloop
  endfacet
  facet normal 0 0 -1
    outer loop
      vertex 13.1421 146.56 3.5
      vertex 13.1421 147.44 3.5
      vertex 13.2 147 3.5
    endloop
  endfacet
  facet normal 0 0 -1
    outer loop
      vertex 12.9722 146.15 3.5
      vertex 13.1421 147.44 3.5
      vertex 13.1421 146.56 3.5
    endloop
  endfacet
  facet normal 0 0 -1
    outer loop
      vertex 12.9722 146.15 3.5
      vertex 12.9722 147.85 3.5
      vertex 13.1421 147.44 3.5
    endloop
  endfacet
  facet normal 0 0 -1
    outer loop
      vertex 12.7021 145.798 3.5
      vertex 12.9722 147.85 3.5
      vertex 12.9722 146.15 3.5
    endloop
  endfacet
  facet normal 0 0 -1
    outer loop
      vertex 12.7021 145.798 3.5
      vertex 12.7021 148.202 3.5
      vertex 12.9722 147.85 3.5
    endloop
  endfacet
  facet normal 0 0 -1
    outer loop
      vertex 12.35 145.528 3.5
      vertex 12.7021 148.202 3.5
      vertex 12.7021 145.798 3.5
    endloop
  endfacet
  facet normal 0 0 -1
    outer loop
      vertex 12.35 145.528 3.5
      vertex 12.35 148.472 3.5
      vertex 12.7021 148.202 3.5
    endloop
  endfacet
  facet normal 0 0 -1
    outer loop
      vertex 11.94 145.358 3.5
      vertex 12.35 148.472 3.5
      vertex 12.35 145.528 3.5
    endloop
  endfacet
  facet normal 0 0 -1
    outer loop
      vertex 11.94 145.358 3.5
      vertex 11.94 148.642 3.5
      vertex 12.35 148.472 3.5
    endloop
  endfacet
  facet normal 0 0 -1
    outer loop
      vertex 11.5 145.3 3.5
      vertex 11.94 148.642 3.5
      vertex 11.94 145.358 3.5
    endloop
  endfacet
  facet normal 0 0 -1
    outer loop
      vertex 11.5 145.3 3.5
      vertex 11.5 148.7 3.5
      vertex 11.94 148.642 3.5
    endloop
  endfacet
  facet normal 0 0 -1
    outer loop
      vertex 11.06 145.358 3.5
      vertex 11.5 148.7 3.5
      vertex 11.5 145.3 3.5
    endloop
  endfacet
  facet normal 0 0 -1
    outer loop
      vertex 11.06 145.358 3.5
      vertex 11.06 148.642 3.5
      vertex 11.5 148.7 3.5
    endloop
  endfacet
  facet normal 0 0 -1
    outer loop
      vertex 10.65 145.528 3.5
      vertex 11.06 148.642 3.5
      vertex 11.06 145.358 3.5
    endloop
  endfacet
  facet normal 0 0 -1
    outer loop
      vertex 10 146.217 3.5
      vertex 11.06 148.642 3.5
      vertex 10.65 145.528 3.5
    endloop
  endfacet
  facet normal 0 0 -1
    outer loop
      vertex 10 146.217 3.5
      vertex 10.65 145.528 3.5
      vertex 10.2979 145.798 3.5
    endloop
  endfacet
  facet normal 0 0 -1
    outer loop
      vertex 11.06 148.642 3.5
      vertex 10 146.217 3.5
      vertex 10.65 148.472 3.5
    endloop
  endfacet
  facet normal 0 0 -1
    outer loop
      vertex 10 146.217 3.5
      vertex 10.2979 145.798 3.5
      vertex 10.0278 146.15 3.5
    endloop
  endfacet
  facet normal 0 0 -1
    outer loop
      vertex 10 147.783 3.5
      vertex 10.65 148.472 3.5
      vertex 10 146.217 3.5
    endloop
  endfacet
  facet normal 0 0 -1
    outer loop
      vertex 10.65 148.472 3.5
      vertex 10 147.783 3.5
      vertex 10.2979 148.202 3.5
    endloop
  endfacet
  facet normal 0 0 -1
    outer loop
      vertex 10.2979 148.202 3.5
      vertex 10 147.783 3.5
      vertex 10.0278 147.85 3.5
    endloop
  endfacet
  facet normal 0.383015 0.923742 -0
    outer loop
      vertex 11.06 145.358 0
      vertex 10.65 145.528 3.5
      vertex 11.06 145.358 3.5
    endloop
  endfacet
  facet normal 0.383015 0.923742 0
    outer loop
      vertex 10.65 145.528 3.5
      vertex 11.06 145.358 0
      vertex 10.65 145.528 0
    endloop
  endfacet
  facet normal 0.793352 0.608763 0
    outer loop
      vertex 10.2979 145.798 3.5
      vertex 10.0278 146.15 0
      vertex 10.0278 146.15 3.5
    endloop
  endfacet
  facet normal 0.793352 0.608763 0
    outer loop
      vertex 10.0278 146.15 0
      vertex 10.2979 145.798 3.5
      vertex 10.2979 145.798 0
    endloop
  endfacet
  facet normal 0.923647 0.383245 0
    outer loop
      vertex 10.0278 146.15 3.5
      vertex 10 146.217 0
      vertex 10 146.217 3.5
    endloop
  endfacet
  facet normal 0.923647 0.383245 0
    outer loop
      vertex 10 146.217 0
      vertex 10.0278 146.15 3.5
      vertex 10.0278 146.15 0
    endloop
  endfacet
  facet normal 0.608512 0.793545 -0
    outer loop
      vertex 10.65 145.528 0
      vertex 10.2979 145.798 3.5
      vertex 10.65 145.528 3.5
    endloop
  endfacet
  facet normal 0.608512 0.793545 0
    outer loop
      vertex 10.2979 145.798 3.5
      vertex 10.65 145.528 0
      vertex 10.2979 145.798 0
    endloop
  endfacet
  facet normal 0.130688 0.991424 -0
    outer loop
      vertex 11.5 145.3 0
      vertex 11.06 145.358 3.5
      vertex 11.5 145.3 3.5
    endloop
  endfacet
  facet normal 0.130688 0.991424 0
    outer loop
      vertex 11.06 145.358 3.5
      vertex 11.5 145.3 0
      vertex 11.06 145.358 0
    endloop
  endfacet
  facet normal -0.608512 0.793545 0
    outer loop
      vertex 12.7021 145.798 0
      vertex 12.35 145.528 3.5
      vertex 12.7021 145.798 3.5
    endloop
  endfacet
  facet normal -0.608512 0.793545 0
    outer loop
      vertex 12.35 145.528 3.5
      vertex 12.7021 145.798 0
      vertex 12.35 145.528 0
    endloop
  endfacet
  facet normal -0.383015 0.923742 0
    outer loop
      vertex 12.35 145.528 0
      vertex 11.94 145.358 3.5
      vertex 12.35 145.528 3.5
    endloop
  endfacet
  facet normal -0.383015 0.923742 0
    outer loop
      vertex 11.94 145.358 3.5
      vertex 12.35 145.528 0
      vertex 11.94 145.358 0
    endloop
  endfacet
  facet normal 0.130688 -0.991424 0
    outer loop
      vertex 103.06 148.642 0
      vertex 103.5 148.7 3.5
      vertex 103.06 148.642 3.5
    endloop
  endfacet
  facet normal 0.130688 -0.991424 0
    outer loop
      vertex 103.5 148.7 3.5
      vertex 103.06 148.642 0
      vertex 103.5 148.7 0
    endloop
  endfacet
  facet normal -0.130688 0.991424 0
    outer loop
      vertex 103.94 145.358 0
      vertex 103.5 145.3 3.5
      vertex 103.94 145.358 3.5
    endloop
  endfacet
  facet normal -0.130688 0.991424 0
    outer loop
      vertex 103.5 145.3 3.5
      vertex 103.94 145.358 0
      vertex 103.5 145.3 0
    endloop
  endfacet
  facet normal -0.608621 -0.793461 0
    outer loop
      vertex 104.35 148.472 0
      vertex 104.702 148.202 3.5
      vertex 104.35 148.472 3.5
    endloop
  endfacet
  facet normal -0.608621 -0.793461 -0
    outer loop
      vertex 104.702 148.202 3.5
      vertex 104.35 148.472 0
      vertex 104.702 148.202 0
    endloop
  endfacet
  facet normal -0.383015 -0.923742 0
    outer loop
      vertex 103.94 148.642 0
      vertex 104.35 148.472 3.5
      vertex 103.94 148.642 3.5
    endloop
  endfacet
  facet normal -0.383015 -0.923742 -0
    outer loop
      vertex 104.35 148.472 3.5
      vertex 103.94 148.642 0
      vertex 104.35 148.472 0
    endloop
  endfacet
  facet normal 0.793461 -0.608621 0
    outer loop
      vertex 102.028 147.85 3.5
      vertex 102.298 148.202 0
      vertex 102.298 148.202 3.5
    endloop
  endfacet
  facet normal 0.793461 -0.608621 0
    outer loop
      vertex 102.298 148.202 0
      vertex 102.028 147.85 3.5
      vertex 102.028 147.85 0
    endloop
  endfacet
  facet normal 0.923742 -0.383015 0
    outer loop
      vertex 101.858 147.44 3.5
      vertex 102.028 147.85 0
      vertex 102.028 147.85 3.5
    endloop
  endfacet
  facet normal 0.923742 -0.383015 0
    outer loop
      vertex 102.028 147.85 0
      vertex 101.858 147.44 3.5
      vertex 101.858 147.44 0
    endloop
  endfacet
  facet normal 0.608621 -0.793461 0
    outer loop
      vertex 102.298 148.202 0
      vertex 102.65 148.472 3.5
      vertex 102.298 148.202 3.5
    endloop
  endfacet
  facet normal 0.608621 -0.793461 0
    outer loop
      vertex 102.65 148.472 3.5
      vertex 102.298 148.202 0
      vertex 102.65 148.472 0
    endloop
  endfacet
  facet normal -0.793461 -0.608621 0
    outer loop
      vertex 104.972 147.85 0
      vertex 104.702 148.202 3.5
      vertex 104.702 148.202 0
    endloop
  endfacet
  facet normal -0.793461 -0.608621 0
    outer loop
      vertex 104.702 148.202 3.5
      vertex 104.972 147.85 0
      vertex 104.972 147.85 3.5
    endloop
  endfacet
  facet normal -0.922669 -0.385593 0
    outer loop
      vertex 105 147.783 0
      vertex 104.972 147.85 3.5
      vertex 104.972 147.85 0
    endloop
  endfacet
  facet normal -0.922669 -0.385593 0
    outer loop
      vertex 104.972 147.85 3.5
      vertex 105 147.783 0
      vertex 105 147.783 3.5
    endloop
  endfacet
  facet normal -0.130688 -0.991424 0
    outer loop
      vertex 103.5 148.7 0
      vertex 103.94 148.642 3.5
      vertex 103.5 148.7 3.5
    endloop
  endfacet
  facet normal -0.130688 -0.991424 -0
    outer loop
      vertex 103.94 148.642 3.5
      vertex 103.5 148.7 0
      vertex 103.94 148.642 0
    endloop
  endfacet
  facet normal 0.991424 -0.130688 0
    outer loop
      vertex 101.8 147 3.5
      vertex 101.858 147.44 0
      vertex 101.858 147.44 3.5
    endloop
  endfacet
  facet normal 0.991424 -0.130688 0
    outer loop
      vertex 101.858 147.44 0
      vertex 101.8 147 3.5
      vertex 101.8 147 0
    endloop
  endfacet
  facet normal 0 0 -1
    outer loop
      vertex 104.702 145.798 3.5
      vertex 105 146.217 3.5
      vertex 104.972 146.15 3.5
    endloop
  endfacet
  facet normal 0 0 -1
    outer loop
      vertex 104.35 145.528 3.5
      vertex 105 146.217 3.5
      vertex 104.702 145.798 3.5
    endloop
  endfacet
  facet normal -0 0 -1
    outer loop
      vertex 105 146.217 3.5
      vertex 104.35 145.528 3.5
      vertex 105 147.783 3.5
    endloop
  endfacet
  facet normal 0 0 -1
    outer loop
      vertex 105 147.783 3.5
      vertex 104.702 148.202 3.5
      vertex 104.972 147.85 3.5
    endloop
  endfacet
  facet normal 0 0 -1
    outer loop
      vertex 103.94 145.358 3.5
      vertex 105 147.783 3.5
      vertex 104.35 145.528 3.5
    endloop
  endfacet
  facet normal 0 0 -1
    outer loop
      vertex 105 147.783 3.5
      vertex 104.35 148.472 3.5
      vertex 104.702 148.202 3.5
    endloop
  endfacet
  facet normal -0 0 -1
    outer loop
      vertex 105 147.783 3.5
      vertex 103.94 145.358 3.5
      vertex 104.35 148.472 3.5
    endloop
  endfacet
  facet normal 0 0 -1
    outer loop
      vertex 103.94 145.358 3.5
      vertex 103.94 148.642 3.5
      vertex 104.35 148.472 3.5
    endloop
  endfacet
  facet normal 0 0 -1
    outer loop
      vertex 103.5 145.3 3.5
      vertex 103.94 148.642 3.5
      vertex 103.94 145.358 3.5
    endloop
  endfacet
  facet normal 0 0 -1
    outer loop
      vertex 103.5 145.3 3.5
      vertex 103.5 148.7 3.5
      vertex 103.94 148.642 3.5
    endloop
  endfacet
  facet normal 0 0 -1
    outer loop
      vertex 103.06 145.358 3.5
      vertex 103.5 148.7 3.5
      vertex 103.5 145.3 3.5
    endloop
  endfacet
  facet normal 0 0 -1
    outer loop
      vertex 103.06 145.358 3.5
      vertex 103.06 148.642 3.5
      vertex 103.5 148.7 3.5
    endloop
  endfacet
  facet normal 0 0 -1
    outer loop
      vertex 102.65 145.528 3.5
      vertex 103.06 148.642 3.5
      vertex 103.06 145.358 3.5
    endloop
  endfacet
  facet normal 0 0 -1
    outer loop
      vertex 102.65 145.528 3.5
      vertex 102.65 148.472 3.5
      vertex 103.06 148.642 3.5
    endloop
  endfacet
  facet normal 0 0 -1
    outer loop
      vertex 102.298 145.798 3.5
      vertex 102.65 148.472 3.5
      vertex 102.65 145.528 3.5
    endloop
  endfacet
  facet normal 0 0 -1
    outer loop
      vertex 102.298 145.798 3.5
      vertex 102.298 148.202 3.5
      vertex 102.65 148.472 3.5
    endloop
  endfacet
  facet normal 0 0 -1
    outer loop
      vertex 102.028 146.15 3.5
      vertex 102.298 148.202 3.5
      vertex 102.298 145.798 3.5
    endloop
  endfacet
  facet normal 0 0 -1
    outer loop
      vertex 102.028 146.15 3.5
      vertex 102.028 147.85 3.5
      vertex 102.298 148.202 3.5
    endloop
  endfacet
  facet normal 0 0 -1
    outer loop
      vertex 101.858 146.56 3.5
      vertex 102.028 147.85 3.5
      vertex 102.028 146.15 3.5
    endloop
  endfacet
  facet normal 0 0 -1
    outer loop
      vertex 101.858 146.56 3.5
      vertex 101.858 147.44 3.5
      vertex 102.028 147.85 3.5
    endloop
  endfacet
  facet normal 0 -0 -1
    outer loop
      vertex 101.858 147.44 3.5
      vertex 101.858 146.56 3.5
      vertex 101.8 147 3.5
    endloop
  endfacet
  facet normal 0.383015 -0.923742 0
    outer loop
      vertex 102.65 148.472 0
      vertex 103.06 148.642 3.5
      vertex 102.65 148.472 3.5
    endloop
  endfacet
  facet normal 0.383015 -0.923742 0
    outer loop
      vertex 103.06 148.642 3.5
      vertex 102.65 148.472 0
      vertex 103.06 148.642 0
    endloop
  endfacet
  facet normal -0.793461 0.608621 0
    outer loop
      vertex 104.702 145.798 0
      vertex 104.972 146.15 3.5
      vertex 104.972 146.15 0
    endloop
  endfacet
  facet normal -0.793461 0.608621 0
    outer loop
      vertex 104.972 146.15 3.5
      vertex 104.702 145.798 0
      vertex 104.702 145.798 3.5
    endloop
  endfacet
  facet normal -0.922669 0.385593 0
    outer loop
      vertex 104.972 146.15 0
      vertex 105 146.217 3.5
      vertex 105 146.217 0
    endloop
  endfacet
  facet normal -0.922669 0.385593 0
    outer loop
      vertex 105 146.217 3.5
      vertex 104.972 146.15 0
      vertex 104.972 146.15 3.5
    endloop
  endfacet
  facet normal 0.991424 0.130688 0
    outer loop
      vertex 101.858 146.56 3.5
      vertex 101.8 147 0
      vertex 101.8 147 3.5
    endloop
  endfacet
  facet normal 0.991424 0.130688 0
    outer loop
      vertex 101.8 147 0
      vertex 101.858 146.56 3.5
      vertex 101.858 146.56 0
    endloop
  endfacet
  facet normal 0.383015 0.923742 -0
    outer loop
      vertex 103.06 145.358 0
      vertex 102.65 145.528 3.5
      vertex 103.06 145.358 3.5
    endloop
  endfacet
  facet normal 0.383015 0.923742 0
    outer loop
      vertex 102.65 145.528 3.5
      vertex 103.06 145.358 0
      vertex 102.65 145.528 0
    endloop
  endfacet
  facet normal 0.608621 0.793461 -0
    outer loop
      vertex 102.65 145.528 0
      vertex 102.298 145.798 3.5
      vertex 102.65 145.528 3.5
    endloop
  endfacet
  facet normal 0.608621 0.793461 0
    outer loop
      vertex 102.298 145.798 3.5
      vertex 102.65 145.528 0
      vertex 102.298 145.798 0
    endloop
  endfacet
  facet normal 0.923742 0.383015 0
    outer loop
      vertex 102.028 146.15 3.5
      vertex 101.858 146.56 0
      vertex 101.858 146.56 3.5
    endloop
  endfacet
  facet normal 0.923742 0.383015 0
    outer loop
      vertex 101.858 146.56 0
      vertex 102.028 146.15 3.5
      vertex 102.028 146.15 0
    endloop
  endfacet
  facet normal -0.383015 0.923742 0
    outer loop
      vertex 104.35 145.528 0
      vertex 103.94 145.358 3.5
      vertex 104.35 145.528 3.5
    endloop
  endfacet
  facet normal -0.383015 0.923742 0
    outer loop
      vertex 103.94 145.358 3.5
      vertex 104.35 145.528 0
      vertex 103.94 145.358 0
    endloop
  endfacet
  facet normal 0.130688 0.991424 -0
    outer loop
      vertex 103.5 145.3 0
      vertex 103.06 145.358 3.5
      vertex 103.5 145.3 3.5
    endloop
  endfacet
  facet normal 0.130688 0.991424 0
    outer loop
      vertex 103.06 145.358 3.5
      vertex 103.5 145.3 0
      vertex 103.06 145.358 0
    endloop
  endfacet
  facet normal 0.793461 0.608621 0
    outer loop
      vertex 102.298 145.798 3.5
      vertex 102.028 146.15 0
      vertex 102.028 146.15 3.5
    endloop
  endfacet
  facet normal 0.793461 0.608621 0
    outer loop
      vertex 102.028 146.15 0
      vertex 102.298 145.798 3.5
      vertex 102.298 145.798 0
    endloop
  endfacet
  facet normal -0.608621 0.793461 0
    outer loop
      vertex 104.702 145.798 0
      vertex 104.35 145.528 3.5
      vertex 104.702 145.798 3.5
    endloop
  endfacet
  facet normal -0.608621 0.793461 0
    outer loop
      vertex 104.35 145.528 3.5
      vertex 104.702 145.798 0
      vertex 104.35 145.528 0
    endloop
  endfacet
  facet normal -0.991453 -0.130466 0
    outer loop
      vertex 13.2 217 0
      vertex 13.1421 217.44 3.5
      vertex 13.1421 217.44 0
    endloop
  endfacet
  facet normal -0.991453 -0.130466 0
    outer loop
      vertex 13.1421 217.44 3.5
      vertex 13.2 217 0
      vertex 13.2 217 3.5
    endloop
  endfacet
  facet normal 0.130688 -0.991424 0
    outer loop
      vertex 11.06 218.642 0
      vertex 11.5 218.7 3.5
      vertex 11.06 218.642 3.5
    endloop
  endfacet
  facet normal 0.130688 -0.991424 0
    outer loop
      vertex 11.5 218.7 3.5
      vertex 11.06 218.642 0
      vertex 11.5 218.7 0
    endloop
  endfacet
  facet normal -0.130688 0.991424 0
    outer loop
      vertex 11.94 215.358 0
      vertex 11.5 215.3 3.5
      vertex 11.94 215.358 3.5
    endloop
  endfacet
  facet normal -0.130688 0.991424 0
    outer loop
      vertex 11.5 215.3 3.5
      vertex 11.94 215.358 0
      vertex 11.5 215.3 0
    endloop
  endfacet
  facet normal -0.608512 -0.793545 0
    outer loop
      vertex 12.35 218.472 0
      vertex 12.7021 218.202 3.5
      vertex 12.35 218.472 3.5
    endloop
  endfacet
  facet normal -0.608512 -0.793545 -0
    outer loop
      vertex 12.7021 218.202 3.5
      vertex 12.35 218.472 0
      vertex 12.7021 218.202 0
    endloop
  endfacet
  facet normal -0.383015 -0.923742 0
    outer loop
      vertex 11.94 218.642 0
      vertex 12.35 218.472 3.5
      vertex 11.94 218.642 3.5
    endloop
  endfacet
  facet normal -0.383015 -0.923742 -0
    outer loop
      vertex 12.35 218.472 3.5
      vertex 11.94 218.642 0
      vertex 12.35 218.472 0
    endloop
  endfacet
  facet normal 0.793352 -0.608763 0
    outer loop
      vertex 10.0278 217.85 3.5
      vertex 10.2979 218.202 0
      vertex 10.2979 218.202 3.5
    endloop
  endfacet
  facet normal 0.793352 -0.608763 0
    outer loop
      vertex 10.2979 218.202 0
      vertex 10.0278 217.85 3.5
      vertex 10.0278 217.85 0
    endloop
  endfacet
  facet normal 0 0 -1
    outer loop
      vertex 13.1421 216.56 3.5
      vertex 13.1421 217.44 3.5
      vertex 13.2 217 3.5
    endloop
  endfacet
  facet normal 0 0 -1
    outer loop
      vertex 12.9722 216.15 3.5
      vertex 13.1421 217.44 3.5
      vertex 13.1421 216.56 3.5
    endloop
  endfacet
  facet normal 0 0 -1
    outer loop
      vertex 12.9722 216.15 3.5
      vertex 12.9722 217.85 3.5
      vertex 13.1421 217.44 3.5
    endloop
  endfacet
  facet normal 0 0 -1
    outer loop
      vertex 12.7021 215.798 3.5
      vertex 12.9722 217.85 3.5
      vertex 12.9722 216.15 3.5
    endloop
  endfacet
  facet normal 0 0 -1
    outer loop
      vertex 12.7021 215.798 3.5
      vertex 12.7021 218.202 3.5
      vertex 12.9722 217.85 3.5
    endloop
  endfacet
  facet normal 0 0 -1
    outer loop
      vertex 12.35 215.528 3.5
      vertex 12.7021 218.202 3.5
      vertex 12.7021 215.798 3.5
    endloop
  endfacet
  facet normal 0 0 -1
    outer loop
      vertex 12.35 215.528 3.5
      vertex 12.35 218.472 3.5
      vertex 12.7021 218.202 3.5
    endloop
  endfacet
  facet normal 0 0 -1
    outer loop
      vertex 11.94 215.358 3.5
      vertex 12.35 218.472 3.5
      vertex 12.35 215.528 3.5
    endloop
  endfacet
  facet normal 0 0 -1
    outer loop
      vertex 11.94 215.358 3.5
      vertex 11.94 218.642 3.5
      vertex 12.35 218.472 3.5
    endloop
  endfacet
  facet normal 0 0 -1
    outer loop
      vertex 11.5 215.3 3.5
      vertex 11.94 218.642 3.5
      vertex 11.94 215.358 3.5
    endloop
  endfacet
  facet normal 0 0 -1
    outer loop
      vertex 11.5 215.3 3.5
      vertex 11.5 218.7 3.5
      vertex 11.94 218.642 3.5
    endloop
  endfacet
  facet normal 0 0 -1
    outer loop
      vertex 11.06 215.358 3.5
      vertex 11.5 218.7 3.5
      vertex 11.5 215.3 3.5
    endloop
  endfacet
  facet normal 0 0 -1
    outer loop
      vertex 11.06 215.358 3.5
      vertex 11.06 218.642 3.5
      vertex 11.5 218.7 3.5
    endloop
  endfacet
  facet normal 0 0 -1
    outer loop
      vertex 10.65 215.528 3.5
      vertex 11.06 218.642 3.5
      vertex 11.06 215.358 3.5
    endloop
  endfacet
  facet normal 0 0 -1
    outer loop
      vertex 10 216.217 3.5
      vertex 11.06 218.642 3.5
      vertex 10.65 215.528 3.5
    endloop
  endfacet
  facet normal 0 0 -1
    outer loop
      vertex 10 216.217 3.5
      vertex 10.65 215.528 3.5
      vertex 10.2979 215.798 3.5
    endloop
  endfacet
  facet normal 0 0 -1
    outer loop
      vertex 11.06 218.642 3.5
      vertex 10 216.217 3.5
      vertex 10.65 218.472 3.5
    endloop
  endfacet
  facet normal 0 0 -1
    outer loop
      vertex 10 216.217 3.5
      vertex 10.2979 215.798 3.5
      vertex 10.0278 216.15 3.5
    endloop
  endfacet
  facet normal 0 0 -1
    outer loop
      vertex 10 217.783 3.5
      vertex 10.65 218.472 3.5
      vertex 10 216.217 3.5
    endloop
  endfacet
  facet normal 0 0 -1
    outer loop
      vertex 10.65 218.472 3.5
      vertex 10 217.783 3.5
      vertex 10.2979 218.202 3.5
    endloop
  endfacet
  facet normal 0 0 -1
    outer loop
      vertex 10.2979 218.202 3.5
      vertex 10 217.783 3.5
      vertex 10.0278 217.85 3.5
    endloop
  endfacet
  facet normal 0.608512 -0.793545 0
    outer loop
      vertex 10.2979 218.202 0
      vertex 10.65 218.472 3.5
      vertex 10.2979 218.202 3.5
    endloop
  endfacet
  facet normal 0.608512 -0.793545 0
    outer loop
      vertex 10.65 218.472 3.5
      vertex 10.2979 218.202 0
      vertex 10.65 218.472 0
    endloop
  endfacet
  facet normal -0.793352 -0.608763 0
    outer loop
      vertex 12.9722 217.85 0
      vertex 12.7021 218.202 3.5
      vertex 12.7021 218.202 0
    endloop
  endfacet
  facet normal -0.793352 -0.608763 0
    outer loop
      vertex 12.7021 218.202 3.5
      vertex 12.9722 217.85 0
      vertex 12.9722 217.85 3.5
    endloop
  endfacet
  facet normal -0.923822 -0.382823 0
    outer loop
      vertex 13.1421 217.44 0
      vertex 12.9722 217.85 3.5
      vertex 12.9722 217.85 0
    endloop
  endfacet
  facet normal -0.923822 -0.382823 0
    outer loop
      vertex 12.9722 217.85 3.5
      vertex 13.1421 217.44 0
      vertex 13.1421 217.44 3.5
    endloop
  endfacet
  facet normal -0.130688 -0.991424 0
    outer loop
      vertex 11.5 218.7 0
      vertex 11.94 218.642 3.5
      vertex 11.5 218.7 3.5
    endloop
  endfacet
  facet normal -0.130688 -0.991424 -0
    outer loop
      vertex 11.94 218.642 3.5
      vertex 11.5 218.7 0
      vertex 11.94 218.642 0
    endloop
  endfacet
  facet normal 0.923647 -0.383245 0
    outer loop
      vertex 10 217.783 3.5
      vertex 10.0278 217.85 0
      vertex 10.0278 217.85 3.5
    endloop
  endfacet
  facet normal 0.923647 -0.383245 0
    outer loop
      vertex 10.0278 217.85 0
      vertex 10 217.783 3.5
      vertex 10 217.783 0
    endloop
  endfacet
  facet normal 0.383015 -0.923742 0
    outer loop
      vertex 10.65 218.472 0
      vertex 11.06 218.642 3.5
      vertex 10.65 218.472 3.5
    endloop
  endfacet
  facet normal 0.383015 -0.923742 0
    outer loop
      vertex 11.06 218.642 3.5
      vertex 10.65 218.472 0
      vertex 11.06 218.642 0
    endloop
  endfacet
  facet normal -0.991453 0.130466 0
    outer loop
      vertex 13.1421 216.56 0
      vertex 13.2 217 3.5
      vertex 13.2 217 0
    endloop
  endfacet
  facet normal -0.991453 0.130466 0
    outer loop
      vertex 13.2 217 3.5
      vertex 13.1421 216.56 0
      vertex 13.1421 216.56 3.5
    endloop
  endfacet
  facet normal 0.923647 0.383245 0
    outer loop
      vertex 10.0278 216.15 3.5
      vertex 10 216.217 0
      vertex 10 216.217 3.5
    endloop
  endfacet
  facet normal 0.923647 0.383245 0
    outer loop
      vertex 10 216.217 0
      vertex 10.0278 216.15 3.5
      vertex 10.0278 216.15 0
    endloop
  endfacet
  facet normal -0.793352 0.608763 0
    outer loop
      vertex 12.7021 215.798 0
      vertex 12.9722 216.15 3.5
      vertex 12.9722 216.15 0
    endloop
  endfacet
  facet normal -0.793352 0.608763 0
    outer loop
      vertex 12.9722 216.15 3.5
      vertex 12.7021 215.798 0
      vertex 12.7021 215.798 3.5
    endloop
  endfacet
  facet normal -0.923822 0.382823 0
    outer loop
      vertex 12.9722 216.15 0
      vertex 13.1421 216.56 3.5
      vertex 13.1421 216.56 0
    endloop
  endfacet
  facet normal -0.923822 0.382823 0
    outer loop
      vertex 13.1421 216.56 3.5
      vertex 12.9722 216.15 0
      vertex 12.9722 216.15 3.5
    endloop
  endfacet
  facet normal 0.383015 0.923742 -0
    outer loop
      vertex 11.06 215.358 0
      vertex 10.65 215.528 3.5
      vertex 11.06 215.358 3.5
    endloop
  endfacet
  facet normal 0.383015 0.923742 0
    outer loop
      vertex 10.65 215.528 3.5
      vertex 11.06 215.358 0
      vertex 10.65 215.528 0
    endloop
  endfacet
  facet normal 0.793352 0.608763 0
    outer loop
      vertex 10.2979 215.798 3.5
      vertex 10.0278 216.15 0
      vertex 10.0278 216.15 3.5
    endloop
  endfacet
  facet normal 0.793352 0.608763 0
    outer loop
      vertex 10.0278 216.15 0
      vertex 10.2979 215.798 3.5
      vertex 10.2979 215.798 0
    endloop
  endfacet
  facet normal 0.608512 0.793545 -0
    outer loop
      vertex 10.65 215.528 0
      vertex 10.2979 215.798 3.5
      vertex 10.65 215.528 3.5
    endloop
  endfacet
  facet normal 0.608512 0.793545 0
    outer loop
      vertex 10.2979 215.798 3.5
      vertex 10.65 215.528 0
      vertex 10.2979 215.798 0
    endloop
  endfacet
  facet normal -0.383015 0.923742 0
    outer loop
      vertex 12.35 215.528 0
      vertex 11.94 215.358 3.5
      vertex 12.35 215.528 3.5
    endloop
  endfacet
  facet normal -0.383015 0.923742 0
    outer loop
      vertex 11.94 215.358 3.5
      vertex 12.35 215.528 0
      vertex 11.94 215.358 0
    endloop
  endfacet
  facet normal 0.130688 0.991424 -0
    outer loop
      vertex 11.5 215.3 0
      vertex 11.06 215.358 3.5
      vertex 11.5 215.3 3.5
    endloop
  endfacet
  facet normal 0.130688 0.991424 0
    outer loop
      vertex 11.06 215.358 3.5
      vertex 11.5 215.3 0
      vertex 11.06 215.358 0
    endloop
  endfacet
  facet normal -0.608512 0.793545 0
    outer loop
      vertex 12.7021 215.798 0
      vertex 12.35 215.528 3.5
      vertex 12.7021 215.798 3.5
    endloop
  endfacet
  facet normal -0.608512 0.793545 0
    outer loop
      vertex 12.35 215.528 3.5
      vertex 12.7021 215.798 0
      vertex 12.35 215.528 0
    endloop
  endfacet
  facet normal 0.130688 -0.991424 0
    outer loop
      vertex 103.06 218.642 0
      vertex 103.5 218.7 3.5
      vertex 103.06 218.642 3.5
    endloop
  endfacet
  facet normal 0.130688 -0.991424 0
    outer loop
      vertex 103.5 218.7 3.5
      vertex 103.06 218.642 0
      vertex 103.5 218.7 0
    endloop
  endfacet
  facet normal -0.130688 0.991424 0
    outer loop
      vertex 103.94 215.358 0
      vertex 103.5 215.3 3.5
      vertex 103.94 215.358 3.5
    endloop
  endfacet
  facet normal -0.130688 0.991424 0
    outer loop
      vertex 103.5 215.3 3.5
      vertex 103.94 215.358 0
      vertex 103.5 215.3 0
    endloop
  endfacet
  facet normal -0.608621 -0.793461 0
    outer loop
      vertex 104.35 218.472 0
      vertex 104.702 218.202 3.5
      vertex 104.35 218.472 3.5
    endloop
  endfacet
  facet normal -0.608621 -0.793461 -0
    outer loop
      vertex 104.702 218.202 3.5
      vertex 104.35 218.472 0
      vertex 104.702 218.202 0
    endloop
  endfacet
  facet normal -0.383015 -0.923742 0
    outer loop
      vertex 103.94 218.642 0
      vertex 104.35 218.472 3.5
      vertex 103.94 218.642 3.5
    endloop
  endfacet
  facet normal -0.383015 -0.923742 -0
    outer loop
      vertex 104.35 218.472 3.5
      vertex 103.94 218.642 0
      vertex 104.35 218.472 0
    endloop
  endfacet
  facet normal 0.793461 -0.608621 0
    outer loop
      vertex 102.028 217.85 3.5
      vertex 102.298 218.202 0
      vertex 102.298 218.202 3.5
    endloop
  endfacet
  facet normal 0.793461 -0.608621 0
    outer loop
      vertex 102.298 218.202 0
      vertex 102.028 217.85 3.5
      vertex 102.028 217.85 0
    endloop
  endfacet
  facet normal 0.923742 -0.383015 0
    outer loop
      vertex 101.858 217.44 3.5
      vertex 102.028 217.85 0
      vertex 102.028 217.85 3.5
    endloop
  endfacet
  facet normal 0.923742 -0.383015 0
    outer loop
      vertex 102.028 217.85 0
      vertex 101.858 217.44 3.5
      vertex 101.858 217.44 0
    endloop
  endfacet
  facet normal 0.608621 -0.793461 0
    outer loop
      vertex 102.298 218.202 0
      vertex 102.65 218.472 3.5
      vertex 102.298 218.202 3.5
    endloop
  endfacet
  facet normal 0.608621 -0.793461 0
    outer loop
      vertex 102.65 218.472 3.5
      vertex 102.298 218.202 0
      vertex 102.65 218.472 0
    endloop
  endfacet
  facet normal -0.793461 -0.608621 0
    outer loop
      vertex 104.972 217.85 0
      vertex 104.702 218.202 3.5
      vertex 104.702 218.202 0
    endloop
  endfacet
  facet normal -0.793461 -0.608621 0
    outer loop
      vertex 104.702 218.202 3.5
      vertex 104.972 217.85 0
      vertex 104.972 217.85 3.5
    endloop
  endfacet
  facet normal -0.922669 -0.385593 0
    outer loop
      vertex 105 217.783 0
      vertex 104.972 217.85 3.5
      vertex 104.972 217.85 0
    endloop
  endfacet
  facet normal -0.922669 -0.385593 0
    outer loop
      vertex 104.972 217.85 3.5
      vertex 105 217.783 0
      vertex 105 217.783 3.5
    endloop
  endfacet
  facet normal -0.130688 -0.991424 0
    outer loop
      vertex 103.5 218.7 0
      vertex 103.94 218.642 3.5
      vertex 103.5 218.7 3.5
    endloop
  endfacet
  facet normal -0.130688 -0.991424 -0
    outer loop
      vertex 103.94 218.642 3.5
      vertex 103.5 218.7 0
      vertex 103.94 218.642 0
    endloop
  endfacet
  facet normal 0.991424 -0.130688 0
    outer loop
      vertex 101.8 217 3.5
      vertex 101.858 217.44 0
      vertex 101.858 217.44 3.5
    endloop
  endfacet
  facet normal 0.991424 -0.130688 0
    outer loop
      vertex 101.858 217.44 0
      vertex 101.8 217 3.5
      vertex 101.8 217 0
    endloop
  endfacet
  facet normal 0 0 -1
    outer loop
      vertex 104.702 215.798 3.5
      vertex 105 216.217 3.5
      vertex 104.972 216.15 3.5
    endloop
  endfacet
  facet normal 0 0 -1
    outer loop
      vertex 104.35 215.528 3.5
      vertex 105 216.217 3.5
      vertex 104.702 215.798 3.5
    endloop
  endfacet
  facet normal -0 0 -1
    outer loop
      vertex 105 216.217 3.5
      vertex 104.35 215.528 3.5
      vertex 105 217.783 3.5
    endloop
  endfacet
  facet normal 0 0 -1
    outer loop
      vertex 105 217.783 3.5
      vertex 104.702 218.202 3.5
      vertex 104.972 217.85 3.5
    endloop
  endfacet
  facet normal 0 0 -1
    outer loop
      vertex 103.94 215.358 3.5
      vertex 105 217.783 3.5
      vertex 104.35 215.528 3.5
    endloop
  endfacet
  facet normal 0 0 -1
    outer loop
      vertex 105 217.783 3.5
      vertex 104.35 218.472 3.5
      vertex 104.702 218.202 3.5
    endloop
  endfacet
  facet normal -0 0 -1
    outer loop
      vertex 105 217.783 3.5
      vertex 103.94 215.358 3.5
      vertex 104.35 218.472 3.5
    endloop
  endfacet
  facet normal 0 0 -1
    outer loop
      vertex 103.94 215.358 3.5
      vertex 103.94 218.642 3.5
      vertex 104.35 218.472 3.5
    endloop
  endfacet
  facet normal 0 0 -1
    outer loop
      vertex 103.5 215.3 3.5
      vertex 103.94 218.642 3.5
      vertex 103.94 215.358 3.5
    endloop
  endfacet
  facet normal 0 0 -1
    outer loop
      vertex 103.5 215.3 3.5
      vertex 103.5 218.7 3.5
      vertex 103.94 218.642 3.5
    endloop
  endfacet
  facet normal 0 0 -1
    outer loop
      vertex 103.06 215.358 3.5
      vertex 103.5 218.7 3.5
      vertex 103.5 215.3 3.5
    endloop
  endfacet
  facet normal 0 0 -1
    outer loop
      vertex 103.06 215.358 3.5
      vertex 103.06 218.642 3.5
      vertex 103.5 218.7 3.5
    endloop
  endfacet
  facet normal 0 0 -1
    outer loop
      vertex 102.65 215.528 3.5
      vertex 103.06 218.642 3.5
      vertex 103.06 215.358 3.5
    endloop
  endfacet
  facet normal 0 0 -1
    outer loop
      vertex 102.65 215.528 3.5
      vertex 102.65 218.472 3.5
      vertex 103.06 218.642 3.5
    endloop
  endfacet
  facet normal 0 0 -1
    outer loop
      vertex 102.298 215.798 3.5
      vertex 102.65 218.472 3.5
      vertex 102.65 215.528 3.5
    endloop
  endfacet
  facet normal 0 0 -1
    outer loop
      vertex 102.298 215.798 3.5
      vertex 102.298 218.202 3.5
      vertex 102.65 218.472 3.5
    endloop
  endfacet
  facet normal 0 0 -1
    outer loop
      vertex 102.028 216.15 3.5
      vertex 102.298 218.202 3.5
      vertex 102.298 215.798 3.5
    endloop
  endfacet
  facet normal 0 0 -1
    outer loop
      vertex 102.028 216.15 3.5
      vertex 102.028 217.85 3.5
      vertex 102.298 218.202 3.5
    endloop
  endfacet
  facet normal 0 0 -1
    outer loop
      vertex 101.858 216.56 3.5
      vertex 102.028 217.85 3.5
      vertex 102.028 216.15 3.5
    endloop
  endfacet
  facet normal 0 0 -1
    outer loop
      vertex 101.858 216.56 3.5
      vertex 101.858 217.44 3.5
      vertex 102.028 217.85 3.5
    endloop
  endfacet
  facet normal 0 -0 -1
    outer loop
      vertex 101.858 217.44 3.5
      vertex 101.858 216.56 3.5
      vertex 101.8 217 3.5
    endloop
  endfacet
  facet normal 0.383015 -0.923742 0
    outer loop
      vertex 102.65 218.472 0
      vertex 103.06 218.642 3.5
      vertex 102.65 218.472 3.5
    endloop
  endfacet
  facet normal 0.383015 -0.923742 0
    outer loop
      vertex 103.06 218.642 3.5
      vertex 102.65 218.472 0
      vertex 103.06 218.642 0
    endloop
  endfacet
  facet normal -0.793461 0.608621 0
    outer loop
      vertex 104.702 215.798 0
      vertex 104.972 216.15 3.5
      vertex 104.972 216.15 0
    endloop
  endfacet
  facet normal -0.793461 0.608621 0
    outer loop
      vertex 104.972 216.15 3.5
      vertex 104.702 215.798 0
      vertex 104.702 215.798 3.5
    endloop
  endfacet
  facet normal -0.922669 0.385593 0
    outer loop
      vertex 104.972 216.15 0
      vertex 105 216.217 3.5
      vertex 105 216.217 0
    endloop
  endfacet
  facet normal -0.922669 0.385593 0
    outer loop
      vertex 105 216.217 3.5
      vertex 104.972 216.15 0
      vertex 104.972 216.15 3.5
    endloop
  endfacet
  facet normal 0.991424 0.130688 0
    outer loop
      vertex 101.858 216.56 3.5
      vertex 101.8 217 0
      vertex 101.8 217 3.5
    endloop
  endfacet
  facet normal 0.991424 0.130688 0
    outer loop
      vertex 101.8 217 0
      vertex 101.858 216.56 3.5
      vertex 101.858 216.56 0
    endloop
  endfacet
  facet normal 0.383015 0.923742 -0
    outer loop
      vertex 103.06 215.358 0
      vertex 102.65 215.528 3.5
      vertex 103.06 215.358 3.5
    endloop
  endfacet
  facet normal 0.383015 0.923742 0
    outer loop
      vertex 102.65 215.528 3.5
      vertex 103.06 215.358 0
      vertex 102.65 215.528 0
    endloop
  endfacet
  facet normal 0.608621 0.793461 -0
    outer loop
      vertex 102.65 215.528 0
      vertex 102.298 215.798 3.5
      vertex 102.65 215.528 3.5
    endloop
  endfacet
  facet normal 0.608621 0.793461 0
    outer loop
      vertex 102.298 215.798 3.5
      vertex 102.65 215.528 0
      vertex 102.298 215.798 0
    endloop
  endfacet
  facet normal 0.130688 0.991424 -0
    outer loop
      vertex 103.5 215.3 0
      vertex 103.06 215.358 3.5
      vertex 103.5 215.3 3.5
    endloop
  endfacet
  facet normal 0.130688 0.991424 0
    outer loop
      vertex 103.06 215.358 3.5
      vertex 103.5 215.3 0
      vertex 103.06 215.358 0
    endloop
  endfacet
  facet normal 0.793461 0.608621 0
    outer loop
      vertex 102.298 215.798 3.5
      vertex 102.028 216.15 0
      vertex 102.028 216.15 3.5
    endloop
  endfacet
  facet normal 0.793461 0.608621 0
    outer loop
      vertex 102.028 216.15 0
      vertex 102.298 215.798 3.5
      vertex 102.298 215.798 0
    endloop
  endfacet
  facet normal 0.923742 0.383015 0
    outer loop
      vertex 102.028 216.15 3.5
      vertex 101.858 216.56 0
      vertex 101.858 216.56 3.5
    endloop
  endfacet
  facet normal 0.923742 0.383015 0
    outer loop
      vertex 101.858 216.56 0
      vertex 102.028 216.15 3.5
      vertex 102.028 216.15 0
    endloop
  endfacet
  facet normal -0.608621 0.793461 0
    outer loop
      vertex 104.702 215.798 0
      vertex 104.35 215.528 3.5
      vertex 104.702 215.798 3.5
    endloop
  endfacet
  facet normal -0.608621 0.793461 0
    outer loop
      vertex 104.35 215.528 3.5
      vertex 104.702 215.798 0
      vertex 104.35 215.528 0
    endloop
  endfacet
  facet normal -0.383015 0.923742 0
    outer loop
      vertex 104.35 215.528 0
      vertex 103.94 215.358 3.5
      vertex 104.35 215.528 3.5
    endloop
  endfacet
  facet normal -0.383015 0.923742 0
    outer loop
      vertex 103.94 215.358 3.5
      vertex 104.35 215.528 0
      vertex 103.94 215.358 0
    endloop
  endfacet
  facet normal -0.991446 0 -0.130521
    outer loop
      vertex 63 125 15
      vertex 62.8126 128 16.4235
      vertex 63 128 15
    endloop
  endfacet
  facet normal -0.991446 -0 -0.130521
    outer loop
      vertex 62.8126 128 16.4235
      vertex 63 125 15
      vertex 62.8126 125 16.4235
    endloop
  endfacet
  facet normal -0.923868 0 -0.382711
    outer loop
      vertex 62.8126 125 16.4235
      vertex 62.2631 128 17.75
      vertex 62.8126 128 16.4235
    endloop
  endfacet
  facet normal -0.923868 -0 -0.382711
    outer loop
      vertex 62.2631 128 17.75
      vertex 62.8126 125 16.4235
      vertex 62.2631 125 17.75
    endloop
  endfacet
  facet normal 0.130521 0 -0.991446
    outer loop
      vertex 56.0765 125 20.3126
      vertex 57.5 128 20.5
      vertex 57.5 125 20.5
    endloop
  endfacet
  facet normal 0.130521 0 -0.991446
    outer loop
      vertex 57.5 128 20.5
      vertex 56.0765 125 20.3126
      vertex 56.0765 128 20.3126
    endloop
  endfacet
  facet normal -0.608734 0 -0.793374
    outer loop
      vertex 60.25 125 19.7631
      vertex 61.3891 128 18.8891
      vertex 61.3891 125 18.8891
    endloop
  endfacet
  facet normal -0.608734 0 -0.793374
    outer loop
      vertex 61.3891 128 18.8891
      vertex 60.25 125 19.7631
      vertex 60.25 128 19.7631
    endloop
  endfacet
  facet normal 0.793374 0 -0.608734
    outer loop
      vertex 53.6109 125 18.8891
      vertex 52.7369 128 17.75
      vertex 53.6109 128 18.8891
    endloop
  endfacet
  facet normal 0.793374 0 -0.608734
    outer loop
      vertex 52.7369 128 17.75
      vertex 53.6109 125 18.8891
      vertex 52.7369 125 17.75
    endloop
  endfacet
  facet normal 0.608734 0 -0.793374
    outer loop
      vertex 53.6109 125 18.8891
      vertex 54.75 128 19.7631
      vertex 54.75 125 19.7631
    endloop
  endfacet
  facet normal 0.608734 0 -0.793374
    outer loop
      vertex 54.75 128 19.7631
      vertex 53.6109 125 18.8891
      vertex 53.6109 128 18.8891
    endloop
  endfacet
  facet normal -0.130521 0 -0.991446
    outer loop
      vertex 57.5 125 20.5
      vertex 58.9235 128 20.3126
      vertex 58.9235 125 20.3126
    endloop
  endfacet
  facet normal -0.130521 0 -0.991446
    outer loop
      vertex 58.9235 128 20.3126
      vertex 57.5 125 20.5
      vertex 57.5 128 20.5
    endloop
  endfacet
  facet normal -0.382711 0 -0.923868
    outer loop
      vertex 58.9235 125 20.3126
      vertex 60.25 128 19.7631
      vertex 60.25 125 19.7631
    endloop
  endfacet
  facet normal -0.382711 0 -0.923868
    outer loop
      vertex 60.25 128 19.7631
      vertex 58.9235 125 20.3126
      vertex 58.9235 128 20.3126
    endloop
  endfacet
  facet normal 0.923868 0 -0.382711
    outer loop
      vertex 52.7369 125 17.75
      vertex 52.1874 128 16.4235
      vertex 52.7369 128 17.75
    endloop
  endfacet
  facet normal 0.923868 0 -0.382711
    outer loop
      vertex 52.1874 128 16.4235
      vertex 52.7369 125 17.75
      vertex 52.1874 125 16.4235
    endloop
  endfacet
  facet normal 0.382711 0 -0.923868
    outer loop
      vertex 54.75 125 19.7631
      vertex 56.0765 128 20.3126
      vertex 56.0765 125 20.3126
    endloop
  endfacet
  facet normal 0.382711 0 -0.923868
    outer loop
      vertex 56.0765 128 20.3126
      vertex 54.75 125 19.7631
      vertex 54.75 128 19.7631
    endloop
  endfacet
  facet normal -0.793374 0 0.608734
    outer loop
      vertex 61.3891 125 11.1109
      vertex 62.2631 128 12.25
      vertex 61.3891 128 11.1109
    endloop
  endfacet
  facet normal -0.793374 0 0.608734
    outer loop
      vertex 62.2631 128 12.25
      vertex 61.3891 125 11.1109
      vertex 62.2631 125 12.25
    endloop
  endfacet
  facet normal -0.382705 0 0.923871
    outer loop
      vertex 58.9235 128 9.68741
      vertex 60.25 125 10.2369
      vertex 60.25 128 10.2369
    endloop
  endfacet
  facet normal -0.382705 0 0.923871
    outer loop
      vertex 60.25 125 10.2369
      vertex 58.9235 128 9.68741
      vertex 58.9235 125 9.68741
    endloop
  endfacet
  facet normal 0.382705 0 0.923871
    outer loop
      vertex 54.75 128 10.2369
      vertex 56.0765 125 9.68741
      vertex 56.0765 128 9.68741
    endloop
  endfacet
  facet normal 0.382705 0 0.923871
    outer loop
      vertex 56.0765 125 9.68741
      vertex 54.75 128 10.2369
      vertex 54.75 125 10.2369
    endloop
  endfacet
  facet normal 0.608734 0 0.793374
    outer loop
      vertex 53.6109 128 11.1109
      vertex 54.75 125 10.2369
      vertex 54.75 128 10.2369
    endloop
  endfacet
  facet normal 0.608734 0 0.793374
    outer loop
      vertex 54.75 125 10.2369
      vertex 53.6109 128 11.1109
      vertex 53.6109 125 11.1109
    endloop
  endfacet
  facet normal 0.923868 -0 0.382711
    outer loop
      vertex 52.1874 125 13.5765
      vertex 52.7369 128 12.25
      vertex 52.1874 128 13.5765
    endloop
  endfacet
  facet normal 0.923868 0 0.382711
    outer loop
      vertex 52.7369 128 12.25
      vertex 52.1874 125 13.5765
      vertex 52.7369 125 12.25
    endloop
  endfacet
  facet normal -0.793374 0 -0.608734
    outer loop
      vertex 62.2631 125 17.75
      vertex 61.3891 128 18.8891
      vertex 62.2631 128 17.75
    endloop
  endfacet
  facet normal -0.793374 -0 -0.608734
    outer loop
      vertex 61.3891 128 18.8891
      vertex 62.2631 125 17.75
      vertex 61.3891 125 18.8891
    endloop
  endfacet
  facet normal 0.991446 0 -0.130521
    outer loop
      vertex 52.1874 125 16.4235
      vertex 52 128 15
      vertex 52.1874 128 16.4235
    endloop
  endfacet
  facet normal 0.991446 0 -0.130521
    outer loop
      vertex 52 128 15
      vertex 52.1874 125 16.4235
      vertex 52 125 15
    endloop
  endfacet
  facet normal 0.991446 -0 0.130521
    outer loop
      vertex 52 125 15
      vertex 52.1874 128 13.5765
      vertex 52 128 15
    endloop
  endfacet
  facet normal 0.991446 0 0.130521
    outer loop
      vertex 52.1874 128 13.5765
      vertex 52 125 15
      vertex 52.1874 125 13.5765
    endloop
  endfacet
  facet normal -0.608734 0 0.793374
    outer loop
      vertex 60.25 128 10.2369
      vertex 61.3891 125 11.1109
      vertex 61.3891 128 11.1109
    endloop
  endfacet
  facet normal -0.608734 0 0.793374
    outer loop
      vertex 61.3891 125 11.1109
      vertex 60.25 128 10.2369
      vertex 60.25 125 10.2369
    endloop
  endfacet
  facet normal 0.130528 0 0.991445
    outer loop
      vertex 56.0765 128 9.68741
      vertex 57.5 125 9.5
      vertex 57.5 128 9.5
    endloop
  endfacet
  facet normal 0.130528 0 0.991445
    outer loop
      vertex 57.5 125 9.5
      vertex 56.0765 128 9.68741
      vertex 56.0765 125 9.68741
    endloop
  endfacet
  facet normal -0.130528 0 0.991445
    outer loop
      vertex 57.5 128 9.5
      vertex 58.9235 125 9.68741
      vertex 58.9235 128 9.68741
    endloop
  endfacet
  facet normal -0.130528 0 0.991445
    outer loop
      vertex 58.9235 125 9.68741
      vertex 57.5 128 9.5
      vertex 57.5 125 9.5
    endloop
  endfacet
  facet normal 0.793374 -0 0.608734
    outer loop
      vertex 52.7369 125 12.25
      vertex 53.6109 128 11.1109
      vertex 52.7369 128 12.25
    endloop
  endfacet
  facet normal 0.793374 0 0.608734
    outer loop
      vertex 53.6109 128 11.1109
      vertex 52.7369 125 12.25
      vertex 53.6109 125 11.1109
    endloop
  endfacet
  facet normal -0.923868 0 0.382711
    outer loop
      vertex 62.2631 125 12.25
      vertex 62.8126 128 13.5765
      vertex 62.2631 128 12.25
    endloop
  endfacet
  facet normal -0.923868 0 0.382711
    outer loop
      vertex 62.8126 128 13.5765
      vertex 62.2631 125 12.25
      vertex 62.8126 125 13.5765
    endloop
  endfacet
  facet normal -0.991446 0 0.130521
    outer loop
      vertex 62.8126 125 13.5765
      vertex 63 128 15
      vertex 62.8126 128 13.5765
    endloop
  endfacet
  facet normal -0.991446 0 0.130521
    outer loop
      vertex 63 128 15
      vertex 62.8126 125 13.5765
      vertex 63 125 15
    endloop
  endfacet
  facet normal 0 0.991457 -0.130435
    outer loop
      vertex 168 40.9319 1.78236
      vertex 103 41 2.3
      vertex 168 41 2.3
    endloop
  endfacet
  facet normal 0 0.991457 -0.130435
    outer loop
      vertex 103 41 2.3
      vertex 168 40.9319 1.78236
      vertex 103 40.9319 1.78236
    endloop
  endfacet
  facet normal -0 0.130539 0.991443
    outer loop
      vertex 103 39.5176 4.23185
      vertex 168 39 4.3
      vertex 168 39.5176 4.23185
    endloop
  endfacet
  facet normal 0 0.130539 0.991443
    outer loop
      vertex 168 39 4.3
      vertex 103 39.5176 4.23185
      vertex 103 39 4.3
    endloop
  endfacet
  facet normal 0 0.793385 0.60872
    outer loop
      vertex 168 40.732 3.3
      vertex 103 40.4142 3.71421
      vertex 168 40.4142 3.71421
    endloop
  endfacet
  facet normal 0 0.793385 0.60872
    outer loop
      vertex 103 40.4142 3.71421
      vertex 168 40.732 3.3
      vertex 103 40.732 3.3
    endloop
  endfacet
  facet normal 0 0.608774 -0.793344
    outer loop
      vertex 103 40 0.56795
      vertex 168 40.4142 0.885787
      vertex 168 40 0.56795
    endloop
  endfacet
  facet normal 0 0.608774 -0.793344
    outer loop
      vertex 168 40.4142 0.885787
      vertex 103 40 0.56795
      vertex 103 40.4142 0.885787
    endloop
  endfacet
  facet normal 0 0.130537 -0.991443
    outer loop
      vertex 103 39 0.3
      vertex 168 39.5176 0.368149
      vertex 168 39 0.3
    endloop
  endfacet
  facet normal 0 0.130537 -0.991443
    outer loop
      vertex 168 39.5176 0.368149
      vertex 103 39 0.3
      vertex 103 39.5176 0.368149
    endloop
  endfacet
  facet normal -1 0 0
    outer loop
      vertex 103 39.825 2.3
      vertex 103 41 2.3
      vertex 103 40.9319 1.78236
    endloop
  endfacet
  facet normal -1 0 0
    outer loop
      vertex 103 39.7969 2.08648
      vertex 103 40.9319 1.78236
      vertex 103 40.732 1.3
    endloop
  endfacet
  facet normal -1 0 0
    outer loop
      vertex 103 41 2.3
      vertex 103 39.825 2.3
      vertex 103 40.9319 2.81764
    endloop
  endfacet
  facet normal -1 0 0
    outer loop
      vertex 103 39.7145 1.8875
      vertex 103 40.732 1.3
      vertex 103 40.4142 0.885787
    endloop
  endfacet
  facet normal -1 0 0
    outer loop
      vertex 103 39.7969 2.51352
      vertex 103 40.9319 2.81764
      vertex 103 39.825 2.3
    endloop
  endfacet
  facet normal -1 0 0
    outer loop
      vertex 103 39.5834 1.71664
      vertex 103 40.4142 0.885787
      vertex 103 40 0.56795
    endloop
  endfacet
  facet normal -1 -0 0
    outer loop
      vertex 103 40.9319 2.81764
      vertex 103 39.7969 2.51352
      vertex 103 40.732 3.3
    endloop
  endfacet
  facet normal -1 0 0
    outer loop
      vertex 103 39.7145 2.7125
      vertex 103 40.732 3.3
      vertex 103 39.7969 2.51352
    endloop
  endfacet
  facet normal -1 0 0
    outer loop
      vertex 103 40.9319 1.78236
      vertex 103 39.7969 2.08648
      vertex 103 39.825 2.3
    endloop
  endfacet
  facet normal -1 0 0
    outer loop
      vertex 103 40.732 1.3
      vertex 103 39.7145 1.8875
      vertex 103 39.7969 2.08648
    endloop
  endfacet
  facet normal -1 0 0
    outer loop
      vertex 103 40.4142 0.885787
      vertex 103 39.5834 1.71664
      vertex 103 39.7145 1.8875
    endloop
  endfacet
  facet normal -1 0 0
    outer loop
      vertex 103 39.4125 1.58553
      vertex 103 40 0.56795
      vertex 103 39.5176 0.368149
    endloop
  endfacet
  facet normal -1 0 0
    outer loop
      vertex 103 40 0.56795
      vertex 103 39.4125 1.58553
      vertex 103 39.5834 1.71664
    endloop
  endfacet
  facet normal -1 0 0
    outer loop
      vertex 103 39.5176 0.368149
      vertex 103 39.2135 1.50311
      vertex 103 39.4125 1.58553
    endloop
  endfacet
  facet normal -1 0 0
    outer loop
      vertex 103 39 0.3
      vertex 103 39.2135 1.50311
      vertex 103 39.5176 0.368149
    endloop
  endfacet
  facet normal -1 0 0
    outer loop
      vertex 103 39 0.3
      vertex 103 39 1.475
      vertex 103 39.2135 1.50311
    endloop
  endfacet
  facet normal -1 0 0
    outer loop
      vertex 103 39 0.3
      vertex 103 38.7865 1.50311
      vertex 103 39 1.475
    endloop
  endfacet
  facet normal -1 0 0
    outer loop
      vertex 103 38.4824 0.368149
      vertex 103 38.7865 1.50311
      vertex 103 39 0.3
    endloop
  endfacet
  facet normal -1 -0 0
    outer loop
      vertex 103 38.7865 1.50311
      vertex 103 38.4824 0.368149
      vertex 103 38.5875 1.58553
    endloop
  endfacet
  facet normal -1 0 0
    outer loop
      vertex 103 38 0.56795
      vertex 103 38.5875 1.58553
      vertex 103 38.4824 0.368149
    endloop
  endfacet
  facet normal -1 -0 0
    outer loop
      vertex 103 38.5875 1.58553
      vertex 103 38 0.56795
      vertex 103 38.4166 1.71664
    endloop
  endfacet
  facet normal -1 0 0
    outer loop
      vertex 103 37.5858 0.885787
      vertex 103 38.4166 1.71664
      vertex 103 38 0.56795
    endloop
  endfacet
  facet normal -1 -0 0
    outer loop
      vertex 103 38.4166 1.71664
      vertex 103 37.3447 1.2
      vertex 103 38.2855 1.8875
    endloop
  endfacet
  facet normal -1 0 0
    outer loop
      vertex 103 37.3447 1.2
      vertex 103 38.4166 1.71664
      vertex 103 37.5858 0.885787
    endloop
  endfacet
  facet normal -1 -0 0
    outer loop
      vertex 103 40.732 3.3
      vertex 103 39.7145 2.7125
      vertex 103 40.4142 3.71421
    endloop
  endfacet
  facet normal -1 0 0
    outer loop
      vertex 103 39.5834 2.88336
      vertex 103 40.4142 3.71421
      vertex 103 39.7145 2.7125
    endloop
  endfacet
  facet normal -1 -0 0
    outer loop
      vertex 103 40.4142 3.71421
      vertex 103 39.5834 2.88336
      vertex 103 40 4.03205
    endloop
  endfacet
  facet normal -1 0 0
    outer loop
      vertex 103 39.4125 3.01447
      vertex 103 40 4.03205
      vertex 103 39.5834 2.88336
    endloop
  endfacet
  facet normal -1 -0 0
    outer loop
      vertex 103 40 4.03205
      vertex 103 39.4125 3.01447
      vertex 103 39.5176 4.23185
    endloop
  endfacet
  facet normal -1 0 0
    outer loop
      vertex 103 39.2135 3.09689
      vertex 103 39.5176 4.23185
      vertex 103 39.4125 3.01447
    endloop
  endfacet
  facet normal -1 0 0
    outer loop
      vertex 103 39 3.125
      vertex 103 39.5176 4.23185
      vertex 103 39.2135 3.09689
    endloop
  endfacet
  facet normal -1 0 0
    outer loop
      vertex 103 39 3.125
      vertex 103 39 4.3
      vertex 103 39.5176 4.23185
    endloop
  endfacet
  facet normal -1 0 0
    outer loop
      vertex 103 38.7865 3.09689
      vertex 103 39 4.3
      vertex 103 39 3.125
    endloop
  endfacet
  facet normal -1 0 0
    outer loop
      vertex 103 38.4824 4.23185
      vertex 103 38.7865 3.09689
      vertex 103 38.5875 3.01447
    endloop
  endfacet
  facet normal -1 0 0
    outer loop
      vertex 103 38.7865 3.09689
      vertex 103 38.4824 4.23185
      vertex 103 39 4.3
    endloop
  endfacet
  facet normal -1 0 0
    outer loop
      vertex 103 38 4.03205
      vertex 103 38.5875 3.01447
      vertex 103 38.4166 2.88336
    endloop
  endfacet
  facet normal -1 0 0
    outer loop
      vertex 103 37.3447 3.4
      vertex 103 38.4166 2.88336
      vertex 103 38.2855 2.7125
    endloop
  endfacet
  facet normal -1 0 0
    outer loop
      vertex 103 37.3447 3.4
      vertex 103 38.2855 2.7125
      vertex 103 38.2031 2.51352
    endloop
  endfacet
  facet normal -1 0 0
    outer loop
      vertex 103 38.5875 3.01447
      vertex 103 38 4.03205
      vertex 103 38.4824 4.23185
    endloop
  endfacet
  facet normal -1 0 0
    outer loop
      vertex 103 37.3447 3.4
      vertex 103 38.2031 2.51352
      vertex 103 38.175 2.3
    endloop
  endfacet
  facet normal -1 -0 0
    outer loop
      vertex 103 38.2855 1.8875
      vertex 103 37.3447 1.2
      vertex 103 38.2031 2.08648
    endloop
  endfacet
  facet normal -1 -0 0
    outer loop
      vertex 103 38.2031 2.08648
      vertex 103 37.3447 1.2
      vertex 103 38.175 2.3
    endloop
  endfacet
  facet normal -1 0 0
    outer loop
      vertex 103 37.3447 3.4
      vertex 103 38.175 2.3
      vertex 103 37.3447 1.2
    endloop
  endfacet
  facet normal -1 0 0
    outer loop
      vertex 103 38.4166 2.88336
      vertex 103 37.3447 3.4
      vertex 103 37.5858 3.71421
    endloop
  endfacet
  facet normal -1 0 0
    outer loop
      vertex 103 38.4166 2.88336
      vertex 103 37.5858 3.71421
      vertex 103 38 4.03205
    endloop
  endfacet
  facet normal -1 0 0
    outer loop
      vertex 103 2 1.2
      vertex 103 37.3447 3.4
      vertex 103 37.3447 1.2
    endloop
  endfacet
  facet normal -1 -0 0
    outer loop
      vertex 103 37.3447 3.4
      vertex 103 2 1.2
      vertex 103 2 3.4
    endloop
  endfacet
  facet normal 1 0 0
    outer loop
      vertex 168 39.825 2.3
      vertex 168 41 2.3
      vertex 168 40.9319 2.81764
    endloop
  endfacet
  facet normal 1 0 0
    outer loop
      vertex 168 39.7969 2.51352
      vertex 168 40.9319 2.81764
      vertex 168 40.732 3.3
    endloop
  endfacet
  facet normal 1 0 0
    outer loop
      vertex 168 41 2.3
      vertex 168 39.825 2.3
      vertex 168 40.9319 1.78236
    endloop
  endfacet
  facet normal 1 0 0
    outer loop
      vertex 168 39.7145 2.7125
      vertex 168 40.732 3.3
      vertex 168 40.4142 3.71421
    endloop
  endfacet
  facet normal 1 -0 0
    outer loop
      vertex 168 39.7969 2.08648
      vertex 168 40.9319 1.78236
      vertex 168 39.825 2.3
    endloop
  endfacet
  facet normal 1 0 0
    outer loop
      vertex 168 39.5834 2.88336
      vertex 168 40.4142 3.71421
      vertex 168 40 4.03205
    endloop
  endfacet
  facet normal 1 0 0
    outer loop
      vertex 168 40.9319 1.78236
      vertex 168 39.7969 2.08648
      vertex 168 40.732 1.3
    endloop
  endfacet
  facet normal 1 -0 0
    outer loop
      vertex 168 39.7145 1.8875
      vertex 168 40.732 1.3
      vertex 168 39.7969 2.08648
    endloop
  endfacet
  facet normal 1 0 0
    outer loop
      vertex 168 40.9319 2.81764
      vertex 168 39.7969 2.51352
      vertex 168 39.825 2.3
    endloop
  endfacet
  facet normal 1 0 0
    outer loop
      vertex 168 40.732 3.3
      vertex 168 39.7145 2.7125
      vertex 168 39.7969 2.51352
    endloop
  endfacet
  facet normal 1 0 0
    outer loop
      vertex 168 40.4142 3.71421
      vertex 168 39.5834 2.88336
      vertex 168 39.7145 2.7125
    endloop
  endfacet
  facet normal 1 0 0
    outer loop
      vertex 168 39.4125 3.01447
      vertex 168 40 4.03205
      vertex 168 39.5176 4.23185
    endloop
  endfacet
  facet normal 1 0 0
    outer loop
      vertex 168 40 4.03205
      vertex 168 39.4125 3.01447
      vertex 168 39.5834 2.88336
    endloop
  endfacet
  facet normal 1 0 0
    outer loop
      vertex 168 39.5176 4.23185
      vertex 168 39.2135 3.09689
      vertex 168 39.4125 3.01447
    endloop
  endfacet
  facet normal 1 0 0
    outer loop
      vertex 168 39 4.3
      vertex 168 39.2135 3.09689
      vertex 168 39.5176 4.23185
    endloop
  endfacet
  facet normal 1 0 0
    outer loop
      vertex 168 39 4.3
      vertex 168 39 3.125
      vertex 168 39.2135 3.09689
    endloop
  endfacet
  facet normal 1 0 0
    outer loop
      vertex 168 39 4.3
      vertex 168 38.7865 3.09689
      vertex 168 39 3.125
    endloop
  endfacet
  facet normal 1 -0 0
    outer loop
      vertex 168 38.4824 4.23185
      vertex 168 38.7865 3.09689
      vertex 168 39 4.3
    endloop
  endfacet
  facet normal 1 0 0
    outer loop
      vertex 168 38.7865 3.09689
      vertex 168 38.4824 4.23185
      vertex 168 38.5875 3.01447
    endloop
  endfacet
  facet normal 1 -0 0
    outer loop
      vertex 168 38 4.03205
      vertex 168 38.5875 3.01447
      vertex 168 38.4824 4.23185
    endloop
  endfacet
  facet normal 1 0 0
    outer loop
      vertex 168 38.5875 3.01447
      vertex 168 38 4.03205
      vertex 168 38.4166 2.88336
    endloop
  endfacet
  facet normal 1 -0 0
    outer loop
      vertex 168 37.5858 3.71421
      vertex 168 38.4166 2.88336
      vertex 168 38 4.03205
    endloop
  endfacet
  facet normal 1 0 0
    outer loop
      vertex 168 38.4166 2.88336
      vertex 168 37.3447 3.4
      vertex 168 38.2855 2.7125
    endloop
  endfacet
  facet normal 1 -0 0
    outer loop
      vertex 168 37.3447 3.4
      vertex 168 38.4166 2.88336
      vertex 168 37.5858 3.71421
    endloop
  endfacet
  facet normal 1 0 0
    outer loop
      vertex 168 40.732 1.3
      vertex 168 39.7145 1.8875
      vertex 168 40.4142 0.885787
    endloop
  endfacet
  facet normal 1 -0 0
    outer loop
      vertex 168 39.5834 1.71664
      vertex 168 40.4142 0.885787
      vertex 168 39.7145 1.8875
    endloop
  endfacet
  facet normal 1 0 0
    outer loop
      vertex 168 40.4142 0.885787
      vertex 168 39.5834 1.71664
      vertex 168 40 0.56795
    endloop
  endfacet
  facet normal 1 -0 0
    outer loop
      vertex 168 39.4125 1.58553
      vertex 168 40 0.56795
      vertex 168 39.5834 1.71664
    endloop
  endfacet
  facet normal 1 0 0
    outer loop
      vertex 168 40 0.56795
      vertex 168 39.4125 1.58553
      vertex 168 39.5176 0.368149
    endloop
  endfacet
  facet normal 1 -0 0
    outer loop
      vertex 168 39.2135 1.50311
      vertex 168 39.5176 0.368149
      vertex 168 39.4125 1.58553
    endloop
  endfacet
  facet normal 1 -0 0
    outer loop
      vertex 168 39 1.475
      vertex 168 39.5176 0.368149
      vertex 168 39.2135 1.50311
    endloop
  endfacet
  facet normal 1 0 0
    outer loop
      vertex 168 39 1.475
      vertex 168 39 0.3
      vertex 168 39.5176 0.368149
    endloop
  endfacet
  facet normal 1 0 0
    outer loop
      vertex 168 38.7865 1.50311
      vertex 168 39 0.3
      vertex 168 39 1.475
    endloop
  endfacet
  facet normal 1 0 0
    outer loop
      vertex 168 38.4824 0.368149
      vertex 168 38.7865 1.50311
      vertex 168 38.5875 1.58553
    endloop
  endfacet
  facet normal 1 0 0
    outer loop
      vertex 168 38.7865 1.50311
      vertex 168 38.4824 0.368149
      vertex 168 39 0.3
    endloop
  endfacet
  facet normal 1 0 0
    outer loop
      vertex 168 38 0.56795
      vertex 168 38.5875 1.58553
      vertex 168 38.4166 1.71664
    endloop
  endfacet
  facet normal 1 0 0
    outer loop
      vertex 168 37.3447 1.2
      vertex 168 38.4166 1.71664
      vertex 168 38.2855 1.8875
    endloop
  endfacet
  facet normal 1 0 0
    outer loop
      vertex 168 37.3447 1.2
      vertex 168 38.2855 1.8875
      vertex 168 38.2031 2.08648
    endloop
  endfacet
  facet normal 1 0 0
    outer loop
      vertex 168 38.5875 1.58553
      vertex 168 38 0.56795
      vertex 168 38.4824 0.368149
    endloop
  endfacet
  facet normal 1 0 0
    outer loop
      vertex 168 37.3447 1.2
      vertex 168 38.2031 2.08648
      vertex 168 38.175 2.3
    endloop
  endfacet
  facet normal 1 0 0
    outer loop
      vertex 168 38.2855 2.7125
      vertex 168 37.3447 3.4
      vertex 168 38.2031 2.51352
    endloop
  endfacet
  facet normal 1 0 0
    outer loop
      vertex 168 38.2031 2.51352
      vertex 168 37.3447 3.4
      vertex 168 38.175 2.3
    endloop
  endfacet
  facet normal 1 0 0
    outer loop
      vertex 168 37.3447 1.2
      vertex 168 38.175 2.3
      vertex 168 37.3447 3.4
    endloop
  endfacet
  facet normal 1 0 0
    outer loop
      vertex 168 38.4166 1.71664
      vertex 168 37.3447 1.2
      vertex 168 37.5858 0.885787
    endloop
  endfacet
  facet normal 1 0 0
    outer loop
      vertex 168 38.4166 1.71664
      vertex 168 37.5858 0.885787
      vertex 168 38 0.56795
    endloop
  endfacet
  facet normal 1 -0 0
    outer loop
      vertex 168 2 3.4
      vertex 168 37.3447 1.2
      vertex 168 37.3447 3.4
    endloop
  endfacet
  facet normal 1 0 0
    outer loop
      vertex 168 37.3447 1.2
      vertex 168 2 3.4
      vertex 168 2 1.2
    endloop
  endfacet
  facet normal 0 0.991457 0.130435
    outer loop
      vertex 168 41 2.3
      vertex 103 40.9319 2.81764
      vertex 168 40.9319 2.81764
    endloop
  endfacet
  facet normal 0 0.991457 0.130435
    outer loop
      vertex 103 40.9319 2.81764
      vertex 168 41 2.3
      vertex 103 41 2.3
    endloop
  endfacet
  facet normal 0 -0.793358 -0.608755
    outer loop
      vertex 103 37.5858 0.885787
      vertex 168 37.3447 1.2
      vertex 103 37.3447 1.2
    endloop
  endfacet
  facet normal 0 -0.793358 -0.608755
    outer loop
      vertex 168 37.3447 1.2
      vertex 103 37.5858 0.885787
      vertex 168 37.5858 0.885787
    endloop
  endfacet
  facet normal 0 -0.130537 -0.991443
    outer loop
      vertex 103 38.4824 0.368149
      vertex 168 39 0.3
      vertex 168 38.4824 0.368149
    endloop
  endfacet
  facet normal -0 -0.130537 -0.991443
    outer loop
      vertex 168 39 0.3
      vertex 103 38.4824 0.368149
      vertex 103 39 0.3
    endloop
  endfacet
  facet normal 0 -0.608774 -0.793344
    outer loop
      vertex 103 37.5858 0.885787
      vertex 168 38 0.56795
      vertex 168 37.5858 0.885787
    endloop
  endfacet
  facet normal -0 -0.608774 -0.793344
    outer loop
      vertex 168 38 0.56795
      vertex 103 37.5858 0.885787
      vertex 103 38 0.56795
    endloop
  endfacet
  facet normal 0 0.793387 -0.608717
    outer loop
      vertex 168 40.4142 0.885787
      vertex 103 40.732 1.3
      vertex 168 40.732 1.3
    endloop
  endfacet
  facet normal 0 0.793387 -0.608717
    outer loop
      vertex 103 40.732 1.3
      vertex 168 40.4142 0.885787
      vertex 103 40.4142 0.885787
    endloop
  endfacet
  facet normal 0 0.923812 -0.382847
    outer loop
      vertex 168 40.732 1.3
      vertex 103 40.9319 1.78236
      vertex 168 40.9319 1.78236
    endloop
  endfacet
  facet normal 0 0.923812 -0.382847
    outer loop
      vertex 103 40.9319 1.78236
      vertex 168 40.732 1.3
      vertex 103 40.732 1.3
    endloop
  endfacet
  facet normal 0 0.382658 -0.92389
    outer loop
      vertex 103 39.5176 0.368149
      vertex 168 40 0.56795
      vertex 168 39.5176 0.368149
    endloop
  endfacet
  facet normal 0 0.382658 -0.92389
    outer loop
      vertex 168 40 0.56795
      vertex 103 39.5176 0.368149
      vertex 103 40 0.56795
    endloop
  endfacet
  facet normal 0 -0.130539 0.991443
    outer loop
      vertex 103 39 4.3
      vertex 168 38.4824 4.23185
      vertex 168 39 4.3
    endloop
  endfacet
  facet normal 0 -0.130539 0.991443
    outer loop
      vertex 168 38.4824 4.23185
      vertex 103 39 4.3
      vertex 103 38.4824 4.23185
    endloop
  endfacet
  facet normal -0 0.608777 0.793341
    outer loop
      vertex 103 40.4142 3.71421
      vertex 168 40 4.03205
      vertex 168 40.4142 3.71421
    endloop
  endfacet
  facet normal 0 0.608777 0.793341
    outer loop
      vertex 168 40 4.03205
      vertex 103 40.4142 3.71421
      vertex 103 40 4.03205
    endloop
  endfacet
  facet normal -0 0.382656 0.923891
    outer loop
      vertex 103 40 4.03205
      vertex 168 39.5176 4.23185
      vertex 168 40 4.03205
    endloop
  endfacet
  facet normal 0 0.382656 0.923891
    outer loop
      vertex 168 39.5176 4.23185
      vertex 103 40 4.03205
      vertex 103 39.5176 4.23185
    endloop
  endfacet
  facet normal 0 0.923812 0.382847
    outer loop
      vertex 168 40.9319 2.81764
      vertex 103 40.732 3.3
      vertex 168 40.732 3.3
    endloop
  endfacet
  facet normal 0 0.923812 0.382847
    outer loop
      vertex 103 40.732 3.3
      vertex 168 40.9319 2.81764
      vertex 103 40.9319 2.81764
    endloop
  endfacet
  facet normal 0 -0.382658 -0.92389
    outer loop
      vertex 103 38 0.56795
      vertex 168 38.4824 0.368149
      vertex 168 38 0.56795
    endloop
  endfacet
  facet normal -0 -0.382658 -0.92389
    outer loop
      vertex 168 38.4824 0.368149
      vertex 103 38 0.56795
      vertex 103 38.4824 0.368149
    endloop
  endfacet
  facet normal 0 -0.793356 0.608759
    outer loop
      vertex 103 37.3447 3.4
      vertex 168 37.5858 3.71421
      vertex 103 37.5858 3.71421
    endloop
  endfacet
  facet normal 0 -0.793356 0.608759
    outer loop
      vertex 168 37.5858 3.71421
      vertex 103 37.3447 3.4
      vertex 168 37.3447 3.4
    endloop
  endfacet
  facet normal 0 -0.382656 0.923891
    outer loop
      vertex 103 38.4824 4.23185
      vertex 168 38 4.03205
      vertex 168 38.4824 4.23185
    endloop
  endfacet
  facet normal 0 -0.382656 0.923891
    outer loop
      vertex 168 38 4.03205
      vertex 103 38.4824 4.23185
      vertex 103 38 4.03205
    endloop
  endfacet
  facet normal 0 -0.608777 0.793341
    outer loop
      vertex 103 38 4.03205
      vertex 168 37.5858 3.71421
      vertex 168 38 4.03205
    endloop
  endfacet
  facet normal 0 -0.608777 0.793341
    outer loop
      vertex 168 37.5858 3.71421
      vertex 103 38 4.03205
      vertex 103 37.5858 3.71421
    endloop
  endfacet
  facet normal 0 0 -1
    outer loop
      vertex 103 2 1.2
      vertex 168 37.3447 1.2
      vertex 168 2 1.2
    endloop
  endfacet
  facet normal -0 0 -1
    outer loop
      vertex 168 37.3447 1.2
      vertex 103 2 1.2
      vertex 103 37.3447 1.2
    endloop
  endfacet
  facet normal 0 -1 0
    outer loop
      vertex 103 2 1.2
      vertex 168 2 3.4
      vertex 103 2 3.4
    endloop
  endfacet
  facet normal 0 -1 -0
    outer loop
      vertex 168 2 3.4
      vertex 103 2 1.2
      vertex 168 2 1.2
    endloop
  endfacet
  facet normal -0 0 1
    outer loop
      vertex 107 15.8333 3.4
      vertex 118.25 12.8333 3.4
      vertex 118.25 15.8333 3.4
    endloop
  endfacet
  facet normal 0 0 1
    outer loop
      vertex 118.25 12.8333 3.4
      vertex 107 15.8333 3.4
      vertex 107 12.8333 3.4
    endloop
  endfacet
  facet normal -0 0 1
    outer loop
      vertex 107 25.1667 3.4
      vertex 118.25 22.1667 3.4
      vertex 118.25 25.1667 3.4
    endloop
  endfacet
  facet normal 0 0 1
    outer loop
      vertex 118.25 22.1667 3.4
      vertex 107 25.1667 3.4
      vertex 107 22.1667 3.4
    endloop
  endfacet
  facet normal -0 0 1
    outer loop
      vertex 121.25 15.8333 3.4
      vertex 132.5 12.8333 3.4
      vertex 132.5 15.8333 3.4
    endloop
  endfacet
  facet normal 0 0 1
    outer loop
      vertex 132.5 12.8333 3.4
      vertex 121.25 15.8333 3.4
      vertex 121.25 12.8333 3.4
    endloop
  endfacet
  facet normal -0 0 1
    outer loop
      vertex 121.25 25.1667 3.4
      vertex 132.5 22.1667 3.4
      vertex 132.5 25.1667 3.4
    endloop
  endfacet
  facet normal 0 0 1
    outer loop
      vertex 132.5 22.1667 3.4
      vertex 121.25 25.1667 3.4
      vertex 121.25 22.1667 3.4
    endloop
  endfacet
  facet normal -0 0 1
    outer loop
      vertex 135.5 15.8333 3.4
      vertex 146.75 12.8333 3.4
      vertex 146.75 15.8333 3.4
    endloop
  endfacet
  facet normal 0 0 1
    outer loop
      vertex 146.75 12.8333 3.4
      vertex 135.5 15.8333 3.4
      vertex 135.5 12.8333 3.4
    endloop
  endfacet
  facet normal -0 0 1
    outer loop
      vertex 135.5 25.1667 3.4
      vertex 146.75 22.1667 3.4
      vertex 146.75 25.1667 3.4
    endloop
  endfacet
  facet normal 0 0 1
    outer loop
      vertex 146.75 22.1667 3.4
      vertex 135.5 25.1667 3.4
      vertex 135.5 22.1667 3.4
    endloop
  endfacet
  facet normal -0 0 1
    outer loop
      vertex 149.75 15.8333 3.4
      vertex 161 12.8333 3.4
      vertex 161 15.8333 3.4
    endloop
  endfacet
  facet normal 0 0 1
    outer loop
      vertex 161 12.8333 3.4
      vertex 149.75 15.8333 3.4
      vertex 149.75 12.8333 3.4
    endloop
  endfacet
  facet normal -0 0 1
    outer loop
      vertex 149.75 25.1667 3.4
      vertex 161 22.1667 3.4
      vertex 161 25.1667 3.4
    endloop
  endfacet
  facet normal 0 0 1
    outer loop
      vertex 161 22.1667 3.4
      vertex 149.75 25.1667 3.4
      vertex 149.75 22.1667 3.4
    endloop
  endfacet
  facet normal 0 0 1
    outer loop
      vertex 161 25.1667 3.4
      vertex 168 37.3447 3.4
      vertex 161 31.5 3.4
    endloop
  endfacet
  facet normal 0 0 1
    outer loop
      vertex 168 37.3447 3.4
      vertex 149.75 31.5 3.4
      vertex 161 31.5 3.4
    endloop
  endfacet
  facet normal 0 0 1
    outer loop
      vertex 146.75 25.1667 3.4
      vertex 149.75 25.1667 3.4
      vertex 149.75 31.5 3.4
    endloop
  endfacet
  facet normal 0 0 1
    outer loop
      vertex 149.75 25.1667 3.4
      vertex 146.75 25.1667 3.4
      vertex 149.75 22.1667 3.4
    endloop
  endfacet
  facet normal 0 0 1
    outer loop
      vertex 149.75 22.1667 3.4
      vertex 146.75 22.1667 3.4
      vertex 149.75 15.8333 3.4
    endloop
  endfacet
  facet normal 0 0 1
    outer loop
      vertex 146.75 15.8333 3.4
      vertex 149.75 15.8333 3.4
      vertex 146.75 22.1667 3.4
    endloop
  endfacet
  facet normal 0 0 1
    outer loop
      vertex 146.75 25.1667 3.4
      vertex 149.75 31.5 3.4
      vertex 146.75 31.5 3.4
    endloop
  endfacet
  facet normal 0 0 1
    outer loop
      vertex 168 37.3447 3.4
      vertex 146.75 31.5 3.4
      vertex 149.75 31.5 3.4
    endloop
  endfacet
  facet normal 0 0 1
    outer loop
      vertex 168 37.3447 3.4
      vertex 135.5 31.5 3.4
      vertex 146.75 31.5 3.4
    endloop
  endfacet
  facet normal 0 0 1
    outer loop
      vertex 132.5 25.1667 3.4
      vertex 135.5 25.1667 3.4
      vertex 135.5 31.5 3.4
    endloop
  endfacet
  facet normal 0 0 1
    outer loop
      vertex 135.5 25.1667 3.4
      vertex 132.5 25.1667 3.4
      vertex 135.5 22.1667 3.4
    endloop
  endfacet
  facet normal 0 0 1
    outer loop
      vertex 135.5 22.1667 3.4
      vertex 132.5 22.1667 3.4
      vertex 135.5 15.8333 3.4
    endloop
  endfacet
  facet normal 0 0 1
    outer loop
      vertex 132.5 15.8333 3.4
      vertex 135.5 15.8333 3.4
      vertex 132.5 22.1667 3.4
    endloop
  endfacet
  facet normal 0 0 1
    outer loop
      vertex 132.5 25.1667 3.4
      vertex 135.5 31.5 3.4
      vertex 132.5 31.5 3.4
    endloop
  endfacet
  facet normal -0 0 1
    outer loop
      vertex 103 37.3447 3.4
      vertex 135.5 31.5 3.4
      vertex 168 37.3447 3.4
    endloop
  endfacet
  facet normal 0 0 1
    outer loop
      vertex 135.5 31.5 3.4
      vertex 103 37.3447 3.4
      vertex 132.5 31.5 3.4
    endloop
  endfacet
  facet normal 0 0 1
    outer loop
      vertex 118.25 25.1667 3.4
      vertex 121.25 25.1667 3.4
      vertex 121.25 31.5 3.4
    endloop
  endfacet
  facet normal 0 0 1
    outer loop
      vertex 121.25 25.1667 3.4
      vertex 118.25 25.1667 3.4
      vertex 121.25 22.1667 3.4
    endloop
  endfacet
  facet normal 0 0 1
    outer loop
      vertex 121.25 22.1667 3.4
      vertex 118.25 22.1667 3.4
      vertex 121.25 15.8333 3.4
    endloop
  endfacet
  facet normal 0 0 1
    outer loop
      vertex 118.25 15.8333 3.4
      vertex 121.25 15.8333 3.4
      vertex 118.25 22.1667 3.4
    endloop
  endfacet
  facet normal 0 0 1
    outer loop
      vertex 118.25 25.1667 3.4
      vertex 121.25 31.5 3.4
      vertex 118.25 31.5 3.4
    endloop
  endfacet
  facet normal 0 0 1
    outer loop
      vertex 132.5 31.5 3.4
      vertex 103 37.3447 3.4
      vertex 121.25 31.5 3.4
    endloop
  endfacet
  facet normal 0 0 1
    outer loop
      vertex 121.25 31.5 3.4
      vertex 103 37.3447 3.4
      vertex 118.25 31.5 3.4
    endloop
  endfacet
  facet normal 0 0 1
    outer loop
      vertex 103 37.3447 3.4
      vertex 107 25.1667 3.4
      vertex 107 31.5 3.4
    endloop
  endfacet
  facet normal 0 0 1
    outer loop
      vertex 107 25.1667 3.4
      vertex 103 37.3447 3.4
      vertex 107 22.1667 3.4
    endloop
  endfacet
  facet normal 0 0 1
    outer loop
      vertex 103 2 3.4
      vertex 107 22.1667 3.4
      vertex 103 37.3447 3.4
    endloop
  endfacet
  facet normal 0 0 1
    outer loop
      vertex 107 22.1667 3.4
      vertex 103 2 3.4
      vertex 107 15.8333 3.4
    endloop
  endfacet
  facet normal 0 0 1
    outer loop
      vertex 107 15.8333 3.4
      vertex 103 2 3.4
      vertex 107 12.8333 3.4
    endloop
  endfacet
  facet normal 0 0 1
    outer loop
      vertex 118.25 31.5 3.4
      vertex 103 37.3447 3.4
      vertex 107 31.5 3.4
    endloop
  endfacet
  facet normal 0 0 1
    outer loop
      vertex 161 22.1667 3.4
      vertex 168 37.3447 3.4
      vertex 161 25.1667 3.4
    endloop
  endfacet
  facet normal 0 0 1
    outer loop
      vertex 168 37.3447 3.4
      vertex 161 22.1667 3.4
      vertex 168 2 3.4
    endloop
  endfacet
  facet normal -0 0 1
    outer loop
      vertex 161 15.8333 3.4
      vertex 168 2 3.4
      vertex 161 22.1667 3.4
    endloop
  endfacet
  facet normal -0 0 1
    outer loop
      vertex 161 12.8333 3.4
      vertex 168 2 3.4
      vertex 161 15.8333 3.4
    endloop
  endfacet
  facet normal -0 0 1
    outer loop
      vertex 161 6.5 3.4
      vertex 168 2 3.4
      vertex 161 12.8333 3.4
    endloop
  endfacet
  facet normal -0 0 1
    outer loop
      vertex 149.75 6.5 3.4
      vertex 168 2 3.4
      vertex 161 6.5 3.4
    endloop
  endfacet
  facet normal 0 0 1
    outer loop
      vertex 149.75 22.1667 3.4
      vertex 146.75 25.1667 3.4
      vertex 146.75 22.1667 3.4
    endloop
  endfacet
  facet normal 0 0 1
    outer loop
      vertex 149.75 15.8333 3.4
      vertex 146.75 15.8333 3.4
      vertex 149.75 12.8333 3.4
    endloop
  endfacet
  facet normal 0 0 1
    outer loop
      vertex 146.75 12.8333 3.4
      vertex 149.75 12.8333 3.4
      vertex 146.75 15.8333 3.4
    endloop
  endfacet
  facet normal 0 0 1
    outer loop
      vertex 149.75 12.8333 3.4
      vertex 146.75 12.8333 3.4
      vertex 149.75 6.5 3.4
    endloop
  endfacet
  facet normal 0 0 1
    outer loop
      vertex 146.75 6.5 3.4
      vertex 149.75 6.5 3.4
      vertex 146.75 12.8333 3.4
    endloop
  endfacet
  facet normal -0 0 1
    outer loop
      vertex 146.75 6.5 3.4
      vertex 168 2 3.4
      vertex 149.75 6.5 3.4
    endloop
  endfacet
  facet normal -0 0 1
    outer loop
      vertex 135.5 6.5 3.4
      vertex 168 2 3.4
      vertex 146.75 6.5 3.4
    endloop
  endfacet
  facet normal 0 0 1
    outer loop
      vertex 135.5 22.1667 3.4
      vertex 132.5 25.1667 3.4
      vertex 132.5 22.1667 3.4
    endloop
  endfacet
  facet normal 0 0 1
    outer loop
      vertex 135.5 15.8333 3.4
      vertex 132.5 15.8333 3.4
      vertex 135.5 12.8333 3.4
    endloop
  endfacet
  facet normal 0 0 1
    outer loop
      vertex 132.5 12.8333 3.4
      vertex 135.5 12.8333 3.4
      vertex 132.5 15.8333 3.4
    endloop
  endfacet
  facet normal 0 0 1
    outer loop
      vertex 135.5 12.8333 3.4
      vertex 132.5 12.8333 3.4
      vertex 135.5 6.5 3.4
    endloop
  endfacet
  facet normal 0 0 1
    outer loop
      vertex 132.5 6.5 3.4
      vertex 135.5 6.5 3.4
      vertex 132.5 12.8333 3.4
    endloop
  endfacet
  facet normal 0 0 1
    outer loop
      vertex 103 2 3.4
      vertex 135.5 6.5 3.4
      vertex 132.5 6.5 3.4
    endloop
  endfacet
  facet normal 0 0 1
    outer loop
      vertex 103 2 3.4
      vertex 132.5 6.5 3.4
      vertex 121.25 6.5 3.4
    endloop
  endfacet
  facet normal 0 0 1
    outer loop
      vertex 121.25 22.1667 3.4
      vertex 118.25 25.1667 3.4
      vertex 118.25 22.1667 3.4
    endloop
  endfacet
  facet normal 0 0 1
    outer loop
      vertex 121.25 15.8333 3.4
      vertex 118.25 15.8333 3.4
      vertex 121.25 12.8333 3.4
    endloop
  endfacet
  facet normal 0 0 1
    outer loop
      vertex 118.25 12.8333 3.4
      vertex 121.25 12.8333 3.4
      vertex 118.25 15.8333 3.4
    endloop
  endfacet
  facet normal 0 0 1
    outer loop
      vertex 121.25 12.8333 3.4
      vertex 118.25 12.8333 3.4
      vertex 121.25 6.5 3.4
    endloop
  endfacet
  facet normal 0 0 1
    outer loop
      vertex 118.25 6.5 3.4
      vertex 121.25 6.5 3.4
      vertex 118.25 12.8333 3.4
    endloop
  endfacet
  facet normal 0 0 1
    outer loop
      vertex 103 2 3.4
      vertex 121.25 6.5 3.4
      vertex 118.25 6.5 3.4
    endloop
  endfacet
  facet normal 0 0 1
    outer loop
      vertex 103 2 3.4
      vertex 118.25 6.5 3.4
      vertex 107 6.5 3.4
    endloop
  endfacet
  facet normal 0 0 1
    outer loop
      vertex 135.5 6.5 3.4
      vertex 103 2 3.4
      vertex 168 2 3.4
    endloop
  endfacet
  facet normal 0 0 1
    outer loop
      vertex 107 12.8333 3.4
      vertex 103 2 3.4
      vertex 107 6.5 3.4
    endloop
  endfacet
  facet normal 1 -0 0
    outer loop
      vertex 107 6.5 3.4
      vertex 107 12.8333 2.8
      vertex 107 12.8333 3.4
    endloop
  endfacet
  facet normal 1 0 0
    outer loop
      vertex 107 12.8333 2.8
      vertex 107 6.5 3.4
      vertex 107 6.5 2.8
    endloop
  endfacet
  facet normal 0 -1 0
    outer loop
      vertex 107 12.8333 2.8
      vertex 118.25 12.8333 3.4
      vertex 107 12.8333 3.4
    endloop
  endfacet
  facet normal 0 -1 -0
    outer loop
      vertex 118.25 12.8333 3.4
      vertex 107 12.8333 2.8
      vertex 118.25 12.8333 2.8
    endloop
  endfacet
  facet normal -1 0 0
    outer loop
      vertex 118.25 6.5 2.8
      vertex 118.25 12.8333 3.4
      vertex 118.25 12.8333 2.8
    endloop
  endfacet
  facet normal -1 -0 0
    outer loop
      vertex 118.25 12.8333 3.4
      vertex 118.25 6.5 2.8
      vertex 118.25 6.5 3.4
    endloop
  endfacet
  facet normal -0 0 1
    outer loop
      vertex 107 12.8333 2.8
      vertex 118.25 6.5 2.8
      vertex 118.25 12.8333 2.8
    endloop
  endfacet
  facet normal 0 0 1
    outer loop
      vertex 118.25 6.5 2.8
      vertex 107 12.8333 2.8
      vertex 107 6.5 2.8
    endloop
  endfacet
  facet normal 0 1 -0
    outer loop
      vertex 118.25 6.5 2.8
      vertex 107 6.5 3.4
      vertex 118.25 6.5 3.4
    endloop
  endfacet
  facet normal 0 1 0
    outer loop
      vertex 107 6.5 3.4
      vertex 118.25 6.5 2.8
      vertex 107 6.5 2.8
    endloop
  endfacet
  facet normal 1 -0 0
    outer loop
      vertex 107 15.8333 3.4
      vertex 107 22.1667 2.8
      vertex 107 22.1667 3.4
    endloop
  endfacet
  facet normal 1 0 0
    outer loop
      vertex 107 22.1667 2.8
      vertex 107 15.8333 3.4
      vertex 107 15.8333 2.8
    endloop
  endfacet
  facet normal 0 -1 0
    outer loop
      vertex 107 22.1667 2.8
      vertex 118.25 22.1667 3.4
      vertex 107 22.1667 3.4
    endloop
  endfacet
  facet normal 0 -1 -0
    outer loop
      vertex 118.25 22.1667 3.4
      vertex 107 22.1667 2.8
      vertex 118.25 22.1667 2.8
    endloop
  endfacet
  facet normal -1 0 0
    outer loop
      vertex 118.25 15.8333 2.8
      vertex 118.25 22.1667 3.4
      vertex 118.25 22.1667 2.8
    endloop
  endfacet
  facet normal -1 -0 0
    outer loop
      vertex 118.25 22.1667 3.4
      vertex 118.25 15.8333 2.8
      vertex 118.25 15.8333 3.4
    endloop
  endfacet
  facet normal 0 1 -0
    outer loop
      vertex 118.25 15.8333 2.8
      vertex 107 15.8333 3.4
      vertex 118.25 15.8333 3.4
    endloop
  endfacet
  facet normal 0 1 0
    outer loop
      vertex 107 15.8333 3.4
      vertex 118.25 15.8333 2.8
      vertex 107 15.8333 2.8
    endloop
  endfacet
  facet normal -0 0 1
    outer loop
      vertex 107 22.1667 2.8
      vertex 118.25 15.8333 2.8
      vertex 118.25 22.1667 2.8
    endloop
  endfacet
  facet normal 0 0 1
    outer loop
      vertex 118.25 15.8333 2.8
      vertex 107 22.1667 2.8
      vertex 107 15.8333 2.8
    endloop
  endfacet
  facet normal 1 -0 0
    outer loop
      vertex 107 25.1667 3.4
      vertex 107 31.5 2.8
      vertex 107 31.5 3.4
    endloop
  endfacet
  facet normal 1 0 0
    outer loop
      vertex 107 31.5 2.8
      vertex 107 25.1667 3.4
      vertex 107 25.1667 2.8
    endloop
  endfacet
  facet normal 0 -1 0
    outer loop
      vertex 107 31.5 2.8
      vertex 118.25 31.5 3.4
      vertex 107 31.5 3.4
    endloop
  endfacet
  facet normal 0 -1 -0
    outer loop
      vertex 118.25 31.5 3.4
      vertex 107 31.5 2.8
      vertex 118.25 31.5 2.8
    endloop
  endfacet
  facet normal -1 0 0
    outer loop
      vertex 118.25 25.1667 2.8
      vertex 118.25 31.5 3.4
      vertex 118.25 31.5 2.8
    endloop
  endfacet
  facet normal -1 -0 0
    outer loop
      vertex 118.25 31.5 3.4
      vertex 118.25 25.1667 2.8
      vertex 118.25 25.1667 3.4
    endloop
  endfacet
  facet normal -0 0 1
    outer loop
      vertex 107 31.5 2.8
      vertex 118.25 25.1667 2.8
      vertex 118.25 31.5 2.8
    endloop
  endfacet
  facet normal 0 0 1
    outer loop
      vertex 118.25 25.1667 2.8
      vertex 107 31.5 2.8
      vertex 107 25.1667 2.8
    endloop
  endfacet
  facet normal 0 1 -0
    outer loop
      vertex 118.25 25.1667 2.8
      vertex 107 25.1667 3.4
      vertex 118.25 25.1667 3.4
    endloop
  endfacet
  facet normal 0 1 0
    outer loop
      vertex 107 25.1667 3.4
      vertex 118.25 25.1667 2.8
      vertex 107 25.1667 2.8
    endloop
  endfacet
  facet normal 1 -0 0
    outer loop
      vertex 121.25 6.5 3.4
      vertex 121.25 12.8333 2.8
      vertex 121.25 12.8333 3.4
    endloop
  endfacet
  facet normal 1 0 0
    outer loop
      vertex 121.25 12.8333 2.8
      vertex 121.25 6.5 3.4
      vertex 121.25 6.5 2.8
    endloop
  endfacet
  facet normal 0 -1 0
    outer loop
      vertex 121.25 12.8333 2.8
      vertex 132.5 12.8333 3.4
      vertex 121.25 12.8333 3.4
    endloop
  endfacet
  facet normal 0 -1 -0
    outer loop
      vertex 132.5 12.8333 3.4
      vertex 121.25 12.8333 2.8
      vertex 132.5 12.8333 2.8
    endloop
  endfacet
  facet normal -1 0 0
    outer loop
      vertex 132.5 6.5 2.8
      vertex 132.5 12.8333 3.4
      vertex 132.5 12.8333 2.8
    endloop
  endfacet
  facet normal -1 -0 0
    outer loop
      vertex 132.5 12.8333 3.4
      vertex 132.5 6.5 2.8
      vertex 132.5 6.5 3.4
    endloop
  endfacet
  facet normal -0 0 1
    outer loop
      vertex 121.25 12.8333 2.8
      vertex 132.5 6.5 2.8
      vertex 132.5 12.8333 2.8
    endloop
  endfacet
  facet normal 0 0 1
    outer loop
      vertex 132.5 6.5 2.8
      vertex 121.25 12.8333 2.8
      vertex 121.25 6.5 2.8
    endloop
  endfacet
  facet normal 0 1 -0
    outer loop
      vertex 132.5 6.5 2.8
      vertex 121.25 6.5 3.4
      vertex 132.5 6.5 3.4
    endloop
  endfacet
  facet normal 0 1 0
    outer loop
      vertex 121.25 6.5 3.4
      vertex 132.5 6.5 2.8
      vertex 121.25 6.5 2.8
    endloop
  endfacet
  facet normal 1 -0 0
    outer loop
      vertex 121.25 15.8333 3.4
      vertex 121.25 22.1667 2.8
      vertex 121.25 22.1667 3.4
    endloop
  endfacet
  facet normal 1 0 0
    outer loop
      vertex 121.25 22.1667 2.8
      vertex 121.25 15.8333 3.4
      vertex 121.25 15.8333 2.8
    endloop
  endfacet
  facet normal 0 -1 0
    outer loop
      vertex 121.25 22.1667 2.8
      vertex 132.5 22.1667 3.4
      vertex 121.25 22.1667 3.4
    endloop
  endfacet
  facet normal 0 -1 -0
    outer loop
      vertex 132.5 22.1667 3.4
      vertex 121.25 22.1667 2.8
      vertex 132.5 22.1667 2.8
    endloop
  endfacet
  facet normal -1 0 0
    outer loop
      vertex 132.5 15.8333 2.8
      vertex 132.5 22.1667 3.4
      vertex 132.5 22.1667 2.8
    endloop
  endfacet
  facet normal -1 -0 0
    outer loop
      vertex 132.5 22.1667 3.4
      vertex 132.5 15.8333 2.8
      vertex 132.5 15.8333 3.4
    endloop
  endfacet
  facet normal -0 0 1
    outer loop
      vertex 121.25 22.1667 2.8
      vertex 132.5 15.8333 2.8
      vertex 132.5 22.1667 2.8
    endloop
  endfacet
  facet normal 0 0 1
    outer loop
      vertex 132.5 15.8333 2.8
      vertex 121.25 22.1667 2.8
      vertex 121.25 15.8333 2.8
    endloop
  endfacet
  facet normal 0 1 -0
    outer loop
      vertex 132.5 15.8333 2.8
      vertex 121.25 15.8333 3.4
      vertex 132.5 15.8333 3.4
    endloop
  endfacet
  facet normal 0 1 0
    outer loop
      vertex 121.25 15.8333 3.4
      vertex 132.5 15.8333 2.8
      vertex 121.25 15.8333 2.8
    endloop
  endfacet
  facet normal 1 -0 0
    outer loop
      vertex 121.25 25.1667 3.4
      vertex 121.25 31.5 2.8
      vertex 121.25 31.5 3.4
    endloop
  endfacet
  facet normal 1 0 0
    outer loop
      vertex 121.25 31.5 2.8
      vertex 121.25 25.1667 3.4
      vertex 121.25 25.1667 2.8
    endloop
  endfacet
  facet normal 0 -1 0
    outer loop
      vertex 121.25 31.5 2.8
      vertex 132.5 31.5 3.4
      vertex 121.25 31.5 3.4
    endloop
  endfacet
  facet normal 0 -1 -0
    outer loop
      vertex 132.5 31.5 3.4
      vertex 121.25 31.5 2.8
      vertex 132.5 31.5 2.8
    endloop
  endfacet
  facet normal -1 0 0
    outer loop
      vertex 132.5 25.1667 2.8
      vertex 132.5 31.5 3.4
      vertex 132.5 31.5 2.8
    endloop
  endfacet
  facet normal -1 -0 0
    outer loop
      vertex 132.5 31.5 3.4
      vertex 132.5 25.1667 2.8
      vertex 132.5 25.1667 3.4
    endloop
  endfacet
  facet normal 0 1 -0
    outer loop
      vertex 132.5 25.1667 2.8
      vertex 121.25 25.1667 3.4
      vertex 132.5 25.1667 3.4
    endloop
  endfacet
  facet normal 0 1 0
    outer loop
      vertex 121.25 25.1667 3.4
      vertex 132.5 25.1667 2.8
      vertex 121.25 25.1667 2.8
    endloop
  endfacet
  facet normal -0 0 1
    outer loop
      vertex 121.25 31.5 2.8
      vertex 132.5 25.1667 2.8
      vertex 132.5 31.5 2.8
    endloop
  endfacet
  facet normal 0 0 1
    outer loop
      vertex 132.5 25.1667 2.8
      vertex 121.25 31.5 2.8
      vertex 121.25 25.1667 2.8
    endloop
  endfacet
  facet normal 1 -0 0
    outer loop
      vertex 135.5 6.5 3.4
      vertex 135.5 12.8333 2.8
      vertex 135.5 12.8333 3.4
    endloop
  endfacet
  facet normal 1 0 0
    outer loop
      vertex 135.5 12.8333 2.8
      vertex 135.5 6.5 3.4
      vertex 135.5 6.5 2.8
    endloop
  endfacet
  facet normal 0 -1 0
    outer loop
      vertex 135.5 12.8333 2.8
      vertex 146.75 12.8333 3.4
      vertex 135.5 12.8333 3.4
    endloop
  endfacet
  facet normal 0 -1 -0
    outer loop
      vertex 146.75 12.8333 3.4
      vertex 135.5 12.8333 2.8
      vertex 146.75 12.8333 2.8
    endloop
  endfacet
  facet normal -1 0 0
    outer loop
      vertex 146.75 6.5 2.8
      vertex 146.75 12.8333 3.4
      vertex 146.75 12.8333 2.8
    endloop
  endfacet
  facet normal -1 -0 0
    outer loop
      vertex 146.75 12.8333 3.4
      vertex 146.75 6.5 2.8
      vertex 146.75 6.5 3.4
    endloop
  endfacet
  facet normal -0 0 1
    outer loop
      vertex 135.5 12.8333 2.8
      vertex 146.75 6.5 2.8
      vertex 146.75 12.8333 2.8
    endloop
  endfacet
  facet normal 0 0 1
    outer loop
      vertex 146.75 6.5 2.8
      vertex 135.5 12.8333 2.8
      vertex 135.5 6.5 2.8
    endloop
  endfacet
  facet normal 0 1 -0
    outer loop
      vertex 146.75 6.5 2.8
      vertex 135.5 6.5 3.4
      vertex 146.75 6.5 3.4
    endloop
  endfacet
  facet normal 0 1 0
    outer loop
      vertex 135.5 6.5 3.4
      vertex 146.75 6.5 2.8
      vertex 135.5 6.5 2.8
    endloop
  endfacet
  facet normal 1 -0 0
    outer loop
      vertex 135.5 15.8333 3.4
      vertex 135.5 22.1667 2.8
      vertex 135.5 22.1667 3.4
    endloop
  endfacet
  facet normal 1 0 0
    outer loop
      vertex 135.5 22.1667 2.8
      vertex 135.5 15.8333 3.4
      vertex 135.5 15.8333 2.8
    endloop
  endfacet
  facet normal 0 -1 0
    outer loop
      vertex 135.5 22.1667 2.8
      vertex 146.75 22.1667 3.4
      vertex 135.5 22.1667 3.4
    endloop
  endfacet
  facet normal 0 -1 -0
    outer loop
      vertex 146.75 22.1667 3.4
      vertex 135.5 22.1667 2.8
      vertex 146.75 22.1667 2.8
    endloop
  endfacet
  facet normal -1 0 0
    outer loop
      vertex 146.75 15.8333 2.8
      vertex 146.75 22.1667 3.4
      vertex 146.75 22.1667 2.8
    endloop
  endfacet
  facet normal -1 -0 0
    outer loop
      vertex 146.75 22.1667 3.4
      vertex 146.75 15.8333 2.8
      vertex 146.75 15.8333 3.4
    endloop
  endfacet
  facet normal -0 0 1
    outer loop
      vertex 135.5 22.1667 2.8
      vertex 146.75 15.8333 2.8
      vertex 146.75 22.1667 2.8
    endloop
  endfacet
  facet normal 0 0 1
    outer loop
      vertex 146.75 15.8333 2.8
      vertex 135.5 22.1667 2.8
      vertex 135.5 15.8333 2.8
    endloop
  endfacet
  facet normal 0 1 -0
    outer loop
      vertex 146.75 15.8333 2.8
      vertex 135.5 15.8333 3.4
      vertex 146.75 15.8333 3.4
    endloop
  endfacet
  facet normal 0 1 0
    outer loop
      vertex 135.5 15.8333 3.4
      vertex 146.75 15.8333 2.8
      vertex 135.5 15.8333 2.8
    endloop
  endfacet
  facet normal 1 -0 0
    outer loop
      vertex 135.5 25.1667 3.4
      vertex 135.5 31.5 2.8
      vertex 135.5 31.5 3.4
    endloop
  endfacet
  facet normal 1 0 0
    outer loop
      vertex 135.5 31.5 2.8
      vertex 135.5 25.1667 3.4
      vertex 135.5 25.1667 2.8
    endloop
  endfacet
  facet normal 0 -1 0
    outer loop
      vertex 135.5 31.5 2.8
      vertex 146.75 31.5 3.4
      vertex 135.5 31.5 3.4
    endloop
  endfacet
  facet normal 0 -1 -0
    outer loop
      vertex 146.75 31.5 3.4
      vertex 135.5 31.5 2.8
      vertex 146.75 31.5 2.8
    endloop
  endfacet
  facet normal -1 0 0
    outer loop
      vertex 146.75 25.1667 2.8
      vertex 146.75 31.5 3.4
      vertex 146.75 31.5 2.8
    endloop
  endfacet
  facet normal -1 -0 0
    outer loop
      vertex 146.75 31.5 3.4
      vertex 146.75 25.1667 2.8
      vertex 146.75 25.1667 3.4
    endloop
  endfacet
  facet normal 0 1 -0
    outer loop
      vertex 146.75 25.1667 2.8
      vertex 135.5 25.1667 3.4
      vertex 146.75 25.1667 3.4
    endloop
  endfacet
  facet normal 0 1 0
    outer loop
      vertex 135.5 25.1667 3.4
      vertex 146.75 25.1667 2.8
      vertex 135.5 25.1667 2.8
    endloop
  endfacet
  facet normal -0 0 1
    outer loop
      vertex 135.5 31.5 2.8
      vertex 146.75 25.1667 2.8
      vertex 146.75 31.5 2.8
    endloop
  endfacet
  facet normal 0 0 1
    outer loop
      vertex 146.75 25.1667 2.8
      vertex 135.5 31.5 2.8
      vertex 135.5 25.1667 2.8
    endloop
  endfacet
  facet normal 1 -0 0
    outer loop
      vertex 149.75 6.5 3.4
      vertex 149.75 12.8333 2.8
      vertex 149.75 12.8333 3.4
    endloop
  endfacet
  facet normal 1 0 0
    outer loop
      vertex 149.75 12.8333 2.8
      vertex 149.75 6.5 3.4
      vertex 149.75 6.5 2.8
    endloop
  endfacet
  facet normal 0 -1 0
    outer loop
      vertex 149.75 12.8333 2.8
      vertex 161 12.8333 3.4
      vertex 149.75 12.8333 3.4
    endloop
  endfacet
  facet normal 0 -1 -0
    outer loop
      vertex 161 12.8333 3.4
      vertex 149.75 12.8333 2.8
      vertex 161 12.8333 2.8
    endloop
  endfacet
  facet normal -1 0 0
    outer loop
      vertex 161 6.5 2.8
      vertex 161 12.8333 3.4
      vertex 161 12.8333 2.8
    endloop
  endfacet
  facet normal -1 -0 0
    outer loop
      vertex 161 12.8333 3.4
      vertex 161 6.5 2.8
      vertex 161 6.5 3.4
    endloop
  endfacet
  facet normal 0 1 -0
    outer loop
      vertex 161 6.5 2.8
      vertex 149.75 6.5 3.4
      vertex 161 6.5 3.4
    endloop
  endfacet
  facet normal 0 1 0
    outer loop
      vertex 149.75 6.5 3.4
      vertex 161 6.5 2.8
      vertex 149.75 6.5 2.8
    endloop
  endfacet
  facet normal -0 0 1
    outer loop
      vertex 149.75 12.8333 2.8
      vertex 161 6.5 2.8
      vertex 161 12.8333 2.8
    endloop
  endfacet
  facet normal 0 0 1
    outer loop
      vertex 161 6.5 2.8
      vertex 149.75 12.8333 2.8
      vertex 149.75 6.5 2.8
    endloop
  endfacet
  facet normal 1 -0 0
    outer loop
      vertex 149.75 15.8333 3.4
      vertex 149.75 22.1667 2.8
      vertex 149.75 22.1667 3.4
    endloop
  endfacet
  facet normal 1 0 0
    outer loop
      vertex 149.75 22.1667 2.8
      vertex 149.75 15.8333 3.4
      vertex 149.75 15.8333 2.8
    endloop
  endfacet
  facet normal 0 -1 0
    outer loop
      vertex 149.75 22.1667 2.8
      vertex 161 22.1667 3.4
      vertex 149.75 22.1667 3.4
    endloop
  endfacet
  facet normal 0 -1 -0
    outer loop
      vertex 161 22.1667 3.4
      vertex 149.75 22.1667 2.8
      vertex 161 22.1667 2.8
    endloop
  endfacet
  facet normal -1 0 0
    outer loop
      vertex 161 15.8333 2.8
      vertex 161 22.1667 3.4
      vertex 161 22.1667 2.8
    endloop
  endfacet
  facet normal -1 -0 0
    outer loop
      vertex 161 22.1667 3.4
      vertex 161 15.8333 2.8
      vertex 161 15.8333 3.4
    endloop
  endfacet
  facet normal -0 0 1
    outer loop
      vertex 149.75 22.1667 2.8
      vertex 161 15.8333 2.8
      vertex 161 22.1667 2.8
    endloop
  endfacet
  facet normal 0 0 1
    outer loop
      vertex 161 15.8333 2.8
      vertex 149.75 22.1667 2.8
      vertex 149.75 15.8333 2.8
    endloop
  endfacet
  facet normal 0 1 -0
    outer loop
      vertex 161 15.8333 2.8
      vertex 149.75 15.8333 3.4
      vertex 161 15.8333 3.4
    endloop
  endfacet
  facet normal 0 1 0
    outer loop
      vertex 149.75 15.8333 3.4
      vertex 161 15.8333 2.8
      vertex 149.75 15.8333 2.8
    endloop
  endfacet
  facet normal 1 -0 0
    outer loop
      vertex 149.75 25.1667 3.4
      vertex 149.75 31.5 2.8
      vertex 149.75 31.5 3.4
    endloop
  endfacet
  facet normal 1 0 0
    outer loop
      vertex 149.75 31.5 2.8
      vertex 149.75 25.1667 3.4
      vertex 149.75 25.1667 2.8
    endloop
  endfacet
  facet normal 0 -1 0
    outer loop
      vertex 149.75 31.5 2.8
      vertex 161 31.5 3.4
      vertex 149.75 31.5 3.4
    endloop
  endfacet
  facet normal 0 -1 -0
    outer loop
      vertex 161 31.5 3.4
      vertex 149.75 31.5 2.8
      vertex 161 31.5 2.8
    endloop
  endfacet
  facet normal -1 0 0
    outer loop
      vertex 161 25.1667 2.8
      vertex 161 31.5 3.4
      vertex 161 31.5 2.8
    endloop
  endfacet
  facet normal -1 -0 0
    outer loop
      vertex 161 31.5 3.4
      vertex 161 25.1667 2.8
      vertex 161 25.1667 3.4
    endloop
  endfacet
  facet normal 0 1 -0
    outer loop
      vertex 161 25.1667 2.8
      vertex 149.75 25.1667 3.4
      vertex 161 25.1667 3.4
    endloop
  endfacet
  facet normal 0 1 0
    outer loop
      vertex 149.75 25.1667 3.4
      vertex 161 25.1667 2.8
      vertex 149.75 25.1667 2.8
    endloop
  endfacet
  facet normal -0 0 1
    outer loop
      vertex 149.75 31.5 2.8
      vertex 161 25.1667 2.8
      vertex 161 31.5 2.8
    endloop
  endfacet
  facet normal 0 0 1
    outer loop
      vertex 161 25.1667 2.8
      vertex 149.75 31.5 2.8
      vertex 149.75 25.1667 2.8
    endloop
  endfacet
  facet normal 0 0.991451 0.130479
    outer loop
      vertex 168 38.2031 2.08648
      vertex 103 38.175 2.3
      vertex 168 38.175 2.3
    endloop
  endfacet
  facet normal 0 0.991451 0.130479
    outer loop
      vertex 103 38.175 2.3
      vertex 168 38.2031 2.08648
      vertex 103 38.2031 2.08648
    endloop
  endfacet
  facet normal 0 -0.991451 0.130479
    outer loop
      vertex 103 39.7969 2.08648
      vertex 168 39.825 2.3
      vertex 103 39.825 2.3
    endloop
  endfacet
  facet normal 0 -0.991451 0.130479
    outer loop
      vertex 168 39.825 2.3
      vertex 103 39.7969 2.08648
      vertex 168 39.7969 2.08648
    endloop
  endfacet
  facet normal 0 -0.130536 -0.991444
    outer loop
      vertex 103 39 3.125
      vertex 168 39.2135 3.09689
      vertex 168 39 3.125
    endloop
  endfacet
  facet normal -0 -0.130536 -0.991444
    outer loop
      vertex 168 39.2135 3.09689
      vertex 103 39 3.125
      vertex 103 39.2135 3.09689
    endloop
  endfacet
  facet normal 0 -0.793366 -0.608745
    outer loop
      vertex 103 39.7145 2.7125
      vertex 168 39.5834 2.88336
      vertex 103 39.5834 2.88336
    endloop
  endfacet
  facet normal 0 -0.793366 -0.608745
    outer loop
      vertex 168 39.5834 2.88336
      vertex 103 39.7145 2.7125
      vertex 168 39.7145 2.7125
    endloop
  endfacet
  facet normal 0 0.923913 0.382603
    outer loop
      vertex 168 38.2855 1.8875
      vertex 103 38.2031 2.08648
      vertex 168 38.2031 2.08648
    endloop
  endfacet
  facet normal 0 0.923913 0.382603
    outer loop
      vertex 103 38.2031 2.08648
      vertex 168 38.2855 1.8875
      vertex 103 38.2855 1.8875
    endloop
  endfacet
  facet normal -0 0.38265 0.923893
    outer loop
      vertex 103 38.7865 1.50311
      vertex 168 38.5875 1.58553
      vertex 168 38.7865 1.50311
    endloop
  endfacet
  facet normal 0 0.38265 0.923893
    outer loop
      vertex 168 38.5875 1.58553
      vertex 103 38.7865 1.50311
      vertex 103 38.5875 1.58553
    endloop
  endfacet
  facet normal 0 -0.608685 0.793412
    outer loop
      vertex 103 39.5834 1.71664
      vertex 168 39.4125 1.58553
      vertex 168 39.5834 1.71664
    endloop
  endfacet
  facet normal 0 -0.608685 0.793412
    outer loop
      vertex 168 39.4125 1.58553
      vertex 103 39.5834 1.71664
      vertex 103 39.4125 1.58553
    endloop
  endfacet
  facet normal 0 -0.793366 0.608745
    outer loop
      vertex 103 39.5834 1.71664
      vertex 168 39.7145 1.8875
      vertex 103 39.7145 1.8875
    endloop
  endfacet
  facet normal 0 -0.793366 0.608745
    outer loop
      vertex 168 39.7145 1.8875
      vertex 103 39.5834 1.71664
      vertex 168 39.5834 1.71664
    endloop
  endfacet
  facet normal 0 -0.38265 0.923893
    outer loop
      vertex 103 39.4125 1.58553
      vertex 168 39.2135 1.50311
      vertex 168 39.4125 1.58553
    endloop
  endfacet
  facet normal 0 -0.38265 0.923893
    outer loop
      vertex 168 39.2135 1.50311
      vertex 103 39.4125 1.58553
      vertex 103 39.2135 1.50311
    endloop
  endfacet
  facet normal 0 0.923913 -0.382603
    outer loop
      vertex 168 38.2031 2.51352
      vertex 103 38.2855 2.7125
      vertex 168 38.2855 2.7125
    endloop
  endfacet
  facet normal 0 0.923913 -0.382603
    outer loop
      vertex 103 38.2855 2.7125
      vertex 168 38.2031 2.51352
      vertex 103 38.2031 2.51352
    endloop
  endfacet
  facet normal 0 -0.608685 -0.793412
    outer loop
      vertex 103 39.4125 3.01447
      vertex 168 39.5834 2.88336
      vertex 168 39.4125 3.01447
    endloop
  endfacet
  facet normal -0 -0.608685 -0.793412
    outer loop
      vertex 168 39.5834 2.88336
      vertex 103 39.4125 3.01447
      vertex 103 39.5834 2.88336
    endloop
  endfacet
  facet normal 0 -0.923913 -0.382603
    outer loop
      vertex 103 39.7969 2.51352
      vertex 168 39.7145 2.7125
      vertex 103 39.7145 2.7125
    endloop
  endfacet
  facet normal 0 -0.923913 -0.382603
    outer loop
      vertex 168 39.7145 2.7125
      vertex 103 39.7969 2.51352
      vertex 168 39.7969 2.51352
    endloop
  endfacet
  facet normal 0 0.793366 0.608745
    outer loop
      vertex 168 38.4166 1.71664
      vertex 103 38.2855 1.8875
      vertex 168 38.2855 1.8875
    endloop
  endfacet
  facet normal 0 0.793366 0.608745
    outer loop
      vertex 103 38.2855 1.8875
      vertex 168 38.4166 1.71664
      vertex 103 38.4166 1.71664
    endloop
  endfacet
  facet normal -0 0.130536 0.991444
    outer loop
      vertex 103 39 1.475
      vertex 168 38.7865 1.50311
      vertex 168 39 1.475
    endloop
  endfacet
  facet normal 0 0.130536 0.991444
    outer loop
      vertex 168 38.7865 1.50311
      vertex 103 39 1.475
      vertex 103 38.7865 1.50311
    endloop
  endfacet
  facet normal 0 -0.923913 0.382603
    outer loop
      vertex 103 39.7145 1.8875
      vertex 168 39.7969 2.08648
      vertex 103 39.7969 2.08648
    endloop
  endfacet
  facet normal 0 -0.923913 0.382603
    outer loop
      vertex 168 39.7969 2.08648
      vertex 103 39.7145 1.8875
      vertex 168 39.7145 1.8875
    endloop
  endfacet
  facet normal 0 -0.130536 0.991444
    outer loop
      vertex 103 39.2135 1.50311
      vertex 168 39 1.475
      vertex 168 39.2135 1.50311
    endloop
  endfacet
  facet normal 0 -0.130536 0.991444
    outer loop
      vertex 168 39 1.475
      vertex 103 39.2135 1.50311
      vertex 103 39 1.475
    endloop
  endfacet
  facet normal 0 0.991451 -0.130479
    outer loop
      vertex 168 38.175 2.3
      vertex 103 38.2031 2.51352
      vertex 168 38.2031 2.51352
    endloop
  endfacet
  facet normal 0 0.991451 -0.130479
    outer loop
      vertex 103 38.2031 2.51352
      vertex 168 38.175 2.3
      vertex 103 38.175 2.3
    endloop
  endfacet
  facet normal 0 0.130536 -0.991444
    outer loop
      vertex 103 38.7865 3.09689
      vertex 168 39 3.125
      vertex 168 38.7865 3.09689
    endloop
  endfacet
  facet normal 0 0.130536 -0.991444
    outer loop
      vertex 168 39 3.125
      vertex 103 38.7865 3.09689
      vertex 103 39 3.125
    endloop
  endfacet
  facet normal 0 0.608685 -0.793412
    outer loop
      vertex 103 38.4166 2.88336
      vertex 168 38.5875 3.01447
      vertex 168 38.4166 2.88336
    endloop
  endfacet
  facet normal 0 0.608685 -0.793412
    outer loop
      vertex 168 38.5875 3.01447
      vertex 103 38.4166 2.88336
      vertex 103 38.5875 3.01447
    endloop
  endfacet
  facet normal 0 -0.38265 -0.923893
    outer loop
      vertex 103 39.2135 3.09689
      vertex 168 39.4125 3.01447
      vertex 168 39.2135 3.09689
    endloop
  endfacet
  facet normal -0 -0.38265 -0.923893
    outer loop
      vertex 168 39.4125 3.01447
      vertex 103 39.2135 3.09689
      vertex 103 39.4125 3.01447
    endloop
  endfacet
  facet normal 0 -0.991451 -0.130479
    outer loop
      vertex 103 39.825 2.3
      vertex 168 39.7969 2.51352
      vertex 103 39.7969 2.51352
    endloop
  endfacet
  facet normal 0 -0.991451 -0.130479
    outer loop
      vertex 168 39.7969 2.51352
      vertex 103 39.825 2.3
      vertex 168 39.825 2.3
    endloop
  endfacet
  facet normal -0 0.608685 0.793412
    outer loop
      vertex 103 38.5875 1.58553
      vertex 168 38.4166 1.71664
      vertex 168 38.5875 1.58553
    endloop
  endfacet
  facet normal 0 0.608685 0.793412
    outer loop
      vertex 168 38.4166 1.71664
      vertex 103 38.5875 1.58553
      vertex 103 38.4166 1.71664
    endloop
  endfacet
  facet normal 0 0.38265 -0.923893
    outer loop
      vertex 103 38.5875 3.01447
      vertex 168 38.7865 3.09689
      vertex 168 38.5875 3.01447
    endloop
  endfacet
  facet normal 0 0.38265 -0.923893
    outer loop
      vertex 168 38.7865 3.09689
      vertex 103 38.5875 3.01447
      vertex 103 38.7865 3.09689
    endloop
  endfacet
  facet normal 0 0.793366 -0.608745
    outer loop
      vertex 168 38.2855 2.7125
      vertex 103 38.4166 2.88336
      vertex 168 38.4166 2.88336
    endloop
  endfacet
  facet normal 0 0.793366 -0.608745
    outer loop
      vertex 103 38.4166 2.88336
      vertex 168 38.2855 2.7125
      vertex 103 38.2855 2.7125
    endloop
  endfacet
endsolid OpenSCAD_Model
