solid OpenSCAD_Model
  facet normal -1 0 0
    outer loop
      vertex 0 118 0
      vertex 0 102 37
      vertex 0 118 93
    endloop
  endfacet
  facet normal -1 0 0
    outer loop
      vertex 0 118 0
      vertex 0 78 37
      vertex 0 102 37
    endloop
  endfacet
  facet normal -1 0 0
    outer loop
      vertex 0 78 37
      vertex 0 44 37
      vertex 0 78 67
    endloop
  endfacet
  facet normal -1 0 0
    outer loop
      vertex 0 118 0
      vertex 0 44 37
      vertex 0 78 37
    endloop
  endfacet
  facet normal -1 0 0
    outer loop
      vertex 0 0 0
      vertex 0 44 37
      vertex 0 118 0
    endloop
  endfacet
  facet normal -1 0 0
    outer loop
      vertex 0 0 93
      vertex 0 20 37
      vertex 0 0 0
    endloop
  endfacet
  facet normal -1 -0 0
    outer loop
      vertex 0 44 37
      vertex 0 0 0
      vertex 0 20 37
    endloop
  endfacet
  facet normal -1 0 0
    outer loop
      vertex 0 102 67
      vertex 0 118 93
      vertex 0 102 37
    endloop
  endfacet
  facet normal -1 0 0
    outer loop
      vertex 0 78 67
      vertex 0 118 93
      vertex 0 102 67
    endloop
  endfacet
  facet normal -1 0 0
    outer loop
      vertex 0 44 67
      vertex 0 78 67
      vertex 0 44 37
    endloop
  endfacet
  facet normal -1 0 0
    outer loop
      vertex 0 44 67
      vertex 0 118 93
      vertex 0 78 67
    endloop
  endfacet
  facet normal -1 0 0
    outer loop
      vertex 0 0 93
      vertex 0 44 67
      vertex 0 20 67
    endloop
  endfacet
  facet normal -1 0 0
    outer loop
      vertex 0 44 67
      vertex 0 0 93
      vertex 0 118 93
    endloop
  endfacet
  facet normal -1 0 0
    outer loop
      vertex 0 20 37
      vertex 0 0 93
      vertex 0 20 67
    endloop
  endfacet
  facet normal 0 0 1
    outer loop
      vertex 3 3 93
      vertex 23.5511 1.11177 93
      vertex 23.5 1.5 93
    endloop
  endfacet
  facet normal 0 0 1
    outer loop
      vertex 3 3 93
      vertex 23.701 0.75 93
      vertex 23.5511 1.11177 93
    endloop
  endfacet
  facet normal 0 0 1
    outer loop
      vertex 3 3 93
      vertex 23.9393 0.43934 93
      vertex 23.701 0.75 93
    endloop
  endfacet
  facet normal 0 0 1
    outer loop
      vertex 0 0 93
      vertex 23.9393 0.43934 93
      vertex 3 3 93
    endloop
  endfacet
  facet normal 0 0 1
    outer loop
      vertex 23.9393 0.43934 93
      vertex 0 0 93
      vertex 24.25 0.200961 93
    endloop
  endfacet
  facet normal 0 0 1
    outer loop
      vertex 24.6118 0.0511112 93
      vertex 0 0 93
      vertex 25 0 93
    endloop
  endfacet
  facet normal 0 0 1
    outer loop
      vertex 24.25 0.200961 93
      vertex 0 0 93
      vertex 24.6118 0.0511112 93
    endloop
  endfacet
  facet normal 0 0 1
    outer loop
      vertex 3 62 93
      vertex 0 0 93
      vertex 3 3 93
    endloop
  endfacet
  facet normal 0 0 1
    outer loop
      vertex 68 3 93
      vertex 26.4489 1.88823 93
      vertex 26.5 1.5 93
    endloop
  endfacet
  facet normal 0 0 1
    outer loop
      vertex 68 3 93
      vertex 26.299 2.25 93
      vertex 26.4489 1.88823 93
    endloop
  endfacet
  facet normal 0 0 1
    outer loop
      vertex 68 3 93
      vertex 26.0607 2.56066 93
      vertex 26.299 2.25 93
    endloop
  endfacet
  facet normal 0 0 1
    outer loop
      vertex 68 3 93
      vertex 25.75 2.79904 93
      vertex 26.0607 2.56066 93
    endloop
  endfacet
  facet normal 0 0 1
    outer loop
      vertex 68 3 93
      vertex 25.3882 2.94889 93
      vertex 25.75 2.79904 93
    endloop
  endfacet
  facet normal 0 -0 1
    outer loop
      vertex 25.3882 2.94889 93
      vertex 68 3 93
      vertex 25 3 93
    endloop
  endfacet
  facet normal 0 0 1
    outer loop
      vertex 108 17 93
      vertex 105 14 93
      vertex 108 3 93
    endloop
  endfacet
  facet normal -0 0 1
    outer loop
      vertex 71 17 93
      vertex 105 14 93
      vertex 108 17 93
    endloop
  endfacet
  facet normal 0 0 1
    outer loop
      vertex 105 14 93
      vertex 71 17 93
      vertex 71 14 93
    endloop
  endfacet
  facet normal 0 0 1
    outer loop
      vertex 112 65 93
      vertex 71 62 93
      vertex 112 62 93
    endloop
  endfacet
  facet normal -0 0 1
    outer loop
      vertex 68 62 93
      vertex 71 17 93
      vertex 71 62 93
    endloop
  endfacet
  facet normal 0 0 1
    outer loop
      vertex 68 3 93
      vertex 71 17 93
      vertex 68 62 93
    endloop
  endfacet
  facet normal 0 0 1
    outer loop
      vertex 71 17 93
      vertex 68 3 93
      vertex 71 14 93
    endloop
  endfacet
  facet normal 0 0 1
    outer loop
      vertex 112 65 93
      vertex 68 62 93
      vertex 71 62 93
    endloop
  endfacet
  facet normal -0 0 1
    outer loop
      vertex 3 65 93
      vertex 68 62 93
      vertex 112 65 93
    endloop
  endfacet
  facet normal 0 0 1
    outer loop
      vertex 68 62 93
      vertex 3 65 93
      vertex 3 62 93
    endloop
  endfacet
  facet normal 0 0 1
    outer loop
      vertex 200 118 93
      vertex 197 115 93
      vertex 200 0 93
    endloop
  endfacet
  facet normal -0 0 1
    outer loop
      vertex 176.061 117.561 93
      vertex 197 115 93
      vertex 200 118 93
    endloop
  endfacet
  facet normal 0 0 1
    outer loop
      vertex 197 115 93
      vertex 176.449 116.888 93
      vertex 176.5 116.5 93
    endloop
  endfacet
  facet normal 0 0 1
    outer loop
      vertex 197 115 93
      vertex 176.299 117.25 93
      vertex 176.449 116.888 93
    endloop
  endfacet
  facet normal 0 0 1
    outer loop
      vertex 197 115 93
      vertex 176.061 117.561 93
      vertex 176.299 117.25 93
    endloop
  endfacet
  facet normal 0 0 1
    outer loop
      vertex 200 118 93
      vertex 175.75 117.799 93
      vertex 176.061 117.561 93
    endloop
  endfacet
  facet normal 0 0 1
    outer loop
      vertex 200 118 93
      vertex 175.388 117.949 93
      vertex 175.75 117.799 93
    endloop
  endfacet
  facet normal 0 -0 1
    outer loop
      vertex 175.388 117.949 93
      vertex 200 118 93
      vertex 175 118 93
    endloop
  endfacet
  facet normal -0 0 1
    outer loop
      vertex 197 3 93
      vertex 200 0 93
      vertex 197 115 93
    endloop
  endfacet
  facet normal 0 0 1
    outer loop
      vertex 115.449 1.11177 93
      vertex 197 3 93
      vertex 115.5 1.5 93
    endloop
  endfacet
  facet normal 0 0 1
    outer loop
      vertex 115.299 0.75 93
      vertex 197 3 93
      vertex 115.449 1.11177 93
    endloop
  endfacet
  facet normal 0 0 1
    outer loop
      vertex 115.061 0.43934 93
      vertex 197 3 93
      vertex 115.299 0.75 93
    endloop
  endfacet
  facet normal 0 0 1
    outer loop
      vertex 197 3 93
      vertex 115.061 0.43934 93
      vertex 200 0 93
    endloop
  endfacet
  facet normal -0 0 1
    outer loop
      vertex 114.75 0.200961 93
      vertex 200 0 93
      vertex 115.061 0.43934 93
    endloop
  endfacet
  facet normal -0 0 1
    outer loop
      vertex 114.388 0.0511112 93
      vertex 200 0 93
      vertex 114.75 0.200961 93
    endloop
  endfacet
  facet normal 0 0 1
    outer loop
      vertex 200 0 93
      vertex 114.388 0.0511112 93
      vertex 114 0 93
    endloop
  endfacet
  facet normal -0 0 1
    outer loop
      vertex 176.449 116.112 93
      vertex 197 115 93
      vertex 176.5 116.5 93
    endloop
  endfacet
  facet normal -0 0 1
    outer loop
      vertex 176.299 115.75 93
      vertex 197 115 93
      vertex 176.449 116.112 93
    endloop
  endfacet
  facet normal -0 0 1
    outer loop
      vertex 176.061 115.439 93
      vertex 197 115 93
      vertex 176.299 115.75 93
    endloop
  endfacet
  facet normal -0 0 1
    outer loop
      vertex 175.75 115.201 93
      vertex 197 115 93
      vertex 176.061 115.439 93
    endloop
  endfacet
  facet normal -0 0 1
    outer loop
      vertex 175.388 115.051 93
      vertex 197 115 93
      vertex 175.75 115.201 93
    endloop
  endfacet
  facet normal 0 0 1
    outer loop
      vertex 197 115 93
      vertex 175.388 115.051 93
      vertex 175 115 93
    endloop
  endfacet
  facet normal 0 0 1
    outer loop
      vertex 173.551 116.888 93
      vertex 115 115 93
      vertex 173.5 116.5 93
    endloop
  endfacet
  facet normal 0 0 1
    outer loop
      vertex 173.701 117.25 93
      vertex 115 115 93
      vertex 173.551 116.888 93
    endloop
  endfacet
  facet normal 0 0 1
    outer loop
      vertex 173.939 117.561 93
      vertex 115 115 93
      vertex 173.701 117.25 93
    endloop
  endfacet
  facet normal 0 0 1
    outer loop
      vertex 174.25 117.799 93
      vertex 115 115 93
      vertex 173.939 117.561 93
    endloop
  endfacet
  facet normal 0 0 1
    outer loop
      vertex 174.612 117.949 93
      vertex 115 115 93
      vertex 174.25 117.799 93
    endloop
  endfacet
  facet normal 0 0 1
    outer loop
      vertex 175 118 93
      vertex 115 115 93
      vertex 174.612 117.949 93
    endloop
  endfacet
  facet normal -0 0 1
    outer loop
      vertex 112 62 93
      vertex 115 3 93
      vertex 115 115 93
    endloop
  endfacet
  facet normal 0 -0 1
    outer loop
      vertex 114 3 93
      vertex 115 3 93
      vertex 112 62 93
    endloop
  endfacet
  facet normal 0 0 1
    outer loop
      vertex 115 3 93
      vertex 114.388 2.94889 93
      vertex 114.75 2.79904 93
    endloop
  endfacet
  facet normal 0 0 1
    outer loop
      vertex 115 3 93
      vertex 114 3 93
      vertex 114.388 2.94889 93
    endloop
  endfacet
  facet normal 0 0 1
    outer loop
      vertex 112 3 93
      vertex 114 3 93
      vertex 112 62 93
    endloop
  endfacet
  facet normal 0 0 1
    outer loop
      vertex 114 3 93
      vertex 112 3 93
      vertex 113.612 2.94889 93
    endloop
  endfacet
  facet normal 0 0 1
    outer loop
      vertex 113.612 2.94889 93
      vertex 112 3 93
      vertex 113.25 2.79904 93
    endloop
  endfacet
  facet normal 0 0 1
    outer loop
      vertex 113.25 2.79904 93
      vertex 112 3 93
      vertex 112.939 2.56066 93
    endloop
  endfacet
  facet normal 0 0 1
    outer loop
      vertex 112.939 2.56066 93
      vertex 112 3 93
      vertex 112.701 2.25 93
    endloop
  endfacet
  facet normal 0 0 1
    outer loop
      vertex 112 65 93
      vertex 115 115 93
      vertex 112 115 93
    endloop
  endfacet
  facet normal 0 0 1
    outer loop
      vertex 175 118 93
      vertex 112 115 93
      vertex 115 115 93
    endloop
  endfacet
  facet normal -0 0 1
    outer loop
      vertex 25 118 93
      vertex 112 115 93
      vertex 175 118 93
    endloop
  endfacet
  facet normal 0 0 1
    outer loop
      vertex 112 115 93
      vertex 26.4489 116.888 93
      vertex 26.5 116.5 93
    endloop
  endfacet
  facet normal 0 0 1
    outer loop
      vertex 112 115 93
      vertex 26.299 117.25 93
      vertex 26.4489 116.888 93
    endloop
  endfacet
  facet normal 0 0 1
    outer loop
      vertex 112 115 93
      vertex 26.0607 117.561 93
      vertex 26.299 117.25 93
    endloop
  endfacet
  facet normal 0 0 1
    outer loop
      vertex 112 115 93
      vertex 25.75 117.799 93
      vertex 26.0607 117.561 93
    endloop
  endfacet
  facet normal 0 0 1
    outer loop
      vertex 112 115 93
      vertex 25.3882 117.949 93
      vertex 25.75 117.799 93
    endloop
  endfacet
  facet normal 0 0 1
    outer loop
      vertex 112 115 93
      vertex 25 118 93
      vertex 25.3882 117.949 93
    endloop
  endfacet
  facet normal 0 0 1
    outer loop
      vertex 174.612 115.051 93
      vertex 115 115 93
      vertex 175 115 93
    endloop
  endfacet
  facet normal 0 0 1
    outer loop
      vertex 174.25 115.201 93
      vertex 115 115 93
      vertex 174.612 115.051 93
    endloop
  endfacet
  facet normal 0 0 1
    outer loop
      vertex 173.939 115.439 93
      vertex 115 115 93
      vertex 174.25 115.201 93
    endloop
  endfacet
  facet normal 0 0 1
    outer loop
      vertex 173.701 115.75 93
      vertex 115 115 93
      vertex 173.939 115.439 93
    endloop
  endfacet
  facet normal 0 0 1
    outer loop
      vertex 173.551 116.112 93
      vertex 115 115 93
      vertex 173.701 115.75 93
    endloop
  endfacet
  facet normal 0 0 1
    outer loop
      vertex 115 115 93
      vertex 173.551 116.112 93
      vertex 173.5 116.5 93
    endloop
  endfacet
  facet normal 0 0 1
    outer loop
      vertex 197 3 93
      vertex 115.449 1.88823 93
      vertex 115.5 1.5 93
    endloop
  endfacet
  facet normal 0 0 1
    outer loop
      vertex 197 3 93
      vertex 115.299 2.25 93
      vertex 115.449 1.88823 93
    endloop
  endfacet
  facet normal -0 0 1
    outer loop
      vertex 115 3 93
      vertex 115.299 2.25 93
      vertex 197 3 93
    endloop
  endfacet
  facet normal 0 0 1
    outer loop
      vertex 115.299 2.25 93
      vertex 115 3 93
      vertex 115.061 2.56066 93
    endloop
  endfacet
  facet normal 0 0 1
    outer loop
      vertex 115.061 2.56066 93
      vertex 115 3 93
      vertex 114.75 2.79904 93
    endloop
  endfacet
  facet normal 0 0 1
    outer loop
      vertex 112 62 93
      vertex 115 115 93
      vertex 112 65 93
    endloop
  endfacet
  facet normal 0 0 1
    outer loop
      vertex 112.701 2.25 93
      vertex 112 3 93
      vertex 112.551 1.88823 93
    endloop
  endfacet
  facet normal 0 0 1
    outer loop
      vertex 112.551 1.88823 93
      vertex 112 3 93
      vertex 112.5 1.5 93
    endloop
  endfacet
  facet normal -0 0 1
    outer loop
      vertex 108 3 93
      vertex 112.5 1.5 93
      vertex 112 3 93
    endloop
  endfacet
  facet normal 0 0 1
    outer loop
      vertex 112.5 1.5 93
      vertex 108 3 93
      vertex 112.551 1.11177 93
    endloop
  endfacet
  facet normal 0 0 1
    outer loop
      vertex 108 3 93
      vertex 112.701 0.75 93
      vertex 112.551 1.11177 93
    endloop
  endfacet
  facet normal 0 0 1
    outer loop
      vertex 105 0 93
      vertex 112.701 0.75 93
      vertex 108 3 93
    endloop
  endfacet
  facet normal 0 0 1
    outer loop
      vertex 112.701 0.75 93
      vertex 105 0 93
      vertex 112.939 0.43934 93
    endloop
  endfacet
  facet normal 0 0 1
    outer loop
      vertex 113.612 0.0511112 93
      vertex 105 0 93
      vertex 114 0 93
    endloop
  endfacet
  facet normal 0 0 1
    outer loop
      vertex 113.25 0.200961 93
      vertex 105 0 93
      vertex 113.612 0.0511112 93
    endloop
  endfacet
  facet normal 0 0 1
    outer loop
      vertex 112.939 0.43934 93
      vertex 105 0 93
      vertex 113.25 0.200961 93
    endloop
  endfacet
  facet normal 0 0 1
    outer loop
      vertex 105 0 93
      vertex 108 3 93
      vertex 105 14 93
    endloop
  endfacet
  facet normal 0 0 1
    outer loop
      vertex 71 14 93
      vertex 68 3 93
      vertex 71 0 93
    endloop
  endfacet
  facet normal 0 0 1
    outer loop
      vertex 26.4489 1.11177 93
      vertex 68 3 93
      vertex 26.5 1.5 93
    endloop
  endfacet
  facet normal 0 0 1
    outer loop
      vertex 26.299 0.75 93
      vertex 68 3 93
      vertex 26.4489 1.11177 93
    endloop
  endfacet
  facet normal 0 0 1
    outer loop
      vertex 26.0607 0.43934 93
      vertex 68 3 93
      vertex 26.299 0.75 93
    endloop
  endfacet
  facet normal 0 0 1
    outer loop
      vertex 68 3 93
      vertex 26.0607 0.43934 93
      vertex 71 0 93
    endloop
  endfacet
  facet normal -0 0 1
    outer loop
      vertex 25.75 0.200961 93
      vertex 71 0 93
      vertex 26.0607 0.43934 93
    endloop
  endfacet
  facet normal -0 0 1
    outer loop
      vertex 25.3882 0.0511112 93
      vertex 71 0 93
      vertex 25.75 0.200961 93
    endloop
  endfacet
  facet normal 0 0 1
    outer loop
      vertex 71 0 93
      vertex 25.3882 0.0511112 93
      vertex 25 0 93
    endloop
  endfacet
  facet normal -0 0 1
    outer loop
      vertex 26.4489 116.112 93
      vertex 112 115 93
      vertex 26.5 116.5 93
    endloop
  endfacet
  facet normal -0 0 1
    outer loop
      vertex 26.299 115.75 93
      vertex 112 115 93
      vertex 26.4489 116.112 93
    endloop
  endfacet
  facet normal -0 0 1
    outer loop
      vertex 26.0607 115.439 93
      vertex 112 115 93
      vertex 26.299 115.75 93
    endloop
  endfacet
  facet normal -0 0 1
    outer loop
      vertex 25.75 115.201 93
      vertex 112 115 93
      vertex 26.0607 115.439 93
    endloop
  endfacet
  facet normal -0 0 1
    outer loop
      vertex 25.3882 115.051 93
      vertex 112 115 93
      vertex 25.75 115.201 93
    endloop
  endfacet
  facet normal 0 0 1
    outer loop
      vertex 112 115 93
      vertex 25.3882 115.051 93
      vertex 25 115 93
    endloop
  endfacet
  facet normal 0 0 1
    outer loop
      vertex 23.5511 116.888 93
      vertex 3 115 93
      vertex 23.5 116.5 93
    endloop
  endfacet
  facet normal 0 0 1
    outer loop
      vertex 23.701 117.25 93
      vertex 3 115 93
      vertex 23.5511 116.888 93
    endloop
  endfacet
  facet normal 0 0 1
    outer loop
      vertex 23.9393 117.561 93
      vertex 3 115 93
      vertex 23.701 117.25 93
    endloop
  endfacet
  facet normal 0 0 1
    outer loop
      vertex 0 118 93
      vertex 23.9393 117.561 93
      vertex 24.25 117.799 93
    endloop
  endfacet
  facet normal 0 0 1
    outer loop
      vertex 0 118 93
      vertex 24.25 117.799 93
      vertex 24.6118 117.949 93
    endloop
  endfacet
  facet normal 0 0 1
    outer loop
      vertex 0 118 93
      vertex 3 65 93
      vertex 3 115 93
    endloop
  endfacet
  facet normal 0 0 1
    outer loop
      vertex 3 65 93
      vertex 0 118 93
      vertex 3 62 93
    endloop
  endfacet
  facet normal 0 0 1
    outer loop
      vertex 0 0 93
      vertex 3 62 93
      vertex 0 118 93
    endloop
  endfacet
  facet normal 0 0 1
    outer loop
      vertex 23.9393 117.561 93
      vertex 0 118 93
      vertex 3 115 93
    endloop
  endfacet
  facet normal -0 0 1
    outer loop
      vertex 0 118 93
      vertex 24.6118 117.949 93
      vertex 25 118 93
    endloop
  endfacet
  facet normal 0 0 1
    outer loop
      vertex 24.6118 115.051 93
      vertex 3 115 93
      vertex 25 115 93
    endloop
  endfacet
  facet normal 0 0 1
    outer loop
      vertex 24.25 115.201 93
      vertex 3 115 93
      vertex 24.6118 115.051 93
    endloop
  endfacet
  facet normal 0 0 1
    outer loop
      vertex 23.9393 115.439 93
      vertex 3 115 93
      vertex 24.25 115.201 93
    endloop
  endfacet
  facet normal 0 0 1
    outer loop
      vertex 23.701 115.75 93
      vertex 3 115 93
      vertex 23.9393 115.439 93
    endloop
  endfacet
  facet normal 0 0 1
    outer loop
      vertex 23.5511 116.112 93
      vertex 3 115 93
      vertex 23.701 115.75 93
    endloop
  endfacet
  facet normal 0 0 1
    outer loop
      vertex 3 115 93
      vertex 23.5511 116.112 93
      vertex 23.5 116.5 93
    endloop
  endfacet
  facet normal 0 0 1
    outer loop
      vertex 23.5511 1.88823 93
      vertex 3 3 93
      vertex 23.5 1.5 93
    endloop
  endfacet
  facet normal 0 0 1
    outer loop
      vertex 23.701 2.25 93
      vertex 3 3 93
      vertex 23.5511 1.88823 93
    endloop
  endfacet
  facet normal 0 0 1
    outer loop
      vertex 23.9393 2.56066 93
      vertex 3 3 93
      vertex 23.701 2.25 93
    endloop
  endfacet
  facet normal 0 0 1
    outer loop
      vertex 24.25 2.79904 93
      vertex 3 3 93
      vertex 23.9393 2.56066 93
    endloop
  endfacet
  facet normal 0 0 1
    outer loop
      vertex 24.6118 2.94889 93
      vertex 3 3 93
      vertex 24.25 2.79904 93
    endloop
  endfacet
  facet normal -0 0 1
    outer loop
      vertex 3 3 93
      vertex 24.6118 2.94889 93
      vertex 25 3 93
    endloop
  endfacet
  facet normal 1 0 0
    outer loop
      vertex 200 54 37
      vertex 200 118 93
      vertex 200 54 67
    endloop
  endfacet
  facet normal 1 -0 0
    outer loop
      vertex 200 0 93
      vertex 200 54 67
      vertex 200 118 93
    endloop
  endfacet
  facet normal 1 0 0
    outer loop
      vertex 200 30 67
      vertex 200 0 93
      vertex 200 30 37
    endloop
  endfacet
  facet normal 1 0 0
    outer loop
      vertex 200 54 67
      vertex 200 0 93
      vertex 200 30 67
    endloop
  endfacet
  facet normal 1 0 0
    outer loop
      vertex 200 118 93
      vertex 200 54 37
      vertex 200 118 0
    endloop
  endfacet
  facet normal 1 0 0
    outer loop
      vertex 200 0 0
      vertex 200 54 37
      vertex 200 30 37
    endloop
  endfacet
  facet normal 1 0 0
    outer loop
      vertex 200 54 37
      vertex 200 0 0
      vertex 200 118 0
    endloop
  endfacet
  facet normal 1 0 0
    outer loop
      vertex 200 0 0
      vertex 200 30 37
      vertex 200 0 93
    endloop
  endfacet
  facet normal 0 1 -0
    outer loop
      vertex 200 118 0
      vertex 175 118 93
      vertex 200 118 93
    endloop
  endfacet
  facet normal 0 1 0
    outer loop
      vertex 175 118 93
      vertex 102 118 61
      vertex 25 118 93
    endloop
  endfacet
  facet normal 0 1 -0
    outer loop
      vertex 74 118 61
      vertex 25 118 93
      vertex 102 118 61
    endloop
  endfacet
  facet normal -0 1 -0
    outer loop
      vertex 42 118 67
      vertex 25 118 93
      vertex 74 118 61
    endloop
  endfacet
  facet normal 0 1 0
    outer loop
      vertex 175 118 93
      vertex 200 118 0
      vertex 102 118 61
    endloop
  endfacet
  facet normal 0 1 0
    outer loop
      vertex 102 118 3
      vertex 200 118 0
      vertex 74 118 3
    endloop
  endfacet
  facet normal 0 1 0
    outer loop
      vertex 102 118 61
      vertex 200 118 0
      vertex 102 118 3
    endloop
  endfacet
  facet normal 0 1 0
    outer loop
      vertex 25 118 93
      vertex 14 118 67
      vertex 0 118 93
    endloop
  endfacet
  facet normal 0 1 -0
    outer loop
      vertex 14 118 37
      vertex 0 118 93
      vertex 14 118 67
    endloop
  endfacet
  facet normal 0 1 0
    outer loop
      vertex 14 118 37
      vertex 0 118 0
      vertex 0 118 93
    endloop
  endfacet
  facet normal 0 1 0
    outer loop
      vertex 42 118 37
      vertex 0 118 0
      vertex 14 118 37
    endloop
  endfacet
  facet normal 0 1 0
    outer loop
      vertex 0 118 0
      vertex 74 118 3
      vertex 200 118 0
    endloop
  endfacet
  facet normal 0 1 0
    outer loop
      vertex 14 118 67
      vertex 25 118 93
      vertex 42 118 67
    endloop
  endfacet
  facet normal 0 1 0
    outer loop
      vertex 74 118 61
      vertex 42 118 37
      vertex 42 118 67
    endloop
  endfacet
  facet normal 0 1 0
    outer loop
      vertex 0 118 0
      vertex 42 118 37
      vertex 74 118 3
    endloop
  endfacet
  facet normal 0 1 -0
    outer loop
      vertex 74 118 3
      vertex 42 118 37
      vertex 74 118 61
    endloop
  endfacet
  facet normal 0 0 -1
    outer loop
      vertex 99.895 116.005 0
      vertex 200 118 0
      vertex 200 0 0
    endloop
  endfacet
  facet normal 0 0 -1
    outer loop
      vertex 200 118 0
      vertex 100.076 116.319 0
      vertex 100.1 116.5 0
    endloop
  endfacet
  facet normal 0 0 -1
    outer loop
      vertex 200 118 0
      vertex 100.006 116.15 0
      vertex 100.076 116.319 0
    endloop
  endfacet
  facet normal 0 0 -1
    outer loop
      vertex 200 118 0
      vertex 99.895 116.005 0
      vertex 100.006 116.15 0
    endloop
  endfacet
  facet normal 0 0 -1
    outer loop
      vertex 200 0 0
      vertex 99.75 115.894 0
      vertex 99.895 116.005 0
    endloop
  endfacet
  facet normal 0 0 -1
    outer loop
      vertex 77.2062 15.85 0
      vertex 99.75 115.894 0
      vertex 200 0 0
    endloop
  endfacet
  facet normal 0 0 -1
    outer loop
      vertex 77.095 15.995 0
      vertex 99.75 115.894 0
      vertex 77.2062 15.85 0
    endloop
  endfacet
  facet normal 0 0 -1
    outer loop
      vertex 99.75 115.894 0
      vertex 77.095 15.995 0
      vertex 99.5812 115.824 0
    endloop
  endfacet
  facet normal 0 0 -1
    outer loop
      vertex 76.95 16.1062 0
      vertex 99.5812 115.824 0
      vertex 77.095 15.995 0
    endloop
  endfacet
  facet normal 0 0 -1
    outer loop
      vertex 99.5812 115.824 0
      vertex 76.95 16.1062 0
      vertex 99.4 115.8 0
    endloop
  endfacet
  facet normal -0 0 -1
    outer loop
      vertex 99.4 115.8 0
      vertex 76.7812 16.1761 0
      vertex 99.2188 115.824 0
    endloop
  endfacet
  facet normal 0 0 -1
    outer loop
      vertex 76.7812 16.1761 0
      vertex 99.4 115.8 0
      vertex 76.95 16.1062 0
    endloop
  endfacet
  facet normal 0 0 -1
    outer loop
      vertex 77.2062 15.85 0
      vertex 200 0 0
      vertex 77.2761 15.6812 0
    endloop
  endfacet
  facet normal 0 0 -1
    outer loop
      vertex 77.2761 15.6812 0
      vertex 200 0 0
      vertex 77.3 15.5 0
    endloop
  endfacet
  facet normal 0 0 -1
    outer loop
      vertex 200 0 0
      vertex 77.2761 15.3188 0
      vertex 77.3 15.5 0
    endloop
  endfacet
  facet normal 0 0 -1
    outer loop
      vertex 200 0 0
      vertex 77.2062 15.15 0
      vertex 77.2761 15.3188 0
    endloop
  endfacet
  facet normal 0 0 -1
    outer loop
      vertex 200 0 0
      vertex 77.095 15.005 0
      vertex 77.2062 15.15 0
    endloop
  endfacet
  facet normal 0 0 -1
    outer loop
      vertex 200 0 0
      vertex 76.95 14.8938 0
      vertex 77.095 15.005 0
    endloop
  endfacet
  facet normal 0 0 -1
    outer loop
      vertex 200 0 0
      vertex 76.7812 14.8239 0
      vertex 76.95 14.8938 0
    endloop
  endfacet
  facet normal 0 0 -1
    outer loop
      vertex 200 0 0
      vertex 76.6 14.8 0
      vertex 76.7812 14.8239 0
    endloop
  endfacet
  facet normal -0 0 -1
    outer loop
      vertex 75.9239 15.3188 0
      vertex 0 0 0
      vertex 75.9 15.5 0
    endloop
  endfacet
  facet normal -0 0 -1
    outer loop
      vertex 75.9938 15.15 0
      vertex 0 0 0
      vertex 75.9239 15.3188 0
    endloop
  endfacet
  facet normal -0 0 -1
    outer loop
      vertex 76.105 15.005 0
      vertex 0 0 0
      vertex 75.9938 15.15 0
    endloop
  endfacet
  facet normal -0 0 -1
    outer loop
      vertex 76.25 14.8938 0
      vertex 0 0 0
      vertex 76.105 15.005 0
    endloop
  endfacet
  facet normal -0 0 -1
    outer loop
      vertex 76.4188 14.8239 0
      vertex 0 0 0
      vertex 76.25 14.8938 0
    endloop
  endfacet
  facet normal -0 0 -1
    outer loop
      vertex 76.6 14.8 0
      vertex 0 0 0
      vertex 76.4188 14.8239 0
    endloop
  endfacet
  facet normal 0 0 -1
    outer loop
      vertex 0 0 0
      vertex 76.6 14.8 0
      vertex 200 0 0
    endloop
  endfacet
  facet normal 0 0 -1
    outer loop
      vertex 100.076 116.681 0
      vertex 200 118 0
      vertex 100.1 116.5 0
    endloop
  endfacet
  facet normal 0 0 -1
    outer loop
      vertex 100.006 116.85 0
      vertex 200 118 0
      vertex 100.076 116.681 0
    endloop
  endfacet
  facet normal 0 0 -1
    outer loop
      vertex 99.895 116.995 0
      vertex 200 118 0
      vertex 100.006 116.85 0
    endloop
  endfacet
  facet normal 0 0 -1
    outer loop
      vertex 99.75 117.106 0
      vertex 200 118 0
      vertex 99.895 116.995 0
    endloop
  endfacet
  facet normal 0 0 -1
    outer loop
      vertex 99.5812 117.176 0
      vertex 200 118 0
      vertex 99.75 117.106 0
    endloop
  endfacet
  facet normal 0 0 -1
    outer loop
      vertex 99.4 117.2 0
      vertex 200 118 0
      vertex 99.5812 117.176 0
    endloop
  endfacet
  facet normal 0 0 -1
    outer loop
      vertex 76.6 16.2 0
      vertex 99.2188 115.824 0
      vertex 76.7812 16.1761 0
    endloop
  endfacet
  facet normal -0 0 -1
    outer loop
      vertex 99.2188 115.824 0
      vertex 76.6 16.2 0
      vertex 99.05 115.894 0
    endloop
  endfacet
  facet normal 0 0 -1
    outer loop
      vertex 76.4188 16.1761 0
      vertex 99.05 115.894 0
      vertex 76.6 16.2 0
    endloop
  endfacet
  facet normal -0 0 -1
    outer loop
      vertex 99.05 115.894 0
      vertex 76.4188 16.1761 0
      vertex 98.905 116.005 0
    endloop
  endfacet
  facet normal 0 0 -1
    outer loop
      vertex 76.25 16.1062 0
      vertex 98.905 116.005 0
      vertex 76.4188 16.1761 0
    endloop
  endfacet
  facet normal 0 0 -1
    outer loop
      vertex 0 118 0
      vertex 98.905 116.005 0
      vertex 76.25 16.1062 0
    endloop
  endfacet
  facet normal 0 0 -1
    outer loop
      vertex 98.905 116.005 0
      vertex 0 118 0
      vertex 98.7938 116.15 0
    endloop
  endfacet
  facet normal 0 0 -1
    outer loop
      vertex 98.7938 116.15 0
      vertex 0 118 0
      vertex 98.7239 116.319 0
    endloop
  endfacet
  facet normal 0 0 -1
    outer loop
      vertex 98.7239 116.319 0
      vertex 0 118 0
      vertex 98.7 116.5 0
    endloop
  endfacet
  facet normal 0 0 -1
    outer loop
      vertex 0 118 0
      vertex 76.25 16.1062 0
      vertex 76.105 15.995 0
    endloop
  endfacet
  facet normal 0 0 -1
    outer loop
      vertex 0 0 0
      vertex 76.105 15.995 0
      vertex 75.9938 15.85 0
    endloop
  endfacet
  facet normal 0 0 -1
    outer loop
      vertex 0 0 0
      vertex 75.9938 15.85 0
      vertex 75.9239 15.6812 0
    endloop
  endfacet
  facet normal 0 0 -1
    outer loop
      vertex 0 0 0
      vertex 75.9239 15.6812 0
      vertex 75.9 15.5 0
    endloop
  endfacet
  facet normal -0 0 -1
    outer loop
      vertex 76.105 15.995 0
      vertex 0 0 0
      vertex 0 118 0
    endloop
  endfacet
  facet normal 0 0 -1
    outer loop
      vertex 98.7 116.5 0
      vertex 0 118 0
      vertex 98.7239 116.681 0
    endloop
  endfacet
  facet normal 0 0 -1
    outer loop
      vertex 98.7239 116.681 0
      vertex 0 118 0
      vertex 98.7938 116.85 0
    endloop
  endfacet
  facet normal 0 0 -1
    outer loop
      vertex 99.4 117.2 0
      vertex 0 118 0
      vertex 200 118 0
    endloop
  endfacet
  facet normal 0 0 -1
    outer loop
      vertex 99.2188 117.176 0
      vertex 0 118 0
      vertex 99.4 117.2 0
    endloop
  endfacet
  facet normal 0 0 -1
    outer loop
      vertex 99.05 117.106 0
      vertex 0 118 0
      vertex 99.2188 117.176 0
    endloop
  endfacet
  facet normal 0 0 -1
    outer loop
      vertex 98.905 116.995 0
      vertex 0 118 0
      vertex 99.05 117.106 0
    endloop
  endfacet
  facet normal 0 0 -1
    outer loop
      vertex 98.7938 116.85 0
      vertex 0 118 0
      vertex 98.905 116.995 0
    endloop
  endfacet
  facet normal 0 -1 0
    outer loop
      vertex 64 0 36
      vertex 64 0 35
      vertex 70 0 36
    endloop
  endfacet
  facet normal 0 -1 0
    outer loop
      vertex 36 0 68
      vertex 38 0 69
      vertex 36 0 69
    endloop
  endfacet
  facet normal 0 -1 -0
    outer loop
      vertex 38 0 69
      vertex 36 0 68
      vertex 38 0 68
    endloop
  endfacet
  facet normal 0 -1 0
    outer loop
      vertex 8 0 69
      vertex 25 0 93
      vertex 0 0 93
    endloop
  endfacet
  facet normal 0 -1 -0
    outer loop
      vertex 25 0 93
      vertex 8 0 69
      vertex 36 0 69
    endloop
  endfacet
  facet normal 0 -1 0
    outer loop
      vertex 0 0 93
      vertex 2 0 68
      vertex 8 0 69
    endloop
  endfacet
  facet normal 0 -1 0
    outer loop
      vertex 0 0 93
      vertex 2 0 36
      vertex 2 0 68
    endloop
  endfacet
  facet normal 0 -1 0
    outer loop
      vertex 2 0 36
      vertex 8 0 35
      vertex 8 0 36
    endloop
  endfacet
  facet normal 0 -1 0
    outer loop
      vertex 0 0 0
      vertex 36 0 35
      vertex 8 0 35
    endloop
  endfacet
  facet normal -0 -1 0
    outer loop
      vertex 71 0 3
      vertex 36 0 35
      vertex 0 0 0
    endloop
  endfacet
  facet normal 0 -1 0
    outer loop
      vertex 38 0 35
      vertex 71 0 3
      vertex 64 0 35
    endloop
  endfacet
  facet normal 0 -1 0
    outer loop
      vertex 0 0 0
      vertex 8 0 35
      vertex 2 0 36
    endloop
  endfacet
  facet normal 0 -1 0
    outer loop
      vertex 0 0 0
      vertex 105 0 3
      vertex 71 0 3
    endloop
  endfacet
  facet normal 0 -1 0
    outer loop
      vertex 105 0 3
      vertex 200 0 0
      vertex 120 0 3
    endloop
  endfacet
  facet normal 0 -1 -0
    outer loop
      vertex 105 0 3
      vertex 0 0 0
      vertex 200 0 0
    endloop
  endfacet
  facet normal 0 -1 0
    outer loop
      vertex 36 0 35
      vertex 71 0 3
      vertex 38 0 35
    endloop
  endfacet
  facet normal 0 -1 0
    outer loop
      vertex 0 0 0
      vertex 2 0 36
      vertex 0 0 93
    endloop
  endfacet
  facet normal 0 -1 0
    outer loop
      vertex 38 0 69
      vertex 25 0 93
      vertex 36 0 69
    endloop
  endfacet
  facet normal 0 -1 0
    outer loop
      vertex 25 0 93
      vertex 38 0 69
      vertex 71 0 93
    endloop
  endfacet
  facet normal 0 -1 0
    outer loop
      vertex 64 0 69
      vertex 71 0 93
      vertex 38 0 69
    endloop
  endfacet
  facet normal 0 -1 0
    outer loop
      vertex 70 0 68
      vertex 64 0 69
      vertex 64 0 68
    endloop
  endfacet
  facet normal 0 -1 0
    outer loop
      vertex 64 0 69
      vertex 70 0 68
      vertex 71 0 93
    endloop
  endfacet
  facet normal 0 -1 0
    outer loop
      vertex 70 0 36
      vertex 71 0 93
      vertex 70 0 68
    endloop
  endfacet
  facet normal 0 -1 0
    outer loop
      vertex 70 0 36
      vertex 71 0 3
      vertex 71 0 93
    endloop
  endfacet
  facet normal 0 -1 0
    outer loop
      vertex 71 0 3
      vertex 70 0 36
      vertex 64 0 35
    endloop
  endfacet
  facet normal 0 -1 -0
    outer loop
      vertex 8 0 69
      vertex 2 0 68
      vertex 8 0 68
    endloop
  endfacet
  facet normal 0 -1 0
    outer loop
      vertex 36 0 35
      vertex 38 0 36
      vertex 36 0 36
    endloop
  endfacet
  facet normal 0 -1 -0
    outer loop
      vertex 38 0 36
      vertex 36 0 35
      vertex 38 0 35
    endloop
  endfacet
  facet normal 0 -1 0
    outer loop
      vertex 120 0 59
      vertex 114 0 93
      vertex 105 0 93
    endloop
  endfacet
  facet normal 0 -1 0
    outer loop
      vertex 190 0 59
      vertex 114 0 93
      vertex 120 0 59
    endloop
  endfacet
  facet normal 0 -1 0
    outer loop
      vertex 105 0 3
      vertex 120 0 59
      vertex 105 0 93
    endloop
  endfacet
  facet normal 0 -1 -0
    outer loop
      vertex 120 0 59
      vertex 105 0 3
      vertex 120 0 3
    endloop
  endfacet
  facet normal 0 -1 0
    outer loop
      vertex 114 0 93
      vertex 190 0 59
      vertex 200 0 93
    endloop
  endfacet
  facet normal 0 -1 0
    outer loop
      vertex 200 0 0
      vertex 190 0 59
      vertex 190 0 3
    endloop
  endfacet
  facet normal 0 -1 0
    outer loop
      vertex 190 0 59
      vertex 200 0 0
      vertex 200 0 93
    endloop
  endfacet
  facet normal 0 -1 0
    outer loop
      vertex 120 0 3
      vertex 200 0 0
      vertex 190 0 3
    endloop
  endfacet
  facet normal 1 0 0
    outer loop
      vertex 3 44 37
      vertex 3 62 93
      vertex 3 44 67
    endloop
  endfacet
  facet normal 1 -0 0
    outer loop
      vertex 3 3 93
      vertex 3 44 67
      vertex 3 62 93
    endloop
  endfacet
  facet normal 1 0 0
    outer loop
      vertex 3 20 67
      vertex 3 3 93
      vertex 3 20 37
    endloop
  endfacet
  facet normal 1 0 0
    outer loop
      vertex 3 44 67
      vertex 3 3 93
      vertex 3 20 67
    endloop
  endfacet
  facet normal 1 0 0
    outer loop
      vertex 3 62 93
      vertex 3 44 37
      vertex 3 62 3
    endloop
  endfacet
  facet normal 1 0 0
    outer loop
      vertex 3 3 3
      vertex 3 44 37
      vertex 3 20 37
    endloop
  endfacet
  facet normal 1 0 0
    outer loop
      vertex 3 44 37
      vertex 3 3 3
      vertex 3 62 3
    endloop
  endfacet
  facet normal 1 0 0
    outer loop
      vertex 3 3 3
      vertex 3 20 37
      vertex 3 3 93
    endloop
  endfacet
  facet normal 1 0 0
    outer loop
      vertex 3 102 37
      vertex 3 115 93
      vertex 3 102 67
    endloop
  endfacet
  facet normal 1 0 0
    outer loop
      vertex 3 115 93
      vertex 3 78 67
      vertex 3 102 67
    endloop
  endfacet
  facet normal 1 0 0
    outer loop
      vertex 3 78 67
      vertex 3 65 93
      vertex 3 78 37
    endloop
  endfacet
  facet normal 1 -0 0
    outer loop
      vertex 3 65 93
      vertex 3 78 67
      vertex 3 115 93
    endloop
  endfacet
  facet normal 1 0 0
    outer loop
      vertex 3 115 93
      vertex 3 102 37
      vertex 3 115 3
    endloop
  endfacet
  facet normal 1 -0 0
    outer loop
      vertex 3 78 37
      vertex 3 115 3
      vertex 3 102 37
    endloop
  endfacet
  facet normal 1 0 0
    outer loop
      vertex 3 78 37
      vertex 3 65 3
      vertex 3 115 3
    endloop
  endfacet
  facet normal 1 0 0
    outer loop
      vertex 3 65 3
      vertex 3 78 37
      vertex 3 65 93
    endloop
  endfacet
  facet normal -1 0 0
    outer loop
      vertex 197 115 3
      vertex 197 54 37
      vertex 197 115 93
    endloop
  endfacet
  facet normal -1 0 0
    outer loop
      vertex 197 3 3
      vertex 197 54 37
      vertex 197 115 3
    endloop
  endfacet
  facet normal -1 0 0
    outer loop
      vertex 197 3 93
      vertex 197 30 37
      vertex 197 3 3
    endloop
  endfacet
  facet normal -1 -0 0
    outer loop
      vertex 197 54 37
      vertex 197 3 3
      vertex 197 30 37
    endloop
  endfacet
  facet normal -1 0 0
    outer loop
      vertex 197 54 67
      vertex 197 115 93
      vertex 197 54 37
    endloop
  endfacet
  facet normal -1 0 0
    outer loop
      vertex 197 3 93
      vertex 197 54 67
      vertex 197 30 67
    endloop
  endfacet
  facet normal -1 0 0
    outer loop
      vertex 197 54 67
      vertex 197 3 93
      vertex 197 115 93
    endloop
  endfacet
  facet normal -1 0 0
    outer loop
      vertex 197 30 37
      vertex 197 3 93
      vertex 197 30 67
    endloop
  endfacet
  facet normal -0 0 1
    outer loop
      vertex 48 62 3
      vertex 68 58 3
      vertex 68 62 3
    endloop
  endfacet
  facet normal 0 0 1
    outer loop
      vertex 68 58 3
      vertex 48 62 3
      vertex 68 30 3
    endloop
  endfacet
  facet normal -0 0 1
    outer loop
      vertex 20 62 3
      vertex 68 30 3
      vertex 48 62 3
    endloop
  endfacet
  facet normal 0 0 1
    outer loop
      vertex 20 62 3
      vertex 48 62 3
      vertex 20 65 3
    endloop
  endfacet
  facet normal 0 0 1
    outer loop
      vertex 68 30 3
      vertex 20 62 3
      vertex 3 3 3
    endloop
  endfacet
  facet normal 0 0 1
    outer loop
      vertex 3 3 3
      vertex 20 62 3
      vertex 3 62 3
    endloop
  endfacet
  facet normal 0 0 1
    outer loop
      vertex 68 30 3
      vertex 3 3 3
      vertex 68 3 3
    endloop
  endfacet
  facet normal -0 0 1
    outer loop
      vertex 68 58 3
      vertex 71 30 3
      vertex 71 58 3
    endloop
  endfacet
  facet normal 0 0 1
    outer loop
      vertex 71 30 3
      vertex 68 58 3
      vertex 68 30 3
    endloop
  endfacet
  facet normal 0 0 1
    outer loop
      vertex 102 17 3
      vertex 77.2761 15.6812 3
      vertex 77.3 15.5 3
    endloop
  endfacet
  facet normal 0 0 1
    outer loop
      vertex 102 17 3
      vertex 77.2062 15.85 3
      vertex 77.2761 15.6812 3
    endloop
  endfacet
  facet normal 0 -0 1
    outer loop
      vertex 77.095 15.995 3
      vertex 102 17 3
      vertex 71 30 3
    endloop
  endfacet
  facet normal 0 0 1
    outer loop
      vertex 102 17 3
      vertex 77.095 15.995 3
      vertex 77.2062 15.85 3
    endloop
  endfacet
  facet normal 0 0 1
    outer loop
      vertex 77.095 15.995 3
      vertex 71 30 3
      vertex 76.95 16.1062 3
    endloop
  endfacet
  facet normal 0 0 1
    outer loop
      vertex 76.95 16.1062 3
      vertex 71 30 3
      vertex 76.7812 16.1761 3
    endloop
  endfacet
  facet normal 0 0 1
    outer loop
      vertex 76.7812 16.1761 3
      vertex 71 30 3
      vertex 76.6 16.2 3
    endloop
  endfacet
  facet normal -0 -0 1
    outer loop
      vertex 74 17 3
      vertex 76.6 16.2 3
      vertex 71 30 3
    endloop
  endfacet
  facet normal 0 0 1
    outer loop
      vertex 76.6 16.2 3
      vertex 74 17 3
      vertex 76.4188 16.1761 3
    endloop
  endfacet
  facet normal 0 0 1
    outer loop
      vertex 76.4188 16.1761 3
      vertex 74 17 3
      vertex 76.25 16.1062 3
    endloop
  endfacet
  facet normal 0 0 1
    outer loop
      vertex 76.25 16.1062 3
      vertex 74 17 3
      vertex 76.105 15.995 3
    endloop
  endfacet
  facet normal 0 0 1
    outer loop
      vertex 76.105 15.995 3
      vertex 74 17 3
      vertex 75.9938 15.85 3
    endloop
  endfacet
  facet normal 0 0 1
    outer loop
      vertex 75.9938 15.85 3
      vertex 74 17 3
      vertex 75.9239 15.6812 3
    endloop
  endfacet
  facet normal 0 0 1
    outer loop
      vertex 71 58 3
      vertex 78 62 3
      vertex 71 62 3
    endloop
  endfacet
  facet normal 0 0 1
    outer loop
      vertex 71 30 3
      vertex 78 62 3
      vertex 71 58 3
    endloop
  endfacet
  facet normal 0 0 1
    outer loop
      vertex 75.9239 15.6812 3
      vertex 74 17 3
      vertex 75.9 15.5 3
    endloop
  endfacet
  facet normal 0 0 1
    outer loop
      vertex 74 17 3
      vertex 71 30 3
      vertex 71 17 3
    endloop
  endfacet
  facet normal -0 0 1
    outer loop
      vertex 100.1 116.5 3
      vertex 102 115 3
      vertex 102 118 3
    endloop
  endfacet
  facet normal -0 0 1
    outer loop
      vertex 99.75 115.894 3
      vertex 102 115 3
      vertex 99.895 116.005 3
    endloop
  endfacet
  facet normal 0 0 1
    outer loop
      vertex 102 115 3
      vertex 100.1 116.5 3
      vertex 100.076 116.319 3
    endloop
  endfacet
  facet normal 0 0 1
    outer loop
      vertex 102 118 3
      vertex 100.076 116.681 3
      vertex 100.1 116.5 3
    endloop
  endfacet
  facet normal 0 0 1
    outer loop
      vertex 102 118 3
      vertex 100.006 116.85 3
      vertex 100.076 116.681 3
    endloop
  endfacet
  facet normal 0 0 1
    outer loop
      vertex 102 118 3
      vertex 99.895 116.995 3
      vertex 100.006 116.85 3
    endloop
  endfacet
  facet normal 0 0 1
    outer loop
      vertex 102 118 3
      vertex 99.75 117.106 3
      vertex 99.895 116.995 3
    endloop
  endfacet
  facet normal 0 0 1
    outer loop
      vertex 102 118 3
      vertex 99.5812 117.176 3
      vertex 99.75 117.106 3
    endloop
  endfacet
  facet normal 0 0 1
    outer loop
      vertex 102 118 3
      vertex 99.4 117.2 3
      vertex 99.5812 117.176 3
    endloop
  endfacet
  facet normal 0 0 1
    outer loop
      vertex 102 118 3
      vertex 99.2188 117.176 3
      vertex 99.4 117.2 3
    endloop
  endfacet
  facet normal 0 0 1
    outer loop
      vertex 74 118 3
      vertex 98.7 116.5 3
      vertex 98.7239 116.681 3
    endloop
  endfacet
  facet normal -0 0 1
    outer loop
      vertex 74 118 3
      vertex 99.2188 117.176 3
      vertex 102 118 3
    endloop
  endfacet
  facet normal 0 0 1
    outer loop
      vertex 74 118 3
      vertex 99.05 117.106 3
      vertex 99.2188 117.176 3
    endloop
  endfacet
  facet normal 0 0 1
    outer loop
      vertex 74 118 3
      vertex 98.905 116.995 3
      vertex 99.05 117.106 3
    endloop
  endfacet
  facet normal 0 0 1
    outer loop
      vertex 74 118 3
      vertex 98.7938 116.85 3
      vertex 98.905 116.995 3
    endloop
  endfacet
  facet normal 0 0 1
    outer loop
      vertex 74 118 3
      vertex 98.7239 116.681 3
      vertex 98.7938 116.85 3
    endloop
  endfacet
  facet normal 0 0 1
    outer loop
      vertex 98.7 116.5 3
      vertex 74 118 3
      vertex 74 115 3
    endloop
  endfacet
  facet normal 0 0 1
    outer loop
      vertex 98.7 116.5 3
      vertex 74 115 3
      vertex 78 65 3
    endloop
  endfacet
  facet normal 0 0 1
    outer loop
      vertex 74 115 3
      vertex 48 65 3
      vertex 78 65 3
    endloop
  endfacet
  facet normal 0 0 1
    outer loop
      vertex 48 65 3
      vertex 20 65 3
      vertex 48 62 3
    endloop
  endfacet
  facet normal -0 0 1
    outer loop
      vertex 3 115 3
      vertex 48 65 3
      vertex 74 115 3
    endloop
  endfacet
  facet normal 0 0 1
    outer loop
      vertex 48 65 3
      vertex 3 115 3
      vertex 20 65 3
    endloop
  endfacet
  facet normal 0 0 1
    outer loop
      vertex 20 65 3
      vertex 3 115 3
      vertex 3 65 3
    endloop
  endfacet
  facet normal -0 0 1
    outer loop
      vertex 102 115 3
      vertex 112 108 3
      vertex 112 115 3
    endloop
  endfacet
  facet normal 0 0 1
    outer loop
      vertex 112 108 3
      vertex 102 115 3
      vertex 112 80 3
    endloop
  endfacet
  facet normal 0 0 1
    outer loop
      vertex 112 80 3
      vertex 106 65 3
      vertex 112 65 3
    endloop
  endfacet
  facet normal 0 0 1
    outer loop
      vertex 106 65 3
      vertex 102 115 3
      vertex 106 62 3
    endloop
  endfacet
  facet normal 0 0 1
    outer loop
      vertex 112 80 3
      vertex 102 115 3
      vertex 106 65 3
    endloop
  endfacet
  facet normal -0 0 1
    outer loop
      vertex 112 108 3
      vertex 115 80 3
      vertex 115 108 3
    endloop
  endfacet
  facet normal 0 0 1
    outer loop
      vertex 115 80 3
      vertex 112 108 3
      vertex 112 80 3
    endloop
  endfacet
  facet normal 0 0 1
    outer loop
      vertex 197 115 3
      vertex 190 3 3
      vertex 197 3 3
    endloop
  endfacet
  facet normal 0 0 1
    outer loop
      vertex 190 3 3
      vertex 120 3 3
      vertex 190 0 3
    endloop
  endfacet
  facet normal -0 0 1
    outer loop
      vertex 115 80 3
      vertex 190 3 3
      vertex 197 115 3
    endloop
  endfacet
  facet normal 0 0 1
    outer loop
      vertex 115 108 3
      vertex 197 115 3
      vertex 115 115 3
    endloop
  endfacet
  facet normal 0 0 1
    outer loop
      vertex 115 80 3
      vertex 197 115 3
      vertex 115 108 3
    endloop
  endfacet
  facet normal 0 0 1
    outer loop
      vertex 190 3 3
      vertex 115 80 3
      vertex 120 3 3
    endloop
  endfacet
  facet normal 0 0 1
    outer loop
      vertex 120 3 3
      vertex 115 80 3
      vertex 115 3 3
    endloop
  endfacet
  facet normal 0 0 1
    outer loop
      vertex 190 0 3
      vertex 120 3 3
      vertex 120 0 3
    endloop
  endfacet
  facet normal 0 0 1
    outer loop
      vertex 112 62 3
      vertex 108 17 3
      vertex 112 3 3
    endloop
  endfacet
  facet normal -0 0 1
    outer loop
      vertex 106 62 3
      vertex 108 17 3
      vertex 112 62 3
    endloop
  endfacet
  facet normal 0 0 1
    outer loop
      vertex 102 17 3
      vertex 106 62 3
      vertex 102 115 3
    endloop
  endfacet
  facet normal 0 0 1
    outer loop
      vertex 106 62 3
      vertex 102 17 3
      vertex 108 17 3
    endloop
  endfacet
  facet normal 0 0 1
    outer loop
      vertex 112 3 3
      vertex 108 17 3
      vertex 108 3 3
    endloop
  endfacet
  facet normal -0 0 1
    outer loop
      vertex 102 14 3
      vertex 105 0 3
      vertex 105 14 3
    endloop
  endfacet
  facet normal 0 0 1
    outer loop
      vertex 102 115 3
      vertex 100.076 116.319 3
      vertex 100.006 116.15 3
    endloop
  endfacet
  facet normal 0 0 1
    outer loop
      vertex 102 115 3
      vertex 100.006 116.15 3
      vertex 99.895 116.005 3
    endloop
  endfacet
  facet normal 0 0 1
    outer loop
      vertex 102 115 3
      vertex 78 65 3
      vertex 102 17 3
    endloop
  endfacet
  facet normal -0 0 1
    outer loop
      vertex 99.5812 115.824 3
      vertex 102 115 3
      vertex 99.75 115.894 3
    endloop
  endfacet
  facet normal -0 0 1
    outer loop
      vertex 99.4 115.8 3
      vertex 102 115 3
      vertex 99.5812 115.824 3
    endloop
  endfacet
  facet normal 0 0 1
    outer loop
      vertex 99.2188 115.824 3
      vertex 102 115 3
      vertex 99.4 115.8 3
    endloop
  endfacet
  facet normal 0 0 1
    outer loop
      vertex 102 115 3
      vertex 99.2188 115.824 3
      vertex 78 65 3
    endloop
  endfacet
  facet normal 0 0 1
    outer loop
      vertex 78 65 3
      vertex 99.2188 115.824 3
      vertex 99.05 115.894 3
    endloop
  endfacet
  facet normal 0 0 1
    outer loop
      vertex 78 65 3
      vertex 99.05 115.894 3
      vertex 98.905 116.005 3
    endloop
  endfacet
  facet normal 0 0 1
    outer loop
      vertex 78 65 3
      vertex 98.905 116.005 3
      vertex 98.7938 116.15 3
    endloop
  endfacet
  facet normal 0 0 1
    outer loop
      vertex 78 65 3
      vertex 98.7938 116.15 3
      vertex 98.7239 116.319 3
    endloop
  endfacet
  facet normal 0 0 1
    outer loop
      vertex 78 65 3
      vertex 98.7239 116.319 3
      vertex 98.7 116.5 3
    endloop
  endfacet
  facet normal -0 0 1
    outer loop
      vertex 78 62 3
      vertex 102 17 3
      vertex 78 65 3
    endloop
  endfacet
  facet normal -0 0 1
    outer loop
      vertex 71 30 3
      vertex 102 17 3
      vertex 78 62 3
    endloop
  endfacet
  facet normal 0 0 1
    outer loop
      vertex 102 17 3
      vertex 77.3 15.5 3
      vertex 102 14 3
    endloop
  endfacet
  facet normal -0 0 1
    outer loop
      vertex 77.2761 15.3188 3
      vertex 102 14 3
      vertex 77.3 15.5 3
    endloop
  endfacet
  facet normal -0 0 1
    outer loop
      vertex 77.2062 15.15 3
      vertex 102 14 3
      vertex 77.2761 15.3188 3
    endloop
  endfacet
  facet normal -0 0 1
    outer loop
      vertex 77.095 15.005 3
      vertex 102 14 3
      vertex 77.2062 15.15 3
    endloop
  endfacet
  facet normal 0 0 1
    outer loop
      vertex 102 14 3
      vertex 77.095 15.005 3
      vertex 105 0 3
    endloop
  endfacet
  facet normal 0 0 1
    outer loop
      vertex 71 0 3
      vertex 77.095 15.005 3
      vertex 76.95 14.8938 3
    endloop
  endfacet
  facet normal 0 0 1
    outer loop
      vertex 71 0 3
      vertex 76.95 14.8938 3
      vertex 76.7812 14.8239 3
    endloop
  endfacet
  facet normal 0 0 1
    outer loop
      vertex 71 0 3
      vertex 76.7812 14.8239 3
      vertex 76.6 14.8 3
    endloop
  endfacet
  facet normal 0 0 1
    outer loop
      vertex 74 14 3
      vertex 76.6 14.8 3
      vertex 76.4188 14.8239 3
    endloop
  endfacet
  facet normal 0 0 1
    outer loop
      vertex 74 14 3
      vertex 76.4188 14.8239 3
      vertex 76.25 14.8938 3
    endloop
  endfacet
  facet normal 0 0 1
    outer loop
      vertex 74 14 3
      vertex 75.9 15.5 3
      vertex 74 17 3
    endloop
  endfacet
  facet normal 0 0 1
    outer loop
      vertex 75.9 15.5 3
      vertex 74 14 3
      vertex 75.9239 15.3188 3
    endloop
  endfacet
  facet normal 0 0 1
    outer loop
      vertex 75.9239 15.3188 3
      vertex 74 14 3
      vertex 75.9938 15.15 3
    endloop
  endfacet
  facet normal 0 0 1
    outer loop
      vertex 75.9938 15.15 3
      vertex 74 14 3
      vertex 76.105 15.005 3
    endloop
  endfacet
  facet normal 0 0 1
    outer loop
      vertex 74 14 3
      vertex 76.25 14.8938 3
      vertex 76.105 15.005 3
    endloop
  endfacet
  facet normal 0 0 1
    outer loop
      vertex 76.6 14.8 3
      vertex 74 14 3
      vertex 71 0 3
    endloop
  endfacet
  facet normal 0 0 1
    outer loop
      vertex 71 0 3
      vertex 74 14 3
      vertex 71 14 3
    endloop
  endfacet
  facet normal 0 0 1
    outer loop
      vertex 77.095 15.005 3
      vertex 71 0 3
      vertex 105 0 3
    endloop
  endfacet
  facet normal 0 1 0
    outer loop
      vertex 197 3 93
      vertex 190 3 59
      vertex 115 3 93
    endloop
  endfacet
  facet normal 0 1 -0
    outer loop
      vertex 197 3 3
      vertex 190 3 59
      vertex 197 3 93
    endloop
  endfacet
  facet normal 0 1 0
    outer loop
      vertex 190 3 59
      vertex 197 3 3
      vertex 190 3 3
    endloop
  endfacet
  facet normal 0 1 -0
    outer loop
      vertex 120 3 59
      vertex 115 3 93
      vertex 190 3 59
    endloop
  endfacet
  facet normal 0 1 0
    outer loop
      vertex 115 3 3
      vertex 120 3 59
      vertex 120 3 3
    endloop
  endfacet
  facet normal 0 1 0
    outer loop
      vertex 120 3 59
      vertex 115 3 3
      vertex 115 3 93
    endloop
  endfacet
  facet normal 0 1 -0
    outer loop
      vertex 112 3 3
      vertex 108 3 93
      vertex 112 3 93
    endloop
  endfacet
  facet normal 0 1 0
    outer loop
      vertex 108 3 93
      vertex 112 3 3
      vertex 108 3 3
    endloop
  endfacet
  facet normal 0 1 -0
    outer loop
      vertex 40 3 37
      vertex 34 3 67
      vertex 40 3 67
    endloop
  endfacet
  facet normal 0 1 0
    outer loop
      vertex 34 3 67
      vertex 40 3 37
      vertex 34 3 37
    endloop
  endfacet
  facet normal 0 1 -0
    outer loop
      vertex 40 3 67
      vertex 25 3 93
      vertex 68 3 93
    endloop
  endfacet
  facet normal 0 1 0
    outer loop
      vertex 40 3 67
      vertex 68 3 93
      vertex 62 3 67
    endloop
  endfacet
  facet normal 0 1 0
    outer loop
      vertex 68 3 93
      vertex 62 3 37
      vertex 62 3 67
    endloop
  endfacet
  facet normal 0 1 0
    outer loop
      vertex 68 3 3
      vertex 40 3 37
      vertex 62 3 37
    endloop
  endfacet
  facet normal 0 1 0
    outer loop
      vertex 40 3 37
      vertex 68 3 3
      vertex 34 3 37
    endloop
  endfacet
  facet normal 0 1 0
    outer loop
      vertex 3 3 3
      vertex 34 3 37
      vertex 68 3 3
    endloop
  endfacet
  facet normal 0 1 -0
    outer loop
      vertex 68 3 3
      vertex 62 3 37
      vertex 68 3 93
    endloop
  endfacet
  facet normal 0 1 0
    outer loop
      vertex 25 3 93
      vertex 40 3 67
      vertex 34 3 67
    endloop
  endfacet
  facet normal 0 1 0
    outer loop
      vertex 10 3 67
      vertex 25 3 93
      vertex 34 3 67
    endloop
  endfacet
  facet normal 0 1 0
    outer loop
      vertex 25 3 93
      vertex 10 3 67
      vertex 3 3 93
    endloop
  endfacet
  facet normal 0 1 -0
    outer loop
      vertex 10 3 37
      vertex 3 3 93
      vertex 10 3 67
    endloop
  endfacet
  facet normal 0 1 0
    outer loop
      vertex 10 3 37
      vertex 3 3 3
      vertex 3 3 93
    endloop
  endfacet
  facet normal 0 1 0
    outer loop
      vertex 34 3 37
      vertex 3 3 3
      vertex 10 3 37
    endloop
  endfacet
  facet normal 0 -1 0
    outer loop
      vertex 115 115 3
      vertex 175 115 93
      vertex 115 115 93
    endloop
  endfacet
  facet normal 0 -1 0
    outer loop
      vertex 197 115 3
      vertex 175 115 93
      vertex 115 115 3
    endloop
  endfacet
  facet normal 0 -1 0
    outer loop
      vertex 175 115 93
      vertex 197 115 3
      vertex 197 115 93
    endloop
  endfacet
  facet normal 0 -1 0
    outer loop
      vertex 42 115 37
      vertex 74 115 61
      vertex 42 115 67
    endloop
  endfacet
  facet normal 0 -1 0
    outer loop
      vertex 74 115 3
      vertex 42 115 37
      vertex 3 115 3
    endloop
  endfacet
  facet normal 0 -1 0
    outer loop
      vertex 42 115 37
      vertex 74 115 3
      vertex 74 115 61
    endloop
  endfacet
  facet normal 0 -1 0
    outer loop
      vertex 14 115 67
      vertex 25 115 93
      vertex 3 115 93
    endloop
  endfacet
  facet normal 0 -1 -0
    outer loop
      vertex 25 115 93
      vertex 14 115 67
      vertex 42 115 67
    endloop
  endfacet
  facet normal 0 -1 0
    outer loop
      vertex 3 115 93
      vertex 14 115 37
      vertex 14 115 67
    endloop
  endfacet
  facet normal 0 -1 -0
    outer loop
      vertex 14 115 37
      vertex 3 115 3
      vertex 42 115 37
    endloop
  endfacet
  facet normal 0 -1 0
    outer loop
      vertex 3 115 3
      vertex 14 115 37
      vertex 3 115 93
    endloop
  endfacet
  facet normal 0 -1 0
    outer loop
      vertex 74 115 61
      vertex 25 115 93
      vertex 42 115 67
    endloop
  endfacet
  facet normal 0 -1 0
    outer loop
      vertex 25 115 93
      vertex 74 115 61
      vertex 112 115 93
    endloop
  endfacet
  facet normal 0 -1 0
    outer loop
      vertex 102 115 61
      vertex 112 115 93
      vertex 74 115 61
    endloop
  endfacet
  facet normal 0 -1 0
    outer loop
      vertex 112 115 3
      vertex 102 115 61
      vertex 102 115 3
    endloop
  endfacet
  facet normal 0 -1 0
    outer loop
      vertex 102 115 61
      vertex 112 115 3
      vertex 112 115 93
    endloop
  endfacet
  facet normal -1 0 0
    outer loop
      vertex 68 30 3
      vertex 68 3 3
      vertex 68 30 61
    endloop
  endfacet
  facet normal -1 0 0
    outer loop
      vertex 68 58 61
      vertex 68 62 3
      vertex 68 58 3
    endloop
  endfacet
  facet normal -1 0 0
    outer loop
      vertex 68 62 3
      vertex 68 58 61
      vertex 68 62 93
    endloop
  endfacet
  facet normal -1 0 0
    outer loop
      vertex 68 30 61
      vertex 68 62 93
      vertex 68 58 61
    endloop
  endfacet
  facet normal -1 0 0
    outer loop
      vertex 68 30 61
      vertex 68 3 93
      vertex 68 62 93
    endloop
  endfacet
  facet normal -1 0 0
    outer loop
      vertex 68 3 93
      vertex 68 30 61
      vertex 68 3 3
    endloop
  endfacet
  facet normal 1 -0 0
    outer loop
      vertex 108 3 93
      vertex 108 17 3
      vertex 108 17 93
    endloop
  endfacet
  facet normal 1 0 0
    outer loop
      vertex 108 17 3
      vertex 108 3 93
      vertex 108 3 3
    endloop
  endfacet
  facet normal 1 -0 0
    outer loop
      vertex 71 0 93
      vertex 71 14 3
      vertex 71 14 93
    endloop
  endfacet
  facet normal 1 0 0
    outer loop
      vertex 71 14 3
      vertex 71 0 93
      vertex 71 0 3
    endloop
  endfacet
  facet normal 0 1 0
    outer loop
      vertex 108 17 93
      vertex 102 17 61
      vertex 71 17 93
    endloop
  endfacet
  facet normal 0 1 -0
    outer loop
      vertex 108 17 3
      vertex 102 17 61
      vertex 108 17 93
    endloop
  endfacet
  facet normal 0 1 0
    outer loop
      vertex 102 17 61
      vertex 108 17 3
      vertex 102 17 3
    endloop
  endfacet
  facet normal 0 1 -0
    outer loop
      vertex 74 17 61
      vertex 71 17 93
      vertex 102 17 61
    endloop
  endfacet
  facet normal 0 1 0
    outer loop
      vertex 71 17 3
      vertex 74 17 61
      vertex 74 17 3
    endloop
  endfacet
  facet normal 0 1 0
    outer loop
      vertex 74 17 61
      vertex 71 17 3
      vertex 71 17 93
    endloop
  endfacet
  facet normal -1 0 0
    outer loop
      vertex 105 0 3
      vertex 105 14 93
      vertex 105 14 3
    endloop
  endfacet
  facet normal -1 -0 0
    outer loop
      vertex 105 14 93
      vertex 105 0 3
      vertex 105 0 93
    endloop
  endfacet
  facet normal -1 0 0
    outer loop
      vertex 112 3 3
      vertex 112 62 93
      vertex 112 62 3
    endloop
  endfacet
  facet normal -1 -0 0
    outer loop
      vertex 112 62 93
      vertex 112 3 3
      vertex 112 3 93
    endloop
  endfacet
  facet normal -1 0 0
    outer loop
      vertex 112 80 3
      vertex 112 65 3
      vertex 112 80 61
    endloop
  endfacet
  facet normal -1 0 0
    outer loop
      vertex 112 108 61
      vertex 112 115 3
      vertex 112 108 3
    endloop
  endfacet
  facet normal -1 0 0
    outer loop
      vertex 112 115 3
      vertex 112 108 61
      vertex 112 115 93
    endloop
  endfacet
  facet normal -1 0 0
    outer loop
      vertex 112 80 61
      vertex 112 115 93
      vertex 112 108 61
    endloop
  endfacet
  facet normal -1 0 0
    outer loop
      vertex 112 80 61
      vertex 112 65 93
      vertex 112 115 93
    endloop
  endfacet
  facet normal -1 0 0
    outer loop
      vertex 112 65 93
      vertex 112 80 61
      vertex 112 65 3
    endloop
  endfacet
  facet normal 1 0 0
    outer loop
      vertex 115 115 93
      vertex 115 108 61
      vertex 115 115 3
    endloop
  endfacet
  facet normal 1 0 0
    outer loop
      vertex 115 115 93
      vertex 115 80 61
      vertex 115 108 61
    endloop
  endfacet
  facet normal 1 -0 0
    outer loop
      vertex 115 3 93
      vertex 115 80 61
      vertex 115 115 93
    endloop
  endfacet
  facet normal 1 0 0
    outer loop
      vertex 115 3 3
      vertex 115 80 61
      vertex 115 3 93
    endloop
  endfacet
  facet normal 1 0 0
    outer loop
      vertex 115 80 61
      vertex 115 3 3
      vertex 115 80 3
    endloop
  endfacet
  facet normal 1 0 0
    outer loop
      vertex 115 115 3
      vertex 115 108 61
      vertex 115 108 3
    endloop
  endfacet
  facet normal 1 0 0
    outer loop
      vertex 71 62 93
      vertex 71 58 61
      vertex 71 62 3
    endloop
  endfacet
  facet normal 1 0 0
    outer loop
      vertex 71 62 93
      vertex 71 30 61
      vertex 71 58 61
    endloop
  endfacet
  facet normal 1 -0 0
    outer loop
      vertex 71 17 93
      vertex 71 30 61
      vertex 71 62 93
    endloop
  endfacet
  facet normal 1 0 0
    outer loop
      vertex 71 17 3
      vertex 71 30 61
      vertex 71 17 93
    endloop
  endfacet
  facet normal 1 0 0
    outer loop
      vertex 71 30 61
      vertex 71 17 3
      vertex 71 30 3
    endloop
  endfacet
  facet normal 1 0 0
    outer loop
      vertex 71 62 3
      vertex 71 58 61
      vertex 71 58 3
    endloop
  endfacet
  facet normal 0 1 -0
    outer loop
      vertex 78 65 3
      vertex 48 65 61
      vertex 78 65 61
    endloop
  endfacet
  facet normal 0 1 0
    outer loop
      vertex 48 65 61
      vertex 78 65 3
      vertex 48 65 3
    endloop
  endfacet
  facet normal 0 1 0
    outer loop
      vertex 78 65 61
      vertex 112 65 93
      vertex 106 65 61
    endloop
  endfacet
  facet normal 0 1 -0
    outer loop
      vertex 112 65 3
      vertex 106 65 61
      vertex 112 65 93
    endloop
  endfacet
  facet normal 0 1 0
    outer loop
      vertex 106 65 61
      vertex 112 65 3
      vertex 106 65 3
    endloop
  endfacet
  facet normal 0 1 0
    outer loop
      vertex 48 65 61
      vertex 112 65 93
      vertex 78 65 61
    endloop
  endfacet
  facet normal 0 1 0
    outer loop
      vertex 112 65 93
      vertex 48 65 61
      vertex 3 65 93
    endloop
  endfacet
  facet normal 0 1 -0
    outer loop
      vertex 20 65 61
      vertex 3 65 93
      vertex 48 65 61
    endloop
  endfacet
  facet normal 0 1 0
    outer loop
      vertex 3 65 3
      vertex 20 65 61
      vertex 20 65 3
    endloop
  endfacet
  facet normal 0 1 0
    outer loop
      vertex 20 65 61
      vertex 3 65 3
      vertex 3 65 93
    endloop
  endfacet
  facet normal 0 -1 0
    outer loop
      vertex 71 62 93
      vertex 78 62 61
      vertex 112 62 93
    endloop
  endfacet
  facet normal 0 -1 0
    outer loop
      vertex 71 62 3
      vertex 78 62 61
      vertex 71 62 93
    endloop
  endfacet
  facet normal 0 -1 -0
    outer loop
      vertex 78 62 61
      vertex 71 62 3
      vertex 78 62 3
    endloop
  endfacet
  facet normal 0 -1 0
    outer loop
      vertex 106 62 61
      vertex 112 62 93
      vertex 78 62 61
    endloop
  endfacet
  facet normal 0 -1 0
    outer loop
      vertex 112 62 3
      vertex 106 62 61
      vertex 106 62 3
    endloop
  endfacet
  facet normal 0 -1 0
    outer loop
      vertex 106 62 61
      vertex 112 62 3
      vertex 112 62 93
    endloop
  endfacet
  facet normal 0 -1 0
    outer loop
      vertex 48 62 61
      vertex 3 62 93
      vertex 20 62 61
    endloop
  endfacet
  facet normal 0 -1 0
    outer loop
      vertex 3 62 3
      vertex 20 62 61
      vertex 3 62 93
    endloop
  endfacet
  facet normal 0 -1 -0
    outer loop
      vertex 20 62 61
      vertex 3 62 3
      vertex 20 62 3
    endloop
  endfacet
  facet normal 0 -1 0
    outer loop
      vertex 3 62 93
      vertex 48 62 61
      vertex 68 62 93
    endloop
  endfacet
  facet normal 0 -1 0
    outer loop
      vertex 68 62 3
      vertex 48 62 61
      vertex 48 62 3
    endloop
  endfacet
  facet normal 0 -1 0
    outer loop
      vertex 48 62 61
      vertex 68 62 3
      vertex 68 62 93
    endloop
  endfacet
  facet normal -1 0 0
    outer loop
      vertex 8 0 35
      vertex 8 -0.9 36
      vertex 8 0 36
    endloop
  endfacet
  facet normal -1 -0 0
    outer loop
      vertex 8 -0.9 36
      vertex 8 -1.2 35
      vertex 8 -0.9 68
    endloop
  endfacet
  facet normal -1 0 0
    outer loop
      vertex 8 -1.2 35
      vertex 8 -0.9 36
      vertex 8 0 35
    endloop
  endfacet
  facet normal -1 0 0
    outer loop
      vertex 8 -0.9 68
      vertex 8 0 69
      vertex 8 0 68
    endloop
  endfacet
  facet normal -1 0 0
    outer loop
      vertex 8 -0.9 68
      vertex 8 -1.2 69
      vertex 8 0 69
    endloop
  endfacet
  facet normal -1 0 0
    outer loop
      vertex 8 -1.2 69
      vertex 8 -0.9 68
      vertex 8 -1.2 35
    endloop
  endfacet
  facet normal -0 0 1
    outer loop
      vertex 8 0 69
      vertex 36 -1.2 69
      vertex 36 0 69
    endloop
  endfacet
  facet normal 0 0 1
    outer loop
      vertex 36 -1.2 69
      vertex 8 0 69
      vertex 8 -1.2 69
    endloop
  endfacet
  facet normal 1 0 0
    outer loop
      vertex 36 0 69
      vertex 36 -0.9 68
      vertex 36 0 68
    endloop
  endfacet
  facet normal 1 0 0
    outer loop
      vertex 36 -0.9 68
      vertex 36 -1.2 69
      vertex 36 -0.9 36
    endloop
  endfacet
  facet normal 1 -0 0
    outer loop
      vertex 36 -1.2 69
      vertex 36 -0.9 68
      vertex 36 0 69
    endloop
  endfacet
  facet normal 1 -0 0
    outer loop
      vertex 36 -0.9 36
      vertex 36 0 35
      vertex 36 0 36
    endloop
  endfacet
  facet normal 1 0 0
    outer loop
      vertex 36 -0.9 36
      vertex 36 -1.2 35
      vertex 36 0 35
    endloop
  endfacet
  facet normal 1 0 0
    outer loop
      vertex 36 -1.2 35
      vertex 36 -0.9 36
      vertex 36 -1.2 69
    endloop
  endfacet
  facet normal 0 0 -1
    outer loop
      vertex 8 -1.2 35
      vertex 36 0 35
      vertex 36 -1.2 35
    endloop
  endfacet
  facet normal -0 0 -1
    outer loop
      vertex 36 0 35
      vertex 8 -1.2 35
      vertex 8 0 35
    endloop
  endfacet
  facet normal 0 -1 0
    outer loop
      vertex 8 -1.2 69
      vertex 10 -1.2 67
      vertex 36 -1.2 69
    endloop
  endfacet
  facet normal 0 -1 0
    outer loop
      vertex 8 -1.2 69
      vertex 10 -1.2 37
      vertex 10 -1.2 67
    endloop
  endfacet
  facet normal 0 -1 -0
    outer loop
      vertex 10 -1.2 37
      vertex 8 -1.2 35
      vertex 34 -1.2 37
    endloop
  endfacet
  facet normal 0 -1 0
    outer loop
      vertex 8 -1.2 35
      vertex 10 -1.2 37
      vertex 8 -1.2 69
    endloop
  endfacet
  facet normal 0 -1 0
    outer loop
      vertex 34 -1.2 67
      vertex 36 -1.2 69
      vertex 10 -1.2 67
    endloop
  endfacet
  facet normal 0 -1 0
    outer loop
      vertex 34 -1.2 37
      vertex 36 -1.2 69
      vertex 34 -1.2 67
    endloop
  endfacet
  facet normal 0 -1 0
    outer loop
      vertex 34 -1.2 37
      vertex 36 -1.2 35
      vertex 36 -1.2 69
    endloop
  endfacet
  facet normal 0 -1 0
    outer loop
      vertex 36 -1.2 35
      vertex 34 -1.2 37
      vertex 8 -1.2 35
    endloop
  endfacet
  facet normal 1 -0 0
    outer loop
      vertex 10 -1.2 67
      vertex 10 3 37
      vertex 10 3 67
    endloop
  endfacet
  facet normal 1 0 0
    outer loop
      vertex 10 3 37
      vertex 10 -1.2 67
      vertex 10 -1.2 37
    endloop
  endfacet
  facet normal 0 0 -1
    outer loop
      vertex 10 -1.2 67
      vertex 34 3 67
      vertex 34 -1.2 67
    endloop
  endfacet
  facet normal -0 0 -1
    outer loop
      vertex 34 3 67
      vertex 10 -1.2 67
      vertex 10 3 67
    endloop
  endfacet
  facet normal -1 0 0
    outer loop
      vertex 34 -1.2 37
      vertex 34 3 67
      vertex 34 3 37
    endloop
  endfacet
  facet normal -1 -0 0
    outer loop
      vertex 34 3 67
      vertex 34 -1.2 37
      vertex 34 -1.2 67
    endloop
  endfacet
  facet normal -0 0 1
    outer loop
      vertex 10 3 37
      vertex 34 -1.2 37
      vertex 34 3 37
    endloop
  endfacet
  facet normal 0 0 1
    outer loop
      vertex 34 -1.2 37
      vertex 10 3 37
      vertex 10 -1.2 37
    endloop
  endfacet
  facet normal -1 0 0
    outer loop
      vertex 2 -0.9 36
      vertex 2 0 68
      vertex 2 0 36
    endloop
  endfacet
  facet normal -1 -0 0
    outer loop
      vertex 2 0 68
      vertex 2 -0.9 36
      vertex 2 -0.9 68
    endloop
  endfacet
  facet normal -0 0 1
    outer loop
      vertex 2 0 68
      vertex 8 -0.9 68
      vertex 8 0 68
    endloop
  endfacet
  facet normal 0 0 1
    outer loop
      vertex 8 -0.9 68
      vertex 2 0 68
      vertex 2 -0.9 68
    endloop
  endfacet
  facet normal 0 0 -1
    outer loop
      vertex 2 -0.9 36
      vertex 8 0 36
      vertex 8 -0.9 36
    endloop
  endfacet
  facet normal -0 0 -1
    outer loop
      vertex 8 0 36
      vertex 2 -0.9 36
      vertex 2 0 36
    endloop
  endfacet
  facet normal 0 -1 0
    outer loop
      vertex 2 -0.9 36
      vertex 8 -0.9 68
      vertex 2 -0.9 68
    endloop
  endfacet
  facet normal 0 -1 -0
    outer loop
      vertex 8 -0.9 68
      vertex 2 -0.9 36
      vertex 8 -0.9 36
    endloop
  endfacet
  facet normal -0 0 1
    outer loop
      vertex 36 0 68
      vertex 38 -0.9 68
      vertex 38 0 68
    endloop
  endfacet
  facet normal 0 0 1
    outer loop
      vertex 38 -0.9 68
      vertex 36 0 68
      vertex 36 -0.9 68
    endloop
  endfacet
  facet normal 0 0 -1
    outer loop
      vertex 36 -0.9 36
      vertex 38 0 36
      vertex 38 -0.9 36
    endloop
  endfacet
  facet normal -0 0 -1
    outer loop
      vertex 38 0 36
      vertex 36 -0.9 36
      vertex 36 0 36
    endloop
  endfacet
  facet normal 0 -1 0
    outer loop
      vertex 36 -0.9 36
      vertex 38 -0.9 68
      vertex 36 -0.9 68
    endloop
  endfacet
  facet normal 0 -1 -0
    outer loop
      vertex 38 -0.9 68
      vertex 36 -0.9 36
      vertex 38 -0.9 36
    endloop
  endfacet
  facet normal -1 0 0
    outer loop
      vertex 38 0 35
      vertex 38 -0.9 36
      vertex 38 0 36
    endloop
  endfacet
  facet normal -1 -0 0
    outer loop
      vertex 38 -0.9 36
      vertex 38 -1.2 35
      vertex 38 -0.9 68
    endloop
  endfacet
  facet normal -1 0 0
    outer loop
      vertex 38 -1.2 35
      vertex 38 -0.9 36
      vertex 38 0 35
    endloop
  endfacet
  facet normal -1 0 0
    outer loop
      vertex 38 -0.9 68
      vertex 38 0 69
      vertex 38 0 68
    endloop
  endfacet
  facet normal -1 0 0
    outer loop
      vertex 38 -0.9 68
      vertex 38 -1.2 69
      vertex 38 0 69
    endloop
  endfacet
  facet normal -1 0 0
    outer loop
      vertex 38 -1.2 69
      vertex 38 -0.9 68
      vertex 38 -1.2 35
    endloop
  endfacet
  facet normal -0 0 1
    outer loop
      vertex 38 0 69
      vertex 64 -1.2 69
      vertex 64 0 69
    endloop
  endfacet
  facet normal 0 0 1
    outer loop
      vertex 64 -1.2 69
      vertex 38 0 69
      vertex 38 -1.2 69
    endloop
  endfacet
  facet normal 1 0 0
    outer loop
      vertex 64 0 69
      vertex 64 -0.9 68
      vertex 64 0 68
    endloop
  endfacet
  facet normal 1 0 0
    outer loop
      vertex 64 -0.9 68
      vertex 64 -1.2 69
      vertex 64 -0.9 36
    endloop
  endfacet
  facet normal 1 -0 0
    outer loop
      vertex 64 -1.2 69
      vertex 64 -0.9 68
      vertex 64 0 69
    endloop
  endfacet
  facet normal 1 -0 0
    outer loop
      vertex 64 -0.9 36
      vertex 64 0 35
      vertex 64 0 36
    endloop
  endfacet
  facet normal 1 0 0
    outer loop
      vertex 64 -0.9 36
      vertex 64 -1.2 35
      vertex 64 0 35
    endloop
  endfacet
  facet normal 1 0 0
    outer loop
      vertex 64 -1.2 35
      vertex 64 -0.9 36
      vertex 64 -1.2 69
    endloop
  endfacet
  facet normal 0 0 -1
    outer loop
      vertex 38 -1.2 35
      vertex 64 0 35
      vertex 64 -1.2 35
    endloop
  endfacet
  facet normal -0 0 -1
    outer loop
      vertex 64 0 35
      vertex 38 -1.2 35
      vertex 38 0 35
    endloop
  endfacet
  facet normal 0 -1 0
    outer loop
      vertex 38 -1.2 69
      vertex 40 -1.2 67
      vertex 64 -1.2 69
    endloop
  endfacet
  facet normal 0 -1 0
    outer loop
      vertex 38 -1.2 69
      vertex 40 -1.2 37
      vertex 40 -1.2 67
    endloop
  endfacet
  facet normal 0 -1 -0
    outer loop
      vertex 40 -1.2 37
      vertex 38 -1.2 35
      vertex 62 -1.2 37
    endloop
  endfacet
  facet normal 0 -1 0
    outer loop
      vertex 38 -1.2 35
      vertex 40 -1.2 37
      vertex 38 -1.2 69
    endloop
  endfacet
  facet normal 0 -1 0
    outer loop
      vertex 62 -1.2 67
      vertex 64 -1.2 69
      vertex 40 -1.2 67
    endloop
  endfacet
  facet normal 0 -1 0
    outer loop
      vertex 62 -1.2 37
      vertex 64 -1.2 69
      vertex 62 -1.2 67
    endloop
  endfacet
  facet normal 0 -1 0
    outer loop
      vertex 62 -1.2 37
      vertex 64 -1.2 35
      vertex 64 -1.2 69
    endloop
  endfacet
  facet normal 0 -1 0
    outer loop
      vertex 64 -1.2 35
      vertex 62 -1.2 37
      vertex 38 -1.2 35
    endloop
  endfacet
  facet normal 1 -0 0
    outer loop
      vertex 40 -1.2 67
      vertex 40 3 37
      vertex 40 3 67
    endloop
  endfacet
  facet normal 1 0 0
    outer loop
      vertex 40 3 37
      vertex 40 -1.2 67
      vertex 40 -1.2 37
    endloop
  endfacet
  facet normal 0 0 -1
    outer loop
      vertex 40 -1.2 67
      vertex 62 3 67
      vertex 62 -1.2 67
    endloop
  endfacet
  facet normal -0 0 -1
    outer loop
      vertex 62 3 67
      vertex 40 -1.2 67
      vertex 40 3 67
    endloop
  endfacet
  facet normal -1 0 0
    outer loop
      vertex 62 -1.2 37
      vertex 62 3 67
      vertex 62 3 37
    endloop
  endfacet
  facet normal -1 -0 0
    outer loop
      vertex 62 3 67
      vertex 62 -1.2 37
      vertex 62 -1.2 67
    endloop
  endfacet
  facet normal -0 0 1
    outer loop
      vertex 40 3 37
      vertex 62 -1.2 37
      vertex 62 3 37
    endloop
  endfacet
  facet normal 0 0 1
    outer loop
      vertex 62 -1.2 37
      vertex 40 3 37
      vertex 40 -1.2 37
    endloop
  endfacet
  facet normal -0 0 1
    outer loop
      vertex 64 0 68
      vertex 70 -0.9 68
      vertex 70 0 68
    endloop
  endfacet
  facet normal 0 0 1
    outer loop
      vertex 70 -0.9 68
      vertex 64 0 68
      vertex 64 -0.9 68
    endloop
  endfacet
  facet normal 1 -0 0
    outer loop
      vertex 70 -0.9 68
      vertex 70 0 36
      vertex 70 0 68
    endloop
  endfacet
  facet normal 1 0 0
    outer loop
      vertex 70 0 36
      vertex 70 -0.9 68
      vertex 70 -0.9 36
    endloop
  endfacet
  facet normal 0 0 -1
    outer loop
      vertex 64 -0.9 36
      vertex 70 0 36
      vertex 70 -0.9 36
    endloop
  endfacet
  facet normal -0 0 -1
    outer loop
      vertex 70 0 36
      vertex 64 -0.9 36
      vertex 64 0 36
    endloop
  endfacet
  facet normal 0 -1 0
    outer loop
      vertex 64 -0.9 36
      vertex 70 -0.9 68
      vertex 64 -0.9 68
    endloop
  endfacet
  facet normal 0 -1 -0
    outer loop
      vertex 70 -0.9 68
      vertex 64 -0.9 36
      vertex 70 -0.9 36
    endloop
  endfacet
  facet normal 0.991449 0.130497 0
    outer loop
      vertex 26.5 1.5 96
      vertex 26.4489 1.88823 93
      vertex 26.4489 1.88823 96
    endloop
  endfacet
  facet normal 0.991449 0.130497 0
    outer loop
      vertex 26.4489 1.88823 93
      vertex 26.5 1.5 96
      vertex 26.5 1.5 93
    endloop
  endfacet
  facet normal -0.130532 0.991444 0
    outer loop
      vertex 25 3 93
      vertex 24.6118 2.94889 96
      vertex 25 3 96
    endloop
  endfacet
  facet normal -0.130532 0.991444 0
    outer loop
      vertex 24.6118 2.94889 96
      vertex 25 3 93
      vertex 24.6118 2.94889 93
    endloop
  endfacet
  facet normal 0.130535 -0.991444 0
    outer loop
      vertex 25 0 93
      vertex 25.3882 0.0511112 96
      vertex 25 0 96
    endloop
  endfacet
  facet normal 0.130535 -0.991444 0
    outer loop
      vertex 25.3882 0.0511112 96
      vertex 25 0 93
      vertex 25.3882 0.0511112 93
    endloop
  endfacet
  facet normal 0.382656 -0.923891 0
    outer loop
      vertex 25.3882 0.0511112 93
      vertex 25.75 0.200961 96
      vertex 25.3882 0.0511112 96
    endloop
  endfacet
  facet normal 0.382656 -0.923891 0
    outer loop
      vertex 25.75 0.200961 96
      vertex 25.3882 0.0511112 93
      vertex 25.75 0.200961 93
    endloop
  endfacet
  facet normal 0.608716 0.793388 -0
    outer loop
      vertex 26.0607 2.56066 93
      vertex 25.75 2.79904 96
      vertex 26.0607 2.56066 96
    endloop
  endfacet
  facet normal 0.608716 0.793388 0
    outer loop
      vertex 25.75 2.79904 96
      vertex 26.0607 2.56066 93
      vertex 25.75 2.79904 93
    endloop
  endfacet
  facet normal 0.923834 0.382792 0
    outer loop
      vertex 26.4489 1.88823 96
      vertex 26.299 2.25 93
      vertex 26.299 2.25 96
    endloop
  endfacet
  facet normal 0.923834 0.382792 0
    outer loop
      vertex 26.299 2.25 93
      vertex 26.4489 1.88823 96
      vertex 26.4489 1.88823 93
    endloop
  endfacet
  facet normal -0.793449 0.608636 0
    outer loop
      vertex 23.701 2.25 93
      vertex 23.9393 2.56066 96
      vertex 23.9393 2.56066 93
    endloop
  endfacet
  facet normal -0.793449 0.608636 0
    outer loop
      vertex 23.9393 2.56066 96
      vertex 23.701 2.25 93
      vertex 23.701 2.25 96
    endloop
  endfacet
  facet normal -0.382656 0.923891 0
    outer loop
      vertex 24.6118 2.94889 93
      vertex 24.25 2.79904 96
      vertex 24.6118 2.94889 96
    endloop
  endfacet
  facet normal -0.382656 0.923891 0
    outer loop
      vertex 24.25 2.79904 96
      vertex 24.6118 2.94889 93
      vertex 24.25 2.79904 93
    endloop
  endfacet
  facet normal -0.923834 -0.382792 0
    outer loop
      vertex 23.701 0.75 93
      vertex 23.5511 1.11177 96
      vertex 23.5511 1.11177 93
    endloop
  endfacet
  facet normal -0.923834 -0.382792 0
    outer loop
      vertex 23.5511 1.11177 96
      vertex 23.701 0.75 93
      vertex 23.701 0.75 96
    endloop
  endfacet
  facet normal 0.793449 0.608636 0
    outer loop
      vertex 26.299 2.25 96
      vertex 26.0607 2.56066 93
      vertex 26.0607 2.56066 96
    endloop
  endfacet
  facet normal 0.793449 0.608636 0
    outer loop
      vertex 26.0607 2.56066 93
      vertex 26.299 2.25 96
      vertex 26.299 2.25 93
    endloop
  endfacet
  facet normal 0.130532 0.991444 -0
    outer loop
      vertex 25.3882 2.94889 93
      vertex 25 3 96
      vertex 25.3882 2.94889 96
    endloop
  endfacet
  facet normal 0.130532 0.991444 0
    outer loop
      vertex 25 3 96
      vertex 25.3882 2.94889 93
      vertex 25 3 93
    endloop
  endfacet
  facet normal 0.382656 0.923891 -0
    outer loop
      vertex 25.75 2.79904 93
      vertex 25.3882 2.94889 96
      vertex 25.75 2.79904 96
    endloop
  endfacet
  facet normal 0.382656 0.923891 0
    outer loop
      vertex 25.3882 2.94889 96
      vertex 25.75 2.79904 93
      vertex 25.3882 2.94889 93
    endloop
  endfacet
  facet normal -0.923834 0.382792 0
    outer loop
      vertex 23.5511 1.88823 93
      vertex 23.701 2.25 96
      vertex 23.701 2.25 93
    endloop
  endfacet
  facet normal -0.923834 0.382792 0
    outer loop
      vertex 23.701 2.25 96
      vertex 23.5511 1.88823 93
      vertex 23.5511 1.88823 96
    endloop
  endfacet
  facet normal -0.991449 0.130497 0
    outer loop
      vertex 23.5 1.5 93
      vertex 23.5511 1.88823 96
      vertex 23.5511 1.88823 93
    endloop
  endfacet
  facet normal -0.991449 0.130497 0
    outer loop
      vertex 23.5511 1.88823 96
      vertex 23.5 1.5 93
      vertex 23.5 1.5 96
    endloop
  endfacet
  facet normal -0.991449 -0.130497 0
    outer loop
      vertex 23.5511 1.11177 93
      vertex 23.5 1.5 96
      vertex 23.5 1.5 93
    endloop
  endfacet
  facet normal -0.991449 -0.130497 0
    outer loop
      vertex 23.5 1.5 96
      vertex 23.5511 1.11177 93
      vertex 23.5511 1.11177 96
    endloop
  endfacet
  facet normal -0.608716 0.793388 0
    outer loop
      vertex 24.25 2.79904 93
      vertex 23.9393 2.56066 96
      vertex 24.25 2.79904 96
    endloop
  endfacet
  facet normal -0.608716 0.793388 0
    outer loop
      vertex 23.9393 2.56066 96
      vertex 24.25 2.79904 93
      vertex 23.9393 2.56066 93
    endloop
  endfacet
  facet normal 0.923834 -0.382792 0
    outer loop
      vertex 26.299 0.75 96
      vertex 26.4489 1.11177 93
      vertex 26.4489 1.11177 96
    endloop
  endfacet
  facet normal 0.923834 -0.382792 0
    outer loop
      vertex 26.4489 1.11177 93
      vertex 26.299 0.75 96
      vertex 26.299 0.75 93
    endloop
  endfacet
  facet normal -0.382656 -0.923891 0
    outer loop
      vertex 24.25 0.200961 93
      vertex 24.6118 0.0511112 96
      vertex 24.25 0.200961 96
    endloop
  endfacet
  facet normal -0.382656 -0.923891 -0
    outer loop
      vertex 24.6118 0.0511112 96
      vertex 24.25 0.200961 93
      vertex 24.6118 0.0511112 93
    endloop
  endfacet
  facet normal -0.793449 -0.608636 0
    outer loop
      vertex 23.9393 0.43934 93
      vertex 23.701 0.75 96
      vertex 23.701 0.75 93
    endloop
  endfacet
  facet normal -0.793449 -0.608636 0
    outer loop
      vertex 23.701 0.75 96
      vertex 23.9393 0.43934 93
      vertex 23.9393 0.43934 96
    endloop
  endfacet
  facet normal 0 0 1
    outer loop
      vertex 26.4489 1.88823 96
      vertex 26.4489 1.11177 96
      vertex 26.5 1.5 96
    endloop
  endfacet
  facet normal 0 0 1
    outer loop
      vertex 26.299 2.25 96
      vertex 26.4489 1.11177 96
      vertex 26.4489 1.88823 96
    endloop
  endfacet
  facet normal 0 0 1
    outer loop
      vertex 26.299 2.25 96
      vertex 26.299 0.75 96
      vertex 26.4489 1.11177 96
    endloop
  endfacet
  facet normal 0 0 1
    outer loop
      vertex 26.0607 2.56066 96
      vertex 26.299 0.75 96
      vertex 26.299 2.25 96
    endloop
  endfacet
  facet normal 0 0 1
    outer loop
      vertex 26.0607 2.56066 96
      vertex 26.0607 0.43934 96
      vertex 26.299 0.75 96
    endloop
  endfacet
  facet normal 0 0 1
    outer loop
      vertex 25.75 2.79904 96
      vertex 26.0607 0.43934 96
      vertex 26.0607 2.56066 96
    endloop
  endfacet
  facet normal 0 0 1
    outer loop
      vertex 25.75 2.79904 96
      vertex 25.75 0.200961 96
      vertex 26.0607 0.43934 96
    endloop
  endfacet
  facet normal 0 0 1
    outer loop
      vertex 25.3882 2.94889 96
      vertex 25.75 0.200961 96
      vertex 25.75 2.79904 96
    endloop
  endfacet
  facet normal 0 0 1
    outer loop
      vertex 25.3882 2.94889 96
      vertex 25.3882 0.0511112 96
      vertex 25.75 0.200961 96
    endloop
  endfacet
  facet normal 0 0 1
    outer loop
      vertex 25 3 96
      vertex 25.3882 0.0511112 96
      vertex 25.3882 2.94889 96
    endloop
  endfacet
  facet normal 0 0 1
    outer loop
      vertex 25 3 96
      vertex 25 0 96
      vertex 25.3882 0.0511112 96
    endloop
  endfacet
  facet normal -0 0 1
    outer loop
      vertex 24.6118 2.94889 96
      vertex 25 0 96
      vertex 25 3 96
    endloop
  endfacet
  facet normal 0 0 1
    outer loop
      vertex 24.6118 2.94889 96
      vertex 24.6118 0.0511112 96
      vertex 25 0 96
    endloop
  endfacet
  facet normal -0 0 1
    outer loop
      vertex 24.25 2.79904 96
      vertex 24.6118 0.0511112 96
      vertex 24.6118 2.94889 96
    endloop
  endfacet
  facet normal 0 0 1
    outer loop
      vertex 24.25 2.79904 96
      vertex 24.25 0.200961 96
      vertex 24.6118 0.0511112 96
    endloop
  endfacet
  facet normal -0 0 1
    outer loop
      vertex 23.9393 2.56066 96
      vertex 24.25 0.200961 96
      vertex 24.25 2.79904 96
    endloop
  endfacet
  facet normal 0 0 1
    outer loop
      vertex 23.9393 2.56066 96
      vertex 23.9393 0.43934 96
      vertex 24.25 0.200961 96
    endloop
  endfacet
  facet normal -0 0 1
    outer loop
      vertex 23.701 2.25 96
      vertex 23.9393 0.43934 96
      vertex 23.9393 2.56066 96
    endloop
  endfacet
  facet normal 0 0 1
    outer loop
      vertex 23.701 2.25 96
      vertex 23.701 0.75 96
      vertex 23.9393 0.43934 96
    endloop
  endfacet
  facet normal -0 0 1
    outer loop
      vertex 23.5511 1.88823 96
      vertex 23.701 0.75 96
      vertex 23.701 2.25 96
    endloop
  endfacet
  facet normal 0 0 1
    outer loop
      vertex 23.5511 1.88823 96
      vertex 23.5511 1.11177 96
      vertex 23.701 0.75 96
    endloop
  endfacet
  facet normal 0 -0 1
    outer loop
      vertex 23.5511 1.11177 96
      vertex 23.5511 1.88823 96
      vertex 23.5 1.5 96
    endloop
  endfacet
  facet normal 0.608714 -0.79339 0
    outer loop
      vertex 25.75 0.200961 93
      vertex 26.0607 0.43934 96
      vertex 25.75 0.200961 96
    endloop
  endfacet
  facet normal 0.608714 -0.79339 0
    outer loop
      vertex 26.0607 0.43934 96
      vertex 25.75 0.200961 93
      vertex 26.0607 0.43934 93
    endloop
  endfacet
  facet normal 0.991449 -0.130497 0
    outer loop
      vertex 26.4489 1.11177 96
      vertex 26.5 1.5 93
      vertex 26.5 1.5 96
    endloop
  endfacet
  facet normal 0.991449 -0.130497 0
    outer loop
      vertex 26.5 1.5 93
      vertex 26.4489 1.11177 96
      vertex 26.4489 1.11177 93
    endloop
  endfacet
  facet normal -0.130535 -0.991444 0
    outer loop
      vertex 24.6118 0.0511112 93
      vertex 25 0 96
      vertex 24.6118 0.0511112 96
    endloop
  endfacet
  facet normal -0.130535 -0.991444 -0
    outer loop
      vertex 25 0 96
      vertex 24.6118 0.0511112 93
      vertex 25 0 93
    endloop
  endfacet
  facet normal -0.608714 -0.79339 0
    outer loop
      vertex 23.9393 0.43934 93
      vertex 24.25 0.200961 96
      vertex 23.9393 0.43934 96
    endloop
  endfacet
  facet normal -0.608714 -0.79339 -0
    outer loop
      vertex 24.25 0.200961 96
      vertex 23.9393 0.43934 93
      vertex 24.25 0.200961 93
    endloop
  endfacet
  facet normal 0.793449 -0.608636 0
    outer loop
      vertex 26.0607 0.43934 96
      vertex 26.299 0.75 93
      vertex 26.299 0.75 96
    endloop
  endfacet
  facet normal 0.793449 -0.608636 0
    outer loop
      vertex 26.299 0.75 93
      vertex 26.0607 0.43934 96
      vertex 26.0607 0.43934 93
    endloop
  endfacet
  facet normal 0.991482 0.130246 0
    outer loop
      vertex 115.5 1.5 96
      vertex 115.449 1.88823 93
      vertex 115.449 1.88823 96
    endloop
  endfacet
  facet normal 0.991482 0.130246 0
    outer loop
      vertex 115.449 1.88823 93
      vertex 115.5 1.5 96
      vertex 115.5 1.5 93
    endloop
  endfacet
  facet normal 0.382476 0.923966 -0
    outer loop
      vertex 114.75 2.79904 93
      vertex 114.388 2.94889 96
      vertex 114.75 2.79904 96
    endloop
  endfacet
  facet normal 0.382476 0.923966 0
    outer loop
      vertex 114.388 2.94889 96
      vertex 114.75 2.79904 93
      vertex 114.388 2.94889 93
    endloop
  endfacet
  facet normal -0.991482 -0.130246 0
    outer loop
      vertex 112.551 1.11177 93
      vertex 112.5 1.5 96
      vertex 112.5 1.5 93
    endloop
  endfacet
  facet normal -0.991482 -0.130246 0
    outer loop
      vertex 112.5 1.5 96
      vertex 112.551 1.11177 93
      vertex 112.551 1.11177 96
    endloop
  endfacet
  facet normal 0.382475 -0.923966 0
    outer loop
      vertex 114.388 0.0511112 93
      vertex 114.75 0.200961 96
      vertex 114.388 0.0511112 96
    endloop
  endfacet
  facet normal 0.382475 -0.923966 0
    outer loop
      vertex 114.75 0.200961 96
      vertex 114.388 0.0511112 93
      vertex 114.75 0.200961 93
    endloop
  endfacet
  facet normal 0.130602 -0.991435 0
    outer loop
      vertex 114 0 93
      vertex 114.388 0.0511112 96
      vertex 114 0 96
    endloop
  endfacet
  facet normal 0.130602 -0.991435 0
    outer loop
      vertex 114.388 0.0511112 96
      vertex 114 0 93
      vertex 114.388 0.0511112 93
    endloop
  endfacet
  facet normal 0.923744 0.38301 0
    outer loop
      vertex 115.449 1.88823 96
      vertex 115.299 2.25 93
      vertex 115.299 2.25 96
    endloop
  endfacet
  facet normal 0.923744 0.38301 0
    outer loop
      vertex 115.299 2.25 93
      vertex 115.449 1.88823 96
      vertex 115.449 1.88823 93
    endloop
  endfacet
  facet normal -0.130599 0.991435 0
    outer loop
      vertex 114 3 93
      vertex 113.612 2.94889 96
      vertex 114 3 96
    endloop
  endfacet
  facet normal -0.130599 0.991435 0
    outer loop
      vertex 113.612 2.94889 96
      vertex 114 3 93
      vertex 113.612 2.94889 93
    endloop
  endfacet
  facet normal -0.382476 0.923966 0
    outer loop
      vertex 113.612 2.94889 93
      vertex 113.25 2.79904 96
      vertex 113.612 2.94889 96
    endloop
  endfacet
  facet normal -0.382476 0.923966 0
    outer loop
      vertex 113.25 2.79904 96
      vertex 113.612 2.94889 93
      vertex 113.25 2.79904 93
    endloop
  endfacet
  facet normal -0.991482 0.130246 0
    outer loop
      vertex 112.5 1.5 93
      vertex 112.551 1.88823 96
      vertex 112.551 1.88823 93
    endloop
  endfacet
  facet normal -0.991482 0.130246 0
    outer loop
      vertex 112.551 1.88823 96
      vertex 112.5 1.5 93
      vertex 112.5 1.5 96
    endloop
  endfacet
  facet normal -0.923744 -0.38301 0
    outer loop
      vertex 112.701 0.75 93
      vertex 112.551 1.11177 96
      vertex 112.551 1.11177 93
    endloop
  endfacet
  facet normal -0.923744 -0.38301 0
    outer loop
      vertex 112.551 1.11177 96
      vertex 112.701 0.75 93
      vertex 112.701 0.75 96
    endloop
  endfacet
  facet normal 0.793819 0.608154 0
    outer loop
      vertex 115.299 2.25 96
      vertex 115.061 2.56066 93
      vertex 115.061 2.56066 96
    endloop
  endfacet
  facet normal 0.793819 0.608154 0
    outer loop
      vertex 115.061 2.56066 93
      vertex 115.299 2.25 96
      vertex 115.299 2.25 93
    endloop
  endfacet
  facet normal 0.608346 0.793672 -0
    outer loop
      vertex 115.061 2.56066 93
      vertex 114.75 2.79904 96
      vertex 115.061 2.56066 96
    endloop
  endfacet
  facet normal 0.608346 0.793672 0
    outer loop
      vertex 114.75 2.79904 96
      vertex 115.061 2.56066 93
      vertex 114.75 2.79904 93
    endloop
  endfacet
  facet normal 0.130599 0.991435 -0
    outer loop
      vertex 114.388 2.94889 93
      vertex 114 3 96
      vertex 114.388 2.94889 96
    endloop
  endfacet
  facet normal 0.130599 0.991435 0
    outer loop
      vertex 114 3 96
      vertex 114.388 2.94889 93
      vertex 114 3 93
    endloop
  endfacet
  facet normal -0.923744 0.38301 0
    outer loop
      vertex 112.551 1.88823 93
      vertex 112.701 2.25 96
      vertex 112.701 2.25 93
    endloop
  endfacet
  facet normal -0.923744 0.38301 0
    outer loop
      vertex 112.701 2.25 96
      vertex 112.551 1.88823 93
      vertex 112.551 1.88823 96
    endloop
  endfacet
  facet normal -0.608346 0.793672 0
    outer loop
      vertex 113.25 2.79904 93
      vertex 112.939 2.56066 96
      vertex 113.25 2.79904 96
    endloop
  endfacet
  facet normal -0.608346 0.793672 0
    outer loop
      vertex 112.939 2.56066 96
      vertex 113.25 2.79904 93
      vertex 112.939 2.56066 93
    endloop
  endfacet
  facet normal -0.793819 0.608154 0
    outer loop
      vertex 112.701 2.25 93
      vertex 112.939 2.56066 96
      vertex 112.939 2.56066 93
    endloop
  endfacet
  facet normal -0.793819 0.608154 0
    outer loop
      vertex 112.939 2.56066 96
      vertex 112.701 2.25 93
      vertex 112.701 2.25 96
    endloop
  endfacet
  facet normal 0.923744 -0.38301 0
    outer loop
      vertex 115.299 0.75 96
      vertex 115.449 1.11177 93
      vertex 115.449 1.11177 96
    endloop
  endfacet
  facet normal 0.923744 -0.38301 0
    outer loop
      vertex 115.449 1.11177 93
      vertex 115.299 0.75 96
      vertex 115.299 0.75 93
    endloop
  endfacet
  facet normal 0.608344 -0.793673 0
    outer loop
      vertex 114.75 0.200961 93
      vertex 115.061 0.43934 96
      vertex 114.75 0.200961 96
    endloop
  endfacet
  facet normal 0.608344 -0.793673 0
    outer loop
      vertex 115.061 0.43934 96
      vertex 114.75 0.200961 93
      vertex 115.061 0.43934 93
    endloop
  endfacet
  facet normal 0.991482 -0.130246 0
    outer loop
      vertex 115.449 1.11177 96
      vertex 115.5 1.5 93
      vertex 115.5 1.5 96
    endloop
  endfacet
  facet normal 0.991482 -0.130246 0
    outer loop
      vertex 115.5 1.5 93
      vertex 115.449 1.11177 96
      vertex 115.449 1.11177 93
    endloop
  endfacet
  facet normal -0.382475 -0.923966 0
    outer loop
      vertex 113.25 0.200961 93
      vertex 113.612 0.0511112 96
      vertex 113.25 0.200961 96
    endloop
  endfacet
  facet normal -0.382475 -0.923966 -0
    outer loop
      vertex 113.612 0.0511112 96
      vertex 113.25 0.200961 93
      vertex 113.612 0.0511112 93
    endloop
  endfacet
  facet normal -0.793819 -0.608154 0
    outer loop
      vertex 112.939 0.43934 93
      vertex 112.701 0.75 96
      vertex 112.701 0.75 93
    endloop
  endfacet
  facet normal -0.793819 -0.608154 0
    outer loop
      vertex 112.701 0.75 96
      vertex 112.939 0.43934 93
      vertex 112.939 0.43934 96
    endloop
  endfacet
  facet normal 0 0 1
    outer loop
      vertex 115.449 1.88823 96
      vertex 115.449 1.11177 96
      vertex 115.5 1.5 96
    endloop
  endfacet
  facet normal 0 0 1
    outer loop
      vertex 115.299 2.25 96
      vertex 115.449 1.11177 96
      vertex 115.449 1.88823 96
    endloop
  endfacet
  facet normal 0 0 1
    outer loop
      vertex 115.299 2.25 96
      vertex 115.299 0.75 96
      vertex 115.449 1.11177 96
    endloop
  endfacet
  facet normal 0 0 1
    outer loop
      vertex 115.061 2.56066 96
      vertex 115.299 0.75 96
      vertex 115.299 2.25 96
    endloop
  endfacet
  facet normal 0 0 1
    outer loop
      vertex 115.061 2.56066 96
      vertex 115.061 0.43934 96
      vertex 115.299 0.75 96
    endloop
  endfacet
  facet normal 0 0 1
    outer loop
      vertex 114.75 2.79904 96
      vertex 115.061 0.43934 96
      vertex 115.061 2.56066 96
    endloop
  endfacet
  facet normal 0 0 1
    outer loop
      vertex 114.75 2.79904 96
      vertex 114.75 0.200961 96
      vertex 115.061 0.43934 96
    endloop
  endfacet
  facet normal 0 0 1
    outer loop
      vertex 114.388 2.94889 96
      vertex 114.75 0.200961 96
      vertex 114.75 2.79904 96
    endloop
  endfacet
  facet normal 0 0 1
    outer loop
      vertex 114.388 2.94889 96
      vertex 114.388 0.0511112 96
      vertex 114.75 0.200961 96
    endloop
  endfacet
  facet normal 0 0 1
    outer loop
      vertex 114 3 96
      vertex 114.388 0.0511112 96
      vertex 114.388 2.94889 96
    endloop
  endfacet
  facet normal 0 0 1
    outer loop
      vertex 114 3 96
      vertex 114 0 96
      vertex 114.388 0.0511112 96
    endloop
  endfacet
  facet normal -0 0 1
    outer loop
      vertex 113.612 2.94889 96
      vertex 114 0 96
      vertex 114 3 96
    endloop
  endfacet
  facet normal 0 0 1
    outer loop
      vertex 113.612 2.94889 96
      vertex 113.612 0.0511112 96
      vertex 114 0 96
    endloop
  endfacet
  facet normal -0 0 1
    outer loop
      vertex 113.25 2.79904 96
      vertex 113.612 0.0511112 96
      vertex 113.612 2.94889 96
    endloop
  endfacet
  facet normal 0 0 1
    outer loop
      vertex 113.25 2.79904 96
      vertex 113.25 0.200961 96
      vertex 113.612 0.0511112 96
    endloop
  endfacet
  facet normal -0 0 1
    outer loop
      vertex 112.939 2.56066 96
      vertex 113.25 0.200961 96
      vertex 113.25 2.79904 96
    endloop
  endfacet
  facet normal 0 0 1
    outer loop
      vertex 112.939 2.56066 96
      vertex 112.939 0.43934 96
      vertex 113.25 0.200961 96
    endloop
  endfacet
  facet normal -0 0 1
    outer loop
      vertex 112.701 2.25 96
      vertex 112.939 0.43934 96
      vertex 112.939 2.56066 96
    endloop
  endfacet
  facet normal 0 0 1
    outer loop
      vertex 112.701 2.25 96
      vertex 112.701 0.75 96
      vertex 112.939 0.43934 96
    endloop
  endfacet
  facet normal -0 0 1
    outer loop
      vertex 112.551 1.88823 96
      vertex 112.701 0.75 96
      vertex 112.701 2.25 96
    endloop
  endfacet
  facet normal 0 0 1
    outer loop
      vertex 112.551 1.88823 96
      vertex 112.551 1.11177 96
      vertex 112.701 0.75 96
    endloop
  endfacet
  facet normal 0 -0 1
    outer loop
      vertex 112.551 1.11177 96
      vertex 112.551 1.88823 96
      vertex 112.5 1.5 96
    endloop
  endfacet
  facet normal -0.130602 -0.991435 0
    outer loop
      vertex 113.612 0.0511112 93
      vertex 114 0 96
      vertex 113.612 0.0511112 96
    endloop
  endfacet
  facet normal -0.130602 -0.991435 -0
    outer loop
      vertex 114 0 96
      vertex 113.612 0.0511112 93
      vertex 114 0 93
    endloop
  endfacet
  facet normal -0.608344 -0.793673 0
    outer loop
      vertex 112.939 0.43934 93
      vertex 113.25 0.200961 96
      vertex 112.939 0.43934 96
    endloop
  endfacet
  facet normal -0.608344 -0.793673 -0
    outer loop
      vertex 113.25 0.200961 96
      vertex 112.939 0.43934 93
      vertex 113.25 0.200961 93
    endloop
  endfacet
  facet normal 0.793819 -0.608154 0
    outer loop
      vertex 115.061 0.43934 96
      vertex 115.299 0.75 93
      vertex 115.299 0.75 96
    endloop
  endfacet
  facet normal 0.793819 -0.608154 0
    outer loop
      vertex 115.299 0.75 93
      vertex 115.061 0.43934 96
      vertex 115.061 0.43934 93
    endloop
  endfacet
  facet normal 0.991439 0.130573 0
    outer loop
      vertex 26.5 116.5 96
      vertex 26.4489 116.888 93
      vertex 26.4489 116.888 96
    endloop
  endfacet
  facet normal 0.991439 0.130573 0
    outer loop
      vertex 26.4489 116.888 93
      vertex 26.5 116.5 96
      vertex 26.5 116.5 93
    endloop
  endfacet
  facet normal -0.130256 0.99148 0
    outer loop
      vertex 25 118 93
      vertex 24.6118 117.949 96
      vertex 25 118 96
    endloop
  endfacet
  facet normal -0.130256 0.99148 0
    outer loop
      vertex 24.6118 117.949 96
      vertex 25 118 93
      vertex 24.6118 117.949 93
    endloop
  endfacet
  facet normal 0.382983 -0.923755 0
    outer loop
      vertex 25.3882 115.051 93
      vertex 25.75 115.201 96
      vertex 25.3882 115.051 96
    endloop
  endfacet
  facet normal 0.382983 -0.923755 0
    outer loop
      vertex 25.75 115.201 96
      vertex 25.3882 115.051 93
      vertex 25.75 115.201 93
    endloop
  endfacet
  facet normal -0.608104 -0.793857 0
    outer loop
      vertex 23.9393 115.439 93
      vertex 24.25 115.201 96
      vertex 23.9393 115.439 96
    endloop
  endfacet
  facet normal -0.608104 -0.793857 -0
    outer loop
      vertex 24.25 115.201 96
      vertex 23.9393 115.439 93
      vertex 24.25 115.201 93
    endloop
  endfacet
  facet normal 0.608104 0.793857 -0
    outer loop
      vertex 26.0607 117.561 93
      vertex 25.75 117.799 96
      vertex 26.0607 117.561 96
    endloop
  endfacet
  facet normal 0.608104 0.793857 0
    outer loop
      vertex 25.75 117.799 96
      vertex 26.0607 117.561 93
      vertex 25.75 117.799 93
    endloop
  endfacet
  facet normal 0.92392 0.382585 0
    outer loop
      vertex 26.4489 116.888 96
      vertex 26.299 117.25 93
      vertex 26.299 117.25 96
    endloop
  endfacet
  facet normal 0.92392 0.382585 0
    outer loop
      vertex 26.299 117.25 93
      vertex 26.4489 116.888 96
      vertex 26.4489 116.888 93
    endloop
  endfacet
  facet normal -0.793771 0.608217 0
    outer loop
      vertex 23.701 117.25 93
      vertex 23.9393 117.561 96
      vertex 23.9393 117.561 93
    endloop
  endfacet
  facet normal -0.793771 0.608217 0
    outer loop
      vertex 23.9393 117.561 96
      vertex 23.701 117.25 93
      vertex 23.701 117.25 96
    endloop
  endfacet
  facet normal -0.382983 0.923755 0
    outer loop
      vertex 24.6118 117.949 93
      vertex 24.25 117.799 96
      vertex 24.6118 117.949 96
    endloop
  endfacet
  facet normal -0.382983 0.923755 0
    outer loop
      vertex 24.25 117.799 96
      vertex 24.6118 117.949 93
      vertex 24.25 117.799 93
    endloop
  endfacet
  facet normal -0.92392 -0.382585 0
    outer loop
      vertex 23.701 115.75 93
      vertex 23.5511 116.112 96
      vertex 23.5511 116.112 93
    endloop
  endfacet
  facet normal -0.92392 -0.382585 0
    outer loop
      vertex 23.5511 116.112 96
      vertex 23.701 115.75 93
      vertex 23.701 115.75 96
    endloop
  endfacet
  facet normal 0.793771 0.608217 0
    outer loop
      vertex 26.299 117.25 96
      vertex 26.0607 117.561 93
      vertex 26.0607 117.561 96
    endloop
  endfacet
  facet normal 0.793771 0.608217 0
    outer loop
      vertex 26.0607 117.561 93
      vertex 26.299 117.25 96
      vertex 26.299 117.25 93
    endloop
  endfacet
  facet normal 0.130256 0.99148 -0
    outer loop
      vertex 25.3882 117.949 93
      vertex 25 118 96
      vertex 25.3882 117.949 96
    endloop
  endfacet
  facet normal 0.130256 0.99148 0
    outer loop
      vertex 25 118 96
      vertex 25.3882 117.949 93
      vertex 25 118 93
    endloop
  endfacet
  facet normal 0.382983 0.923755 -0
    outer loop
      vertex 25.75 117.799 93
      vertex 25.3882 117.949 96
      vertex 25.75 117.799 96
    endloop
  endfacet
  facet normal 0.382983 0.923755 0
    outer loop
      vertex 25.3882 117.949 96
      vertex 25.75 117.799 93
      vertex 25.3882 117.949 93
    endloop
  endfacet
  facet normal -0.92392 0.382585 0
    outer loop
      vertex 23.5511 116.888 93
      vertex 23.701 117.25 96
      vertex 23.701 117.25 93
    endloop
  endfacet
  facet normal -0.92392 0.382585 0
    outer loop
      vertex 23.701 117.25 96
      vertex 23.5511 116.888 93
      vertex 23.5511 116.888 96
    endloop
  endfacet
  facet normal -0.991439 0.130573 0
    outer loop
      vertex 23.5 116.5 93
      vertex 23.5511 116.888 96
      vertex 23.5511 116.888 93
    endloop
  endfacet
  facet normal -0.991439 0.130573 0
    outer loop
      vertex 23.5511 116.888 96
      vertex 23.5 116.5 93
      vertex 23.5 116.5 96
    endloop
  endfacet
  facet normal -0.991439 -0.130573 0
    outer loop
      vertex 23.5511 116.112 93
      vertex 23.5 116.5 96
      vertex 23.5 116.5 93
    endloop
  endfacet
  facet normal -0.991439 -0.130573 0
    outer loop
      vertex 23.5 116.5 96
      vertex 23.5511 116.112 93
      vertex 23.5511 116.112 96
    endloop
  endfacet
  facet normal -0.608104 0.793857 0
    outer loop
      vertex 24.25 117.799 93
      vertex 23.9393 117.561 96
      vertex 24.25 117.799 96
    endloop
  endfacet
  facet normal -0.608104 0.793857 0
    outer loop
      vertex 23.9393 117.561 96
      vertex 24.25 117.799 93
      vertex 23.9393 117.561 93
    endloop
  endfacet
  facet normal 0.92392 -0.382585 0
    outer loop
      vertex 26.299 115.75 96
      vertex 26.4489 116.112 93
      vertex 26.4489 116.112 96
    endloop
  endfacet
  facet normal 0.92392 -0.382585 0
    outer loop
      vertex 26.4489 116.112 93
      vertex 26.299 115.75 96
      vertex 26.299 115.75 93
    endloop
  endfacet
  facet normal -0.382983 -0.923755 0
    outer loop
      vertex 24.25 115.201 93
      vertex 24.6118 115.051 96
      vertex 24.25 115.201 96
    endloop
  endfacet
  facet normal -0.382983 -0.923755 -0
    outer loop
      vertex 24.6118 115.051 96
      vertex 24.25 115.201 93
      vertex 24.6118 115.051 93
    endloop
  endfacet
  facet normal 0.130256 -0.99148 0
    outer loop
      vertex 25 115 93
      vertex 25.3882 115.051 96
      vertex 25 115 96
    endloop
  endfacet
  facet normal 0.130256 -0.99148 0
    outer loop
      vertex 25.3882 115.051 96
      vertex 25 115 93
      vertex 25.3882 115.051 93
    endloop
  endfacet
  facet normal -0.793771 -0.608217 0
    outer loop
      vertex 23.9393 115.439 93
      vertex 23.701 115.75 96
      vertex 23.701 115.75 93
    endloop
  endfacet
  facet normal -0.793771 -0.608217 0
    outer loop
      vertex 23.701 115.75 96
      vertex 23.9393 115.439 93
      vertex 23.9393 115.439 96
    endloop
  endfacet
  facet normal 0 0 1
    outer loop
      vertex 26.4489 116.888 96
      vertex 26.4489 116.112 96
      vertex 26.5 116.5 96
    endloop
  endfacet
  facet normal 0 0 1
    outer loop
      vertex 26.299 117.25 96
      vertex 26.4489 116.112 96
      vertex 26.4489 116.888 96
    endloop
  endfacet
  facet normal 0 0 1
    outer loop
      vertex 26.299 117.25 96
      vertex 26.299 115.75 96
      vertex 26.4489 116.112 96
    endloop
  endfacet
  facet normal 0 0 1
    outer loop
      vertex 26.0607 117.561 96
      vertex 26.299 115.75 96
      vertex 26.299 117.25 96
    endloop
  endfacet
  facet normal 0 0 1
    outer loop
      vertex 26.0607 117.561 96
      vertex 26.0607 115.439 96
      vertex 26.299 115.75 96
    endloop
  endfacet
  facet normal 0 0 1
    outer loop
      vertex 25.75 117.799 96
      vertex 26.0607 115.439 96
      vertex 26.0607 117.561 96
    endloop
  endfacet
  facet normal 0 0 1
    outer loop
      vertex 25.75 117.799 96
      vertex 25.75 115.201 96
      vertex 26.0607 115.439 96
    endloop
  endfacet
  facet normal 0 0 1
    outer loop
      vertex 25.3882 117.949 96
      vertex 25.75 115.201 96
      vertex 25.75 117.799 96
    endloop
  endfacet
  facet normal 0 0 1
    outer loop
      vertex 25.3882 117.949 96
      vertex 25.3882 115.051 96
      vertex 25.75 115.201 96
    endloop
  endfacet
  facet normal 0 0 1
    outer loop
      vertex 25 118 96
      vertex 25.3882 115.051 96
      vertex 25.3882 117.949 96
    endloop
  endfacet
  facet normal 0 0 1
    outer loop
      vertex 25 118 96
      vertex 25 115 96
      vertex 25.3882 115.051 96
    endloop
  endfacet
  facet normal -0 0 1
    outer loop
      vertex 24.6118 117.949 96
      vertex 25 115 96
      vertex 25 118 96
    endloop
  endfacet
  facet normal 0 0 1
    outer loop
      vertex 24.6118 117.949 96
      vertex 24.6118 115.051 96
      vertex 25 115 96
    endloop
  endfacet
  facet normal -0 0 1
    outer loop
      vertex 24.25 117.799 96
      vertex 24.6118 115.051 96
      vertex 24.6118 117.949 96
    endloop
  endfacet
  facet normal 0 0 1
    outer loop
      vertex 24.25 117.799 96
      vertex 24.25 115.201 96
      vertex 24.6118 115.051 96
    endloop
  endfacet
  facet normal -0 0 1
    outer loop
      vertex 23.9393 117.561 96
      vertex 24.25 115.201 96
      vertex 24.25 117.799 96
    endloop
  endfacet
  facet normal 0 0 1
    outer loop
      vertex 23.9393 117.561 96
      vertex 23.9393 115.439 96
      vertex 24.25 115.201 96
    endloop
  endfacet
  facet normal -0 0 1
    outer loop
      vertex 23.701 117.25 96
      vertex 23.9393 115.439 96
      vertex 23.9393 117.561 96
    endloop
  endfacet
  facet normal 0 0 1
    outer loop
      vertex 23.701 117.25 96
      vertex 23.701 115.75 96
      vertex 23.9393 115.439 96
    endloop
  endfacet
  facet normal -0 0 1
    outer loop
      vertex 23.5511 116.888 96
      vertex 23.701 115.75 96
      vertex 23.701 117.25 96
    endloop
  endfacet
  facet normal 0 0 1
    outer loop
      vertex 23.5511 116.888 96
      vertex 23.5511 116.112 96
      vertex 23.701 115.75 96
    endloop
  endfacet
  facet normal 0 -0 1
    outer loop
      vertex 23.5511 116.112 96
      vertex 23.5511 116.888 96
      vertex 23.5 116.5 96
    endloop
  endfacet
  facet normal 0.608104 -0.793857 0
    outer loop
      vertex 25.75 115.201 93
      vertex 26.0607 115.439 96
      vertex 25.75 115.201 96
    endloop
  endfacet
  facet normal 0.608104 -0.793857 0
    outer loop
      vertex 26.0607 115.439 96
      vertex 25.75 115.201 93
      vertex 26.0607 115.439 93
    endloop
  endfacet
  facet normal 0.991439 -0.130573 0
    outer loop
      vertex 26.4489 116.112 96
      vertex 26.5 116.5 93
      vertex 26.5 116.5 96
    endloop
  endfacet
  facet normal 0.991439 -0.130573 0
    outer loop
      vertex 26.5 116.5 93
      vertex 26.4489 116.112 96
      vertex 26.4489 116.112 93
    endloop
  endfacet
  facet normal -0.130256 -0.99148 0
    outer loop
      vertex 24.6118 115.051 93
      vertex 25 115 96
      vertex 24.6118 115.051 96
    endloop
  endfacet
  facet normal -0.130256 -0.99148 -0
    outer loop
      vertex 25 115 96
      vertex 24.6118 115.051 93
      vertex 25 115 93
    endloop
  endfacet
  facet normal 0.793771 -0.608217 0
    outer loop
      vertex 26.0607 115.439 96
      vertex 26.299 115.75 93
      vertex 26.299 115.75 96
    endloop
  endfacet
  facet normal 0.793771 -0.608217 0
    outer loop
      vertex 26.299 115.75 93
      vertex 26.0607 115.439 96
      vertex 26.0607 115.439 93
    endloop
  endfacet
  facet normal 0.991472 0.130322 0
    outer loop
      vertex 176.5 116.5 96
      vertex 176.449 116.888 93
      vertex 176.449 116.888 96
    endloop
  endfacet
  facet normal 0.991472 0.130322 0
    outer loop
      vertex 176.449 116.888 93
      vertex 176.5 116.5 96
      vertex 176.5 116.5 93
    endloop
  endfacet
  facet normal -0.130322 0.991472 0
    outer loop
      vertex 175 118 93
      vertex 174.612 117.949 96
      vertex 175 118 96
    endloop
  endfacet
  facet normal -0.130322 0.991472 0
    outer loop
      vertex 174.612 117.949 96
      vertex 175 118 93
      vertex 174.612 117.949 93
    endloop
  endfacet
  facet normal 0.130322 -0.991472 0
    outer loop
      vertex 175 115 93
      vertex 175.388 115.051 96
      vertex 175 115 96
    endloop
  endfacet
  facet normal 0.130322 -0.991472 0
    outer loop
      vertex 175.388 115.051 96
      vertex 175 115 93
      vertex 175.388 115.051 93
    endloop
  endfacet
  facet normal 0.382803 -0.92383 0
    outer loop
      vertex 175.388 115.051 93
      vertex 175.75 115.201 96
      vertex 175.388 115.051 96
    endloop
  endfacet
  facet normal 0.382803 -0.92383 0
    outer loop
      vertex 175.75 115.201 96
      vertex 175.388 115.051 93
      vertex 175.75 115.201 93
    endloop
  endfacet
  facet normal 0.607734 0.79414 -0
    outer loop
      vertex 176.061 117.561 93
      vertex 175.75 117.799 96
      vertex 176.061 117.561 96
    endloop
  endfacet
  facet normal 0.607734 0.79414 0
    outer loop
      vertex 175.75 117.799 96
      vertex 176.061 117.561 93
      vertex 175.75 117.799 93
    endloop
  endfacet
  facet normal 0.92383 0.382803 0
    outer loop
      vertex 176.449 116.888 96
      vertex 176.299 117.25 93
      vertex 176.299 117.25 96
    endloop
  endfacet
  facet normal 0.92383 0.382803 0
    outer loop
      vertex 176.299 117.25 93
      vertex 176.449 116.888 96
      vertex 176.449 116.888 93
    endloop
  endfacet
  facet normal -0.79414 0.607734 0
    outer loop
      vertex 173.701 117.25 93
      vertex 173.939 117.561 96
      vertex 173.939 117.561 93
    endloop
  endfacet
  facet normal -0.79414 0.607734 0
    outer loop
      vertex 173.939 117.561 96
      vertex 173.701 117.25 93
      vertex 173.701 117.25 96
    endloop
  endfacet
  facet normal -0.382803 0.92383 0
    outer loop
      vertex 174.612 117.949 93
      vertex 174.25 117.799 96
      vertex 174.612 117.949 96
    endloop
  endfacet
  facet normal -0.382803 0.92383 0
    outer loop
      vertex 174.25 117.799 96
      vertex 174.612 117.949 93
      vertex 174.25 117.799 93
    endloop
  endfacet
  facet normal -0.92383 -0.382803 0
    outer loop
      vertex 173.701 115.75 93
      vertex 173.551 116.112 96
      vertex 173.551 116.112 93
    endloop
  endfacet
  facet normal -0.92383 -0.382803 0
    outer loop
      vertex 173.551 116.112 96
      vertex 173.701 115.75 93
      vertex 173.701 115.75 96
    endloop
  endfacet
  facet normal 0.79414 0.607734 0
    outer loop
      vertex 176.299 117.25 96
      vertex 176.061 117.561 93
      vertex 176.061 117.561 96
    endloop
  endfacet
  facet normal 0.79414 0.607734 0
    outer loop
      vertex 176.061 117.561 93
      vertex 176.299 117.25 96
      vertex 176.299 117.25 93
    endloop
  endfacet
  facet normal 0.130322 0.991472 -0
    outer loop
      vertex 175.388 117.949 93
      vertex 175 118 96
      vertex 175.388 117.949 96
    endloop
  endfacet
  facet normal 0.130322 0.991472 0
    outer loop
      vertex 175 118 96
      vertex 175.388 117.949 93
      vertex 175 118 93
    endloop
  endfacet
  facet normal 0.382803 0.92383 -0
    outer loop
      vertex 175.75 117.799 93
      vertex 175.388 117.949 96
      vertex 175.75 117.799 96
    endloop
  endfacet
  facet normal 0.382803 0.92383 0
    outer loop
      vertex 175.388 117.949 96
      vertex 175.75 117.799 93
      vertex 175.388 117.949 93
    endloop
  endfacet
  facet normal -0.92383 0.382803 0
    outer loop
      vertex 173.551 116.888 93
      vertex 173.701 117.25 96
      vertex 173.701 117.25 93
    endloop
  endfacet
  facet normal -0.92383 0.382803 0
    outer loop
      vertex 173.701 117.25 96
      vertex 173.551 116.888 93
      vertex 173.551 116.888 96
    endloop
  endfacet
  facet normal -0.991472 0.130322 0
    outer loop
      vertex 173.5 116.5 93
      vertex 173.551 116.888 96
      vertex 173.551 116.888 93
    endloop
  endfacet
  facet normal -0.991472 0.130322 0
    outer loop
      vertex 173.551 116.888 96
      vertex 173.5 116.5 93
      vertex 173.5 116.5 96
    endloop
  endfacet
  facet normal -0.991472 -0.130322 0
    outer loop
      vertex 173.551 116.112 93
      vertex 173.5 116.5 96
      vertex 173.5 116.5 93
    endloop
  endfacet
  facet normal -0.991472 -0.130322 0
    outer loop
      vertex 173.5 116.5 96
      vertex 173.551 116.112 93
      vertex 173.551 116.112 96
    endloop
  endfacet
  facet normal -0.607734 0.79414 0
    outer loop
      vertex 174.25 117.799 93
      vertex 173.939 117.561 96
      vertex 174.25 117.799 96
    endloop
  endfacet
  facet normal -0.607734 0.79414 0
    outer loop
      vertex 173.939 117.561 96
      vertex 174.25 117.799 93
      vertex 173.939 117.561 93
    endloop
  endfacet
  facet normal 0.991472 -0.130322 0
    outer loop
      vertex 176.449 116.112 96
      vertex 176.5 116.5 93
      vertex 176.5 116.5 96
    endloop
  endfacet
  facet normal 0.991472 -0.130322 0
    outer loop
      vertex 176.5 116.5 93
      vertex 176.449 116.112 96
      vertex 176.449 116.112 93
    endloop
  endfacet
  facet normal 0.92383 -0.382803 0
    outer loop
      vertex 176.299 115.75 96
      vertex 176.449 116.112 93
      vertex 176.449 116.112 96
    endloop
  endfacet
  facet normal 0.92383 -0.382803 0
    outer loop
      vertex 176.449 116.112 93
      vertex 176.299 115.75 96
      vertex 176.299 115.75 93
    endloop
  endfacet
  facet normal -0.382803 -0.92383 0
    outer loop
      vertex 174.25 115.201 93
      vertex 174.612 115.051 96
      vertex 174.25 115.201 96
    endloop
  endfacet
  facet normal -0.382803 -0.92383 -0
    outer loop
      vertex 174.612 115.051 96
      vertex 174.25 115.201 93
      vertex 174.612 115.051 93
    endloop
  endfacet
  facet normal -0.79414 -0.607734 0
    outer loop
      vertex 173.939 115.439 93
      vertex 173.701 115.75 96
      vertex 173.701 115.75 93
    endloop
  endfacet
  facet normal -0.79414 -0.607734 0
    outer loop
      vertex 173.701 115.75 96
      vertex 173.939 115.439 93
      vertex 173.939 115.439 96
    endloop
  endfacet
  facet normal 0 0 1
    outer loop
      vertex 176.449 116.888 96
      vertex 176.449 116.112 96
      vertex 176.5 116.5 96
    endloop
  endfacet
  facet normal 0 0 1
    outer loop
      vertex 176.299 117.25 96
      vertex 176.449 116.112 96
      vertex 176.449 116.888 96
    endloop
  endfacet
  facet normal 0 0 1
    outer loop
      vertex 176.299 117.25 96
      vertex 176.299 115.75 96
      vertex 176.449 116.112 96
    endloop
  endfacet
  facet normal 0 0 1
    outer loop
      vertex 176.061 117.561 96
      vertex 176.299 115.75 96
      vertex 176.299 117.25 96
    endloop
  endfacet
  facet normal 0 0 1
    outer loop
      vertex 176.061 117.561 96
      vertex 176.061 115.439 96
      vertex 176.299 115.75 96
    endloop
  endfacet
  facet normal 0 0 1
    outer loop
      vertex 175.75 117.799 96
      vertex 176.061 115.439 96
      vertex 176.061 117.561 96
    endloop
  endfacet
  facet normal 0 0 1
    outer loop
      vertex 175.75 117.799 96
      vertex 175.75 115.201 96
      vertex 176.061 115.439 96
    endloop
  endfacet
  facet normal 0 0 1
    outer loop
      vertex 175.388 117.949 96
      vertex 175.75 115.201 96
      vertex 175.75 117.799 96
    endloop
  endfacet
  facet normal 0 0 1
    outer loop
      vertex 175.388 117.949 96
      vertex 175.388 115.051 96
      vertex 175.75 115.201 96
    endloop
  endfacet
  facet normal 0 0 1
    outer loop
      vertex 175 118 96
      vertex 175.388 115.051 96
      vertex 175.388 117.949 96
    endloop
  endfacet
  facet normal 0 0 1
    outer loop
      vertex 175 118 96
      vertex 175 115 96
      vertex 175.388 115.051 96
    endloop
  endfacet
  facet normal -0 0 1
    outer loop
      vertex 174.612 117.949 96
      vertex 175 115 96
      vertex 175 118 96
    endloop
  endfacet
  facet normal 0 0 1
    outer loop
      vertex 174.612 117.949 96
      vertex 174.612 115.051 96
      vertex 175 115 96
    endloop
  endfacet
  facet normal -0 0 1
    outer loop
      vertex 174.25 117.799 96
      vertex 174.612 115.051 96
      vertex 174.612 117.949 96
    endloop
  endfacet
  facet normal 0 0 1
    outer loop
      vertex 174.25 117.799 96
      vertex 174.25 115.201 96
      vertex 174.612 115.051 96
    endloop
  endfacet
  facet normal -0 0 1
    outer loop
      vertex 173.939 117.561 96
      vertex 174.25 115.201 96
      vertex 174.25 117.799 96
    endloop
  endfacet
  facet normal 0 0 1
    outer loop
      vertex 173.939 117.561 96
      vertex 173.939 115.439 96
      vertex 174.25 115.201 96
    endloop
  endfacet
  facet normal -0 0 1
    outer loop
      vertex 173.701 117.25 96
      vertex 173.939 115.439 96
      vertex 173.939 117.561 96
    endloop
  endfacet
  facet normal 0 0 1
    outer loop
      vertex 173.701 117.25 96
      vertex 173.701 115.75 96
      vertex 173.939 115.439 96
    endloop
  endfacet
  facet normal -0 0 1
    outer loop
      vertex 173.551 116.888 96
      vertex 173.701 115.75 96
      vertex 173.701 117.25 96
    endloop
  endfacet
  facet normal 0 0 1
    outer loop
      vertex 173.551 116.888 96
      vertex 173.551 116.112 96
      vertex 173.701 115.75 96
    endloop
  endfacet
  facet normal 0 -0 1
    outer loop
      vertex 173.551 116.112 96
      vertex 173.551 116.888 96
      vertex 173.5 116.5 96
    endloop
  endfacet
  facet normal 0.607734 -0.79414 0
    outer loop
      vertex 175.75 115.201 93
      vertex 176.061 115.439 96
      vertex 175.75 115.201 96
    endloop
  endfacet
  facet normal 0.607734 -0.79414 0
    outer loop
      vertex 176.061 115.439 96
      vertex 175.75 115.201 93
      vertex 176.061 115.439 93
    endloop
  endfacet
  facet normal -0.130322 -0.991472 0
    outer loop
      vertex 174.612 115.051 93
      vertex 175 115 96
      vertex 174.612 115.051 96
    endloop
  endfacet
  facet normal -0.130322 -0.991472 -0
    outer loop
      vertex 175 115 96
      vertex 174.612 115.051 93
      vertex 175 115 93
    endloop
  endfacet
  facet normal -0.607734 -0.79414 0
    outer loop
      vertex 173.939 115.439 93
      vertex 174.25 115.201 96
      vertex 173.939 115.439 96
    endloop
  endfacet
  facet normal -0.607734 -0.79414 -0
    outer loop
      vertex 174.25 115.201 96
      vertex 173.939 115.439 93
      vertex 174.25 115.201 93
    endloop
  endfacet
  facet normal 0.79414 -0.607734 0
    outer loop
      vertex 176.061 115.439 96
      vertex 176.299 115.75 93
      vertex 176.299 115.75 96
    endloop
  endfacet
  facet normal 0.79414 -0.607734 0
    outer loop
      vertex 176.299 115.75 93
      vertex 176.061 115.439 96
      vertex 176.061 115.439 93
    endloop
  endfacet
  facet normal 0 -1 0
    outer loop
      vertex 71 14 93
      vertex 74 14 61
      vertex 105 14 93
    endloop
  endfacet
  facet normal 0 -1 0
    outer loop
      vertex 71 14 3
      vertex 74 14 61
      vertex 71 14 93
    endloop
  endfacet
  facet normal 0 -1 -0
    outer loop
      vertex 74 14 61
      vertex 71 14 3
      vertex 74 14 3
    endloop
  endfacet
  facet normal 0 -1 0
    outer loop
      vertex 102 14 61
      vertex 105 14 93
      vertex 74 14 61
    endloop
  endfacet
  facet normal 0 -1 0
    outer loop
      vertex 105 14 3
      vertex 102 14 61
      vertex 102 14 3
    endloop
  endfacet
  facet normal 0 -1 0
    outer loop
      vertex 102 14 61
      vertex 105 14 3
      vertex 105 14 93
    endloop
  endfacet
  facet normal 0.130766 -0.991413 0
    outer loop
      vertex 76.4188 16.1761 0
      vertex 76.6 16.2 3
      vertex 76.4188 16.1761 3
    endloop
  endfacet
  facet normal 0.130766 -0.991413 0
    outer loop
      vertex 76.6 16.2 3
      vertex 76.4188 16.1761 0
      vertex 76.6 16.2 0
    endloop
  endfacet
  facet normal 0.991413 -0.130766 0
    outer loop
      vertex 75.9 15.5 3
      vertex 75.9239 15.6812 0
      vertex 75.9239 15.6812 3
    endloop
  endfacet
  facet normal 0.991413 -0.130766 0
    outer loop
      vertex 75.9239 15.6812 0
      vertex 75.9 15.5 3
      vertex 75.9 15.5 0
    endloop
  endfacet
  facet normal -0.793518 -0.608546 0
    outer loop
      vertex 77.2062 15.85 0
      vertex 77.095 15.995 3
      vertex 77.095 15.995 0
    endloop
  endfacet
  facet normal -0.793518 -0.608546 0
    outer loop
      vertex 77.095 15.995 3
      vertex 77.2062 15.85 0
      vertex 77.2062 15.85 3
    endloop
  endfacet
  facet normal -0.923917 -0.382594 0
    outer loop
      vertex 77.2761 15.6812 0
      vertex 77.2062 15.85 3
      vertex 77.2062 15.85 0
    endloop
  endfacet
  facet normal -0.923917 -0.382594 0
    outer loop
      vertex 77.2062 15.85 3
      vertex 77.2761 15.6812 0
      vertex 77.2761 15.6812 3
    endloop
  endfacet
  facet normal -0.130766 -0.991413 0
    outer loop
      vertex 76.6 16.2 0
      vertex 76.7812 16.1761 3
      vertex 76.6 16.2 3
    endloop
  endfacet
  facet normal -0.130766 -0.991413 -0
    outer loop
      vertex 76.7812 16.1761 3
      vertex 76.6 16.2 0
      vertex 76.7812 16.1761 0
    endloop
  endfacet
  facet normal 0.608546 -0.793518 0
    outer loop
      vertex 76.105 15.995 0
      vertex 76.25 16.1062 3
      vertex 76.105 15.995 3
    endloop
  endfacet
  facet normal 0.608546 -0.793518 0
    outer loop
      vertex 76.25 16.1062 3
      vertex 76.105 15.995 0
      vertex 76.25 16.1062 0
    endloop
  endfacet
  facet normal 0.793518 -0.608546 0
    outer loop
      vertex 75.9938 15.85 3
      vertex 76.105 15.995 0
      vertex 76.105 15.995 3
    endloop
  endfacet
  facet normal 0.793518 -0.608546 0
    outer loop
      vertex 76.105 15.995 0
      vertex 75.9938 15.85 3
      vertex 75.9938 15.85 0
    endloop
  endfacet
  facet normal -0.991413 0.130766 0
    outer loop
      vertex 77.2761 15.3188 0
      vertex 77.3 15.5 3
      vertex 77.3 15.5 0
    endloop
  endfacet
  facet normal -0.991413 0.130766 0
    outer loop
      vertex 77.3 15.5 3
      vertex 77.2761 15.3188 0
      vertex 77.2761 15.3188 3
    endloop
  endfacet
  facet normal -0.608546 -0.793518 0
    outer loop
      vertex 76.95 16.1062 0
      vertex 77.095 15.995 3
      vertex 76.95 16.1062 3
    endloop
  endfacet
  facet normal -0.608546 -0.793518 -0
    outer loop
      vertex 77.095 15.995 3
      vertex 76.95 16.1062 0
      vertex 77.095 15.995 0
    endloop
  endfacet
  facet normal -0.382594 -0.923917 0
    outer loop
      vertex 76.7812 16.1761 0
      vertex 76.95 16.1062 3
      vertex 76.7812 16.1761 3
    endloop
  endfacet
  facet normal -0.382594 -0.923917 -0
    outer loop
      vertex 76.95 16.1062 3
      vertex 76.7812 16.1761 0
      vertex 76.95 16.1062 0
    endloop
  endfacet
  facet normal 0.991413 0.130766 0
    outer loop
      vertex 75.9239 15.3188 3
      vertex 75.9 15.5 0
      vertex 75.9 15.5 3
    endloop
  endfacet
  facet normal 0.991413 0.130766 0
    outer loop
      vertex 75.9 15.5 0
      vertex 75.9239 15.3188 3
      vertex 75.9239 15.3188 0
    endloop
  endfacet
  facet normal 0.923917 -0.382594 0
    outer loop
      vertex 75.9239 15.6812 3
      vertex 75.9938 15.85 0
      vertex 75.9938 15.85 3
    endloop
  endfacet
  facet normal 0.923917 -0.382594 0
    outer loop
      vertex 75.9938 15.85 0
      vertex 75.9239 15.6812 3
      vertex 75.9239 15.6812 0
    endloop
  endfacet
  facet normal 0.382594 -0.923917 0
    outer loop
      vertex 76.25 16.1062 0
      vertex 76.4188 16.1761 3
      vertex 76.25 16.1062 3
    endloop
  endfacet
  facet normal 0.382594 -0.923917 0
    outer loop
      vertex 76.4188 16.1761 3
      vertex 76.25 16.1062 0
      vertex 76.4188 16.1761 0
    endloop
  endfacet
  facet normal -0.991413 -0.130766 0
    outer loop
      vertex 77.3 15.5 0
      vertex 77.2761 15.6812 3
      vertex 77.2761 15.6812 0
    endloop
  endfacet
  facet normal -0.991413 -0.130766 0
    outer loop
      vertex 77.2761 15.6812 3
      vertex 77.3 15.5 0
      vertex 77.3 15.5 3
    endloop
  endfacet
  facet normal 0.923917 0.382594 0
    outer loop
      vertex 75.9938 15.15 3
      vertex 75.9239 15.3188 0
      vertex 75.9239 15.3188 3
    endloop
  endfacet
  facet normal 0.923917 0.382594 0
    outer loop
      vertex 75.9239 15.3188 0
      vertex 75.9938 15.15 3
      vertex 75.9938 15.15 0
    endloop
  endfacet
  facet normal -0.382594 0.923917 0
    outer loop
      vertex 76.95 14.8938 0
      vertex 76.7812 14.8239 3
      vertex 76.95 14.8938 3
    endloop
  endfacet
  facet normal -0.382594 0.923917 0
    outer loop
      vertex 76.7812 14.8239 3
      vertex 76.95 14.8938 0
      vertex 76.7812 14.8239 0
    endloop
  endfacet
  facet normal -0.608546 0.793518 0
    outer loop
      vertex 77.095 15.005 0
      vertex 76.95 14.8938 3
      vertex 77.095 15.005 3
    endloop
  endfacet
  facet normal -0.608546 0.793518 0
    outer loop
      vertex 76.95 14.8938 3
      vertex 77.095 15.005 0
      vertex 76.95 14.8938 0
    endloop
  endfacet
  facet normal -0.923917 0.382594 0
    outer loop
      vertex 77.2062 15.15 0
      vertex 77.2761 15.3188 3
      vertex 77.2761 15.3188 0
    endloop
  endfacet
  facet normal -0.923917 0.382594 0
    outer loop
      vertex 77.2761 15.3188 3
      vertex 77.2062 15.15 0
      vertex 77.2062 15.15 3
    endloop
  endfacet
  facet normal 0.608546 0.793518 -0
    outer loop
      vertex 76.25 14.8938 0
      vertex 76.105 15.005 3
      vertex 76.25 14.8938 3
    endloop
  endfacet
  facet normal 0.608546 0.793518 0
    outer loop
      vertex 76.105 15.005 3
      vertex 76.25 14.8938 0
      vertex 76.105 15.005 0
    endloop
  endfacet
  facet normal -0.130766 0.991413 0
    outer loop
      vertex 76.7812 14.8239 0
      vertex 76.6 14.8 3
      vertex 76.7812 14.8239 3
    endloop
  endfacet
  facet normal -0.130766 0.991413 0
    outer loop
      vertex 76.6 14.8 3
      vertex 76.7812 14.8239 0
      vertex 76.6 14.8 0
    endloop
  endfacet
  facet normal 0.793518 0.608546 0
    outer loop
      vertex 76.105 15.005 3
      vertex 75.9938 15.15 0
      vertex 75.9938 15.15 3
    endloop
  endfacet
  facet normal 0.793518 0.608546 0
    outer loop
      vertex 75.9938 15.15 0
      vertex 76.105 15.005 3
      vertex 76.105 15.005 0
    endloop
  endfacet
  facet normal 0.382594 0.923917 -0
    outer loop
      vertex 76.4188 14.8239 0
      vertex 76.25 14.8938 3
      vertex 76.4188 14.8239 3
    endloop
  endfacet
  facet normal 0.382594 0.923917 0
    outer loop
      vertex 76.25 14.8938 3
      vertex 76.4188 14.8239 0
      vertex 76.25 14.8938 0
    endloop
  endfacet
  facet normal -0.793518 0.608546 0
    outer loop
      vertex 77.095 15.005 0
      vertex 77.2062 15.15 3
      vertex 77.2062 15.15 0
    endloop
  endfacet
  facet normal -0.793518 0.608546 0
    outer loop
      vertex 77.2062 15.15 3
      vertex 77.095 15.005 0
      vertex 77.095 15.005 3
    endloop
  endfacet
  facet normal 0.130766 0.991413 -0
    outer loop
      vertex 76.6 14.8 0
      vertex 76.4188 14.8239 3
      vertex 76.6 14.8 3
    endloop
  endfacet
  facet normal 0.130766 0.991413 0
    outer loop
      vertex 76.4188 14.8239 3
      vertex 76.6 14.8 0
      vertex 76.4188 14.8239 0
    endloop
  endfacet
  facet normal -0.991413 -0.130766 0
    outer loop
      vertex 77.3 15.5 61
      vertex 77.2761 15.6812 72.5
      vertex 77.2761 15.6812 61
    endloop
  endfacet
  facet normal -0.991413 -0.130766 0
    outer loop
      vertex 77.2761 15.6812 72.5
      vertex 77.3 15.5 61
      vertex 77.3 15.5 72.5
    endloop
  endfacet
  facet normal 0.130766 -0.991413 0
    outer loop
      vertex 76.4188 16.1761 61
      vertex 76.6 16.2 72.5
      vertex 76.4188 16.1761 72.5
    endloop
  endfacet
  facet normal 0.130766 -0.991413 0
    outer loop
      vertex 76.6 16.2 72.5
      vertex 76.4188 16.1761 61
      vertex 76.6 16.2 61
    endloop
  endfacet
  facet normal -0.130766 0.991413 0
    outer loop
      vertex 76.7812 14.8239 61
      vertex 76.6 14.8 72.5
      vertex 76.7812 14.8239 72.5
    endloop
  endfacet
  facet normal -0.130766 0.991413 0
    outer loop
      vertex 76.6 14.8 72.5
      vertex 76.7812 14.8239 61
      vertex 76.6 14.8 61
    endloop
  endfacet
  facet normal -0.382594 0.923917 0
    outer loop
      vertex 76.95 14.8938 61
      vertex 76.7812 14.8239 72.5
      vertex 76.95 14.8938 72.5
    endloop
  endfacet
  facet normal -0.382594 0.923917 0
    outer loop
      vertex 76.7812 14.8239 72.5
      vertex 76.95 14.8938 61
      vertex 76.7812 14.8239 61
    endloop
  endfacet
  facet normal -0.608546 -0.793518 0
    outer loop
      vertex 76.95 16.1062 61
      vertex 77.095 15.995 72.5
      vertex 76.95 16.1062 72.5
    endloop
  endfacet
  facet normal -0.608546 -0.793518 -0
    outer loop
      vertex 77.095 15.995 72.5
      vertex 76.95 16.1062 61
      vertex 77.095 15.995 61
    endloop
  endfacet
  facet normal -0.923917 -0.382594 0
    outer loop
      vertex 77.2761 15.6812 61
      vertex 77.2062 15.85 72.5
      vertex 77.2062 15.85 61
    endloop
  endfacet
  facet normal -0.923917 -0.382594 0
    outer loop
      vertex 77.2062 15.85 72.5
      vertex 77.2761 15.6812 61
      vertex 77.2761 15.6812 72.5
    endloop
  endfacet
  facet normal 0.793518 -0.608546 0
    outer loop
      vertex 75.9938 15.85 72.5
      vertex 76.105 15.995 61
      vertex 76.105 15.995 72.5
    endloop
  endfacet
  facet normal 0.793518 -0.608546 0
    outer loop
      vertex 76.105 15.995 61
      vertex 75.9938 15.85 72.5
      vertex 75.9938 15.85 61
    endloop
  endfacet
  facet normal 0.923917 -0.382594 0
    outer loop
      vertex 75.9239 15.6812 72.5
      vertex 75.9938 15.85 61
      vertex 75.9938 15.85 72.5
    endloop
  endfacet
  facet normal 0.923917 -0.382594 0
    outer loop
      vertex 75.9938 15.85 61
      vertex 75.9239 15.6812 72.5
      vertex 75.9239 15.6812 61
    endloop
  endfacet
  facet normal 0.608546 -0.793518 0
    outer loop
      vertex 76.105 15.995 61
      vertex 76.25 16.1062 72.5
      vertex 76.105 15.995 72.5
    endloop
  endfacet
  facet normal 0.608546 -0.793518 0
    outer loop
      vertex 76.25 16.1062 72.5
      vertex 76.105 15.995 61
      vertex 76.25 16.1062 61
    endloop
  endfacet
  facet normal 0.608546 0.793518 -0
    outer loop
      vertex 76.25 14.8938 61
      vertex 76.105 15.005 72.5
      vertex 76.25 14.8938 72.5
    endloop
  endfacet
  facet normal 0.608546 0.793518 0
    outer loop
      vertex 76.105 15.005 72.5
      vertex 76.25 14.8938 61
      vertex 76.105 15.005 61
    endloop
  endfacet
  facet normal -0.923917 0.382594 0
    outer loop
      vertex 77.2062 15.15 61
      vertex 77.2761 15.3188 72.5
      vertex 77.2761 15.3188 61
    endloop
  endfacet
  facet normal -0.923917 0.382594 0
    outer loop
      vertex 77.2761 15.3188 72.5
      vertex 77.2062 15.15 61
      vertex 77.2062 15.15 72.5
    endloop
  endfacet
  facet normal -0.793518 -0.608546 0
    outer loop
      vertex 77.2062 15.85 61
      vertex 77.095 15.995 72.5
      vertex 77.095 15.995 61
    endloop
  endfacet
  facet normal -0.793518 -0.608546 0
    outer loop
      vertex 77.095 15.995 72.5
      vertex 77.2062 15.85 61
      vertex 77.2062 15.85 72.5
    endloop
  endfacet
  facet normal -0.130766 -0.991413 0
    outer loop
      vertex 76.6 16.2 61
      vertex 76.7812 16.1761 72.5
      vertex 76.6 16.2 72.5
    endloop
  endfacet
  facet normal -0.130766 -0.991413 -0
    outer loop
      vertex 76.7812 16.1761 72.5
      vertex 76.6 16.2 61
      vertex 76.7812 16.1761 61
    endloop
  endfacet
  facet normal -0.382594 -0.923917 0
    outer loop
      vertex 76.7812 16.1761 61
      vertex 76.95 16.1062 72.5
      vertex 76.7812 16.1761 72.5
    endloop
  endfacet
  facet normal -0.382594 -0.923917 -0
    outer loop
      vertex 76.95 16.1062 72.5
      vertex 76.7812 16.1761 61
      vertex 76.95 16.1062 61
    endloop
  endfacet
  facet normal 0.991413 -0.130766 0
    outer loop
      vertex 75.9 15.5 72.5
      vertex 75.9239 15.6812 61
      vertex 75.9239 15.6812 72.5
    endloop
  endfacet
  facet normal 0.991413 -0.130766 0
    outer loop
      vertex 75.9239 15.6812 61
      vertex 75.9 15.5 72.5
      vertex 75.9 15.5 61
    endloop
  endfacet
  facet normal 0 0 -1
    outer loop
      vertex 77.2761 15.3188 72.5
      vertex 77.2761 15.6812 72.5
      vertex 77.3 15.5 72.5
    endloop
  endfacet
  facet normal 0 0 -1
    outer loop
      vertex 77.2062 15.15 72.5
      vertex 77.2761 15.6812 72.5
      vertex 77.2761 15.3188 72.5
    endloop
  endfacet
  facet normal 0 0 -1
    outer loop
      vertex 77.2062 15.15 72.5
      vertex 77.2062 15.85 72.5
      vertex 77.2761 15.6812 72.5
    endloop
  endfacet
  facet normal 0 0 -1
    outer loop
      vertex 77.095 15.005 72.5
      vertex 77.2062 15.85 72.5
      vertex 77.2062 15.15 72.5
    endloop
  endfacet
  facet normal 0 0 -1
    outer loop
      vertex 77.095 15.005 72.5
      vertex 77.095 15.995 72.5
      vertex 77.2062 15.85 72.5
    endloop
  endfacet
  facet normal 0 0 -1
    outer loop
      vertex 76.95 14.8938 72.5
      vertex 77.095 15.995 72.5
      vertex 77.095 15.005 72.5
    endloop
  endfacet
  facet normal 0 0 -1
    outer loop
      vertex 76.95 14.8938 72.5
      vertex 76.95 16.1062 72.5
      vertex 77.095 15.995 72.5
    endloop
  endfacet
  facet normal 0 0 -1
    outer loop
      vertex 76.7812 14.8239 72.5
      vertex 76.95 16.1062 72.5
      vertex 76.95 14.8938 72.5
    endloop
  endfacet
  facet normal 0 0 -1
    outer loop
      vertex 76.7812 14.8239 72.5
      vertex 76.7812 16.1761 72.5
      vertex 76.95 16.1062 72.5
    endloop
  endfacet
  facet normal 0 0 -1
    outer loop
      vertex 76.6 14.8 72.5
      vertex 76.7812 16.1761 72.5
      vertex 76.7812 14.8239 72.5
    endloop
  endfacet
  facet normal 0 0 -1
    outer loop
      vertex 76.6 14.8 72.5
      vertex 76.6 16.2 72.5
      vertex 76.7812 16.1761 72.5
    endloop
  endfacet
  facet normal 0 0 -1
    outer loop
      vertex 76.4188 14.8239 72.5
      vertex 76.6 16.2 72.5
      vertex 76.6 14.8 72.5
    endloop
  endfacet
  facet normal 0 0 -1
    outer loop
      vertex 76.4188 14.8239 72.5
      vertex 76.4188 16.1761 72.5
      vertex 76.6 16.2 72.5
    endloop
  endfacet
  facet normal 0 0 -1
    outer loop
      vertex 76.25 14.8938 72.5
      vertex 76.4188 16.1761 72.5
      vertex 76.4188 14.8239 72.5
    endloop
  endfacet
  facet normal 0 0 -1
    outer loop
      vertex 76.25 14.8938 72.5
      vertex 76.25 16.1062 72.5
      vertex 76.4188 16.1761 72.5
    endloop
  endfacet
  facet normal 0 0 -1
    outer loop
      vertex 76.105 15.005 72.5
      vertex 76.25 16.1062 72.5
      vertex 76.25 14.8938 72.5
    endloop
  endfacet
  facet normal 0 0 -1
    outer loop
      vertex 76.105 15.005 72.5
      vertex 76.105 15.995 72.5
      vertex 76.25 16.1062 72.5
    endloop
  endfacet
  facet normal 0 0 -1
    outer loop
      vertex 75.9938 15.15 72.5
      vertex 76.105 15.995 72.5
      vertex 76.105 15.005 72.5
    endloop
  endfacet
  facet normal 0 0 -1
    outer loop
      vertex 75.9938 15.15 72.5
      vertex 75.9938 15.85 72.5
      vertex 76.105 15.995 72.5
    endloop
  endfacet
  facet normal 0 0 -1
    outer loop
      vertex 75.9239 15.3188 72.5
      vertex 75.9938 15.85 72.5
      vertex 75.9938 15.15 72.5
    endloop
  endfacet
  facet normal 0 0 -1
    outer loop
      vertex 75.9239 15.3188 72.5
      vertex 75.9239 15.6812 72.5
      vertex 75.9938 15.85 72.5
    endloop
  endfacet
  facet normal 0 -0 -1
    outer loop
      vertex 75.9239 15.6812 72.5
      vertex 75.9239 15.3188 72.5
      vertex 75.9 15.5 72.5
    endloop
  endfacet
  facet normal 0.382594 -0.923917 0
    outer loop
      vertex 76.25 16.1062 61
      vertex 76.4188 16.1761 72.5
      vertex 76.25 16.1062 72.5
    endloop
  endfacet
  facet normal 0.382594 -0.923917 0
    outer loop
      vertex 76.4188 16.1761 72.5
      vertex 76.25 16.1062 61
      vertex 76.4188 16.1761 61
    endloop
  endfacet
  facet normal -0.991413 0.130766 0
    outer loop
      vertex 77.2761 15.3188 61
      vertex 77.3 15.5 72.5
      vertex 77.3 15.5 61
    endloop
  endfacet
  facet normal -0.991413 0.130766 0
    outer loop
      vertex 77.3 15.5 72.5
      vertex 77.2761 15.3188 61
      vertex 77.2761 15.3188 72.5
    endloop
  endfacet
  facet normal 0.991413 0.130766 0
    outer loop
      vertex 75.9239 15.3188 72.5
      vertex 75.9 15.5 61
      vertex 75.9 15.5 72.5
    endloop
  endfacet
  facet normal 0.991413 0.130766 0
    outer loop
      vertex 75.9 15.5 61
      vertex 75.9239 15.3188 72.5
      vertex 75.9239 15.3188 61
    endloop
  endfacet
  facet normal 0.382594 0.923917 -0
    outer loop
      vertex 76.4188 14.8239 61
      vertex 76.25 14.8938 72.5
      vertex 76.4188 14.8239 72.5
    endloop
  endfacet
  facet normal 0.382594 0.923917 0
    outer loop
      vertex 76.25 14.8938 72.5
      vertex 76.4188 14.8239 61
      vertex 76.25 14.8938 61
    endloop
  endfacet
  facet normal -0.608546 0.793518 0
    outer loop
      vertex 77.095 15.005 61
      vertex 76.95 14.8938 72.5
      vertex 77.095 15.005 72.5
    endloop
  endfacet
  facet normal -0.608546 0.793518 0
    outer loop
      vertex 76.95 14.8938 72.5
      vertex 77.095 15.005 61
      vertex 76.95 14.8938 61
    endloop
  endfacet
  facet normal 0.130766 0.991413 -0
    outer loop
      vertex 76.6 14.8 61
      vertex 76.4188 14.8239 72.5
      vertex 76.6 14.8 72.5
    endloop
  endfacet
  facet normal 0.130766 0.991413 0
    outer loop
      vertex 76.4188 14.8239 72.5
      vertex 76.6 14.8 61
      vertex 76.4188 14.8239 61
    endloop
  endfacet
  facet normal 0.793518 0.608546 0
    outer loop
      vertex 76.105 15.005 72.5
      vertex 75.9938 15.15 61
      vertex 75.9938 15.15 72.5
    endloop
  endfacet
  facet normal 0.793518 0.608546 0
    outer loop
      vertex 75.9938 15.15 61
      vertex 76.105 15.005 72.5
      vertex 76.105 15.005 61
    endloop
  endfacet
  facet normal 0.923917 0.382594 0
    outer loop
      vertex 75.9938 15.15 72.5
      vertex 75.9239 15.3188 61
      vertex 75.9239 15.3188 72.5
    endloop
  endfacet
  facet normal 0.923917 0.382594 0
    outer loop
      vertex 75.9239 15.3188 61
      vertex 75.9938 15.15 72.5
      vertex 75.9938 15.15 61
    endloop
  endfacet
  facet normal -0.793518 0.608546 0
    outer loop
      vertex 77.095 15.005 61
      vertex 77.2062 15.15 72.5
      vertex 77.2062 15.15 61
    endloop
  endfacet
  facet normal -0.793518 0.608546 0
    outer loop
      vertex 77.2062 15.15 72.5
      vertex 77.095 15.005 61
      vertex 77.095 15.005 72.5
    endloop
  endfacet
  facet normal -0.991323 -0.131446 0
    outer loop
      vertex 100.1 116.5 0
      vertex 100.076 116.681 3
      vertex 100.076 116.681 0
    endloop
  endfacet
  facet normal -0.991323 -0.131446 0
    outer loop
      vertex 100.076 116.681 3
      vertex 100.1 116.5 0
      vertex 100.1 116.5 3
    endloop
  endfacet
  facet normal 0.991395 0.130908 0
    outer loop
      vertex 98.7239 116.319 3
      vertex 98.7 116.5 0
      vertex 98.7 116.5 3
    endloop
  endfacet
  facet normal 0.991395 0.130908 0
    outer loop
      vertex 98.7 116.5 0
      vertex 98.7239 116.319 3
      vertex 98.7239 116.319 0
    endloop
  endfacet
  facet normal 0.131304 -0.991342 0
    outer loop
      vertex 99.2188 117.176 0
      vertex 99.4 117.2 3
      vertex 99.2188 117.176 3
    endloop
  endfacet
  facet normal 0.131304 -0.991342 0
    outer loop
      vertex 99.4 117.2 3
      vertex 99.2188 117.176 0
      vertex 99.4 117.2 0
    endloop
  endfacet
  facet normal -0.131304 0.991342 0
    outer loop
      vertex 99.5812 115.824 0
      vertex 99.4 115.8 3
      vertex 99.5812 115.824 3
    endloop
  endfacet
  facet normal -0.131304 0.991342 0
    outer loop
      vertex 99.4 115.8 3
      vertex 99.5812 115.824 0
      vertex 99.4 115.8 0
    endloop
  endfacet
  facet normal -0.383061 0.923723 0
    outer loop
      vertex 99.75 115.894 0
      vertex 99.5812 115.824 3
      vertex 99.75 115.894 3
    endloop
  endfacet
  facet normal -0.383061 0.923723 0
    outer loop
      vertex 99.5812 115.824 3
      vertex 99.75 115.894 0
      vertex 99.5812 115.824 0
    endloop
  endfacet
  facet normal -0.607857 -0.794047 0
    outer loop
      vertex 99.75 117.106 0
      vertex 99.895 116.995 3
      vertex 99.75 117.106 3
    endloop
  endfacet
  facet normal -0.607857 -0.794047 -0
    outer loop
      vertex 99.895 116.995 3
      vertex 99.75 117.106 0
      vertex 99.895 116.995 0
    endloop
  endfacet
  facet normal 0.793518 -0.608546 0
    outer loop
      vertex 98.7938 116.85 3
      vertex 98.905 116.995 0
      vertex 98.905 116.995 3
    endloop
  endfacet
  facet normal 0.793518 -0.608546 0
    outer loop
      vertex 98.905 116.995 0
      vertex 98.7938 116.85 3
      vertex 98.7938 116.85 0
    endloop
  endfacet
  facet normal 0.924077 -0.382207 0
    outer loop
      vertex 98.7239 116.681 3
      vertex 98.7938 116.85 0
      vertex 98.7938 116.85 3
    endloop
  endfacet
  facet normal 0.924077 -0.382207 0
    outer loop
      vertex 98.7938 116.85 0
      vertex 98.7239 116.681 3
      vertex 98.7239 116.681 0
    endloop
  endfacet
  facet normal 0.383061 -0.923723 0
    outer loop
      vertex 99.05 117.106 0
      vertex 99.2188 117.176 3
      vertex 99.05 117.106 3
    endloop
  endfacet
  facet normal 0.383061 -0.923723 0
    outer loop
      vertex 99.2188 117.176 3
      vertex 99.05 117.106 0
      vertex 99.2188 117.176 0
    endloop
  endfacet
  facet normal -0.923884 0.382674 0
    outer loop
      vertex 100.006 116.15 0
      vertex 100.076 116.319 3
      vertex 100.076 116.319 0
    endloop
  endfacet
  facet normal -0.923884 0.382674 0
    outer loop
      vertex 100.076 116.319 3
      vertex 100.006 116.15 0
      vertex 100.006 116.15 3
    endloop
  endfacet
  facet normal -0.794047 -0.607857 0
    outer loop
      vertex 100.006 116.85 0
      vertex 99.895 116.995 3
      vertex 99.895 116.995 0
    endloop
  endfacet
  facet normal -0.794047 -0.607857 0
    outer loop
      vertex 99.895 116.995 3
      vertex 100.006 116.85 0
      vertex 100.006 116.85 3
    endloop
  endfacet
  facet normal -0.923884 -0.382674 0
    outer loop
      vertex 100.076 116.681 0
      vertex 100.006 116.85 3
      vertex 100.006 116.85 0
    endloop
  endfacet
  facet normal -0.923884 -0.382674 0
    outer loop
      vertex 100.006 116.85 3
      vertex 100.076 116.681 0
      vertex 100.076 116.681 3
    endloop
  endfacet
  facet normal -0.131304 -0.991342 0
    outer loop
      vertex 99.4 117.2 0
      vertex 99.5812 117.176 3
      vertex 99.4 117.2 3
    endloop
  endfacet
  facet normal -0.131304 -0.991342 -0
    outer loop
      vertex 99.5812 117.176 3
      vertex 99.4 117.2 0
      vertex 99.5812 117.176 0
    endloop
  endfacet
  facet normal -0.383061 -0.923723 0
    outer loop
      vertex 99.5812 117.176 0
      vertex 99.75 117.106 3
      vertex 99.5812 117.176 3
    endloop
  endfacet
  facet normal -0.383061 -0.923723 -0
    outer loop
      vertex 99.75 117.106 3
      vertex 99.5812 117.176 0
      vertex 99.75 117.106 0
    endloop
  endfacet
  facet normal 0.991395 -0.130908 0
    outer loop
      vertex 98.7 116.5 3
      vertex 98.7239 116.681 0
      vertex 98.7239 116.681 3
    endloop
  endfacet
  facet normal 0.991395 -0.130908 0
    outer loop
      vertex 98.7239 116.681 0
      vertex 98.7 116.5 3
      vertex 98.7 116.5 0
    endloop
  endfacet
  facet normal 0.607857 -0.794047 0
    outer loop
      vertex 98.905 116.995 0
      vertex 99.05 117.106 3
      vertex 98.905 116.995 3
    endloop
  endfacet
  facet normal 0.607857 -0.794047 0
    outer loop
      vertex 99.05 117.106 3
      vertex 98.905 116.995 0
      vertex 99.05 117.106 0
    endloop
  endfacet
  facet normal -0.991323 0.131446 0
    outer loop
      vertex 100.076 116.319 0
      vertex 100.1 116.5 3
      vertex 100.1 116.5 0
    endloop
  endfacet
  facet normal -0.991323 0.131446 0
    outer loop
      vertex 100.1 116.5 3
      vertex 100.076 116.319 0
      vertex 100.076 116.319 3
    endloop
  endfacet
  facet normal -0.607857 0.794047 0
    outer loop
      vertex 99.895 116.005 0
      vertex 99.75 115.894 3
      vertex 99.895 116.005 3
    endloop
  endfacet
  facet normal -0.607857 0.794047 0
    outer loop
      vertex 99.75 115.894 3
      vertex 99.895 116.005 0
      vertex 99.75 115.894 0
    endloop
  endfacet
  facet normal -0.794047 0.607857 0
    outer loop
      vertex 99.895 116.005 0
      vertex 100.006 116.15 3
      vertex 100.006 116.15 0
    endloop
  endfacet
  facet normal -0.794047 0.607857 0
    outer loop
      vertex 100.006 116.15 3
      vertex 99.895 116.005 0
      vertex 99.895 116.005 3
    endloop
  endfacet
  facet normal 0.383061 0.923723 -0
    outer loop
      vertex 99.2188 115.824 0
      vertex 99.05 115.894 3
      vertex 99.2188 115.824 3
    endloop
  endfacet
  facet normal 0.383061 0.923723 0
    outer loop
      vertex 99.05 115.894 3
      vertex 99.2188 115.824 0
      vertex 99.05 115.894 0
    endloop
  endfacet
  facet normal 0.793518 0.608546 0
    outer loop
      vertex 98.905 116.005 3
      vertex 98.7938 116.15 0
      vertex 98.7938 116.15 3
    endloop
  endfacet
  facet normal 0.793518 0.608546 0
    outer loop
      vertex 98.7938 116.15 0
      vertex 98.905 116.005 3
      vertex 98.905 116.005 0
    endloop
  endfacet
  facet normal 0.924077 0.382207 0
    outer loop
      vertex 98.7938 116.15 3
      vertex 98.7239 116.319 0
      vertex 98.7239 116.319 3
    endloop
  endfacet
  facet normal 0.924077 0.382207 0
    outer loop
      vertex 98.7239 116.319 0
      vertex 98.7938 116.15 3
      vertex 98.7938 116.15 0
    endloop
  endfacet
  facet normal 0.607857 0.794047 -0
    outer loop
      vertex 99.05 115.894 0
      vertex 98.905 116.005 3
      vertex 99.05 115.894 3
    endloop
  endfacet
  facet normal 0.607857 0.794047 0
    outer loop
      vertex 98.905 116.005 3
      vertex 99.05 115.894 0
      vertex 98.905 116.005 0
    endloop
  endfacet
  facet normal 0.131304 0.991342 -0
    outer loop
      vertex 99.4 115.8 0
      vertex 99.2188 115.824 3
      vertex 99.4 115.8 3
    endloop
  endfacet
  facet normal 0.131304 0.991342 0
    outer loop
      vertex 99.2188 115.824 3
      vertex 99.4 115.8 0
      vertex 99.2188 115.824 0
    endloop
  endfacet
  facet normal -0.991323 -0.131446 0
    outer loop
      vertex 100.1 116.5 61
      vertex 100.076 116.681 72.5
      vertex 100.076 116.681 61
    endloop
  endfacet
  facet normal -0.991323 -0.131446 0
    outer loop
      vertex 100.076 116.681 72.5
      vertex 100.1 116.5 61
      vertex 100.1 116.5 72.5
    endloop
  endfacet
  facet normal 0.131304 -0.991342 0
    outer loop
      vertex 99.2188 117.176 61
      vertex 99.4 117.2 72.5
      vertex 99.2188 117.176 72.5
    endloop
  endfacet
  facet normal 0.131304 -0.991342 0
    outer loop
      vertex 99.4 117.2 72.5
      vertex 99.2188 117.176 61
      vertex 99.4 117.2 61
    endloop
  endfacet
  facet normal -0.131304 0.991342 0
    outer loop
      vertex 99.5812 115.824 61
      vertex 99.4 115.8 72.5
      vertex 99.5812 115.824 72.5
    endloop
  endfacet
  facet normal -0.131304 0.991342 0
    outer loop
      vertex 99.4 115.8 72.5
      vertex 99.5812 115.824 61
      vertex 99.4 115.8 61
    endloop
  endfacet
  facet normal -0.383061 0.923723 0
    outer loop
      vertex 99.75 115.894 61
      vertex 99.5812 115.824 72.5
      vertex 99.75 115.894 72.5
    endloop
  endfacet
  facet normal -0.383061 0.923723 0
    outer loop
      vertex 99.5812 115.824 72.5
      vertex 99.75 115.894 61
      vertex 99.5812 115.824 61
    endloop
  endfacet
  facet normal -0.607857 -0.794047 0
    outer loop
      vertex 99.75 117.106 61
      vertex 99.895 116.995 72.5
      vertex 99.75 117.106 72.5
    endloop
  endfacet
  facet normal -0.607857 -0.794047 -0
    outer loop
      vertex 99.895 116.995 72.5
      vertex 99.75 117.106 61
      vertex 99.895 116.995 61
    endloop
  endfacet
  facet normal 0.793518 -0.608546 0
    outer loop
      vertex 98.7938 116.85 72.5
      vertex 98.905 116.995 61
      vertex 98.905 116.995 72.5
    endloop
  endfacet
  facet normal 0.793518 -0.608546 0
    outer loop
      vertex 98.905 116.995 61
      vertex 98.7938 116.85 72.5
      vertex 98.7938 116.85 61
    endloop
  endfacet
  facet normal 0.924077 -0.382207 0
    outer loop
      vertex 98.7239 116.681 72.5
      vertex 98.7938 116.85 61
      vertex 98.7938 116.85 72.5
    endloop
  endfacet
  facet normal 0.924077 -0.382207 0
    outer loop
      vertex 98.7938 116.85 61
      vertex 98.7239 116.681 72.5
      vertex 98.7239 116.681 61
    endloop
  endfacet
  facet normal 0.383061 -0.923723 0
    outer loop
      vertex 99.05 117.106 61
      vertex 99.2188 117.176 72.5
      vertex 99.05 117.106 72.5
    endloop
  endfacet
  facet normal 0.383061 -0.923723 0
    outer loop
      vertex 99.2188 117.176 72.5
      vertex 99.05 117.106 61
      vertex 99.2188 117.176 61
    endloop
  endfacet
  facet normal -0.923884 0.382674 0
    outer loop
      vertex 100.006 116.15 61
      vertex 100.076 116.319 72.5
      vertex 100.076 116.319 61
    endloop
  endfacet
  facet normal -0.923884 0.382674 0
    outer loop
      vertex 100.076 116.319 72.5
      vertex 100.006 116.15 61
      vertex 100.006 116.15 72.5
    endloop
  endfacet
  facet normal -0.794047 -0.607857 0
    outer loop
      vertex 100.006 116.85 61
      vertex 99.895 116.995 72.5
      vertex 99.895 116.995 61
    endloop
  endfacet
  facet normal -0.794047 -0.607857 0
    outer loop
      vertex 99.895 116.995 72.5
      vertex 100.006 116.85 61
      vertex 100.006 116.85 72.5
    endloop
  endfacet
  facet normal -0.923884 -0.382674 0
    outer loop
      vertex 100.076 116.681 61
      vertex 100.006 116.85 72.5
      vertex 100.006 116.85 61
    endloop
  endfacet
  facet normal -0.923884 -0.382674 0
    outer loop
      vertex 100.006 116.85 72.5
      vertex 100.076 116.681 61
      vertex 100.076 116.681 72.5
    endloop
  endfacet
  facet normal -0.131304 -0.991342 0
    outer loop
      vertex 99.4 117.2 61
      vertex 99.5812 117.176 72.5
      vertex 99.4 117.2 72.5
    endloop
  endfacet
  facet normal -0.131304 -0.991342 -0
    outer loop
      vertex 99.5812 117.176 72.5
      vertex 99.4 117.2 61
      vertex 99.5812 117.176 61
    endloop
  endfacet
  facet normal -0.383061 -0.923723 0
    outer loop
      vertex 99.5812 117.176 61
      vertex 99.75 117.106 72.5
      vertex 99.5812 117.176 72.5
    endloop
  endfacet
  facet normal -0.383061 -0.923723 -0
    outer loop
      vertex 99.75 117.106 72.5
      vertex 99.5812 117.176 61
      vertex 99.75 117.106 61
    endloop
  endfacet
  facet normal 0.991395 -0.130908 0
    outer loop
      vertex 98.7 116.5 72.5
      vertex 98.7239 116.681 61
      vertex 98.7239 116.681 72.5
    endloop
  endfacet
  facet normal 0.991395 -0.130908 0
    outer loop
      vertex 98.7239 116.681 61
      vertex 98.7 116.5 72.5
      vertex 98.7 116.5 61
    endloop
  endfacet
  facet normal 0 0 -1
    outer loop
      vertex 100.076 116.319 72.5
      vertex 100.076 116.681 72.5
      vertex 100.1 116.5 72.5
    endloop
  endfacet
  facet normal 0 0 -1
    outer loop
      vertex 100.006 116.15 72.5
      vertex 100.076 116.681 72.5
      vertex 100.076 116.319 72.5
    endloop
  endfacet
  facet normal 0 0 -1
    outer loop
      vertex 100.006 116.15 72.5
      vertex 100.006 116.85 72.5
      vertex 100.076 116.681 72.5
    endloop
  endfacet
  facet normal 0 0 -1
    outer loop
      vertex 99.895 116.005 72.5
      vertex 100.006 116.85 72.5
      vertex 100.006 116.15 72.5
    endloop
  endfacet
  facet normal 0 0 -1
    outer loop
      vertex 99.895 116.005 72.5
      vertex 99.895 116.995 72.5
      vertex 100.006 116.85 72.5
    endloop
  endfacet
  facet normal 0 0 -1
    outer loop
      vertex 99.75 115.894 72.5
      vertex 99.895 116.995 72.5
      vertex 99.895 116.005 72.5
    endloop
  endfacet
  facet normal 0 0 -1
    outer loop
      vertex 99.75 115.894 72.5
      vertex 99.75 117.106 72.5
      vertex 99.895 116.995 72.5
    endloop
  endfacet
  facet normal 0 0 -1
    outer loop
      vertex 99.5812 115.824 72.5
      vertex 99.75 117.106 72.5
      vertex 99.75 115.894 72.5
    endloop
  endfacet
  facet normal 0 0 -1
    outer loop
      vertex 99.5812 115.824 72.5
      vertex 99.5812 117.176 72.5
      vertex 99.75 117.106 72.5
    endloop
  endfacet
  facet normal 0 0 -1
    outer loop
      vertex 99.4 115.8 72.5
      vertex 99.5812 117.176 72.5
      vertex 99.5812 115.824 72.5
    endloop
  endfacet
  facet normal 0 0 -1
    outer loop
      vertex 99.4 115.8 72.5
      vertex 99.4 117.2 72.5
      vertex 99.5812 117.176 72.5
    endloop
  endfacet
  facet normal 0 0 -1
    outer loop
      vertex 99.2188 115.824 72.5
      vertex 99.4 117.2 72.5
      vertex 99.4 115.8 72.5
    endloop
  endfacet
  facet normal 0 0 -1
    outer loop
      vertex 99.2188 115.824 72.5
      vertex 99.2188 117.176 72.5
      vertex 99.4 117.2 72.5
    endloop
  endfacet
  facet normal 0 0 -1
    outer loop
      vertex 99.05 115.894 72.5
      vertex 99.2188 117.176 72.5
      vertex 99.2188 115.824 72.5
    endloop
  endfacet
  facet normal 0 0 -1
    outer loop
      vertex 99.05 115.894 72.5
      vertex 99.05 117.106 72.5
      vertex 99.2188 117.176 72.5
    endloop
  endfacet
  facet normal 0 0 -1
    outer loop
      vertex 98.905 116.005 72.5
      vertex 99.05 117.106 72.5
      vertex 99.05 115.894 72.5
    endloop
  endfacet
  facet normal 0 0 -1
    outer loop
      vertex 98.905 116.005 72.5
      vertex 98.905 116.995 72.5
      vertex 99.05 117.106 72.5
    endloop
  endfacet
  facet normal 0 0 -1
    outer loop
      vertex 98.7938 116.15 72.5
      vertex 98.905 116.995 72.5
      vertex 98.905 116.005 72.5
    endloop
  endfacet
  facet normal 0 0 -1
    outer loop
      vertex 98.7938 116.15 72.5
      vertex 98.7938 116.85 72.5
      vertex 98.905 116.995 72.5
    endloop
  endfacet
  facet normal 0 0 -1
    outer loop
      vertex 98.7239 116.319 72.5
      vertex 98.7938 116.85 72.5
      vertex 98.7938 116.15 72.5
    endloop
  endfacet
  facet normal 0 0 -1
    outer loop
      vertex 98.7239 116.319 72.5
      vertex 98.7239 116.681 72.5
      vertex 98.7938 116.85 72.5
    endloop
  endfacet
  facet normal 0 -0 -1
    outer loop
      vertex 98.7239 116.681 72.5
      vertex 98.7239 116.319 72.5
      vertex 98.7 116.5 72.5
    endloop
  endfacet
  facet normal 0.607857 -0.794047 0
    outer loop
      vertex 98.905 116.995 61
      vertex 99.05 117.106 72.5
      vertex 98.905 116.995 72.5
    endloop
  endfacet
  facet normal 0.607857 -0.794047 0
    outer loop
      vertex 99.05 117.106 72.5
      vertex 98.905 116.995 61
      vertex 99.05 117.106 61
    endloop
  endfacet
  facet normal -0.991323 0.131446 0
    outer loop
      vertex 100.076 116.319 61
      vertex 100.1 116.5 72.5
      vertex 100.1 116.5 61
    endloop
  endfacet
  facet normal -0.991323 0.131446 0
    outer loop
      vertex 100.1 116.5 72.5
      vertex 100.076 116.319 61
      vertex 100.076 116.319 72.5
    endloop
  endfacet
  facet normal 0.991395 0.130908 0
    outer loop
      vertex 98.7239 116.319 72.5
      vertex 98.7 116.5 61
      vertex 98.7 116.5 72.5
    endloop
  endfacet
  facet normal 0.991395 0.130908 0
    outer loop
      vertex 98.7 116.5 61
      vertex 98.7239 116.319 72.5
      vertex 98.7239 116.319 61
    endloop
  endfacet
  facet normal -0.607857 0.794047 0
    outer loop
      vertex 99.895 116.005 61
      vertex 99.75 115.894 72.5
      vertex 99.895 116.005 72.5
    endloop
  endfacet
  facet normal -0.607857 0.794047 0
    outer loop
      vertex 99.75 115.894 72.5
      vertex 99.895 116.005 61
      vertex 99.75 115.894 61
    endloop
  endfacet
  facet normal -0.794047 0.607857 0
    outer loop
      vertex 99.895 116.005 61
      vertex 100.006 116.15 72.5
      vertex 100.006 116.15 61
    endloop
  endfacet
  facet normal -0.794047 0.607857 0
    outer loop
      vertex 100.006 116.15 72.5
      vertex 99.895 116.005 61
      vertex 99.895 116.005 72.5
    endloop
  endfacet
  facet normal 0.383061 0.923723 -0
    outer loop
      vertex 99.2188 115.824 61
      vertex 99.05 115.894 72.5
      vertex 99.2188 115.824 72.5
    endloop
  endfacet
  facet normal 0.383061 0.923723 0
    outer loop
      vertex 99.05 115.894 72.5
      vertex 99.2188 115.824 61
      vertex 99.05 115.894 61
    endloop
  endfacet
  facet normal 0.793518 0.608546 0
    outer loop
      vertex 98.905 116.005 72.5
      vertex 98.7938 116.15 61
      vertex 98.7938 116.15 72.5
    endloop
  endfacet
  facet normal 0.793518 0.608546 0
    outer loop
      vertex 98.7938 116.15 61
      vertex 98.905 116.005 72.5
      vertex 98.905 116.005 61
    endloop
  endfacet
  facet normal 0.924077 0.382207 0
    outer loop
      vertex 98.7938 116.15 72.5
      vertex 98.7239 116.319 61
      vertex 98.7239 116.319 72.5
    endloop
  endfacet
  facet normal 0.924077 0.382207 0
    outer loop
      vertex 98.7239 116.319 61
      vertex 98.7938 116.15 72.5
      vertex 98.7938 116.15 61
    endloop
  endfacet
  facet normal 0.607857 0.794047 -0
    outer loop
      vertex 99.05 115.894 61
      vertex 98.905 116.005 72.5
      vertex 99.05 115.894 72.5
    endloop
  endfacet
  facet normal 0.607857 0.794047 0
    outer loop
      vertex 98.905 116.005 72.5
      vertex 99.05 115.894 61
      vertex 98.905 116.005 61
    endloop
  endfacet
  facet normal 0.131304 0.991342 -0
    outer loop
      vertex 99.4 115.8 61
      vertex 99.2188 115.824 72.5
      vertex 99.4 115.8 72.5
    endloop
  endfacet
  facet normal 0.131304 0.991342 0
    outer loop
      vertex 99.2188 115.824 72.5
      vertex 99.4 115.8 61
      vertex 99.2188 115.824 61
    endloop
  endfacet
  facet normal 0 0 -1
    outer loop
      vertex 0 20 67
      vertex 3 44 67
      vertex 3 20 67
    endloop
  endfacet
  facet normal -0 0 -1
    outer loop
      vertex 3 44 67
      vertex 0 20 67
      vertex 0 44 67
    endloop
  endfacet
  facet normal -0 0 1
    outer loop
      vertex 0 44 37
      vertex 3 20 37
      vertex 3 44 37
    endloop
  endfacet
  facet normal 0 0 1
    outer loop
      vertex 3 20 37
      vertex 0 44 37
      vertex 0 20 37
    endloop
  endfacet
  facet normal 0 1 -0
    outer loop
      vertex 3 20 37
      vertex 0 20 67
      vertex 3 20 67
    endloop
  endfacet
  facet normal 0 1 0
    outer loop
      vertex 0 20 67
      vertex 3 20 37
      vertex 0 20 37
    endloop
  endfacet
  facet normal 0 -1 0
    outer loop
      vertex 0 44 37
      vertex 3 44 67
      vertex 0 44 67
    endloop
  endfacet
  facet normal 0 -1 -0
    outer loop
      vertex 3 44 67
      vertex 0 44 37
      vertex 3 44 37
    endloop
  endfacet
  facet normal 0 0 -1
    outer loop
      vertex 0 78 67
      vertex 3 102 67
      vertex 3 78 67
    endloop
  endfacet
  facet normal -0 0 -1
    outer loop
      vertex 3 102 67
      vertex 0 78 67
      vertex 0 102 67
    endloop
  endfacet
  facet normal 0 -1 0
    outer loop
      vertex 0 102 37
      vertex 3 102 67
      vertex 0 102 67
    endloop
  endfacet
  facet normal 0 -1 -0
    outer loop
      vertex 3 102 67
      vertex 0 102 37
      vertex 3 102 37
    endloop
  endfacet
  facet normal -0 0 1
    outer loop
      vertex 0 102 37
      vertex 3 78 37
      vertex 3 102 37
    endloop
  endfacet
  facet normal 0 0 1
    outer loop
      vertex 3 78 37
      vertex 0 102 37
      vertex 0 78 37
    endloop
  endfacet
  facet normal 0 1 -0
    outer loop
      vertex 3 78 37
      vertex 0 78 67
      vertex 3 78 67
    endloop
  endfacet
  facet normal 0 1 0
    outer loop
      vertex 0 78 67
      vertex 3 78 37
      vertex 0 78 37
    endloop
  endfacet
  facet normal 1 -0 0
    outer loop
      vertex 14 115 67
      vertex 14 118 37
      vertex 14 118 67
    endloop
  endfacet
  facet normal 1 0 0
    outer loop
      vertex 14 118 37
      vertex 14 115 67
      vertex 14 115 37
    endloop
  endfacet
  facet normal 0 0 -1
    outer loop
      vertex 14 115 67
      vertex 42 118 67
      vertex 42 115 67
    endloop
  endfacet
  facet normal -0 0 -1
    outer loop
      vertex 42 118 67
      vertex 14 115 67
      vertex 14 118 67
    endloop
  endfacet
  facet normal -1 0 0
    outer loop
      vertex 42 115 37
      vertex 42 118 67
      vertex 42 118 37
    endloop
  endfacet
  facet normal -1 -0 0
    outer loop
      vertex 42 118 67
      vertex 42 115 37
      vertex 42 115 67
    endloop
  endfacet
  facet normal -0 0 1
    outer loop
      vertex 14 118 37
      vertex 42 115 37
      vertex 42 118 37
    endloop
  endfacet
  facet normal 0 0 1
    outer loop
      vertex 42 115 37
      vertex 14 118 37
      vertex 14 115 37
    endloop
  endfacet
  facet normal 0 0 -1
    outer loop
      vertex 197 30 67
      vertex 200 54 67
      vertex 200 30 67
    endloop
  endfacet
  facet normal -0 0 -1
    outer loop
      vertex 200 54 67
      vertex 197 30 67
      vertex 197 54 67
    endloop
  endfacet
  facet normal -0 0 1
    outer loop
      vertex 197 54 37
      vertex 200 30 37
      vertex 200 54 37
    endloop
  endfacet
  facet normal 0 0 1
    outer loop
      vertex 200 30 37
      vertex 197 54 37
      vertex 197 30 37
    endloop
  endfacet
  facet normal 0 1 -0
    outer loop
      vertex 200 30 37
      vertex 197 30 67
      vertex 200 30 67
    endloop
  endfacet
  facet normal 0 1 0
    outer loop
      vertex 197 30 67
      vertex 200 30 37
      vertex 197 30 37
    endloop
  endfacet
  facet normal 0 -1 0
    outer loop
      vertex 197 54 37
      vertex 200 54 67
      vertex 197 54 67
    endloop
  endfacet
  facet normal 0 -1 -0
    outer loop
      vertex 200 54 67
      vertex 197 54 37
      vertex 200 54 37
    endloop
  endfacet
  facet normal 1 0 0
    outer loop
      vertex 120 2.32104 56.28
      vertex 120 3 59
      vertex 120 2.35 56.5
    endloop
  endfacet
  facet normal 1 0 0
    outer loop
      vertex 120 3 59
      vertex 120 2.32104 56.72
      vertex 120 2.35 56.5
    endloop
  endfacet
  facet normal 1 0 0
    outer loop
      vertex 120 3 59
      vertex 120 2.23612 56.925
      vertex 120 2.32104 56.72
    endloop
  endfacet
  facet normal 1 0 0
    outer loop
      vertex 120 3 59
      vertex 120 2.10104 57.101
      vertex 120 2.23612 56.925
    endloop
  endfacet
  facet normal 1 0 0
    outer loop
      vertex 120 3 59
      vertex 120 1.925 57.2361
      vertex 120 2.10104 57.101
    endloop
  endfacet
  facet normal 1 0 0
    outer loop
      vertex 120 3 59
      vertex 120 1.72 57.321
      vertex 120 1.925 57.2361
    endloop
  endfacet
  facet normal 1 0 0
    outer loop
      vertex 120 3 59
      vertex 120 1.5 57.35
      vertex 120 1.72 57.321
    endloop
  endfacet
  facet normal 1 -0 0
    outer loop
      vertex 120 0 59
      vertex 120 1.5 57.35
      vertex 120 3 59
    endloop
  endfacet
  facet normal 1 0 0
    outer loop
      vertex 120 1.5 57.35
      vertex 120 0 59
      vertex 120 1.28 57.321
    endloop
  endfacet
  facet normal 1 0 0
    outer loop
      vertex 120 1.28 57.321
      vertex 120 0 59
      vertex 120 1.075 57.2361
    endloop
  endfacet
  facet normal 1 0 0
    outer loop
      vertex 120 0.678963 56.72
      vertex 120 0 59
      vertex 120 0.65 56.5
    endloop
  endfacet
  facet normal 1 0 0
    outer loop
      vertex 120 0.763878 56.925
      vertex 120 0 59
      vertex 120 0.678963 56.72
    endloop
  endfacet
  facet normal 1 0 0
    outer loop
      vertex 120 0.898959 57.101
      vertex 120 0 59
      vertex 120 0.763878 56.925
    endloop
  endfacet
  facet normal 1 0 0
    outer loop
      vertex 120 1.075 57.2361
      vertex 120 0 59
      vertex 120 0.898959 57.101
    endloop
  endfacet
  facet normal 1 0 0
    outer loop
      vertex 120 3 59
      vertex 120 2.32104 56.28
      vertex 120 3 3
    endloop
  endfacet
  facet normal 1 -0 0
    outer loop
      vertex 120 2.23612 56.075
      vertex 120 3 3
      vertex 120 2.32104 56.28
    endloop
  endfacet
  facet normal 1 -0 0
    outer loop
      vertex 120 2.10104 55.899
      vertex 120 3 3
      vertex 120 2.23612 56.075
    endloop
  endfacet
  facet normal 1 -0 0
    outer loop
      vertex 120 1.925 55.7639
      vertex 120 3 3
      vertex 120 2.10104 55.899
    endloop
  endfacet
  facet normal 1 -0 0
    outer loop
      vertex 120 1.72 55.679
      vertex 120 3 3
      vertex 120 1.925 55.7639
    endloop
  endfacet
  facet normal 1 -0 0
    outer loop
      vertex 120 1.5 55.65
      vertex 120 3 3
      vertex 120 1.72 55.679
    endloop
  endfacet
  facet normal 1 0 0
    outer loop
      vertex 120 0 3
      vertex 120 1.5 55.65
      vertex 120 1.28 55.679
    endloop
  endfacet
  facet normal 1 0 0
    outer loop
      vertex 120 0 3
      vertex 120 1.28 55.679
      vertex 120 1.075 55.7639
    endloop
  endfacet
  facet normal 1 0 0
    outer loop
      vertex 120 0 3
      vertex 120 1.075 55.7639
      vertex 120 0.898959 55.899
    endloop
  endfacet
  facet normal 1 0 0
    outer loop
      vertex 120 0 3
      vertex 120 0.898959 55.899
      vertex 120 0.763878 56.075
    endloop
  endfacet
  facet normal 1 0 0
    outer loop
      vertex 120 0 3
      vertex 120 0.763878 56.075
      vertex 120 0.678963 56.28
    endloop
  endfacet
  facet normal 1 0 0
    outer loop
      vertex 120 0 59
      vertex 120 0.678963 56.28
      vertex 120 0.65 56.5
    endloop
  endfacet
  facet normal 1 0 0
    outer loop
      vertex 120 0.678963 56.28
      vertex 120 0 59
      vertex 120 0 3
    endloop
  endfacet
  facet normal 1 0 0
    outer loop
      vertex 120 1.5 55.65
      vertex 120 0 3
      vertex 120 3 3
    endloop
  endfacet
  facet normal 0 0 -1
    outer loop
      vertex 120 0 59
      vertex 190 3 59
      vertex 190 0 59
    endloop
  endfacet
  facet normal -0 0 -1
    outer loop
      vertex 190 3 59
      vertex 120 0 59
      vertex 120 3 59
    endloop
  endfacet
  facet normal -1 0 0
    outer loop
      vertex 190 2.46593 56.2412
      vertex 190 3 59
      vertex 190 3 3
    endloop
  endfacet
  facet normal -1 0 0
    outer loop
      vertex 190 3 59
      vertex 190 2.46593 56.2412
      vertex 190 2.5 56.5
    endloop
  endfacet
  facet normal -1 0 0
    outer loop
      vertex 190 3 3
      vertex 190 2.36602 56
      vertex 190 2.46593 56.2412
    endloop
  endfacet
  facet normal -1 0 0
    outer loop
      vertex 190 3 3
      vertex 190 2.20711 55.7929
      vertex 190 2.36602 56
    endloop
  endfacet
  facet normal -1 0 0
    outer loop
      vertex 190 3 3
      vertex 190 2 55.634
      vertex 190 2.20711 55.7929
    endloop
  endfacet
  facet normal -1 0 0
    outer loop
      vertex 190 3 3
      vertex 190 1.75882 55.5341
      vertex 190 2 55.634
    endloop
  endfacet
  facet normal -1 0 0
    outer loop
      vertex 190 3 3
      vertex 190 1.5 55.5
      vertex 190 1.75882 55.5341
    endloop
  endfacet
  facet normal -1 0 0
    outer loop
      vertex 190 0 3
      vertex 190 1.5 55.5
      vertex 190 3 3
    endloop
  endfacet
  facet normal -1 -0 0
    outer loop
      vertex 190 1.5 55.5
      vertex 190 0 3
      vertex 190 1.24118 55.5341
    endloop
  endfacet
  facet normal -1 -0 0
    outer loop
      vertex 190 1.24118 55.5341
      vertex 190 0 3
      vertex 190 1 55.634
    endloop
  endfacet
  facet normal -1 -0 0
    outer loop
      vertex 190 1 55.634
      vertex 190 0 3
      vertex 190 0.792892 55.7929
    endloop
  endfacet
  facet normal -1 -0 0
    outer loop
      vertex 190 0.792892 55.7929
      vertex 190 0 3
      vertex 190 0.633974 56
    endloop
  endfacet
  facet normal -1 -0 0
    outer loop
      vertex 190 0.633974 56
      vertex 190 0 3
      vertex 190 0.534074 56.2412
    endloop
  endfacet
  facet normal -1 0 0
    outer loop
      vertex 190 0 59
      vertex 190 0.534074 56.2412
      vertex 190 0 3
    endloop
  endfacet
  facet normal -1 0 0
    outer loop
      vertex 190 2.46593 56.7588
      vertex 190 3 59
      vertex 190 2.5 56.5
    endloop
  endfacet
  facet normal -1 0 0
    outer loop
      vertex 190 2.36602 57
      vertex 190 3 59
      vertex 190 2.46593 56.7588
    endloop
  endfacet
  facet normal -1 0 0
    outer loop
      vertex 190 2.20711 57.2071
      vertex 190 3 59
      vertex 190 2.36602 57
    endloop
  endfacet
  facet normal -1 0 0
    outer loop
      vertex 190 2 57.366
      vertex 190 3 59
      vertex 190 2.20711 57.2071
    endloop
  endfacet
  facet normal -1 0 0
    outer loop
      vertex 190 1.75882 57.4659
      vertex 190 3 59
      vertex 190 2 57.366
    endloop
  endfacet
  facet normal -1 0 0
    outer loop
      vertex 190 1.5 57.5
      vertex 190 3 59
      vertex 190 1.75882 57.4659
    endloop
  endfacet
  facet normal -1 0 0
    outer loop
      vertex 190 0 59
      vertex 190 1.5 57.5
      vertex 190 1.24118 57.4659
    endloop
  endfacet
  facet normal -1 0 0
    outer loop
      vertex 190 0 59
      vertex 190 1.24118 57.4659
      vertex 190 1 57.366
    endloop
  endfacet
  facet normal -1 0 0
    outer loop
      vertex 190 0 59
      vertex 190 1 57.366
      vertex 190 0.792892 57.2071
    endloop
  endfacet
  facet normal -1 0 0
    outer loop
      vertex 190 1.5 57.5
      vertex 190 0 59
      vertex 190 3 59
    endloop
  endfacet
  facet normal -1 0 0
    outer loop
      vertex 190 0.633974 57
      vertex 190 0 59
      vertex 190 0.792892 57.2071
    endloop
  endfacet
  facet normal -1 0 0
    outer loop
      vertex 190 0.534074 56.7588
      vertex 190 0 59
      vertex 190 0.633974 57
    endloop
  endfacet
  facet normal -1 0 0
    outer loop
      vertex 190 0.5 56.5
      vertex 190 0 59
      vertex 190 0.534074 56.7588
    endloop
  endfacet
  facet normal -1 0 0
    outer loop
      vertex 190 0.534074 56.2412
      vertex 190 0 59
      vertex 190 0.5 56.5
    endloop
  endfacet
  facet normal 0 -0.130688 0.991424
    outer loop
      vertex 114 1.72 55.679
      vertex 120 1.5 55.65
      vertex 120 1.72 55.679
    endloop
  endfacet
  facet normal 0 -0.130688 0.991424
    outer loop
      vertex 120 1.5 55.65
      vertex 114 1.72 55.679
      vertex 114 1.5 55.65
    endloop
  endfacet
  facet normal 0 0.130688 -0.991424
    outer loop
      vertex 114 1.28 57.321
      vertex 120 1.5 57.35
      vertex 120 1.28 57.321
    endloop
  endfacet
  facet normal 0 0.130688 -0.991424
    outer loop
      vertex 120 1.5 57.35
      vertex 114 1.28 57.321
      vertex 114 1.5 57.35
    endloop
  endfacet
  facet normal 0 -0.92387 0.382707
    outer loop
      vertex 114 2.23612 56.075
      vertex 120 2.32104 56.28
      vertex 114 2.32104 56.28
    endloop
  endfacet
  facet normal 0 -0.92387 0.382707
    outer loop
      vertex 120 2.32104 56.28
      vertex 114 2.23612 56.075
      vertex 120 2.23612 56.075
    endloop
  endfacet
  facet normal 0 0.991445 0.130524
    outer loop
      vertex 120 0.678963 56.28
      vertex 114 0.65 56.5
      vertex 120 0.65 56.5
    endloop
  endfacet
  facet normal 0 0.991445 0.130524
    outer loop
      vertex 114 0.65 56.5
      vertex 120 0.678963 56.28
      vertex 114 0.678963 56.28
    endloop
  endfacet
  facet normal 0 -0.38263 0.923901
    outer loop
      vertex 114 1.925 55.7639
      vertex 120 1.72 55.679
      vertex 120 1.925 55.7639
    endloop
  endfacet
  facet normal 0 -0.38263 0.923901
    outer loop
      vertex 120 1.72 55.679
      vertex 114 1.925 55.7639
      vertex 114 1.72 55.679
    endloop
  endfacet
  facet normal 0 -0.991447 -0.13051
    outer loop
      vertex 114 2.35 56.5
      vertex 120 2.32104 56.72
      vertex 114 2.32104 56.72
    endloop
  endfacet
  facet normal 0 -0.991447 -0.13051
    outer loop
      vertex 120 2.32104 56.72
      vertex 114 2.35 56.5
      vertex 120 2.35 56.5
    endloop
  endfacet
  facet normal 0 -0.92387 -0.382707
    outer loop
      vertex 114 2.32104 56.72
      vertex 120 2.23612 56.925
      vertex 114 2.23612 56.925
    endloop
  endfacet
  facet normal 0 -0.92387 -0.382707
    outer loop
      vertex 120 2.23612 56.925
      vertex 114 2.32104 56.72
      vertex 120 2.32104 56.72
    endloop
  endfacet
  facet normal 0 -0.130688 -0.991424
    outer loop
      vertex 114 1.5 57.35
      vertex 120 1.72 57.321
      vertex 120 1.5 57.35
    endloop
  endfacet
  facet normal -0 -0.130688 -0.991424
    outer loop
      vertex 120 1.72 57.321
      vertex 114 1.5 57.35
      vertex 114 1.72 57.321
    endloop
  endfacet
  facet normal 0 0.923878 0.382688
    outer loop
      vertex 120 0.763878 56.075
      vertex 114 0.678963 56.28
      vertex 120 0.678963 56.28
    endloop
  endfacet
  facet normal 0 0.923878 0.382688
    outer loop
      vertex 114 0.678963 56.28
      vertex 120 0.763878 56.075
      vertex 114 0.763878 56.075
    endloop
  endfacet
  facet normal 0 0.793285 0.608851
    outer loop
      vertex 120 0.898959 55.899
      vertex 114 0.763878 56.075
      vertex 120 0.763878 56.075
    endloop
  endfacet
  facet normal 0 0.793285 0.608851
    outer loop
      vertex 114 0.763878 56.075
      vertex 120 0.898959 55.899
      vertex 114 0.898959 55.899
    endloop
  endfacet
  facet normal 1 0 0
    outer loop
      vertex 114 2.32104 56.72
      vertex 114 2.32104 56.28
      vertex 114 2.35 56.5
    endloop
  endfacet
  facet normal 1 0 0
    outer loop
      vertex 114 2.23612 56.925
      vertex 114 2.32104 56.28
      vertex 114 2.32104 56.72
    endloop
  endfacet
  facet normal 1 0 0
    outer loop
      vertex 114 2.23612 56.925
      vertex 114 2.23612 56.075
      vertex 114 2.32104 56.28
    endloop
  endfacet
  facet normal 1 0 0
    outer loop
      vertex 114 2.10104 57.101
      vertex 114 2.23612 56.075
      vertex 114 2.23612 56.925
    endloop
  endfacet
  facet normal 1 0 0
    outer loop
      vertex 114 2.10104 57.101
      vertex 114 2.10104 55.899
      vertex 114 2.23612 56.075
    endloop
  endfacet
  facet normal 1 0 0
    outer loop
      vertex 114 1.925 57.2361
      vertex 114 2.10104 55.899
      vertex 114 2.10104 57.101
    endloop
  endfacet
  facet normal 1 0 0
    outer loop
      vertex 114 1.925 57.2361
      vertex 114 1.925 55.7639
      vertex 114 2.10104 55.899
    endloop
  endfacet
  facet normal 1 0 0
    outer loop
      vertex 114 1.72 57.321
      vertex 114 1.925 55.7639
      vertex 114 1.925 57.2361
    endloop
  endfacet
  facet normal 1 0 0
    outer loop
      vertex 114 1.72 57.321
      vertex 114 1.72 55.679
      vertex 114 1.925 55.7639
    endloop
  endfacet
  facet normal 1 0 0
    outer loop
      vertex 114 1.5 57.35
      vertex 114 1.72 55.679
      vertex 114 1.72 57.321
    endloop
  endfacet
  facet normal 1 0 0
    outer loop
      vertex 114 1.5 57.35
      vertex 114 1.5 55.65
      vertex 114 1.72 55.679
    endloop
  endfacet
  facet normal 1 -0 0
    outer loop
      vertex 114 1.28 57.321
      vertex 114 1.5 55.65
      vertex 114 1.5 57.35
    endloop
  endfacet
  facet normal 1 0 0
    outer loop
      vertex 114 1.28 57.321
      vertex 114 1.28 55.679
      vertex 114 1.5 55.65
    endloop
  endfacet
  facet normal 1 -0 0
    outer loop
      vertex 114 1.075 57.2361
      vertex 114 1.28 55.679
      vertex 114 1.28 57.321
    endloop
  endfacet
  facet normal 1 0 0
    outer loop
      vertex 114 1.075 57.2361
      vertex 114 1.075 55.7639
      vertex 114 1.28 55.679
    endloop
  endfacet
  facet normal 1 -0 0
    outer loop
      vertex 114 0.898959 57.101
      vertex 114 1.075 55.7639
      vertex 114 1.075 57.2361
    endloop
  endfacet
  facet normal 1 0 0
    outer loop
      vertex 114 0.898959 57.101
      vertex 114 0.898959 55.899
      vertex 114 1.075 55.7639
    endloop
  endfacet
  facet normal 1 -0 0
    outer loop
      vertex 114 0.763878 56.925
      vertex 114 0.898959 55.899
      vertex 114 0.898959 57.101
    endloop
  endfacet
  facet normal 1 0 0
    outer loop
      vertex 114 0.763878 56.925
      vertex 114 0.763878 56.075
      vertex 114 0.898959 55.899
    endloop
  endfacet
  facet normal 1 -0 0
    outer loop
      vertex 114 0.678963 56.72
      vertex 114 0.763878 56.075
      vertex 114 0.763878 56.925
    endloop
  endfacet
  facet normal 1 0 0
    outer loop
      vertex 114 0.678963 56.72
      vertex 114 0.678963 56.28
      vertex 114 0.763878 56.075
    endloop
  endfacet
  facet normal 1 0 -0
    outer loop
      vertex 114 0.678963 56.28
      vertex 114 0.678963 56.72
      vertex 114 0.65 56.5
    endloop
  endfacet
  facet normal 0 0.38263 -0.923901
    outer loop
      vertex 114 1.075 57.2361
      vertex 120 1.28 57.321
      vertex 120 1.075 57.2361
    endloop
  endfacet
  facet normal 0 0.38263 -0.923901
    outer loop
      vertex 120 1.28 57.321
      vertex 114 1.075 57.2361
      vertex 114 1.28 57.321
    endloop
  endfacet
  facet normal 0 0.991445 -0.130524
    outer loop
      vertex 120 0.65 56.5
      vertex 114 0.678963 56.72
      vertex 120 0.678963 56.72
    endloop
  endfacet
  facet normal 0 0.991445 -0.130524
    outer loop
      vertex 114 0.678963 56.72
      vertex 120 0.65 56.5
      vertex 114 0.65 56.5
    endloop
  endfacet
  facet normal 0 -0.608817 0.79331
    outer loop
      vertex 114 2.10104 55.899
      vertex 120 1.925 55.7639
      vertex 120 2.10104 55.899
    endloop
  endfacet
  facet normal 0 -0.608817 0.79331
    outer loop
      vertex 120 1.925 55.7639
      vertex 114 2.10104 55.899
      vertex 114 1.925 55.7639
    endloop
  endfacet
  facet normal 0 -0.38263 -0.923901
    outer loop
      vertex 114 1.72 57.321
      vertex 120 1.925 57.2361
      vertex 120 1.72 57.321
    endloop
  endfacet
  facet normal -0 -0.38263 -0.923901
    outer loop
      vertex 120 1.925 57.2361
      vertex 114 1.72 57.321
      vertex 114 1.925 57.2361
    endloop
  endfacet
  facet normal 0 -0.793287 -0.608848
    outer loop
      vertex 114 2.23612 56.925
      vertex 120 2.10104 57.101
      vertex 114 2.10104 57.101
    endloop
  endfacet
  facet normal 0 -0.793287 -0.608848
    outer loop
      vertex 120 2.10104 57.101
      vertex 114 2.23612 56.925
      vertex 120 2.23612 56.925
    endloop
  endfacet
  facet normal 0 -0.608817 -0.79331
    outer loop
      vertex 114 1.925 57.2361
      vertex 120 2.10104 57.101
      vertex 120 1.925 57.2361
    endloop
  endfacet
  facet normal -0 -0.608817 -0.79331
    outer loop
      vertex 120 2.10104 57.101
      vertex 114 1.925 57.2361
      vertex 114 2.10104 57.101
    endloop
  endfacet
  facet normal -0 0.38263 0.923901
    outer loop
      vertex 114 1.28 55.679
      vertex 120 1.075 55.7639
      vertex 120 1.28 55.679
    endloop
  endfacet
  facet normal 0 0.38263 0.923901
    outer loop
      vertex 120 1.075 55.7639
      vertex 114 1.28 55.679
      vertex 114 1.075 55.7639
    endloop
  endfacet
  facet normal -0 0.608815 0.793312
    outer loop
      vertex 114 1.075 55.7639
      vertex 120 0.898959 55.899
      vertex 120 1.075 55.7639
    endloop
  endfacet
  facet normal 0 0.608815 0.793312
    outer loop
      vertex 120 0.898959 55.899
      vertex 114 1.075 55.7639
      vertex 114 0.898959 55.899
    endloop
  endfacet
  facet normal 0 0.923878 -0.382688
    outer loop
      vertex 120 0.678963 56.72
      vertex 114 0.763878 56.925
      vertex 120 0.763878 56.925
    endloop
  endfacet
  facet normal 0 0.923878 -0.382688
    outer loop
      vertex 114 0.763878 56.925
      vertex 120 0.678963 56.72
      vertex 114 0.678963 56.72
    endloop
  endfacet
  facet normal 0 0.608815 -0.793312
    outer loop
      vertex 114 0.898959 57.101
      vertex 120 1.075 57.2361
      vertex 120 0.898959 57.101
    endloop
  endfacet
  facet normal 0 0.608815 -0.793312
    outer loop
      vertex 120 1.075 57.2361
      vertex 114 0.898959 57.101
      vertex 114 1.075 57.2361
    endloop
  endfacet
  facet normal 0 0.793285 -0.608851
    outer loop
      vertex 120 0.763878 56.925
      vertex 114 0.898959 57.101
      vertex 120 0.898959 57.101
    endloop
  endfacet
  facet normal 0 0.793285 -0.608851
    outer loop
      vertex 114 0.898959 57.101
      vertex 120 0.763878 56.925
      vertex 114 0.763878 56.925
    endloop
  endfacet
  facet normal 0 -0.793287 0.608848
    outer loop
      vertex 114 2.10104 55.899
      vertex 120 2.23612 56.075
      vertex 114 2.23612 56.075
    endloop
  endfacet
  facet normal 0 -0.793287 0.608848
    outer loop
      vertex 120 2.23612 56.075
      vertex 114 2.10104 55.899
      vertex 120 2.10104 55.899
    endloop
  endfacet
  facet normal 0 -0.991447 0.13051
    outer loop
      vertex 114 2.32104 56.28
      vertex 120 2.35 56.5
      vertex 114 2.35 56.5
    endloop
  endfacet
  facet normal 0 -0.991447 0.13051
    outer loop
      vertex 120 2.35 56.5
      vertex 114 2.32104 56.28
      vertex 120 2.32104 56.28
    endloop
  endfacet
  facet normal -0 0.130688 0.991424
    outer loop
      vertex 114 1.5 55.65
      vertex 120 1.28 55.679
      vertex 120 1.5 55.65
    endloop
  endfacet
  facet normal 0 0.130688 0.991424
    outer loop
      vertex 120 1.28 55.679
      vertex 114 1.5 55.65
      vertex 114 1.28 55.679
    endloop
  endfacet
  facet normal 0 -0.130623 0.991432
    outer loop
      vertex 190 1.75882 55.5341
      vertex 197.5 1.5 55.5
      vertex 197.5 1.75882 55.5341
    endloop
  endfacet
  facet normal 0 -0.130623 0.991432
    outer loop
      vertex 197.5 1.5 55.5
      vertex 190 1.75882 55.5341
      vertex 190 1.5 55.5
    endloop
  endfacet
  facet normal 0 -0.130623 -0.991432
    outer loop
      vertex 190 1.5 57.5
      vertex 197.5 1.75882 57.4659
      vertex 197.5 1.5 57.5
    endloop
  endfacet
  facet normal -0 -0.130623 -0.991432
    outer loop
      vertex 197.5 1.75882 57.4659
      vertex 190 1.5 57.5
      vertex 190 1.75882 57.4659
    endloop
  endfacet
  facet normal 0 0.991444 0.130535
    outer loop
      vertex 197.5 0.534074 56.2412
      vertex 190 0.5 56.5
      vertex 197.5 0.5 56.5
    endloop
  endfacet
  facet normal 0 0.991444 0.130535
    outer loop
      vertex 190 0.5 56.5
      vertex 197.5 0.534074 56.2412
      vertex 190 0.534074 56.2412
    endloop
  endfacet
  facet normal 0 -0.382683 0.92388
    outer loop
      vertex 190 2 55.634
      vertex 197.5 1.75882 55.5341
      vertex 197.5 2 55.634
    endloop
  endfacet
  facet normal 0 -0.382683 0.92388
    outer loop
      vertex 197.5 1.75882 55.5341
      vertex 190 2 55.634
      vertex 190 1.75882 55.5341
    endloop
  endfacet
  facet normal 0 -0.79336 -0.608753
    outer loop
      vertex 190 2.36602 57
      vertex 197.5 2.20711 57.2071
      vertex 190 2.20711 57.2071
    endloop
  endfacet
  facet normal 0 -0.79336 -0.608753
    outer loop
      vertex 197.5 2.20711 57.2071
      vertex 190 2.36602 57
      vertex 197.5 2.36602 57
    endloop
  endfacet
  facet normal 0 -0.608711 -0.793392
    outer loop
      vertex 190 2 57.366
      vertex 197.5 2.20711 57.2071
      vertex 197.5 2 57.366
    endloop
  endfacet
  facet normal -0 -0.608711 -0.793392
    outer loop
      vertex 197.5 2.20711 57.2071
      vertex 190 2 57.366
      vertex 190 2.20711 57.2071
    endloop
  endfacet
  facet normal 0 -0.923877 -0.382689
    outer loop
      vertex 190 2.46593 56.7588
      vertex 197.5 2.36602 57
      vertex 190 2.36602 57
    endloop
  endfacet
  facet normal 0 -0.923877 -0.382689
    outer loop
      vertex 197.5 2.36602 57
      vertex 190 2.46593 56.7588
      vertex 197.5 2.46593 56.7588
    endloop
  endfacet
  facet normal 0 -0.608711 0.793392
    outer loop
      vertex 190 2.20711 55.7929
      vertex 197.5 2 55.634
      vertex 197.5 2.20711 55.7929
    endloop
  endfacet
  facet normal 0 -0.608711 0.793392
    outer loop
      vertex 197.5 2 55.634
      vertex 190 2.20711 55.7929
      vertex 190 2 55.634
    endloop
  endfacet
  facet normal 0 -0.991446 0.13052
    outer loop
      vertex 190 2.46593 56.2412
      vertex 197.5 2.5 56.5
      vertex 190 2.5 56.5
    endloop
  endfacet
  facet normal 0 -0.991446 0.13052
    outer loop
      vertex 197.5 2.5 56.5
      vertex 190 2.46593 56.2412
      vertex 197.5 2.46593 56.2412
    endloop
  endfacet
  facet normal 0 -0.79336 0.608753
    outer loop
      vertex 190 2.20711 55.7929
      vertex 197.5 2.36602 56
      vertex 190 2.36602 56
    endloop
  endfacet
  facet normal 0 -0.79336 0.608753
    outer loop
      vertex 197.5 2.36602 56
      vertex 190 2.20711 55.7929
      vertex 197.5 2.20711 55.7929
    endloop
  endfacet
  facet normal 0 -0.382683 -0.92388
    outer loop
      vertex 190 1.75882 57.4659
      vertex 197.5 2 57.366
      vertex 197.5 1.75882 57.4659
    endloop
  endfacet
  facet normal -0 -0.382683 -0.92388
    outer loop
      vertex 197.5 2 57.366
      vertex 190 1.75882 57.4659
      vertex 190 2 57.366
    endloop
  endfacet
  facet normal 0 -0.991446 -0.13052
    outer loop
      vertex 190 2.5 56.5
      vertex 197.5 2.46593 56.7588
      vertex 190 2.46593 56.7588
    endloop
  endfacet
  facet normal 0 -0.991446 -0.13052
    outer loop
      vertex 197.5 2.46593 56.7588
      vertex 190 2.5 56.5
      vertex 197.5 2.5 56.5
    endloop
  endfacet
  facet normal -0 0.608714 0.79339
    outer loop
      vertex 190 1 55.634
      vertex 197.5 0.792892 55.7929
      vertex 197.5 1 55.634
    endloop
  endfacet
  facet normal 0 0.608714 0.79339
    outer loop
      vertex 197.5 0.792892 55.7929
      vertex 190 1 55.634
      vertex 190 0.792892 55.7929
    endloop
  endfacet
  facet normal -0 0.382683 0.92388
    outer loop
      vertex 190 1.24118 55.5341
      vertex 197.5 1 55.634
      vertex 197.5 1.24118 55.5341
    endloop
  endfacet
  facet normal 0 0.382683 0.92388
    outer loop
      vertex 197.5 1 55.634
      vertex 190 1.24118 55.5341
      vertex 190 1 55.634
    endloop
  endfacet
  facet normal 0 -0.923877 0.382689
    outer loop
      vertex 190 2.36602 56
      vertex 197.5 2.46593 56.2412
      vertex 190 2.46593 56.2412
    endloop
  endfacet
  facet normal 0 -0.923877 0.382689
    outer loop
      vertex 197.5 2.46593 56.2412
      vertex 190 2.36602 56
      vertex 197.5 2.36602 56
    endloop
  endfacet
  facet normal 0 0.130623 -0.991432
    outer loop
      vertex 190 1.24118 57.4659
      vertex 197.5 1.5 57.5
      vertex 197.5 1.24118 57.4659
    endloop
  endfacet
  facet normal 0 0.130623 -0.991432
    outer loop
      vertex 197.5 1.5 57.5
      vertex 190 1.24118 57.4659
      vertex 190 1.5 57.5
    endloop
  endfacet
  facet normal 0 0.608714 -0.79339
    outer loop
      vertex 190 0.792892 57.2071
      vertex 197.5 1 57.366
      vertex 197.5 0.792892 57.2071
    endloop
  endfacet
  facet normal 0 0.608714 -0.79339
    outer loop
      vertex 197.5 1 57.366
      vertex 190 0.792892 57.2071
      vertex 190 1 57.366
    endloop
  endfacet
  facet normal -0 0.130623 0.991432
    outer loop
      vertex 190 1.5 55.5
      vertex 197.5 1.24118 55.5341
      vertex 197.5 1.5 55.5
    endloop
  endfacet
  facet normal 0 0.130623 0.991432
    outer loop
      vertex 197.5 1.24118 55.5341
      vertex 190 1.5 55.5
      vertex 190 1.24118 55.5341
    endloop
  endfacet
  facet normal 0 0.991444 -0.130535
    outer loop
      vertex 197.5 0.5 56.5
      vertex 190 0.534074 56.7588
      vertex 197.5 0.534074 56.7588
    endloop
  endfacet
  facet normal 0 0.991444 -0.130535
    outer loop
      vertex 190 0.534074 56.7588
      vertex 197.5 0.5 56.5
      vertex 190 0.5 56.5
    endloop
  endfacet
  facet normal -1 0 0
    outer loop
      vertex 197.5 2.46593 56.2412
      vertex 197.5 2.46593 56.7588
      vertex 197.5 2.5 56.5
    endloop
  endfacet
  facet normal -1 0 0
    outer loop
      vertex 197.5 2.36602 56
      vertex 197.5 2.46593 56.7588
      vertex 197.5 2.46593 56.2412
    endloop
  endfacet
  facet normal -1 0 0
    outer loop
      vertex 197.5 2.36602 56
      vertex 197.5 2.36602 57
      vertex 197.5 2.46593 56.7588
    endloop
  endfacet
  facet normal -1 0 0
    outer loop
      vertex 197.5 2.20711 55.7929
      vertex 197.5 2.36602 57
      vertex 197.5 2.36602 56
    endloop
  endfacet
  facet normal -1 0 0
    outer loop
      vertex 197.5 2.20711 55.7929
      vertex 197.5 2.20711 57.2071
      vertex 197.5 2.36602 57
    endloop
  endfacet
  facet normal -1 0 0
    outer loop
      vertex 197.5 2 55.634
      vertex 197.5 2.20711 57.2071
      vertex 197.5 2.20711 55.7929
    endloop
  endfacet
  facet normal -1 0 0
    outer loop
      vertex 197.5 2 55.634
      vertex 197.5 2 57.366
      vertex 197.5 2.20711 57.2071
    endloop
  endfacet
  facet normal -1 0 0
    outer loop
      vertex 197.5 1.75882 55.5341
      vertex 197.5 2 57.366
      vertex 197.5 2 55.634
    endloop
  endfacet
  facet normal -1 0 0
    outer loop
      vertex 197.5 1.75882 55.5341
      vertex 197.5 1.75882 57.4659
      vertex 197.5 2 57.366
    endloop
  endfacet
  facet normal -1 0 0
    outer loop
      vertex 197.5 1.5 55.5
      vertex 197.5 1.75882 57.4659
      vertex 197.5 1.75882 55.5341
    endloop
  endfacet
  facet normal -1 0 0
    outer loop
      vertex 197.5 1.5 55.5
      vertex 197.5 1.5 57.5
      vertex 197.5 1.75882 57.4659
    endloop
  endfacet
  facet normal -1 0 0
    outer loop
      vertex 197.5 1.24118 55.5341
      vertex 197.5 1.5 57.5
      vertex 197.5 1.5 55.5
    endloop
  endfacet
  facet normal -1 0 0
    outer loop
      vertex 197.5 1.24118 55.5341
      vertex 197.5 1.24118 57.4659
      vertex 197.5 1.5 57.5
    endloop
  endfacet
  facet normal -1 0 0
    outer loop
      vertex 197.5 1 55.634
      vertex 197.5 1.24118 57.4659
      vertex 197.5 1.24118 55.5341
    endloop
  endfacet
  facet normal -1 0 0
    outer loop
      vertex 197.5 1 55.634
      vertex 197.5 1 57.366
      vertex 197.5 1.24118 57.4659
    endloop
  endfacet
  facet normal -1 0 0
    outer loop
      vertex 197.5 0.792892 55.7929
      vertex 197.5 1 57.366
      vertex 197.5 1 55.634
    endloop
  endfacet
  facet normal -1 0 0
    outer loop
      vertex 197.5 0.792892 55.7929
      vertex 197.5 0.792892 57.2071
      vertex 197.5 1 57.366
    endloop
  endfacet
  facet normal -1 0 0
    outer loop
      vertex 197.5 0.633974 56
      vertex 197.5 0.792892 57.2071
      vertex 197.5 0.792892 55.7929
    endloop
  endfacet
  facet normal -1 0 0
    outer loop
      vertex 197.5 0.633974 56
      vertex 197.5 0.633974 57
      vertex 197.5 0.792892 57.2071
    endloop
  endfacet
  facet normal -1 0 0
    outer loop
      vertex 197.5 0.534074 56.2412
      vertex 197.5 0.633974 57
      vertex 197.5 0.633974 56
    endloop
  endfacet
  facet normal -1 0 0
    outer loop
      vertex 197.5 0.534074 56.2412
      vertex 197.5 0.534074 56.7588
      vertex 197.5 0.633974 57
    endloop
  endfacet
  facet normal -1 0 -0
    outer loop
      vertex 197.5 0.534074 56.7588
      vertex 197.5 0.534074 56.2412
      vertex 197.5 0.5 56.5
    endloop
  endfacet
  facet normal 0 0.382683 -0.92388
    outer loop
      vertex 190 1 57.366
      vertex 197.5 1.24118 57.4659
      vertex 197.5 1 57.366
    endloop
  endfacet
  facet normal 0 0.382683 -0.92388
    outer loop
      vertex 197.5 1.24118 57.4659
      vertex 190 1 57.366
      vertex 190 1.24118 57.4659
    endloop
  endfacet
  facet normal 0 0.793345 0.608772
    outer loop
      vertex 197.5 0.792892 55.7929
      vertex 190 0.633974 56
      vertex 197.5 0.633974 56
    endloop
  endfacet
  facet normal 0 0.793345 0.608772
    outer loop
      vertex 190 0.633974 56
      vertex 197.5 0.792892 55.7929
      vertex 190 0.792892 55.7929
    endloop
  endfacet
  facet normal 0 0.923891 0.382656
    outer loop
      vertex 197.5 0.633974 56
      vertex 190 0.534074 56.2412
      vertex 197.5 0.534074 56.2412
    endloop
  endfacet
  facet normal 0 0.923891 0.382656
    outer loop
      vertex 190 0.534074 56.2412
      vertex 197.5 0.633974 56
      vertex 190 0.633974 56
    endloop
  endfacet
  facet normal 0 0.923891 -0.382656
    outer loop
      vertex 197.5 0.534074 56.7588
      vertex 190 0.633974 57
      vertex 197.5 0.633974 57
    endloop
  endfacet
  facet normal 0 0.923891 -0.382656
    outer loop
      vertex 190 0.633974 57
      vertex 197.5 0.534074 56.7588
      vertex 190 0.534074 56.7588
    endloop
  endfacet
  facet normal 0 0.793345 -0.608772
    outer loop
      vertex 197.5 0.633974 57
      vertex 190 0.792892 57.2071
      vertex 197.5 0.792892 57.2071
    endloop
  endfacet
  facet normal 0 0.793345 -0.608772
    outer loop
      vertex 190 0.792892 57.2071
      vertex 197.5 0.633974 57
      vertex 190 0.633974 57
    endloop
  endfacet
  facet normal 1 -0 0
    outer loop
      vertex 74 14 61
      vertex 74 17 3
      vertex 74 17 61
    endloop
  endfacet
  facet normal 1 0 0
    outer loop
      vertex 74 17 3
      vertex 74 14 61
      vertex 74 14 3
    endloop
  endfacet
  facet normal 0 0 -1
    outer loop
      vertex 102 14 61
      vertex 77.3 15.5 61
      vertex 102 17 61
    endloop
  endfacet
  facet normal 0 0 -1
    outer loop
      vertex 102 14 61
      vertex 77.2761 15.3188 61
      vertex 77.3 15.5 61
    endloop
  endfacet
  facet normal 0 0 -1
    outer loop
      vertex 102 14 61
      vertex 77.2062 15.15 61
      vertex 77.2761 15.3188 61
    endloop
  endfacet
  facet normal 0 0 -1
    outer loop
      vertex 102 14 61
      vertex 77.095 15.005 61
      vertex 77.2062 15.15 61
    endloop
  endfacet
  facet normal 0 0 -1
    outer loop
      vertex 102 14 61
      vertex 76.95 14.8938 61
      vertex 77.095 15.005 61
    endloop
  endfacet
  facet normal 0 0 -1
    outer loop
      vertex 102 14 61
      vertex 76.7812 14.8239 61
      vertex 76.95 14.8938 61
    endloop
  endfacet
  facet normal 0 0 -1
    outer loop
      vertex 74 14 61
      vertex 76.7812 14.8239 61
      vertex 102 14 61
    endloop
  endfacet
  facet normal -0 0 -1
    outer loop
      vertex 75.9239 15.3188 61
      vertex 74 14 61
      vertex 75.9 15.5 61
    endloop
  endfacet
  facet normal -0 0 -1
    outer loop
      vertex 75.9938 15.15 61
      vertex 74 14 61
      vertex 75.9239 15.3188 61
    endloop
  endfacet
  facet normal -0 0 -1
    outer loop
      vertex 76.105 15.005 61
      vertex 74 14 61
      vertex 75.9938 15.15 61
    endloop
  endfacet
  facet normal -0 0 -1
    outer loop
      vertex 76.25 14.8938 61
      vertex 74 14 61
      vertex 76.105 15.005 61
    endloop
  endfacet
  facet normal -0 0 -1
    outer loop
      vertex 76.4188 14.8239 61
      vertex 74 14 61
      vertex 76.25 14.8938 61
    endloop
  endfacet
  facet normal -0 0 -1
    outer loop
      vertex 76.6 14.8 61
      vertex 74 14 61
      vertex 76.4188 14.8239 61
    endloop
  endfacet
  facet normal 0 0 -1
    outer loop
      vertex 76.7812 14.8239 61
      vertex 74 14 61
      vertex 76.6 14.8 61
    endloop
  endfacet
  facet normal 0 0 -1
    outer loop
      vertex 77.2761 15.6812 61
      vertex 102 17 61
      vertex 77.3 15.5 61
    endloop
  endfacet
  facet normal 0 0 -1
    outer loop
      vertex 77.2062 15.85 61
      vertex 102 17 61
      vertex 77.2761 15.6812 61
    endloop
  endfacet
  facet normal 0 0 -1
    outer loop
      vertex 77.095 15.995 61
      vertex 102 17 61
      vertex 77.2062 15.85 61
    endloop
  endfacet
  facet normal 0 0 -1
    outer loop
      vertex 76.95 16.1062 61
      vertex 102 17 61
      vertex 77.095 15.995 61
    endloop
  endfacet
  facet normal 0 0 -1
    outer loop
      vertex 76.7812 16.1761 61
      vertex 102 17 61
      vertex 76.95 16.1062 61
    endloop
  endfacet
  facet normal 0 0 -1
    outer loop
      vertex 74 17 61
      vertex 76.7812 16.1761 61
      vertex 76.6 16.2 61
    endloop
  endfacet
  facet normal 0 0 -1
    outer loop
      vertex 74 17 61
      vertex 75.9 15.5 61
      vertex 74 14 61
    endloop
  endfacet
  facet normal 0 0 -1
    outer loop
      vertex 75.9 15.5 61
      vertex 74 17 61
      vertex 75.9239 15.6812 61
    endloop
  endfacet
  facet normal 0 0 -1
    outer loop
      vertex 75.9239 15.6812 61
      vertex 74 17 61
      vertex 75.9938 15.85 61
    endloop
  endfacet
  facet normal 0 0 -1
    outer loop
      vertex 76.7812 16.1761 61
      vertex 74 17 61
      vertex 102 17 61
    endloop
  endfacet
  facet normal 0 0 -1
    outer loop
      vertex 76.4188 16.1761 61
      vertex 74 17 61
      vertex 76.6 16.2 61
    endloop
  endfacet
  facet normal 0 0 -1
    outer loop
      vertex 76.25 16.1062 61
      vertex 74 17 61
      vertex 76.4188 16.1761 61
    endloop
  endfacet
  facet normal 0 0 -1
    outer loop
      vertex 76.105 15.995 61
      vertex 74 17 61
      vertex 76.25 16.1062 61
    endloop
  endfacet
  facet normal 0 0 -1
    outer loop
      vertex 75.9938 15.85 61
      vertex 74 17 61
      vertex 76.105 15.995 61
    endloop
  endfacet
  facet normal -1 0 0
    outer loop
      vertex 102 14 3
      vertex 102 17 61
      vertex 102 17 3
    endloop
  endfacet
  facet normal -1 -0 0
    outer loop
      vertex 102 17 61
      vertex 102 14 3
      vertex 102 14 61
    endloop
  endfacet
  facet normal 1 -0 0
    outer loop
      vertex 74 115 61
      vertex 74 118 3
      vertex 74 118 61
    endloop
  endfacet
  facet normal 1 0 0
    outer loop
      vertex 74 118 3
      vertex 74 115 61
      vertex 74 115 3
    endloop
  endfacet
  facet normal 0 0 -1
    outer loop
      vertex 102 115 61
      vertex 100.1 116.5 61
      vertex 102 118 61
    endloop
  endfacet
  facet normal 0 0 -1
    outer loop
      vertex 102 115 61
      vertex 100.076 116.319 61
      vertex 100.1 116.5 61
    endloop
  endfacet
  facet normal 0 0 -1
    outer loop
      vertex 102 115 61
      vertex 100.006 116.15 61
      vertex 100.076 116.319 61
    endloop
  endfacet
  facet normal 0 0 -1
    outer loop
      vertex 102 115 61
      vertex 99.895 116.005 61
      vertex 100.006 116.15 61
    endloop
  endfacet
  facet normal 0 0 -1
    outer loop
      vertex 102 115 61
      vertex 99.75 115.894 61
      vertex 99.895 116.005 61
    endloop
  endfacet
  facet normal 0 0 -1
    outer loop
      vertex 102 115 61
      vertex 99.5812 115.824 61
      vertex 99.75 115.894 61
    endloop
  endfacet
  facet normal 0 0 -1
    outer loop
      vertex 102 115 61
      vertex 99.4 115.8 61
      vertex 99.5812 115.824 61
    endloop
  endfacet
  facet normal 0 0 -1
    outer loop
      vertex 102 115 61
      vertex 99.2188 115.824 61
      vertex 99.4 115.8 61
    endloop
  endfacet
  facet normal -0 0 -1
    outer loop
      vertex 98.7239 116.319 61
      vertex 74 115 61
      vertex 98.7 116.5 61
    endloop
  endfacet
  facet normal -0 0 -1
    outer loop
      vertex 98.7938 116.15 61
      vertex 74 115 61
      vertex 98.7239 116.319 61
    endloop
  endfacet
  facet normal -0 0 -1
    outer loop
      vertex 98.905 116.005 61
      vertex 74 115 61
      vertex 98.7938 116.15 61
    endloop
  endfacet
  facet normal -0 0 -1
    outer loop
      vertex 99.05 115.894 61
      vertex 74 115 61
      vertex 98.905 116.005 61
    endloop
  endfacet
  facet normal -0 0 -1
    outer loop
      vertex 99.2188 115.824 61
      vertex 74 115 61
      vertex 99.05 115.894 61
    endloop
  endfacet
  facet normal 0 0 -1
    outer loop
      vertex 74 115 61
      vertex 99.2188 115.824 61
      vertex 102 115 61
    endloop
  endfacet
  facet normal 0 0 -1
    outer loop
      vertex 100.076 116.681 61
      vertex 102 118 61
      vertex 100.1 116.5 61
    endloop
  endfacet
  facet normal 0 0 -1
    outer loop
      vertex 100.006 116.85 61
      vertex 102 118 61
      vertex 100.076 116.681 61
    endloop
  endfacet
  facet normal 0 0 -1
    outer loop
      vertex 99.895 116.995 61
      vertex 102 118 61
      vertex 100.006 116.85 61
    endloop
  endfacet
  facet normal 0 0 -1
    outer loop
      vertex 99.75 117.106 61
      vertex 102 118 61
      vertex 99.895 116.995 61
    endloop
  endfacet
  facet normal 0 0 -1
    outer loop
      vertex 99.5812 117.176 61
      vertex 102 118 61
      vertex 99.75 117.106 61
    endloop
  endfacet
  facet normal 0 0 -1
    outer loop
      vertex 99.4 117.2 61
      vertex 102 118 61
      vertex 99.5812 117.176 61
    endloop
  endfacet
  facet normal 0 0 -1
    outer loop
      vertex 99.2188 117.176 61
      vertex 102 118 61
      vertex 99.4 117.2 61
    endloop
  endfacet
  facet normal 0 0 -1
    outer loop
      vertex 74 118 61
      vertex 98.7 116.5 61
      vertex 74 115 61
    endloop
  endfacet
  facet normal 0 0 -1
    outer loop
      vertex 98.7 116.5 61
      vertex 74 118 61
      vertex 98.7239 116.681 61
    endloop
  endfacet
  facet normal 0 0 -1
    outer loop
      vertex 98.7239 116.681 61
      vertex 74 118 61
      vertex 98.7938 116.85 61
    endloop
  endfacet
  facet normal 0 0 -1
    outer loop
      vertex 98.7938 116.85 61
      vertex 74 118 61
      vertex 98.905 116.995 61
    endloop
  endfacet
  facet normal 0 0 -1
    outer loop
      vertex 98.905 116.995 61
      vertex 74 118 61
      vertex 99.05 117.106 61
    endloop
  endfacet
  facet normal 0 0 -1
    outer loop
      vertex 99.05 117.106 61
      vertex 74 118 61
      vertex 99.2188 117.176 61
    endloop
  endfacet
  facet normal 0 0 -1
    outer loop
      vertex 99.2188 117.176 61
      vertex 74 118 61
      vertex 102 118 61
    endloop
  endfacet
  facet normal -1 0 0
    outer loop
      vertex 102 115 3
      vertex 102 118 61
      vertex 102 118 3
    endloop
  endfacet
  facet normal -1 -0 0
    outer loop
      vertex 102 118 61
      vertex 102 115 3
      vertex 102 115 61
    endloop
  endfacet
  facet normal 0 0 -1
    outer loop
      vertex 68 30 61
      vertex 71 58 61
      vertex 71 30 61
    endloop
  endfacet
  facet normal -0 0 -1
    outer loop
      vertex 71 58 61
      vertex 68 30 61
      vertex 68 58 61
    endloop
  endfacet
  facet normal 0 -1 0
    outer loop
      vertex 68 58 3
      vertex 71 58 61
      vertex 68 58 61
    endloop
  endfacet
  facet normal 0 -1 -0
    outer loop
      vertex 71 58 61
      vertex 68 58 3
      vertex 71 58 3
    endloop
  endfacet
  facet normal 0 1 -0
    outer loop
      vertex 71 30 3
      vertex 68 30 61
      vertex 71 30 61
    endloop
  endfacet
  facet normal 0 1 0
    outer loop
      vertex 68 30 61
      vertex 71 30 3
      vertex 68 30 3
    endloop
  endfacet
  facet normal 1 -0 0
    outer loop
      vertex 20 62 61
      vertex 20 65 3
      vertex 20 65 61
    endloop
  endfacet
  facet normal 1 0 0
    outer loop
      vertex 20 65 3
      vertex 20 62 61
      vertex 20 62 3
    endloop
  endfacet
  facet normal 0 0 -1
    outer loop
      vertex 20 62 61
      vertex 48 65 61
      vertex 48 62 61
    endloop
  endfacet
  facet normal -0 0 -1
    outer loop
      vertex 48 65 61
      vertex 20 62 61
      vertex 20 65 61
    endloop
  endfacet
  facet normal -1 0 0
    outer loop
      vertex 48 62 3
      vertex 48 65 61
      vertex 48 65 3
    endloop
  endfacet
  facet normal -1 -0 0
    outer loop
      vertex 48 65 61
      vertex 48 62 3
      vertex 48 62 61
    endloop
  endfacet
  facet normal 1 -0 0
    outer loop
      vertex 78 62 61
      vertex 78 65 3
      vertex 78 65 61
    endloop
  endfacet
  facet normal 1 0 0
    outer loop
      vertex 78 65 3
      vertex 78 62 61
      vertex 78 62 3
    endloop
  endfacet
  facet normal 0 0 -1
    outer loop
      vertex 78 62 61
      vertex 106 65 61
      vertex 106 62 61
    endloop
  endfacet
  facet normal -0 0 -1
    outer loop
      vertex 106 65 61
      vertex 78 62 61
      vertex 78 65 61
    endloop
  endfacet
  facet normal -1 0 0
    outer loop
      vertex 106 62 3
      vertex 106 65 61
      vertex 106 65 3
    endloop
  endfacet
  facet normal -1 -0 0
    outer loop
      vertex 106 65 61
      vertex 106 62 3
      vertex 106 62 61
    endloop
  endfacet
  facet normal 0 0 -1
    outer loop
      vertex 112 80 61
      vertex 115 108 61
      vertex 115 80 61
    endloop
  endfacet
  facet normal -0 0 -1
    outer loop
      vertex 115 108 61
      vertex 112 80 61
      vertex 112 108 61
    endloop
  endfacet
  facet normal 0 1 -0
    outer loop
      vertex 115 80 3
      vertex 112 80 61
      vertex 115 80 61
    endloop
  endfacet
  facet normal 0 1 0
    outer loop
      vertex 112 80 61
      vertex 115 80 3
      vertex 112 80 3
    endloop
  endfacet
  facet normal 0 -1 0
    outer loop
      vertex 112 108 3
      vertex 115 108 61
      vertex 112 108 61
    endloop
  endfacet
  facet normal 0 -1 -0
    outer loop
      vertex 115 108 61
      vertex 112 108 3
      vertex 115 108 3
    endloop
  endfacet
  facet normal 0 1 -0
    outer loop
      vertex 212 254 0.453053
      vertex 0 254 4
      vertex 212 254 4
    endloop
  endfacet
  facet normal 0 1 0
    outer loop
      vertex 0 254 4
      vertex 212 254 0.453053
      vertex 0 254 0.453053
    endloop
  endfacet
  facet normal -1 0 0
    outer loop
      vertex 0 189 41.4531
      vertex 0 254 4
      vertex 0 254 0.453053
    endloop
  endfacet
  facet normal -1 0 0
    outer loop
      vertex 0 189 41.4531
      vertex 0 189 45
      vertex 0 254 4
    endloop
  endfacet
  facet normal -1 0 0
    outer loop
      vertex 0 124 4
      vertex 0 189 41.4531
      vertex 0 124 0.453053
    endloop
  endfacet
  facet normal -1 -0 0
    outer loop
      vertex 0 189 41.4531
      vertex 0 124 4
      vertex 0 189 45
    endloop
  endfacet
  facet normal -0 0.533503 0.845798
    outer loop
      vertex 0 254 4
      vertex 212 189 45
      vertex 212 254 4
    endloop
  endfacet
  facet normal 0 0.533503 0.845798
    outer loop
      vertex 212 189 45
      vertex 0 254 4
      vertex 0 189 45
    endloop
  endfacet
  facet normal 1 -0 0
    outer loop
      vertex 212 189 41.4531
      vertex 212 254 4
      vertex 212 189 45
    endloop
  endfacet
  facet normal 1 0 0
    outer loop
      vertex 212 254 4
      vertex 212 189 41.4531
      vertex 212 254 0.453053
    endloop
  endfacet
  facet normal 1 0 0
    outer loop
      vertex 212 124 4
      vertex 212 189 41.4531
      vertex 212 189 45
    endloop
  endfacet
  facet normal 1 0 0
    outer loop
      vertex 212 189 41.4531
      vertex 212 124 4
      vertex 212 124 0.453053
    endloop
  endfacet
  facet normal 0 -1 0
    outer loop
      vertex 0 124 0.453053
      vertex 212 124 4
      vertex 0 124 4
    endloop
  endfacet
  facet normal 0 -1 -0
    outer loop
      vertex 212 124 4
      vertex 0 124 0.453053
      vertex 212 124 0.453053
    endloop
  endfacet
  facet normal 0 -0.533503 0.845798
    outer loop
      vertex 0 189 45
      vertex 212 124 4
      vertex 212 189 45
    endloop
  endfacet
  facet normal 0 -0.533503 0.845798
    outer loop
      vertex 212 124 4
      vertex 0 189 45
      vertex 0 124 4
    endloop
  endfacet
  facet normal 3.83862e-07 0.533504 -0.845798
    outer loop
      vertex 212 124 0.453053
      vertex 206 130 4.23767
      vertex 212 189 41.4531
    endloop
  endfacet
  facet normal 0 0.533503 -0.845798
    outer loop
      vertex 212 124 0.453053
      vertex 203 130 4.23767
      vertex 206 130 4.23767
    endloop
  endfacet
  facet normal 0 0.533504 -0.845798
    outer loop
      vertex 203 130 4.23767
      vertex 9 130 4.23767
      vertex 203 189 41.4531
    endloop
  endfacet
  facet normal 0 0.533503 -0.845798
    outer loop
      vertex 212 124 0.453053
      vertex 9 130 4.23767
      vertex 203 130 4.23767
    endloop
  endfacet
  facet normal 0 0.533503 -0.845798
    outer loop
      vertex 0 124 0.453053
      vertex 9 130 4.23767
      vertex 212 124 0.453053
    endloop
  endfacet
  facet normal 0 0.533503 -0.845798
    outer loop
      vertex 9 130 4.23767
      vertex 0 124 0.453053
      vertex 6 130 4.23767
    endloop
  endfacet
  facet normal -3.83862e-07 0.533504 -0.845798
    outer loop
      vertex 0 189 41.4531
      vertex 6 130 4.23767
      vertex 0 124 0.453053
    endloop
  endfacet
  facet normal 0 0.533504 -0.845798
    outer loop
      vertex 6 130 4.23767
      vertex 0 189 41.4531
      vertex 6 189 41.4531
    endloop
  endfacet
  facet normal 0 0.533504 -0.845798
    outer loop
      vertex 212 189 41.4531
      vertex 206 130 4.23767
      vertex 206 189 41.4531
    endloop
  endfacet
  facet normal 0 0.533504 -0.845798
    outer loop
      vertex 203 189 41.4531
      vertex 9 130 4.23767
      vertex 9 189 41.4531
    endloop
  endfacet
  facet normal -0 -0.533504 -0.845798
    outer loop
      vertex 6 189 41.4531
      vertex 0 189 41.4531
      vertex 6 248 4.23767
    endloop
  endfacet
  facet normal -0 -0.533504 -0.845798
    outer loop
      vertex 203 189 41.4531
      vertex 9 189 41.4531
      vertex 203 248 4.23767
    endloop
  endfacet
  facet normal 0 -0.533504 -0.845798
    outer loop
      vertex 206 248 4.23767
      vertex 212 189 41.4531
      vertex 206 189 41.4531
    endloop
  endfacet
  facet normal 3.83862e-07 -0.533504 -0.845798
    outer loop
      vertex 212 189 41.4531
      vertex 206 248 4.23767
      vertex 212 254 0.453053
    endloop
  endfacet
  facet normal 0 -0.533503 -0.845798
    outer loop
      vertex 203 248 4.23767
      vertex 212 254 0.453053
      vertex 206 248 4.23767
    endloop
  endfacet
  facet normal 0 -0.533504 -0.845798
    outer loop
      vertex 9 248 4.23767
      vertex 203 248 4.23767
      vertex 9 189 41.4531
    endloop
  endfacet
  facet normal -0 -0.533503 -0.845798
    outer loop
      vertex 203 248 4.23767
      vertex 9 248 4.23767
      vertex 212 254 0.453053
    endloop
  endfacet
  facet normal 0 -0.533503 -0.845798
    outer loop
      vertex 0 254 0.453053
      vertex 9 248 4.23767
      vertex 6 248 4.23767
    endloop
  endfacet
  facet normal 0 -0.533503 -0.845798
    outer loop
      vertex 9 248 4.23767
      vertex 0 254 0.453053
      vertex 212 254 0.453053
    endloop
  endfacet
  facet normal -3.83862e-07 -0.533504 -0.845798
    outer loop
      vertex 0 254 0.453053
      vertex 6 248 4.23767
      vertex 0 189 41.4531
    endloop
  endfacet
  facet normal 0 0 -1
    outer loop
      vertex 29.3579 131.06 0
      vertex 14 138 0
      vertex 29.3 131.5 0
    endloop
  endfacet
  facet normal 0 0 -1
    outer loop
      vertex 29.5278 130.65 0
      vertex 14 138 0
      vertex 29.3579 131.06 0
    endloop
  endfacet
  facet normal 0 0 -1
    outer loop
      vertex 6 130 0
      vertex 29.5278 130.65 0
      vertex 29.7979 130.298 0
    endloop
  endfacet
  facet normal 0 0 -1
    outer loop
      vertex 6 130 0
      vertex 29.7979 130.298 0
      vertex 30.15 130.028 0
    endloop
  endfacet
  facet normal -0 0 -1
    outer loop
      vertex 14 138 0
      vertex 6 130 0
      vertex 14 240 0
    endloop
  endfacet
  facet normal -0 0 -1
    outer loop
      vertex 29.5278 130.65 0
      vertex 6 130 0
      vertex 14 138 0
    endloop
  endfacet
  facet normal 0 0 -1
    outer loop
      vertex 6 130 0
      vertex 30.15 130.028 0
      vertex 30.217 130 0
    endloop
  endfacet
  facet normal 0 0 -1
    outer loop
      vertex 118.358 131.06 0
      vertex 32.7 131.5 0
      vertex 118.3 131.5 0
    endloop
  endfacet
  facet normal 0 0 -1
    outer loop
      vertex 32.6421 131.06 0
      vertex 118.358 131.06 0
      vertex 118.528 130.65 0
    endloop
  endfacet
  facet normal 0 0 -1
    outer loop
      vertex 32.4722 130.65 0
      vertex 118.528 130.65 0
      vertex 118.798 130.298 0
    endloop
  endfacet
  facet normal 0 0 -1
    outer loop
      vertex 32.2021 130.298 0
      vertex 118.798 130.298 0
      vertex 119.15 130.028 0
    endloop
  endfacet
  facet normal 0 0 -1
    outer loop
      vertex 31.85 130.028 0
      vertex 119.15 130.028 0
      vertex 119.217 130 0
    endloop
  endfacet
  facet normal 0 0 -1
    outer loop
      vertex 118.358 131.06 0
      vertex 32.6421 131.06 0
      vertex 32.7 131.5 0
    endloop
  endfacet
  facet normal 0 0 -1
    outer loop
      vertex 118.528 130.65 0
      vertex 32.4722 130.65 0
      vertex 32.6421 131.06 0
    endloop
  endfacet
  facet normal 0 0 -1
    outer loop
      vertex 118.798 130.298 0
      vertex 32.2021 130.298 0
      vertex 32.4722 130.65 0
    endloop
  endfacet
  facet normal 0 0 -1
    outer loop
      vertex 119.15 130.028 0
      vertex 31.85 130.028 0
      vertex 32.2021 130.298 0
    endloop
  endfacet
  facet normal 0 -0 -1
    outer loop
      vertex 31.85 130.028 0
      vertex 119.217 130 0
      vertex 31.783 130 0
    endloop
  endfacet
  facet normal 0 0 -1
    outer loop
      vertex 198 240 0
      vertex 182.642 246.06 0
      vertex 182.7 246.5 0
    endloop
  endfacet
  facet normal 0 0 -1
    outer loop
      vertex 198 240 0
      vertex 182.472 245.65 0
      vertex 182.642 246.06 0
    endloop
  endfacet
  facet normal 0 0 -1
    outer loop
      vertex 198 240 0
      vertex 182.202 245.298 0
      vertex 182.472 245.65 0
    endloop
  endfacet
  facet normal 0 0 -1
    outer loop
      vertex 198 240 0
      vertex 181.85 245.028 0
      vertex 182.202 245.298 0
    endloop
  endfacet
  facet normal 0 0 -1
    outer loop
      vertex 198 240 0
      vertex 181.44 244.858 0
      vertex 181.85 245.028 0
    endloop
  endfacet
  facet normal 0 0 -1
    outer loop
      vertex 198 240 0
      vertex 181 244.8 0
      vertex 181.44 244.858 0
    endloop
  endfacet
  facet normal 0 0 -1
    outer loop
      vertex 198 240 0
      vertex 180.56 244.858 0
      vertex 181 244.8 0
    endloop
  endfacet
  facet normal 0 0 -1
    outer loop
      vertex 179.358 246.06 0
      vertex 32.7 246.5 0
      vertex 179.3 246.5 0
    endloop
  endfacet
  facet normal 0 0 -1
    outer loop
      vertex 32.6421 246.06 0
      vertex 179.358 246.06 0
      vertex 179.528 245.65 0
    endloop
  endfacet
  facet normal 0 0 -1
    outer loop
      vertex 32.4722 245.65 0
      vertex 179.528 245.65 0
      vertex 179.798 245.298 0
    endloop
  endfacet
  facet normal 0 0 -1
    outer loop
      vertex 32.2021 245.298 0
      vertex 179.798 245.298 0
      vertex 180.15 245.028 0
    endloop
  endfacet
  facet normal 0 0 -1
    outer loop
      vertex 31.85 245.028 0
      vertex 180.15 245.028 0
      vertex 180.56 244.858 0
    endloop
  endfacet
  facet normal 0 0 -1
    outer loop
      vertex 31.44 244.858 0
      vertex 180.56 244.858 0
      vertex 198 240 0
    endloop
  endfacet
  facet normal 0 0 -1
    outer loop
      vertex 179.358 246.06 0
      vertex 32.6421 246.06 0
      vertex 32.7 246.5 0
    endloop
  endfacet
  facet normal 0 0 -1
    outer loop
      vertex 179.528 245.65 0
      vertex 32.4722 245.65 0
      vertex 32.6421 246.06 0
    endloop
  endfacet
  facet normal 0 0 -1
    outer loop
      vertex 179.798 245.298 0
      vertex 32.2021 245.298 0
      vertex 32.4722 245.65 0
    endloop
  endfacet
  facet normal 0 0 -1
    outer loop
      vertex 180.15 245.028 0
      vertex 31.85 245.028 0
      vertex 32.2021 245.298 0
    endloop
  endfacet
  facet normal 0 0 -1
    outer loop
      vertex 180.56 244.858 0
      vertex 31.44 244.858 0
      vertex 31.85 245.028 0
    endloop
  endfacet
  facet normal 0 0 -1
    outer loop
      vertex 14 240 0
      vertex 31.44 244.858 0
      vertex 198 240 0
    endloop
  endfacet
  facet normal -0 0 -1
    outer loop
      vertex 29.3579 246.06 0
      vertex 14 240 0
      vertex 29.3 246.5 0
    endloop
  endfacet
  facet normal -0 0 -1
    outer loop
      vertex 29.5278 245.65 0
      vertex 14 240 0
      vertex 29.3579 246.06 0
    endloop
  endfacet
  facet normal -0 0 -1
    outer loop
      vertex 29.7979 245.298 0
      vertex 14 240 0
      vertex 29.5278 245.65 0
    endloop
  endfacet
  facet normal -0 0 -1
    outer loop
      vertex 30.15 245.028 0
      vertex 14 240 0
      vertex 29.7979 245.298 0
    endloop
  endfacet
  facet normal -0 0 -1
    outer loop
      vertex 30.56 244.858 0
      vertex 14 240 0
      vertex 30.15 245.028 0
    endloop
  endfacet
  facet normal -0 0 -1
    outer loop
      vertex 31 244.8 0
      vertex 14 240 0
      vertex 30.56 244.858 0
    endloop
  endfacet
  facet normal 0 0 -1
    outer loop
      vertex 31.44 244.858 0
      vertex 14 240 0
      vertex 31 244.8 0
    endloop
  endfacet
  facet normal 0 0 -1
    outer loop
      vertex 206 130 0
      vertex 198 138 0
      vertex 206 248 0
    endloop
  endfacet
  facet normal 0 0 -1
    outer loop
      vertex 121.202 130.298 0
      vertex 198 138 0
      vertex 206 130 0
    endloop
  endfacet
  facet normal 0 0 -1
    outer loop
      vertex 198 138 0
      vertex 121.642 131.06 0
      vertex 121.7 131.5 0
    endloop
  endfacet
  facet normal 0 0 -1
    outer loop
      vertex 198 138 0
      vertex 121.472 130.65 0
      vertex 121.642 131.06 0
    endloop
  endfacet
  facet normal 0 0 -1
    outer loop
      vertex 198 138 0
      vertex 121.202 130.298 0
      vertex 121.472 130.65 0
    endloop
  endfacet
  facet normal 0 0 -1
    outer loop
      vertex 206 130 0
      vertex 120.85 130.028 0
      vertex 121.202 130.298 0
    endloop
  endfacet
  facet normal 0 -0 -1
    outer loop
      vertex 120.85 130.028 0
      vertex 206 130 0
      vertex 120.783 130 0
    endloop
  endfacet
  facet normal 0 0 -1
    outer loop
      vertex 198 240 0
      vertex 206 248 0
      vertex 198 138 0
    endloop
  endfacet
  facet normal 0 0 -1
    outer loop
      vertex 182.642 246.94 0
      vertex 198 240 0
      vertex 182.7 246.5 0
    endloop
  endfacet
  facet normal 0 0 -1
    outer loop
      vertex 198 240 0
      vertex 182.642 246.94 0
      vertex 206 248 0
    endloop
  endfacet
  facet normal 0 0 -1
    outer loop
      vertex 182.472 247.35 0
      vertex 206 248 0
      vertex 182.642 246.94 0
    endloop
  endfacet
  facet normal 0 0 -1
    outer loop
      vertex 182.202 247.702 0
      vertex 206 248 0
      vertex 182.472 247.35 0
    endloop
  endfacet
  facet normal 0 0 -1
    outer loop
      vertex 181.85 247.972 0
      vertex 206 248 0
      vertex 182.202 247.702 0
    endloop
  endfacet
  facet normal -0 0 -1
    outer loop
      vertex 206 248 0
      vertex 181.85 247.972 0
      vertex 181.783 248 0
    endloop
  endfacet
  facet normal 0 0 -1
    outer loop
      vertex 32.7 246.5 0
      vertex 179.358 246.94 0
      vertex 179.3 246.5 0
    endloop
  endfacet
  facet normal 0 0 -1
    outer loop
      vertex 32.6421 246.94 0
      vertex 179.358 246.94 0
      vertex 32.7 246.5 0
    endloop
  endfacet
  facet normal 0 0 -1
    outer loop
      vertex 179.358 246.94 0
      vertex 32.6421 246.94 0
      vertex 179.528 247.35 0
    endloop
  endfacet
  facet normal 0 0 -1
    outer loop
      vertex 32.4722 247.35 0
      vertex 179.528 247.35 0
      vertex 32.6421 246.94 0
    endloop
  endfacet
  facet normal 0 0 -1
    outer loop
      vertex 179.528 247.35 0
      vertex 32.4722 247.35 0
      vertex 179.798 247.702 0
    endloop
  endfacet
  facet normal 0 0 -1
    outer loop
      vertex 32.2021 247.702 0
      vertex 179.798 247.702 0
      vertex 32.4722 247.35 0
    endloop
  endfacet
  facet normal 0 0 -1
    outer loop
      vertex 179.798 247.702 0
      vertex 32.2021 247.702 0
      vertex 180.15 247.972 0
    endloop
  endfacet
  facet normal 0 0 -1
    outer loop
      vertex 31.85 247.972 0
      vertex 180.15 247.972 0
      vertex 32.2021 247.702 0
    endloop
  endfacet
  facet normal 0 0 -1
    outer loop
      vertex 180.15 247.972 0
      vertex 31.85 247.972 0
      vertex 180.217 248 0
    endloop
  endfacet
  facet normal -0 0 -1
    outer loop
      vertex 180.217 248 0
      vertex 31.85 247.972 0
      vertex 31.783 248 0
    endloop
  endfacet
  facet normal 0 0 -1
    outer loop
      vertex 121.642 131.94 0
      vertex 198 138 0
      vertex 121.7 131.5 0
    endloop
  endfacet
  facet normal 0 0 -1
    outer loop
      vertex 121.472 132.35 0
      vertex 198 138 0
      vertex 121.642 131.94 0
    endloop
  endfacet
  facet normal 0 0 -1
    outer loop
      vertex 121.202 132.702 0
      vertex 198 138 0
      vertex 121.472 132.35 0
    endloop
  endfacet
  facet normal 0 0 -1
    outer loop
      vertex 120.85 132.972 0
      vertex 198 138 0
      vertex 121.202 132.702 0
    endloop
  endfacet
  facet normal 0 0 -1
    outer loop
      vertex 120.44 133.142 0
      vertex 198 138 0
      vertex 120.85 132.972 0
    endloop
  endfacet
  facet normal 0 0 -1
    outer loop
      vertex 120 133.2 0
      vertex 198 138 0
      vertex 120.44 133.142 0
    endloop
  endfacet
  facet normal 0 0 -1
    outer loop
      vertex 32.7 131.5 0
      vertex 118.358 131.94 0
      vertex 118.3 131.5 0
    endloop
  endfacet
  facet normal 0 0 -1
    outer loop
      vertex 32.6421 131.94 0
      vertex 118.358 131.94 0
      vertex 32.7 131.5 0
    endloop
  endfacet
  facet normal 0 0 -1
    outer loop
      vertex 118.358 131.94 0
      vertex 32.6421 131.94 0
      vertex 118.528 132.35 0
    endloop
  endfacet
  facet normal 0 0 -1
    outer loop
      vertex 32.4722 132.35 0
      vertex 118.528 132.35 0
      vertex 32.6421 131.94 0
    endloop
  endfacet
  facet normal 0 0 -1
    outer loop
      vertex 118.528 132.35 0
      vertex 32.4722 132.35 0
      vertex 118.798 132.702 0
    endloop
  endfacet
  facet normal 0 0 -1
    outer loop
      vertex 32.2021 132.702 0
      vertex 118.798 132.702 0
      vertex 32.4722 132.35 0
    endloop
  endfacet
  facet normal 0 0 -1
    outer loop
      vertex 118.798 132.702 0
      vertex 32.2021 132.702 0
      vertex 119.15 132.972 0
    endloop
  endfacet
  facet normal 0 0 -1
    outer loop
      vertex 31.85 132.972 0
      vertex 119.15 132.972 0
      vertex 32.2021 132.702 0
    endloop
  endfacet
  facet normal 0 0 -1
    outer loop
      vertex 119.15 132.972 0
      vertex 31.85 132.972 0
      vertex 119.56 133.142 0
    endloop
  endfacet
  facet normal 0 0 -1
    outer loop
      vertex 31.44 133.142 0
      vertex 119.56 133.142 0
      vertex 31.85 132.972 0
    endloop
  endfacet
  facet normal 0 0 -1
    outer loop
      vertex 14 138 0
      vertex 119.56 133.142 0
      vertex 31.44 133.142 0
    endloop
  endfacet
  facet normal 0 0 -1
    outer loop
      vertex 119.56 133.142 0
      vertex 14 138 0
      vertex 120 133.2 0
    endloop
  endfacet
  facet normal 0 0 -1
    outer loop
      vertex 14 138 0
      vertex 31.44 133.142 0
      vertex 31 133.2 0
    endloop
  endfacet
  facet normal 0 0 -1
    outer loop
      vertex 120 133.2 0
      vertex 14 138 0
      vertex 198 138 0
    endloop
  endfacet
  facet normal 0 0 -1
    outer loop
      vertex 30.56 133.142 0
      vertex 14 138 0
      vertex 31 133.2 0
    endloop
  endfacet
  facet normal 0 0 -1
    outer loop
      vertex 30.15 132.972 0
      vertex 14 138 0
      vertex 30.56 133.142 0
    endloop
  endfacet
  facet normal 0 0 -1
    outer loop
      vertex 29.7979 132.702 0
      vertex 14 138 0
      vertex 30.15 132.972 0
    endloop
  endfacet
  facet normal 0 0 -1
    outer loop
      vertex 29.5278 132.35 0
      vertex 14 138 0
      vertex 29.7979 132.702 0
    endloop
  endfacet
  facet normal 0 0 -1
    outer loop
      vertex 29.3579 131.94 0
      vertex 14 138 0
      vertex 29.5278 132.35 0
    endloop
  endfacet
  facet normal 0 0 -1
    outer loop
      vertex 14 138 0
      vertex 29.3579 131.94 0
      vertex 29.3 131.5 0
    endloop
  endfacet
  facet normal 0 0 -1
    outer loop
      vertex 14 240 0
      vertex 29.3579 246.94 0
      vertex 29.3 246.5 0
    endloop
  endfacet
  facet normal 0 0 -1
    outer loop
      vertex 14 240 0
      vertex 29.5278 247.35 0
      vertex 29.3579 246.94 0
    endloop
  endfacet
  facet normal 0 0 -1
    outer loop
      vertex 6 248 0
      vertex 29.5278 247.35 0
      vertex 14 240 0
    endloop
  endfacet
  facet normal 0 0 -1
    outer loop
      vertex 29.5278 247.35 0
      vertex 6 248 0
      vertex 29.7979 247.702 0
    endloop
  endfacet
  facet normal 0 0 -1
    outer loop
      vertex 30.15 247.972 0
      vertex 6 248 0
      vertex 30.217 248 0
    endloop
  endfacet
  facet normal 0 0 -1
    outer loop
      vertex 29.7979 247.702 0
      vertex 6 248 0
      vertex 30.15 247.972 0
    endloop
  endfacet
  facet normal 0 0 -1
    outer loop
      vertex 6 248 0
      vertex 14 240 0
      vertex 6 130 0
    endloop
  endfacet
  facet normal -1 0 0
    outer loop
      vertex 6 195.062 21.25
      vertex 6 248 4.23767
      vertex 6 248 0
    endloop
  endfacet
  facet normal -1 0 0
    outer loop
      vertex 6 248 4.23767
      vertex 6 195.761 22.9383
      vertex 6 196 24.75
    endloop
  endfacet
  facet normal -1 0 0
    outer loop
      vertex 6 248 4.23767
      vertex 6 195.062 21.25
      vertex 6 195.761 22.9383
    endloop
  endfacet
  facet normal -1 0 0
    outer loop
      vertex 6 248 0
      vertex 6 193.95 19.8003
      vertex 6 195.062 21.25
    endloop
  endfacet
  facet normal -1 0 0
    outer loop
      vertex 6 248 0
      vertex 6 192.5 18.6878
      vertex 6 193.95 19.8003
    endloop
  endfacet
  facet normal -1 0 0
    outer loop
      vertex 6 248 0
      vertex 6 190.812 17.9885
      vertex 6 192.5 18.6878
    endloop
  endfacet
  facet normal -1 0 0
    outer loop
      vertex 6 248 0
      vertex 6 189 17.75
      vertex 6 190.812 17.9885
    endloop
  endfacet
  facet normal -1 0 0
    outer loop
      vertex 6 130 0
      vertex 6 189 17.75
      vertex 6 248 0
    endloop
  endfacet
  facet normal -1 -0 0
    outer loop
      vertex 6 182.938 21.25
      vertex 6 130 4.23767
      vertex 6 182.239 22.9383
    endloop
  endfacet
  facet normal -1 0 0
    outer loop
      vertex 6 130 4.23767
      vertex 6 182.938 21.25
      vertex 6 130 0
    endloop
  endfacet
  facet normal -1 -0 0
    outer loop
      vertex 6 184.05 19.8003
      vertex 6 130 0
      vertex 6 182.938 21.25
    endloop
  endfacet
  facet normal -1 -0 0
    outer loop
      vertex 6 185.5 18.6878
      vertex 6 130 0
      vertex 6 184.05 19.8003
    endloop
  endfacet
  facet normal -1 -0 0
    outer loop
      vertex 6 187.188 17.9885
      vertex 6 130 0
      vertex 6 185.5 18.6878
    endloop
  endfacet
  facet normal -1 -0 0
    outer loop
      vertex 6 189 17.75
      vertex 6 130 0
      vertex 6 187.188 17.9885
    endloop
  endfacet
  facet normal -1 0 0
    outer loop
      vertex 6 195.761 26.5617
      vertex 6 248 4.23767
      vertex 6 196 24.75
    endloop
  endfacet
  facet normal -1 0 0
    outer loop
      vertex 6 195.062 28.25
      vertex 6 248 4.23767
      vertex 6 195.761 26.5617
    endloop
  endfacet
  facet normal -1 0 0
    outer loop
      vertex 6 189 41.4531
      vertex 6 195.062 28.25
      vertex 6 193.95 29.6997
    endloop
  endfacet
  facet normal -1 0 0
    outer loop
      vertex 6 189 41.4531
      vertex 6 193.95 29.6997
      vertex 6 192.5 30.8122
    endloop
  endfacet
  facet normal -1 0 0
    outer loop
      vertex 6 195.062 28.25
      vertex 6 189 41.4531
      vertex 6 248 4.23767
    endloop
  endfacet
  facet normal -1 0 0
    outer loop
      vertex 6 190.812 31.5115
      vertex 6 189 41.4531
      vertex 6 192.5 30.8122
    endloop
  endfacet
  facet normal -1 0 0
    outer loop
      vertex 6 189 31.75
      vertex 6 189 41.4531
      vertex 6 190.812 31.5115
    endloop
  endfacet
  facet normal -1 0 0
    outer loop
      vertex 6 187.188 31.5115
      vertex 6 189 41.4531
      vertex 6 189 31.75
    endloop
  endfacet
  facet normal -1 0 0
    outer loop
      vertex 6 185.5 30.8122
      vertex 6 189 41.4531
      vertex 6 187.188 31.5115
    endloop
  endfacet
  facet normal -1 0 0
    outer loop
      vertex 6 184.05 29.6997
      vertex 6 189 41.4531
      vertex 6 185.5 30.8122
    endloop
  endfacet
  facet normal -1 0 0
    outer loop
      vertex 6 182.938 28.25
      vertex 6 189 41.4531
      vertex 6 184.05 29.6997
    endloop
  endfacet
  facet normal -1 -0 0
    outer loop
      vertex 6 182.239 22.9383
      vertex 6 130 4.23767
      vertex 6 182 24.75
    endloop
  endfacet
  facet normal -1 -0 0
    outer loop
      vertex 6 182 24.75
      vertex 6 130 4.23767
      vertex 6 182.239 26.5617
    endloop
  endfacet
  facet normal -1 -0 0
    outer loop
      vertex 6 182.239 26.5617
      vertex 6 130 4.23767
      vertex 6 182.938 28.25
    endloop
  endfacet
  facet normal -1 -0 0
    outer loop
      vertex 6 182.938 28.25
      vertex 6 130 4.23767
      vertex 6 189 41.4531
    endloop
  endfacet
  facet normal 1 -0 0
    outer loop
      vertex 9 195.761 22.9383
      vertex 9 248 4.23767
      vertex 9 196 24.75
    endloop
  endfacet
  facet normal 1 0 0
    outer loop
      vertex 9 248 4.23767
      vertex 9 195.761 26.5617
      vertex 9 196 24.75
    endloop
  endfacet
  facet normal 1 0 0
    outer loop
      vertex 9 248 4.23767
      vertex 9 195.062 28.25
      vertex 9 195.761 26.5617
    endloop
  endfacet
  facet normal 1 0 0
    outer loop
      vertex 9 189 41.4531
      vertex 9 195.062 28.25
      vertex 9 248 4.23767
    endloop
  endfacet
  facet normal 1 0 0
    outer loop
      vertex 9 195.062 28.25
      vertex 9 189 41.4531
      vertex 9 193.95 29.6997
    endloop
  endfacet
  facet normal 1 0 0
    outer loop
      vertex 9 193.95 29.6997
      vertex 9 189 41.4531
      vertex 9 192.5 30.8122
    endloop
  endfacet
  facet normal 1 0 0
    outer loop
      vertex 9 189 41.4531
      vertex 9 190.812 31.5115
      vertex 9 192.5 30.8122
    endloop
  endfacet
  facet normal 1 0 0
    outer loop
      vertex 9 189 41.4531
      vertex 9 189 31.75
      vertex 9 190.812 31.5115
    endloop
  endfacet
  facet normal 1 0 0
    outer loop
      vertex 9 189 41.4531
      vertex 9 187.188 31.5115
      vertex 9 189 31.75
    endloop
  endfacet
  facet normal 1 0 0
    outer loop
      vertex 9 189 41.4531
      vertex 9 185.5 30.8122
      vertex 9 187.188 31.5115
    endloop
  endfacet
  facet normal 1 0 0
    outer loop
      vertex 9 189 41.4531
      vertex 9 184.05 29.6997
      vertex 9 185.5 30.8122
    endloop
  endfacet
  facet normal 1 0 0
    outer loop
      vertex 9 189 41.4531
      vertex 9 182.938 28.25
      vertex 9 184.05 29.6997
    endloop
  endfacet
  facet normal 1 0 0
    outer loop
      vertex 9 182.239 26.5617
      vertex 9 130 4.23767
      vertex 9 182 24.75
    endloop
  endfacet
  facet normal 1 0 0
    outer loop
      vertex 9 182.938 28.25
      vertex 9 130 4.23767
      vertex 9 182.239 26.5617
    endloop
  endfacet
  facet normal 1 0 0
    outer loop
      vertex 9 130 4.23767
      vertex 9 182.938 28.25
      vertex 9 189 41.4531
    endloop
  endfacet
  facet normal 1 -0 0
    outer loop
      vertex 9 195.062 21.25
      vertex 9 248 4.23767
      vertex 9 195.761 22.9383
    endloop
  endfacet
  facet normal 1 0 0
    outer loop
      vertex 9 248 4.23767
      vertex 9 195.062 21.25
      vertex 9 248 4
    endloop
  endfacet
  facet normal 1 -0 0
    outer loop
      vertex 9 193.95 19.8003
      vertex 9 248 4
      vertex 9 195.062 21.25
    endloop
  endfacet
  facet normal 1 -0 0
    outer loop
      vertex 9 192.5 18.6878
      vertex 9 248 4
      vertex 9 193.95 19.8003
    endloop
  endfacet
  facet normal 1 -0 0
    outer loop
      vertex 9 190.812 17.9885
      vertex 9 248 4
      vertex 9 192.5 18.6878
    endloop
  endfacet
  facet normal 1 -0 0
    outer loop
      vertex 9 189 17.75
      vertex 9 248 4
      vertex 9 190.812 17.9885
    endloop
  endfacet
  facet normal 1 0 0
    outer loop
      vertex 9 130 4
      vertex 9 189 17.75
      vertex 9 187.188 17.9885
    endloop
  endfacet
  facet normal 1 0 0
    outer loop
      vertex 9 130 4.23767
      vertex 9 182.239 22.9383
      vertex 9 182 24.75
    endloop
  endfacet
  facet normal 1 0 0
    outer loop
      vertex 9 130 4.23767
      vertex 9 182.938 21.25
      vertex 9 182.239 22.9383
    endloop
  endfacet
  facet normal 1 0 0
    outer loop
      vertex 9 130 4
      vertex 9 182.938 21.25
      vertex 9 130 4.23767
    endloop
  endfacet
  facet normal 1 0 0
    outer loop
      vertex 9 182.938 21.25
      vertex 9 130 4
      vertex 9 184.05 19.8003
    endloop
  endfacet
  facet normal 1 0 0
    outer loop
      vertex 9 184.05 19.8003
      vertex 9 130 4
      vertex 9 185.5 18.6878
    endloop
  endfacet
  facet normal 1 0 0
    outer loop
      vertex 9 185.5 18.6878
      vertex 9 130 4
      vertex 9 187.188 17.9885
    endloop
  endfacet
  facet normal 1 0 0
    outer loop
      vertex 9 189 17.75
      vertex 9 130 4
      vertex 9 248 4
    endloop
  endfacet
  facet normal 0 -1 0
    outer loop
      vertex 31.783 130 0
      vertex 119.217 130 3.5
      vertex 31.783 130 3.5
    endloop
  endfacet
  facet normal 0 -1 -0
    outer loop
      vertex 119.217 130 3.5
      vertex 31.783 130 0
      vertex 119.217 130 0
    endloop
  endfacet
  facet normal 0 -1 0
    outer loop
      vertex 6 130 4.23767
      vertex 9 130 4
      vertex 9 130 4.23767
    endloop
  endfacet
  facet normal 0 -1 0
    outer loop
      vertex 31.783 130 3.5
      vertex 9 130 4
      vertex 30.217 130 3.5
    endloop
  endfacet
  facet normal 0 -1 0
    outer loop
      vertex 6 130 0
      vertex 9 130 4
      vertex 6 130 4.23767
    endloop
  endfacet
  facet normal 0 -1 0
    outer loop
      vertex 30.217 130 0
      vertex 9 130 4
      vertex 6 130 0
    endloop
  endfacet
  facet normal 0 -1 0
    outer loop
      vertex 9 130 4
      vertex 30.217 130 0
      vertex 30.217 130 3.5
    endloop
  endfacet
  facet normal 0 -1 0
    outer loop
      vertex 203 130 4
      vertex 206 130 4.23767
      vertex 203 130 4.23767
    endloop
  endfacet
  facet normal 0 -1 0
    outer loop
      vertex 119.217 130 3.5
      vertex 9 130 4
      vertex 31.783 130 3.5
    endloop
  endfacet
  facet normal 0 -1 0
    outer loop
      vertex 9 130 4
      vertex 119.217 130 3.5
      vertex 203 130 4
    endloop
  endfacet
  facet normal 0 -1 0
    outer loop
      vertex 120.783 130 3.5
      vertex 203 130 4
      vertex 119.217 130 3.5
    endloop
  endfacet
  facet normal 0 -1 0
    outer loop
      vertex 120.783 130 0
      vertex 203 130 4
      vertex 120.783 130 3.5
    endloop
  endfacet
  facet normal 0 -1 0
    outer loop
      vertex 203 130 4
      vertex 206 130 0
      vertex 206 130 4.23767
    endloop
  endfacet
  facet normal 0 -1 0
    outer loop
      vertex 206 130 0
      vertex 203 130 4
      vertex 120.783 130 0
    endloop
  endfacet
  facet normal 0 1 -0
    outer loop
      vertex 180.217 248 0
      vertex 31.783 248 3.5
      vertex 180.217 248 3.5
    endloop
  endfacet
  facet normal 0 1 0
    outer loop
      vertex 31.783 248 3.5
      vertex 180.217 248 0
      vertex 31.783 248 0
    endloop
  endfacet
  facet normal 0 1 0
    outer loop
      vertex 206 248 4.23767
      vertex 203 248 4
      vertex 203 248 4.23767
    endloop
  endfacet
  facet normal 0 1 0
    outer loop
      vertex 180.217 248 3.5
      vertex 203 248 4
      vertex 181.783 248 3.5
    endloop
  endfacet
  facet normal 0 1 -0
    outer loop
      vertex 206 248 0
      vertex 203 248 4
      vertex 206 248 4.23767
    endloop
  endfacet
  facet normal 0 1 0
    outer loop
      vertex 181.783 248 0
      vertex 203 248 4
      vertex 206 248 0
    endloop
  endfacet
  facet normal 0 1 0
    outer loop
      vertex 203 248 4
      vertex 181.783 248 0
      vertex 181.783 248 3.5
    endloop
  endfacet
  facet normal 0 1 -0
    outer loop
      vertex 9 248 4
      vertex 6 248 4.23767
      vertex 9 248 4.23767
    endloop
  endfacet
  facet normal 0 1 0
    outer loop
      vertex 203 248 4
      vertex 180.217 248 3.5
      vertex 9 248 4
    endloop
  endfacet
  facet normal 0 1 -0
    outer loop
      vertex 31.783 248 3.5
      vertex 9 248 4
      vertex 180.217 248 3.5
    endloop
  endfacet
  facet normal 0 1 -0
    outer loop
      vertex 30.217 248 3.5
      vertex 9 248 4
      vertex 31.783 248 3.5
    endloop
  endfacet
  facet normal 0 1 -0
    outer loop
      vertex 30.217 248 0
      vertex 9 248 4
      vertex 30.217 248 3.5
    endloop
  endfacet
  facet normal 0 1 0
    outer loop
      vertex 6 248 0
      vertex 9 248 4
      vertex 30.217 248 0
    endloop
  endfacet
  facet normal 0 1 0
    outer loop
      vertex 9 248 4
      vertex 6 248 0
      vertex 6 248 4.23767
    endloop
  endfacet
  facet normal -1 0 0
    outer loop
      vertex 203 195.062 21.25
      vertex 203 248 4.23767
      vertex 203 248 4
    endloop
  endfacet
  facet normal -1 0 0
    outer loop
      vertex 203 248 4.23767
      vertex 203 195.761 22.9383
      vertex 203 196 24.75
    endloop
  endfacet
  facet normal -1 0 0
    outer loop
      vertex 203 248 4.23767
      vertex 203 195.062 21.25
      vertex 203 195.761 22.9383
    endloop
  endfacet
  facet normal -1 0 0
    outer loop
      vertex 203 248 4
      vertex 203 193.95 19.8003
      vertex 203 195.062 21.25
    endloop
  endfacet
  facet normal -1 0 0
    outer loop
      vertex 203 248 4
      vertex 203 192.5 18.6878
      vertex 203 193.95 19.8003
    endloop
  endfacet
  facet normal -1 0 0
    outer loop
      vertex 203 248 4
      vertex 203 190.812 17.9885
      vertex 203 192.5 18.6878
    endloop
  endfacet
  facet normal -1 0 0
    outer loop
      vertex 203 248 4
      vertex 203 189 17.75
      vertex 203 190.812 17.9885
    endloop
  endfacet
  facet normal -1 0 0
    outer loop
      vertex 203 130 4
      vertex 203 189 17.75
      vertex 203 248 4
    endloop
  endfacet
  facet normal -1 -0 0
    outer loop
      vertex 203 182.938 21.25
      vertex 203 130 4.23767
      vertex 203 182.239 22.9383
    endloop
  endfacet
  facet normal -1 0 0
    outer loop
      vertex 203 130 4.23767
      vertex 203 182.938 21.25
      vertex 203 130 4
    endloop
  endfacet
  facet normal -1 -0 0
    outer loop
      vertex 203 184.05 19.8003
      vertex 203 130 4
      vertex 203 182.938 21.25
    endloop
  endfacet
  facet normal -1 -0 0
    outer loop
      vertex 203 185.5 18.6878
      vertex 203 130 4
      vertex 203 184.05 19.8003
    endloop
  endfacet
  facet normal -1 -0 0
    outer loop
      vertex 203 187.188 17.9885
      vertex 203 130 4
      vertex 203 185.5 18.6878
    endloop
  endfacet
  facet normal -1 -0 0
    outer loop
      vertex 203 189 17.75
      vertex 203 130 4
      vertex 203 187.188 17.9885
    endloop
  endfacet
  facet normal -1 0 0
    outer loop
      vertex 203 195.761 26.5617
      vertex 203 248 4.23767
      vertex 203 196 24.75
    endloop
  endfacet
  facet normal -1 0 0
    outer loop
      vertex 203 195.062 28.25
      vertex 203 248 4.23767
      vertex 203 195.761 26.5617
    endloop
  endfacet
  facet normal -1 0 0
    outer loop
      vertex 203 189 41.4531
      vertex 203 195.062 28.25
      vertex 203 193.95 29.6997
    endloop
  endfacet
  facet normal -1 0 0
    outer loop
      vertex 203 189 41.4531
      vertex 203 193.95 29.6997
      vertex 203 192.5 30.8122
    endloop
  endfacet
  facet normal -1 0 0
    outer loop
      vertex 203 195.062 28.25
      vertex 203 189 41.4531
      vertex 203 248 4.23767
    endloop
  endfacet
  facet normal -1 0 0
    outer loop
      vertex 203 190.812 31.5115
      vertex 203 189 41.4531
      vertex 203 192.5 30.8122
    endloop
  endfacet
  facet normal -1 0 0
    outer loop
      vertex 203 189 31.75
      vertex 203 189 41.4531
      vertex 203 190.812 31.5115
    endloop
  endfacet
  facet normal -1 0 0
    outer loop
      vertex 203 187.188 31.5115
      vertex 203 189 41.4531
      vertex 203 189 31.75
    endloop
  endfacet
  facet normal -1 0 0
    outer loop
      vertex 203 185.5 30.8122
      vertex 203 189 41.4531
      vertex 203 187.188 31.5115
    endloop
  endfacet
  facet normal -1 0 0
    outer loop
      vertex 203 184.05 29.6997
      vertex 203 189 41.4531
      vertex 203 185.5 30.8122
    endloop
  endfacet
  facet normal -1 0 0
    outer loop
      vertex 203 182.938 28.25
      vertex 203 189 41.4531
      vertex 203 184.05 29.6997
    endloop
  endfacet
  facet normal -1 -0 0
    outer loop
      vertex 203 182.239 22.9383
      vertex 203 130 4.23767
      vertex 203 182 24.75
    endloop
  endfacet
  facet normal -1 -0 0
    outer loop
      vertex 203 182 24.75
      vertex 203 130 4.23767
      vertex 203 182.239 26.5617
    endloop
  endfacet
  facet normal -1 -0 0
    outer loop
      vertex 203 182.239 26.5617
      vertex 203 130 4.23767
      vertex 203 182.938 28.25
    endloop
  endfacet
  facet normal -1 -0 0
    outer loop
      vertex 203 182.938 28.25
      vertex 203 130 4.23767
      vertex 203 189 41.4531
    endloop
  endfacet
  facet normal 1 -0 0
    outer loop
      vertex 206 195.761 22.9383
      vertex 206 248 4.23767
      vertex 206 196 24.75
    endloop
  endfacet
  facet normal 1 0 0
    outer loop
      vertex 206 248 4.23767
      vertex 206 195.761 26.5617
      vertex 206 196 24.75
    endloop
  endfacet
  facet normal 1 0 0
    outer loop
      vertex 206 248 4.23767
      vertex 206 195.062 28.25
      vertex 206 195.761 26.5617
    endloop
  endfacet
  facet normal 1 0 0
    outer loop
      vertex 206 189 41.4531
      vertex 206 195.062 28.25
      vertex 206 248 4.23767
    endloop
  endfacet
  facet normal 1 0 0
    outer loop
      vertex 206 195.062 28.25
      vertex 206 189 41.4531
      vertex 206 193.95 29.6997
    endloop
  endfacet
  facet normal 1 0 0
    outer loop
      vertex 206 193.95 29.6997
      vertex 206 189 41.4531
      vertex 206 192.5 30.8122
    endloop
  endfacet
  facet normal 1 0 0
    outer loop
      vertex 206 189 41.4531
      vertex 206 190.812 31.5115
      vertex 206 192.5 30.8122
    endloop
  endfacet
  facet normal 1 0 0
    outer loop
      vertex 206 189 41.4531
      vertex 206 189 31.75
      vertex 206 190.812 31.5115
    endloop
  endfacet
  facet normal 1 0 0
    outer loop
      vertex 206 189 41.4531
      vertex 206 187.188 31.5115
      vertex 206 189 31.75
    endloop
  endfacet
  facet normal 1 0 0
    outer loop
      vertex 206 189 41.4531
      vertex 206 185.5 30.8122
      vertex 206 187.188 31.5115
    endloop
  endfacet
  facet normal 1 0 0
    outer loop
      vertex 206 189 41.4531
      vertex 206 184.05 29.6997
      vertex 206 185.5 30.8122
    endloop
  endfacet
  facet normal 1 0 0
    outer loop
      vertex 206 189 41.4531
      vertex 206 182.938 28.25
      vertex 206 184.05 29.6997
    endloop
  endfacet
  facet normal 1 0 0
    outer loop
      vertex 206 182.239 26.5617
      vertex 206 130 4.23767
      vertex 206 182 24.75
    endloop
  endfacet
  facet normal 1 0 0
    outer loop
      vertex 206 182.938 28.25
      vertex 206 130 4.23767
      vertex 206 182.239 26.5617
    endloop
  endfacet
  facet normal 1 0 0
    outer loop
      vertex 206 130 4.23767
      vertex 206 182.938 28.25
      vertex 206 189 41.4531
    endloop
  endfacet
  facet normal 1 -0 0
    outer loop
      vertex 206 195.062 21.25
      vertex 206 248 4.23767
      vertex 206 195.761 22.9383
    endloop
  endfacet
  facet normal 1 0 0
    outer loop
      vertex 206 248 4.23767
      vertex 206 195.062 21.25
      vertex 206 248 0
    endloop
  endfacet
  facet normal 1 -0 0
    outer loop
      vertex 206 193.95 19.8003
      vertex 206 248 0
      vertex 206 195.062 21.25
    endloop
  endfacet
  facet normal 1 -0 0
    outer loop
      vertex 206 192.5 18.6878
      vertex 206 248 0
      vertex 206 193.95 19.8003
    endloop
  endfacet
  facet normal 1 -0 0
    outer loop
      vertex 206 190.812 17.9885
      vertex 206 248 0
      vertex 206 192.5 18.6878
    endloop
  endfacet
  facet normal 1 -0 0
    outer loop
      vertex 206 189 17.75
      vertex 206 248 0
      vertex 206 190.812 17.9885
    endloop
  endfacet
  facet normal 1 0 0
    outer loop
      vertex 206 130 0
      vertex 206 189 17.75
      vertex 206 187.188 17.9885
    endloop
  endfacet
  facet normal 1 0 0
    outer loop
      vertex 206 130 4.23767
      vertex 206 182.239 22.9383
      vertex 206 182 24.75
    endloop
  endfacet
  facet normal 1 0 0
    outer loop
      vertex 206 130 4.23767
      vertex 206 182.938 21.25
      vertex 206 182.239 22.9383
    endloop
  endfacet
  facet normal 1 0 0
    outer loop
      vertex 206 130 4.23767
      vertex 206 184.05 19.8003
      vertex 206 182.938 21.25
    endloop
  endfacet
  facet normal 1 0 0
    outer loop
      vertex 206 130 0
      vertex 206 184.05 19.8003
      vertex 206 130 4.23767
    endloop
  endfacet
  facet normal 1 0 0
    outer loop
      vertex 206 184.05 19.8003
      vertex 206 130 0
      vertex 206 185.5 18.6878
    endloop
  endfacet
  facet normal 1 0 0
    outer loop
      vertex 206 185.5 18.6878
      vertex 206 130 0
      vertex 206 187.188 17.9885
    endloop
  endfacet
  facet normal 1 0 0
    outer loop
      vertex 206 189 17.75
      vertex 206 130 0
      vertex 206 248 0
    endloop
  endfacet
  facet normal 0 0 1
    outer loop
      vertex 203 248 4
      vertex 198 240 4
      vertex 203 130 4
    endloop
  endfacet
  facet normal 0 0 1
    outer loop
      vertex 203 248 4
      vertex 14 240 4
      vertex 198 240 4
    endloop
  endfacet
  facet normal 0 0 1
    outer loop
      vertex 14 240 4
      vertex 9 248 4
      vertex 14 138 4
    endloop
  endfacet
  facet normal -0 0 1
    outer loop
      vertex 9 248 4
      vertex 14 240 4
      vertex 203 248 4
    endloop
  endfacet
  facet normal -0 0 1
    outer loop
      vertex 198 138 4
      vertex 203 130 4
      vertex 198 240 4
    endloop
  endfacet
  facet normal -0 0 1
    outer loop
      vertex 14 138 4
      vertex 203 130 4
      vertex 198 138 4
    endloop
  endfacet
  facet normal 0 0 1
    outer loop
      vertex 14 138 4
      vertex 9 130 4
      vertex 203 130 4
    endloop
  endfacet
  facet normal 0 0 1
    outer loop
      vertex 9 130 4
      vertex 14 138 4
      vertex 9 248 4
    endloop
  endfacet
  facet normal 1 -0 0
    outer loop
      vertex 14 138 4
      vertex 14 240 0
      vertex 14 240 4
    endloop
  endfacet
  facet normal 1 0 0
    outer loop
      vertex 14 240 0
      vertex 14 138 4
      vertex 14 138 0
    endloop
  endfacet
  facet normal 0 -1 0
    outer loop
      vertex 14 240 0
      vertex 198 240 4
      vertex 14 240 4
    endloop
  endfacet
  facet normal 0 -1 -0
    outer loop
      vertex 198 240 4
      vertex 14 240 0
      vertex 198 240 0
    endloop
  endfacet
  facet normal -1 0 0
    outer loop
      vertex 198 138 0
      vertex 198 240 4
      vertex 198 240 0
    endloop
  endfacet
  facet normal -1 -0 0
    outer loop
      vertex 198 240 4
      vertex 198 138 0
      vertex 198 138 4
    endloop
  endfacet
  facet normal 0 1 -0
    outer loop
      vertex 198 138 0
      vertex 14 138 4
      vertex 198 138 4
    endloop
  endfacet
  facet normal 0 1 0
    outer loop
      vertex 14 138 4
      vertex 198 138 0
      vertex 14 138 0
    endloop
  endfacet
  facet normal -0.991453 -0.130466 0
    outer loop
      vertex 32.7 131.5 0
      vertex 32.6421 131.94 3.5
      vertex 32.6421 131.94 0
    endloop
  endfacet
  facet normal -0.991453 -0.130466 0
    outer loop
      vertex 32.6421 131.94 3.5
      vertex 32.7 131.5 0
      vertex 32.7 131.5 3.5
    endloop
  endfacet
  facet normal 0.130688 -0.991424 0
    outer loop
      vertex 30.56 133.142 0
      vertex 31 133.2 3.5
      vertex 30.56 133.142 3.5
    endloop
  endfacet
  facet normal 0.130688 -0.991424 0
    outer loop
      vertex 31 133.2 3.5
      vertex 30.56 133.142 0
      vertex 31 133.2 0
    endloop
  endfacet
  facet normal -0.385593 0.922669 0
    outer loop
      vertex 31.85 130.028 0
      vertex 31.783 130 3.5
      vertex 31.85 130.028 3.5
    endloop
  endfacet
  facet normal -0.385593 0.922669 0
    outer loop
      vertex 31.783 130 3.5
      vertex 31.85 130.028 0
      vertex 31.783 130 0
    endloop
  endfacet
  facet normal -0.608512 -0.793545 0
    outer loop
      vertex 31.85 132.972 0
      vertex 32.2021 132.702 3.5
      vertex 31.85 132.972 3.5
    endloop
  endfacet
  facet normal -0.608512 -0.793545 -0
    outer loop
      vertex 32.2021 132.702 3.5
      vertex 31.85 132.972 0
      vertex 32.2021 132.702 0
    endloop
  endfacet
  facet normal -0.383015 -0.923742 0
    outer loop
      vertex 31.44 133.142 0
      vertex 31.85 132.972 3.5
      vertex 31.44 133.142 3.5
    endloop
  endfacet
  facet normal -0.383015 -0.923742 -0
    outer loop
      vertex 31.85 132.972 3.5
      vertex 31.44 133.142 0
      vertex 31.85 132.972 0
    endloop
  endfacet
  facet normal 0.793352 -0.608763 0
    outer loop
      vertex 29.5278 132.35 3.5
      vertex 29.7979 132.702 0
      vertex 29.7979 132.702 3.5
    endloop
  endfacet
  facet normal 0.793352 -0.608763 0
    outer loop
      vertex 29.7979 132.702 0
      vertex 29.5278 132.35 3.5
      vertex 29.5278 132.35 0
    endloop
  endfacet
  facet normal 0.923822 -0.382823 0
    outer loop
      vertex 29.3579 131.94 3.5
      vertex 29.5278 132.35 0
      vertex 29.5278 132.35 3.5
    endloop
  endfacet
  facet normal 0.923822 -0.382823 0
    outer loop
      vertex 29.5278 132.35 0
      vertex 29.3579 131.94 3.5
      vertex 29.3579 131.94 0
    endloop
  endfacet
  facet normal 0.608512 -0.793545 0
    outer loop
      vertex 29.7979 132.702 0
      vertex 30.15 132.972 3.5
      vertex 29.7979 132.702 3.5
    endloop
  endfacet
  facet normal 0.608512 -0.793545 0
    outer loop
      vertex 30.15 132.972 3.5
      vertex 29.7979 132.702 0
      vertex 30.15 132.972 0
    endloop
  endfacet
  facet normal -0.923822 0.382823 0
    outer loop
      vertex 32.4722 130.65 0
      vertex 32.6421 131.06 3.5
      vertex 32.6421 131.06 0
    endloop
  endfacet
  facet normal -0.923822 0.382823 0
    outer loop
      vertex 32.6421 131.06 3.5
      vertex 32.4722 130.65 0
      vertex 32.4722 130.65 3.5
    endloop
  endfacet
  facet normal -0.793352 -0.608763 0
    outer loop
      vertex 32.4722 132.35 0
      vertex 32.2021 132.702 3.5
      vertex 32.2021 132.702 0
    endloop
  endfacet
  facet normal -0.793352 -0.608763 0
    outer loop
      vertex 32.2021 132.702 3.5
      vertex 32.4722 132.35 0
      vertex 32.4722 132.35 3.5
    endloop
  endfacet
  facet normal -0.923822 -0.382823 0
    outer loop
      vertex 32.6421 131.94 0
      vertex 32.4722 132.35 3.5
      vertex 32.4722 132.35 0
    endloop
  endfacet
  facet normal -0.923822 -0.382823 0
    outer loop
      vertex 32.4722 132.35 3.5
      vertex 32.6421 131.94 0
      vertex 32.6421 131.94 3.5
    endloop
  endfacet
  facet normal -0.130688 -0.991424 0
    outer loop
      vertex 31 133.2 0
      vertex 31.44 133.142 3.5
      vertex 31 133.2 3.5
    endloop
  endfacet
  facet normal -0.130688 -0.991424 -0
    outer loop
      vertex 31.44 133.142 3.5
      vertex 31 133.2 0
      vertex 31.44 133.142 0
    endloop
  endfacet
  facet normal 0.991453 -0.130466 0
    outer loop
      vertex 29.3 131.5 3.5
      vertex 29.3579 131.94 0
      vertex 29.3579 131.94 3.5
    endloop
  endfacet
  facet normal 0.991453 -0.130466 0
    outer loop
      vertex 29.3579 131.94 0
      vertex 29.3 131.5 3.5
      vertex 29.3 131.5 0
    endloop
  endfacet
  facet normal 0 0 -1
    outer loop
      vertex 32.6421 131.06 3.5
      vertex 32.6421 131.94 3.5
      vertex 32.7 131.5 3.5
    endloop
  endfacet
  facet normal 0 0 -1
    outer loop
      vertex 32.4722 130.65 3.5
      vertex 32.6421 131.94 3.5
      vertex 32.6421 131.06 3.5
    endloop
  endfacet
  facet normal 0 0 -1
    outer loop
      vertex 32.4722 130.65 3.5
      vertex 32.4722 132.35 3.5
      vertex 32.6421 131.94 3.5
    endloop
  endfacet
  facet normal 0 0 -1
    outer loop
      vertex 31.783 130 3.5
      vertex 32.4722 130.65 3.5
      vertex 32.2021 130.298 3.5
    endloop
  endfacet
  facet normal -0 0 -1
    outer loop
      vertex 32.4722 130.65 3.5
      vertex 31.783 130 3.5
      vertex 32.4722 132.35 3.5
    endloop
  endfacet
  facet normal 0 0 -1
    outer loop
      vertex 31.783 130 3.5
      vertex 32.2021 130.298 3.5
      vertex 31.85 130.028 3.5
    endloop
  endfacet
  facet normal -0 0 -1
    outer loop
      vertex 32.4722 132.35 3.5
      vertex 31.783 130 3.5
      vertex 32.2021 132.702 3.5
    endloop
  endfacet
  facet normal -0 0 -1
    outer loop
      vertex 32.2021 132.702 3.5
      vertex 31.783 130 3.5
      vertex 31.85 132.972 3.5
    endloop
  endfacet
  facet normal 0 0 -1
    outer loop
      vertex 31.783 130 3.5
      vertex 31.44 133.142 3.5
      vertex 31.85 132.972 3.5
    endloop
  endfacet
  facet normal 0 0 -1
    outer loop
      vertex 31.783 130 3.5
      vertex 31 133.2 3.5
      vertex 31.44 133.142 3.5
    endloop
  endfacet
  facet normal 0 0 -1
    outer loop
      vertex 31.783 130 3.5
      vertex 30.56 133.142 3.5
      vertex 31 133.2 3.5
    endloop
  endfacet
  facet normal 0 0 -1
    outer loop
      vertex 30.217 130 3.5
      vertex 30.56 133.142 3.5
      vertex 31.783 130 3.5
    endloop
  endfacet
  facet normal 0 0 -1
    outer loop
      vertex 29.7979 130.298 3.5
      vertex 30.217 130 3.5
      vertex 30.15 130.028 3.5
    endloop
  endfacet
  facet normal 0 0 -1
    outer loop
      vertex 30.217 130 3.5
      vertex 30.15 132.972 3.5
      vertex 30.56 133.142 3.5
    endloop
  endfacet
  facet normal 0 0 -1
    outer loop
      vertex 29.5278 130.65 3.5
      vertex 30.217 130 3.5
      vertex 29.7979 130.298 3.5
    endloop
  endfacet
  facet normal 0 0 -1
    outer loop
      vertex 30.217 130 3.5
      vertex 29.7979 132.702 3.5
      vertex 30.15 132.972 3.5
    endloop
  endfacet
  facet normal 0 0 -1
    outer loop
      vertex 30.217 130 3.5
      vertex 29.5278 130.65 3.5
      vertex 29.7979 132.702 3.5
    endloop
  endfacet
  facet normal 0 0 -1
    outer loop
      vertex 29.5278 130.65 3.5
      vertex 29.5278 132.35 3.5
      vertex 29.7979 132.702 3.5
    endloop
  endfacet
  facet normal 0 0 -1
    outer loop
      vertex 29.3579 131.06 3.5
      vertex 29.5278 132.35 3.5
      vertex 29.5278 130.65 3.5
    endloop
  endfacet
  facet normal 0 0 -1
    outer loop
      vertex 29.3579 131.06 3.5
      vertex 29.3579 131.94 3.5
      vertex 29.5278 132.35 3.5
    endloop
  endfacet
  facet normal 0 -0 -1
    outer loop
      vertex 29.3579 131.94 3.5
      vertex 29.3579 131.06 3.5
      vertex 29.3 131.5 3.5
    endloop
  endfacet
  facet normal 0.383015 -0.923742 0
    outer loop
      vertex 30.15 132.972 0
      vertex 30.56 133.142 3.5
      vertex 30.15 132.972 3.5
    endloop
  endfacet
  facet normal 0.383015 -0.923742 0
    outer loop
      vertex 30.56 133.142 3.5
      vertex 30.15 132.972 0
      vertex 30.56 133.142 0
    endloop
  endfacet
  facet normal -0.991453 0.130466 0
    outer loop
      vertex 32.6421 131.06 0
      vertex 32.7 131.5 3.5
      vertex 32.7 131.5 0
    endloop
  endfacet
  facet normal -0.991453 0.130466 0
    outer loop
      vertex 32.7 131.5 3.5
      vertex 32.6421 131.06 0
      vertex 32.6421 131.06 3.5
    endloop
  endfacet
  facet normal 0.991453 0.130466 0
    outer loop
      vertex 29.3579 131.06 3.5
      vertex 29.3 131.5 0
      vertex 29.3 131.5 3.5
    endloop
  endfacet
  facet normal 0.991453 0.130466 0
    outer loop
      vertex 29.3 131.5 0
      vertex 29.3579 131.06 3.5
      vertex 29.3579 131.06 0
    endloop
  endfacet
  facet normal -0.608512 0.793545 0
    outer loop
      vertex 32.2021 130.298 0
      vertex 31.85 130.028 3.5
      vertex 32.2021 130.298 3.5
    endloop
  endfacet
  facet normal -0.608512 0.793545 0
    outer loop
      vertex 31.85 130.028 3.5
      vertex 32.2021 130.298 0
      vertex 31.85 130.028 0
    endloop
  endfacet
  facet normal -0.793352 0.608763 0
    outer loop
      vertex 32.2021 130.298 0
      vertex 32.4722 130.65 3.5
      vertex 32.4722 130.65 0
    endloop
  endfacet
  facet normal -0.793352 0.608763 0
    outer loop
      vertex 32.4722 130.65 3.5
      vertex 32.2021 130.298 0
      vertex 32.2021 130.298 3.5
    endloop
  endfacet
  facet normal 0.385593 0.922669 -0
    outer loop
      vertex 30.217 130 0
      vertex 30.15 130.028 3.5
      vertex 30.217 130 3.5
    endloop
  endfacet
  facet normal 0.385593 0.922669 0
    outer loop
      vertex 30.15 130.028 3.5
      vertex 30.217 130 0
      vertex 30.15 130.028 0
    endloop
  endfacet
  facet normal 0.608512 0.793545 -0
    outer loop
      vertex 30.15 130.028 0
      vertex 29.7979 130.298 3.5
      vertex 30.15 130.028 3.5
    endloop
  endfacet
  facet normal 0.608512 0.793545 0
    outer loop
      vertex 29.7979 130.298 3.5
      vertex 30.15 130.028 0
      vertex 29.7979 130.298 0
    endloop
  endfacet
  facet normal 0.793352 0.608763 0
    outer loop
      vertex 29.7979 130.298 3.5
      vertex 29.5278 130.65 0
      vertex 29.5278 130.65 3.5
    endloop
  endfacet
  facet normal 0.793352 0.608763 0
    outer loop
      vertex 29.5278 130.65 0
      vertex 29.7979 130.298 3.5
      vertex 29.7979 130.298 0
    endloop
  endfacet
  facet normal 0.923822 0.382823 0
    outer loop
      vertex 29.5278 130.65 3.5
      vertex 29.3579 131.06 0
      vertex 29.3579 131.06 3.5
    endloop
  endfacet
  facet normal 0.923822 0.382823 0
    outer loop
      vertex 29.3579 131.06 0
      vertex 29.5278 130.65 3.5
      vertex 29.5278 130.65 0
    endloop
  endfacet
  facet normal -0.991424 -0.130688 0
    outer loop
      vertex 121.7 131.5 0
      vertex 121.642 131.94 3.5
      vertex 121.642 131.94 0
    endloop
  endfacet
  facet normal -0.991424 -0.130688 0
    outer loop
      vertex 121.642 131.94 3.5
      vertex 121.7 131.5 0
      vertex 121.7 131.5 3.5
    endloop
  endfacet
  facet normal 0.130688 -0.991424 0
    outer loop
      vertex 119.56 133.142 0
      vertex 120 133.2 3.5
      vertex 119.56 133.142 3.5
    endloop
  endfacet
  facet normal 0.130688 -0.991424 0
    outer loop
      vertex 120 133.2 3.5
      vertex 119.56 133.142 0
      vertex 120 133.2 0
    endloop
  endfacet
  facet normal -0.385593 0.922669 0
    outer loop
      vertex 120.85 130.028 0
      vertex 120.783 130 3.5
      vertex 120.85 130.028 3.5
    endloop
  endfacet
  facet normal -0.385593 0.922669 0
    outer loop
      vertex 120.783 130 3.5
      vertex 120.85 130.028 0
      vertex 120.783 130 0
    endloop
  endfacet
  facet normal -0.608621 -0.793461 0
    outer loop
      vertex 120.85 132.972 0
      vertex 121.202 132.702 3.5
      vertex 120.85 132.972 3.5
    endloop
  endfacet
  facet normal -0.608621 -0.793461 -0
    outer loop
      vertex 121.202 132.702 3.5
      vertex 120.85 132.972 0
      vertex 121.202 132.702 0
    endloop
  endfacet
  facet normal -0.383015 -0.923742 0
    outer loop
      vertex 120.44 133.142 0
      vertex 120.85 132.972 3.5
      vertex 120.44 133.142 3.5
    endloop
  endfacet
  facet normal -0.383015 -0.923742 -0
    outer loop
      vertex 120.85 132.972 3.5
      vertex 120.44 133.142 0
      vertex 120.85 132.972 0
    endloop
  endfacet
  facet normal 0.793461 -0.608621 0
    outer loop
      vertex 118.528 132.35 3.5
      vertex 118.798 132.702 0
      vertex 118.798 132.702 3.5
    endloop
  endfacet
  facet normal 0.793461 -0.608621 0
    outer loop
      vertex 118.798 132.702 0
      vertex 118.528 132.35 3.5
      vertex 118.528 132.35 0
    endloop
  endfacet
  facet normal 0.923742 -0.383015 0
    outer loop
      vertex 118.358 131.94 3.5
      vertex 118.528 132.35 0
      vertex 118.528 132.35 3.5
    endloop
  endfacet
  facet normal 0.923742 -0.383015 0
    outer loop
      vertex 118.528 132.35 0
      vertex 118.358 131.94 3.5
      vertex 118.358 131.94 0
    endloop
  endfacet
  facet normal 0.608621 -0.793461 0
    outer loop
      vertex 118.798 132.702 0
      vertex 119.15 132.972 3.5
      vertex 118.798 132.702 3.5
    endloop
  endfacet
  facet normal 0.608621 -0.793461 0
    outer loop
      vertex 119.15 132.972 3.5
      vertex 118.798 132.702 0
      vertex 119.15 132.972 0
    endloop
  endfacet
  facet normal -0.923742 0.383015 0
    outer loop
      vertex 121.472 130.65 0
      vertex 121.642 131.06 3.5
      vertex 121.642 131.06 0
    endloop
  endfacet
  facet normal -0.923742 0.383015 0
    outer loop
      vertex 121.642 131.06 3.5
      vertex 121.472 130.65 0
      vertex 121.472 130.65 3.5
    endloop
  endfacet
  facet normal -0.793461 -0.608621 0
    outer loop
      vertex 121.472 132.35 0
      vertex 121.202 132.702 3.5
      vertex 121.202 132.702 0
    endloop
  endfacet
  facet normal -0.793461 -0.608621 0
    outer loop
      vertex 121.202 132.702 3.5
      vertex 121.472 132.35 0
      vertex 121.472 132.35 3.5
    endloop
  endfacet
  facet normal -0.923742 -0.383015 0
    outer loop
      vertex 121.642 131.94 0
      vertex 121.472 132.35 3.5
      vertex 121.472 132.35 0
    endloop
  endfacet
  facet normal -0.923742 -0.383015 0
    outer loop
      vertex 121.472 132.35 3.5
      vertex 121.642 131.94 0
      vertex 121.642 131.94 3.5
    endloop
  endfacet
  facet normal -0.130688 -0.991424 0
    outer loop
      vertex 120 133.2 0
      vertex 120.44 133.142 3.5
      vertex 120 133.2 3.5
    endloop
  endfacet
  facet normal -0.130688 -0.991424 -0
    outer loop
      vertex 120.44 133.142 3.5
      vertex 120 133.2 0
      vertex 120.44 133.142 0
    endloop
  endfacet
  facet normal 0.991424 -0.130688 0
    outer loop
      vertex 118.3 131.5 3.5
      vertex 118.358 131.94 0
      vertex 118.358 131.94 3.5
    endloop
  endfacet
  facet normal 0.991424 -0.130688 0
    outer loop
      vertex 118.358 131.94 0
      vertex 118.3 131.5 3.5
      vertex 118.3 131.5 0
    endloop
  endfacet
  facet normal 0 0 -1
    outer loop
      vertex 121.642 131.06 3.5
      vertex 121.642 131.94 3.5
      vertex 121.7 131.5 3.5
    endloop
  endfacet
  facet normal 0 0 -1
    outer loop
      vertex 121.472 130.65 3.5
      vertex 121.642 131.94 3.5
      vertex 121.642 131.06 3.5
    endloop
  endfacet
  facet normal 0 0 -1
    outer loop
      vertex 121.472 130.65 3.5
      vertex 121.472 132.35 3.5
      vertex 121.642 131.94 3.5
    endloop
  endfacet
  facet normal 0 0 -1
    outer loop
      vertex 120.783 130 3.5
      vertex 121.472 130.65 3.5
      vertex 121.202 130.298 3.5
    endloop
  endfacet
  facet normal -0 0 -1
    outer loop
      vertex 121.472 130.65 3.5
      vertex 120.783 130 3.5
      vertex 121.472 132.35 3.5
    endloop
  endfacet
  facet normal 0 0 -1
    outer loop
      vertex 120.783 130 3.5
      vertex 121.202 130.298 3.5
      vertex 120.85 130.028 3.5
    endloop
  endfacet
  facet normal -0 0 -1
    outer loop
      vertex 121.472 132.35 3.5
      vertex 120.783 130 3.5
      vertex 121.202 132.702 3.5
    endloop
  endfacet
  facet normal -0 0 -1
    outer loop
      vertex 121.202 132.702 3.5
      vertex 120.783 130 3.5
      vertex 120.85 132.972 3.5
    endloop
  endfacet
  facet normal 0 0 -1
    outer loop
      vertex 120.783 130 3.5
      vertex 120.44 133.142 3.5
      vertex 120.85 132.972 3.5
    endloop
  endfacet
  facet normal 0 0 -1
    outer loop
      vertex 120.783 130 3.5
      vertex 120 133.2 3.5
      vertex 120.44 133.142 3.5
    endloop
  endfacet
  facet normal 0 0 -1
    outer loop
      vertex 120.783 130 3.5
      vertex 119.56 133.142 3.5
      vertex 120 133.2 3.5
    endloop
  endfacet
  facet normal 0 0 -1
    outer loop
      vertex 119.217 130 3.5
      vertex 119.56 133.142 3.5
      vertex 120.783 130 3.5
    endloop
  endfacet
  facet normal 0 0 -1
    outer loop
      vertex 118.798 130.298 3.5
      vertex 119.217 130 3.5
      vertex 119.15 130.028 3.5
    endloop
  endfacet
  facet normal 0 0 -1
    outer loop
      vertex 119.217 130 3.5
      vertex 119.15 132.972 3.5
      vertex 119.56 133.142 3.5
    endloop
  endfacet
  facet normal 0 0 -1
    outer loop
      vertex 118.528 130.65 3.5
      vertex 119.217 130 3.5
      vertex 118.798 130.298 3.5
    endloop
  endfacet
  facet normal 0 0 -1
    outer loop
      vertex 119.217 130 3.5
      vertex 118.798 132.702 3.5
      vertex 119.15 132.972 3.5
    endloop
  endfacet
  facet normal 0 0 -1
    outer loop
      vertex 119.217 130 3.5
      vertex 118.528 130.65 3.5
      vertex 118.798 132.702 3.5
    endloop
  endfacet
  facet normal 0 0 -1
    outer loop
      vertex 118.528 130.65 3.5
      vertex 118.528 132.35 3.5
      vertex 118.798 132.702 3.5
    endloop
  endfacet
  facet normal 0 0 -1
    outer loop
      vertex 118.358 131.06 3.5
      vertex 118.528 132.35 3.5
      vertex 118.528 130.65 3.5
    endloop
  endfacet
  facet normal 0 0 -1
    outer loop
      vertex 118.358 131.06 3.5
      vertex 118.358 131.94 3.5
      vertex 118.528 132.35 3.5
    endloop
  endfacet
  facet normal 0 -0 -1
    outer loop
      vertex 118.358 131.94 3.5
      vertex 118.358 131.06 3.5
      vertex 118.3 131.5 3.5
    endloop
  endfacet
  facet normal 0.383015 -0.923742 0
    outer loop
      vertex 119.15 132.972 0
      vertex 119.56 133.142 3.5
      vertex 119.15 132.972 3.5
    endloop
  endfacet
  facet normal 0.383015 -0.923742 0
    outer loop
      vertex 119.56 133.142 3.5
      vertex 119.15 132.972 0
      vertex 119.56 133.142 0
    endloop
  endfacet
  facet normal -0.991424 0.130688 0
    outer loop
      vertex 121.642 131.06 0
      vertex 121.7 131.5 3.5
      vertex 121.7 131.5 0
    endloop
  endfacet
  facet normal -0.991424 0.130688 0
    outer loop
      vertex 121.7 131.5 3.5
      vertex 121.642 131.06 0
      vertex 121.642 131.06 3.5
    endloop
  endfacet
  facet normal 0.991424 0.130688 0
    outer loop
      vertex 118.358 131.06 3.5
      vertex 118.3 131.5 0
      vertex 118.3 131.5 3.5
    endloop
  endfacet
  facet normal 0.991424 0.130688 0
    outer loop
      vertex 118.3 131.5 0
      vertex 118.358 131.06 3.5
      vertex 118.358 131.06 0
    endloop
  endfacet
  facet normal -0.608621 0.793461 0
    outer loop
      vertex 121.202 130.298 0
      vertex 120.85 130.028 3.5
      vertex 121.202 130.298 3.5
    endloop
  endfacet
  facet normal -0.608621 0.793461 0
    outer loop
      vertex 120.85 130.028 3.5
      vertex 121.202 130.298 0
      vertex 120.85 130.028 0
    endloop
  endfacet
  facet normal -0.793461 0.608621 0
    outer loop
      vertex 121.202 130.298 0
      vertex 121.472 130.65 3.5
      vertex 121.472 130.65 0
    endloop
  endfacet
  facet normal -0.793461 0.608621 0
    outer loop
      vertex 121.472 130.65 3.5
      vertex 121.202 130.298 0
      vertex 121.202 130.298 3.5
    endloop
  endfacet
  facet normal 0.385593 0.922669 -0
    outer loop
      vertex 119.217 130 0
      vertex 119.15 130.028 3.5
      vertex 119.217 130 3.5
    endloop
  endfacet
  facet normal 0.385593 0.922669 0
    outer loop
      vertex 119.15 130.028 3.5
      vertex 119.217 130 0
      vertex 119.15 130.028 0
    endloop
  endfacet
  facet normal 0.608621 0.793461 -0
    outer loop
      vertex 119.15 130.028 0
      vertex 118.798 130.298 3.5
      vertex 119.15 130.028 3.5
    endloop
  endfacet
  facet normal 0.608621 0.793461 0
    outer loop
      vertex 118.798 130.298 3.5
      vertex 119.15 130.028 0
      vertex 118.798 130.298 0
    endloop
  endfacet
  facet normal 0.793461 0.608621 0
    outer loop
      vertex 118.798 130.298 3.5
      vertex 118.528 130.65 0
      vertex 118.528 130.65 3.5
    endloop
  endfacet
  facet normal 0.793461 0.608621 0
    outer loop
      vertex 118.528 130.65 0
      vertex 118.798 130.298 3.5
      vertex 118.798 130.298 0
    endloop
  endfacet
  facet normal 0.923742 0.383015 0
    outer loop
      vertex 118.528 130.65 3.5
      vertex 118.358 131.06 0
      vertex 118.358 131.06 3.5
    endloop
  endfacet
  facet normal 0.923742 0.383015 0
    outer loop
      vertex 118.358 131.06 0
      vertex 118.528 130.65 3.5
      vertex 118.528 130.65 0
    endloop
  endfacet
  facet normal -0.991453 -0.130466 0
    outer loop
      vertex 32.7 246.5 0
      vertex 32.6421 246.94 3.5
      vertex 32.6421 246.94 0
    endloop
  endfacet
  facet normal -0.991453 -0.130466 0
    outer loop
      vertex 32.6421 246.94 3.5
      vertex 32.7 246.5 0
      vertex 32.7 246.5 3.5
    endloop
  endfacet
  facet normal -0.130688 0.991424 0
    outer loop
      vertex 31.44 244.858 0
      vertex 31 244.8 3.5
      vertex 31.44 244.858 3.5
    endloop
  endfacet
  facet normal -0.130688 0.991424 0
    outer loop
      vertex 31 244.8 3.5
      vertex 31.44 244.858 0
      vertex 31 244.8 0
    endloop
  endfacet
  facet normal -0.608512 -0.793545 0
    outer loop
      vertex 31.85 247.972 0
      vertex 32.2021 247.702 3.5
      vertex 31.85 247.972 3.5
    endloop
  endfacet
  facet normal -0.608512 -0.793545 -0
    outer loop
      vertex 32.2021 247.702 3.5
      vertex 31.85 247.972 0
      vertex 32.2021 247.702 0
    endloop
  endfacet
  facet normal -0.385593 -0.922669 0
    outer loop
      vertex 31.783 248 0
      vertex 31.85 247.972 3.5
      vertex 31.783 248 3.5
    endloop
  endfacet
  facet normal -0.385593 -0.922669 -0
    outer loop
      vertex 31.85 247.972 3.5
      vertex 31.783 248 0
      vertex 31.85 247.972 0
    endloop
  endfacet
  facet normal 0.793352 -0.608763 0
    outer loop
      vertex 29.5278 247.35 3.5
      vertex 29.7979 247.702 0
      vertex 29.7979 247.702 3.5
    endloop
  endfacet
  facet normal 0.793352 -0.608763 0
    outer loop
      vertex 29.7979 247.702 0
      vertex 29.5278 247.35 3.5
      vertex 29.5278 247.35 0
    endloop
  endfacet
  facet normal 0.923822 -0.382823 0
    outer loop
      vertex 29.3579 246.94 3.5
      vertex 29.5278 247.35 0
      vertex 29.5278 247.35 3.5
    endloop
  endfacet
  facet normal 0.923822 -0.382823 0
    outer loop
      vertex 29.5278 247.35 0
      vertex 29.3579 246.94 3.5
      vertex 29.3579 246.94 0
    endloop
  endfacet
  facet normal 0.608512 -0.793545 0
    outer loop
      vertex 29.7979 247.702 0
      vertex 30.15 247.972 3.5
      vertex 29.7979 247.702 3.5
    endloop
  endfacet
  facet normal 0.608512 -0.793545 0
    outer loop
      vertex 30.15 247.972 3.5
      vertex 29.7979 247.702 0
      vertex 30.15 247.972 0
    endloop
  endfacet
  facet normal -0.793352 -0.608763 0
    outer loop
      vertex 32.4722 247.35 0
      vertex 32.2021 247.702 3.5
      vertex 32.2021 247.702 0
    endloop
  endfacet
  facet normal -0.793352 -0.608763 0
    outer loop
      vertex 32.2021 247.702 3.5
      vertex 32.4722 247.35 0
      vertex 32.4722 247.35 3.5
    endloop
  endfacet
  facet normal -0.923822 -0.382823 0
    outer loop
      vertex 32.6421 246.94 0
      vertex 32.4722 247.35 3.5
      vertex 32.4722 247.35 0
    endloop
  endfacet
  facet normal -0.923822 -0.382823 0
    outer loop
      vertex 32.4722 247.35 3.5
      vertex 32.6421 246.94 0
      vertex 32.6421 246.94 3.5
    endloop
  endfacet
  facet normal 0.991453 -0.130466 0
    outer loop
      vertex 29.3 246.5 3.5
      vertex 29.3579 246.94 0
      vertex 29.3579 246.94 3.5
    endloop
  endfacet
  facet normal 0.991453 -0.130466 0
    outer loop
      vertex 29.3579 246.94 0
      vertex 29.3 246.5 3.5
      vertex 29.3 246.5 0
    endloop
  endfacet
  facet normal 0 0 -1
    outer loop
      vertex 32.6421 246.06 3.5
      vertex 32.6421 246.94 3.5
      vertex 32.7 246.5 3.5
    endloop
  endfacet
  facet normal 0 0 -1
    outer loop
      vertex 32.4722 245.65 3.5
      vertex 32.6421 246.94 3.5
      vertex 32.6421 246.06 3.5
    endloop
  endfacet
  facet normal 0 0 -1
    outer loop
      vertex 32.4722 245.65 3.5
      vertex 32.4722 247.35 3.5
      vertex 32.6421 246.94 3.5
    endloop
  endfacet
  facet normal 0 0 -1
    outer loop
      vertex 32.2021 245.298 3.5
      vertex 32.4722 247.35 3.5
      vertex 32.4722 245.65 3.5
    endloop
  endfacet
  facet normal 0 0 -1
    outer loop
      vertex 31.783 248 3.5
      vertex 32.4722 247.35 3.5
      vertex 32.2021 245.298 3.5
    endloop
  endfacet
  facet normal 0 0 -1
    outer loop
      vertex 31.783 248 3.5
      vertex 32.2021 245.298 3.5
      vertex 31.85 245.028 3.5
    endloop
  endfacet
  facet normal 0 0 -1
    outer loop
      vertex 32.4722 247.35 3.5
      vertex 31.783 248 3.5
      vertex 32.2021 247.702 3.5
    endloop
  endfacet
  facet normal 0 0 -1
    outer loop
      vertex 32.2021 247.702 3.5
      vertex 31.783 248 3.5
      vertex 31.85 247.972 3.5
    endloop
  endfacet
  facet normal 0 0 -1
    outer loop
      vertex 31.44 244.858 3.5
      vertex 31.783 248 3.5
      vertex 31.85 245.028 3.5
    endloop
  endfacet
  facet normal 0 0 -1
    outer loop
      vertex 31 244.8 3.5
      vertex 31.783 248 3.5
      vertex 31.44 244.858 3.5
    endloop
  endfacet
  facet normal 0 0 -1
    outer loop
      vertex 30.56 244.858 3.5
      vertex 31.783 248 3.5
      vertex 31 244.8 3.5
    endloop
  endfacet
  facet normal 0 0 -1
    outer loop
      vertex 30.56 244.858 3.5
      vertex 30.217 248 3.5
      vertex 31.783 248 3.5
    endloop
  endfacet
  facet normal 0 0 -1
    outer loop
      vertex 30.15 245.028 3.5
      vertex 30.217 248 3.5
      vertex 30.56 244.858 3.5
    endloop
  endfacet
  facet normal 0 0 -1
    outer loop
      vertex 29.7979 245.298 3.5
      vertex 30.217 248 3.5
      vertex 30.15 245.028 3.5
    endloop
  endfacet
  facet normal 0 0 -1
    outer loop
      vertex 29.5278 245.65 3.5
      vertex 30.217 248 3.5
      vertex 29.7979 245.298 3.5
    endloop
  endfacet
  facet normal 0 0 -1
    outer loop
      vertex 30.217 248 3.5
      vertex 29.7979 247.702 3.5
      vertex 30.15 247.972 3.5
    endloop
  endfacet
  facet normal 0 0 -1
    outer loop
      vertex 29.5278 247.35 3.5
      vertex 30.217 248 3.5
      vertex 29.5278 245.65 3.5
    endloop
  endfacet
  facet normal 0 0 -1
    outer loop
      vertex 30.217 248 3.5
      vertex 29.5278 247.35 3.5
      vertex 29.7979 247.702 3.5
    endloop
  endfacet
  facet normal 0 0 -1
    outer loop
      vertex 29.3579 246.06 3.5
      vertex 29.5278 247.35 3.5
      vertex 29.5278 245.65 3.5
    endloop
  endfacet
  facet normal 0 0 -1
    outer loop
      vertex 29.3579 246.06 3.5
      vertex 29.3579 246.94 3.5
      vertex 29.5278 247.35 3.5
    endloop
  endfacet
  facet normal 0 -0 -1
    outer loop
      vertex 29.3579 246.94 3.5
      vertex 29.3579 246.06 3.5
      vertex 29.3 246.5 3.5
    endloop
  endfacet
  facet normal 0.385593 -0.922669 0
    outer loop
      vertex 30.15 247.972 0
      vertex 30.217 248 3.5
      vertex 30.15 247.972 3.5
    endloop
  endfacet
  facet normal 0.385593 -0.922669 0
    outer loop
      vertex 30.217 248 3.5
      vertex 30.15 247.972 0
      vertex 30.217 248 0
    endloop
  endfacet
  facet normal -0.991453 0.130466 0
    outer loop
      vertex 32.6421 246.06 0
      vertex 32.7 246.5 3.5
      vertex 32.7 246.5 0
    endloop
  endfacet
  facet normal -0.991453 0.130466 0
    outer loop
      vertex 32.7 246.5 3.5
      vertex 32.6421 246.06 0
      vertex 32.6421 246.06 3.5
    endloop
  endfacet
  facet normal -0.793352 0.608763 0
    outer loop
      vertex 32.2021 245.298 0
      vertex 32.4722 245.65 3.5
      vertex 32.4722 245.65 0
    endloop
  endfacet
  facet normal -0.793352 0.608763 0
    outer loop
      vertex 32.4722 245.65 3.5
      vertex 32.2021 245.298 0
      vertex 32.2021 245.298 3.5
    endloop
  endfacet
  facet normal -0.923822 0.382823 0
    outer loop
      vertex 32.4722 245.65 0
      vertex 32.6421 246.06 3.5
      vertex 32.6421 246.06 0
    endloop
  endfacet
  facet normal -0.923822 0.382823 0
    outer loop
      vertex 32.6421 246.06 3.5
      vertex 32.4722 245.65 0
      vertex 32.4722 245.65 3.5
    endloop
  endfacet
  facet normal 0.991453 0.130466 0
    outer loop
      vertex 29.3579 246.06 3.5
      vertex 29.3 246.5 0
      vertex 29.3 246.5 3.5
    endloop
  endfacet
  facet normal 0.991453 0.130466 0
    outer loop
      vertex 29.3 246.5 0
      vertex 29.3579 246.06 3.5
      vertex 29.3579 246.06 0
    endloop
  endfacet
  facet normal 0.383015 0.923742 -0
    outer loop
      vertex 30.56 244.858 0
      vertex 30.15 245.028 3.5
      vertex 30.56 244.858 3.5
    endloop
  endfacet
  facet normal 0.383015 0.923742 0
    outer loop
      vertex 30.15 245.028 3.5
      vertex 30.56 244.858 0
      vertex 30.15 245.028 0
    endloop
  endfacet
  facet normal 0.608512 0.793545 -0
    outer loop
      vertex 30.15 245.028 0
      vertex 29.7979 245.298 3.5
      vertex 30.15 245.028 3.5
    endloop
  endfacet
  facet normal 0.608512 0.793545 0
    outer loop
      vertex 29.7979 245.298 3.5
      vertex 30.15 245.028 0
      vertex 29.7979 245.298 0
    endloop
  endfacet
  facet normal 0.130688 0.991424 -0
    outer loop
      vertex 31 244.8 0
      vertex 30.56 244.858 3.5
      vertex 31 244.8 3.5
    endloop
  endfacet
  facet normal 0.130688 0.991424 0
    outer loop
      vertex 30.56 244.858 3.5
      vertex 31 244.8 0
      vertex 30.56 244.858 0
    endloop
  endfacet
  facet normal 0.793352 0.608763 0
    outer loop
      vertex 29.7979 245.298 3.5
      vertex 29.5278 245.65 0
      vertex 29.5278 245.65 3.5
    endloop
  endfacet
  facet normal 0.793352 0.608763 0
    outer loop
      vertex 29.5278 245.65 0
      vertex 29.7979 245.298 3.5
      vertex 29.7979 245.298 0
    endloop
  endfacet
  facet normal 0.923822 0.382823 0
    outer loop
      vertex 29.5278 245.65 3.5
      vertex 29.3579 246.06 0
      vertex 29.3579 246.06 3.5
    endloop
  endfacet
  facet normal 0.923822 0.382823 0
    outer loop
      vertex 29.3579 246.06 0
      vertex 29.5278 245.65 3.5
      vertex 29.5278 245.65 0
    endloop
  endfacet
  facet normal -0.608512 0.793545 0
    outer loop
      vertex 32.2021 245.298 0
      vertex 31.85 245.028 3.5
      vertex 32.2021 245.298 3.5
    endloop
  endfacet
  facet normal -0.608512 0.793545 0
    outer loop
      vertex 31.85 245.028 3.5
      vertex 32.2021 245.298 0
      vertex 31.85 245.028 0
    endloop
  endfacet
  facet normal -0.383015 0.923742 0
    outer loop
      vertex 31.85 245.028 0
      vertex 31.44 244.858 3.5
      vertex 31.85 245.028 3.5
    endloop
  endfacet
  facet normal -0.383015 0.923742 0
    outer loop
      vertex 31.44 244.858 3.5
      vertex 31.85 245.028 0
      vertex 31.44 244.858 0
    endloop
  endfacet
  facet normal -0.991424 -0.130688 0
    outer loop
      vertex 182.7 246.5 0
      vertex 182.642 246.94 3.5
      vertex 182.642 246.94 0
    endloop
  endfacet
  facet normal -0.991424 -0.130688 0
    outer loop
      vertex 182.642 246.94 3.5
      vertex 182.7 246.5 0
      vertex 182.7 246.5 3.5
    endloop
  endfacet
  facet normal -0.130688 0.991424 0
    outer loop
      vertex 181.44 244.858 0
      vertex 181 244.8 3.5
      vertex 181.44 244.858 3.5
    endloop
  endfacet
  facet normal -0.130688 0.991424 0
    outer loop
      vertex 181 244.8 3.5
      vertex 181.44 244.858 0
      vertex 181 244.8 0
    endloop
  endfacet
  facet normal -0.608621 -0.793461 0
    outer loop
      vertex 181.85 247.972 0
      vertex 182.202 247.702 3.5
      vertex 181.85 247.972 3.5
    endloop
  endfacet
  facet normal -0.608621 -0.793461 -0
    outer loop
      vertex 182.202 247.702 3.5
      vertex 181.85 247.972 0
      vertex 182.202 247.702 0
    endloop
  endfacet
  facet normal -0.385593 -0.922669 0
    outer loop
      vertex 181.783 248 0
      vertex 181.85 247.972 3.5
      vertex 181.783 248 3.5
    endloop
  endfacet
  facet normal -0.385593 -0.922669 -0
    outer loop
      vertex 181.85 247.972 3.5
      vertex 181.783 248 0
      vertex 181.85 247.972 0
    endloop
  endfacet
  facet normal 0.793461 -0.608621 0
    outer loop
      vertex 179.528 247.35 3.5
      vertex 179.798 247.702 0
      vertex 179.798 247.702 3.5
    endloop
  endfacet
  facet normal 0.793461 -0.608621 0
    outer loop
      vertex 179.798 247.702 0
      vertex 179.528 247.35 3.5
      vertex 179.528 247.35 0
    endloop
  endfacet
  facet normal 0.923742 -0.383015 0
    outer loop
      vertex 179.358 246.94 3.5
      vertex 179.528 247.35 0
      vertex 179.528 247.35 3.5
    endloop
  endfacet
  facet normal 0.923742 -0.383015 0
    outer loop
      vertex 179.528 247.35 0
      vertex 179.358 246.94 3.5
      vertex 179.358 246.94 0
    endloop
  endfacet
  facet normal 0.608621 -0.793461 0
    outer loop
      vertex 179.798 247.702 0
      vertex 180.15 247.972 3.5
      vertex 179.798 247.702 3.5
    endloop
  endfacet
  facet normal 0.608621 -0.793461 0
    outer loop
      vertex 180.15 247.972 3.5
      vertex 179.798 247.702 0
      vertex 180.15 247.972 0
    endloop
  endfacet
  facet normal -0.793461 -0.608621 0
    outer loop
      vertex 182.472 247.35 0
      vertex 182.202 247.702 3.5
      vertex 182.202 247.702 0
    endloop
  endfacet
  facet normal -0.793461 -0.608621 0
    outer loop
      vertex 182.202 247.702 3.5
      vertex 182.472 247.35 0
      vertex 182.472 247.35 3.5
    endloop
  endfacet
  facet normal -0.923742 -0.383015 0
    outer loop
      vertex 182.642 246.94 0
      vertex 182.472 247.35 3.5
      vertex 182.472 247.35 0
    endloop
  endfacet
  facet normal -0.923742 -0.383015 0
    outer loop
      vertex 182.472 247.35 3.5
      vertex 182.642 246.94 0
      vertex 182.642 246.94 3.5
    endloop
  endfacet
  facet normal 0.991424 -0.130688 0
    outer loop
      vertex 179.3 246.5 3.5
      vertex 179.358 246.94 0
      vertex 179.358 246.94 3.5
    endloop
  endfacet
  facet normal 0.991424 -0.130688 0
    outer loop
      vertex 179.358 246.94 0
      vertex 179.3 246.5 3.5
      vertex 179.3 246.5 0
    endloop
  endfacet
  facet normal 0 0 -1
    outer loop
      vertex 182.642 246.06 3.5
      vertex 182.642 246.94 3.5
      vertex 182.7 246.5 3.5
    endloop
  endfacet
  facet normal 0 0 -1
    outer loop
      vertex 182.472 245.65 3.5
      vertex 182.642 246.94 3.5
      vertex 182.642 246.06 3.5
    endloop
  endfacet
  facet normal 0 0 -1
    outer loop
      vertex 182.472 245.65 3.5
      vertex 182.472 247.35 3.5
      vertex 182.642 246.94 3.5
    endloop
  endfacet
  facet normal 0 0 -1
    outer loop
      vertex 182.202 245.298 3.5
      vertex 182.472 247.35 3.5
      vertex 182.472 245.65 3.5
    endloop
  endfacet
  facet normal 0 0 -1
    outer loop
      vertex 181.783 248 3.5
      vertex 182.472 247.35 3.5
      vertex 182.202 245.298 3.5
    endloop
  endfacet
  facet normal 0 0 -1
    outer loop
      vertex 181.783 248 3.5
      vertex 182.202 245.298 3.5
      vertex 181.85 245.028 3.5
    endloop
  endfacet
  facet normal 0 0 -1
    outer loop
      vertex 182.472 247.35 3.5
      vertex 181.783 248 3.5
      vertex 182.202 247.702 3.5
    endloop
  endfacet
  facet normal 0 0 -1
    outer loop
      vertex 182.202 247.702 3.5
      vertex 181.783 248 3.5
      vertex 181.85 247.972 3.5
    endloop
  endfacet
  facet normal 0 0 -1
    outer loop
      vertex 181.44 244.858 3.5
      vertex 181.783 248 3.5
      vertex 181.85 245.028 3.5
    endloop
  endfacet
  facet normal 0 0 -1
    outer loop
      vertex 181 244.8 3.5
      vertex 181.783 248 3.5
      vertex 181.44 244.858 3.5
    endloop
  endfacet
  facet normal 0 0 -1
    outer loop
      vertex 180.56 244.858 3.5
      vertex 181.783 248 3.5
      vertex 181 244.8 3.5
    endloop
  endfacet
  facet normal 0 0 -1
    outer loop
      vertex 180.56 244.858 3.5
      vertex 180.217 248 3.5
      vertex 181.783 248 3.5
    endloop
  endfacet
  facet normal 0 0 -1
    outer loop
      vertex 180.15 245.028 3.5
      vertex 180.217 248 3.5
      vertex 180.56 244.858 3.5
    endloop
  endfacet
  facet normal 0 0 -1
    outer loop
      vertex 179.798 245.298 3.5
      vertex 180.217 248 3.5
      vertex 180.15 245.028 3.5
    endloop
  endfacet
  facet normal 0 0 -1
    outer loop
      vertex 179.528 245.65 3.5
      vertex 180.217 248 3.5
      vertex 179.798 245.298 3.5
    endloop
  endfacet
  facet normal 0 0 -1
    outer loop
      vertex 180.217 248 3.5
      vertex 179.798 247.702 3.5
      vertex 180.15 247.972 3.5
    endloop
  endfacet
  facet normal 0 0 -1
    outer loop
      vertex 179.528 247.35 3.5
      vertex 180.217 248 3.5
      vertex 179.528 245.65 3.5
    endloop
  endfacet
  facet normal 0 0 -1
    outer loop
      vertex 180.217 248 3.5
      vertex 179.528 247.35 3.5
      vertex 179.798 247.702 3.5
    endloop
  endfacet
  facet normal 0 0 -1
    outer loop
      vertex 179.358 246.06 3.5
      vertex 179.528 247.35 3.5
      vertex 179.528 245.65 3.5
    endloop
  endfacet
  facet normal 0 0 -1
    outer loop
      vertex 179.358 246.06 3.5
      vertex 179.358 246.94 3.5
      vertex 179.528 247.35 3.5
    endloop
  endfacet
  facet normal 0 -0 -1
    outer loop
      vertex 179.358 246.94 3.5
      vertex 179.358 246.06 3.5
      vertex 179.3 246.5 3.5
    endloop
  endfacet
  facet normal 0.385593 -0.922669 0
    outer loop
      vertex 180.15 247.972 0
      vertex 180.217 248 3.5
      vertex 180.15 247.972 3.5
    endloop
  endfacet
  facet normal 0.385593 -0.922669 0
    outer loop
      vertex 180.217 248 3.5
      vertex 180.15 247.972 0
      vertex 180.217 248 0
    endloop
  endfacet
  facet normal -0.991424 0.130688 0
    outer loop
      vertex 182.642 246.06 0
      vertex 182.7 246.5 3.5
      vertex 182.7 246.5 0
    endloop
  endfacet
  facet normal -0.991424 0.130688 0
    outer loop
      vertex 182.7 246.5 3.5
      vertex 182.642 246.06 0
      vertex 182.642 246.06 3.5
    endloop
  endfacet
  facet normal -0.793461 0.608621 0
    outer loop
      vertex 182.202 245.298 0
      vertex 182.472 245.65 3.5
      vertex 182.472 245.65 0
    endloop
  endfacet
  facet normal -0.793461 0.608621 0
    outer loop
      vertex 182.472 245.65 3.5
      vertex 182.202 245.298 0
      vertex 182.202 245.298 3.5
    endloop
  endfacet
  facet normal -0.923742 0.383015 0
    outer loop
      vertex 182.472 245.65 0
      vertex 182.642 246.06 3.5
      vertex 182.642 246.06 0
    endloop
  endfacet
  facet normal -0.923742 0.383015 0
    outer loop
      vertex 182.642 246.06 3.5
      vertex 182.472 245.65 0
      vertex 182.472 245.65 3.5
    endloop
  endfacet
  facet normal 0.991424 0.130688 0
    outer loop
      vertex 179.358 246.06 3.5
      vertex 179.3 246.5 0
      vertex 179.3 246.5 3.5
    endloop
  endfacet
  facet normal 0.991424 0.130688 0
    outer loop
      vertex 179.3 246.5 0
      vertex 179.358 246.06 3.5
      vertex 179.358 246.06 0
    endloop
  endfacet
  facet normal 0.383015 0.923742 -0
    outer loop
      vertex 180.56 244.858 0
      vertex 180.15 245.028 3.5
      vertex 180.56 244.858 3.5
    endloop
  endfacet
  facet normal 0.383015 0.923742 0
    outer loop
      vertex 180.15 245.028 3.5
      vertex 180.56 244.858 0
      vertex 180.15 245.028 0
    endloop
  endfacet
  facet normal 0.608621 0.793461 -0
    outer loop
      vertex 180.15 245.028 0
      vertex 179.798 245.298 3.5
      vertex 180.15 245.028 3.5
    endloop
  endfacet
  facet normal 0.608621 0.793461 0
    outer loop
      vertex 179.798 245.298 3.5
      vertex 180.15 245.028 0
      vertex 179.798 245.298 0
    endloop
  endfacet
  facet normal 0.130688 0.991424 -0
    outer loop
      vertex 181 244.8 0
      vertex 180.56 244.858 3.5
      vertex 181 244.8 3.5
    endloop
  endfacet
  facet normal 0.130688 0.991424 0
    outer loop
      vertex 180.56 244.858 3.5
      vertex 181 244.8 0
      vertex 180.56 244.858 0
    endloop
  endfacet
  facet normal 0.793461 0.608621 0
    outer loop
      vertex 179.798 245.298 3.5
      vertex 179.528 245.65 0
      vertex 179.528 245.65 3.5
    endloop
  endfacet
  facet normal 0.793461 0.608621 0
    outer loop
      vertex 179.528 245.65 0
      vertex 179.798 245.298 3.5
      vertex 179.798 245.298 0
    endloop
  endfacet
  facet normal 0.923742 0.383015 0
    outer loop
      vertex 179.528 245.65 3.5
      vertex 179.358 246.06 0
      vertex 179.358 246.06 3.5
    endloop
  endfacet
  facet normal 0.923742 0.383015 0
    outer loop
      vertex 179.358 246.06 0
      vertex 179.528 245.65 3.5
      vertex 179.528 245.65 0
    endloop
  endfacet
  facet normal -0.608621 0.793461 0
    outer loop
      vertex 182.202 245.298 0
      vertex 181.85 245.028 3.5
      vertex 182.202 245.298 3.5
    endloop
  endfacet
  facet normal -0.608621 0.793461 0
    outer loop
      vertex 181.85 245.028 3.5
      vertex 182.202 245.298 0
      vertex 181.85 245.028 0
    endloop
  endfacet
  facet normal -0.383015 0.923742 0
    outer loop
      vertex 181.85 245.028 0
      vertex 181.44 244.858 3.5
      vertex 181.85 245.028 3.5
    endloop
  endfacet
  facet normal -0.383015 0.923742 0
    outer loop
      vertex 181.44 244.858 3.5
      vertex 181.85 245.028 0
      vertex 181.44 244.858 0
    endloop
  endfacet
  facet normal 0 -0.130497 0.991449
    outer loop
      vertex 6 190.812 17.9885
      vertex 9 189 17.75
      vertex 9 190.812 17.9885
    endloop
  endfacet
  facet normal 0 -0.130497 0.991449
    outer loop
      vertex 9 189 17.75
      vertex 6 190.812 17.9885
      vertex 6 189 17.75
    endloop
  endfacet
  facet normal 0 -0.130497 -0.991449
    outer loop
      vertex 6 189 31.75
      vertex 9 190.812 31.5115
      vertex 9 189 31.75
    endloop
  endfacet
  facet normal -0 -0.130497 -0.991449
    outer loop
      vertex 9 190.812 31.5115
      vertex 6 189 31.75
      vertex 6 190.812 31.5115
    endloop
  endfacet
  facet normal 0 0.99141 0.130787
    outer loop
      vertex 9 182.239 22.9383
      vertex 6 182 24.75
      vertex 9 182 24.75
    endloop
  endfacet
  facet normal 0 0.99141 0.130787
    outer loop
      vertex 6 182 24.75
      vertex 9 182.239 22.9383
      vertex 6 182.239 22.9383
    endloop
  endfacet
  facet normal 0 -0.382734 0.923859
    outer loop
      vertex 6 192.5 18.6878
      vertex 9 190.812 17.9885
      vertex 9 192.5 18.6878
    endloop
  endfacet
  facet normal 0 -0.382734 0.923859
    outer loop
      vertex 9 190.812 17.9885
      vertex 6 192.5 18.6878
      vertex 6 190.812 17.9885
    endloop
  endfacet
  facet normal 0 -0.793457 -0.608626
    outer loop
      vertex 6 195.062 28.25
      vertex 9 193.95 29.6997
      vertex 6 193.95 29.6997
    endloop
  endfacet
  facet normal 0 -0.793457 -0.608626
    outer loop
      vertex 9 193.95 29.6997
      vertex 6 195.062 28.25
      vertex 9 195.062 28.25
    endloop
  endfacet
  facet normal 0 -0.608719 -0.793386
    outer loop
      vertex 6 192.5 30.8122
      vertex 9 193.95 29.6997
      vertex 9 192.5 30.8122
    endloop
  endfacet
  facet normal -0 -0.608719 -0.793386
    outer loop
      vertex 9 193.95 29.6997
      vertex 6 192.5 30.8122
      vertex 6 193.95 29.6997
    endloop
  endfacet
  facet normal 0 -0.923941 -0.382535
    outer loop
      vertex 6 195.761 26.5617
      vertex 9 195.062 28.25
      vertex 6 195.062 28.25
    endloop
  endfacet
  facet normal 0 -0.923941 -0.382535
    outer loop
      vertex 9 195.062 28.25
      vertex 6 195.761 26.5617
      vertex 9 195.761 26.5617
    endloop
  endfacet
  facet normal 0 -0.608719 0.793386
    outer loop
      vertex 6 193.95 19.8003
      vertex 9 192.5 18.6878
      vertex 9 193.95 19.8003
    endloop
  endfacet
  facet normal 0 -0.608719 0.793386
    outer loop
      vertex 9 192.5 18.6878
      vertex 6 193.95 19.8003
      vertex 6 192.5 18.6878
    endloop
  endfacet
  facet normal 0 -0.99141 0.130787
    outer loop
      vertex 6 195.761 22.9383
      vertex 9 196 24.75
      vertex 6 196 24.75
    endloop
  endfacet
  facet normal 0 -0.99141 0.130787
    outer loop
      vertex 9 196 24.75
      vertex 6 195.761 22.9383
      vertex 9 195.761 22.9383
    endloop
  endfacet
  facet normal 0 -0.793457 0.608626
    outer loop
      vertex 6 193.95 19.8003
      vertex 9 195.062 21.25
      vertex 6 195.062 21.25
    endloop
  endfacet
  facet normal 0 -0.793457 0.608626
    outer loop
      vertex 9 195.062 21.25
      vertex 6 193.95 19.8003
      vertex 9 193.95 19.8003
    endloop
  endfacet
  facet normal 0 -0.382734 -0.923859
    outer loop
      vertex 6 190.812 31.5115
      vertex 9 192.5 30.8122
      vertex 9 190.812 31.5115
    endloop
  endfacet
  facet normal -0 -0.382734 -0.923859
    outer loop
      vertex 9 192.5 30.8122
      vertex 6 190.812 31.5115
      vertex 6 192.5 30.8122
    endloop
  endfacet
  facet normal 0 -0.99141 -0.130787
    outer loop
      vertex 6 196 24.75
      vertex 9 195.761 26.5617
      vertex 6 195.761 26.5617
    endloop
  endfacet
  facet normal 0 -0.99141 -0.130787
    outer loop
      vertex 9 195.761 26.5617
      vertex 6 196 24.75
      vertex 9 196 24.75
    endloop
  endfacet
  facet normal -0 0.130497 0.991449
    outer loop
      vertex 6 189 17.75
      vertex 9 187.188 17.9885
      vertex 9 189 17.75
    endloop
  endfacet
  facet normal 0 0.130497 0.991449
    outer loop
      vertex 9 187.188 17.9885
      vertex 6 189 17.75
      vertex 6 187.188 17.9885
    endloop
  endfacet
  facet normal 0 0.608719 -0.793386
    outer loop
      vertex 6 184.05 29.6997
      vertex 9 185.5 30.8122
      vertex 9 184.05 29.6997
    endloop
  endfacet
  facet normal 0 0.608719 -0.793386
    outer loop
      vertex 9 185.5 30.8122
      vertex 6 184.05 29.6997
      vertex 6 185.5 30.8122
    endloop
  endfacet
  facet normal -0 0.608719 0.793386
    outer loop
      vertex 6 185.5 18.6878
      vertex 9 184.05 19.8003
      vertex 9 185.5 18.6878
    endloop
  endfacet
  facet normal 0 0.608719 0.793386
    outer loop
      vertex 9 184.05 19.8003
      vertex 6 185.5 18.6878
      vertex 6 184.05 19.8003
    endloop
  endfacet
  facet normal -0 0.382734 0.923859
    outer loop
      vertex 6 187.188 17.9885
      vertex 9 185.5 18.6878
      vertex 9 187.188 17.9885
    endloop
  endfacet
  facet normal 0 0.382734 0.923859
    outer loop
      vertex 9 185.5 18.6878
      vertex 6 187.188 17.9885
      vertex 6 185.5 18.6878
    endloop
  endfacet
  facet normal 0 -0.923941 0.382535
    outer loop
      vertex 6 195.062 21.25
      vertex 9 195.761 22.9383
      vertex 6 195.761 22.9383
    endloop
  endfacet
  facet normal 0 -0.923941 0.382535
    outer loop
      vertex 9 195.761 22.9383
      vertex 6 195.062 21.25
      vertex 9 195.062 21.25
    endloop
  endfacet
  facet normal 0 0.923941 -0.382535
    outer loop
      vertex 9 182.239 26.5617
      vertex 6 182.938 28.25
      vertex 9 182.938 28.25
    endloop
  endfacet
  facet normal 0 0.923941 -0.382535
    outer loop
      vertex 6 182.938 28.25
      vertex 9 182.239 26.5617
      vertex 6 182.239 26.5617
    endloop
  endfacet
  facet normal 0 0.99141 -0.130787
    outer loop
      vertex 9 182 24.75
      vertex 6 182.239 26.5617
      vertex 9 182.239 26.5617
    endloop
  endfacet
  facet normal 0 0.99141 -0.130787
    outer loop
      vertex 6 182.239 26.5617
      vertex 9 182 24.75
      vertex 6 182 24.75
    endloop
  endfacet
  facet normal 0 0.793457 -0.608626
    outer loop
      vertex 9 182.938 28.25
      vertex 6 184.05 29.6997
      vertex 9 184.05 29.6997
    endloop
  endfacet
  facet normal 0 0.793457 -0.608626
    outer loop
      vertex 6 184.05 29.6997
      vertex 9 182.938 28.25
      vertex 6 182.938 28.25
    endloop
  endfacet
  facet normal 0 0.382734 -0.923859
    outer loop
      vertex 6 185.5 30.8122
      vertex 9 187.188 31.5115
      vertex 9 185.5 30.8122
    endloop
  endfacet
  facet normal 0 0.382734 -0.923859
    outer loop
      vertex 9 187.188 31.5115
      vertex 6 185.5 30.8122
      vertex 6 187.188 31.5115
    endloop
  endfacet
  facet normal 0 0.130497 -0.991449
    outer loop
      vertex 6 187.188 31.5115
      vertex 9 189 31.75
      vertex 9 187.188 31.5115
    endloop
  endfacet
  facet normal 0 0.130497 -0.991449
    outer loop
      vertex 9 189 31.75
      vertex 6 187.188 31.5115
      vertex 6 189 31.75
    endloop
  endfacet
  facet normal 0 0.793457 0.608626
    outer loop
      vertex 9 184.05 19.8003
      vertex 6 182.938 21.25
      vertex 9 182.938 21.25
    endloop
  endfacet
  facet normal 0 0.793457 0.608626
    outer loop
      vertex 6 182.938 21.25
      vertex 9 184.05 19.8003
      vertex 6 184.05 19.8003
    endloop
  endfacet
  facet normal 0 0.923941 0.382535
    outer loop
      vertex 9 182.938 21.25
      vertex 6 182.239 22.9383
      vertex 9 182.239 22.9383
    endloop
  endfacet
  facet normal 0 0.923941 0.382535
    outer loop
      vertex 6 182.239 22.9383
      vertex 9 182.938 21.25
      vertex 6 182.938 21.25
    endloop
  endfacet
  facet normal 0 -0.130497 0.991449
    outer loop
      vertex 203 190.812 17.9885
      vertex 206 189 17.75
      vertex 206 190.812 17.9885
    endloop
  endfacet
  facet normal 0 -0.130497 0.991449
    outer loop
      vertex 206 189 17.75
      vertex 203 190.812 17.9885
      vertex 203 189 17.75
    endloop
  endfacet
  facet normal 0 -0.130497 -0.991449
    outer loop
      vertex 203 189 31.75
      vertex 206 190.812 31.5115
      vertex 206 189 31.75
    endloop
  endfacet
  facet normal -0 -0.130497 -0.991449
    outer loop
      vertex 206 190.812 31.5115
      vertex 203 189 31.75
      vertex 203 190.812 31.5115
    endloop
  endfacet
  facet normal 0 0.99141 0.130787
    outer loop
      vertex 206 182.239 22.9383
      vertex 203 182 24.75
      vertex 206 182 24.75
    endloop
  endfacet
  facet normal 0 0.99141 0.130787
    outer loop
      vertex 203 182 24.75
      vertex 206 182.239 22.9383
      vertex 203 182.239 22.9383
    endloop
  endfacet
  facet normal 0 -0.382734 0.923859
    outer loop
      vertex 203 192.5 18.6878
      vertex 206 190.812 17.9885
      vertex 206 192.5 18.6878
    endloop
  endfacet
  facet normal 0 -0.382734 0.923859
    outer loop
      vertex 206 190.812 17.9885
      vertex 203 192.5 18.6878
      vertex 203 190.812 17.9885
    endloop
  endfacet
  facet normal 0 -0.793457 -0.608626
    outer loop
      vertex 203 195.062 28.25
      vertex 206 193.95 29.6997
      vertex 203 193.95 29.6997
    endloop
  endfacet
  facet normal 0 -0.793457 -0.608626
    outer loop
      vertex 206 193.95 29.6997
      vertex 203 195.062 28.25
      vertex 206 195.062 28.25
    endloop
  endfacet
  facet normal 0 -0.608719 -0.793386
    outer loop
      vertex 203 192.5 30.8122
      vertex 206 193.95 29.6997
      vertex 206 192.5 30.8122
    endloop
  endfacet
  facet normal -0 -0.608719 -0.793386
    outer loop
      vertex 206 193.95 29.6997
      vertex 203 192.5 30.8122
      vertex 203 193.95 29.6997
    endloop
  endfacet
  facet normal 0 -0.923941 -0.382535
    outer loop
      vertex 203 195.761 26.5617
      vertex 206 195.062 28.25
      vertex 203 195.062 28.25
    endloop
  endfacet
  facet normal 0 -0.923941 -0.382535
    outer loop
      vertex 206 195.062 28.25
      vertex 203 195.761 26.5617
      vertex 206 195.761 26.5617
    endloop
  endfacet
  facet normal 0 -0.608719 0.793386
    outer loop
      vertex 203 193.95 19.8003
      vertex 206 192.5 18.6878
      vertex 206 193.95 19.8003
    endloop
  endfacet
  facet normal 0 -0.608719 0.793386
    outer loop
      vertex 206 192.5 18.6878
      vertex 203 193.95 19.8003
      vertex 203 192.5 18.6878
    endloop
  endfacet
  facet normal 0 -0.99141 0.130787
    outer loop
      vertex 203 195.761 22.9383
      vertex 206 196 24.75
      vertex 203 196 24.75
    endloop
  endfacet
  facet normal 0 -0.99141 0.130787
    outer loop
      vertex 206 196 24.75
      vertex 203 195.761 22.9383
      vertex 206 195.761 22.9383
    endloop
  endfacet
  facet normal 0 -0.793457 0.608626
    outer loop
      vertex 203 193.95 19.8003
      vertex 206 195.062 21.25
      vertex 203 195.062 21.25
    endloop
  endfacet
  facet normal 0 -0.793457 0.608626
    outer loop
      vertex 206 195.062 21.25
      vertex 203 193.95 19.8003
      vertex 206 193.95 19.8003
    endloop
  endfacet
  facet normal 0 -0.382734 -0.923859
    outer loop
      vertex 203 190.812 31.5115
      vertex 206 192.5 30.8122
      vertex 206 190.812 31.5115
    endloop
  endfacet
  facet normal -0 -0.382734 -0.923859
    outer loop
      vertex 206 192.5 30.8122
      vertex 203 190.812 31.5115
      vertex 203 192.5 30.8122
    endloop
  endfacet
  facet normal 0 -0.99141 -0.130787
    outer loop
      vertex 203 196 24.75
      vertex 206 195.761 26.5617
      vertex 203 195.761 26.5617
    endloop
  endfacet
  facet normal 0 -0.99141 -0.130787
    outer loop
      vertex 206 195.761 26.5617
      vertex 203 196 24.75
      vertex 206 196 24.75
    endloop
  endfacet
  facet normal -0 0.130497 0.991449
    outer loop
      vertex 203 189 17.75
      vertex 206 187.188 17.9885
      vertex 206 189 17.75
    endloop
  endfacet
  facet normal 0 0.130497 0.991449
    outer loop
      vertex 206 187.188 17.9885
      vertex 203 189 17.75
      vertex 203 187.188 17.9885
    endloop
  endfacet
  facet normal 0 0.608719 -0.793386
    outer loop
      vertex 203 184.05 29.6997
      vertex 206 185.5 30.8122
      vertex 206 184.05 29.6997
    endloop
  endfacet
  facet normal 0 0.608719 -0.793386
    outer loop
      vertex 206 185.5 30.8122
      vertex 203 184.05 29.6997
      vertex 203 185.5 30.8122
    endloop
  endfacet
  facet normal -0 0.608719 0.793386
    outer loop
      vertex 203 185.5 18.6878
      vertex 206 184.05 19.8003
      vertex 206 185.5 18.6878
    endloop
  endfacet
  facet normal 0 0.608719 0.793386
    outer loop
      vertex 206 184.05 19.8003
      vertex 203 185.5 18.6878
      vertex 203 184.05 19.8003
    endloop
  endfacet
  facet normal -0 0.382734 0.923859
    outer loop
      vertex 203 187.188 17.9885
      vertex 206 185.5 18.6878
      vertex 206 187.188 17.9885
    endloop
  endfacet
  facet normal 0 0.382734 0.923859
    outer loop
      vertex 206 185.5 18.6878
      vertex 203 187.188 17.9885
      vertex 203 185.5 18.6878
    endloop
  endfacet
  facet normal 0 -0.923941 0.382535
    outer loop
      vertex 203 195.062 21.25
      vertex 206 195.761 22.9383
      vertex 203 195.761 22.9383
    endloop
  endfacet
  facet normal 0 -0.923941 0.382535
    outer loop
      vertex 206 195.761 22.9383
      vertex 203 195.062 21.25
      vertex 206 195.062 21.25
    endloop
  endfacet
  facet normal 0 0.923941 -0.382535
    outer loop
      vertex 206 182.239 26.5617
      vertex 203 182.938 28.25
      vertex 206 182.938 28.25
    endloop
  endfacet
  facet normal 0 0.923941 -0.382535
    outer loop
      vertex 203 182.938 28.25
      vertex 206 182.239 26.5617
      vertex 203 182.239 26.5617
    endloop
  endfacet
  facet normal 0 0.99141 -0.130787
    outer loop
      vertex 206 182 24.75
      vertex 203 182.239 26.5617
      vertex 206 182.239 26.5617
    endloop
  endfacet
  facet normal 0 0.99141 -0.130787
    outer loop
      vertex 203 182.239 26.5617
      vertex 206 182 24.75
      vertex 203 182 24.75
    endloop
  endfacet
  facet normal 0 0.793457 -0.608626
    outer loop
      vertex 206 182.938 28.25
      vertex 203 184.05 29.6997
      vertex 206 184.05 29.6997
    endloop
  endfacet
  facet normal 0 0.793457 -0.608626
    outer loop
      vertex 203 184.05 29.6997
      vertex 206 182.938 28.25
      vertex 203 182.938 28.25
    endloop
  endfacet
  facet normal 0 0.382734 -0.923859
    outer loop
      vertex 203 185.5 30.8122
      vertex 206 187.188 31.5115
      vertex 206 185.5 30.8122
    endloop
  endfacet
  facet normal 0 0.382734 -0.923859
    outer loop
      vertex 206 187.188 31.5115
      vertex 203 185.5 30.8122
      vertex 203 187.188 31.5115
    endloop
  endfacet
  facet normal 0 0.130497 -0.991449
    outer loop
      vertex 203 187.188 31.5115
      vertex 206 189 31.75
      vertex 206 187.188 31.5115
    endloop
  endfacet
  facet normal 0 0.130497 -0.991449
    outer loop
      vertex 206 189 31.75
      vertex 203 187.188 31.5115
      vertex 203 189 31.75
    endloop
  endfacet
  facet normal 0 0.793457 0.608626
    outer loop
      vertex 206 184.05 19.8003
      vertex 203 182.938 21.25
      vertex 206 182.938 21.25
    endloop
  endfacet
  facet normal 0 0.793457 0.608626
    outer loop
      vertex 203 182.938 21.25
      vertex 206 184.05 19.8003
      vertex 203 184.05 19.8003
    endloop
  endfacet
  facet normal 0 0.923941 0.382535
    outer loop
      vertex 206 182.938 21.25
      vertex 203 182.239 22.9383
      vertex 206 182.239 22.9383
    endloop
  endfacet
  facet normal 0 0.923941 0.382535
    outer loop
      vertex 203 182.239 22.9383
      vertex 206 182.938 21.25
      vertex 203 182.938 21.25
    endloop
  endfacet
endsolid OpenSCAD_Model
