solid OpenSCAD_Model
  facet normal -1 0 0
    outer loop
      vertex 0 118 0
      vertex 0 102 37
      vertex 0 118 93
    endloop
  endfacet
  facet normal -1 0 0
    outer loop
      vertex 0 118 0
      vertex 0 78 37
      vertex 0 102 37
    endloop
  endfacet
  facet normal -1 0 0
    outer loop
      vertex 0 78 37
      vertex 0 44 37
      vertex 0 78 67
    endloop
  endfacet
  facet normal -1 0 0
    outer loop
      vertex 0 118 0
      vertex 0 44 37
      vertex 0 78 37
    endloop
  endfacet
  facet normal -1 0 0
    outer loop
      vertex 0 0 0
      vertex 0 44 37
      vertex 0 118 0
    endloop
  endfacet
  facet normal -1 0 0
    outer loop
      vertex 0 0 93
      vertex 0 20 37
      vertex 0 0 0
    endloop
  endfacet
  facet normal -1 -0 0
    outer loop
      vertex 0 44 37
      vertex 0 0 0
      vertex 0 20 37
    endloop
  endfacet
  facet normal -1 0 0
    outer loop
      vertex 0 102 67
      vertex 0 118 93
      vertex 0 102 37
    endloop
  endfacet
  facet normal -1 0 0
    outer loop
      vertex 0 78 67
      vertex 0 118 93
      vertex 0 102 67
    endloop
  endfacet
  facet normal -1 0 0
    outer loop
      vertex 0 44 67
      vertex 0 78 67
      vertex 0 44 37
    endloop
  endfacet
  facet normal -1 0 0
    outer loop
      vertex 0 44 67
      vertex 0 118 93
      vertex 0 78 67
    endloop
  endfacet
  facet normal -1 0 0
    outer loop
      vertex 0 0 93
      vertex 0 44 67
      vertex 0 20 67
    endloop
  endfacet
  facet normal -1 0 0
    outer loop
      vertex 0 44 67
      vertex 0 0 93
      vertex 0 118 93
    endloop
  endfacet
  facet normal -1 0 0
    outer loop
      vertex 0 20 37
      vertex 0 0 93
      vertex 0 20 67
    endloop
  endfacet
  facet normal 0 0 1
    outer loop
      vertex 3 3 93
      vertex 23.5511 1.11177 93
      vertex 23.5 1.5 93
    endloop
  endfacet
  facet normal 0 0 1
    outer loop
      vertex 3 3 93
      vertex 23.701 0.75 93
      vertex 23.5511 1.11177 93
    endloop
  endfacet
  facet normal 0 0 1
    outer loop
      vertex 3 3 93
      vertex 23.9393 0.43934 93
      vertex 23.701 0.75 93
    endloop
  endfacet
  facet normal 0 0 1
    outer loop
      vertex 0 0 93
      vertex 23.9393 0.43934 93
      vertex 3 3 93
    endloop
  endfacet
  facet normal 0 0 1
    outer loop
      vertex 23.9393 0.43934 93
      vertex 0 0 93
      vertex 24.25 0.200961 93
    endloop
  endfacet
  facet normal 0 0 1
    outer loop
      vertex 24.6118 0.0511112 93
      vertex 0 0 93
      vertex 25 0 93
    endloop
  endfacet
  facet normal 0 0 1
    outer loop
      vertex 24.25 0.200961 93
      vertex 0 0 93
      vertex 24.6118 0.0511112 93
    endloop
  endfacet
  facet normal 0 0 1
    outer loop
      vertex 3 62 93
      vertex 0 0 93
      vertex 3 3 93
    endloop
  endfacet
  facet normal 0 0 1
    outer loop
      vertex 68 3 93
      vertex 26.4489 1.88823 93
      vertex 26.5 1.5 93
    endloop
  endfacet
  facet normal 0 0 1
    outer loop
      vertex 68 3 93
      vertex 26.299 2.25 93
      vertex 26.4489 1.88823 93
    endloop
  endfacet
  facet normal 0 0 1
    outer loop
      vertex 68 3 93
      vertex 26.0607 2.56066 93
      vertex 26.299 2.25 93
    endloop
  endfacet
  facet normal 0 0 1
    outer loop
      vertex 68 3 93
      vertex 25.75 2.79904 93
      vertex 26.0607 2.56066 93
    endloop
  endfacet
  facet normal 0 0 1
    outer loop
      vertex 68 3 93
      vertex 25.3882 2.94889 93
      vertex 25.75 2.79904 93
    endloop
  endfacet
  facet normal 0 -0 1
    outer loop
      vertex 25.3882 2.94889 93
      vertex 68 3 93
      vertex 25 3 93
    endloop
  endfacet
  facet normal 0 0 1
    outer loop
      vertex 108 17 93
      vertex 105 14 93
      vertex 108 3 93
    endloop
  endfacet
  facet normal -0 0 1
    outer loop
      vertex 71 17 93
      vertex 105 14 93
      vertex 108 17 93
    endloop
  endfacet
  facet normal 0 0 1
    outer loop
      vertex 105 14 93
      vertex 71 17 93
      vertex 71 14 93
    endloop
  endfacet
  facet normal 0 0 1
    outer loop
      vertex 112 65 93
      vertex 71 62 93
      vertex 112 62 93
    endloop
  endfacet
  facet normal -0 0 1
    outer loop
      vertex 68 62 93
      vertex 71 17 93
      vertex 71 62 93
    endloop
  endfacet
  facet normal 0 0 1
    outer loop
      vertex 68 3 93
      vertex 71 17 93
      vertex 68 62 93
    endloop
  endfacet
  facet normal 0 0 1
    outer loop
      vertex 71 17 93
      vertex 68 3 93
      vertex 71 14 93
    endloop
  endfacet
  facet normal 0 0 1
    outer loop
      vertex 112 65 93
      vertex 68 62 93
      vertex 71 62 93
    endloop
  endfacet
  facet normal -0 0 1
    outer loop
      vertex 3 65 93
      vertex 68 62 93
      vertex 112 65 93
    endloop
  endfacet
  facet normal 0 0 1
    outer loop
      vertex 68 62 93
      vertex 3 65 93
      vertex 3 62 93
    endloop
  endfacet
  facet normal 0 0 1
    outer loop
      vertex 200 118 93
      vertex 197 115 93
      vertex 200 0 93
    endloop
  endfacet
  facet normal -0 0 1
    outer loop
      vertex 176.061 117.561 93
      vertex 197 115 93
      vertex 200 118 93
    endloop
  endfacet
  facet normal 0 0 1
    outer loop
      vertex 197 115 93
      vertex 176.449 116.888 93
      vertex 176.5 116.5 93
    endloop
  endfacet
  facet normal 0 0 1
    outer loop
      vertex 197 115 93
      vertex 176.299 117.25 93
      vertex 176.449 116.888 93
    endloop
  endfacet
  facet normal 0 0 1
    outer loop
      vertex 197 115 93
      vertex 176.061 117.561 93
      vertex 176.299 117.25 93
    endloop
  endfacet
  facet normal 0 0 1
    outer loop
      vertex 200 118 93
      vertex 175.75 117.799 93
      vertex 176.061 117.561 93
    endloop
  endfacet
  facet normal 0 0 1
    outer loop
      vertex 200 118 93
      vertex 175.388 117.949 93
      vertex 175.75 117.799 93
    endloop
  endfacet
  facet normal 0 -0 1
    outer loop
      vertex 175.388 117.949 93
      vertex 200 118 93
      vertex 175 118 93
    endloop
  endfacet
  facet normal -0 0 1
    outer loop
      vertex 197 3 93
      vertex 200 0 93
      vertex 197 115 93
    endloop
  endfacet
  facet normal 0 0 1
    outer loop
      vertex 115.449 1.11177 93
      vertex 197 3 93
      vertex 115.5 1.5 93
    endloop
  endfacet
  facet normal 0 0 1
    outer loop
      vertex 115.299 0.75 93
      vertex 197 3 93
      vertex 115.449 1.11177 93
    endloop
  endfacet
  facet normal 0 0 1
    outer loop
      vertex 115.061 0.43934 93
      vertex 197 3 93
      vertex 115.299 0.75 93
    endloop
  endfacet
  facet normal 0 0 1
    outer loop
      vertex 197 3 93
      vertex 115.061 0.43934 93
      vertex 200 0 93
    endloop
  endfacet
  facet normal -0 0 1
    outer loop
      vertex 114.75 0.200961 93
      vertex 200 0 93
      vertex 115.061 0.43934 93
    endloop
  endfacet
  facet normal -0 0 1
    outer loop
      vertex 114.388 0.0511112 93
      vertex 200 0 93
      vertex 114.75 0.200961 93
    endloop
  endfacet
  facet normal 0 0 1
    outer loop
      vertex 200 0 93
      vertex 114.388 0.0511112 93
      vertex 114 0 93
    endloop
  endfacet
  facet normal -0 0 1
    outer loop
      vertex 176.449 116.112 93
      vertex 197 115 93
      vertex 176.5 116.5 93
    endloop
  endfacet
  facet normal -0 0 1
    outer loop
      vertex 176.299 115.75 93
      vertex 197 115 93
      vertex 176.449 116.112 93
    endloop
  endfacet
  facet normal -0 0 1
    outer loop
      vertex 176.061 115.439 93
      vertex 197 115 93
      vertex 176.299 115.75 93
    endloop
  endfacet
  facet normal -0 0 1
    outer loop
      vertex 175.75 115.201 93
      vertex 197 115 93
      vertex 176.061 115.439 93
    endloop
  endfacet
  facet normal -0 0 1
    outer loop
      vertex 175.388 115.051 93
      vertex 197 115 93
      vertex 175.75 115.201 93
    endloop
  endfacet
  facet normal 0 0 1
    outer loop
      vertex 197 115 93
      vertex 175.388 115.051 93
      vertex 175 115 93
    endloop
  endfacet
  facet normal 0 0 1
    outer loop
      vertex 173.551 116.888 93
      vertex 115 115 93
      vertex 173.5 116.5 93
    endloop
  endfacet
  facet normal 0 0 1
    outer loop
      vertex 173.701 117.25 93
      vertex 115 115 93
      vertex 173.551 116.888 93
    endloop
  endfacet
  facet normal 0 0 1
    outer loop
      vertex 173.939 117.561 93
      vertex 115 115 93
      vertex 173.701 117.25 93
    endloop
  endfacet
  facet normal 0 0 1
    outer loop
      vertex 174.25 117.799 93
      vertex 115 115 93
      vertex 173.939 117.561 93
    endloop
  endfacet
  facet normal 0 0 1
    outer loop
      vertex 174.612 117.949 93
      vertex 115 115 93
      vertex 174.25 117.799 93
    endloop
  endfacet
  facet normal 0 0 1
    outer loop
      vertex 175 118 93
      vertex 115 115 93
      vertex 174.612 117.949 93
    endloop
  endfacet
  facet normal -0 0 1
    outer loop
      vertex 112 62 93
      vertex 115 3 93
      vertex 115 115 93
    endloop
  endfacet
  facet normal 0 -0 1
    outer loop
      vertex 114 3 93
      vertex 115 3 93
      vertex 112 62 93
    endloop
  endfacet
  facet normal 0 0 1
    outer loop
      vertex 115 3 93
      vertex 114.388 2.94889 93
      vertex 114.75 2.79904 93
    endloop
  endfacet
  facet normal 0 0 1
    outer loop
      vertex 115 3 93
      vertex 114 3 93
      vertex 114.388 2.94889 93
    endloop
  endfacet
  facet normal 0 0 1
    outer loop
      vertex 112 3 93
      vertex 114 3 93
      vertex 112 62 93
    endloop
  endfacet
  facet normal 0 0 1
    outer loop
      vertex 114 3 93
      vertex 112 3 93
      vertex 113.612 2.94889 93
    endloop
  endfacet
  facet normal 0 0 1
    outer loop
      vertex 113.612 2.94889 93
      vertex 112 3 93
      vertex 113.25 2.79904 93
    endloop
  endfacet
  facet normal 0 0 1
    outer loop
      vertex 113.25 2.79904 93
      vertex 112 3 93
      vertex 112.939 2.56066 93
    endloop
  endfacet
  facet normal 0 0 1
    outer loop
      vertex 112.939 2.56066 93
      vertex 112 3 93
      vertex 112.701 2.25 93
    endloop
  endfacet
  facet normal 0 0 1
    outer loop
      vertex 112 65 93
      vertex 115 115 93
      vertex 112 115 93
    endloop
  endfacet
  facet normal 0 0 1
    outer loop
      vertex 175 118 93
      vertex 112 115 93
      vertex 115 115 93
    endloop
  endfacet
  facet normal -0 0 1
    outer loop
      vertex 25 118 93
      vertex 112 115 93
      vertex 175 118 93
    endloop
  endfacet
  facet normal 0 0 1
    outer loop
      vertex 112 115 93
      vertex 26.4489 116.888 93
      vertex 26.5 116.5 93
    endloop
  endfacet
  facet normal 0 0 1
    outer loop
      vertex 112 115 93
      vertex 26.299 117.25 93
      vertex 26.4489 116.888 93
    endloop
  endfacet
  facet normal 0 0 1
    outer loop
      vertex 112 115 93
      vertex 26.0607 117.561 93
      vertex 26.299 117.25 93
    endloop
  endfacet
  facet normal 0 0 1
    outer loop
      vertex 112 115 93
      vertex 25.75 117.799 93
      vertex 26.0607 117.561 93
    endloop
  endfacet
  facet normal 0 0 1
    outer loop
      vertex 112 115 93
      vertex 25.3882 117.949 93
      vertex 25.75 117.799 93
    endloop
  endfacet
  facet normal 0 0 1
    outer loop
      vertex 112 115 93
      vertex 25 118 93
      vertex 25.3882 117.949 93
    endloop
  endfacet
  facet normal 0 0 1
    outer loop
      vertex 174.612 115.051 93
      vertex 115 115 93
      vertex 175 115 93
    endloop
  endfacet
  facet normal 0 0 1
    outer loop
      vertex 174.25 115.201 93
      vertex 115 115 93
      vertex 174.612 115.051 93
    endloop
  endfacet
  facet normal 0 0 1
    outer loop
      vertex 173.939 115.439 93
      vertex 115 115 93
      vertex 174.25 115.201 93
    endloop
  endfacet
  facet normal 0 0 1
    outer loop
      vertex 173.701 115.75 93
      vertex 115 115 93
      vertex 173.939 115.439 93
    endloop
  endfacet
  facet normal 0 0 1
    outer loop
      vertex 173.551 116.112 93
      vertex 115 115 93
      vertex 173.701 115.75 93
    endloop
  endfacet
  facet normal 0 0 1
    outer loop
      vertex 115 115 93
      vertex 173.551 116.112 93
      vertex 173.5 116.5 93
    endloop
  endfacet
  facet normal 0 0 1
    outer loop
      vertex 197 3 93
      vertex 115.449 1.88823 93
      vertex 115.5 1.5 93
    endloop
  endfacet
  facet normal 0 0 1
    outer loop
      vertex 197 3 93
      vertex 115.299 2.25 93
      vertex 115.449 1.88823 93
    endloop
  endfacet
  facet normal -0 0 1
    outer loop
      vertex 115 3 93
      vertex 115.299 2.25 93
      vertex 197 3 93
    endloop
  endfacet
  facet normal 0 0 1
    outer loop
      vertex 115.299 2.25 93
      vertex 115 3 93
      vertex 115.061 2.56066 93
    endloop
  endfacet
  facet normal 0 0 1
    outer loop
      vertex 115.061 2.56066 93
      vertex 115 3 93
      vertex 114.75 2.79904 93
    endloop
  endfacet
  facet normal 0 0 1
    outer loop
      vertex 112 62 93
      vertex 115 115 93
      vertex 112 65 93
    endloop
  endfacet
  facet normal 0 0 1
    outer loop
      vertex 112.701 2.25 93
      vertex 112 3 93
      vertex 112.551 1.88823 93
    endloop
  endfacet
  facet normal 0 0 1
    outer loop
      vertex 112.551 1.88823 93
      vertex 112 3 93
      vertex 112.5 1.5 93
    endloop
  endfacet
  facet normal -0 0 1
    outer loop
      vertex 108 3 93
      vertex 112.5 1.5 93
      vertex 112 3 93
    endloop
  endfacet
  facet normal 0 0 1
    outer loop
      vertex 112.5 1.5 93
      vertex 108 3 93
      vertex 112.551 1.11177 93
    endloop
  endfacet
  facet normal 0 0 1
    outer loop
      vertex 108 3 93
      vertex 112.701 0.75 93
      vertex 112.551 1.11177 93
    endloop
  endfacet
  facet normal 0 0 1
    outer loop
      vertex 105 0 93
      vertex 112.701 0.75 93
      vertex 108 3 93
    endloop
  endfacet
  facet normal 0 0 1
    outer loop
      vertex 112.701 0.75 93
      vertex 105 0 93
      vertex 112.939 0.43934 93
    endloop
  endfacet
  facet normal 0 0 1
    outer loop
      vertex 113.612 0.0511112 93
      vertex 105 0 93
      vertex 114 0 93
    endloop
  endfacet
  facet normal 0 0 1
    outer loop
      vertex 113.25 0.200961 93
      vertex 105 0 93
      vertex 113.612 0.0511112 93
    endloop
  endfacet
  facet normal 0 0 1
    outer loop
      vertex 112.939 0.43934 93
      vertex 105 0 93
      vertex 113.25 0.200961 93
    endloop
  endfacet
  facet normal 0 0 1
    outer loop
      vertex 105 0 93
      vertex 108 3 93
      vertex 105 14 93
    endloop
  endfacet
  facet normal 0 0 1
    outer loop
      vertex 71 14 93
      vertex 68 3 93
      vertex 71 0 93
    endloop
  endfacet
  facet normal 0 0 1
    outer loop
      vertex 26.4489 1.11177 93
      vertex 68 3 93
      vertex 26.5 1.5 93
    endloop
  endfacet
  facet normal 0 0 1
    outer loop
      vertex 26.299 0.75 93
      vertex 68 3 93
      vertex 26.4489 1.11177 93
    endloop
  endfacet
  facet normal 0 0 1
    outer loop
      vertex 26.0607 0.43934 93
      vertex 68 3 93
      vertex 26.299 0.75 93
    endloop
  endfacet
  facet normal 0 0 1
    outer loop
      vertex 68 3 93
      vertex 26.0607 0.43934 93
      vertex 71 0 93
    endloop
  endfacet
  facet normal -0 0 1
    outer loop
      vertex 25.75 0.200961 93
      vertex 71 0 93
      vertex 26.0607 0.43934 93
    endloop
  endfacet
  facet normal -0 0 1
    outer loop
      vertex 25.3882 0.0511112 93
      vertex 71 0 93
      vertex 25.75 0.200961 93
    endloop
  endfacet
  facet normal 0 0 1
    outer loop
      vertex 71 0 93
      vertex 25.3882 0.0511112 93
      vertex 25 0 93
    endloop
  endfacet
  facet normal -0 0 1
    outer loop
      vertex 26.4489 116.112 93
      vertex 112 115 93
      vertex 26.5 116.5 93
    endloop
  endfacet
  facet normal -0 0 1
    outer loop
      vertex 26.299 115.75 93
      vertex 112 115 93
      vertex 26.4489 116.112 93
    endloop
  endfacet
  facet normal -0 0 1
    outer loop
      vertex 26.0607 115.439 93
      vertex 112 115 93
      vertex 26.299 115.75 93
    endloop
  endfacet
  facet normal -0 0 1
    outer loop
      vertex 25.75 115.201 93
      vertex 112 115 93
      vertex 26.0607 115.439 93
    endloop
  endfacet
  facet normal -0 0 1
    outer loop
      vertex 25.3882 115.051 93
      vertex 112 115 93
      vertex 25.75 115.201 93
    endloop
  endfacet
  facet normal 0 0 1
    outer loop
      vertex 112 115 93
      vertex 25.3882 115.051 93
      vertex 25 115 93
    endloop
  endfacet
  facet normal 0 0 1
    outer loop
      vertex 23.5511 116.888 93
      vertex 3 115 93
      vertex 23.5 116.5 93
    endloop
  endfacet
  facet normal 0 0 1
    outer loop
      vertex 23.701 117.25 93
      vertex 3 115 93
      vertex 23.5511 116.888 93
    endloop
  endfacet
  facet normal 0 0 1
    outer loop
      vertex 23.9393 117.561 93
      vertex 3 115 93
      vertex 23.701 117.25 93
    endloop
  endfacet
  facet normal 0 0 1
    outer loop
      vertex 0 118 93
      vertex 23.9393 117.561 93
      vertex 24.25 117.799 93
    endloop
  endfacet
  facet normal 0 0 1
    outer loop
      vertex 0 118 93
      vertex 24.25 117.799 93
      vertex 24.6118 117.949 93
    endloop
  endfacet
  facet normal 0 0 1
    outer loop
      vertex 0 118 93
      vertex 3 65 93
      vertex 3 115 93
    endloop
  endfacet
  facet normal 0 0 1
    outer loop
      vertex 3 65 93
      vertex 0 118 93
      vertex 3 62 93
    endloop
  endfacet
  facet normal 0 0 1
    outer loop
      vertex 0 0 93
      vertex 3 62 93
      vertex 0 118 93
    endloop
  endfacet
  facet normal 0 0 1
    outer loop
      vertex 23.9393 117.561 93
      vertex 0 118 93
      vertex 3 115 93
    endloop
  endfacet
  facet normal -0 0 1
    outer loop
      vertex 0 118 93
      vertex 24.6118 117.949 93
      vertex 25 118 93
    endloop
  endfacet
  facet normal 0 0 1
    outer loop
      vertex 24.6118 115.051 93
      vertex 3 115 93
      vertex 25 115 93
    endloop
  endfacet
  facet normal 0 0 1
    outer loop
      vertex 24.25 115.201 93
      vertex 3 115 93
      vertex 24.6118 115.051 93
    endloop
  endfacet
  facet normal 0 0 1
    outer loop
      vertex 23.9393 115.439 93
      vertex 3 115 93
      vertex 24.25 115.201 93
    endloop
  endfacet
  facet normal 0 0 1
    outer loop
      vertex 23.701 115.75 93
      vertex 3 115 93
      vertex 23.9393 115.439 93
    endloop
  endfacet
  facet normal 0 0 1
    outer loop
      vertex 23.5511 116.112 93
      vertex 3 115 93
      vertex 23.701 115.75 93
    endloop
  endfacet
  facet normal 0 0 1
    outer loop
      vertex 3 115 93
      vertex 23.5511 116.112 93
      vertex 23.5 116.5 93
    endloop
  endfacet
  facet normal 0 0 1
    outer loop
      vertex 23.5511 1.88823 93
      vertex 3 3 93
      vertex 23.5 1.5 93
    endloop
  endfacet
  facet normal 0 0 1
    outer loop
      vertex 23.701 2.25 93
      vertex 3 3 93
      vertex 23.5511 1.88823 93
    endloop
  endfacet
  facet normal 0 0 1
    outer loop
      vertex 23.9393 2.56066 93
      vertex 3 3 93
      vertex 23.701 2.25 93
    endloop
  endfacet
  facet normal 0 0 1
    outer loop
      vertex 24.25 2.79904 93
      vertex 3 3 93
      vertex 23.9393 2.56066 93
    endloop
  endfacet
  facet normal 0 0 1
    outer loop
      vertex 24.6118 2.94889 93
      vertex 3 3 93
      vertex 24.25 2.79904 93
    endloop
  endfacet
  facet normal -0 0 1
    outer loop
      vertex 3 3 93
      vertex 24.6118 2.94889 93
      vertex 25 3 93
    endloop
  endfacet
  facet normal 1 0 0
    outer loop
      vertex 200 54 37
      vertex 200 118 93
      vertex 200 54 67
    endloop
  endfacet
  facet normal 1 -0 0
    outer loop
      vertex 200 0 93
      vertex 200 54 67
      vertex 200 118 93
    endloop
  endfacet
  facet normal 1 0 0
    outer loop
      vertex 200 30 67
      vertex 200 0 93
      vertex 200 30 37
    endloop
  endfacet
  facet normal 1 0 0
    outer loop
      vertex 200 54 67
      vertex 200 0 93
      vertex 200 30 67
    endloop
  endfacet
  facet normal 1 0 0
    outer loop
      vertex 200 118 93
      vertex 200 54 37
      vertex 200 118 0
    endloop
  endfacet
  facet normal 1 0 0
    outer loop
      vertex 200 0 0
      vertex 200 54 37
      vertex 200 30 37
    endloop
  endfacet
  facet normal 1 0 0
    outer loop
      vertex 200 54 37
      vertex 200 0 0
      vertex 200 118 0
    endloop
  endfacet
  facet normal 1 0 0
    outer loop
      vertex 200 0 0
      vertex 200 30 37
      vertex 200 0 93
    endloop
  endfacet
  facet normal 0 0 -1
    outer loop
      vertex 99.895 116.005 0
      vertex 200 118 0
      vertex 200 0 0
    endloop
  endfacet
  facet normal 0 0 -1
    outer loop
      vertex 200 118 0
      vertex 100.076 116.319 0
      vertex 100.1 116.5 0
    endloop
  endfacet
  facet normal 0 0 -1
    outer loop
      vertex 200 118 0
      vertex 100.006 116.15 0
      vertex 100.076 116.319 0
    endloop
  endfacet
  facet normal 0 0 -1
    outer loop
      vertex 200 118 0
      vertex 99.895 116.005 0
      vertex 100.006 116.15 0
    endloop
  endfacet
  facet normal 0 0 -1
    outer loop
      vertex 200 0 0
      vertex 99.75 115.894 0
      vertex 99.895 116.005 0
    endloop
  endfacet
  facet normal 0 0 -1
    outer loop
      vertex 77.2062 15.85 0
      vertex 99.75 115.894 0
      vertex 200 0 0
    endloop
  endfacet
  facet normal 0 0 -1
    outer loop
      vertex 77.095 15.995 0
      vertex 99.75 115.894 0
      vertex 77.2062 15.85 0
    endloop
  endfacet
  facet normal 0 0 -1
    outer loop
      vertex 99.75 115.894 0
      vertex 77.095 15.995 0
      vertex 99.5812 115.824 0
    endloop
  endfacet
  facet normal 0 0 -1
    outer loop
      vertex 76.95 16.1062 0
      vertex 99.5812 115.824 0
      vertex 77.095 15.995 0
    endloop
  endfacet
  facet normal 0 0 -1
    outer loop
      vertex 99.5812 115.824 0
      vertex 76.95 16.1062 0
      vertex 99.4 115.8 0
    endloop
  endfacet
  facet normal -0 0 -1
    outer loop
      vertex 99.4 115.8 0
      vertex 76.7812 16.1761 0
      vertex 99.2188 115.824 0
    endloop
  endfacet
  facet normal 0 0 -1
    outer loop
      vertex 76.7812 16.1761 0
      vertex 99.4 115.8 0
      vertex 76.95 16.1062 0
    endloop
  endfacet
  facet normal 0 0 -1
    outer loop
      vertex 77.2062 15.85 0
      vertex 200 0 0
      vertex 77.2761 15.6812 0
    endloop
  endfacet
  facet normal 0 0 -1
    outer loop
      vertex 77.2761 15.6812 0
      vertex 200 0 0
      vertex 77.3 15.5 0
    endloop
  endfacet
  facet normal 0 0 -1
    outer loop
      vertex 200 0 0
      vertex 77.2761 15.3188 0
      vertex 77.3 15.5 0
    endloop
  endfacet
  facet normal 0 0 -1
    outer loop
      vertex 200 0 0
      vertex 77.2062 15.15 0
      vertex 77.2761 15.3188 0
    endloop
  endfacet
  facet normal 0 0 -1
    outer loop
      vertex 200 0 0
      vertex 77.095 15.005 0
      vertex 77.2062 15.15 0
    endloop
  endfacet
  facet normal 0 0 -1
    outer loop
      vertex 200 0 0
      vertex 76.95 14.8938 0
      vertex 77.095 15.005 0
    endloop
  endfacet
  facet normal 0 0 -1
    outer loop
      vertex 200 0 0
      vertex 76.7812 14.8239 0
      vertex 76.95 14.8938 0
    endloop
  endfacet
  facet normal 0 0 -1
    outer loop
      vertex 200 0 0
      vertex 76.6 14.8 0
      vertex 76.7812 14.8239 0
    endloop
  endfacet
  facet normal -0 0 -1
    outer loop
      vertex 75.9239 15.3188 0
      vertex 0 0 0
      vertex 75.9 15.5 0
    endloop
  endfacet
  facet normal -0 0 -1
    outer loop
      vertex 75.9938 15.15 0
      vertex 0 0 0
      vertex 75.9239 15.3188 0
    endloop
  endfacet
  facet normal -0 0 -1
    outer loop
      vertex 76.105 15.005 0
      vertex 0 0 0
      vertex 75.9938 15.15 0
    endloop
  endfacet
  facet normal -0 0 -1
    outer loop
      vertex 76.25 14.8938 0
      vertex 0 0 0
      vertex 76.105 15.005 0
    endloop
  endfacet
  facet normal -0 0 -1
    outer loop
      vertex 76.4188 14.8239 0
      vertex 0 0 0
      vertex 76.25 14.8938 0
    endloop
  endfacet
  facet normal -0 0 -1
    outer loop
      vertex 76.6 14.8 0
      vertex 0 0 0
      vertex 76.4188 14.8239 0
    endloop
  endfacet
  facet normal 0 0 -1
    outer loop
      vertex 0 0 0
      vertex 76.6 14.8 0
      vertex 200 0 0
    endloop
  endfacet
  facet normal 0 0 -1
    outer loop
      vertex 100.076 116.681 0
      vertex 200 118 0
      vertex 100.1 116.5 0
    endloop
  endfacet
  facet normal 0 0 -1
    outer loop
      vertex 100.006 116.85 0
      vertex 200 118 0
      vertex 100.076 116.681 0
    endloop
  endfacet
  facet normal 0 0 -1
    outer loop
      vertex 99.895 116.995 0
      vertex 200 118 0
      vertex 100.006 116.85 0
    endloop
  endfacet
  facet normal 0 0 -1
    outer loop
      vertex 99.75 117.106 0
      vertex 200 118 0
      vertex 99.895 116.995 0
    endloop
  endfacet
  facet normal 0 0 -1
    outer loop
      vertex 99.5812 117.176 0
      vertex 200 118 0
      vertex 99.75 117.106 0
    endloop
  endfacet
  facet normal 0 0 -1
    outer loop
      vertex 99.4 117.2 0
      vertex 200 118 0
      vertex 99.5812 117.176 0
    endloop
  endfacet
  facet normal 0 0 -1
    outer loop
      vertex 76.6 16.2 0
      vertex 99.2188 115.824 0
      vertex 76.7812 16.1761 0
    endloop
  endfacet
  facet normal -0 0 -1
    outer loop
      vertex 99.2188 115.824 0
      vertex 76.6 16.2 0
      vertex 99.05 115.894 0
    endloop
  endfacet
  facet normal 0 0 -1
    outer loop
      vertex 76.4188 16.1761 0
      vertex 99.05 115.894 0
      vertex 76.6 16.2 0
    endloop
  endfacet
  facet normal -0 0 -1
    outer loop
      vertex 99.05 115.894 0
      vertex 76.4188 16.1761 0
      vertex 98.905 116.005 0
    endloop
  endfacet
  facet normal 0 0 -1
    outer loop
      vertex 76.25 16.1062 0
      vertex 98.905 116.005 0
      vertex 76.4188 16.1761 0
    endloop
  endfacet
  facet normal 0 0 -1
    outer loop
      vertex 0 118 0
      vertex 98.905 116.005 0
      vertex 76.25 16.1062 0
    endloop
  endfacet
  facet normal 0 0 -1
    outer loop
      vertex 98.905 116.005 0
      vertex 0 118 0
      vertex 98.7938 116.15 0
    endloop
  endfacet
  facet normal 0 0 -1
    outer loop
      vertex 98.7938 116.15 0
      vertex 0 118 0
      vertex 98.7239 116.319 0
    endloop
  endfacet
  facet normal 0 0 -1
    outer loop
      vertex 98.7239 116.319 0
      vertex 0 118 0
      vertex 98.7 116.5 0
    endloop
  endfacet
  facet normal 0 0 -1
    outer loop
      vertex 0 118 0
      vertex 76.25 16.1062 0
      vertex 76.105 15.995 0
    endloop
  endfacet
  facet normal 0 0 -1
    outer loop
      vertex 0 0 0
      vertex 76.105 15.995 0
      vertex 75.9938 15.85 0
    endloop
  endfacet
  facet normal 0 0 -1
    outer loop
      vertex 0 0 0
      vertex 75.9938 15.85 0
      vertex 75.9239 15.6812 0
    endloop
  endfacet
  facet normal 0 0 -1
    outer loop
      vertex 0 0 0
      vertex 75.9239 15.6812 0
      vertex 75.9 15.5 0
    endloop
  endfacet
  facet normal -0 0 -1
    outer loop
      vertex 76.105 15.995 0
      vertex 0 0 0
      vertex 0 118 0
    endloop
  endfacet
  facet normal 0 0 -1
    outer loop
      vertex 98.7 116.5 0
      vertex 0 118 0
      vertex 98.7239 116.681 0
    endloop
  endfacet
  facet normal 0 0 -1
    outer loop
      vertex 98.7239 116.681 0
      vertex 0 118 0
      vertex 98.7938 116.85 0
    endloop
  endfacet
  facet normal 0 0 -1
    outer loop
      vertex 99.4 117.2 0
      vertex 0 118 0
      vertex 200 118 0
    endloop
  endfacet
  facet normal 0 0 -1
    outer loop
      vertex 99.2188 117.176 0
      vertex 0 118 0
      vertex 99.4 117.2 0
    endloop
  endfacet
  facet normal 0 0 -1
    outer loop
      vertex 99.05 117.106 0
      vertex 0 118 0
      vertex 99.2188 117.176 0
    endloop
  endfacet
  facet normal 0 0 -1
    outer loop
      vertex 98.905 116.995 0
      vertex 0 118 0
      vertex 99.05 117.106 0
    endloop
  endfacet
  facet normal 0 0 -1
    outer loop
      vertex 98.7938 116.85 0
      vertex 0 118 0
      vertex 98.905 116.995 0
    endloop
  endfacet
  facet normal 0 -1 0
    outer loop
      vertex 64 0 36
      vertex 64 0 35
      vertex 70 0 36
    endloop
  endfacet
  facet normal 0 -1 0
    outer loop
      vertex 36 0 68
      vertex 38 0 69
      vertex 36 0 69
    endloop
  endfacet
  facet normal 0 -1 -0
    outer loop
      vertex 38 0 69
      vertex 36 0 68
      vertex 38 0 68
    endloop
  endfacet
  facet normal 0 -1 0
    outer loop
      vertex 8 0 69
      vertex 25 0 93
      vertex 0 0 93
    endloop
  endfacet
  facet normal 0 -1 -0
    outer loop
      vertex 25 0 93
      vertex 8 0 69
      vertex 36 0 69
    endloop
  endfacet
  facet normal 0 -1 0
    outer loop
      vertex 0 0 93
      vertex 2 0 68
      vertex 8 0 69
    endloop
  endfacet
  facet normal 0 -1 0
    outer loop
      vertex 0 0 93
      vertex 2 0 36
      vertex 2 0 68
    endloop
  endfacet
  facet normal 0 -1 0
    outer loop
      vertex 2 0 36
      vertex 8 0 35
      vertex 8 0 36
    endloop
  endfacet
  facet normal 0 -1 0
    outer loop
      vertex 0 0 0
      vertex 36 0 35
      vertex 8 0 35
    endloop
  endfacet
  facet normal -0 -1 0
    outer loop
      vertex 71 0 3
      vertex 36 0 35
      vertex 0 0 0
    endloop
  endfacet
  facet normal 0 -1 0
    outer loop
      vertex 38 0 35
      vertex 71 0 3
      vertex 64 0 35
    endloop
  endfacet
  facet normal 0 -1 0
    outer loop
      vertex 0 0 0
      vertex 8 0 35
      vertex 2 0 36
    endloop
  endfacet
  facet normal 0 -1 0
    outer loop
      vertex 0 0 0
      vertex 105 0 3
      vertex 71 0 3
    endloop
  endfacet
  facet normal 0 -1 0
    outer loop
      vertex 105 0 3
      vertex 200 0 0
      vertex 120 0 3
    endloop
  endfacet
  facet normal 0 -1 -0
    outer loop
      vertex 105 0 3
      vertex 0 0 0
      vertex 200 0 0
    endloop
  endfacet
  facet normal 0 -1 0
    outer loop
      vertex 36 0 35
      vertex 71 0 3
      vertex 38 0 35
    endloop
  endfacet
  facet normal 0 -1 0
    outer loop
      vertex 0 0 0
      vertex 2 0 36
      vertex 0 0 93
    endloop
  endfacet
  facet normal 0 -1 0
    outer loop
      vertex 38 0 69
      vertex 25 0 93
      vertex 36 0 69
    endloop
  endfacet
  facet normal 0 -1 0
    outer loop
      vertex 25 0 93
      vertex 38 0 69
      vertex 71 0 93
    endloop
  endfacet
  facet normal 0 -1 0
    outer loop
      vertex 64 0 69
      vertex 71 0 93
      vertex 38 0 69
    endloop
  endfacet
  facet normal 0 -1 0
    outer loop
      vertex 70 0 68
      vertex 64 0 69
      vertex 64 0 68
    endloop
  endfacet
  facet normal 0 -1 0
    outer loop
      vertex 64 0 69
      vertex 70 0 68
      vertex 71 0 93
    endloop
  endfacet
  facet normal 0 -1 0
    outer loop
      vertex 70 0 36
      vertex 71 0 93
      vertex 70 0 68
    endloop
  endfacet
  facet normal 0 -1 0
    outer loop
      vertex 70 0 36
      vertex 71 0 3
      vertex 71 0 93
    endloop
  endfacet
  facet normal 0 -1 0
    outer loop
      vertex 71 0 3
      vertex 70 0 36
      vertex 64 0 35
    endloop
  endfacet
  facet normal 0 -1 -0
    outer loop
      vertex 8 0 69
      vertex 2 0 68
      vertex 8 0 68
    endloop
  endfacet
  facet normal 0 -1 0
    outer loop
      vertex 36 0 35
      vertex 38 0 36
      vertex 36 0 36
    endloop
  endfacet
  facet normal 0 -1 -0
    outer loop
      vertex 38 0 36
      vertex 36 0 35
      vertex 38 0 35
    endloop
  endfacet
  facet normal 0 -1 0
    outer loop
      vertex 120 0 59
      vertex 114 0 93
      vertex 105 0 93
    endloop
  endfacet
  facet normal 0 -1 0
    outer loop
      vertex 190 0 59
      vertex 114 0 93
      vertex 120 0 59
    endloop
  endfacet
  facet normal 0 -1 0
    outer loop
      vertex 105 0 3
      vertex 120 0 59
      vertex 105 0 93
    endloop
  endfacet
  facet normal 0 -1 -0
    outer loop
      vertex 120 0 59
      vertex 105 0 3
      vertex 120 0 3
    endloop
  endfacet
  facet normal 0 -1 0
    outer loop
      vertex 114 0 93
      vertex 190 0 59
      vertex 200 0 93
    endloop
  endfacet
  facet normal 0 -1 0
    outer loop
      vertex 200 0 0
      vertex 190 0 59
      vertex 190 0 3
    endloop
  endfacet
  facet normal 0 -1 0
    outer loop
      vertex 190 0 59
      vertex 200 0 0
      vertex 200 0 93
    endloop
  endfacet
  facet normal 0 -1 0
    outer loop
      vertex 120 0 3
      vertex 200 0 0
      vertex 190 0 3
    endloop
  endfacet
  facet normal 0 1 -0
    outer loop
      vertex 200 118 0
      vertex 175 118 93
      vertex 200 118 93
    endloop
  endfacet
  facet normal 0 1 0
    outer loop
      vertex 175 118 93
      vertex 102 118 61
      vertex 25 118 93
    endloop
  endfacet
  facet normal 0 1 -0
    outer loop
      vertex 74 118 61
      vertex 25 118 93
      vertex 102 118 61
    endloop
  endfacet
  facet normal -0 1 -0
    outer loop
      vertex 42 118 67
      vertex 25 118 93
      vertex 74 118 61
    endloop
  endfacet
  facet normal 0 1 0
    outer loop
      vertex 175 118 93
      vertex 200 118 0
      vertex 102 118 61
    endloop
  endfacet
  facet normal 0 1 0
    outer loop
      vertex 102 118 3
      vertex 200 118 0
      vertex 74 118 3
    endloop
  endfacet
  facet normal 0 1 0
    outer loop
      vertex 102 118 61
      vertex 200 118 0
      vertex 102 118 3
    endloop
  endfacet
  facet normal 0 1 0
    outer loop
      vertex 25 118 93
      vertex 14 118 67
      vertex 0 118 93
    endloop
  endfacet
  facet normal 0 1 -0
    outer loop
      vertex 14 118 37
      vertex 0 118 93
      vertex 14 118 67
    endloop
  endfacet
  facet normal 0 1 0
    outer loop
      vertex 14 118 37
      vertex 0 118 0
      vertex 0 118 93
    endloop
  endfacet
  facet normal 0 1 0
    outer loop
      vertex 42 118 37
      vertex 0 118 0
      vertex 14 118 37
    endloop
  endfacet
  facet normal 0 1 0
    outer loop
      vertex 0 118 0
      vertex 74 118 3
      vertex 200 118 0
    endloop
  endfacet
  facet normal 0 1 0
    outer loop
      vertex 14 118 67
      vertex 25 118 93
      vertex 42 118 67
    endloop
  endfacet
  facet normal 0 1 0
    outer loop
      vertex 74 118 61
      vertex 42 118 37
      vertex 42 118 67
    endloop
  endfacet
  facet normal 0 1 0
    outer loop
      vertex 0 118 0
      vertex 42 118 37
      vertex 74 118 3
    endloop
  endfacet
  facet normal 0 1 -0
    outer loop
      vertex 74 118 3
      vertex 42 118 37
      vertex 74 118 61
    endloop
  endfacet
  facet normal 1 0 0
    outer loop
      vertex 3 44 37
      vertex 3 62 93
      vertex 3 44 67
    endloop
  endfacet
  facet normal 1 -0 0
    outer loop
      vertex 3 3 93
      vertex 3 44 67
      vertex 3 62 93
    endloop
  endfacet
  facet normal 1 0 0
    outer loop
      vertex 3 20 67
      vertex 3 3 93
      vertex 3 20 37
    endloop
  endfacet
  facet normal 1 0 0
    outer loop
      vertex 3 44 67
      vertex 3 3 93
      vertex 3 20 67
    endloop
  endfacet
  facet normal 1 0 0
    outer loop
      vertex 3 62 93
      vertex 3 44 37
      vertex 3 62 3
    endloop
  endfacet
  facet normal 1 0 0
    outer loop
      vertex 3 3 3
      vertex 3 44 37
      vertex 3 20 37
    endloop
  endfacet
  facet normal 1 0 0
    outer loop
      vertex 3 44 37
      vertex 3 3 3
      vertex 3 62 3
    endloop
  endfacet
  facet normal 1 0 0
    outer loop
      vertex 3 3 3
      vertex 3 20 37
      vertex 3 3 93
    endloop
  endfacet
  facet normal 1 0 0
    outer loop
      vertex 3 102 37
      vertex 3 115 93
      vertex 3 102 67
    endloop
  endfacet
  facet normal 1 0 0
    outer loop
      vertex 3 115 93
      vertex 3 78 67
      vertex 3 102 67
    endloop
  endfacet
  facet normal 1 0 0
    outer loop
      vertex 3 78 67
      vertex 3 65 93
      vertex 3 78 37
    endloop
  endfacet
  facet normal 1 -0 0
    outer loop
      vertex 3 65 93
      vertex 3 78 67
      vertex 3 115 93
    endloop
  endfacet
  facet normal 1 0 0
    outer loop
      vertex 3 115 93
      vertex 3 102 37
      vertex 3 115 3
    endloop
  endfacet
  facet normal 1 -0 0
    outer loop
      vertex 3 78 37
      vertex 3 115 3
      vertex 3 102 37
    endloop
  endfacet
  facet normal 1 0 0
    outer loop
      vertex 3 78 37
      vertex 3 65 3
      vertex 3 115 3
    endloop
  endfacet
  facet normal 1 0 0
    outer loop
      vertex 3 65 3
      vertex 3 78 37
      vertex 3 65 93
    endloop
  endfacet
  facet normal -1 0 0
    outer loop
      vertex 197 115 3
      vertex 197 54 37
      vertex 197 115 93
    endloop
  endfacet
  facet normal -1 0 0
    outer loop
      vertex 197 3 3
      vertex 197 54 37
      vertex 197 115 3
    endloop
  endfacet
  facet normal -1 0 0
    outer loop
      vertex 197 3 93
      vertex 197 30 37
      vertex 197 3 3
    endloop
  endfacet
  facet normal -1 -0 0
    outer loop
      vertex 197 54 37
      vertex 197 3 3
      vertex 197 30 37
    endloop
  endfacet
  facet normal -1 0 0
    outer loop
      vertex 197 54 67
      vertex 197 115 93
      vertex 197 54 37
    endloop
  endfacet
  facet normal -1 0 0
    outer loop
      vertex 197 3 93
      vertex 197 54 67
      vertex 197 30 67
    endloop
  endfacet
  facet normal -1 0 0
    outer loop
      vertex 197 54 67
      vertex 197 3 93
      vertex 197 115 93
    endloop
  endfacet
  facet normal -1 0 0
    outer loop
      vertex 197 30 37
      vertex 197 3 93
      vertex 197 30 67
    endloop
  endfacet
  facet normal 0 -1 0
    outer loop
      vertex 115 115 3
      vertex 175 115 93
      vertex 115 115 93
    endloop
  endfacet
  facet normal 0 -1 0
    outer loop
      vertex 197 115 3
      vertex 175 115 93
      vertex 115 115 3
    endloop
  endfacet
  facet normal 0 -1 0
    outer loop
      vertex 175 115 93
      vertex 197 115 3
      vertex 197 115 93
    endloop
  endfacet
  facet normal 0 -1 0
    outer loop
      vertex 42 115 37
      vertex 74 115 61
      vertex 42 115 67
    endloop
  endfacet
  facet normal 0 -1 0
    outer loop
      vertex 74 115 3
      vertex 42 115 37
      vertex 3 115 3
    endloop
  endfacet
  facet normal 0 -1 0
    outer loop
      vertex 42 115 37
      vertex 74 115 3
      vertex 74 115 61
    endloop
  endfacet
  facet normal 0 -1 0
    outer loop
      vertex 14 115 67
      vertex 25 115 93
      vertex 3 115 93
    endloop
  endfacet
  facet normal 0 -1 -0
    outer loop
      vertex 25 115 93
      vertex 14 115 67
      vertex 42 115 67
    endloop
  endfacet
  facet normal 0 -1 0
    outer loop
      vertex 3 115 93
      vertex 14 115 37
      vertex 14 115 67
    endloop
  endfacet
  facet normal 0 -1 -0
    outer loop
      vertex 14 115 37
      vertex 3 115 3
      vertex 42 115 37
    endloop
  endfacet
  facet normal 0 -1 0
    outer loop
      vertex 3 115 3
      vertex 14 115 37
      vertex 3 115 93
    endloop
  endfacet
  facet normal 0 -1 0
    outer loop
      vertex 74 115 61
      vertex 25 115 93
      vertex 42 115 67
    endloop
  endfacet
  facet normal 0 -1 0
    outer loop
      vertex 25 115 93
      vertex 74 115 61
      vertex 112 115 93
    endloop
  endfacet
  facet normal 0 -1 0
    outer loop
      vertex 102 115 61
      vertex 112 115 93
      vertex 74 115 61
    endloop
  endfacet
  facet normal 0 -1 0
    outer loop
      vertex 112 115 3
      vertex 102 115 61
      vertex 102 115 3
    endloop
  endfacet
  facet normal 0 -1 0
    outer loop
      vertex 102 115 61
      vertex 112 115 3
      vertex 112 115 93
    endloop
  endfacet
  facet normal -0 0 1
    outer loop
      vertex 48 62 3
      vertex 68 58 3
      vertex 68 62 3
    endloop
  endfacet
  facet normal 0 0 1
    outer loop
      vertex 68 58 3
      vertex 48 62 3
      vertex 68 30 3
    endloop
  endfacet
  facet normal -0 0 1
    outer loop
      vertex 20 62 3
      vertex 68 30 3
      vertex 48 62 3
    endloop
  endfacet
  facet normal 0 0 1
    outer loop
      vertex 20 62 3
      vertex 48 62 3
      vertex 20 65 3
    endloop
  endfacet
  facet normal 0 0 1
    outer loop
      vertex 68 30 3
      vertex 20 62 3
      vertex 3 3 3
    endloop
  endfacet
  facet normal 0 0 1
    outer loop
      vertex 3 3 3
      vertex 20 62 3
      vertex 3 62 3
    endloop
  endfacet
  facet normal 0 0 1
    outer loop
      vertex 68 30 3
      vertex 3 3 3
      vertex 68 3 3
    endloop
  endfacet
  facet normal -0 0 1
    outer loop
      vertex 68 58 3
      vertex 71 30 3
      vertex 71 58 3
    endloop
  endfacet
  facet normal 0 0 1
    outer loop
      vertex 71 30 3
      vertex 68 58 3
      vertex 68 30 3
    endloop
  endfacet
  facet normal 0 0 1
    outer loop
      vertex 102 17 3
      vertex 77.2761 15.6812 3
      vertex 77.3 15.5 3
    endloop
  endfacet
  facet normal 0 0 1
    outer loop
      vertex 102 17 3
      vertex 77.2062 15.85 3
      vertex 77.2761 15.6812 3
    endloop
  endfacet
  facet normal 0 -0 1
    outer loop
      vertex 77.095 15.995 3
      vertex 102 17 3
      vertex 71 30 3
    endloop
  endfacet
  facet normal 0 0 1
    outer loop
      vertex 102 17 3
      vertex 77.095 15.995 3
      vertex 77.2062 15.85 3
    endloop
  endfacet
  facet normal 0 0 1
    outer loop
      vertex 77.095 15.995 3
      vertex 71 30 3
      vertex 76.95 16.1062 3
    endloop
  endfacet
  facet normal 0 0 1
    outer loop
      vertex 76.95 16.1062 3
      vertex 71 30 3
      vertex 76.7812 16.1761 3
    endloop
  endfacet
  facet normal 0 0 1
    outer loop
      vertex 76.7812 16.1761 3
      vertex 71 30 3
      vertex 76.6 16.2 3
    endloop
  endfacet
  facet normal -0 -0 1
    outer loop
      vertex 74 17 3
      vertex 76.6 16.2 3
      vertex 71 30 3
    endloop
  endfacet
  facet normal 0 0 1
    outer loop
      vertex 76.6 16.2 3
      vertex 74 17 3
      vertex 76.4188 16.1761 3
    endloop
  endfacet
  facet normal 0 0 1
    outer loop
      vertex 76.4188 16.1761 3
      vertex 74 17 3
      vertex 76.25 16.1062 3
    endloop
  endfacet
  facet normal 0 0 1
    outer loop
      vertex 76.25 16.1062 3
      vertex 74 17 3
      vertex 76.105 15.995 3
    endloop
  endfacet
  facet normal 0 0 1
    outer loop
      vertex 76.105 15.995 3
      vertex 74 17 3
      vertex 75.9938 15.85 3
    endloop
  endfacet
  facet normal 0 0 1
    outer loop
      vertex 75.9938 15.85 3
      vertex 74 17 3
      vertex 75.9239 15.6812 3
    endloop
  endfacet
  facet normal 0 0 1
    outer loop
      vertex 71 58 3
      vertex 78 62 3
      vertex 71 62 3
    endloop
  endfacet
  facet normal 0 0 1
    outer loop
      vertex 71 30 3
      vertex 78 62 3
      vertex 71 58 3
    endloop
  endfacet
  facet normal 0 0 1
    outer loop
      vertex 75.9239 15.6812 3
      vertex 74 17 3
      vertex 75.9 15.5 3
    endloop
  endfacet
  facet normal 0 0 1
    outer loop
      vertex 74 17 3
      vertex 71 30 3
      vertex 71 17 3
    endloop
  endfacet
  facet normal -0 0 1
    outer loop
      vertex 100.1 116.5 3
      vertex 102 115 3
      vertex 102 118 3
    endloop
  endfacet
  facet normal -0 0 1
    outer loop
      vertex 99.75 115.894 3
      vertex 102 115 3
      vertex 99.895 116.005 3
    endloop
  endfacet
  facet normal 0 0 1
    outer loop
      vertex 102 115 3
      vertex 100.1 116.5 3
      vertex 100.076 116.319 3
    endloop
  endfacet
  facet normal 0 0 1
    outer loop
      vertex 102 118 3
      vertex 100.076 116.681 3
      vertex 100.1 116.5 3
    endloop
  endfacet
  facet normal 0 0 1
    outer loop
      vertex 102 118 3
      vertex 100.006 116.85 3
      vertex 100.076 116.681 3
    endloop
  endfacet
  facet normal 0 0 1
    outer loop
      vertex 102 118 3
      vertex 99.895 116.995 3
      vertex 100.006 116.85 3
    endloop
  endfacet
  facet normal 0 0 1
    outer loop
      vertex 102 118 3
      vertex 99.75 117.106 3
      vertex 99.895 116.995 3
    endloop
  endfacet
  facet normal 0 0 1
    outer loop
      vertex 102 118 3
      vertex 99.5812 117.176 3
      vertex 99.75 117.106 3
    endloop
  endfacet
  facet normal 0 0 1
    outer loop
      vertex 102 118 3
      vertex 99.4 117.2 3
      vertex 99.5812 117.176 3
    endloop
  endfacet
  facet normal 0 0 1
    outer loop
      vertex 102 118 3
      vertex 99.2188 117.176 3
      vertex 99.4 117.2 3
    endloop
  endfacet
  facet normal 0 0 1
    outer loop
      vertex 74 118 3
      vertex 98.7 116.5 3
      vertex 98.7239 116.681 3
    endloop
  endfacet
  facet normal -0 0 1
    outer loop
      vertex 74 118 3
      vertex 99.2188 117.176 3
      vertex 102 118 3
    endloop
  endfacet
  facet normal 0 0 1
    outer loop
      vertex 74 118 3
      vertex 99.05 117.106 3
      vertex 99.2188 117.176 3
    endloop
  endfacet
  facet normal 0 0 1
    outer loop
      vertex 74 118 3
      vertex 98.905 116.995 3
      vertex 99.05 117.106 3
    endloop
  endfacet
  facet normal 0 0 1
    outer loop
      vertex 74 118 3
      vertex 98.7938 116.85 3
      vertex 98.905 116.995 3
    endloop
  endfacet
  facet normal 0 0 1
    outer loop
      vertex 74 118 3
      vertex 98.7239 116.681 3
      vertex 98.7938 116.85 3
    endloop
  endfacet
  facet normal 0 0 1
    outer loop
      vertex 98.7 116.5 3
      vertex 74 118 3
      vertex 74 115 3
    endloop
  endfacet
  facet normal 0 0 1
    outer loop
      vertex 98.7 116.5 3
      vertex 74 115 3
      vertex 78 65 3
    endloop
  endfacet
  facet normal 0 0 1
    outer loop
      vertex 74 115 3
      vertex 48 65 3
      vertex 78 65 3
    endloop
  endfacet
  facet normal 0 0 1
    outer loop
      vertex 48 65 3
      vertex 20 65 3
      vertex 48 62 3
    endloop
  endfacet
  facet normal -0 0 1
    outer loop
      vertex 3 115 3
      vertex 48 65 3
      vertex 74 115 3
    endloop
  endfacet
  facet normal 0 0 1
    outer loop
      vertex 48 65 3
      vertex 3 115 3
      vertex 20 65 3
    endloop
  endfacet
  facet normal 0 0 1
    outer loop
      vertex 20 65 3
      vertex 3 115 3
      vertex 3 65 3
    endloop
  endfacet
  facet normal -0 0 1
    outer loop
      vertex 102 115 3
      vertex 112 108 3
      vertex 112 115 3
    endloop
  endfacet
  facet normal 0 0 1
    outer loop
      vertex 112 108 3
      vertex 102 115 3
      vertex 112 80 3
    endloop
  endfacet
  facet normal 0 0 1
    outer loop
      vertex 112 80 3
      vertex 106 65 3
      vertex 112 65 3
    endloop
  endfacet
  facet normal 0 0 1
    outer loop
      vertex 106 65 3
      vertex 102 115 3
      vertex 106 62 3
    endloop
  endfacet
  facet normal 0 0 1
    outer loop
      vertex 112 80 3
      vertex 102 115 3
      vertex 106 65 3
    endloop
  endfacet
  facet normal -0 0 1
    outer loop
      vertex 112 108 3
      vertex 115 80 3
      vertex 115 108 3
    endloop
  endfacet
  facet normal 0 0 1
    outer loop
      vertex 115 80 3
      vertex 112 108 3
      vertex 112 80 3
    endloop
  endfacet
  facet normal 0 0 1
    outer loop
      vertex 197 115 3
      vertex 190 3 3
      vertex 197 3 3
    endloop
  endfacet
  facet normal 0 0 1
    outer loop
      vertex 190 3 3
      vertex 120 3 3
      vertex 190 0 3
    endloop
  endfacet
  facet normal -0 0 1
    outer loop
      vertex 115 80 3
      vertex 190 3 3
      vertex 197 115 3
    endloop
  endfacet
  facet normal 0 0 1
    outer loop
      vertex 115 108 3
      vertex 197 115 3
      vertex 115 115 3
    endloop
  endfacet
  facet normal 0 0 1
    outer loop
      vertex 115 80 3
      vertex 197 115 3
      vertex 115 108 3
    endloop
  endfacet
  facet normal 0 0 1
    outer loop
      vertex 190 3 3
      vertex 115 80 3
      vertex 120 3 3
    endloop
  endfacet
  facet normal 0 0 1
    outer loop
      vertex 120 3 3
      vertex 115 80 3
      vertex 115 3 3
    endloop
  endfacet
  facet normal 0 0 1
    outer loop
      vertex 190 0 3
      vertex 120 3 3
      vertex 120 0 3
    endloop
  endfacet
  facet normal 0 0 1
    outer loop
      vertex 112 62 3
      vertex 108 17 3
      vertex 112 3 3
    endloop
  endfacet
  facet normal -0 0 1
    outer loop
      vertex 106 62 3
      vertex 108 17 3
      vertex 112 62 3
    endloop
  endfacet
  facet normal 0 0 1
    outer loop
      vertex 102 17 3
      vertex 106 62 3
      vertex 102 115 3
    endloop
  endfacet
  facet normal 0 0 1
    outer loop
      vertex 106 62 3
      vertex 102 17 3
      vertex 108 17 3
    endloop
  endfacet
  facet normal 0 0 1
    outer loop
      vertex 112 3 3
      vertex 108 17 3
      vertex 108 3 3
    endloop
  endfacet
  facet normal -0 0 1
    outer loop
      vertex 102 14 3
      vertex 105 0 3
      vertex 105 14 3
    endloop
  endfacet
  facet normal 0 0 1
    outer loop
      vertex 102 115 3
      vertex 100.076 116.319 3
      vertex 100.006 116.15 3
    endloop
  endfacet
  facet normal 0 0 1
    outer loop
      vertex 102 115 3
      vertex 100.006 116.15 3
      vertex 99.895 116.005 3
    endloop
  endfacet
  facet normal 0 0 1
    outer loop
      vertex 102 115 3
      vertex 78 65 3
      vertex 102 17 3
    endloop
  endfacet
  facet normal -0 0 1
    outer loop
      vertex 99.5812 115.824 3
      vertex 102 115 3
      vertex 99.75 115.894 3
    endloop
  endfacet
  facet normal -0 0 1
    outer loop
      vertex 99.4 115.8 3
      vertex 102 115 3
      vertex 99.5812 115.824 3
    endloop
  endfacet
  facet normal 0 0 1
    outer loop
      vertex 99.2188 115.824 3
      vertex 102 115 3
      vertex 99.4 115.8 3
    endloop
  endfacet
  facet normal 0 0 1
    outer loop
      vertex 102 115 3
      vertex 99.2188 115.824 3
      vertex 78 65 3
    endloop
  endfacet
  facet normal 0 0 1
    outer loop
      vertex 78 65 3
      vertex 99.2188 115.824 3
      vertex 99.05 115.894 3
    endloop
  endfacet
  facet normal 0 0 1
    outer loop
      vertex 78 65 3
      vertex 99.05 115.894 3
      vertex 98.905 116.005 3
    endloop
  endfacet
  facet normal 0 0 1
    outer loop
      vertex 78 65 3
      vertex 98.905 116.005 3
      vertex 98.7938 116.15 3
    endloop
  endfacet
  facet normal 0 0 1
    outer loop
      vertex 78 65 3
      vertex 98.7938 116.15 3
      vertex 98.7239 116.319 3
    endloop
  endfacet
  facet normal 0 0 1
    outer loop
      vertex 78 65 3
      vertex 98.7239 116.319 3
      vertex 98.7 116.5 3
    endloop
  endfacet
  facet normal -0 0 1
    outer loop
      vertex 78 62 3
      vertex 102 17 3
      vertex 78 65 3
    endloop
  endfacet
  facet normal -0 0 1
    outer loop
      vertex 71 30 3
      vertex 102 17 3
      vertex 78 62 3
    endloop
  endfacet
  facet normal 0 0 1
    outer loop
      vertex 102 17 3
      vertex 77.3 15.5 3
      vertex 102 14 3
    endloop
  endfacet
  facet normal -0 0 1
    outer loop
      vertex 77.2761 15.3188 3
      vertex 102 14 3
      vertex 77.3 15.5 3
    endloop
  endfacet
  facet normal -0 0 1
    outer loop
      vertex 77.2062 15.15 3
      vertex 102 14 3
      vertex 77.2761 15.3188 3
    endloop
  endfacet
  facet normal -0 0 1
    outer loop
      vertex 77.095 15.005 3
      vertex 102 14 3
      vertex 77.2062 15.15 3
    endloop
  endfacet
  facet normal 0 0 1
    outer loop
      vertex 102 14 3
      vertex 77.095 15.005 3
      vertex 105 0 3
    endloop
  endfacet
  facet normal 0 0 1
    outer loop
      vertex 71 0 3
      vertex 77.095 15.005 3
      vertex 76.95 14.8938 3
    endloop
  endfacet
  facet normal 0 0 1
    outer loop
      vertex 71 0 3
      vertex 76.95 14.8938 3
      vertex 76.7812 14.8239 3
    endloop
  endfacet
  facet normal 0 0 1
    outer loop
      vertex 71 0 3
      vertex 76.7812 14.8239 3
      vertex 76.6 14.8 3
    endloop
  endfacet
  facet normal 0 0 1
    outer loop
      vertex 74 14 3
      vertex 76.6 14.8 3
      vertex 76.4188 14.8239 3
    endloop
  endfacet
  facet normal 0 0 1
    outer loop
      vertex 74 14 3
      vertex 76.4188 14.8239 3
      vertex 76.25 14.8938 3
    endloop
  endfacet
  facet normal 0 0 1
    outer loop
      vertex 74 14 3
      vertex 75.9 15.5 3
      vertex 74 17 3
    endloop
  endfacet
  facet normal 0 0 1
    outer loop
      vertex 75.9 15.5 3
      vertex 74 14 3
      vertex 75.9239 15.3188 3
    endloop
  endfacet
  facet normal 0 0 1
    outer loop
      vertex 75.9239 15.3188 3
      vertex 74 14 3
      vertex 75.9938 15.15 3
    endloop
  endfacet
  facet normal 0 0 1
    outer loop
      vertex 75.9938 15.15 3
      vertex 74 14 3
      vertex 76.105 15.005 3
    endloop
  endfacet
  facet normal 0 0 1
    outer loop
      vertex 74 14 3
      vertex 76.25 14.8938 3
      vertex 76.105 15.005 3
    endloop
  endfacet
  facet normal 0 0 1
    outer loop
      vertex 76.6 14.8 3
      vertex 74 14 3
      vertex 71 0 3
    endloop
  endfacet
  facet normal 0 0 1
    outer loop
      vertex 71 0 3
      vertex 74 14 3
      vertex 71 14 3
    endloop
  endfacet
  facet normal 0 0 1
    outer loop
      vertex 77.095 15.005 3
      vertex 71 0 3
      vertex 105 0 3
    endloop
  endfacet
  facet normal 0 1 0
    outer loop
      vertex 197 3 93
      vertex 190 3 59
      vertex 115 3 93
    endloop
  endfacet
  facet normal 0 1 -0
    outer loop
      vertex 197 3 3
      vertex 190 3 59
      vertex 197 3 93
    endloop
  endfacet
  facet normal 0 1 0
    outer loop
      vertex 190 3 59
      vertex 197 3 3
      vertex 190 3 3
    endloop
  endfacet
  facet normal 0 1 -0
    outer loop
      vertex 120 3 59
      vertex 115 3 93
      vertex 190 3 59
    endloop
  endfacet
  facet normal 0 1 0
    outer loop
      vertex 115 3 3
      vertex 120 3 59
      vertex 120 3 3
    endloop
  endfacet
  facet normal 0 1 0
    outer loop
      vertex 120 3 59
      vertex 115 3 3
      vertex 115 3 93
    endloop
  endfacet
  facet normal 0 1 -0
    outer loop
      vertex 112 3 3
      vertex 108 3 93
      vertex 112 3 93
    endloop
  endfacet
  facet normal 0 1 0
    outer loop
      vertex 108 3 93
      vertex 112 3 3
      vertex 108 3 3
    endloop
  endfacet
  facet normal 0 1 -0
    outer loop
      vertex 40 3 37
      vertex 34 3 67
      vertex 40 3 67
    endloop
  endfacet
  facet normal 0 1 0
    outer loop
      vertex 34 3 67
      vertex 40 3 37
      vertex 34 3 37
    endloop
  endfacet
  facet normal 0 1 -0
    outer loop
      vertex 40 3 67
      vertex 25 3 93
      vertex 68 3 93
    endloop
  endfacet
  facet normal 0 1 0
    outer loop
      vertex 40 3 67
      vertex 68 3 93
      vertex 62 3 67
    endloop
  endfacet
  facet normal 0 1 0
    outer loop
      vertex 68 3 93
      vertex 62 3 37
      vertex 62 3 67
    endloop
  endfacet
  facet normal 0 1 0
    outer loop
      vertex 68 3 3
      vertex 40 3 37
      vertex 62 3 37
    endloop
  endfacet
  facet normal 0 1 0
    outer loop
      vertex 40 3 37
      vertex 68 3 3
      vertex 34 3 37
    endloop
  endfacet
  facet normal 0 1 0
    outer loop
      vertex 3 3 3
      vertex 34 3 37
      vertex 68 3 3
    endloop
  endfacet
  facet normal 0 1 -0
    outer loop
      vertex 68 3 3
      vertex 62 3 37
      vertex 68 3 93
    endloop
  endfacet
  facet normal 0 1 0
    outer loop
      vertex 25 3 93
      vertex 40 3 67
      vertex 34 3 67
    endloop
  endfacet
  facet normal 0 1 0
    outer loop
      vertex 10 3 67
      vertex 25 3 93
      vertex 34 3 67
    endloop
  endfacet
  facet normal 0 1 0
    outer loop
      vertex 25 3 93
      vertex 10 3 67
      vertex 3 3 93
    endloop
  endfacet
  facet normal 0 1 -0
    outer loop
      vertex 10 3 37
      vertex 3 3 93
      vertex 10 3 67
    endloop
  endfacet
  facet normal 0 1 0
    outer loop
      vertex 10 3 37
      vertex 3 3 3
      vertex 3 3 93
    endloop
  endfacet
  facet normal 0 1 0
    outer loop
      vertex 34 3 37
      vertex 3 3 3
      vertex 10 3 37
    endloop
  endfacet
  facet normal -1 0 0
    outer loop
      vertex 68 30 3
      vertex 68 3 3
      vertex 68 30 61
    endloop
  endfacet
  facet normal -1 0 0
    outer loop
      vertex 68 58 61
      vertex 68 62 3
      vertex 68 58 3
    endloop
  endfacet
  facet normal -1 0 0
    outer loop
      vertex 68 62 3
      vertex 68 58 61
      vertex 68 62 93
    endloop
  endfacet
  facet normal -1 0 0
    outer loop
      vertex 68 30 61
      vertex 68 62 93
      vertex 68 58 61
    endloop
  endfacet
  facet normal -1 0 0
    outer loop
      vertex 68 30 61
      vertex 68 3 93
      vertex 68 62 93
    endloop
  endfacet
  facet normal -1 0 0
    outer loop
      vertex 68 3 93
      vertex 68 30 61
      vertex 68 3 3
    endloop
  endfacet
  facet normal 1 -0 0
    outer loop
      vertex 108 3 93
      vertex 108 17 3
      vertex 108 17 93
    endloop
  endfacet
  facet normal 1 0 0
    outer loop
      vertex 108 17 3
      vertex 108 3 93
      vertex 108 3 3
    endloop
  endfacet
  facet normal 1 -0 0
    outer loop
      vertex 71 0 93
      vertex 71 14 3
      vertex 71 14 93
    endloop
  endfacet
  facet normal 1 0 0
    outer loop
      vertex 71 14 3
      vertex 71 0 93
      vertex 71 0 3
    endloop
  endfacet
  facet normal 0 1 0
    outer loop
      vertex 108 17 93
      vertex 102 17 61
      vertex 71 17 93
    endloop
  endfacet
  facet normal 0 1 -0
    outer loop
      vertex 108 17 3
      vertex 102 17 61
      vertex 108 17 93
    endloop
  endfacet
  facet normal 0 1 0
    outer loop
      vertex 102 17 61
      vertex 108 17 3
      vertex 102 17 3
    endloop
  endfacet
  facet normal 0 1 -0
    outer loop
      vertex 74 17 61
      vertex 71 17 93
      vertex 102 17 61
    endloop
  endfacet
  facet normal 0 1 0
    outer loop
      vertex 71 17 3
      vertex 74 17 61
      vertex 74 17 3
    endloop
  endfacet
  facet normal 0 1 0
    outer loop
      vertex 74 17 61
      vertex 71 17 3
      vertex 71 17 93
    endloop
  endfacet
  facet normal -1 0 0
    outer loop
      vertex 105 0 3
      vertex 105 14 93
      vertex 105 14 3
    endloop
  endfacet
  facet normal -1 -0 0
    outer loop
      vertex 105 14 93
      vertex 105 0 3
      vertex 105 0 93
    endloop
  endfacet
  facet normal -1 0 0
    outer loop
      vertex 112 3 3
      vertex 112 62 93
      vertex 112 62 3
    endloop
  endfacet
  facet normal -1 -0 0
    outer loop
      vertex 112 62 93
      vertex 112 3 3
      vertex 112 3 93
    endloop
  endfacet
  facet normal -1 0 0
    outer loop
      vertex 112 80 3
      vertex 112 65 3
      vertex 112 80 61
    endloop
  endfacet
  facet normal -1 0 0
    outer loop
      vertex 112 108 61
      vertex 112 115 3
      vertex 112 108 3
    endloop
  endfacet
  facet normal -1 0 0
    outer loop
      vertex 112 115 3
      vertex 112 108 61
      vertex 112 115 93
    endloop
  endfacet
  facet normal -1 0 0
    outer loop
      vertex 112 80 61
      vertex 112 115 93
      vertex 112 108 61
    endloop
  endfacet
  facet normal -1 0 0
    outer loop
      vertex 112 80 61
      vertex 112 65 93
      vertex 112 115 93
    endloop
  endfacet
  facet normal -1 0 0
    outer loop
      vertex 112 65 93
      vertex 112 80 61
      vertex 112 65 3
    endloop
  endfacet
  facet normal 1 0 0
    outer loop
      vertex 115 115 93
      vertex 115 108 61
      vertex 115 115 3
    endloop
  endfacet
  facet normal 1 0 0
    outer loop
      vertex 115 115 93
      vertex 115 80 61
      vertex 115 108 61
    endloop
  endfacet
  facet normal 1 -0 0
    outer loop
      vertex 115 3 93
      vertex 115 80 61
      vertex 115 115 93
    endloop
  endfacet
  facet normal 1 0 0
    outer loop
      vertex 115 3 3
      vertex 115 80 61
      vertex 115 3 93
    endloop
  endfacet
  facet normal 1 0 0
    outer loop
      vertex 115 80 61
      vertex 115 3 3
      vertex 115 80 3
    endloop
  endfacet
  facet normal 1 0 0
    outer loop
      vertex 115 115 3
      vertex 115 108 61
      vertex 115 108 3
    endloop
  endfacet
  facet normal 1 0 0
    outer loop
      vertex 71 62 93
      vertex 71 58 61
      vertex 71 62 3
    endloop
  endfacet
  facet normal 1 0 0
    outer loop
      vertex 71 62 93
      vertex 71 30 61
      vertex 71 58 61
    endloop
  endfacet
  facet normal 1 -0 0
    outer loop
      vertex 71 17 93
      vertex 71 30 61
      vertex 71 62 93
    endloop
  endfacet
  facet normal 1 0 0
    outer loop
      vertex 71 17 3
      vertex 71 30 61
      vertex 71 17 93
    endloop
  endfacet
  facet normal 1 0 0
    outer loop
      vertex 71 30 61
      vertex 71 17 3
      vertex 71 30 3
    endloop
  endfacet
  facet normal 1 0 0
    outer loop
      vertex 71 62 3
      vertex 71 58 61
      vertex 71 58 3
    endloop
  endfacet
  facet normal 0 1 -0
    outer loop
      vertex 78 65 3
      vertex 48 65 61
      vertex 78 65 61
    endloop
  endfacet
  facet normal 0 1 0
    outer loop
      vertex 48 65 61
      vertex 78 65 3
      vertex 48 65 3
    endloop
  endfacet
  facet normal 0 1 0
    outer loop
      vertex 78 65 61
      vertex 112 65 93
      vertex 106 65 61
    endloop
  endfacet
  facet normal 0 1 -0
    outer loop
      vertex 112 65 3
      vertex 106 65 61
      vertex 112 65 93
    endloop
  endfacet
  facet normal 0 1 0
    outer loop
      vertex 106 65 61
      vertex 112 65 3
      vertex 106 65 3
    endloop
  endfacet
  facet normal 0 1 0
    outer loop
      vertex 48 65 61
      vertex 112 65 93
      vertex 78 65 61
    endloop
  endfacet
  facet normal 0 1 0
    outer loop
      vertex 112 65 93
      vertex 48 65 61
      vertex 3 65 93
    endloop
  endfacet
  facet normal 0 1 -0
    outer loop
      vertex 20 65 61
      vertex 3 65 93
      vertex 48 65 61
    endloop
  endfacet
  facet normal 0 1 0
    outer loop
      vertex 3 65 3
      vertex 20 65 61
      vertex 20 65 3
    endloop
  endfacet
  facet normal 0 1 0
    outer loop
      vertex 20 65 61
      vertex 3 65 3
      vertex 3 65 93
    endloop
  endfacet
  facet normal 0 -1 0
    outer loop
      vertex 71 62 93
      vertex 78 62 61
      vertex 112 62 93
    endloop
  endfacet
  facet normal 0 -1 0
    outer loop
      vertex 71 62 3
      vertex 78 62 61
      vertex 71 62 93
    endloop
  endfacet
  facet normal 0 -1 -0
    outer loop
      vertex 78 62 61
      vertex 71 62 3
      vertex 78 62 3
    endloop
  endfacet
  facet normal 0 -1 0
    outer loop
      vertex 106 62 61
      vertex 112 62 93
      vertex 78 62 61
    endloop
  endfacet
  facet normal 0 -1 0
    outer loop
      vertex 112 62 3
      vertex 106 62 61
      vertex 106 62 3
    endloop
  endfacet
  facet normal 0 -1 0
    outer loop
      vertex 106 62 61
      vertex 112 62 3
      vertex 112 62 93
    endloop
  endfacet
  facet normal 0 -1 0
    outer loop
      vertex 48 62 61
      vertex 3 62 93
      vertex 20 62 61
    endloop
  endfacet
  facet normal 0 -1 0
    outer loop
      vertex 3 62 3
      vertex 20 62 61
      vertex 3 62 93
    endloop
  endfacet
  facet normal 0 -1 -0
    outer loop
      vertex 20 62 61
      vertex 3 62 3
      vertex 20 62 3
    endloop
  endfacet
  facet normal 0 -1 0
    outer loop
      vertex 3 62 93
      vertex 48 62 61
      vertex 68 62 93
    endloop
  endfacet
  facet normal 0 -1 0
    outer loop
      vertex 68 62 3
      vertex 48 62 61
      vertex 48 62 3
    endloop
  endfacet
  facet normal 0 -1 0
    outer loop
      vertex 48 62 61
      vertex 68 62 3
      vertex 68 62 93
    endloop
  endfacet
  facet normal -1 0 0
    outer loop
      vertex 8 0 35
      vertex 8 -0.9 36
      vertex 8 0 36
    endloop
  endfacet
  facet normal -1 -0 0
    outer loop
      vertex 8 -0.9 36
      vertex 8 -1.2 35
      vertex 8 -0.9 68
    endloop
  endfacet
  facet normal -1 0 0
    outer loop
      vertex 8 -1.2 35
      vertex 8 -0.9 36
      vertex 8 0 35
    endloop
  endfacet
  facet normal -1 0 0
    outer loop
      vertex 8 -0.9 68
      vertex 8 0 69
      vertex 8 0 68
    endloop
  endfacet
  facet normal -1 0 0
    outer loop
      vertex 8 -0.9 68
      vertex 8 -1.2 69
      vertex 8 0 69
    endloop
  endfacet
  facet normal -1 0 0
    outer loop
      vertex 8 -1.2 69
      vertex 8 -0.9 68
      vertex 8 -1.2 35
    endloop
  endfacet
  facet normal -0 0 1
    outer loop
      vertex 8 0 69
      vertex 36 -1.2 69
      vertex 36 0 69
    endloop
  endfacet
  facet normal 0 0 1
    outer loop
      vertex 36 -1.2 69
      vertex 8 0 69
      vertex 8 -1.2 69
    endloop
  endfacet
  facet normal 1 0 0
    outer loop
      vertex 36 0 69
      vertex 36 -0.9 68
      vertex 36 0 68
    endloop
  endfacet
  facet normal 1 0 0
    outer loop
      vertex 36 -0.9 68
      vertex 36 -1.2 69
      vertex 36 -0.9 36
    endloop
  endfacet
  facet normal 1 -0 0
    outer loop
      vertex 36 -1.2 69
      vertex 36 -0.9 68
      vertex 36 0 69
    endloop
  endfacet
  facet normal 1 -0 0
    outer loop
      vertex 36 -0.9 36
      vertex 36 0 35
      vertex 36 0 36
    endloop
  endfacet
  facet normal 1 0 0
    outer loop
      vertex 36 -0.9 36
      vertex 36 -1.2 35
      vertex 36 0 35
    endloop
  endfacet
  facet normal 1 0 0
    outer loop
      vertex 36 -1.2 35
      vertex 36 -0.9 36
      vertex 36 -1.2 69
    endloop
  endfacet
  facet normal 0 0 -1
    outer loop
      vertex 8 -1.2 35
      vertex 36 0 35
      vertex 36 -1.2 35
    endloop
  endfacet
  facet normal -0 0 -1
    outer loop
      vertex 36 0 35
      vertex 8 -1.2 35
      vertex 8 0 35
    endloop
  endfacet
  facet normal 0 -1 0
    outer loop
      vertex 8 -1.2 69
      vertex 10 -1.2 67
      vertex 36 -1.2 69
    endloop
  endfacet
  facet normal 0 -1 0
    outer loop
      vertex 8 -1.2 69
      vertex 10 -1.2 37
      vertex 10 -1.2 67
    endloop
  endfacet
  facet normal 0 -1 -0
    outer loop
      vertex 10 -1.2 37
      vertex 8 -1.2 35
      vertex 34 -1.2 37
    endloop
  endfacet
  facet normal 0 -1 0
    outer loop
      vertex 8 -1.2 35
      vertex 10 -1.2 37
      vertex 8 -1.2 69
    endloop
  endfacet
  facet normal 0 -1 0
    outer loop
      vertex 34 -1.2 67
      vertex 36 -1.2 69
      vertex 10 -1.2 67
    endloop
  endfacet
  facet normal 0 -1 0
    outer loop
      vertex 34 -1.2 37
      vertex 36 -1.2 69
      vertex 34 -1.2 67
    endloop
  endfacet
  facet normal 0 -1 0
    outer loop
      vertex 34 -1.2 37
      vertex 36 -1.2 35
      vertex 36 -1.2 69
    endloop
  endfacet
  facet normal 0 -1 0
    outer loop
      vertex 36 -1.2 35
      vertex 34 -1.2 37
      vertex 8 -1.2 35
    endloop
  endfacet
  facet normal 1 -0 0
    outer loop
      vertex 10 -1.2 67
      vertex 10 3 37
      vertex 10 3 67
    endloop
  endfacet
  facet normal 1 0 0
    outer loop
      vertex 10 3 37
      vertex 10 -1.2 67
      vertex 10 -1.2 37
    endloop
  endfacet
  facet normal 0 0 -1
    outer loop
      vertex 10 -1.2 67
      vertex 34 3 67
      vertex 34 -1.2 67
    endloop
  endfacet
  facet normal -0 0 -1
    outer loop
      vertex 34 3 67
      vertex 10 -1.2 67
      vertex 10 3 67
    endloop
  endfacet
  facet normal -1 0 0
    outer loop
      vertex 34 -1.2 37
      vertex 34 3 67
      vertex 34 3 37
    endloop
  endfacet
  facet normal -1 -0 0
    outer loop
      vertex 34 3 67
      vertex 34 -1.2 37
      vertex 34 -1.2 67
    endloop
  endfacet
  facet normal -0 0 1
    outer loop
      vertex 10 3 37
      vertex 34 -1.2 37
      vertex 34 3 37
    endloop
  endfacet
  facet normal 0 0 1
    outer loop
      vertex 34 -1.2 37
      vertex 10 3 37
      vertex 10 -1.2 37
    endloop
  endfacet
  facet normal -1 0 0
    outer loop
      vertex 2 -0.9 36
      vertex 2 0 68
      vertex 2 0 36
    endloop
  endfacet
  facet normal -1 -0 0
    outer loop
      vertex 2 0 68
      vertex 2 -0.9 36
      vertex 2 -0.9 68
    endloop
  endfacet
  facet normal -0 0 1
    outer loop
      vertex 2 0 68
      vertex 8 -0.9 68
      vertex 8 0 68
    endloop
  endfacet
  facet normal 0 0 1
    outer loop
      vertex 8 -0.9 68
      vertex 2 0 68
      vertex 2 -0.9 68
    endloop
  endfacet
  facet normal 0 0 -1
    outer loop
      vertex 2 -0.9 36
      vertex 8 0 36
      vertex 8 -0.9 36
    endloop
  endfacet
  facet normal -0 0 -1
    outer loop
      vertex 8 0 36
      vertex 2 -0.9 36
      vertex 2 0 36
    endloop
  endfacet
  facet normal 0 -1 0
    outer loop
      vertex 2 -0.9 36
      vertex 8 -0.9 68
      vertex 2 -0.9 68
    endloop
  endfacet
  facet normal 0 -1 -0
    outer loop
      vertex 8 -0.9 68
      vertex 2 -0.9 36
      vertex 8 -0.9 36
    endloop
  endfacet
  facet normal -0 0 1
    outer loop
      vertex 36 0 68
      vertex 38 -0.9 68
      vertex 38 0 68
    endloop
  endfacet
  facet normal 0 0 1
    outer loop
      vertex 38 -0.9 68
      vertex 36 0 68
      vertex 36 -0.9 68
    endloop
  endfacet
  facet normal 0 0 -1
    outer loop
      vertex 36 -0.9 36
      vertex 38 0 36
      vertex 38 -0.9 36
    endloop
  endfacet
  facet normal -0 0 -1
    outer loop
      vertex 38 0 36
      vertex 36 -0.9 36
      vertex 36 0 36
    endloop
  endfacet
  facet normal 0 -1 0
    outer loop
      vertex 36 -0.9 36
      vertex 38 -0.9 68
      vertex 36 -0.9 68
    endloop
  endfacet
  facet normal 0 -1 -0
    outer loop
      vertex 38 -0.9 68
      vertex 36 -0.9 36
      vertex 38 -0.9 36
    endloop
  endfacet
  facet normal -1 0 0
    outer loop
      vertex 38 0 35
      vertex 38 -0.9 36
      vertex 38 0 36
    endloop
  endfacet
  facet normal -1 -0 0
    outer loop
      vertex 38 -0.9 36
      vertex 38 -1.2 35
      vertex 38 -0.9 68
    endloop
  endfacet
  facet normal -1 0 0
    outer loop
      vertex 38 -1.2 35
      vertex 38 -0.9 36
      vertex 38 0 35
    endloop
  endfacet
  facet normal -1 0 0
    outer loop
      vertex 38 -0.9 68
      vertex 38 0 69
      vertex 38 0 68
    endloop
  endfacet
  facet normal -1 0 0
    outer loop
      vertex 38 -0.9 68
      vertex 38 -1.2 69
      vertex 38 0 69
    endloop
  endfacet
  facet normal -1 0 0
    outer loop
      vertex 38 -1.2 69
      vertex 38 -0.9 68
      vertex 38 -1.2 35
    endloop
  endfacet
  facet normal -0 0 1
    outer loop
      vertex 38 0 69
      vertex 64 -1.2 69
      vertex 64 0 69
    endloop
  endfacet
  facet normal 0 0 1
    outer loop
      vertex 64 -1.2 69
      vertex 38 0 69
      vertex 38 -1.2 69
    endloop
  endfacet
  facet normal 1 0 0
    outer loop
      vertex 64 0 69
      vertex 64 -0.9 68
      vertex 64 0 68
    endloop
  endfacet
  facet normal 1 0 0
    outer loop
      vertex 64 -0.9 68
      vertex 64 -1.2 69
      vertex 64 -0.9 36
    endloop
  endfacet
  facet normal 1 -0 0
    outer loop
      vertex 64 -1.2 69
      vertex 64 -0.9 68
      vertex 64 0 69
    endloop
  endfacet
  facet normal 1 -0 0
    outer loop
      vertex 64 -0.9 36
      vertex 64 0 35
      vertex 64 0 36
    endloop
  endfacet
  facet normal 1 0 0
    outer loop
      vertex 64 -0.9 36
      vertex 64 -1.2 35
      vertex 64 0 35
    endloop
  endfacet
  facet normal 1 0 0
    outer loop
      vertex 64 -1.2 35
      vertex 64 -0.9 36
      vertex 64 -1.2 69
    endloop
  endfacet
  facet normal 0 0 -1
    outer loop
      vertex 38 -1.2 35
      vertex 64 0 35
      vertex 64 -1.2 35
    endloop
  endfacet
  facet normal -0 0 -1
    outer loop
      vertex 64 0 35
      vertex 38 -1.2 35
      vertex 38 0 35
    endloop
  endfacet
  facet normal 0 -1 0
    outer loop
      vertex 38 -1.2 69
      vertex 40 -1.2 67
      vertex 64 -1.2 69
    endloop
  endfacet
  facet normal 0 -1 0
    outer loop
      vertex 38 -1.2 69
      vertex 40 -1.2 37
      vertex 40 -1.2 67
    endloop
  endfacet
  facet normal 0 -1 -0
    outer loop
      vertex 40 -1.2 37
      vertex 38 -1.2 35
      vertex 62 -1.2 37
    endloop
  endfacet
  facet normal 0 -1 0
    outer loop
      vertex 38 -1.2 35
      vertex 40 -1.2 37
      vertex 38 -1.2 69
    endloop
  endfacet
  facet normal 0 -1 0
    outer loop
      vertex 62 -1.2 67
      vertex 64 -1.2 69
      vertex 40 -1.2 67
    endloop
  endfacet
  facet normal 0 -1 0
    outer loop
      vertex 62 -1.2 37
      vertex 64 -1.2 69
      vertex 62 -1.2 67
    endloop
  endfacet
  facet normal 0 -1 0
    outer loop
      vertex 62 -1.2 37
      vertex 64 -1.2 35
      vertex 64 -1.2 69
    endloop
  endfacet
  facet normal 0 -1 0
    outer loop
      vertex 64 -1.2 35
      vertex 62 -1.2 37
      vertex 38 -1.2 35
    endloop
  endfacet
  facet normal 1 -0 0
    outer loop
      vertex 40 -1.2 67
      vertex 40 3 37
      vertex 40 3 67
    endloop
  endfacet
  facet normal 1 0 0
    outer loop
      vertex 40 3 37
      vertex 40 -1.2 67
      vertex 40 -1.2 37
    endloop
  endfacet
  facet normal 0 0 -1
    outer loop
      vertex 40 -1.2 67
      vertex 62 3 67
      vertex 62 -1.2 67
    endloop
  endfacet
  facet normal -0 0 -1
    outer loop
      vertex 62 3 67
      vertex 40 -1.2 67
      vertex 40 3 67
    endloop
  endfacet
  facet normal -1 0 0
    outer loop
      vertex 62 -1.2 37
      vertex 62 3 67
      vertex 62 3 37
    endloop
  endfacet
  facet normal -1 -0 0
    outer loop
      vertex 62 3 67
      vertex 62 -1.2 37
      vertex 62 -1.2 67
    endloop
  endfacet
  facet normal -0 0 1
    outer loop
      vertex 40 3 37
      vertex 62 -1.2 37
      vertex 62 3 37
    endloop
  endfacet
  facet normal 0 0 1
    outer loop
      vertex 62 -1.2 37
      vertex 40 3 37
      vertex 40 -1.2 37
    endloop
  endfacet
  facet normal -0 0 1
    outer loop
      vertex 64 0 68
      vertex 70 -0.9 68
      vertex 70 0 68
    endloop
  endfacet
  facet normal 0 0 1
    outer loop
      vertex 70 -0.9 68
      vertex 64 0 68
      vertex 64 -0.9 68
    endloop
  endfacet
  facet normal 1 -0 0
    outer loop
      vertex 70 -0.9 68
      vertex 70 0 36
      vertex 70 0 68
    endloop
  endfacet
  facet normal 1 0 0
    outer loop
      vertex 70 0 36
      vertex 70 -0.9 68
      vertex 70 -0.9 36
    endloop
  endfacet
  facet normal 0 0 -1
    outer loop
      vertex 64 -0.9 36
      vertex 70 0 36
      vertex 70 -0.9 36
    endloop
  endfacet
  facet normal -0 0 -1
    outer loop
      vertex 70 0 36
      vertex 64 -0.9 36
      vertex 64 0 36
    endloop
  endfacet
  facet normal 0 -1 0
    outer loop
      vertex 64 -0.9 36
      vertex 70 -0.9 68
      vertex 64 -0.9 68
    endloop
  endfacet
  facet normal 0 -1 -0
    outer loop
      vertex 70 -0.9 68
      vertex 64 -0.9 36
      vertex 70 -0.9 36
    endloop
  endfacet
  facet normal 0.991449 0.130497 0
    outer loop
      vertex 26.5 1.5 96
      vertex 26.4489 1.88823 93
      vertex 26.4489 1.88823 96
    endloop
  endfacet
  facet normal 0.991449 0.130497 0
    outer loop
      vertex 26.4489 1.88823 93
      vertex 26.5 1.5 96
      vertex 26.5 1.5 93
    endloop
  endfacet
  facet normal -0.130532 0.991444 0
    outer loop
      vertex 25 3 93
      vertex 24.6118 2.94889 96
      vertex 25 3 96
    endloop
  endfacet
  facet normal -0.130532 0.991444 0
    outer loop
      vertex 24.6118 2.94889 96
      vertex 25 3 93
      vertex 24.6118 2.94889 93
    endloop
  endfacet
  facet normal 0.608716 0.793388 -0
    outer loop
      vertex 26.0607 2.56066 93
      vertex 25.75 2.79904 96
      vertex 26.0607 2.56066 96
    endloop
  endfacet
  facet normal 0.608716 0.793388 0
    outer loop
      vertex 25.75 2.79904 96
      vertex 26.0607 2.56066 93
      vertex 25.75 2.79904 93
    endloop
  endfacet
  facet normal 0.923834 0.382792 0
    outer loop
      vertex 26.4489 1.88823 96
      vertex 26.299 2.25 93
      vertex 26.299 2.25 96
    endloop
  endfacet
  facet normal 0.923834 0.382792 0
    outer loop
      vertex 26.299 2.25 93
      vertex 26.4489 1.88823 96
      vertex 26.4489 1.88823 93
    endloop
  endfacet
  facet normal -0.793449 0.608636 0
    outer loop
      vertex 23.701 2.25 93
      vertex 23.9393 2.56066 96
      vertex 23.9393 2.56066 93
    endloop
  endfacet
  facet normal -0.793449 0.608636 0
    outer loop
      vertex 23.9393 2.56066 96
      vertex 23.701 2.25 93
      vertex 23.701 2.25 96
    endloop
  endfacet
  facet normal -0.382656 0.923891 0
    outer loop
      vertex 24.6118 2.94889 93
      vertex 24.25 2.79904 96
      vertex 24.6118 2.94889 96
    endloop
  endfacet
  facet normal -0.382656 0.923891 0
    outer loop
      vertex 24.25 2.79904 96
      vertex 24.6118 2.94889 93
      vertex 24.25 2.79904 93
    endloop
  endfacet
  facet normal -0.923834 -0.382792 0
    outer loop
      vertex 23.701 0.75 93
      vertex 23.5511 1.11177 96
      vertex 23.5511 1.11177 93
    endloop
  endfacet
  facet normal -0.923834 -0.382792 0
    outer loop
      vertex 23.5511 1.11177 96
      vertex 23.701 0.75 93
      vertex 23.701 0.75 96
    endloop
  endfacet
  facet normal 0.793449 0.608636 0
    outer loop
      vertex 26.299 2.25 96
      vertex 26.0607 2.56066 93
      vertex 26.0607 2.56066 96
    endloop
  endfacet
  facet normal 0.793449 0.608636 0
    outer loop
      vertex 26.0607 2.56066 93
      vertex 26.299 2.25 96
      vertex 26.299 2.25 93
    endloop
  endfacet
  facet normal 0.130532 0.991444 -0
    outer loop
      vertex 25.3882 2.94889 93
      vertex 25 3 96
      vertex 25.3882 2.94889 96
    endloop
  endfacet
  facet normal 0.130532 0.991444 0
    outer loop
      vertex 25 3 96
      vertex 25.3882 2.94889 93
      vertex 25 3 93
    endloop
  endfacet
  facet normal 0.382656 0.923891 -0
    outer loop
      vertex 25.75 2.79904 93
      vertex 25.3882 2.94889 96
      vertex 25.75 2.79904 96
    endloop
  endfacet
  facet normal 0.382656 0.923891 0
    outer loop
      vertex 25.3882 2.94889 96
      vertex 25.75 2.79904 93
      vertex 25.3882 2.94889 93
    endloop
  endfacet
  facet normal -0.923834 0.382792 0
    outer loop
      vertex 23.5511 1.88823 93
      vertex 23.701 2.25 96
      vertex 23.701 2.25 93
    endloop
  endfacet
  facet normal -0.923834 0.382792 0
    outer loop
      vertex 23.701 2.25 96
      vertex 23.5511 1.88823 93
      vertex 23.5511 1.88823 96
    endloop
  endfacet
  facet normal -0.991449 0.130497 0
    outer loop
      vertex 23.5 1.5 93
      vertex 23.5511 1.88823 96
      vertex 23.5511 1.88823 93
    endloop
  endfacet
  facet normal -0.991449 0.130497 0
    outer loop
      vertex 23.5511 1.88823 96
      vertex 23.5 1.5 93
      vertex 23.5 1.5 96
    endloop
  endfacet
  facet normal -0.991449 -0.130497 0
    outer loop
      vertex 23.5511 1.11177 93
      vertex 23.5 1.5 96
      vertex 23.5 1.5 93
    endloop
  endfacet
  facet normal -0.991449 -0.130497 0
    outer loop
      vertex 23.5 1.5 96
      vertex 23.5511 1.11177 93
      vertex 23.5511 1.11177 96
    endloop
  endfacet
  facet normal -0.608716 0.793388 0
    outer loop
      vertex 24.25 2.79904 93
      vertex 23.9393 2.56066 96
      vertex 24.25 2.79904 96
    endloop
  endfacet
  facet normal -0.608716 0.793388 0
    outer loop
      vertex 23.9393 2.56066 96
      vertex 24.25 2.79904 93
      vertex 23.9393 2.56066 93
    endloop
  endfacet
  facet normal 0.382656 -0.923891 0
    outer loop
      vertex 25.3882 0.0511112 93
      vertex 25.75 0.200961 96
      vertex 25.3882 0.0511112 96
    endloop
  endfacet
  facet normal 0.382656 -0.923891 0
    outer loop
      vertex 25.75 0.200961 96
      vertex 25.3882 0.0511112 93
      vertex 25.75 0.200961 93
    endloop
  endfacet
  facet normal 0.923834 -0.382792 0
    outer loop
      vertex 26.299 0.75 96
      vertex 26.4489 1.11177 93
      vertex 26.4489 1.11177 96
    endloop
  endfacet
  facet normal 0.923834 -0.382792 0
    outer loop
      vertex 26.4489 1.11177 93
      vertex 26.299 0.75 96
      vertex 26.299 0.75 93
    endloop
  endfacet
  facet normal -0.382656 -0.923891 0
    outer loop
      vertex 24.25 0.200961 93
      vertex 24.6118 0.0511112 96
      vertex 24.25 0.200961 96
    endloop
  endfacet
  facet normal -0.382656 -0.923891 -0
    outer loop
      vertex 24.6118 0.0511112 96
      vertex 24.25 0.200961 93
      vertex 24.6118 0.0511112 93
    endloop
  endfacet
  facet normal 0.130535 -0.991444 0
    outer loop
      vertex 25 0 93
      vertex 25.3882 0.0511112 96
      vertex 25 0 96
    endloop
  endfacet
  facet normal 0.130535 -0.991444 0
    outer loop
      vertex 25.3882 0.0511112 96
      vertex 25 0 93
      vertex 25.3882 0.0511112 93
    endloop
  endfacet
  facet normal -0.793449 -0.608636 0
    outer loop
      vertex 23.9393 0.43934 93
      vertex 23.701 0.75 96
      vertex 23.701 0.75 93
    endloop
  endfacet
  facet normal -0.793449 -0.608636 0
    outer loop
      vertex 23.701 0.75 96
      vertex 23.9393 0.43934 93
      vertex 23.9393 0.43934 96
    endloop
  endfacet
  facet normal 0 0 1
    outer loop
      vertex 26.4489 1.88823 96
      vertex 26.4489 1.11177 96
      vertex 26.5 1.5 96
    endloop
  endfacet
  facet normal 0 0 1
    outer loop
      vertex 26.299 2.25 96
      vertex 26.4489 1.11177 96
      vertex 26.4489 1.88823 96
    endloop
  endfacet
  facet normal 0 0 1
    outer loop
      vertex 26.299 2.25 96
      vertex 26.299 0.75 96
      vertex 26.4489 1.11177 96
    endloop
  endfacet
  facet normal 0 0 1
    outer loop
      vertex 26.0607 2.56066 96
      vertex 26.299 0.75 96
      vertex 26.299 2.25 96
    endloop
  endfacet
  facet normal 0 0 1
    outer loop
      vertex 26.0607 2.56066 96
      vertex 26.0607 0.43934 96
      vertex 26.299 0.75 96
    endloop
  endfacet
  facet normal 0 0 1
    outer loop
      vertex 25.75 2.79904 96
      vertex 26.0607 0.43934 96
      vertex 26.0607 2.56066 96
    endloop
  endfacet
  facet normal 0 0 1
    outer loop
      vertex 25.75 2.79904 96
      vertex 25.75 0.200961 96
      vertex 26.0607 0.43934 96
    endloop
  endfacet
  facet normal 0 0 1
    outer loop
      vertex 25.3882 2.94889 96
      vertex 25.75 0.200961 96
      vertex 25.75 2.79904 96
    endloop
  endfacet
  facet normal 0 0 1
    outer loop
      vertex 25.3882 2.94889 96
      vertex 25.3882 0.0511112 96
      vertex 25.75 0.200961 96
    endloop
  endfacet
  facet normal 0 0 1
    outer loop
      vertex 25 3 96
      vertex 25.3882 0.0511112 96
      vertex 25.3882 2.94889 96
    endloop
  endfacet
  facet normal 0 0 1
    outer loop
      vertex 25 3 96
      vertex 25 0 96
      vertex 25.3882 0.0511112 96
    endloop
  endfacet
  facet normal -0 0 1
    outer loop
      vertex 24.6118 2.94889 96
      vertex 25 0 96
      vertex 25 3 96
    endloop
  endfacet
  facet normal 0 0 1
    outer loop
      vertex 24.6118 2.94889 96
      vertex 24.6118 0.0511112 96
      vertex 25 0 96
    endloop
  endfacet
  facet normal -0 0 1
    outer loop
      vertex 24.25 2.79904 96
      vertex 24.6118 0.0511112 96
      vertex 24.6118 2.94889 96
    endloop
  endfacet
  facet normal 0 0 1
    outer loop
      vertex 24.25 2.79904 96
      vertex 24.25 0.200961 96
      vertex 24.6118 0.0511112 96
    endloop
  endfacet
  facet normal -0 0 1
    outer loop
      vertex 23.9393 2.56066 96
      vertex 24.25 0.200961 96
      vertex 24.25 2.79904 96
    endloop
  endfacet
  facet normal 0 0 1
    outer loop
      vertex 23.9393 2.56066 96
      vertex 23.9393 0.43934 96
      vertex 24.25 0.200961 96
    endloop
  endfacet
  facet normal -0 0 1
    outer loop
      vertex 23.701 2.25 96
      vertex 23.9393 0.43934 96
      vertex 23.9393 2.56066 96
    endloop
  endfacet
  facet normal 0 0 1
    outer loop
      vertex 23.701 2.25 96
      vertex 23.701 0.75 96
      vertex 23.9393 0.43934 96
    endloop
  endfacet
  facet normal -0 0 1
    outer loop
      vertex 23.5511 1.88823 96
      vertex 23.701 0.75 96
      vertex 23.701 2.25 96
    endloop
  endfacet
  facet normal 0 0 1
    outer loop
      vertex 23.5511 1.88823 96
      vertex 23.5511 1.11177 96
      vertex 23.701 0.75 96
    endloop
  endfacet
  facet normal 0 -0 1
    outer loop
      vertex 23.5511 1.11177 96
      vertex 23.5511 1.88823 96
      vertex 23.5 1.5 96
    endloop
  endfacet
  facet normal 0.608714 -0.79339 0
    outer loop
      vertex 25.75 0.200961 93
      vertex 26.0607 0.43934 96
      vertex 25.75 0.200961 96
    endloop
  endfacet
  facet normal 0.608714 -0.79339 0
    outer loop
      vertex 26.0607 0.43934 96
      vertex 25.75 0.200961 93
      vertex 26.0607 0.43934 93
    endloop
  endfacet
  facet normal 0.991449 -0.130497 0
    outer loop
      vertex 26.4489 1.11177 96
      vertex 26.5 1.5 93
      vertex 26.5 1.5 96
    endloop
  endfacet
  facet normal 0.991449 -0.130497 0
    outer loop
      vertex 26.5 1.5 93
      vertex 26.4489 1.11177 96
      vertex 26.4489 1.11177 93
    endloop
  endfacet
  facet normal -0.130535 -0.991444 0
    outer loop
      vertex 24.6118 0.0511112 93
      vertex 25 0 96
      vertex 24.6118 0.0511112 96
    endloop
  endfacet
  facet normal -0.130535 -0.991444 -0
    outer loop
      vertex 25 0 96
      vertex 24.6118 0.0511112 93
      vertex 25 0 93
    endloop
  endfacet
  facet normal -0.608714 -0.79339 0
    outer loop
      vertex 23.9393 0.43934 93
      vertex 24.25 0.200961 96
      vertex 23.9393 0.43934 96
    endloop
  endfacet
  facet normal -0.608714 -0.79339 -0
    outer loop
      vertex 24.25 0.200961 96
      vertex 23.9393 0.43934 93
      vertex 24.25 0.200961 93
    endloop
  endfacet
  facet normal 0.793449 -0.608636 0
    outer loop
      vertex 26.0607 0.43934 96
      vertex 26.299 0.75 93
      vertex 26.299 0.75 96
    endloop
  endfacet
  facet normal 0.793449 -0.608636 0
    outer loop
      vertex 26.299 0.75 93
      vertex 26.0607 0.43934 96
      vertex 26.0607 0.43934 93
    endloop
  endfacet
  facet normal 0.991482 0.130246 0
    outer loop
      vertex 115.5 1.5 96
      vertex 115.449 1.88823 93
      vertex 115.449 1.88823 96
    endloop
  endfacet
  facet normal 0.991482 0.130246 0
    outer loop
      vertex 115.449 1.88823 93
      vertex 115.5 1.5 96
      vertex 115.5 1.5 93
    endloop
  endfacet
  facet normal 0.382476 0.923966 -0
    outer loop
      vertex 114.75 2.79904 93
      vertex 114.388 2.94889 96
      vertex 114.75 2.79904 96
    endloop
  endfacet
  facet normal 0.382476 0.923966 0
    outer loop
      vertex 114.388 2.94889 96
      vertex 114.75 2.79904 93
      vertex 114.388 2.94889 93
    endloop
  endfacet
  facet normal -0.991482 -0.130246 0
    outer loop
      vertex 112.551 1.11177 93
      vertex 112.5 1.5 96
      vertex 112.5 1.5 93
    endloop
  endfacet
  facet normal -0.991482 -0.130246 0
    outer loop
      vertex 112.5 1.5 96
      vertex 112.551 1.11177 93
      vertex 112.551 1.11177 96
    endloop
  endfacet
  facet normal 0.382475 -0.923966 0
    outer loop
      vertex 114.388 0.0511112 93
      vertex 114.75 0.200961 96
      vertex 114.388 0.0511112 96
    endloop
  endfacet
  facet normal 0.382475 -0.923966 0
    outer loop
      vertex 114.75 0.200961 96
      vertex 114.388 0.0511112 93
      vertex 114.75 0.200961 93
    endloop
  endfacet
  facet normal 0.130602 -0.991435 0
    outer loop
      vertex 114 0 93
      vertex 114.388 0.0511112 96
      vertex 114 0 96
    endloop
  endfacet
  facet normal 0.130602 -0.991435 0
    outer loop
      vertex 114.388 0.0511112 96
      vertex 114 0 93
      vertex 114.388 0.0511112 93
    endloop
  endfacet
  facet normal 0.923744 0.38301 0
    outer loop
      vertex 115.449 1.88823 96
      vertex 115.299 2.25 93
      vertex 115.299 2.25 96
    endloop
  endfacet
  facet normal 0.923744 0.38301 0
    outer loop
      vertex 115.299 2.25 93
      vertex 115.449 1.88823 96
      vertex 115.449 1.88823 93
    endloop
  endfacet
  facet normal -0.130599 0.991435 0
    outer loop
      vertex 114 3 93
      vertex 113.612 2.94889 96
      vertex 114 3 96
    endloop
  endfacet
  facet normal -0.130599 0.991435 0
    outer loop
      vertex 113.612 2.94889 96
      vertex 114 3 93
      vertex 113.612 2.94889 93
    endloop
  endfacet
  facet normal -0.382476 0.923966 0
    outer loop
      vertex 113.612 2.94889 93
      vertex 113.25 2.79904 96
      vertex 113.612 2.94889 96
    endloop
  endfacet
  facet normal -0.382476 0.923966 0
    outer loop
      vertex 113.25 2.79904 96
      vertex 113.612 2.94889 93
      vertex 113.25 2.79904 93
    endloop
  endfacet
  facet normal -0.991482 0.130246 0
    outer loop
      vertex 112.5 1.5 93
      vertex 112.551 1.88823 96
      vertex 112.551 1.88823 93
    endloop
  endfacet
  facet normal -0.991482 0.130246 0
    outer loop
      vertex 112.551 1.88823 96
      vertex 112.5 1.5 93
      vertex 112.5 1.5 96
    endloop
  endfacet
  facet normal -0.923744 -0.38301 0
    outer loop
      vertex 112.701 0.75 93
      vertex 112.551 1.11177 96
      vertex 112.551 1.11177 93
    endloop
  endfacet
  facet normal -0.923744 -0.38301 0
    outer loop
      vertex 112.551 1.11177 96
      vertex 112.701 0.75 93
      vertex 112.701 0.75 96
    endloop
  endfacet
  facet normal 0.793819 0.608154 0
    outer loop
      vertex 115.299 2.25 96
      vertex 115.061 2.56066 93
      vertex 115.061 2.56066 96
    endloop
  endfacet
  facet normal 0.793819 0.608154 0
    outer loop
      vertex 115.061 2.56066 93
      vertex 115.299 2.25 96
      vertex 115.299 2.25 93
    endloop
  endfacet
  facet normal 0.608346 0.793672 -0
    outer loop
      vertex 115.061 2.56066 93
      vertex 114.75 2.79904 96
      vertex 115.061 2.56066 96
    endloop
  endfacet
  facet normal 0.608346 0.793672 0
    outer loop
      vertex 114.75 2.79904 96
      vertex 115.061 2.56066 93
      vertex 114.75 2.79904 93
    endloop
  endfacet
  facet normal 0.130599 0.991435 -0
    outer loop
      vertex 114.388 2.94889 93
      vertex 114 3 96
      vertex 114.388 2.94889 96
    endloop
  endfacet
  facet normal 0.130599 0.991435 0
    outer loop
      vertex 114 3 96
      vertex 114.388 2.94889 93
      vertex 114 3 93
    endloop
  endfacet
  facet normal -0.923744 0.38301 0
    outer loop
      vertex 112.551 1.88823 93
      vertex 112.701 2.25 96
      vertex 112.701 2.25 93
    endloop
  endfacet
  facet normal -0.923744 0.38301 0
    outer loop
      vertex 112.701 2.25 96
      vertex 112.551 1.88823 93
      vertex 112.551 1.88823 96
    endloop
  endfacet
  facet normal -0.608346 0.793672 0
    outer loop
      vertex 113.25 2.79904 93
      vertex 112.939 2.56066 96
      vertex 113.25 2.79904 96
    endloop
  endfacet
  facet normal -0.608346 0.793672 0
    outer loop
      vertex 112.939 2.56066 96
      vertex 113.25 2.79904 93
      vertex 112.939 2.56066 93
    endloop
  endfacet
  facet normal -0.793819 0.608154 0
    outer loop
      vertex 112.701 2.25 93
      vertex 112.939 2.56066 96
      vertex 112.939 2.56066 93
    endloop
  endfacet
  facet normal -0.793819 0.608154 0
    outer loop
      vertex 112.939 2.56066 96
      vertex 112.701 2.25 93
      vertex 112.701 2.25 96
    endloop
  endfacet
  facet normal 0.923744 -0.38301 0
    outer loop
      vertex 115.299 0.75 96
      vertex 115.449 1.11177 93
      vertex 115.449 1.11177 96
    endloop
  endfacet
  facet normal 0.923744 -0.38301 0
    outer loop
      vertex 115.449 1.11177 93
      vertex 115.299 0.75 96
      vertex 115.299 0.75 93
    endloop
  endfacet
  facet normal 0.608344 -0.793673 0
    outer loop
      vertex 114.75 0.200961 93
      vertex 115.061 0.43934 96
      vertex 114.75 0.200961 96
    endloop
  endfacet
  facet normal 0.608344 -0.793673 0
    outer loop
      vertex 115.061 0.43934 96
      vertex 114.75 0.200961 93
      vertex 115.061 0.43934 93
    endloop
  endfacet
  facet normal 0.991482 -0.130246 0
    outer loop
      vertex 115.449 1.11177 96
      vertex 115.5 1.5 93
      vertex 115.5 1.5 96
    endloop
  endfacet
  facet normal 0.991482 -0.130246 0
    outer loop
      vertex 115.5 1.5 93
      vertex 115.449 1.11177 96
      vertex 115.449 1.11177 93
    endloop
  endfacet
  facet normal -0.382475 -0.923966 0
    outer loop
      vertex 113.25 0.200961 93
      vertex 113.612 0.0511112 96
      vertex 113.25 0.200961 96
    endloop
  endfacet
  facet normal -0.382475 -0.923966 -0
    outer loop
      vertex 113.612 0.0511112 96
      vertex 113.25 0.200961 93
      vertex 113.612 0.0511112 93
    endloop
  endfacet
  facet normal -0.793819 -0.608154 0
    outer loop
      vertex 112.939 0.43934 93
      vertex 112.701 0.75 96
      vertex 112.701 0.75 93
    endloop
  endfacet
  facet normal -0.793819 -0.608154 0
    outer loop
      vertex 112.701 0.75 96
      vertex 112.939 0.43934 93
      vertex 112.939 0.43934 96
    endloop
  endfacet
  facet normal 0 0 1
    outer loop
      vertex 115.449 1.88823 96
      vertex 115.449 1.11177 96
      vertex 115.5 1.5 96
    endloop
  endfacet
  facet normal 0 0 1
    outer loop
      vertex 115.299 2.25 96
      vertex 115.449 1.11177 96
      vertex 115.449 1.88823 96
    endloop
  endfacet
  facet normal 0 0 1
    outer loop
      vertex 115.299 2.25 96
      vertex 115.299 0.75 96
      vertex 115.449 1.11177 96
    endloop
  endfacet
  facet normal 0 0 1
    outer loop
      vertex 115.061 2.56066 96
      vertex 115.299 0.75 96
      vertex 115.299 2.25 96
    endloop
  endfacet
  facet normal 0 0 1
    outer loop
      vertex 115.061 2.56066 96
      vertex 115.061 0.43934 96
      vertex 115.299 0.75 96
    endloop
  endfacet
  facet normal 0 0 1
    outer loop
      vertex 114.75 2.79904 96
      vertex 115.061 0.43934 96
      vertex 115.061 2.56066 96
    endloop
  endfacet
  facet normal 0 0 1
    outer loop
      vertex 114.75 2.79904 96
      vertex 114.75 0.200961 96
      vertex 115.061 0.43934 96
    endloop
  endfacet
  facet normal 0 0 1
    outer loop
      vertex 114.388 2.94889 96
      vertex 114.75 0.200961 96
      vertex 114.75 2.79904 96
    endloop
  endfacet
  facet normal 0 0 1
    outer loop
      vertex 114.388 2.94889 96
      vertex 114.388 0.0511112 96
      vertex 114.75 0.200961 96
    endloop
  endfacet
  facet normal 0 0 1
    outer loop
      vertex 114 3 96
      vertex 114.388 0.0511112 96
      vertex 114.388 2.94889 96
    endloop
  endfacet
  facet normal 0 0 1
    outer loop
      vertex 114 3 96
      vertex 114 0 96
      vertex 114.388 0.0511112 96
    endloop
  endfacet
  facet normal -0 0 1
    outer loop
      vertex 113.612 2.94889 96
      vertex 114 0 96
      vertex 114 3 96
    endloop
  endfacet
  facet normal 0 0 1
    outer loop
      vertex 113.612 2.94889 96
      vertex 113.612 0.0511112 96
      vertex 114 0 96
    endloop
  endfacet
  facet normal -0 0 1
    outer loop
      vertex 113.25 2.79904 96
      vertex 113.612 0.0511112 96
      vertex 113.612 2.94889 96
    endloop
  endfacet
  facet normal 0 0 1
    outer loop
      vertex 113.25 2.79904 96
      vertex 113.25 0.200961 96
      vertex 113.612 0.0511112 96
    endloop
  endfacet
  facet normal -0 0 1
    outer loop
      vertex 112.939 2.56066 96
      vertex 113.25 0.200961 96
      vertex 113.25 2.79904 96
    endloop
  endfacet
  facet normal 0 0 1
    outer loop
      vertex 112.939 2.56066 96
      vertex 112.939 0.43934 96
      vertex 113.25 0.200961 96
    endloop
  endfacet
  facet normal -0 0 1
    outer loop
      vertex 112.701 2.25 96
      vertex 112.939 0.43934 96
      vertex 112.939 2.56066 96
    endloop
  endfacet
  facet normal 0 0 1
    outer loop
      vertex 112.701 2.25 96
      vertex 112.701 0.75 96
      vertex 112.939 0.43934 96
    endloop
  endfacet
  facet normal -0 0 1
    outer loop
      vertex 112.551 1.88823 96
      vertex 112.701 0.75 96
      vertex 112.701 2.25 96
    endloop
  endfacet
  facet normal 0 0 1
    outer loop
      vertex 112.551 1.88823 96
      vertex 112.551 1.11177 96
      vertex 112.701 0.75 96
    endloop
  endfacet
  facet normal 0 -0 1
    outer loop
      vertex 112.551 1.11177 96
      vertex 112.551 1.88823 96
      vertex 112.5 1.5 96
    endloop
  endfacet
  facet normal -0.130602 -0.991435 0
    outer loop
      vertex 113.612 0.0511112 93
      vertex 114 0 96
      vertex 113.612 0.0511112 96
    endloop
  endfacet
  facet normal -0.130602 -0.991435 -0
    outer loop
      vertex 114 0 96
      vertex 113.612 0.0511112 93
      vertex 114 0 93
    endloop
  endfacet
  facet normal -0.608344 -0.793673 0
    outer loop
      vertex 112.939 0.43934 93
      vertex 113.25 0.200961 96
      vertex 112.939 0.43934 96
    endloop
  endfacet
  facet normal -0.608344 -0.793673 -0
    outer loop
      vertex 113.25 0.200961 96
      vertex 112.939 0.43934 93
      vertex 113.25 0.200961 93
    endloop
  endfacet
  facet normal 0.793819 -0.608154 0
    outer loop
      vertex 115.061 0.43934 96
      vertex 115.299 0.75 93
      vertex 115.299 0.75 96
    endloop
  endfacet
  facet normal 0.793819 -0.608154 0
    outer loop
      vertex 115.299 0.75 93
      vertex 115.061 0.43934 96
      vertex 115.061 0.43934 93
    endloop
  endfacet
  facet normal 0.991439 0.130573 0
    outer loop
      vertex 26.5 116.5 96
      vertex 26.4489 116.888 93
      vertex 26.4489 116.888 96
    endloop
  endfacet
  facet normal 0.991439 0.130573 0
    outer loop
      vertex 26.4489 116.888 93
      vertex 26.5 116.5 96
      vertex 26.5 116.5 93
    endloop
  endfacet
  facet normal 0.382983 0.923755 -0
    outer loop
      vertex 25.75 117.799 93
      vertex 25.3882 117.949 96
      vertex 25.75 117.799 96
    endloop
  endfacet
  facet normal 0.382983 0.923755 0
    outer loop
      vertex 25.3882 117.949 96
      vertex 25.75 117.799 93
      vertex 25.3882 117.949 93
    endloop
  endfacet
  facet normal -0.991439 -0.130573 0
    outer loop
      vertex 23.5511 116.112 93
      vertex 23.5 116.5 96
      vertex 23.5 116.5 93
    endloop
  endfacet
  facet normal -0.991439 -0.130573 0
    outer loop
      vertex 23.5 116.5 96
      vertex 23.5511 116.112 93
      vertex 23.5511 116.112 96
    endloop
  endfacet
  facet normal 0.382983 -0.923755 0
    outer loop
      vertex 25.3882 115.051 93
      vertex 25.75 115.201 96
      vertex 25.3882 115.051 96
    endloop
  endfacet
  facet normal 0.382983 -0.923755 0
    outer loop
      vertex 25.75 115.201 96
      vertex 25.3882 115.051 93
      vertex 25.75 115.201 93
    endloop
  endfacet
  facet normal 0.130256 -0.99148 0
    outer loop
      vertex 25 115 93
      vertex 25.3882 115.051 96
      vertex 25 115 96
    endloop
  endfacet
  facet normal 0.130256 -0.99148 0
    outer loop
      vertex 25.3882 115.051 96
      vertex 25 115 93
      vertex 25.3882 115.051 93
    endloop
  endfacet
  facet normal 0.92392 0.382585 0
    outer loop
      vertex 26.4489 116.888 96
      vertex 26.299 117.25 93
      vertex 26.299 117.25 96
    endloop
  endfacet
  facet normal 0.92392 0.382585 0
    outer loop
      vertex 26.299 117.25 93
      vertex 26.4489 116.888 96
      vertex 26.4489 116.888 93
    endloop
  endfacet
  facet normal -0.130256 0.99148 0
    outer loop
      vertex 25 118 93
      vertex 24.6118 117.949 96
      vertex 25 118 96
    endloop
  endfacet
  facet normal -0.130256 0.99148 0
    outer loop
      vertex 24.6118 117.949 96
      vertex 25 118 93
      vertex 24.6118 117.949 93
    endloop
  endfacet
  facet normal -0.382983 0.923755 0
    outer loop
      vertex 24.6118 117.949 93
      vertex 24.25 117.799 96
      vertex 24.6118 117.949 96
    endloop
  endfacet
  facet normal -0.382983 0.923755 0
    outer loop
      vertex 24.25 117.799 96
      vertex 24.6118 117.949 93
      vertex 24.25 117.799 93
    endloop
  endfacet
  facet normal -0.991439 0.130573 0
    outer loop
      vertex 23.5 116.5 93
      vertex 23.5511 116.888 96
      vertex 23.5511 116.888 93
    endloop
  endfacet
  facet normal -0.991439 0.130573 0
    outer loop
      vertex 23.5511 116.888 96
      vertex 23.5 116.5 93
      vertex 23.5 116.5 96
    endloop
  endfacet
  facet normal -0.92392 -0.382585 0
    outer loop
      vertex 23.701 115.75 93
      vertex 23.5511 116.112 96
      vertex 23.5511 116.112 93
    endloop
  endfacet
  facet normal -0.92392 -0.382585 0
    outer loop
      vertex 23.5511 116.112 96
      vertex 23.701 115.75 93
      vertex 23.701 115.75 96
    endloop
  endfacet
  facet normal 0.793771 0.608217 0
    outer loop
      vertex 26.299 117.25 96
      vertex 26.0607 117.561 93
      vertex 26.0607 117.561 96
    endloop
  endfacet
  facet normal 0.793771 0.608217 0
    outer loop
      vertex 26.0607 117.561 93
      vertex 26.299 117.25 96
      vertex 26.299 117.25 93
    endloop
  endfacet
  facet normal 0.608104 0.793857 -0
    outer loop
      vertex 26.0607 117.561 93
      vertex 25.75 117.799 96
      vertex 26.0607 117.561 96
    endloop
  endfacet
  facet normal 0.608104 0.793857 0
    outer loop
      vertex 25.75 117.799 96
      vertex 26.0607 117.561 93
      vertex 25.75 117.799 93
    endloop
  endfacet
  facet normal 0.130256 0.99148 -0
    outer loop
      vertex 25.3882 117.949 93
      vertex 25 118 96
      vertex 25.3882 117.949 96
    endloop
  endfacet
  facet normal 0.130256 0.99148 0
    outer loop
      vertex 25 118 96
      vertex 25.3882 117.949 93
      vertex 25 118 93
    endloop
  endfacet
  facet normal -0.92392 0.382585 0
    outer loop
      vertex 23.5511 116.888 93
      vertex 23.701 117.25 96
      vertex 23.701 117.25 93
    endloop
  endfacet
  facet normal -0.92392 0.382585 0
    outer loop
      vertex 23.701 117.25 96
      vertex 23.5511 116.888 93
      vertex 23.5511 116.888 96
    endloop
  endfacet
  facet normal -0.608104 0.793857 0
    outer loop
      vertex 24.25 117.799 93
      vertex 23.9393 117.561 96
      vertex 24.25 117.799 96
    endloop
  endfacet
  facet normal -0.608104 0.793857 0
    outer loop
      vertex 23.9393 117.561 96
      vertex 24.25 117.799 93
      vertex 23.9393 117.561 93
    endloop
  endfacet
  facet normal -0.793771 0.608217 0
    outer loop
      vertex 23.701 117.25 93
      vertex 23.9393 117.561 96
      vertex 23.9393 117.561 93
    endloop
  endfacet
  facet normal -0.793771 0.608217 0
    outer loop
      vertex 23.9393 117.561 96
      vertex 23.701 117.25 93
      vertex 23.701 117.25 96
    endloop
  endfacet
  facet normal 0.92392 -0.382585 0
    outer loop
      vertex 26.299 115.75 96
      vertex 26.4489 116.112 93
      vertex 26.4489 116.112 96
    endloop
  endfacet
  facet normal 0.92392 -0.382585 0
    outer loop
      vertex 26.4489 116.112 93
      vertex 26.299 115.75 96
      vertex 26.299 115.75 93
    endloop
  endfacet
  facet normal 0.608104 -0.793857 0
    outer loop
      vertex 25.75 115.201 93
      vertex 26.0607 115.439 96
      vertex 25.75 115.201 96
    endloop
  endfacet
  facet normal 0.608104 -0.793857 0
    outer loop
      vertex 26.0607 115.439 96
      vertex 25.75 115.201 93
      vertex 26.0607 115.439 93
    endloop
  endfacet
  facet normal 0.991439 -0.130573 0
    outer loop
      vertex 26.4489 116.112 96
      vertex 26.5 116.5 93
      vertex 26.5 116.5 96
    endloop
  endfacet
  facet normal 0.991439 -0.130573 0
    outer loop
      vertex 26.5 116.5 93
      vertex 26.4489 116.112 96
      vertex 26.4489 116.112 93
    endloop
  endfacet
  facet normal -0.382983 -0.923755 0
    outer loop
      vertex 24.25 115.201 93
      vertex 24.6118 115.051 96
      vertex 24.25 115.201 96
    endloop
  endfacet
  facet normal -0.382983 -0.923755 -0
    outer loop
      vertex 24.6118 115.051 96
      vertex 24.25 115.201 93
      vertex 24.6118 115.051 93
    endloop
  endfacet
  facet normal -0.793771 -0.608217 0
    outer loop
      vertex 23.9393 115.439 93
      vertex 23.701 115.75 96
      vertex 23.701 115.75 93
    endloop
  endfacet
  facet normal -0.793771 -0.608217 0
    outer loop
      vertex 23.701 115.75 96
      vertex 23.9393 115.439 93
      vertex 23.9393 115.439 96
    endloop
  endfacet
  facet normal 0 0 1
    outer loop
      vertex 26.4489 116.888 96
      vertex 26.4489 116.112 96
      vertex 26.5 116.5 96
    endloop
  endfacet
  facet normal 0 0 1
    outer loop
      vertex 26.299 117.25 96
      vertex 26.4489 116.112 96
      vertex 26.4489 116.888 96
    endloop
  endfacet
  facet normal 0 0 1
    outer loop
      vertex 26.299 117.25 96
      vertex 26.299 115.75 96
      vertex 26.4489 116.112 96
    endloop
  endfacet
  facet normal 0 0 1
    outer loop
      vertex 26.0607 117.561 96
      vertex 26.299 115.75 96
      vertex 26.299 117.25 96
    endloop
  endfacet
  facet normal 0 0 1
    outer loop
      vertex 26.0607 117.561 96
      vertex 26.0607 115.439 96
      vertex 26.299 115.75 96
    endloop
  endfacet
  facet normal 0 0 1
    outer loop
      vertex 25.75 117.799 96
      vertex 26.0607 115.439 96
      vertex 26.0607 117.561 96
    endloop
  endfacet
  facet normal 0 0 1
    outer loop
      vertex 25.75 117.799 96
      vertex 25.75 115.201 96
      vertex 26.0607 115.439 96
    endloop
  endfacet
  facet normal 0 0 1
    outer loop
      vertex 25.3882 117.949 96
      vertex 25.75 115.201 96
      vertex 25.75 117.799 96
    endloop
  endfacet
  facet normal 0 0 1
    outer loop
      vertex 25.3882 117.949 96
      vertex 25.3882 115.051 96
      vertex 25.75 115.201 96
    endloop
  endfacet
  facet normal 0 0 1
    outer loop
      vertex 25 118 96
      vertex 25.3882 115.051 96
      vertex 25.3882 117.949 96
    endloop
  endfacet
  facet normal 0 0 1
    outer loop
      vertex 25 118 96
      vertex 25 115 96
      vertex 25.3882 115.051 96
    endloop
  endfacet
  facet normal -0 0 1
    outer loop
      vertex 24.6118 117.949 96
      vertex 25 115 96
      vertex 25 118 96
    endloop
  endfacet
  facet normal 0 0 1
    outer loop
      vertex 24.6118 117.949 96
      vertex 24.6118 115.051 96
      vertex 25 115 96
    endloop
  endfacet
  facet normal -0 0 1
    outer loop
      vertex 24.25 117.799 96
      vertex 24.6118 115.051 96
      vertex 24.6118 117.949 96
    endloop
  endfacet
  facet normal 0 0 1
    outer loop
      vertex 24.25 117.799 96
      vertex 24.25 115.201 96
      vertex 24.6118 115.051 96
    endloop
  endfacet
  facet normal -0 0 1
    outer loop
      vertex 23.9393 117.561 96
      vertex 24.25 115.201 96
      vertex 24.25 117.799 96
    endloop
  endfacet
  facet normal 0 0 1
    outer loop
      vertex 23.9393 117.561 96
      vertex 23.9393 115.439 96
      vertex 24.25 115.201 96
    endloop
  endfacet
  facet normal -0 0 1
    outer loop
      vertex 23.701 117.25 96
      vertex 23.9393 115.439 96
      vertex 23.9393 117.561 96
    endloop
  endfacet
  facet normal 0 0 1
    outer loop
      vertex 23.701 117.25 96
      vertex 23.701 115.75 96
      vertex 23.9393 115.439 96
    endloop
  endfacet
  facet normal -0 0 1
    outer loop
      vertex 23.5511 116.888 96
      vertex 23.701 115.75 96
      vertex 23.701 117.25 96
    endloop
  endfacet
  facet normal 0 0 1
    outer loop
      vertex 23.5511 116.888 96
      vertex 23.5511 116.112 96
      vertex 23.701 115.75 96
    endloop
  endfacet
  facet normal 0 -0 1
    outer loop
      vertex 23.5511 116.112 96
      vertex 23.5511 116.888 96
      vertex 23.5 116.5 96
    endloop
  endfacet
  facet normal -0.130256 -0.99148 0
    outer loop
      vertex 24.6118 115.051 93
      vertex 25 115 96
      vertex 24.6118 115.051 96
    endloop
  endfacet
  facet normal -0.130256 -0.99148 -0
    outer loop
      vertex 25 115 96
      vertex 24.6118 115.051 93
      vertex 25 115 93
    endloop
  endfacet
  facet normal -0.608104 -0.793857 0
    outer loop
      vertex 23.9393 115.439 93
      vertex 24.25 115.201 96
      vertex 23.9393 115.439 96
    endloop
  endfacet
  facet normal -0.608104 -0.793857 -0
    outer loop
      vertex 24.25 115.201 96
      vertex 23.9393 115.439 93
      vertex 24.25 115.201 93
    endloop
  endfacet
  facet normal 0.793771 -0.608217 0
    outer loop
      vertex 26.0607 115.439 96
      vertex 26.299 115.75 93
      vertex 26.299 115.75 96
    endloop
  endfacet
  facet normal 0.793771 -0.608217 0
    outer loop
      vertex 26.299 115.75 93
      vertex 26.0607 115.439 96
      vertex 26.0607 115.439 93
    endloop
  endfacet
  facet normal 0.991472 0.130322 0
    outer loop
      vertex 176.5 116.5 96
      vertex 176.449 116.888 93
      vertex 176.449 116.888 96
    endloop
  endfacet
  facet normal 0.991472 0.130322 0
    outer loop
      vertex 176.449 116.888 93
      vertex 176.5 116.5 96
      vertex 176.5 116.5 93
    endloop
  endfacet
  facet normal 0.382803 0.92383 -0
    outer loop
      vertex 175.75 117.799 93
      vertex 175.388 117.949 96
      vertex 175.75 117.799 96
    endloop
  endfacet
  facet normal 0.382803 0.92383 0
    outer loop
      vertex 175.388 117.949 96
      vertex 175.75 117.799 93
      vertex 175.388 117.949 93
    endloop
  endfacet
  facet normal -0.991472 -0.130322 0
    outer loop
      vertex 173.551 116.112 93
      vertex 173.5 116.5 96
      vertex 173.5 116.5 93
    endloop
  endfacet
  facet normal -0.991472 -0.130322 0
    outer loop
      vertex 173.5 116.5 96
      vertex 173.551 116.112 93
      vertex 173.551 116.112 96
    endloop
  endfacet
  facet normal 0.382803 -0.92383 0
    outer loop
      vertex 175.388 115.051 93
      vertex 175.75 115.201 96
      vertex 175.388 115.051 96
    endloop
  endfacet
  facet normal 0.382803 -0.92383 0
    outer loop
      vertex 175.75 115.201 96
      vertex 175.388 115.051 93
      vertex 175.75 115.201 93
    endloop
  endfacet
  facet normal 0.130322 -0.991472 0
    outer loop
      vertex 175 115 93
      vertex 175.388 115.051 96
      vertex 175 115 96
    endloop
  endfacet
  facet normal 0.130322 -0.991472 0
    outer loop
      vertex 175.388 115.051 96
      vertex 175 115 93
      vertex 175.388 115.051 93
    endloop
  endfacet
  facet normal 0.92383 0.382803 0
    outer loop
      vertex 176.449 116.888 96
      vertex 176.299 117.25 93
      vertex 176.299 117.25 96
    endloop
  endfacet
  facet normal 0.92383 0.382803 0
    outer loop
      vertex 176.299 117.25 93
      vertex 176.449 116.888 96
      vertex 176.449 116.888 93
    endloop
  endfacet
  facet normal -0.130322 0.991472 0
    outer loop
      vertex 175 118 93
      vertex 174.612 117.949 96
      vertex 175 118 96
    endloop
  endfacet
  facet normal -0.130322 0.991472 0
    outer loop
      vertex 174.612 117.949 96
      vertex 175 118 93
      vertex 174.612 117.949 93
    endloop
  endfacet
  facet normal -0.382803 0.92383 0
    outer loop
      vertex 174.612 117.949 93
      vertex 174.25 117.799 96
      vertex 174.612 117.949 96
    endloop
  endfacet
  facet normal -0.382803 0.92383 0
    outer loop
      vertex 174.25 117.799 96
      vertex 174.612 117.949 93
      vertex 174.25 117.799 93
    endloop
  endfacet
  facet normal -0.991472 0.130322 0
    outer loop
      vertex 173.5 116.5 93
      vertex 173.551 116.888 96
      vertex 173.551 116.888 93
    endloop
  endfacet
  facet normal -0.991472 0.130322 0
    outer loop
      vertex 173.551 116.888 96
      vertex 173.5 116.5 93
      vertex 173.5 116.5 96
    endloop
  endfacet
  facet normal -0.92383 -0.382803 0
    outer loop
      vertex 173.701 115.75 93
      vertex 173.551 116.112 96
      vertex 173.551 116.112 93
    endloop
  endfacet
  facet normal -0.92383 -0.382803 0
    outer loop
      vertex 173.551 116.112 96
      vertex 173.701 115.75 93
      vertex 173.701 115.75 96
    endloop
  endfacet
  facet normal 0.79414 0.607734 0
    outer loop
      vertex 176.299 117.25 96
      vertex 176.061 117.561 93
      vertex 176.061 117.561 96
    endloop
  endfacet
  facet normal 0.79414 0.607734 0
    outer loop
      vertex 176.061 117.561 93
      vertex 176.299 117.25 96
      vertex 176.299 117.25 93
    endloop
  endfacet
  facet normal 0.607734 0.79414 -0
    outer loop
      vertex 176.061 117.561 93
      vertex 175.75 117.799 96
      vertex 176.061 117.561 96
    endloop
  endfacet
  facet normal 0.607734 0.79414 0
    outer loop
      vertex 175.75 117.799 96
      vertex 176.061 117.561 93
      vertex 175.75 117.799 93
    endloop
  endfacet
  facet normal 0.130322 0.991472 -0
    outer loop
      vertex 175.388 117.949 93
      vertex 175 118 96
      vertex 175.388 117.949 96
    endloop
  endfacet
  facet normal 0.130322 0.991472 0
    outer loop
      vertex 175 118 96
      vertex 175.388 117.949 93
      vertex 175 118 93
    endloop
  endfacet
  facet normal -0.92383 0.382803 0
    outer loop
      vertex 173.551 116.888 93
      vertex 173.701 117.25 96
      vertex 173.701 117.25 93
    endloop
  endfacet
  facet normal -0.92383 0.382803 0
    outer loop
      vertex 173.701 117.25 96
      vertex 173.551 116.888 93
      vertex 173.551 116.888 96
    endloop
  endfacet
  facet normal -0.607734 0.79414 0
    outer loop
      vertex 174.25 117.799 93
      vertex 173.939 117.561 96
      vertex 174.25 117.799 96
    endloop
  endfacet
  facet normal -0.607734 0.79414 0
    outer loop
      vertex 173.939 117.561 96
      vertex 174.25 117.799 93
      vertex 173.939 117.561 93
    endloop
  endfacet
  facet normal -0.79414 0.607734 0
    outer loop
      vertex 173.701 117.25 93
      vertex 173.939 117.561 96
      vertex 173.939 117.561 93
    endloop
  endfacet
  facet normal -0.79414 0.607734 0
    outer loop
      vertex 173.939 117.561 96
      vertex 173.701 117.25 93
      vertex 173.701 117.25 96
    endloop
  endfacet
  facet normal 0.92383 -0.382803 0
    outer loop
      vertex 176.299 115.75 96
      vertex 176.449 116.112 93
      vertex 176.449 116.112 96
    endloop
  endfacet
  facet normal 0.92383 -0.382803 0
    outer loop
      vertex 176.449 116.112 93
      vertex 176.299 115.75 96
      vertex 176.299 115.75 93
    endloop
  endfacet
  facet normal 0.607734 -0.79414 0
    outer loop
      vertex 175.75 115.201 93
      vertex 176.061 115.439 96
      vertex 175.75 115.201 96
    endloop
  endfacet
  facet normal 0.607734 -0.79414 0
    outer loop
      vertex 176.061 115.439 96
      vertex 175.75 115.201 93
      vertex 176.061 115.439 93
    endloop
  endfacet
  facet normal 0.991472 -0.130322 0
    outer loop
      vertex 176.449 116.112 96
      vertex 176.5 116.5 93
      vertex 176.5 116.5 96
    endloop
  endfacet
  facet normal 0.991472 -0.130322 0
    outer loop
      vertex 176.5 116.5 93
      vertex 176.449 116.112 96
      vertex 176.449 116.112 93
    endloop
  endfacet
  facet normal -0.382803 -0.92383 0
    outer loop
      vertex 174.25 115.201 93
      vertex 174.612 115.051 96
      vertex 174.25 115.201 96
    endloop
  endfacet
  facet normal -0.382803 -0.92383 -0
    outer loop
      vertex 174.612 115.051 96
      vertex 174.25 115.201 93
      vertex 174.612 115.051 93
    endloop
  endfacet
  facet normal -0.79414 -0.607734 0
    outer loop
      vertex 173.939 115.439 93
      vertex 173.701 115.75 96
      vertex 173.701 115.75 93
    endloop
  endfacet
  facet normal -0.79414 -0.607734 0
    outer loop
      vertex 173.701 115.75 96
      vertex 173.939 115.439 93
      vertex 173.939 115.439 96
    endloop
  endfacet
  facet normal 0 0 1
    outer loop
      vertex 176.449 116.888 96
      vertex 176.449 116.112 96
      vertex 176.5 116.5 96
    endloop
  endfacet
  facet normal 0 0 1
    outer loop
      vertex 176.299 117.25 96
      vertex 176.449 116.112 96
      vertex 176.449 116.888 96
    endloop
  endfacet
  facet normal 0 0 1
    outer loop
      vertex 176.299 117.25 96
      vertex 176.299 115.75 96
      vertex 176.449 116.112 96
    endloop
  endfacet
  facet normal 0 0 1
    outer loop
      vertex 176.061 117.561 96
      vertex 176.299 115.75 96
      vertex 176.299 117.25 96
    endloop
  endfacet
  facet normal 0 0 1
    outer loop
      vertex 176.061 117.561 96
      vertex 176.061 115.439 96
      vertex 176.299 115.75 96
    endloop
  endfacet
  facet normal 0 0 1
    outer loop
      vertex 175.75 117.799 96
      vertex 176.061 115.439 96
      vertex 176.061 117.561 96
    endloop
  endfacet
  facet normal 0 0 1
    outer loop
      vertex 175.75 117.799 96
      vertex 175.75 115.201 96
      vertex 176.061 115.439 96
    endloop
  endfacet
  facet normal 0 0 1
    outer loop
      vertex 175.388 117.949 96
      vertex 175.75 115.201 96
      vertex 175.75 117.799 96
    endloop
  endfacet
  facet normal 0 0 1
    outer loop
      vertex 175.388 117.949 96
      vertex 175.388 115.051 96
      vertex 175.75 115.201 96
    endloop
  endfacet
  facet normal 0 0 1
    outer loop
      vertex 175 118 96
      vertex 175.388 115.051 96
      vertex 175.388 117.949 96
    endloop
  endfacet
  facet normal 0 0 1
    outer loop
      vertex 175 118 96
      vertex 175 115 96
      vertex 175.388 115.051 96
    endloop
  endfacet
  facet normal -0 0 1
    outer loop
      vertex 174.612 117.949 96
      vertex 175 115 96
      vertex 175 118 96
    endloop
  endfacet
  facet normal 0 0 1
    outer loop
      vertex 174.612 117.949 96
      vertex 174.612 115.051 96
      vertex 175 115 96
    endloop
  endfacet
  facet normal -0 0 1
    outer loop
      vertex 174.25 117.799 96
      vertex 174.612 115.051 96
      vertex 174.612 117.949 96
    endloop
  endfacet
  facet normal 0 0 1
    outer loop
      vertex 174.25 117.799 96
      vertex 174.25 115.201 96
      vertex 174.612 115.051 96
    endloop
  endfacet
  facet normal -0 0 1
    outer loop
      vertex 173.939 117.561 96
      vertex 174.25 115.201 96
      vertex 174.25 117.799 96
    endloop
  endfacet
  facet normal 0 0 1
    outer loop
      vertex 173.939 117.561 96
      vertex 173.939 115.439 96
      vertex 174.25 115.201 96
    endloop
  endfacet
  facet normal -0 0 1
    outer loop
      vertex 173.701 117.25 96
      vertex 173.939 115.439 96
      vertex 173.939 117.561 96
    endloop
  endfacet
  facet normal 0 0 1
    outer loop
      vertex 173.701 117.25 96
      vertex 173.701 115.75 96
      vertex 173.939 115.439 96
    endloop
  endfacet
  facet normal -0 0 1
    outer loop
      vertex 173.551 116.888 96
      vertex 173.701 115.75 96
      vertex 173.701 117.25 96
    endloop
  endfacet
  facet normal 0 0 1
    outer loop
      vertex 173.551 116.888 96
      vertex 173.551 116.112 96
      vertex 173.701 115.75 96
    endloop
  endfacet
  facet normal 0 -0 1
    outer loop
      vertex 173.551 116.112 96
      vertex 173.551 116.888 96
      vertex 173.5 116.5 96
    endloop
  endfacet
  facet normal -0.130322 -0.991472 0
    outer loop
      vertex 174.612 115.051 93
      vertex 175 115 96
      vertex 174.612 115.051 96
    endloop
  endfacet
  facet normal -0.130322 -0.991472 -0
    outer loop
      vertex 175 115 96
      vertex 174.612 115.051 93
      vertex 175 115 93
    endloop
  endfacet
  facet normal -0.607734 -0.79414 0
    outer loop
      vertex 173.939 115.439 93
      vertex 174.25 115.201 96
      vertex 173.939 115.439 96
    endloop
  endfacet
  facet normal -0.607734 -0.79414 -0
    outer loop
      vertex 174.25 115.201 96
      vertex 173.939 115.439 93
      vertex 174.25 115.201 93
    endloop
  endfacet
  facet normal 0.79414 -0.607734 0
    outer loop
      vertex 176.061 115.439 96
      vertex 176.299 115.75 93
      vertex 176.299 115.75 96
    endloop
  endfacet
  facet normal 0.79414 -0.607734 0
    outer loop
      vertex 176.299 115.75 93
      vertex 176.061 115.439 96
      vertex 176.061 115.439 93
    endloop
  endfacet
  facet normal 0 -1 0
    outer loop
      vertex 71 14 93
      vertex 74 14 61
      vertex 105 14 93
    endloop
  endfacet
  facet normal 0 -1 0
    outer loop
      vertex 71 14 3
      vertex 74 14 61
      vertex 71 14 93
    endloop
  endfacet
  facet normal 0 -1 -0
    outer loop
      vertex 74 14 61
      vertex 71 14 3
      vertex 74 14 3
    endloop
  endfacet
  facet normal 0 -1 0
    outer loop
      vertex 102 14 61
      vertex 105 14 93
      vertex 74 14 61
    endloop
  endfacet
  facet normal 0 -1 0
    outer loop
      vertex 105 14 3
      vertex 102 14 61
      vertex 102 14 3
    endloop
  endfacet
  facet normal 0 -1 0
    outer loop
      vertex 102 14 61
      vertex 105 14 3
      vertex 105 14 93
    endloop
  endfacet
  facet normal -0.991413 -0.130766 0
    outer loop
      vertex 77.3 15.5 0
      vertex 77.2761 15.6812 3
      vertex 77.2761 15.6812 0
    endloop
  endfacet
  facet normal -0.991413 -0.130766 0
    outer loop
      vertex 77.2761 15.6812 3
      vertex 77.3 15.5 0
      vertex 77.3 15.5 3
    endloop
  endfacet
  facet normal 0.991413 0.130766 0
    outer loop
      vertex 75.9239 15.3188 3
      vertex 75.9 15.5 0
      vertex 75.9 15.5 3
    endloop
  endfacet
  facet normal 0.991413 0.130766 0
    outer loop
      vertex 75.9 15.5 0
      vertex 75.9239 15.3188 3
      vertex 75.9239 15.3188 0
    endloop
  endfacet
  facet normal 0.130766 -0.991413 0
    outer loop
      vertex 76.4188 16.1761 0
      vertex 76.6 16.2 3
      vertex 76.4188 16.1761 3
    endloop
  endfacet
  facet normal 0.130766 -0.991413 0
    outer loop
      vertex 76.6 16.2 3
      vertex 76.4188 16.1761 0
      vertex 76.6 16.2 0
    endloop
  endfacet
  facet normal -0.130766 0.991413 0
    outer loop
      vertex 76.7812 14.8239 0
      vertex 76.6 14.8 3
      vertex 76.7812 14.8239 3
    endloop
  endfacet
  facet normal -0.130766 0.991413 0
    outer loop
      vertex 76.6 14.8 3
      vertex 76.7812 14.8239 0
      vertex 76.6 14.8 0
    endloop
  endfacet
  facet normal -0.382594 0.923917 0
    outer loop
      vertex 76.95 14.8938 0
      vertex 76.7812 14.8239 3
      vertex 76.95 14.8938 3
    endloop
  endfacet
  facet normal -0.382594 0.923917 0
    outer loop
      vertex 76.7812 14.8239 3
      vertex 76.95 14.8938 0
      vertex 76.7812 14.8239 0
    endloop
  endfacet
  facet normal -0.608546 -0.793518 0
    outer loop
      vertex 76.95 16.1062 0
      vertex 77.095 15.995 3
      vertex 76.95 16.1062 3
    endloop
  endfacet
  facet normal -0.608546 -0.793518 -0
    outer loop
      vertex 77.095 15.995 3
      vertex 76.95 16.1062 0
      vertex 77.095 15.995 0
    endloop
  endfacet
  facet normal -0.923917 -0.382594 0
    outer loop
      vertex 77.2761 15.6812 0
      vertex 77.2062 15.85 3
      vertex 77.2062 15.85 0
    endloop
  endfacet
  facet normal -0.923917 -0.382594 0
    outer loop
      vertex 77.2062 15.85 3
      vertex 77.2761 15.6812 0
      vertex 77.2761 15.6812 3
    endloop
  endfacet
  facet normal 0.793518 -0.608546 0
    outer loop
      vertex 75.9938 15.85 3
      vertex 76.105 15.995 0
      vertex 76.105 15.995 3
    endloop
  endfacet
  facet normal 0.793518 -0.608546 0
    outer loop
      vertex 76.105 15.995 0
      vertex 75.9938 15.85 3
      vertex 75.9938 15.85 0
    endloop
  endfacet
  facet normal 0.923917 -0.382594 0
    outer loop
      vertex 75.9239 15.6812 3
      vertex 75.9938 15.85 0
      vertex 75.9938 15.85 3
    endloop
  endfacet
  facet normal 0.923917 -0.382594 0
    outer loop
      vertex 75.9938 15.85 0
      vertex 75.9239 15.6812 3
      vertex 75.9239 15.6812 0
    endloop
  endfacet
  facet normal 0.608546 -0.793518 0
    outer loop
      vertex 76.105 15.995 0
      vertex 76.25 16.1062 3
      vertex 76.105 15.995 3
    endloop
  endfacet
  facet normal 0.608546 -0.793518 0
    outer loop
      vertex 76.25 16.1062 3
      vertex 76.105 15.995 0
      vertex 76.25 16.1062 0
    endloop
  endfacet
  facet normal 0.608546 0.793518 -0
    outer loop
      vertex 76.25 14.8938 0
      vertex 76.105 15.005 3
      vertex 76.25 14.8938 3
    endloop
  endfacet
  facet normal 0.608546 0.793518 0
    outer loop
      vertex 76.105 15.005 3
      vertex 76.25 14.8938 0
      vertex 76.105 15.005 0
    endloop
  endfacet
  facet normal -0.923917 0.382594 0
    outer loop
      vertex 77.2062 15.15 0
      vertex 77.2761 15.3188 3
      vertex 77.2761 15.3188 0
    endloop
  endfacet
  facet normal -0.923917 0.382594 0
    outer loop
      vertex 77.2761 15.3188 3
      vertex 77.2062 15.15 0
      vertex 77.2062 15.15 3
    endloop
  endfacet
  facet normal -0.793518 -0.608546 0
    outer loop
      vertex 77.2062 15.85 0
      vertex 77.095 15.995 3
      vertex 77.095 15.995 0
    endloop
  endfacet
  facet normal -0.793518 -0.608546 0
    outer loop
      vertex 77.095 15.995 3
      vertex 77.2062 15.85 0
      vertex 77.2062 15.85 3
    endloop
  endfacet
  facet normal -0.130766 -0.991413 0
    outer loop
      vertex 76.6 16.2 0
      vertex 76.7812 16.1761 3
      vertex 76.6 16.2 3
    endloop
  endfacet
  facet normal -0.130766 -0.991413 -0
    outer loop
      vertex 76.7812 16.1761 3
      vertex 76.6 16.2 0
      vertex 76.7812 16.1761 0
    endloop
  endfacet
  facet normal -0.382594 -0.923917 0
    outer loop
      vertex 76.7812 16.1761 0
      vertex 76.95 16.1062 3
      vertex 76.7812 16.1761 3
    endloop
  endfacet
  facet normal -0.382594 -0.923917 -0
    outer loop
      vertex 76.95 16.1062 3
      vertex 76.7812 16.1761 0
      vertex 76.95 16.1062 0
    endloop
  endfacet
  facet normal 0.991413 -0.130766 0
    outer loop
      vertex 75.9 15.5 3
      vertex 75.9239 15.6812 0
      vertex 75.9239 15.6812 3
    endloop
  endfacet
  facet normal 0.991413 -0.130766 0
    outer loop
      vertex 75.9239 15.6812 0
      vertex 75.9 15.5 3
      vertex 75.9 15.5 0
    endloop
  endfacet
  facet normal 0.382594 -0.923917 0
    outer loop
      vertex 76.25 16.1062 0
      vertex 76.4188 16.1761 3
      vertex 76.25 16.1062 3
    endloop
  endfacet
  facet normal 0.382594 -0.923917 0
    outer loop
      vertex 76.4188 16.1761 3
      vertex 76.25 16.1062 0
      vertex 76.4188 16.1761 0
    endloop
  endfacet
  facet normal -0.991413 0.130766 0
    outer loop
      vertex 77.2761 15.3188 0
      vertex 77.3 15.5 3
      vertex 77.3 15.5 0
    endloop
  endfacet
  facet normal -0.991413 0.130766 0
    outer loop
      vertex 77.3 15.5 3
      vertex 77.2761 15.3188 0
      vertex 77.2761 15.3188 3
    endloop
  endfacet
  facet normal 0.130766 0.991413 -0
    outer loop
      vertex 76.6 14.8 0
      vertex 76.4188 14.8239 3
      vertex 76.6 14.8 3
    endloop
  endfacet
  facet normal 0.130766 0.991413 0
    outer loop
      vertex 76.4188 14.8239 3
      vertex 76.6 14.8 0
      vertex 76.4188 14.8239 0
    endloop
  endfacet
  facet normal 0.382594 0.923917 -0
    outer loop
      vertex 76.4188 14.8239 0
      vertex 76.25 14.8938 3
      vertex 76.4188 14.8239 3
    endloop
  endfacet
  facet normal 0.382594 0.923917 0
    outer loop
      vertex 76.25 14.8938 3
      vertex 76.4188 14.8239 0
      vertex 76.25 14.8938 0
    endloop
  endfacet
  facet normal -0.608546 0.793518 0
    outer loop
      vertex 77.095 15.005 0
      vertex 76.95 14.8938 3
      vertex 77.095 15.005 3
    endloop
  endfacet
  facet normal -0.608546 0.793518 0
    outer loop
      vertex 76.95 14.8938 3
      vertex 77.095 15.005 0
      vertex 76.95 14.8938 0
    endloop
  endfacet
  facet normal 0.793518 0.608546 0
    outer loop
      vertex 76.105 15.005 3
      vertex 75.9938 15.15 0
      vertex 75.9938 15.15 3
    endloop
  endfacet
  facet normal 0.793518 0.608546 0
    outer loop
      vertex 75.9938 15.15 0
      vertex 76.105 15.005 3
      vertex 76.105 15.005 0
    endloop
  endfacet
  facet normal 0.923917 0.382594 0
    outer loop
      vertex 75.9938 15.15 3
      vertex 75.9239 15.3188 0
      vertex 75.9239 15.3188 3
    endloop
  endfacet
  facet normal 0.923917 0.382594 0
    outer loop
      vertex 75.9239 15.3188 0
      vertex 75.9938 15.15 3
      vertex 75.9938 15.15 0
    endloop
  endfacet
  facet normal -0.793518 0.608546 0
    outer loop
      vertex 77.095 15.005 0
      vertex 77.2062 15.15 3
      vertex 77.2062 15.15 0
    endloop
  endfacet
  facet normal -0.793518 0.608546 0
    outer loop
      vertex 77.2062 15.15 3
      vertex 77.095 15.005 0
      vertex 77.095 15.005 3
    endloop
  endfacet
  facet normal 0.130766 -0.991413 0
    outer loop
      vertex 76.4188 16.1761 61
      vertex 76.6 16.2 72.5
      vertex 76.4188 16.1761 72.5
    endloop
  endfacet
  facet normal 0.130766 -0.991413 0
    outer loop
      vertex 76.6 16.2 72.5
      vertex 76.4188 16.1761 61
      vertex 76.6 16.2 61
    endloop
  endfacet
  facet normal -0.793518 -0.608546 0
    outer loop
      vertex 77.2062 15.85 61
      vertex 77.095 15.995 72.5
      vertex 77.095 15.995 61
    endloop
  endfacet
  facet normal -0.793518 -0.608546 0
    outer loop
      vertex 77.095 15.995 72.5
      vertex 77.2062 15.85 61
      vertex 77.2062 15.85 72.5
    endloop
  endfacet
  facet normal -0.923917 -0.382594 0
    outer loop
      vertex 77.2761 15.6812 61
      vertex 77.2062 15.85 72.5
      vertex 77.2062 15.85 61
    endloop
  endfacet
  facet normal -0.923917 -0.382594 0
    outer loop
      vertex 77.2062 15.85 72.5
      vertex 77.2761 15.6812 61
      vertex 77.2761 15.6812 72.5
    endloop
  endfacet
  facet normal -0.130766 -0.991413 0
    outer loop
      vertex 76.6 16.2 61
      vertex 76.7812 16.1761 72.5
      vertex 76.6 16.2 72.5
    endloop
  endfacet
  facet normal -0.130766 -0.991413 -0
    outer loop
      vertex 76.7812 16.1761 72.5
      vertex 76.6 16.2 61
      vertex 76.7812 16.1761 61
    endloop
  endfacet
  facet normal 0.608546 -0.793518 0
    outer loop
      vertex 76.105 15.995 61
      vertex 76.25 16.1062 72.5
      vertex 76.105 15.995 72.5
    endloop
  endfacet
  facet normal 0.608546 -0.793518 0
    outer loop
      vertex 76.25 16.1062 72.5
      vertex 76.105 15.995 61
      vertex 76.25 16.1062 61
    endloop
  endfacet
  facet normal 0.793518 -0.608546 0
    outer loop
      vertex 75.9938 15.85 72.5
      vertex 76.105 15.995 61
      vertex 76.105 15.995 72.5
    endloop
  endfacet
  facet normal 0.793518 -0.608546 0
    outer loop
      vertex 76.105 15.995 61
      vertex 75.9938 15.85 72.5
      vertex 75.9938 15.85 61
    endloop
  endfacet
  facet normal -0.991413 0.130766 0
    outer loop
      vertex 77.2761 15.3188 61
      vertex 77.3 15.5 72.5
      vertex 77.3 15.5 61
    endloop
  endfacet
  facet normal -0.991413 0.130766 0
    outer loop
      vertex 77.3 15.5 72.5
      vertex 77.2761 15.3188 61
      vertex 77.2761 15.3188 72.5
    endloop
  endfacet
  facet normal -0.608546 -0.793518 0
    outer loop
      vertex 76.95 16.1062 61
      vertex 77.095 15.995 72.5
      vertex 76.95 16.1062 72.5
    endloop
  endfacet
  facet normal -0.608546 -0.793518 -0
    outer loop
      vertex 77.095 15.995 72.5
      vertex 76.95 16.1062 61
      vertex 77.095 15.995 61
    endloop
  endfacet
  facet normal -0.382594 -0.923917 0
    outer loop
      vertex 76.7812 16.1761 61
      vertex 76.95 16.1062 72.5
      vertex 76.7812 16.1761 72.5
    endloop
  endfacet
  facet normal -0.382594 -0.923917 -0
    outer loop
      vertex 76.95 16.1062 72.5
      vertex 76.7812 16.1761 61
      vertex 76.95 16.1062 61
    endloop
  endfacet
  facet normal 0.991413 0.130766 0
    outer loop
      vertex 75.9239 15.3188 72.5
      vertex 75.9 15.5 61
      vertex 75.9 15.5 72.5
    endloop
  endfacet
  facet normal 0.991413 0.130766 0
    outer loop
      vertex 75.9 15.5 61
      vertex 75.9239 15.3188 72.5
      vertex 75.9239 15.3188 61
    endloop
  endfacet
  facet normal 0.923917 -0.382594 0
    outer loop
      vertex 75.9239 15.6812 72.5
      vertex 75.9938 15.85 61
      vertex 75.9938 15.85 72.5
    endloop
  endfacet
  facet normal 0.923917 -0.382594 0
    outer loop
      vertex 75.9938 15.85 61
      vertex 75.9239 15.6812 72.5
      vertex 75.9239 15.6812 61
    endloop
  endfacet
  facet normal 0.382594 -0.923917 0
    outer loop
      vertex 76.25 16.1062 61
      vertex 76.4188 16.1761 72.5
      vertex 76.25 16.1062 72.5
    endloop
  endfacet
  facet normal 0.382594 -0.923917 0
    outer loop
      vertex 76.4188 16.1761 72.5
      vertex 76.25 16.1062 61
      vertex 76.4188 16.1761 61
    endloop
  endfacet
  facet normal -0.991413 -0.130766 0
    outer loop
      vertex 77.3 15.5 61
      vertex 77.2761 15.6812 72.5
      vertex 77.2761 15.6812 61
    endloop
  endfacet
  facet normal -0.991413 -0.130766 0
    outer loop
      vertex 77.2761 15.6812 72.5
      vertex 77.3 15.5 61
      vertex 77.3 15.5 72.5
    endloop
  endfacet
  facet normal 0.923917 0.382594 0
    outer loop
      vertex 75.9938 15.15 72.5
      vertex 75.9239 15.3188 61
      vertex 75.9239 15.3188 72.5
    endloop
  endfacet
  facet normal 0.923917 0.382594 0
    outer loop
      vertex 75.9239 15.3188 61
      vertex 75.9938 15.15 72.5
      vertex 75.9938 15.15 61
    endloop
  endfacet
  facet normal -0.382594 0.923917 0
    outer loop
      vertex 76.95 14.8938 61
      vertex 76.7812 14.8239 72.5
      vertex 76.95 14.8938 72.5
    endloop
  endfacet
  facet normal -0.382594 0.923917 0
    outer loop
      vertex 76.7812 14.8239 72.5
      vertex 76.95 14.8938 61
      vertex 76.7812 14.8239 61
    endloop
  endfacet
  facet normal -0.608546 0.793518 0
    outer loop
      vertex 77.095 15.005 61
      vertex 76.95 14.8938 72.5
      vertex 77.095 15.005 72.5
    endloop
  endfacet
  facet normal -0.608546 0.793518 0
    outer loop
      vertex 76.95 14.8938 72.5
      vertex 77.095 15.005 61
      vertex 76.95 14.8938 61
    endloop
  endfacet
  facet normal 0 0 -1
    outer loop
      vertex 77.2761 15.3188 72.5
      vertex 77.2761 15.6812 72.5
      vertex 77.3 15.5 72.5
    endloop
  endfacet
  facet normal 0 0 -1
    outer loop
      vertex 77.2062 15.15 72.5
      vertex 77.2761 15.6812 72.5
      vertex 77.2761 15.3188 72.5
    endloop
  endfacet
  facet normal 0 0 -1
    outer loop
      vertex 77.2062 15.15 72.5
      vertex 77.2062 15.85 72.5
      vertex 77.2761 15.6812 72.5
    endloop
  endfacet
  facet normal 0 0 -1
    outer loop
      vertex 77.095 15.005 72.5
      vertex 77.2062 15.85 72.5
      vertex 77.2062 15.15 72.5
    endloop
  endfacet
  facet normal 0 0 -1
    outer loop
      vertex 77.095 15.005 72.5
      vertex 77.095 15.995 72.5
      vertex 77.2062 15.85 72.5
    endloop
  endfacet
  facet normal 0 0 -1
    outer loop
      vertex 76.95 14.8938 72.5
      vertex 77.095 15.995 72.5
      vertex 77.095 15.005 72.5
    endloop
  endfacet
  facet normal 0 0 -1
    outer loop
      vertex 76.95 14.8938 72.5
      vertex 76.95 16.1062 72.5
      vertex 77.095 15.995 72.5
    endloop
  endfacet
  facet normal 0 0 -1
    outer loop
      vertex 76.7812 14.8239 72.5
      vertex 76.95 16.1062 72.5
      vertex 76.95 14.8938 72.5
    endloop
  endfacet
  facet normal 0 0 -1
    outer loop
      vertex 76.7812 14.8239 72.5
      vertex 76.7812 16.1761 72.5
      vertex 76.95 16.1062 72.5
    endloop
  endfacet
  facet normal 0 0 -1
    outer loop
      vertex 76.6 14.8 72.5
      vertex 76.7812 16.1761 72.5
      vertex 76.7812 14.8239 72.5
    endloop
  endfacet
  facet normal 0 0 -1
    outer loop
      vertex 76.6 14.8 72.5
      vertex 76.6 16.2 72.5
      vertex 76.7812 16.1761 72.5
    endloop
  endfacet
  facet normal 0 0 -1
    outer loop
      vertex 76.4188 14.8239 72.5
      vertex 76.6 16.2 72.5
      vertex 76.6 14.8 72.5
    endloop
  endfacet
  facet normal 0 0 -1
    outer loop
      vertex 76.4188 14.8239 72.5
      vertex 76.4188 16.1761 72.5
      vertex 76.6 16.2 72.5
    endloop
  endfacet
  facet normal 0 0 -1
    outer loop
      vertex 76.25 14.8938 72.5
      vertex 76.4188 16.1761 72.5
      vertex 76.4188 14.8239 72.5
    endloop
  endfacet
  facet normal 0 0 -1
    outer loop
      vertex 76.25 14.8938 72.5
      vertex 76.25 16.1062 72.5
      vertex 76.4188 16.1761 72.5
    endloop
  endfacet
  facet normal 0 0 -1
    outer loop
      vertex 76.105 15.005 72.5
      vertex 76.25 16.1062 72.5
      vertex 76.25 14.8938 72.5
    endloop
  endfacet
  facet normal 0 0 -1
    outer loop
      vertex 76.105 15.005 72.5
      vertex 76.105 15.995 72.5
      vertex 76.25 16.1062 72.5
    endloop
  endfacet
  facet normal 0 0 -1
    outer loop
      vertex 75.9938 15.15 72.5
      vertex 76.105 15.995 72.5
      vertex 76.105 15.005 72.5
    endloop
  endfacet
  facet normal 0 0 -1
    outer loop
      vertex 75.9938 15.15 72.5
      vertex 75.9938 15.85 72.5
      vertex 76.105 15.995 72.5
    endloop
  endfacet
  facet normal 0 0 -1
    outer loop
      vertex 75.9239 15.3188 72.5
      vertex 75.9938 15.85 72.5
      vertex 75.9938 15.15 72.5
    endloop
  endfacet
  facet normal 0 0 -1
    outer loop
      vertex 75.9239 15.3188 72.5
      vertex 75.9239 15.6812 72.5
      vertex 75.9938 15.85 72.5
    endloop
  endfacet
  facet normal 0 -0 -1
    outer loop
      vertex 75.9239 15.6812 72.5
      vertex 75.9239 15.3188 72.5
      vertex 75.9 15.5 72.5
    endloop
  endfacet
  facet normal 0.991413 -0.130766 0
    outer loop
      vertex 75.9 15.5 72.5
      vertex 75.9239 15.6812 61
      vertex 75.9239 15.6812 72.5
    endloop
  endfacet
  facet normal 0.991413 -0.130766 0
    outer loop
      vertex 75.9239 15.6812 61
      vertex 75.9 15.5 72.5
      vertex 75.9 15.5 61
    endloop
  endfacet
  facet normal -0.923917 0.382594 0
    outer loop
      vertex 77.2062 15.15 61
      vertex 77.2761 15.3188 72.5
      vertex 77.2761 15.3188 61
    endloop
  endfacet
  facet normal -0.923917 0.382594 0
    outer loop
      vertex 77.2761 15.3188 72.5
      vertex 77.2062 15.15 61
      vertex 77.2062 15.15 72.5
    endloop
  endfacet
  facet normal 0.608546 0.793518 -0
    outer loop
      vertex 76.25 14.8938 61
      vertex 76.105 15.005 72.5
      vertex 76.25 14.8938 72.5
    endloop
  endfacet
  facet normal 0.608546 0.793518 0
    outer loop
      vertex 76.105 15.005 72.5
      vertex 76.25 14.8938 61
      vertex 76.105 15.005 61
    endloop
  endfacet
  facet normal -0.130766 0.991413 0
    outer loop
      vertex 76.7812 14.8239 61
      vertex 76.6 14.8 72.5
      vertex 76.7812 14.8239 72.5
    endloop
  endfacet
  facet normal -0.130766 0.991413 0
    outer loop
      vertex 76.6 14.8 72.5
      vertex 76.7812 14.8239 61
      vertex 76.6 14.8 61
    endloop
  endfacet
  facet normal 0.793518 0.608546 0
    outer loop
      vertex 76.105 15.005 72.5
      vertex 75.9938 15.15 61
      vertex 75.9938 15.15 72.5
    endloop
  endfacet
  facet normal 0.793518 0.608546 0
    outer loop
      vertex 75.9938 15.15 61
      vertex 76.105 15.005 72.5
      vertex 76.105 15.005 61
    endloop
  endfacet
  facet normal 0.130766 0.991413 -0
    outer loop
      vertex 76.6 14.8 61
      vertex 76.4188 14.8239 72.5
      vertex 76.6 14.8 72.5
    endloop
  endfacet
  facet normal 0.130766 0.991413 0
    outer loop
      vertex 76.4188 14.8239 72.5
      vertex 76.6 14.8 61
      vertex 76.4188 14.8239 61
    endloop
  endfacet
  facet normal 0.382594 0.923917 -0
    outer loop
      vertex 76.4188 14.8239 61
      vertex 76.25 14.8938 72.5
      vertex 76.4188 14.8239 72.5
    endloop
  endfacet
  facet normal 0.382594 0.923917 0
    outer loop
      vertex 76.25 14.8938 72.5
      vertex 76.4188 14.8239 61
      vertex 76.25 14.8938 61
    endloop
  endfacet
  facet normal -0.793518 0.608546 0
    outer loop
      vertex 77.095 15.005 61
      vertex 77.2062 15.15 72.5
      vertex 77.2062 15.15 61
    endloop
  endfacet
  facet normal -0.793518 0.608546 0
    outer loop
      vertex 77.2062 15.15 72.5
      vertex 77.095 15.005 61
      vertex 77.095 15.005 72.5
    endloop
  endfacet
  facet normal -0.991323 -0.131446 0
    outer loop
      vertex 100.1 116.5 0
      vertex 100.076 116.681 3
      vertex 100.076 116.681 0
    endloop
  endfacet
  facet normal -0.991323 -0.131446 0
    outer loop
      vertex 100.076 116.681 3
      vertex 100.1 116.5 0
      vertex 100.1 116.5 3
    endloop
  endfacet
  facet normal 0.131304 -0.991342 0
    outer loop
      vertex 99.2188 117.176 0
      vertex 99.4 117.2 3
      vertex 99.2188 117.176 3
    endloop
  endfacet
  facet normal 0.131304 -0.991342 0
    outer loop
      vertex 99.4 117.2 3
      vertex 99.2188 117.176 0
      vertex 99.4 117.2 0
    endloop
  endfacet
  facet normal -0.131304 0.991342 0
    outer loop
      vertex 99.5812 115.824 0
      vertex 99.4 115.8 3
      vertex 99.5812 115.824 3
    endloop
  endfacet
  facet normal -0.131304 0.991342 0
    outer loop
      vertex 99.4 115.8 3
      vertex 99.5812 115.824 0
      vertex 99.4 115.8 0
    endloop
  endfacet
  facet normal -0.383061 0.923723 0
    outer loop
      vertex 99.75 115.894 0
      vertex 99.5812 115.824 3
      vertex 99.75 115.894 3
    endloop
  endfacet
  facet normal -0.383061 0.923723 0
    outer loop
      vertex 99.5812 115.824 3
      vertex 99.75 115.894 0
      vertex 99.5812 115.824 0
    endloop
  endfacet
  facet normal -0.607857 -0.794047 0
    outer loop
      vertex 99.75 117.106 0
      vertex 99.895 116.995 3
      vertex 99.75 117.106 3
    endloop
  endfacet
  facet normal -0.607857 -0.794047 -0
    outer loop
      vertex 99.895 116.995 3
      vertex 99.75 117.106 0
      vertex 99.895 116.995 0
    endloop
  endfacet
  facet normal 0.793518 -0.608546 0
    outer loop
      vertex 98.7938 116.85 3
      vertex 98.905 116.995 0
      vertex 98.905 116.995 3
    endloop
  endfacet
  facet normal 0.793518 -0.608546 0
    outer loop
      vertex 98.905 116.995 0
      vertex 98.7938 116.85 3
      vertex 98.7938 116.85 0
    endloop
  endfacet
  facet normal 0.924077 -0.382207 0
    outer loop
      vertex 98.7239 116.681 3
      vertex 98.7938 116.85 0
      vertex 98.7938 116.85 3
    endloop
  endfacet
  facet normal 0.924077 -0.382207 0
    outer loop
      vertex 98.7938 116.85 0
      vertex 98.7239 116.681 3
      vertex 98.7239 116.681 0
    endloop
  endfacet
  facet normal 0.383061 -0.923723 0
    outer loop
      vertex 99.05 117.106 0
      vertex 99.2188 117.176 3
      vertex 99.05 117.106 3
    endloop
  endfacet
  facet normal 0.383061 -0.923723 0
    outer loop
      vertex 99.2188 117.176 3
      vertex 99.05 117.106 0
      vertex 99.2188 117.176 0
    endloop
  endfacet
  facet normal -0.923884 0.382674 0
    outer loop
      vertex 100.006 116.15 0
      vertex 100.076 116.319 3
      vertex 100.076 116.319 0
    endloop
  endfacet
  facet normal -0.923884 0.382674 0
    outer loop
      vertex 100.076 116.319 3
      vertex 100.006 116.15 0
      vertex 100.006 116.15 3
    endloop
  endfacet
  facet normal -0.794047 -0.607857 0
    outer loop
      vertex 100.006 116.85 0
      vertex 99.895 116.995 3
      vertex 99.895 116.995 0
    endloop
  endfacet
  facet normal -0.794047 -0.607857 0
    outer loop
      vertex 99.895 116.995 3
      vertex 100.006 116.85 0
      vertex 100.006 116.85 3
    endloop
  endfacet
  facet normal -0.923884 -0.382674 0
    outer loop
      vertex 100.076 116.681 0
      vertex 100.006 116.85 3
      vertex 100.006 116.85 0
    endloop
  endfacet
  facet normal -0.923884 -0.382674 0
    outer loop
      vertex 100.006 116.85 3
      vertex 100.076 116.681 0
      vertex 100.076 116.681 3
    endloop
  endfacet
  facet normal -0.131304 -0.991342 0
    outer loop
      vertex 99.4 117.2 0
      vertex 99.5812 117.176 3
      vertex 99.4 117.2 3
    endloop
  endfacet
  facet normal -0.131304 -0.991342 -0
    outer loop
      vertex 99.5812 117.176 3
      vertex 99.4 117.2 0
      vertex 99.5812 117.176 0
    endloop
  endfacet
  facet normal -0.383061 -0.923723 0
    outer loop
      vertex 99.5812 117.176 0
      vertex 99.75 117.106 3
      vertex 99.5812 117.176 3
    endloop
  endfacet
  facet normal -0.383061 -0.923723 -0
    outer loop
      vertex 99.75 117.106 3
      vertex 99.5812 117.176 0
      vertex 99.75 117.106 0
    endloop
  endfacet
  facet normal 0.991395 -0.130908 0
    outer loop
      vertex 98.7 116.5 3
      vertex 98.7239 116.681 0
      vertex 98.7239 116.681 3
    endloop
  endfacet
  facet normal 0.991395 -0.130908 0
    outer loop
      vertex 98.7239 116.681 0
      vertex 98.7 116.5 3
      vertex 98.7 116.5 0
    endloop
  endfacet
  facet normal 0.607857 -0.794047 0
    outer loop
      vertex 98.905 116.995 0
      vertex 99.05 117.106 3
      vertex 98.905 116.995 3
    endloop
  endfacet
  facet normal 0.607857 -0.794047 0
    outer loop
      vertex 99.05 117.106 3
      vertex 98.905 116.995 0
      vertex 99.05 117.106 0
    endloop
  endfacet
  facet normal -0.991323 0.131446 0
    outer loop
      vertex 100.076 116.319 0
      vertex 100.1 116.5 3
      vertex 100.1 116.5 0
    endloop
  endfacet
  facet normal -0.991323 0.131446 0
    outer loop
      vertex 100.1 116.5 3
      vertex 100.076 116.319 0
      vertex 100.076 116.319 3
    endloop
  endfacet
  facet normal 0.924077 0.382207 0
    outer loop
      vertex 98.7938 116.15 3
      vertex 98.7239 116.319 0
      vertex 98.7239 116.319 3
    endloop
  endfacet
  facet normal 0.924077 0.382207 0
    outer loop
      vertex 98.7239 116.319 0
      vertex 98.7938 116.15 3
      vertex 98.7938 116.15 0
    endloop
  endfacet
  facet normal 0.991395 0.130908 0
    outer loop
      vertex 98.7239 116.319 3
      vertex 98.7 116.5 0
      vertex 98.7 116.5 3
    endloop
  endfacet
  facet normal 0.991395 0.130908 0
    outer loop
      vertex 98.7 116.5 0
      vertex 98.7239 116.319 3
      vertex 98.7239 116.319 0
    endloop
  endfacet
  facet normal -0.607857 0.794047 0
    outer loop
      vertex 99.895 116.005 0
      vertex 99.75 115.894 3
      vertex 99.895 116.005 3
    endloop
  endfacet
  facet normal -0.607857 0.794047 0
    outer loop
      vertex 99.75 115.894 3
      vertex 99.895 116.005 0
      vertex 99.75 115.894 0
    endloop
  endfacet
  facet normal -0.794047 0.607857 0
    outer loop
      vertex 99.895 116.005 0
      vertex 100.006 116.15 3
      vertex 100.006 116.15 0
    endloop
  endfacet
  facet normal -0.794047 0.607857 0
    outer loop
      vertex 100.006 116.15 3
      vertex 99.895 116.005 0
      vertex 99.895 116.005 3
    endloop
  endfacet
  facet normal 0.383061 0.923723 -0
    outer loop
      vertex 99.2188 115.824 0
      vertex 99.05 115.894 3
      vertex 99.2188 115.824 3
    endloop
  endfacet
  facet normal 0.383061 0.923723 0
    outer loop
      vertex 99.05 115.894 3
      vertex 99.2188 115.824 0
      vertex 99.05 115.894 0
    endloop
  endfacet
  facet normal 0.793518 0.608546 0
    outer loop
      vertex 98.905 116.005 3
      vertex 98.7938 116.15 0
      vertex 98.7938 116.15 3
    endloop
  endfacet
  facet normal 0.793518 0.608546 0
    outer loop
      vertex 98.7938 116.15 0
      vertex 98.905 116.005 3
      vertex 98.905 116.005 0
    endloop
  endfacet
  facet normal 0.607857 0.794047 -0
    outer loop
      vertex 99.05 115.894 0
      vertex 98.905 116.005 3
      vertex 99.05 115.894 3
    endloop
  endfacet
  facet normal 0.607857 0.794047 0
    outer loop
      vertex 98.905 116.005 3
      vertex 99.05 115.894 0
      vertex 98.905 116.005 0
    endloop
  endfacet
  facet normal 0.131304 0.991342 -0
    outer loop
      vertex 99.4 115.8 0
      vertex 99.2188 115.824 3
      vertex 99.4 115.8 3
    endloop
  endfacet
  facet normal 0.131304 0.991342 0
    outer loop
      vertex 99.2188 115.824 3
      vertex 99.4 115.8 0
      vertex 99.2188 115.824 0
    endloop
  endfacet
  facet normal -0.991323 -0.131446 0
    outer loop
      vertex 100.1 116.5 61
      vertex 100.076 116.681 72.5
      vertex 100.076 116.681 61
    endloop
  endfacet
  facet normal -0.991323 -0.131446 0
    outer loop
      vertex 100.076 116.681 72.5
      vertex 100.1 116.5 61
      vertex 100.1 116.5 72.5
    endloop
  endfacet
  facet normal 0.991395 0.130908 0
    outer loop
      vertex 98.7239 116.319 72.5
      vertex 98.7 116.5 61
      vertex 98.7 116.5 72.5
    endloop
  endfacet
  facet normal 0.991395 0.130908 0
    outer loop
      vertex 98.7 116.5 61
      vertex 98.7239 116.319 72.5
      vertex 98.7239 116.319 61
    endloop
  endfacet
  facet normal 0.131304 -0.991342 0
    outer loop
      vertex 99.2188 117.176 61
      vertex 99.4 117.2 72.5
      vertex 99.2188 117.176 72.5
    endloop
  endfacet
  facet normal 0.131304 -0.991342 0
    outer loop
      vertex 99.4 117.2 72.5
      vertex 99.2188 117.176 61
      vertex 99.4 117.2 61
    endloop
  endfacet
  facet normal -0.131304 0.991342 0
    outer loop
      vertex 99.5812 115.824 61
      vertex 99.4 115.8 72.5
      vertex 99.5812 115.824 72.5
    endloop
  endfacet
  facet normal -0.131304 0.991342 0
    outer loop
      vertex 99.4 115.8 72.5
      vertex 99.5812 115.824 61
      vertex 99.4 115.8 61
    endloop
  endfacet
  facet normal -0.383061 0.923723 0
    outer loop
      vertex 99.75 115.894 61
      vertex 99.5812 115.824 72.5
      vertex 99.75 115.894 72.5
    endloop
  endfacet
  facet normal -0.383061 0.923723 0
    outer loop
      vertex 99.5812 115.824 72.5
      vertex 99.75 115.894 61
      vertex 99.5812 115.824 61
    endloop
  endfacet
  facet normal -0.607857 -0.794047 0
    outer loop
      vertex 99.75 117.106 61
      vertex 99.895 116.995 72.5
      vertex 99.75 117.106 72.5
    endloop
  endfacet
  facet normal -0.607857 -0.794047 -0
    outer loop
      vertex 99.895 116.995 72.5
      vertex 99.75 117.106 61
      vertex 99.895 116.995 61
    endloop
  endfacet
  facet normal 0.793518 -0.608546 0
    outer loop
      vertex 98.7938 116.85 72.5
      vertex 98.905 116.995 61
      vertex 98.905 116.995 72.5
    endloop
  endfacet
  facet normal 0.793518 -0.608546 0
    outer loop
      vertex 98.905 116.995 61
      vertex 98.7938 116.85 72.5
      vertex 98.7938 116.85 61
    endloop
  endfacet
  facet normal 0.924077 -0.382207 0
    outer loop
      vertex 98.7239 116.681 72.5
      vertex 98.7938 116.85 61
      vertex 98.7938 116.85 72.5
    endloop
  endfacet
  facet normal 0.924077 -0.382207 0
    outer loop
      vertex 98.7938 116.85 61
      vertex 98.7239 116.681 72.5
      vertex 98.7239 116.681 61
    endloop
  endfacet
  facet normal 0.383061 -0.923723 0
    outer loop
      vertex 99.05 117.106 61
      vertex 99.2188 117.176 72.5
      vertex 99.05 117.106 72.5
    endloop
  endfacet
  facet normal 0.383061 -0.923723 0
    outer loop
      vertex 99.2188 117.176 72.5
      vertex 99.05 117.106 61
      vertex 99.2188 117.176 61
    endloop
  endfacet
  facet normal -0.923884 0.382674 0
    outer loop
      vertex 100.006 116.15 61
      vertex 100.076 116.319 72.5
      vertex 100.076 116.319 61
    endloop
  endfacet
  facet normal -0.923884 0.382674 0
    outer loop
      vertex 100.076 116.319 72.5
      vertex 100.006 116.15 61
      vertex 100.006 116.15 72.5
    endloop
  endfacet
  facet normal -0.794047 -0.607857 0
    outer loop
      vertex 100.006 116.85 61
      vertex 99.895 116.995 72.5
      vertex 99.895 116.995 61
    endloop
  endfacet
  facet normal -0.794047 -0.607857 0
    outer loop
      vertex 99.895 116.995 72.5
      vertex 100.006 116.85 61
      vertex 100.006 116.85 72.5
    endloop
  endfacet
  facet normal -0.923884 -0.382674 0
    outer loop
      vertex 100.076 116.681 61
      vertex 100.006 116.85 72.5
      vertex 100.006 116.85 61
    endloop
  endfacet
  facet normal -0.923884 -0.382674 0
    outer loop
      vertex 100.006 116.85 72.5
      vertex 100.076 116.681 61
      vertex 100.076 116.681 72.5
    endloop
  endfacet
  facet normal -0.131304 -0.991342 0
    outer loop
      vertex 99.4 117.2 61
      vertex 99.5812 117.176 72.5
      vertex 99.4 117.2 72.5
    endloop
  endfacet
  facet normal -0.131304 -0.991342 -0
    outer loop
      vertex 99.5812 117.176 72.5
      vertex 99.4 117.2 61
      vertex 99.5812 117.176 61
    endloop
  endfacet
  facet normal -0.383061 -0.923723 0
    outer loop
      vertex 99.5812 117.176 61
      vertex 99.75 117.106 72.5
      vertex 99.5812 117.176 72.5
    endloop
  endfacet
  facet normal -0.383061 -0.923723 -0
    outer loop
      vertex 99.75 117.106 72.5
      vertex 99.5812 117.176 61
      vertex 99.75 117.106 61
    endloop
  endfacet
  facet normal 0.991395 -0.130908 0
    outer loop
      vertex 98.7 116.5 72.5
      vertex 98.7239 116.681 61
      vertex 98.7239 116.681 72.5
    endloop
  endfacet
  facet normal 0.991395 -0.130908 0
    outer loop
      vertex 98.7239 116.681 61
      vertex 98.7 116.5 72.5
      vertex 98.7 116.5 61
    endloop
  endfacet
  facet normal 0 0 -1
    outer loop
      vertex 100.076 116.319 72.5
      vertex 100.076 116.681 72.5
      vertex 100.1 116.5 72.5
    endloop
  endfacet
  facet normal 0 0 -1
    outer loop
      vertex 100.006 116.15 72.5
      vertex 100.076 116.681 72.5
      vertex 100.076 116.319 72.5
    endloop
  endfacet
  facet normal 0 0 -1
    outer loop
      vertex 100.006 116.15 72.5
      vertex 100.006 116.85 72.5
      vertex 100.076 116.681 72.5
    endloop
  endfacet
  facet normal 0 0 -1
    outer loop
      vertex 99.895 116.005 72.5
      vertex 100.006 116.85 72.5
      vertex 100.006 116.15 72.5
    endloop
  endfacet
  facet normal 0 0 -1
    outer loop
      vertex 99.895 116.005 72.5
      vertex 99.895 116.995 72.5
      vertex 100.006 116.85 72.5
    endloop
  endfacet
  facet normal 0 0 -1
    outer loop
      vertex 99.75 115.894 72.5
      vertex 99.895 116.995 72.5
      vertex 99.895 116.005 72.5
    endloop
  endfacet
  facet normal 0 0 -1
    outer loop
      vertex 99.75 115.894 72.5
      vertex 99.75 117.106 72.5
      vertex 99.895 116.995 72.5
    endloop
  endfacet
  facet normal 0 0 -1
    outer loop
      vertex 99.5812 115.824 72.5
      vertex 99.75 117.106 72.5
      vertex 99.75 115.894 72.5
    endloop
  endfacet
  facet normal 0 0 -1
    outer loop
      vertex 99.5812 115.824 72.5
      vertex 99.5812 117.176 72.5
      vertex 99.75 117.106 72.5
    endloop
  endfacet
  facet normal 0 0 -1
    outer loop
      vertex 99.4 115.8 72.5
      vertex 99.5812 117.176 72.5
      vertex 99.5812 115.824 72.5
    endloop
  endfacet
  facet normal 0 0 -1
    outer loop
      vertex 99.4 115.8 72.5
      vertex 99.4 117.2 72.5
      vertex 99.5812 117.176 72.5
    endloop
  endfacet
  facet normal 0 0 -1
    outer loop
      vertex 99.2188 115.824 72.5
      vertex 99.4 117.2 72.5
      vertex 99.4 115.8 72.5
    endloop
  endfacet
  facet normal 0 0 -1
    outer loop
      vertex 99.2188 115.824 72.5
      vertex 99.2188 117.176 72.5
      vertex 99.4 117.2 72.5
    endloop
  endfacet
  facet normal 0 0 -1
    outer loop
      vertex 99.05 115.894 72.5
      vertex 99.2188 117.176 72.5
      vertex 99.2188 115.824 72.5
    endloop
  endfacet
  facet normal 0 0 -1
    outer loop
      vertex 99.05 115.894 72.5
      vertex 99.05 117.106 72.5
      vertex 99.2188 117.176 72.5
    endloop
  endfacet
  facet normal 0 0 -1
    outer loop
      vertex 98.905 116.005 72.5
      vertex 99.05 117.106 72.5
      vertex 99.05 115.894 72.5
    endloop
  endfacet
  facet normal 0 0 -1
    outer loop
      vertex 98.905 116.005 72.5
      vertex 98.905 116.995 72.5
      vertex 99.05 117.106 72.5
    endloop
  endfacet
  facet normal 0 0 -1
    outer loop
      vertex 98.7938 116.15 72.5
      vertex 98.905 116.995 72.5
      vertex 98.905 116.005 72.5
    endloop
  endfacet
  facet normal 0 0 -1
    outer loop
      vertex 98.7938 116.15 72.5
      vertex 98.7938 116.85 72.5
      vertex 98.905 116.995 72.5
    endloop
  endfacet
  facet normal 0 0 -1
    outer loop
      vertex 98.7239 116.319 72.5
      vertex 98.7938 116.85 72.5
      vertex 98.7938 116.15 72.5
    endloop
  endfacet
  facet normal 0 0 -1
    outer loop
      vertex 98.7239 116.319 72.5
      vertex 98.7239 116.681 72.5
      vertex 98.7938 116.85 72.5
    endloop
  endfacet
  facet normal 0 -0 -1
    outer loop
      vertex 98.7239 116.681 72.5
      vertex 98.7239 116.319 72.5
      vertex 98.7 116.5 72.5
    endloop
  endfacet
  facet normal 0.607857 -0.794047 0
    outer loop
      vertex 98.905 116.995 61
      vertex 99.05 117.106 72.5
      vertex 98.905 116.995 72.5
    endloop
  endfacet
  facet normal 0.607857 -0.794047 0
    outer loop
      vertex 99.05 117.106 72.5
      vertex 98.905 116.995 61
      vertex 99.05 117.106 61
    endloop
  endfacet
  facet normal -0.991323 0.131446 0
    outer loop
      vertex 100.076 116.319 61
      vertex 100.1 116.5 72.5
      vertex 100.1 116.5 61
    endloop
  endfacet
  facet normal -0.991323 0.131446 0
    outer loop
      vertex 100.1 116.5 72.5
      vertex 100.076 116.319 61
      vertex 100.076 116.319 72.5
    endloop
  endfacet
  facet normal 0.924077 0.382207 0
    outer loop
      vertex 98.7938 116.15 72.5
      vertex 98.7239 116.319 61
      vertex 98.7239 116.319 72.5
    endloop
  endfacet
  facet normal 0.924077 0.382207 0
    outer loop
      vertex 98.7239 116.319 61
      vertex 98.7938 116.15 72.5
      vertex 98.7938 116.15 61
    endloop
  endfacet
  facet normal -0.607857 0.794047 0
    outer loop
      vertex 99.895 116.005 61
      vertex 99.75 115.894 72.5
      vertex 99.895 116.005 72.5
    endloop
  endfacet
  facet normal -0.607857 0.794047 0
    outer loop
      vertex 99.75 115.894 72.5
      vertex 99.895 116.005 61
      vertex 99.75 115.894 61
    endloop
  endfacet
  facet normal -0.794047 0.607857 0
    outer loop
      vertex 99.895 116.005 61
      vertex 100.006 116.15 72.5
      vertex 100.006 116.15 61
    endloop
  endfacet
  facet normal -0.794047 0.607857 0
    outer loop
      vertex 100.006 116.15 72.5
      vertex 99.895 116.005 61
      vertex 99.895 116.005 72.5
    endloop
  endfacet
  facet normal 0.383061 0.923723 -0
    outer loop
      vertex 99.2188 115.824 61
      vertex 99.05 115.894 72.5
      vertex 99.2188 115.824 72.5
    endloop
  endfacet
  facet normal 0.383061 0.923723 0
    outer loop
      vertex 99.05 115.894 72.5
      vertex 99.2188 115.824 61
      vertex 99.05 115.894 61
    endloop
  endfacet
  facet normal 0.793518 0.608546 0
    outer loop
      vertex 98.905 116.005 72.5
      vertex 98.7938 116.15 61
      vertex 98.7938 116.15 72.5
    endloop
  endfacet
  facet normal 0.793518 0.608546 0
    outer loop
      vertex 98.7938 116.15 61
      vertex 98.905 116.005 72.5
      vertex 98.905 116.005 61
    endloop
  endfacet
  facet normal 0.607857 0.794047 -0
    outer loop
      vertex 99.05 115.894 61
      vertex 98.905 116.005 72.5
      vertex 99.05 115.894 72.5
    endloop
  endfacet
  facet normal 0.607857 0.794047 0
    outer loop
      vertex 98.905 116.005 72.5
      vertex 99.05 115.894 61
      vertex 98.905 116.005 61
    endloop
  endfacet
  facet normal 0.131304 0.991342 -0
    outer loop
      vertex 99.4 115.8 61
      vertex 99.2188 115.824 72.5
      vertex 99.4 115.8 72.5
    endloop
  endfacet
  facet normal 0.131304 0.991342 0
    outer loop
      vertex 99.2188 115.824 72.5
      vertex 99.4 115.8 61
      vertex 99.2188 115.824 61
    endloop
  endfacet
  facet normal 0 0 -1
    outer loop
      vertex 0 20 67
      vertex 3 44 67
      vertex 3 20 67
    endloop
  endfacet
  facet normal -0 0 -1
    outer loop
      vertex 3 44 67
      vertex 0 20 67
      vertex 0 44 67
    endloop
  endfacet
  facet normal -0 0 1
    outer loop
      vertex 0 44 37
      vertex 3 20 37
      vertex 3 44 37
    endloop
  endfacet
  facet normal 0 0 1
    outer loop
      vertex 3 20 37
      vertex 0 44 37
      vertex 0 20 37
    endloop
  endfacet
  facet normal 0 1 -0
    outer loop
      vertex 3 20 37
      vertex 0 20 67
      vertex 3 20 67
    endloop
  endfacet
  facet normal 0 1 0
    outer loop
      vertex 0 20 67
      vertex 3 20 37
      vertex 0 20 37
    endloop
  endfacet
  facet normal 0 -1 0
    outer loop
      vertex 0 44 37
      vertex 3 44 67
      vertex 0 44 67
    endloop
  endfacet
  facet normal 0 -1 -0
    outer loop
      vertex 3 44 67
      vertex 0 44 37
      vertex 3 44 37
    endloop
  endfacet
  facet normal 0 0 -1
    outer loop
      vertex 0 78 67
      vertex 3 102 67
      vertex 3 78 67
    endloop
  endfacet
  facet normal -0 0 -1
    outer loop
      vertex 3 102 67
      vertex 0 78 67
      vertex 0 102 67
    endloop
  endfacet
  facet normal 0 -1 0
    outer loop
      vertex 0 102 37
      vertex 3 102 67
      vertex 0 102 67
    endloop
  endfacet
  facet normal 0 -1 -0
    outer loop
      vertex 3 102 67
      vertex 0 102 37
      vertex 3 102 37
    endloop
  endfacet
  facet normal -0 0 1
    outer loop
      vertex 0 102 37
      vertex 3 78 37
      vertex 3 102 37
    endloop
  endfacet
  facet normal 0 0 1
    outer loop
      vertex 3 78 37
      vertex 0 102 37
      vertex 0 78 37
    endloop
  endfacet
  facet normal 0 1 -0
    outer loop
      vertex 3 78 37
      vertex 0 78 67
      vertex 3 78 67
    endloop
  endfacet
  facet normal 0 1 0
    outer loop
      vertex 0 78 67
      vertex 3 78 37
      vertex 0 78 37
    endloop
  endfacet
  facet normal 1 -0 0
    outer loop
      vertex 14 115 67
      vertex 14 118 37
      vertex 14 118 67
    endloop
  endfacet
  facet normal 1 0 0
    outer loop
      vertex 14 118 37
      vertex 14 115 67
      vertex 14 115 37
    endloop
  endfacet
  facet normal 0 0 -1
    outer loop
      vertex 14 115 67
      vertex 42 118 67
      vertex 42 115 67
    endloop
  endfacet
  facet normal -0 0 -1
    outer loop
      vertex 42 118 67
      vertex 14 115 67
      vertex 14 118 67
    endloop
  endfacet
  facet normal -1 0 0
    outer loop
      vertex 42 115 37
      vertex 42 118 67
      vertex 42 118 37
    endloop
  endfacet
  facet normal -1 -0 0
    outer loop
      vertex 42 118 67
      vertex 42 115 37
      vertex 42 115 67
    endloop
  endfacet
  facet normal -0 0 1
    outer loop
      vertex 14 118 37
      vertex 42 115 37
      vertex 42 118 37
    endloop
  endfacet
  facet normal 0 0 1
    outer loop
      vertex 42 115 37
      vertex 14 118 37
      vertex 14 115 37
    endloop
  endfacet
  facet normal 0 0 -1
    outer loop
      vertex 197 30 67
      vertex 200 54 67
      vertex 200 30 67
    endloop
  endfacet
  facet normal -0 0 -1
    outer loop
      vertex 200 54 67
      vertex 197 30 67
      vertex 197 54 67
    endloop
  endfacet
  facet normal 0 -1 0
    outer loop
      vertex 197 54 37
      vertex 200 54 67
      vertex 197 54 67
    endloop
  endfacet
  facet normal 0 -1 -0
    outer loop
      vertex 200 54 67
      vertex 197 54 37
      vertex 200 54 37
    endloop
  endfacet
  facet normal -0 0 1
    outer loop
      vertex 197 54 37
      vertex 200 30 37
      vertex 200 54 37
    endloop
  endfacet
  facet normal 0 0 1
    outer loop
      vertex 200 30 37
      vertex 197 54 37
      vertex 197 30 37
    endloop
  endfacet
  facet normal 0 1 -0
    outer loop
      vertex 200 30 37
      vertex 197 30 67
      vertex 200 30 67
    endloop
  endfacet
  facet normal 0 1 0
    outer loop
      vertex 197 30 67
      vertex 200 30 37
      vertex 197 30 37
    endloop
  endfacet
  facet normal 1 0 0
    outer loop
      vertex 120 2.32104 56.28
      vertex 120 3 59
      vertex 120 2.35 56.5
    endloop
  endfacet
  facet normal 1 0 0
    outer loop
      vertex 120 3 59
      vertex 120 2.32104 56.72
      vertex 120 2.35 56.5
    endloop
  endfacet
  facet normal 1 0 0
    outer loop
      vertex 120 3 59
      vertex 120 2.23612 56.925
      vertex 120 2.32104 56.72
    endloop
  endfacet
  facet normal 1 0 0
    outer loop
      vertex 120 3 59
      vertex 120 2.10104 57.101
      vertex 120 2.23612 56.925
    endloop
  endfacet
  facet normal 1 0 0
    outer loop
      vertex 120 3 59
      vertex 120 1.925 57.2361
      vertex 120 2.10104 57.101
    endloop
  endfacet
  facet normal 1 0 0
    outer loop
      vertex 120 3 59
      vertex 120 1.72 57.321
      vertex 120 1.925 57.2361
    endloop
  endfacet
  facet normal 1 0 0
    outer loop
      vertex 120 3 59
      vertex 120 1.5 57.35
      vertex 120 1.72 57.321
    endloop
  endfacet
  facet normal 1 -0 0
    outer loop
      vertex 120 0 59
      vertex 120 1.5 57.35
      vertex 120 3 59
    endloop
  endfacet
  facet normal 1 0 0
    outer loop
      vertex 120 1.5 57.35
      vertex 120 0 59
      vertex 120 1.28 57.321
    endloop
  endfacet
  facet normal 1 0 0
    outer loop
      vertex 120 1.28 57.321
      vertex 120 0 59
      vertex 120 1.075 57.2361
    endloop
  endfacet
  facet normal 1 0 0
    outer loop
      vertex 120 0.678963 56.72
      vertex 120 0 59
      vertex 120 0.65 56.5
    endloop
  endfacet
  facet normal 1 0 0
    outer loop
      vertex 120 0.763878 56.925
      vertex 120 0 59
      vertex 120 0.678963 56.72
    endloop
  endfacet
  facet normal 1 0 0
    outer loop
      vertex 120 0.898959 57.101
      vertex 120 0 59
      vertex 120 0.763878 56.925
    endloop
  endfacet
  facet normal 1 0 0
    outer loop
      vertex 120 1.075 57.2361
      vertex 120 0 59
      vertex 120 0.898959 57.101
    endloop
  endfacet
  facet normal 1 0 0
    outer loop
      vertex 120 3 59
      vertex 120 2.32104 56.28
      vertex 120 3 3
    endloop
  endfacet
  facet normal 1 -0 0
    outer loop
      vertex 120 2.23612 56.075
      vertex 120 3 3
      vertex 120 2.32104 56.28
    endloop
  endfacet
  facet normal 1 -0 0
    outer loop
      vertex 120 2.10104 55.899
      vertex 120 3 3
      vertex 120 2.23612 56.075
    endloop
  endfacet
  facet normal 1 -0 0
    outer loop
      vertex 120 1.925 55.7639
      vertex 120 3 3
      vertex 120 2.10104 55.899
    endloop
  endfacet
  facet normal 1 -0 0
    outer loop
      vertex 120 1.72 55.679
      vertex 120 3 3
      vertex 120 1.925 55.7639
    endloop
  endfacet
  facet normal 1 -0 0
    outer loop
      vertex 120 1.5 55.65
      vertex 120 3 3
      vertex 120 1.72 55.679
    endloop
  endfacet
  facet normal 1 0 0
    outer loop
      vertex 120 0 3
      vertex 120 1.5 55.65
      vertex 120 1.28 55.679
    endloop
  endfacet
  facet normal 1 0 0
    outer loop
      vertex 120 0 3
      vertex 120 1.28 55.679
      vertex 120 1.075 55.7639
    endloop
  endfacet
  facet normal 1 0 0
    outer loop
      vertex 120 0 3
      vertex 120 1.075 55.7639
      vertex 120 0.898959 55.899
    endloop
  endfacet
  facet normal 1 0 0
    outer loop
      vertex 120 0 3
      vertex 120 0.898959 55.899
      vertex 120 0.763878 56.075
    endloop
  endfacet
  facet normal 1 0 0
    outer loop
      vertex 120 0 3
      vertex 120 0.763878 56.075
      vertex 120 0.678963 56.28
    endloop
  endfacet
  facet normal 1 0 0
    outer loop
      vertex 120 0 59
      vertex 120 0.678963 56.28
      vertex 120 0.65 56.5
    endloop
  endfacet
  facet normal 1 0 0
    outer loop
      vertex 120 0.678963 56.28
      vertex 120 0 59
      vertex 120 0 3
    endloop
  endfacet
  facet normal 1 0 0
    outer loop
      vertex 120 1.5 55.65
      vertex 120 0 3
      vertex 120 3 3
    endloop
  endfacet
  facet normal 0 0 -1
    outer loop
      vertex 120 0 59
      vertex 190 3 59
      vertex 190 0 59
    endloop
  endfacet
  facet normal -0 0 -1
    outer loop
      vertex 190 3 59
      vertex 120 0 59
      vertex 120 3 59
    endloop
  endfacet
  facet normal -1 0 0
    outer loop
      vertex 190 2.46593 56.2412
      vertex 190 3 59
      vertex 190 3 3
    endloop
  endfacet
  facet normal -1 0 0
    outer loop
      vertex 190 3 59
      vertex 190 2.46593 56.2412
      vertex 190 2.5 56.5
    endloop
  endfacet
  facet normal -1 0 0
    outer loop
      vertex 190 3 3
      vertex 190 2.36602 56
      vertex 190 2.46593 56.2412
    endloop
  endfacet
  facet normal -1 0 0
    outer loop
      vertex 190 3 3
      vertex 190 2.20711 55.7929
      vertex 190 2.36602 56
    endloop
  endfacet
  facet normal -1 0 0
    outer loop
      vertex 190 3 3
      vertex 190 2 55.634
      vertex 190 2.20711 55.7929
    endloop
  endfacet
  facet normal -1 0 0
    outer loop
      vertex 190 3 3
      vertex 190 1.75882 55.5341
      vertex 190 2 55.634
    endloop
  endfacet
  facet normal -1 0 0
    outer loop
      vertex 190 3 3
      vertex 190 1.5 55.5
      vertex 190 1.75882 55.5341
    endloop
  endfacet
  facet normal -1 0 0
    outer loop
      vertex 190 0 3
      vertex 190 1.5 55.5
      vertex 190 3 3
    endloop
  endfacet
  facet normal -1 -0 0
    outer loop
      vertex 190 1.5 55.5
      vertex 190 0 3
      vertex 190 1.24118 55.5341
    endloop
  endfacet
  facet normal -1 -0 0
    outer loop
      vertex 190 1.24118 55.5341
      vertex 190 0 3
      vertex 190 1 55.634
    endloop
  endfacet
  facet normal -1 -0 0
    outer loop
      vertex 190 1 55.634
      vertex 190 0 3
      vertex 190 0.792892 55.7929
    endloop
  endfacet
  facet normal -1 -0 0
    outer loop
      vertex 190 0.792892 55.7929
      vertex 190 0 3
      vertex 190 0.633974 56
    endloop
  endfacet
  facet normal -1 -0 0
    outer loop
      vertex 190 0.633974 56
      vertex 190 0 3
      vertex 190 0.534074 56.2412
    endloop
  endfacet
  facet normal -1 0 0
    outer loop
      vertex 190 0 59
      vertex 190 0.534074 56.2412
      vertex 190 0 3
    endloop
  endfacet
  facet normal -1 0 0
    outer loop
      vertex 190 2.46593 56.7588
      vertex 190 3 59
      vertex 190 2.5 56.5
    endloop
  endfacet
  facet normal -1 0 0
    outer loop
      vertex 190 2.36602 57
      vertex 190 3 59
      vertex 190 2.46593 56.7588
    endloop
  endfacet
  facet normal -1 0 0
    outer loop
      vertex 190 2.20711 57.2071
      vertex 190 3 59
      vertex 190 2.36602 57
    endloop
  endfacet
  facet normal -1 0 0
    outer loop
      vertex 190 2 57.366
      vertex 190 3 59
      vertex 190 2.20711 57.2071
    endloop
  endfacet
  facet normal -1 0 0
    outer loop
      vertex 190 1.75882 57.4659
      vertex 190 3 59
      vertex 190 2 57.366
    endloop
  endfacet
  facet normal -1 0 0
    outer loop
      vertex 190 1.5 57.5
      vertex 190 3 59
      vertex 190 1.75882 57.4659
    endloop
  endfacet
  facet normal -1 0 0
    outer loop
      vertex 190 0 59
      vertex 190 1.5 57.5
      vertex 190 1.24118 57.4659
    endloop
  endfacet
  facet normal -1 0 0
    outer loop
      vertex 190 0 59
      vertex 190 1.24118 57.4659
      vertex 190 1 57.366
    endloop
  endfacet
  facet normal -1 0 0
    outer loop
      vertex 190 0 59
      vertex 190 1 57.366
      vertex 190 0.792892 57.2071
    endloop
  endfacet
  facet normal -1 0 0
    outer loop
      vertex 190 1.5 57.5
      vertex 190 0 59
      vertex 190 3 59
    endloop
  endfacet
  facet normal -1 0 0
    outer loop
      vertex 190 0.633974 57
      vertex 190 0 59
      vertex 190 0.792892 57.2071
    endloop
  endfacet
  facet normal -1 0 0
    outer loop
      vertex 190 0.534074 56.7588
      vertex 190 0 59
      vertex 190 0.633974 57
    endloop
  endfacet
  facet normal -1 0 0
    outer loop
      vertex 190 0.5 56.5
      vertex 190 0 59
      vertex 190 0.534074 56.7588
    endloop
  endfacet
  facet normal -1 0 0
    outer loop
      vertex 190 0.534074 56.2412
      vertex 190 0 59
      vertex 190 0.5 56.5
    endloop
  endfacet
  facet normal 0 -0.130688 0.991424
    outer loop
      vertex 114 1.72 55.679
      vertex 120 1.5 55.65
      vertex 120 1.72 55.679
    endloop
  endfacet
  facet normal 0 -0.130688 0.991424
    outer loop
      vertex 120 1.5 55.65
      vertex 114 1.72 55.679
      vertex 114 1.5 55.65
    endloop
  endfacet
  facet normal 0 0.130688 -0.991424
    outer loop
      vertex 114 1.28 57.321
      vertex 120 1.5 57.35
      vertex 120 1.28 57.321
    endloop
  endfacet
  facet normal 0 0.130688 -0.991424
    outer loop
      vertex 120 1.5 57.35
      vertex 114 1.28 57.321
      vertex 114 1.5 57.35
    endloop
  endfacet
  facet normal 0 -0.991447 -0.13051
    outer loop
      vertex 114 2.35 56.5
      vertex 120 2.32104 56.72
      vertex 114 2.32104 56.72
    endloop
  endfacet
  facet normal 0 -0.991447 -0.13051
    outer loop
      vertex 120 2.32104 56.72
      vertex 114 2.35 56.5
      vertex 120 2.35 56.5
    endloop
  endfacet
  facet normal 0 0.793285 -0.608851
    outer loop
      vertex 120 0.763878 56.925
      vertex 114 0.898959 57.101
      vertex 120 0.898959 57.101
    endloop
  endfacet
  facet normal 0 0.793285 -0.608851
    outer loop
      vertex 114 0.898959 57.101
      vertex 120 0.763878 56.925
      vertex 114 0.763878 56.925
    endloop
  endfacet
  facet normal 0 -0.38263 0.923901
    outer loop
      vertex 114 1.925 55.7639
      vertex 120 1.72 55.679
      vertex 120 1.925 55.7639
    endloop
  endfacet
  facet normal 0 -0.38263 0.923901
    outer loop
      vertex 120 1.72 55.679
      vertex 114 1.925 55.7639
      vertex 114 1.72 55.679
    endloop
  endfacet
  facet normal 0 -0.608817 -0.79331
    outer loop
      vertex 114 1.925 57.2361
      vertex 120 2.10104 57.101
      vertex 120 1.925 57.2361
    endloop
  endfacet
  facet normal -0 -0.608817 -0.79331
    outer loop
      vertex 120 2.10104 57.101
      vertex 114 1.925 57.2361
      vertex 114 2.10104 57.101
    endloop
  endfacet
  facet normal 0 -0.92387 -0.382707
    outer loop
      vertex 114 2.32104 56.72
      vertex 120 2.23612 56.925
      vertex 114 2.23612 56.925
    endloop
  endfacet
  facet normal 0 -0.92387 -0.382707
    outer loop
      vertex 120 2.23612 56.925
      vertex 114 2.32104 56.72
      vertex 120 2.32104 56.72
    endloop
  endfacet
  facet normal 0 0.923878 0.382688
    outer loop
      vertex 120 0.763878 56.075
      vertex 114 0.678963 56.28
      vertex 120 0.678963 56.28
    endloop
  endfacet
  facet normal 0 0.923878 0.382688
    outer loop
      vertex 114 0.678963 56.28
      vertex 120 0.763878 56.075
      vertex 114 0.763878 56.075
    endloop
  endfacet
  facet normal -0 0.38263 0.923901
    outer loop
      vertex 114 1.28 55.679
      vertex 120 1.075 55.7639
      vertex 120 1.28 55.679
    endloop
  endfacet
  facet normal 0 0.38263 0.923901
    outer loop
      vertex 120 1.075 55.7639
      vertex 114 1.28 55.679
      vertex 114 1.075 55.7639
    endloop
  endfacet
  facet normal 1 0 0
    outer loop
      vertex 114 2.32104 56.72
      vertex 114 2.32104 56.28
      vertex 114 2.35 56.5
    endloop
  endfacet
  facet normal 1 0 0
    outer loop
      vertex 114 2.23612 56.925
      vertex 114 2.32104 56.28
      vertex 114 2.32104 56.72
    endloop
  endfacet
  facet normal 1 0 0
    outer loop
      vertex 114 2.23612 56.925
      vertex 114 2.23612 56.075
      vertex 114 2.32104 56.28
    endloop
  endfacet
  facet normal 1 0 0
    outer loop
      vertex 114 2.10104 57.101
      vertex 114 2.23612 56.075
      vertex 114 2.23612 56.925
    endloop
  endfacet
  facet normal 1 0 0
    outer loop
      vertex 114 2.10104 57.101
      vertex 114 2.10104 55.899
      vertex 114 2.23612 56.075
    endloop
  endfacet
  facet normal 1 0 0
    outer loop
      vertex 114 1.925 57.2361
      vertex 114 2.10104 55.899
      vertex 114 2.10104 57.101
    endloop
  endfacet
  facet normal 1 0 0
    outer loop
      vertex 114 1.925 57.2361
      vertex 114 1.925 55.7639
      vertex 114 2.10104 55.899
    endloop
  endfacet
  facet normal 1 0 0
    outer loop
      vertex 114 1.72 57.321
      vertex 114 1.925 55.7639
      vertex 114 1.925 57.2361
    endloop
  endfacet
  facet normal 1 0 0
    outer loop
      vertex 114 1.72 57.321
      vertex 114 1.72 55.679
      vertex 114 1.925 55.7639
    endloop
  endfacet
  facet normal 1 0 0
    outer loop
      vertex 114 1.5 57.35
      vertex 114 1.72 55.679
      vertex 114 1.72 57.321
    endloop
  endfacet
  facet normal 1 0 0
    outer loop
      vertex 114 1.5 57.35
      vertex 114 1.5 55.65
      vertex 114 1.72 55.679
    endloop
  endfacet
  facet normal 1 -0 0
    outer loop
      vertex 114 1.28 57.321
      vertex 114 1.5 55.65
      vertex 114 1.5 57.35
    endloop
  endfacet
  facet normal 1 0 0
    outer loop
      vertex 114 1.28 57.321
      vertex 114 1.28 55.679
      vertex 114 1.5 55.65
    endloop
  endfacet
  facet normal 1 -0 0
    outer loop
      vertex 114 1.075 57.2361
      vertex 114 1.28 55.679
      vertex 114 1.28 57.321
    endloop
  endfacet
  facet normal 1 0 0
    outer loop
      vertex 114 1.075 57.2361
      vertex 114 1.075 55.7639
      vertex 114 1.28 55.679
    endloop
  endfacet
  facet normal 1 -0 0
    outer loop
      vertex 114 0.898959 57.101
      vertex 114 1.075 55.7639
      vertex 114 1.075 57.2361
    endloop
  endfacet
  facet normal 1 0 0
    outer loop
      vertex 114 0.898959 57.101
      vertex 114 0.898959 55.899
      vertex 114 1.075 55.7639
    endloop
  endfacet
  facet normal 1 -0 0
    outer loop
      vertex 114 0.763878 56.925
      vertex 114 0.898959 55.899
      vertex 114 0.898959 57.101
    endloop
  endfacet
  facet normal 1 0 0
    outer loop
      vertex 114 0.763878 56.925
      vertex 114 0.763878 56.075
      vertex 114 0.898959 55.899
    endloop
  endfacet
  facet normal 1 -0 0
    outer loop
      vertex 114 0.678963 56.72
      vertex 114 0.763878 56.075
      vertex 114 0.763878 56.925
    endloop
  endfacet
  facet normal 1 0 0
    outer loop
      vertex 114 0.678963 56.72
      vertex 114 0.678963 56.28
      vertex 114 0.763878 56.075
    endloop
  endfacet
  facet normal 1 0 -0
    outer loop
      vertex 114 0.678963 56.28
      vertex 114 0.678963 56.72
      vertex 114 0.65 56.5
    endloop
  endfacet
  facet normal 0 0.38263 -0.923901
    outer loop
      vertex 114 1.075 57.2361
      vertex 120 1.28 57.321
      vertex 120 1.075 57.2361
    endloop
  endfacet
  facet normal 0 0.38263 -0.923901
    outer loop
      vertex 120 1.28 57.321
      vertex 114 1.075 57.2361
      vertex 114 1.28 57.321
    endloop
  endfacet
  facet normal 0 -0.608817 0.79331
    outer loop
      vertex 114 2.10104 55.899
      vertex 120 1.925 55.7639
      vertex 120 2.10104 55.899
    endloop
  endfacet
  facet normal 0 -0.608817 0.79331
    outer loop
      vertex 120 1.925 55.7639
      vertex 114 2.10104 55.899
      vertex 114 1.925 55.7639
    endloop
  endfacet
  facet normal 0 -0.92387 0.382707
    outer loop
      vertex 114 2.23612 56.075
      vertex 120 2.32104 56.28
      vertex 114 2.32104 56.28
    endloop
  endfacet
  facet normal 0 -0.92387 0.382707
    outer loop
      vertex 120 2.32104 56.28
      vertex 114 2.23612 56.075
      vertex 120 2.23612 56.075
    endloop
  endfacet
  facet normal 0 -0.38263 -0.923901
    outer loop
      vertex 114 1.72 57.321
      vertex 120 1.925 57.2361
      vertex 120 1.72 57.321
    endloop
  endfacet
  facet normal -0 -0.38263 -0.923901
    outer loop
      vertex 120 1.925 57.2361
      vertex 114 1.72 57.321
      vertex 114 1.925 57.2361
    endloop
  endfacet
  facet normal 0 -0.130688 -0.991424
    outer loop
      vertex 114 1.5 57.35
      vertex 120 1.72 57.321
      vertex 120 1.5 57.35
    endloop
  endfacet
  facet normal -0 -0.130688 -0.991424
    outer loop
      vertex 120 1.72 57.321
      vertex 114 1.5 57.35
      vertex 114 1.72 57.321
    endloop
  endfacet
  facet normal 0 -0.793287 -0.608848
    outer loop
      vertex 114 2.23612 56.925
      vertex 120 2.10104 57.101
      vertex 114 2.10104 57.101
    endloop
  endfacet
  facet normal 0 -0.793287 -0.608848
    outer loop
      vertex 120 2.10104 57.101
      vertex 114 2.23612 56.925
      vertex 120 2.23612 56.925
    endloop
  endfacet
  facet normal -0 0.130688 0.991424
    outer loop
      vertex 114 1.5 55.65
      vertex 120 1.28 55.679
      vertex 120 1.5 55.65
    endloop
  endfacet
  facet normal 0 0.130688 0.991424
    outer loop
      vertex 120 1.28 55.679
      vertex 114 1.5 55.65
      vertex 114 1.28 55.679
    endloop
  endfacet
  facet normal 0 0.793285 0.608851
    outer loop
      vertex 120 0.898959 55.899
      vertex 114 0.763878 56.075
      vertex 120 0.763878 56.075
    endloop
  endfacet
  facet normal 0 0.793285 0.608851
    outer loop
      vertex 114 0.763878 56.075
      vertex 120 0.898959 55.899
      vertex 114 0.898959 55.899
    endloop
  endfacet
  facet normal 0 0.923878 -0.382688
    outer loop
      vertex 120 0.678963 56.72
      vertex 114 0.763878 56.925
      vertex 120 0.763878 56.925
    endloop
  endfacet
  facet normal 0 0.923878 -0.382688
    outer loop
      vertex 114 0.763878 56.925
      vertex 120 0.678963 56.72
      vertex 114 0.678963 56.72
    endloop
  endfacet
  facet normal 0 0.991445 -0.130524
    outer loop
      vertex 120 0.65 56.5
      vertex 114 0.678963 56.72
      vertex 120 0.678963 56.72
    endloop
  endfacet
  facet normal 0 0.991445 -0.130524
    outer loop
      vertex 114 0.678963 56.72
      vertex 120 0.65 56.5
      vertex 114 0.65 56.5
    endloop
  endfacet
  facet normal 0 0.991445 0.130524
    outer loop
      vertex 120 0.678963 56.28
      vertex 114 0.65 56.5
      vertex 120 0.65 56.5
    endloop
  endfacet
  facet normal 0 0.991445 0.130524
    outer loop
      vertex 114 0.65 56.5
      vertex 120 0.678963 56.28
      vertex 114 0.678963 56.28
    endloop
  endfacet
  facet normal 0 0.608815 -0.793312
    outer loop
      vertex 114 0.898959 57.101
      vertex 120 1.075 57.2361
      vertex 120 0.898959 57.101
    endloop
  endfacet
  facet normal 0 0.608815 -0.793312
    outer loop
      vertex 120 1.075 57.2361
      vertex 114 0.898959 57.101
      vertex 114 1.075 57.2361
    endloop
  endfacet
  facet normal 0 -0.793287 0.608848
    outer loop
      vertex 114 2.10104 55.899
      vertex 120 2.23612 56.075
      vertex 114 2.23612 56.075
    endloop
  endfacet
  facet normal 0 -0.793287 0.608848
    outer loop
      vertex 120 2.23612 56.075
      vertex 114 2.10104 55.899
      vertex 120 2.10104 55.899
    endloop
  endfacet
  facet normal 0 -0.991447 0.13051
    outer loop
      vertex 114 2.32104 56.28
      vertex 120 2.35 56.5
      vertex 114 2.35 56.5
    endloop
  endfacet
  facet normal 0 -0.991447 0.13051
    outer loop
      vertex 120 2.35 56.5
      vertex 114 2.32104 56.28
      vertex 120 2.32104 56.28
    endloop
  endfacet
  facet normal -0 0.608815 0.793312
    outer loop
      vertex 114 1.075 55.7639
      vertex 120 0.898959 55.899
      vertex 120 1.075 55.7639
    endloop
  endfacet
  facet normal 0 0.608815 0.793312
    outer loop
      vertex 120 0.898959 55.899
      vertex 114 1.075 55.7639
      vertex 114 0.898959 55.899
    endloop
  endfacet
  facet normal -0 0.130623 0.991432
    outer loop
      vertex 190 1.5 55.5
      vertex 197.5 1.24118 55.5341
      vertex 197.5 1.5 55.5
    endloop
  endfacet
  facet normal 0 0.130623 0.991432
    outer loop
      vertex 197.5 1.24118 55.5341
      vertex 190 1.5 55.5
      vertex 190 1.24118 55.5341
    endloop
  endfacet
  facet normal 0 -0.382683 0.92388
    outer loop
      vertex 190 2 55.634
      vertex 197.5 1.75882 55.5341
      vertex 197.5 2 55.634
    endloop
  endfacet
  facet normal 0 -0.382683 0.92388
    outer loop
      vertex 197.5 1.75882 55.5341
      vertex 190 2 55.634
      vertex 190 1.75882 55.5341
    endloop
  endfacet
  facet normal 0 -0.991446 0.13052
    outer loop
      vertex 190 2.46593 56.2412
      vertex 197.5 2.5 56.5
      vertex 190 2.5 56.5
    endloop
  endfacet
  facet normal 0 -0.991446 0.13052
    outer loop
      vertex 197.5 2.5 56.5
      vertex 190 2.46593 56.2412
      vertex 197.5 2.46593 56.2412
    endloop
  endfacet
  facet normal 0 -0.923877 -0.382689
    outer loop
      vertex 190 2.46593 56.7588
      vertex 197.5 2.36602 57
      vertex 190 2.36602 57
    endloop
  endfacet
  facet normal 0 -0.923877 -0.382689
    outer loop
      vertex 197.5 2.36602 57
      vertex 190 2.46593 56.7588
      vertex 197.5 2.46593 56.7588
    endloop
  endfacet
  facet normal 0 -0.608711 -0.793392
    outer loop
      vertex 190 2 57.366
      vertex 197.5 2.20711 57.2071
      vertex 197.5 2 57.366
    endloop
  endfacet
  facet normal -0 -0.608711 -0.793392
    outer loop
      vertex 197.5 2.20711 57.2071
      vertex 190 2 57.366
      vertex 190 2.20711 57.2071
    endloop
  endfacet
  facet normal 0 -0.79336 -0.608753
    outer loop
      vertex 190 2.36602 57
      vertex 197.5 2.20711 57.2071
      vertex 190 2.20711 57.2071
    endloop
  endfacet
  facet normal 0 -0.79336 -0.608753
    outer loop
      vertex 197.5 2.20711 57.2071
      vertex 190 2.36602 57
      vertex 197.5 2.36602 57
    endloop
  endfacet
  facet normal 0 0.923891 0.382656
    outer loop
      vertex 197.5 0.633974 56
      vertex 190 0.534074 56.2412
      vertex 197.5 0.534074 56.2412
    endloop
  endfacet
  facet normal 0 0.923891 0.382656
    outer loop
      vertex 190 0.534074 56.2412
      vertex 197.5 0.633974 56
      vertex 190 0.633974 56
    endloop
  endfacet
  facet normal 0 -0.608711 0.793392
    outer loop
      vertex 190 2.20711 55.7929
      vertex 197.5 2 55.634
      vertex 197.5 2.20711 55.7929
    endloop
  endfacet
  facet normal 0 -0.608711 0.793392
    outer loop
      vertex 197.5 2 55.634
      vertex 190 2.20711 55.7929
      vertex 190 2 55.634
    endloop
  endfacet
  facet normal 0 -0.79336 0.608753
    outer loop
      vertex 190 2.20711 55.7929
      vertex 197.5 2.36602 56
      vertex 190 2.36602 56
    endloop
  endfacet
  facet normal 0 -0.79336 0.608753
    outer loop
      vertex 197.5 2.36602 56
      vertex 190 2.20711 55.7929
      vertex 197.5 2.20711 55.7929
    endloop
  endfacet
  facet normal 0 -0.130623 -0.991432
    outer loop
      vertex 190 1.5 57.5
      vertex 197.5 1.75882 57.4659
      vertex 197.5 1.5 57.5
    endloop
  endfacet
  facet normal -0 -0.130623 -0.991432
    outer loop
      vertex 197.5 1.75882 57.4659
      vertex 190 1.5 57.5
      vertex 190 1.75882 57.4659
    endloop
  endfacet
  facet normal 0 -0.991446 -0.13052
    outer loop
      vertex 190 2.5 56.5
      vertex 197.5 2.46593 56.7588
      vertex 190 2.46593 56.7588
    endloop
  endfacet
  facet normal 0 -0.991446 -0.13052
    outer loop
      vertex 197.5 2.46593 56.7588
      vertex 190 2.5 56.5
      vertex 197.5 2.5 56.5
    endloop
  endfacet
  facet normal 0 -0.130623 0.991432
    outer loop
      vertex 190 1.75882 55.5341
      vertex 197.5 1.5 55.5
      vertex 197.5 1.75882 55.5341
    endloop
  endfacet
  facet normal 0 -0.130623 0.991432
    outer loop
      vertex 197.5 1.5 55.5
      vertex 190 1.75882 55.5341
      vertex 190 1.5 55.5
    endloop
  endfacet
  facet normal 0 0.793345 -0.608772
    outer loop
      vertex 197.5 0.633974 57
      vertex 190 0.792892 57.2071
      vertex 197.5 0.792892 57.2071
    endloop
  endfacet
  facet normal 0 0.793345 -0.608772
    outer loop
      vertex 190 0.792892 57.2071
      vertex 197.5 0.633974 57
      vertex 190 0.633974 57
    endloop
  endfacet
  facet normal -0 0.608714 0.79339
    outer loop
      vertex 190 1 55.634
      vertex 197.5 0.792892 55.7929
      vertex 197.5 1 55.634
    endloop
  endfacet
  facet normal 0 0.608714 0.79339
    outer loop
      vertex 197.5 0.792892 55.7929
      vertex 190 1 55.634
      vertex 190 0.792892 55.7929
    endloop
  endfacet
  facet normal 0 -0.923877 0.382689
    outer loop
      vertex 190 2.36602 56
      vertex 197.5 2.46593 56.2412
      vertex 190 2.46593 56.2412
    endloop
  endfacet
  facet normal 0 -0.923877 0.382689
    outer loop
      vertex 197.5 2.46593 56.2412
      vertex 190 2.36602 56
      vertex 197.5 2.36602 56
    endloop
  endfacet
  facet normal 0 -0.382683 -0.92388
    outer loop
      vertex 190 1.75882 57.4659
      vertex 197.5 2 57.366
      vertex 197.5 1.75882 57.4659
    endloop
  endfacet
  facet normal -0 -0.382683 -0.92388
    outer loop
      vertex 197.5 2 57.366
      vertex 190 1.75882 57.4659
      vertex 190 2 57.366
    endloop
  endfacet
  facet normal 0 0.130623 -0.991432
    outer loop
      vertex 190 1.24118 57.4659
      vertex 197.5 1.5 57.5
      vertex 197.5 1.24118 57.4659
    endloop
  endfacet
  facet normal 0 0.130623 -0.991432
    outer loop
      vertex 197.5 1.5 57.5
      vertex 190 1.24118 57.4659
      vertex 190 1.5 57.5
    endloop
  endfacet
  facet normal 0 0.608714 -0.79339
    outer loop
      vertex 190 0.792892 57.2071
      vertex 197.5 1 57.366
      vertex 197.5 0.792892 57.2071
    endloop
  endfacet
  facet normal 0 0.608714 -0.79339
    outer loop
      vertex 197.5 1 57.366
      vertex 190 0.792892 57.2071
      vertex 190 1 57.366
    endloop
  endfacet
  facet normal -0 0.382683 0.92388
    outer loop
      vertex 190 1.24118 55.5341
      vertex 197.5 1 55.634
      vertex 197.5 1.24118 55.5341
    endloop
  endfacet
  facet normal 0 0.382683 0.92388
    outer loop
      vertex 197.5 1 55.634
      vertex 190 1.24118 55.5341
      vertex 190 1 55.634
    endloop
  endfacet
  facet normal 0 0.793345 0.608772
    outer loop
      vertex 197.5 0.792892 55.7929
      vertex 190 0.633974 56
      vertex 197.5 0.633974 56
    endloop
  endfacet
  facet normal 0 0.793345 0.608772
    outer loop
      vertex 190 0.633974 56
      vertex 197.5 0.792892 55.7929
      vertex 190 0.792892 55.7929
    endloop
  endfacet
  facet normal 0 0.923891 -0.382656
    outer loop
      vertex 197.5 0.534074 56.7588
      vertex 190 0.633974 57
      vertex 197.5 0.633974 57
    endloop
  endfacet
  facet normal 0 0.923891 -0.382656
    outer loop
      vertex 190 0.633974 57
      vertex 197.5 0.534074 56.7588
      vertex 190 0.534074 56.7588
    endloop
  endfacet
  facet normal 0 0.991444 0.130535
    outer loop
      vertex 197.5 0.534074 56.2412
      vertex 190 0.5 56.5
      vertex 197.5 0.5 56.5
    endloop
  endfacet
  facet normal 0 0.991444 0.130535
    outer loop
      vertex 190 0.5 56.5
      vertex 197.5 0.534074 56.2412
      vertex 190 0.534074 56.2412
    endloop
  endfacet
  facet normal 0 0.991444 -0.130535
    outer loop
      vertex 197.5 0.5 56.5
      vertex 190 0.534074 56.7588
      vertex 197.5 0.534074 56.7588
    endloop
  endfacet
  facet normal 0 0.991444 -0.130535
    outer loop
      vertex 190 0.534074 56.7588
      vertex 197.5 0.5 56.5
      vertex 190 0.5 56.5
    endloop
  endfacet
  facet normal 0 0.382683 -0.92388
    outer loop
      vertex 190 1 57.366
      vertex 197.5 1.24118 57.4659
      vertex 197.5 1 57.366
    endloop
  endfacet
  facet normal 0 0.382683 -0.92388
    outer loop
      vertex 197.5 1.24118 57.4659
      vertex 190 1 57.366
      vertex 190 1.24118 57.4659
    endloop
  endfacet
  facet normal -1 0 0
    outer loop
      vertex 197.5 2.46593 56.2412
      vertex 197.5 2.46593 56.7588
      vertex 197.5 2.5 56.5
    endloop
  endfacet
  facet normal -1 0 0
    outer loop
      vertex 197.5 2.36602 56
      vertex 197.5 2.46593 56.7588
      vertex 197.5 2.46593 56.2412
    endloop
  endfacet
  facet normal -1 0 0
    outer loop
      vertex 197.5 2.36602 56
      vertex 197.5 2.36602 57
      vertex 197.5 2.46593 56.7588
    endloop
  endfacet
  facet normal -1 0 0
    outer loop
      vertex 197.5 2.20711 55.7929
      vertex 197.5 2.36602 57
      vertex 197.5 2.36602 56
    endloop
  endfacet
  facet normal -1 0 0
    outer loop
      vertex 197.5 2.20711 55.7929
      vertex 197.5 2.20711 57.2071
      vertex 197.5 2.36602 57
    endloop
  endfacet
  facet normal -1 0 0
    outer loop
      vertex 197.5 2 55.634
      vertex 197.5 2.20711 57.2071
      vertex 197.5 2.20711 55.7929
    endloop
  endfacet
  facet normal -1 0 0
    outer loop
      vertex 197.5 2 55.634
      vertex 197.5 2 57.366
      vertex 197.5 2.20711 57.2071
    endloop
  endfacet
  facet normal -1 0 0
    outer loop
      vertex 197.5 1.75882 55.5341
      vertex 197.5 2 57.366
      vertex 197.5 2 55.634
    endloop
  endfacet
  facet normal -1 0 0
    outer loop
      vertex 197.5 1.75882 55.5341
      vertex 197.5 1.75882 57.4659
      vertex 197.5 2 57.366
    endloop
  endfacet
  facet normal -1 0 0
    outer loop
      vertex 197.5 1.5 55.5
      vertex 197.5 1.75882 57.4659
      vertex 197.5 1.75882 55.5341
    endloop
  endfacet
  facet normal -1 0 0
    outer loop
      vertex 197.5 1.5 55.5
      vertex 197.5 1.5 57.5
      vertex 197.5 1.75882 57.4659
    endloop
  endfacet
  facet normal -1 0 0
    outer loop
      vertex 197.5 1.24118 55.5341
      vertex 197.5 1.5 57.5
      vertex 197.5 1.5 55.5
    endloop
  endfacet
  facet normal -1 0 0
    outer loop
      vertex 197.5 1.24118 55.5341
      vertex 197.5 1.24118 57.4659
      vertex 197.5 1.5 57.5
    endloop
  endfacet
  facet normal -1 0 0
    outer loop
      vertex 197.5 1 55.634
      vertex 197.5 1.24118 57.4659
      vertex 197.5 1.24118 55.5341
    endloop
  endfacet
  facet normal -1 0 0
    outer loop
      vertex 197.5 1 55.634
      vertex 197.5 1 57.366
      vertex 197.5 1.24118 57.4659
    endloop
  endfacet
  facet normal -1 0 0
    outer loop
      vertex 197.5 0.792892 55.7929
      vertex 197.5 1 57.366
      vertex 197.5 1 55.634
    endloop
  endfacet
  facet normal -1 0 0
    outer loop
      vertex 197.5 0.792892 55.7929
      vertex 197.5 0.792892 57.2071
      vertex 197.5 1 57.366
    endloop
  endfacet
  facet normal -1 0 0
    outer loop
      vertex 197.5 0.633974 56
      vertex 197.5 0.792892 57.2071
      vertex 197.5 0.792892 55.7929
    endloop
  endfacet
  facet normal -1 0 0
    outer loop
      vertex 197.5 0.633974 56
      vertex 197.5 0.633974 57
      vertex 197.5 0.792892 57.2071
    endloop
  endfacet
  facet normal -1 0 0
    outer loop
      vertex 197.5 0.534074 56.2412
      vertex 197.5 0.633974 57
      vertex 197.5 0.633974 56
    endloop
  endfacet
  facet normal -1 0 0
    outer loop
      vertex 197.5 0.534074 56.2412
      vertex 197.5 0.534074 56.7588
      vertex 197.5 0.633974 57
    endloop
  endfacet
  facet normal -1 0 -0
    outer loop
      vertex 197.5 0.534074 56.7588
      vertex 197.5 0.534074 56.2412
      vertex 197.5 0.5 56.5
    endloop
  endfacet
  facet normal 1 -0 0
    outer loop
      vertex 74 14 61
      vertex 74 17 3
      vertex 74 17 61
    endloop
  endfacet
  facet normal 1 0 0
    outer loop
      vertex 74 17 3
      vertex 74 14 61
      vertex 74 14 3
    endloop
  endfacet
  facet normal 0 0 -1
    outer loop
      vertex 102 14 61
      vertex 77.3 15.5 61
      vertex 102 17 61
    endloop
  endfacet
  facet normal 0 0 -1
    outer loop
      vertex 102 14 61
      vertex 77.2761 15.3188 61
      vertex 77.3 15.5 61
    endloop
  endfacet
  facet normal 0 0 -1
    outer loop
      vertex 102 14 61
      vertex 77.2062 15.15 61
      vertex 77.2761 15.3188 61
    endloop
  endfacet
  facet normal 0 0 -1
    outer loop
      vertex 102 14 61
      vertex 77.095 15.005 61
      vertex 77.2062 15.15 61
    endloop
  endfacet
  facet normal 0 0 -1
    outer loop
      vertex 102 14 61
      vertex 76.95 14.8938 61
      vertex 77.095 15.005 61
    endloop
  endfacet
  facet normal 0 0 -1
    outer loop
      vertex 102 14 61
      vertex 76.7812 14.8239 61
      vertex 76.95 14.8938 61
    endloop
  endfacet
  facet normal 0 0 -1
    outer loop
      vertex 74 14 61
      vertex 76.7812 14.8239 61
      vertex 102 14 61
    endloop
  endfacet
  facet normal -0 0 -1
    outer loop
      vertex 75.9239 15.3188 61
      vertex 74 14 61
      vertex 75.9 15.5 61
    endloop
  endfacet
  facet normal -0 0 -1
    outer loop
      vertex 75.9938 15.15 61
      vertex 74 14 61
      vertex 75.9239 15.3188 61
    endloop
  endfacet
  facet normal -0 0 -1
    outer loop
      vertex 76.105 15.005 61
      vertex 74 14 61
      vertex 75.9938 15.15 61
    endloop
  endfacet
  facet normal -0 0 -1
    outer loop
      vertex 76.25 14.8938 61
      vertex 74 14 61
      vertex 76.105 15.005 61
    endloop
  endfacet
  facet normal -0 0 -1
    outer loop
      vertex 76.4188 14.8239 61
      vertex 74 14 61
      vertex 76.25 14.8938 61
    endloop
  endfacet
  facet normal -0 0 -1
    outer loop
      vertex 76.6 14.8 61
      vertex 74 14 61
      vertex 76.4188 14.8239 61
    endloop
  endfacet
  facet normal 0 0 -1
    outer loop
      vertex 76.7812 14.8239 61
      vertex 74 14 61
      vertex 76.6 14.8 61
    endloop
  endfacet
  facet normal 0 0 -1
    outer loop
      vertex 77.2761 15.6812 61
      vertex 102 17 61
      vertex 77.3 15.5 61
    endloop
  endfacet
  facet normal 0 0 -1
    outer loop
      vertex 77.2062 15.85 61
      vertex 102 17 61
      vertex 77.2761 15.6812 61
    endloop
  endfacet
  facet normal 0 0 -1
    outer loop
      vertex 77.095 15.995 61
      vertex 102 17 61
      vertex 77.2062 15.85 61
    endloop
  endfacet
  facet normal 0 0 -1
    outer loop
      vertex 76.95 16.1062 61
      vertex 102 17 61
      vertex 77.095 15.995 61
    endloop
  endfacet
  facet normal 0 0 -1
    outer loop
      vertex 76.7812 16.1761 61
      vertex 102 17 61
      vertex 76.95 16.1062 61
    endloop
  endfacet
  facet normal 0 0 -1
    outer loop
      vertex 74 17 61
      vertex 76.7812 16.1761 61
      vertex 76.6 16.2 61
    endloop
  endfacet
  facet normal 0 0 -1
    outer loop
      vertex 74 17 61
      vertex 75.9 15.5 61
      vertex 74 14 61
    endloop
  endfacet
  facet normal 0 0 -1
    outer loop
      vertex 75.9 15.5 61
      vertex 74 17 61
      vertex 75.9239 15.6812 61
    endloop
  endfacet
  facet normal 0 0 -1
    outer loop
      vertex 75.9239 15.6812 61
      vertex 74 17 61
      vertex 75.9938 15.85 61
    endloop
  endfacet
  facet normal 0 0 -1
    outer loop
      vertex 76.7812 16.1761 61
      vertex 74 17 61
      vertex 102 17 61
    endloop
  endfacet
  facet normal 0 0 -1
    outer loop
      vertex 76.4188 16.1761 61
      vertex 74 17 61
      vertex 76.6 16.2 61
    endloop
  endfacet
  facet normal 0 0 -1
    outer loop
      vertex 76.25 16.1062 61
      vertex 74 17 61
      vertex 76.4188 16.1761 61
    endloop
  endfacet
  facet normal 0 0 -1
    outer loop
      vertex 76.105 15.995 61
      vertex 74 17 61
      vertex 76.25 16.1062 61
    endloop
  endfacet
  facet normal 0 0 -1
    outer loop
      vertex 75.9938 15.85 61
      vertex 74 17 61
      vertex 76.105 15.995 61
    endloop
  endfacet
  facet normal -1 0 0
    outer loop
      vertex 102 14 3
      vertex 102 17 61
      vertex 102 17 3
    endloop
  endfacet
  facet normal -1 -0 0
    outer loop
      vertex 102 17 61
      vertex 102 14 3
      vertex 102 14 61
    endloop
  endfacet
  facet normal 1 -0 0
    outer loop
      vertex 74 115 61
      vertex 74 118 3
      vertex 74 118 61
    endloop
  endfacet
  facet normal 1 0 0
    outer loop
      vertex 74 118 3
      vertex 74 115 61
      vertex 74 115 3
    endloop
  endfacet
  facet normal 0 0 -1
    outer loop
      vertex 102 115 61
      vertex 100.1 116.5 61
      vertex 102 118 61
    endloop
  endfacet
  facet normal 0 0 -1
    outer loop
      vertex 102 115 61
      vertex 100.076 116.319 61
      vertex 100.1 116.5 61
    endloop
  endfacet
  facet normal 0 0 -1
    outer loop
      vertex 102 115 61
      vertex 100.006 116.15 61
      vertex 100.076 116.319 61
    endloop
  endfacet
  facet normal 0 0 -1
    outer loop
      vertex 102 115 61
      vertex 99.895 116.005 61
      vertex 100.006 116.15 61
    endloop
  endfacet
  facet normal 0 0 -1
    outer loop
      vertex 102 115 61
      vertex 99.75 115.894 61
      vertex 99.895 116.005 61
    endloop
  endfacet
  facet normal 0 0 -1
    outer loop
      vertex 102 115 61
      vertex 99.5812 115.824 61
      vertex 99.75 115.894 61
    endloop
  endfacet
  facet normal 0 0 -1
    outer loop
      vertex 102 115 61
      vertex 99.4 115.8 61
      vertex 99.5812 115.824 61
    endloop
  endfacet
  facet normal 0 0 -1
    outer loop
      vertex 102 115 61
      vertex 99.2188 115.824 61
      vertex 99.4 115.8 61
    endloop
  endfacet
  facet normal -0 0 -1
    outer loop
      vertex 98.7239 116.319 61
      vertex 74 115 61
      vertex 98.7 116.5 61
    endloop
  endfacet
  facet normal -0 0 -1
    outer loop
      vertex 98.7938 116.15 61
      vertex 74 115 61
      vertex 98.7239 116.319 61
    endloop
  endfacet
  facet normal -0 0 -1
    outer loop
      vertex 98.905 116.005 61
      vertex 74 115 61
      vertex 98.7938 116.15 61
    endloop
  endfacet
  facet normal -0 0 -1
    outer loop
      vertex 99.05 115.894 61
      vertex 74 115 61
      vertex 98.905 116.005 61
    endloop
  endfacet
  facet normal -0 0 -1
    outer loop
      vertex 99.2188 115.824 61
      vertex 74 115 61
      vertex 99.05 115.894 61
    endloop
  endfacet
  facet normal 0 0 -1
    outer loop
      vertex 74 115 61
      vertex 99.2188 115.824 61
      vertex 102 115 61
    endloop
  endfacet
  facet normal 0 0 -1
    outer loop
      vertex 100.076 116.681 61
      vertex 102 118 61
      vertex 100.1 116.5 61
    endloop
  endfacet
  facet normal 0 0 -1
    outer loop
      vertex 100.006 116.85 61
      vertex 102 118 61
      vertex 100.076 116.681 61
    endloop
  endfacet
  facet normal 0 0 -1
    outer loop
      vertex 99.895 116.995 61
      vertex 102 118 61
      vertex 100.006 116.85 61
    endloop
  endfacet
  facet normal 0 0 -1
    outer loop
      vertex 99.75 117.106 61
      vertex 102 118 61
      vertex 99.895 116.995 61
    endloop
  endfacet
  facet normal 0 0 -1
    outer loop
      vertex 99.5812 117.176 61
      vertex 102 118 61
      vertex 99.75 117.106 61
    endloop
  endfacet
  facet normal 0 0 -1
    outer loop
      vertex 99.4 117.2 61
      vertex 102 118 61
      vertex 99.5812 117.176 61
    endloop
  endfacet
  facet normal 0 0 -1
    outer loop
      vertex 99.2188 117.176 61
      vertex 102 118 61
      vertex 99.4 117.2 61
    endloop
  endfacet
  facet normal 0 0 -1
    outer loop
      vertex 74 118 61
      vertex 98.7 116.5 61
      vertex 74 115 61
    endloop
  endfacet
  facet normal 0 0 -1
    outer loop
      vertex 98.7 116.5 61
      vertex 74 118 61
      vertex 98.7239 116.681 61
    endloop
  endfacet
  facet normal 0 0 -1
    outer loop
      vertex 98.7239 116.681 61
      vertex 74 118 61
      vertex 98.7938 116.85 61
    endloop
  endfacet
  facet normal 0 0 -1
    outer loop
      vertex 98.7938 116.85 61
      vertex 74 118 61
      vertex 98.905 116.995 61
    endloop
  endfacet
  facet normal 0 0 -1
    outer loop
      vertex 98.905 116.995 61
      vertex 74 118 61
      vertex 99.05 117.106 61
    endloop
  endfacet
  facet normal 0 0 -1
    outer loop
      vertex 99.05 117.106 61
      vertex 74 118 61
      vertex 99.2188 117.176 61
    endloop
  endfacet
  facet normal 0 0 -1
    outer loop
      vertex 99.2188 117.176 61
      vertex 74 118 61
      vertex 102 118 61
    endloop
  endfacet
  facet normal -1 0 0
    outer loop
      vertex 102 115 3
      vertex 102 118 61
      vertex 102 118 3
    endloop
  endfacet
  facet normal -1 -0 0
    outer loop
      vertex 102 118 61
      vertex 102 115 3
      vertex 102 115 61
    endloop
  endfacet
  facet normal 0 0 -1
    outer loop
      vertex 68 30 61
      vertex 71 58 61
      vertex 71 30 61
    endloop
  endfacet
  facet normal -0 0 -1
    outer loop
      vertex 71 58 61
      vertex 68 30 61
      vertex 68 58 61
    endloop
  endfacet
  facet normal 0 -1 0
    outer loop
      vertex 68 58 3
      vertex 71 58 61
      vertex 68 58 61
    endloop
  endfacet
  facet normal 0 -1 -0
    outer loop
      vertex 71 58 61
      vertex 68 58 3
      vertex 71 58 3
    endloop
  endfacet
  facet normal 0 1 -0
    outer loop
      vertex 71 30 3
      vertex 68 30 61
      vertex 71 30 61
    endloop
  endfacet
  facet normal 0 1 0
    outer loop
      vertex 68 30 61
      vertex 71 30 3
      vertex 68 30 3
    endloop
  endfacet
  facet normal 1 -0 0
    outer loop
      vertex 20 62 61
      vertex 20 65 3
      vertex 20 65 61
    endloop
  endfacet
  facet normal 1 0 0
    outer loop
      vertex 20 65 3
      vertex 20 62 61
      vertex 20 62 3
    endloop
  endfacet
  facet normal 0 0 -1
    outer loop
      vertex 20 62 61
      vertex 48 65 61
      vertex 48 62 61
    endloop
  endfacet
  facet normal -0 0 -1
    outer loop
      vertex 48 65 61
      vertex 20 62 61
      vertex 20 65 61
    endloop
  endfacet
  facet normal -1 0 0
    outer loop
      vertex 48 62 3
      vertex 48 65 61
      vertex 48 65 3
    endloop
  endfacet
  facet normal -1 -0 0
    outer loop
      vertex 48 65 61
      vertex 48 62 3
      vertex 48 62 61
    endloop
  endfacet
  facet normal 1 -0 0
    outer loop
      vertex 78 62 61
      vertex 78 65 3
      vertex 78 65 61
    endloop
  endfacet
  facet normal 1 0 0
    outer loop
      vertex 78 65 3
      vertex 78 62 61
      vertex 78 62 3
    endloop
  endfacet
  facet normal 0 0 -1
    outer loop
      vertex 78 62 61
      vertex 106 65 61
      vertex 106 62 61
    endloop
  endfacet
  facet normal -0 0 -1
    outer loop
      vertex 106 65 61
      vertex 78 62 61
      vertex 78 65 61
    endloop
  endfacet
  facet normal -1 0 0
    outer loop
      vertex 106 62 3
      vertex 106 65 61
      vertex 106 65 3
    endloop
  endfacet
  facet normal -1 -0 0
    outer loop
      vertex 106 65 61
      vertex 106 62 3
      vertex 106 62 61
    endloop
  endfacet
  facet normal 0 0 -1
    outer loop
      vertex 112 80 61
      vertex 115 108 61
      vertex 115 80 61
    endloop
  endfacet
  facet normal -0 0 -1
    outer loop
      vertex 115 108 61
      vertex 112 80 61
      vertex 112 108 61
    endloop
  endfacet
  facet normal 0 1 -0
    outer loop
      vertex 115 80 3
      vertex 112 80 61
      vertex 115 80 61
    endloop
  endfacet
  facet normal 0 1 0
    outer loop
      vertex 112 80 61
      vertex 115 80 3
      vertex 112 80 3
    endloop
  endfacet
  facet normal 0 -1 0
    outer loop
      vertex 112 108 3
      vertex 115 108 61
      vertex 112 108 61
    endloop
  endfacet
  facet normal 0 -1 -0
    outer loop
      vertex 115 108 61
      vertex 112 108 3
      vertex 115 108 3
    endloop
  endfacet
  facet normal 0 0.991482 -0.130246
    outer loop
      vertex 71 178.915 1.90295
      vertex 2 179 2.55
      vertex 71 179 2.55
    endloop
  endfacet
  facet normal 0 0.991482 -0.130246
    outer loop
      vertex 2 179 2.55
      vertex 71 178.915 1.90295
      vertex 2 178.915 1.90295
    endloop
  endfacet
  facet normal -0 0.130543 0.991443
    outer loop
      vertex 2 177.147 4.96481
      vertex 71 176.5 5.05
      vertex 71 177.147 4.96481
    endloop
  endfacet
  facet normal 0 0.130543 0.991443
    outer loop
      vertex 71 176.5 5.05
      vertex 2 177.147 4.96481
      vertex 2 176.5 5.05
    endloop
  endfacet
  facet normal 0 0.793575 0.608473
    outer loop
      vertex 71 178.665 3.8
      vertex 2 178.268 4.31777
      vertex 71 178.268 4.31777
    endloop
  endfacet
  facet normal 0 0.793575 0.608473
    outer loop
      vertex 2 178.268 4.31777
      vertex 71 178.665 3.8
      vertex 2 178.665 3.8
    endloop
  endfacet
  facet normal 0 -0.608588 -0.793486
    outer loop
      vertex 2 174.732 0.782233
      vertex 71 175.25 0.384937
      vertex 71 174.732 0.782233
    endloop
  endfacet
  facet normal -0 -0.608588 -0.793486
    outer loop
      vertex 71 175.25 0.384937
      vertex 2 174.732 0.782233
      vertex 2 175.25 0.384937
    endloop
  endfacet
  facet normal 0 0.608588 -0.793486
    outer loop
      vertex 2 177.75 0.384937
      vertex 71 178.268 0.782233
      vertex 71 177.75 0.384937
    endloop
  endfacet
  facet normal 0 0.608588 -0.793486
    outer loop
      vertex 71 178.268 0.782233
      vertex 2 177.75 0.384937
      vertex 2 178.268 0.782233
    endloop
  endfacet
  facet normal 0 0.793573 -0.608475
    outer loop
      vertex 71 178.268 0.782233
      vertex 2 178.665 1.3
      vertex 71 178.665 1.3
    endloop
  endfacet
  facet normal 0 0.793573 -0.608475
    outer loop
      vertex 2 178.665 1.3
      vertex 71 178.268 0.782233
      vertex 2 178.268 0.782233
    endloop
  endfacet
  facet normal 0 0.382658 -0.92389
    outer loop
      vertex 2 177.147 0.135186
      vertex 71 177.75 0.384937
      vertex 71 177.147 0.135186
    endloop
  endfacet
  facet normal 0 0.382658 -0.92389
    outer loop
      vertex 71 177.75 0.384937
      vertex 2 177.147 0.135186
      vertex 2 177.75 0.384937
    endloop
  endfacet
  facet normal -1 0 0
    outer loop
      vertex 2 177.325 2.55
      vertex 2 179 2.55
      vertex 2 178.915 1.90295
    endloop
  endfacet
  facet normal -1 0 0
    outer loop
      vertex 2 177.297 2.33648
      vertex 2 178.915 1.90295
      vertex 2 178.665 1.3
    endloop
  endfacet
  facet normal -1 0 0
    outer loop
      vertex 2 179 2.55
      vertex 2 177.325 2.55
      vertex 2 178.915 3.19705
    endloop
  endfacet
  facet normal -1 0 0
    outer loop
      vertex 2 177.214 2.1375
      vertex 2 178.665 1.3
      vertex 2 178.268 0.782233
    endloop
  endfacet
  facet normal -1 0 0
    outer loop
      vertex 2 177.297 2.76352
      vertex 2 178.915 3.19705
      vertex 2 177.325 2.55
    endloop
  endfacet
  facet normal -1 0 0
    outer loop
      vertex 2 177.083 1.96664
      vertex 2 178.268 0.782233
      vertex 2 177.75 0.384937
    endloop
  endfacet
  facet normal -1 -0 0
    outer loop
      vertex 2 178.915 3.19705
      vertex 2 177.297 2.76352
      vertex 2 178.665 3.8
    endloop
  endfacet
  facet normal -1 0 0
    outer loop
      vertex 2 177.214 2.9625
      vertex 2 178.665 3.8
      vertex 2 177.297 2.76352
    endloop
  endfacet
  facet normal -1 0 0
    outer loop
      vertex 2 178.915 1.90295
      vertex 2 177.297 2.33648
      vertex 2 177.325 2.55
    endloop
  endfacet
  facet normal -1 0 0
    outer loop
      vertex 2 178.665 1.3
      vertex 2 177.214 2.1375
      vertex 2 177.297 2.33648
    endloop
  endfacet
  facet normal -1 0 0
    outer loop
      vertex 2 176.913 1.83553
      vertex 2 177.75 0.384937
      vertex 2 177.147 0.135186
    endloop
  endfacet
  facet normal -1 0 0
    outer loop
      vertex 2 178.268 0.782233
      vertex 2 177.083 1.96664
      vertex 2 177.214 2.1375
    endloop
  endfacet
  facet normal -1 0 0
    outer loop
      vertex 2 177.75 0.384937
      vertex 2 176.913 1.83553
      vertex 2 177.083 1.96664
    endloop
  endfacet
  facet normal -1 0 0
    outer loop
      vertex 2 177.147 0.135186
      vertex 2 176.714 1.75311
      vertex 2 176.913 1.83553
    endloop
  endfacet
  facet normal -1 0 0
    outer loop
      vertex 2 176.5 0.05
      vertex 2 176.714 1.75311
      vertex 2 177.147 0.135186
    endloop
  endfacet
  facet normal -1 0 0
    outer loop
      vertex 2 176.5 0.05
      vertex 2 176.5 1.725
      vertex 2 176.714 1.75311
    endloop
  endfacet
  facet normal -1 0 0
    outer loop
      vertex 2 176.5 0.05
      vertex 2 176.286 1.75311
      vertex 2 176.5 1.725
    endloop
  endfacet
  facet normal -1 0 0
    outer loop
      vertex 2 175.853 0.135186
      vertex 2 176.286 1.75311
      vertex 2 176.5 0.05
    endloop
  endfacet
  facet normal -1 -0 0
    outer loop
      vertex 2 176.286 1.75311
      vertex 2 175.853 0.135186
      vertex 2 176.087 1.83553
    endloop
  endfacet
  facet normal -1 0 0
    outer loop
      vertex 2 175.25 0.384937
      vertex 2 176.087 1.83553
      vertex 2 175.853 0.135186
    endloop
  endfacet
  facet normal -1 -0 0
    outer loop
      vertex 2 176.087 1.83553
      vertex 2 175.25 0.384937
      vertex 2 175.917 1.96664
    endloop
  endfacet
  facet normal -1 0 0
    outer loop
      vertex 2 174.732 0.782233
      vertex 2 175.917 1.96664
      vertex 2 175.25 0.384937
    endloop
  endfacet
  facet normal -1 -0 0
    outer loop
      vertex 2 175.917 1.96664
      vertex 2 174.732 0.782233
      vertex 2 175.786 2.1375
    endloop
  endfacet
  facet normal -1 0 0
    outer loop
      vertex 2 174.335 1.3
      vertex 2 175.786 2.1375
      vertex 2 174.732 0.782233
    endloop
  endfacet
  facet normal -1 -0 0
    outer loop
      vertex 2 178.665 3.8
      vertex 2 177.214 2.9625
      vertex 2 178.268 4.31777
    endloop
  endfacet
  facet normal -1 0 0
    outer loop
      vertex 2 177.083 3.13336
      vertex 2 178.268 4.31777
      vertex 2 177.214 2.9625
    endloop
  endfacet
  facet normal -1 -0 0
    outer loop
      vertex 2 178.268 4.31777
      vertex 2 177.083 3.13336
      vertex 2 177.75 4.71506
    endloop
  endfacet
  facet normal -1 0 0
    outer loop
      vertex 2 176.913 3.26447
      vertex 2 177.75 4.71506
      vertex 2 177.083 3.13336
    endloop
  endfacet
  facet normal -1 -0 0
    outer loop
      vertex 2 177.75 4.71506
      vertex 2 176.913 3.26447
      vertex 2 177.147 4.96481
    endloop
  endfacet
  facet normal -1 0 0
    outer loop
      vertex 2 176.714 3.34689
      vertex 2 177.147 4.96481
      vertex 2 176.913 3.26447
    endloop
  endfacet
  facet normal -1 0 0
    outer loop
      vertex 2 176.5 3.375
      vertex 2 177.147 4.96481
      vertex 2 176.714 3.34689
    endloop
  endfacet
  facet normal -1 0 0
    outer loop
      vertex 2 176.5 3.375
      vertex 2 176.5 5.05
      vertex 2 177.147 4.96481
    endloop
  endfacet
  facet normal -1 0 0
    outer loop
      vertex 2 176.286 3.34689
      vertex 2 176.5 5.05
      vertex 2 176.5 3.375
    endloop
  endfacet
  facet normal -1 0 0
    outer loop
      vertex 2 175.853 4.96481
      vertex 2 176.286 3.34689
      vertex 2 176.087 3.26447
    endloop
  endfacet
  facet normal -1 0 0
    outer loop
      vertex 2 175.25 4.71506
      vertex 2 176.087 3.26447
      vertex 2 175.917 3.13336
    endloop
  endfacet
  facet normal -1 0 0
    outer loop
      vertex 2 176.286 3.34689
      vertex 2 175.853 4.96481
      vertex 2 176.5 5.05
    endloop
  endfacet
  facet normal -1 0 0
    outer loop
      vertex 2 174.732 4.31777
      vertex 2 175.917 3.13336
      vertex 2 175.786 2.9625
    endloop
  endfacet
  facet normal -1 0 0
    outer loop
      vertex 2 174.335 3.8
      vertex 2 175.786 2.9625
      vertex 2 175.703 2.76352
    endloop
  endfacet
  facet normal -1 0 0
    outer loop
      vertex 2 174.335 3.8
      vertex 2 175.703 2.76352
      vertex 2 175.675 2.55
    endloop
  endfacet
  facet normal -1 -0 0
    outer loop
      vertex 2 175.786 2.1375
      vertex 2 174.335 1.3
      vertex 2 175.703 2.33648
    endloop
  endfacet
  facet normal -1 0 0
    outer loop
      vertex 2 176.087 3.26447
      vertex 2 175.25 4.71506
      vertex 2 175.853 4.96481
    endloop
  endfacet
  facet normal -1 -0 0
    outer loop
      vertex 2 175.703 2.33648
      vertex 2 174.335 1.3
      vertex 2 175.675 2.55
    endloop
  endfacet
  facet normal -1 0 0
    outer loop
      vertex 2 175.917 3.13336
      vertex 2 174.732 4.31777
      vertex 2 175.25 4.71506
    endloop
  endfacet
  facet normal -1 0 0
    outer loop
      vertex 2 174.335 3.8
      vertex 2 175.675 2.55
      vertex 2 174.335 1.3
    endloop
  endfacet
  facet normal -1 0 0
    outer loop
      vertex 2 175.786 2.9625
      vertex 2 174.335 3.8
      vertex 2 174.732 4.31777
    endloop
  endfacet
  facet normal -1 0 0
    outer loop
      vertex 2 124 1.3
      vertex 2 174.335 3.8
      vertex 2 174.335 1.3
    endloop
  endfacet
  facet normal -1 -0 0
    outer loop
      vertex 2 174.335 3.8
      vertex 2 124 1.3
      vertex 2 124 3.8
    endloop
  endfacet
  facet normal -0 0.608583 0.79349
    outer loop
      vertex 2 178.268 4.31777
      vertex 71 177.75 4.71506
      vertex 71 178.268 4.31777
    endloop
  endfacet
  facet normal 0 0.608583 0.79349
    outer loop
      vertex 71 177.75 4.71506
      vertex 2 178.268 4.31777
      vertex 2 177.75 4.71506
    endloop
  endfacet
  facet normal 0 0.923744 0.38301
    outer loop
      vertex 71 178.915 3.19705
      vertex 2 178.665 3.8
      vertex 71 178.665 3.8
    endloop
  endfacet
  facet normal 0 0.923744 0.38301
    outer loop
      vertex 2 178.665 3.8
      vertex 71 178.915 3.19705
      vertex 2 178.915 3.19705
    endloop
  endfacet
  facet normal 0 -0.793573 -0.608475
    outer loop
      vertex 2 174.732 0.782233
      vertex 71 174.335 1.3
      vertex 2 174.335 1.3
    endloop
  endfacet
  facet normal 0 -0.793573 -0.608475
    outer loop
      vertex 71 174.335 1.3
      vertex 2 174.732 0.782233
      vertex 71 174.732 0.782233
    endloop
  endfacet
  facet normal 0 -0.382658 -0.92389
    outer loop
      vertex 2 175.25 0.384937
      vertex 71 175.853 0.135186
      vertex 71 175.25 0.384937
    endloop
  endfacet
  facet normal -0 -0.382658 -0.92389
    outer loop
      vertex 71 175.853 0.135186
      vertex 2 175.25 0.384937
      vertex 2 175.853 0.135186
    endloop
  endfacet
  facet normal 0 0.923744 -0.38301
    outer loop
      vertex 71 178.665 1.3
      vertex 2 178.915 1.90295
      vertex 71 178.915 1.90295
    endloop
  endfacet
  facet normal 0 0.923744 -0.38301
    outer loop
      vertex 2 178.915 1.90295
      vertex 71 178.665 1.3
      vertex 2 178.665 1.3
    endloop
  endfacet
  facet normal 0 0.130536 -0.991444
    outer loop
      vertex 2 176.5 0.05
      vertex 71 177.147 0.135186
      vertex 71 176.5 0.05
    endloop
  endfacet
  facet normal 0 0.130536 -0.991444
    outer loop
      vertex 71 177.147 0.135186
      vertex 2 176.5 0.05
      vertex 2 177.147 0.135186
    endloop
  endfacet
  facet normal 0 -0.130543 0.991443
    outer loop
      vertex 2 176.5 5.05
      vertex 71 175.853 4.96481
      vertex 71 176.5 5.05
    endloop
  endfacet
  facet normal 0 -0.130543 0.991443
    outer loop
      vertex 71 175.853 4.96481
      vertex 2 176.5 5.05
      vertex 2 175.853 4.96481
    endloop
  endfacet
  facet normal 0 -0.608583 0.79349
    outer loop
      vertex 2 175.25 4.71506
      vertex 71 174.732 4.31777
      vertex 71 175.25 4.71506
    endloop
  endfacet
  facet normal 0 -0.608583 0.79349
    outer loop
      vertex 71 174.732 4.31777
      vertex 2 175.25 4.71506
      vertex 2 174.732 4.31777
    endloop
  endfacet
  facet normal -0 0.382656 0.923891
    outer loop
      vertex 2 177.75 4.71506
      vertex 71 177.147 4.96481
      vertex 71 177.75 4.71506
    endloop
  endfacet
  facet normal 0 0.382656 0.923891
    outer loop
      vertex 71 177.147 4.96481
      vertex 2 177.75 4.71506
      vertex 2 177.147 4.96481
    endloop
  endfacet
  facet normal 1 0 0
    outer loop
      vertex 71 177.325 2.55
      vertex 71 179 2.55
      vertex 71 178.915 3.19705
    endloop
  endfacet
  facet normal 1 0 0
    outer loop
      vertex 71 177.297 2.76352
      vertex 71 178.915 3.19705
      vertex 71 178.665 3.8
    endloop
  endfacet
  facet normal 1 0 0
    outer loop
      vertex 71 179 2.55
      vertex 71 177.325 2.55
      vertex 71 178.915 1.90295
    endloop
  endfacet
  facet normal 1 0 0
    outer loop
      vertex 71 177.214 2.9625
      vertex 71 178.665 3.8
      vertex 71 178.268 4.31777
    endloop
  endfacet
  facet normal 1 -0 0
    outer loop
      vertex 71 177.297 2.33648
      vertex 71 178.915 1.90295
      vertex 71 177.325 2.55
    endloop
  endfacet
  facet normal 1 0 0
    outer loop
      vertex 71 177.083 3.13336
      vertex 71 178.268 4.31777
      vertex 71 177.75 4.71506
    endloop
  endfacet
  facet normal 1 0 0
    outer loop
      vertex 71 178.915 1.90295
      vertex 71 177.297 2.33648
      vertex 71 178.665 1.3
    endloop
  endfacet
  facet normal 1 -0 0
    outer loop
      vertex 71 177.214 2.1375
      vertex 71 178.665 1.3
      vertex 71 177.297 2.33648
    endloop
  endfacet
  facet normal 1 0 0
    outer loop
      vertex 71 178.915 3.19705
      vertex 71 177.297 2.76352
      vertex 71 177.325 2.55
    endloop
  endfacet
  facet normal 1 0 0
    outer loop
      vertex 71 178.665 3.8
      vertex 71 177.214 2.9625
      vertex 71 177.297 2.76352
    endloop
  endfacet
  facet normal 1 0 0
    outer loop
      vertex 71 176.913 3.26447
      vertex 71 177.75 4.71506
      vertex 71 177.147 4.96481
    endloop
  endfacet
  facet normal 1 0 0
    outer loop
      vertex 71 178.268 4.31777
      vertex 71 177.083 3.13336
      vertex 71 177.214 2.9625
    endloop
  endfacet
  facet normal 1 0 0
    outer loop
      vertex 71 177.75 4.71506
      vertex 71 176.913 3.26447
      vertex 71 177.083 3.13336
    endloop
  endfacet
  facet normal 1 0 0
    outer loop
      vertex 71 177.147 4.96481
      vertex 71 176.714 3.34689
      vertex 71 176.913 3.26447
    endloop
  endfacet
  facet normal 1 0 0
    outer loop
      vertex 71 176.5 5.05
      vertex 71 176.714 3.34689
      vertex 71 177.147 4.96481
    endloop
  endfacet
  facet normal 1 0 0
    outer loop
      vertex 71 176.5 5.05
      vertex 71 176.5 3.375
      vertex 71 176.714 3.34689
    endloop
  endfacet
  facet normal 1 0 0
    outer loop
      vertex 71 176.5 5.05
      vertex 71 176.286 3.34689
      vertex 71 176.5 3.375
    endloop
  endfacet
  facet normal 1 -0 0
    outer loop
      vertex 71 175.853 4.96481
      vertex 71 176.286 3.34689
      vertex 71 176.5 5.05
    endloop
  endfacet
  facet normal 1 0 0
    outer loop
      vertex 71 176.286 3.34689
      vertex 71 175.853 4.96481
      vertex 71 176.087 3.26447
    endloop
  endfacet
  facet normal 1 -0 0
    outer loop
      vertex 71 175.25 4.71506
      vertex 71 176.087 3.26447
      vertex 71 175.853 4.96481
    endloop
  endfacet
  facet normal 1 0 0
    outer loop
      vertex 71 176.087 3.26447
      vertex 71 175.25 4.71506
      vertex 71 175.917 3.13336
    endloop
  endfacet
  facet normal 1 -0 0
    outer loop
      vertex 71 174.732 4.31777
      vertex 71 175.917 3.13336
      vertex 71 175.25 4.71506
    endloop
  endfacet
  facet normal 1 0 0
    outer loop
      vertex 71 175.917 3.13336
      vertex 71 174.732 4.31777
      vertex 71 175.786 2.9625
    endloop
  endfacet
  facet normal 1 -0 0
    outer loop
      vertex 71 174.335 3.8
      vertex 71 175.786 2.9625
      vertex 71 174.732 4.31777
    endloop
  endfacet
  facet normal 1 0 0
    outer loop
      vertex 71 178.665 1.3
      vertex 71 177.214 2.1375
      vertex 71 178.268 0.782233
    endloop
  endfacet
  facet normal 1 -0 0
    outer loop
      vertex 71 177.083 1.96664
      vertex 71 178.268 0.782233
      vertex 71 177.214 2.1375
    endloop
  endfacet
  facet normal 1 0 0
    outer loop
      vertex 71 178.268 0.782233
      vertex 71 177.083 1.96664
      vertex 71 177.75 0.384937
    endloop
  endfacet
  facet normal 1 -0 0
    outer loop
      vertex 71 176.913 1.83553
      vertex 71 177.75 0.384937
      vertex 71 177.083 1.96664
    endloop
  endfacet
  facet normal 1 0 0
    outer loop
      vertex 71 177.75 0.384937
      vertex 71 176.913 1.83553
      vertex 71 177.147 0.135186
    endloop
  endfacet
  facet normal 1 -0 0
    outer loop
      vertex 71 176.714 1.75311
      vertex 71 177.147 0.135186
      vertex 71 176.913 1.83553
    endloop
  endfacet
  facet normal 1 -0 0
    outer loop
      vertex 71 176.5 1.725
      vertex 71 177.147 0.135186
      vertex 71 176.714 1.75311
    endloop
  endfacet
  facet normal 1 0 0
    outer loop
      vertex 71 176.5 1.725
      vertex 71 176.5 0.05
      vertex 71 177.147 0.135186
    endloop
  endfacet
  facet normal 1 0 0
    outer loop
      vertex 71 176.286 1.75311
      vertex 71 176.5 0.05
      vertex 71 176.5 1.725
    endloop
  endfacet
  facet normal 1 0 0
    outer loop
      vertex 71 175.853 0.135186
      vertex 71 176.286 1.75311
      vertex 71 176.087 1.83553
    endloop
  endfacet
  facet normal 1 0 0
    outer loop
      vertex 71 175.25 0.384937
      vertex 71 176.087 1.83553
      vertex 71 175.917 1.96664
    endloop
  endfacet
  facet normal 1 0 0
    outer loop
      vertex 71 176.286 1.75311
      vertex 71 175.853 0.135186
      vertex 71 176.5 0.05
    endloop
  endfacet
  facet normal 1 0 0
    outer loop
      vertex 71 174.732 0.782233
      vertex 71 175.917 1.96664
      vertex 71 175.786 2.1375
    endloop
  endfacet
  facet normal 1 0 0
    outer loop
      vertex 71 174.335 1.3
      vertex 71 175.786 2.1375
      vertex 71 175.703 2.33648
    endloop
  endfacet
  facet normal 1 0 0
    outer loop
      vertex 71 174.335 1.3
      vertex 71 175.703 2.33648
      vertex 71 175.675 2.55
    endloop
  endfacet
  facet normal 1 0 0
    outer loop
      vertex 71 175.786 2.9625
      vertex 71 174.335 3.8
      vertex 71 175.703 2.76352
    endloop
  endfacet
  facet normal 1 0 0
    outer loop
      vertex 71 176.087 1.83553
      vertex 71 175.25 0.384937
      vertex 71 175.853 0.135186
    endloop
  endfacet
  facet normal 1 0 0
    outer loop
      vertex 71 175.703 2.76352
      vertex 71 174.335 3.8
      vertex 71 175.675 2.55
    endloop
  endfacet
  facet normal 1 0 0
    outer loop
      vertex 71 175.917 1.96664
      vertex 71 174.732 0.782233
      vertex 71 175.25 0.384937
    endloop
  endfacet
  facet normal 1 0 0
    outer loop
      vertex 71 174.335 1.3
      vertex 71 175.675 2.55
      vertex 71 174.335 3.8
    endloop
  endfacet
  facet normal 1 0 0
    outer loop
      vertex 71 175.786 2.1375
      vertex 71 174.335 1.3
      vertex 71 174.732 0.782233
    endloop
  endfacet
  facet normal 1 -0 0
    outer loop
      vertex 71 124 3.8
      vertex 71 174.335 1.3
      vertex 71 174.335 3.8
    endloop
  endfacet
  facet normal 1 0 0
    outer loop
      vertex 71 174.335 1.3
      vertex 71 124 3.8
      vertex 71 124 1.3
    endloop
  endfacet
  facet normal 0 0.991482 0.130246
    outer loop
      vertex 71 179 2.55
      vertex 2 178.915 3.19705
      vertex 71 178.915 3.19705
    endloop
  endfacet
  facet normal 0 0.991482 0.130246
    outer loop
      vertex 2 178.915 3.19705
      vertex 71 179 2.55
      vertex 2 179 2.55
    endloop
  endfacet
  facet normal 0 -0.130536 -0.991444
    outer loop
      vertex 2 175.853 0.135186
      vertex 71 176.5 0.05
      vertex 71 175.853 0.135186
    endloop
  endfacet
  facet normal -0 -0.130536 -0.991444
    outer loop
      vertex 71 176.5 0.05
      vertex 2 175.853 0.135186
      vertex 2 176.5 0.05
    endloop
  endfacet
  facet normal 0 -0.382656 0.923891
    outer loop
      vertex 2 175.853 4.96481
      vertex 71 175.25 4.71506
      vertex 71 175.853 4.96481
    endloop
  endfacet
  facet normal 0 -0.382656 0.923891
    outer loop
      vertex 71 175.25 4.71506
      vertex 2 175.853 4.96481
      vertex 2 175.25 4.71506
    endloop
  endfacet
  facet normal 0 -0.793575 0.608473
    outer loop
      vertex 2 174.335 3.8
      vertex 71 174.732 4.31777
      vertex 2 174.732 4.31777
    endloop
  endfacet
  facet normal 0 -0.793575 0.608473
    outer loop
      vertex 71 174.732 4.31777
      vertex 2 174.335 3.8
      vertex 71 174.335 3.8
    endloop
  endfacet
  facet normal 0 0 -1
    outer loop
      vertex 2 124 1.3
      vertex 71 174.335 1.3
      vertex 71 124 1.3
    endloop
  endfacet
  facet normal -0 0 -1
    outer loop
      vertex 71 174.335 1.3
      vertex 2 124 1.3
      vertex 2 174.335 1.3
    endloop
  endfacet
  facet normal 0 -1 0
    outer loop
      vertex 2 124 1.3
      vertex 71 124 3.8
      vertex 2 124 3.8
    endloop
  endfacet
  facet normal 0 -1 -0
    outer loop
      vertex 71 124 3.8
      vertex 2 124 1.3
      vertex 71 124 1.3
    endloop
  endfacet
  facet normal -0 0 1
    outer loop
      vertex 6 139.625 3.8
      vertex 18.25 136.625 3.8
      vertex 18.25 139.625 3.8
    endloop
  endfacet
  facet normal 0 0 1
    outer loop
      vertex 18.25 136.625 3.8
      vertex 6 139.625 3.8
      vertex 6 136.625 3.8
    endloop
  endfacet
  facet normal -0 0 1
    outer loop
      vertex 6 150.25 3.8
      vertex 18.25 147.25 3.8
      vertex 18.25 150.25 3.8
    endloop
  endfacet
  facet normal 0 0 1
    outer loop
      vertex 18.25 147.25 3.8
      vertex 6 150.25 3.8
      vertex 6 147.25 3.8
    endloop
  endfacet
  facet normal -0 0 1
    outer loop
      vertex 6 160.875 3.8
      vertex 18.25 157.875 3.8
      vertex 18.25 160.875 3.8
    endloop
  endfacet
  facet normal 0 0 1
    outer loop
      vertex 18.25 157.875 3.8
      vertex 6 160.875 3.8
      vertex 6 157.875 3.8
    endloop
  endfacet
  facet normal -0 0 1
    outer loop
      vertex 21.25 139.625 3.8
      vertex 33.5 136.625 3.8
      vertex 33.5 139.625 3.8
    endloop
  endfacet
  facet normal 0 0 1
    outer loop
      vertex 33.5 136.625 3.8
      vertex 21.25 139.625 3.8
      vertex 21.25 136.625 3.8
    endloop
  endfacet
  facet normal -0 0 1
    outer loop
      vertex 21.25 150.25 3.8
      vertex 33.5 147.25 3.8
      vertex 33.5 150.25 3.8
    endloop
  endfacet
  facet normal 0 0 1
    outer loop
      vertex 33.5 147.25 3.8
      vertex 21.25 150.25 3.8
      vertex 21.25 147.25 3.8
    endloop
  endfacet
  facet normal -0 0 1
    outer loop
      vertex 21.25 160.875 3.8
      vertex 33.5 157.875 3.8
      vertex 33.5 160.875 3.8
    endloop
  endfacet
  facet normal 0 0 1
    outer loop
      vertex 33.5 157.875 3.8
      vertex 21.25 160.875 3.8
      vertex 21.25 157.875 3.8
    endloop
  endfacet
  facet normal -0 0 1
    outer loop
      vertex 36.5 139.625 3.8
      vertex 48.75 136.625 3.8
      vertex 48.75 139.625 3.8
    endloop
  endfacet
  facet normal 0 0 1
    outer loop
      vertex 48.75 136.625 3.8
      vertex 36.5 139.625 3.8
      vertex 36.5 136.625 3.8
    endloop
  endfacet
  facet normal -0 0 1
    outer loop
      vertex 36.5 150.25 3.8
      vertex 48.75 147.25 3.8
      vertex 48.75 150.25 3.8
    endloop
  endfacet
  facet normal 0 0 1
    outer loop
      vertex 48.75 147.25 3.8
      vertex 36.5 150.25 3.8
      vertex 36.5 147.25 3.8
    endloop
  endfacet
  facet normal -0 0 1
    outer loop
      vertex 36.5 160.875 3.8
      vertex 48.75 157.875 3.8
      vertex 48.75 160.875 3.8
    endloop
  endfacet
  facet normal 0 0 1
    outer loop
      vertex 48.75 157.875 3.8
      vertex 36.5 160.875 3.8
      vertex 36.5 157.875 3.8
    endloop
  endfacet
  facet normal -0 0 1
    outer loop
      vertex 51.75 139.625 3.8
      vertex 64 136.625 3.8
      vertex 64 139.625 3.8
    endloop
  endfacet
  facet normal 0 0 1
    outer loop
      vertex 64 136.625 3.8
      vertex 51.75 139.625 3.8
      vertex 51.75 136.625 3.8
    endloop
  endfacet
  facet normal -0 0 1
    outer loop
      vertex 51.75 150.25 3.8
      vertex 64 147.25 3.8
      vertex 64 150.25 3.8
    endloop
  endfacet
  facet normal 0 0 1
    outer loop
      vertex 64 147.25 3.8
      vertex 51.75 150.25 3.8
      vertex 51.75 147.25 3.8
    endloop
  endfacet
  facet normal -0 0 1
    outer loop
      vertex 51.75 160.875 3.8
      vertex 64 157.875 3.8
      vertex 64 160.875 3.8
    endloop
  endfacet
  facet normal 0 0 1
    outer loop
      vertex 64 157.875 3.8
      vertex 51.75 160.875 3.8
      vertex 51.75 157.875 3.8
    endloop
  endfacet
  facet normal 0 0 1
    outer loop
      vertex 64 160.875 3.8
      vertex 71 174.335 3.8
      vertex 64 168.5 3.8
    endloop
  endfacet
  facet normal 0 0 1
    outer loop
      vertex 71 174.335 3.8
      vertex 51.75 168.5 3.8
      vertex 64 168.5 3.8
    endloop
  endfacet
  facet normal 0 0 1
    outer loop
      vertex 48.75 160.875 3.8
      vertex 51.75 160.875 3.8
      vertex 51.75 168.5 3.8
    endloop
  endfacet
  facet normal 0 0 1
    outer loop
      vertex 51.75 160.875 3.8
      vertex 48.75 160.875 3.8
      vertex 51.75 157.875 3.8
    endloop
  endfacet
  facet normal 0 0 1
    outer loop
      vertex 51.75 157.875 3.8
      vertex 48.75 157.875 3.8
      vertex 51.75 150.25 3.8
    endloop
  endfacet
  facet normal 0 0 1
    outer loop
      vertex 48.75 150.25 3.8
      vertex 51.75 150.25 3.8
      vertex 48.75 157.875 3.8
    endloop
  endfacet
  facet normal 0 0 1
    outer loop
      vertex 48.75 147.25 3.8
      vertex 51.75 147.25 3.8
      vertex 48.75 150.25 3.8
    endloop
  endfacet
  facet normal 0 0 1
    outer loop
      vertex 51.75 147.25 3.8
      vertex 48.75 147.25 3.8
      vertex 51.75 139.625 3.8
    endloop
  endfacet
  facet normal 0 0 1
    outer loop
      vertex 48.75 160.875 3.8
      vertex 51.75 168.5 3.8
      vertex 48.75 168.5 3.8
    endloop
  endfacet
  facet normal 0 0 1
    outer loop
      vertex 71 174.335 3.8
      vertex 48.75 168.5 3.8
      vertex 51.75 168.5 3.8
    endloop
  endfacet
  facet normal 0 0 1
    outer loop
      vertex 71 174.335 3.8
      vertex 36.5 168.5 3.8
      vertex 48.75 168.5 3.8
    endloop
  endfacet
  facet normal 0 0 1
    outer loop
      vertex 33.5 160.875 3.8
      vertex 36.5 160.875 3.8
      vertex 36.5 168.5 3.8
    endloop
  endfacet
  facet normal 0 0 1
    outer loop
      vertex 36.5 160.875 3.8
      vertex 33.5 160.875 3.8
      vertex 36.5 157.875 3.8
    endloop
  endfacet
  facet normal 0 0 1
    outer loop
      vertex 36.5 157.875 3.8
      vertex 33.5 157.875 3.8
      vertex 36.5 150.25 3.8
    endloop
  endfacet
  facet normal 0 0 1
    outer loop
      vertex 33.5 150.25 3.8
      vertex 36.5 150.25 3.8
      vertex 33.5 157.875 3.8
    endloop
  endfacet
  facet normal 0 0 1
    outer loop
      vertex 33.5 147.25 3.8
      vertex 36.5 147.25 3.8
      vertex 33.5 150.25 3.8
    endloop
  endfacet
  facet normal 0 0 1
    outer loop
      vertex 36.5 147.25 3.8
      vertex 33.5 147.25 3.8
      vertex 36.5 139.625 3.8
    endloop
  endfacet
  facet normal 0 0 1
    outer loop
      vertex 33.5 160.875 3.8
      vertex 36.5 168.5 3.8
      vertex 33.5 168.5 3.8
    endloop
  endfacet
  facet normal -0 0 1
    outer loop
      vertex 2 174.335 3.8
      vertex 36.5 168.5 3.8
      vertex 71 174.335 3.8
    endloop
  endfacet
  facet normal 0 0 1
    outer loop
      vertex 36.5 168.5 3.8
      vertex 2 174.335 3.8
      vertex 33.5 168.5 3.8
    endloop
  endfacet
  facet normal 0 0 1
    outer loop
      vertex 18.25 160.875 3.8
      vertex 21.25 160.875 3.8
      vertex 21.25 168.5 3.8
    endloop
  endfacet
  facet normal 0 0 1
    outer loop
      vertex 21.25 160.875 3.8
      vertex 18.25 160.875 3.8
      vertex 21.25 157.875 3.8
    endloop
  endfacet
  facet normal 0 0 1
    outer loop
      vertex 21.25 157.875 3.8
      vertex 18.25 157.875 3.8
      vertex 21.25 150.25 3.8
    endloop
  endfacet
  facet normal 0 0 1
    outer loop
      vertex 18.25 150.25 3.8
      vertex 21.25 150.25 3.8
      vertex 18.25 157.875 3.8
    endloop
  endfacet
  facet normal 0 0 1
    outer loop
      vertex 18.25 147.25 3.8
      vertex 21.25 147.25 3.8
      vertex 18.25 150.25 3.8
    endloop
  endfacet
  facet normal 0 0 1
    outer loop
      vertex 21.25 147.25 3.8
      vertex 18.25 147.25 3.8
      vertex 21.25 139.625 3.8
    endloop
  endfacet
  facet normal 0 0 1
    outer loop
      vertex 18.25 160.875 3.8
      vertex 21.25 168.5 3.8
      vertex 18.25 168.5 3.8
    endloop
  endfacet
  facet normal 0 0 1
    outer loop
      vertex 33.5 168.5 3.8
      vertex 2 174.335 3.8
      vertex 21.25 168.5 3.8
    endloop
  endfacet
  facet normal 0 0 1
    outer loop
      vertex 21.25 168.5 3.8
      vertex 2 174.335 3.8
      vertex 18.25 168.5 3.8
    endloop
  endfacet
  facet normal 0 0 1
    outer loop
      vertex 2 174.335 3.8
      vertex 6 160.875 3.8
      vertex 6 168.5 3.8
    endloop
  endfacet
  facet normal 0 0 1
    outer loop
      vertex 6 160.875 3.8
      vertex 2 174.335 3.8
      vertex 6 157.875 3.8
    endloop
  endfacet
  facet normal 0 0 1
    outer loop
      vertex 6 157.875 3.8
      vertex 2 174.335 3.8
      vertex 6 150.25 3.8
    endloop
  endfacet
  facet normal 0 0 1
    outer loop
      vertex 6 150.25 3.8
      vertex 2 174.335 3.8
      vertex 6 147.25 3.8
    endloop
  endfacet
  facet normal 0 0 1
    outer loop
      vertex 2 124 3.8
      vertex 6 147.25 3.8
      vertex 2 174.335 3.8
    endloop
  endfacet
  facet normal 0 0 1
    outer loop
      vertex 6 147.25 3.8
      vertex 2 124 3.8
      vertex 6 139.625 3.8
    endloop
  endfacet
  facet normal 0 0 1
    outer loop
      vertex 6 139.625 3.8
      vertex 2 124 3.8
      vertex 6 136.625 3.8
    endloop
  endfacet
  facet normal 0 0 1
    outer loop
      vertex 18.25 168.5 3.8
      vertex 2 174.335 3.8
      vertex 6 168.5 3.8
    endloop
  endfacet
  facet normal 0 0 1
    outer loop
      vertex 64 157.875 3.8
      vertex 71 174.335 3.8
      vertex 64 160.875 3.8
    endloop
  endfacet
  facet normal 0 0 1
    outer loop
      vertex 64 150.25 3.8
      vertex 71 174.335 3.8
      vertex 64 157.875 3.8
    endloop
  endfacet
  facet normal 0 0 1
    outer loop
      vertex 71 174.335 3.8
      vertex 64 150.25 3.8
      vertex 71 124 3.8
    endloop
  endfacet
  facet normal -0 0 1
    outer loop
      vertex 64 147.25 3.8
      vertex 71 124 3.8
      vertex 64 150.25 3.8
    endloop
  endfacet
  facet normal -0 0 1
    outer loop
      vertex 64 139.625 3.8
      vertex 71 124 3.8
      vertex 64 147.25 3.8
    endloop
  endfacet
  facet normal -0 0 1
    outer loop
      vertex 64 136.625 3.8
      vertex 71 124 3.8
      vertex 64 139.625 3.8
    endloop
  endfacet
  facet normal -0 0 1
    outer loop
      vertex 64 129 3.8
      vertex 71 124 3.8
      vertex 64 136.625 3.8
    endloop
  endfacet
  facet normal -0 0 1
    outer loop
      vertex 51.75 129 3.8
      vertex 71 124 3.8
      vertex 64 129 3.8
    endloop
  endfacet
  facet normal 0 0 1
    outer loop
      vertex 51.75 157.875 3.8
      vertex 48.75 160.875 3.8
      vertex 48.75 157.875 3.8
    endloop
  endfacet
  facet normal 0 0 1
    outer loop
      vertex 51.75 150.25 3.8
      vertex 48.75 150.25 3.8
      vertex 51.75 147.25 3.8
    endloop
  endfacet
  facet normal 0 0 1
    outer loop
      vertex 48.75 139.625 3.8
      vertex 51.75 139.625 3.8
      vertex 48.75 147.25 3.8
    endloop
  endfacet
  facet normal 0 0 1
    outer loop
      vertex 51.75 139.625 3.8
      vertex 48.75 139.625 3.8
      vertex 51.75 136.625 3.8
    endloop
  endfacet
  facet normal 0 0 1
    outer loop
      vertex 48.75 136.625 3.8
      vertex 51.75 136.625 3.8
      vertex 48.75 139.625 3.8
    endloop
  endfacet
  facet normal 0 0 1
    outer loop
      vertex 51.75 136.625 3.8
      vertex 48.75 136.625 3.8
      vertex 51.75 129 3.8
    endloop
  endfacet
  facet normal 0 0 1
    outer loop
      vertex 48.75 129 3.8
      vertex 51.75 129 3.8
      vertex 48.75 136.625 3.8
    endloop
  endfacet
  facet normal -0 0 1
    outer loop
      vertex 48.75 129 3.8
      vertex 71 124 3.8
      vertex 51.75 129 3.8
    endloop
  endfacet
  facet normal -0 0 1
    outer loop
      vertex 36.5 129 3.8
      vertex 71 124 3.8
      vertex 48.75 129 3.8
    endloop
  endfacet
  facet normal 0 0 1
    outer loop
      vertex 36.5 157.875 3.8
      vertex 33.5 160.875 3.8
      vertex 33.5 157.875 3.8
    endloop
  endfacet
  facet normal 0 0 1
    outer loop
      vertex 36.5 150.25 3.8
      vertex 33.5 150.25 3.8
      vertex 36.5 147.25 3.8
    endloop
  endfacet
  facet normal 0 0 1
    outer loop
      vertex 33.5 139.625 3.8
      vertex 36.5 139.625 3.8
      vertex 33.5 147.25 3.8
    endloop
  endfacet
  facet normal 0 0 1
    outer loop
      vertex 36.5 139.625 3.8
      vertex 33.5 139.625 3.8
      vertex 36.5 136.625 3.8
    endloop
  endfacet
  facet normal 0 0 1
    outer loop
      vertex 33.5 136.625 3.8
      vertex 36.5 136.625 3.8
      vertex 33.5 139.625 3.8
    endloop
  endfacet
  facet normal 0 0 1
    outer loop
      vertex 36.5 136.625 3.8
      vertex 33.5 136.625 3.8
      vertex 36.5 129 3.8
    endloop
  endfacet
  facet normal 0 0 1
    outer loop
      vertex 33.5 129 3.8
      vertex 36.5 129 3.8
      vertex 33.5 136.625 3.8
    endloop
  endfacet
  facet normal 0 0 1
    outer loop
      vertex 2 124 3.8
      vertex 36.5 129 3.8
      vertex 33.5 129 3.8
    endloop
  endfacet
  facet normal 0 0 1
    outer loop
      vertex 2 124 3.8
      vertex 33.5 129 3.8
      vertex 21.25 129 3.8
    endloop
  endfacet
  facet normal 0 0 1
    outer loop
      vertex 21.25 157.875 3.8
      vertex 18.25 160.875 3.8
      vertex 18.25 157.875 3.8
    endloop
  endfacet
  facet normal 0 0 1
    outer loop
      vertex 21.25 150.25 3.8
      vertex 18.25 150.25 3.8
      vertex 21.25 147.25 3.8
    endloop
  endfacet
  facet normal 0 0 1
    outer loop
      vertex 18.25 139.625 3.8
      vertex 21.25 139.625 3.8
      vertex 18.25 147.25 3.8
    endloop
  endfacet
  facet normal 0 0 1
    outer loop
      vertex 21.25 139.625 3.8
      vertex 18.25 139.625 3.8
      vertex 21.25 136.625 3.8
    endloop
  endfacet
  facet normal 0 0 1
    outer loop
      vertex 18.25 136.625 3.8
      vertex 21.25 136.625 3.8
      vertex 18.25 139.625 3.8
    endloop
  endfacet
  facet normal 0 0 1
    outer loop
      vertex 21.25 136.625 3.8
      vertex 18.25 136.625 3.8
      vertex 21.25 129 3.8
    endloop
  endfacet
  facet normal 0 0 1
    outer loop
      vertex 18.25 129 3.8
      vertex 21.25 129 3.8
      vertex 18.25 136.625 3.8
    endloop
  endfacet
  facet normal 0 0 1
    outer loop
      vertex 2 124 3.8
      vertex 21.25 129 3.8
      vertex 18.25 129 3.8
    endloop
  endfacet
  facet normal 0 0 1
    outer loop
      vertex 2 124 3.8
      vertex 18.25 129 3.8
      vertex 6 129 3.8
    endloop
  endfacet
  facet normal 0 0 1
    outer loop
      vertex 36.5 129 3.8
      vertex 2 124 3.8
      vertex 71 124 3.8
    endloop
  endfacet
  facet normal 0 0 1
    outer loop
      vertex 6 136.625 3.8
      vertex 2 124 3.8
      vertex 6 129 3.8
    endloop
  endfacet
  facet normal 1 -0 0
    outer loop
      vertex 6 129 3.8
      vertex 6 136.625 3.1
      vertex 6 136.625 3.8
    endloop
  endfacet
  facet normal 1 0 0
    outer loop
      vertex 6 136.625 3.1
      vertex 6 129 3.8
      vertex 6 129 3.1
    endloop
  endfacet
  facet normal 0 -1 0
    outer loop
      vertex 6 136.625 3.1
      vertex 18.25 136.625 3.8
      vertex 6 136.625 3.8
    endloop
  endfacet
  facet normal 0 -1 -0
    outer loop
      vertex 18.25 136.625 3.8
      vertex 6 136.625 3.1
      vertex 18.25 136.625 3.1
    endloop
  endfacet
  facet normal -1 0 0
    outer loop
      vertex 18.25 129 3.1
      vertex 18.25 136.625 3.8
      vertex 18.25 136.625 3.1
    endloop
  endfacet
  facet normal -1 -0 0
    outer loop
      vertex 18.25 136.625 3.8
      vertex 18.25 129 3.1
      vertex 18.25 129 3.8
    endloop
  endfacet
  facet normal 0 1 -0
    outer loop
      vertex 18.25 129 3.1
      vertex 6 129 3.8
      vertex 18.25 129 3.8
    endloop
  endfacet
  facet normal 0 1 0
    outer loop
      vertex 6 129 3.8
      vertex 18.25 129 3.1
      vertex 6 129 3.1
    endloop
  endfacet
  facet normal -0 0 1
    outer loop
      vertex 6 136.625 3.1
      vertex 18.25 129 3.1
      vertex 18.25 136.625 3.1
    endloop
  endfacet
  facet normal 0 0 1
    outer loop
      vertex 18.25 129 3.1
      vertex 6 136.625 3.1
      vertex 6 129 3.1
    endloop
  endfacet
  facet normal 1 -0 0
    outer loop
      vertex 6 139.625 3.8
      vertex 6 147.25 3.1
      vertex 6 147.25 3.8
    endloop
  endfacet
  facet normal 1 0 0
    outer loop
      vertex 6 147.25 3.1
      vertex 6 139.625 3.8
      vertex 6 139.625 3.1
    endloop
  endfacet
  facet normal 0 -1 0
    outer loop
      vertex 6 147.25 3.1
      vertex 18.25 147.25 3.8
      vertex 6 147.25 3.8
    endloop
  endfacet
  facet normal 0 -1 -0
    outer loop
      vertex 18.25 147.25 3.8
      vertex 6 147.25 3.1
      vertex 18.25 147.25 3.1
    endloop
  endfacet
  facet normal -1 0 0
    outer loop
      vertex 18.25 139.625 3.1
      vertex 18.25 147.25 3.8
      vertex 18.25 147.25 3.1
    endloop
  endfacet
  facet normal -1 -0 0
    outer loop
      vertex 18.25 147.25 3.8
      vertex 18.25 139.625 3.1
      vertex 18.25 139.625 3.8
    endloop
  endfacet
  facet normal -0 0 1
    outer loop
      vertex 6 147.25 3.1
      vertex 18.25 139.625 3.1
      vertex 18.25 147.25 3.1
    endloop
  endfacet
  facet normal 0 0 1
    outer loop
      vertex 18.25 139.625 3.1
      vertex 6 147.25 3.1
      vertex 6 139.625 3.1
    endloop
  endfacet
  facet normal 0 1 -0
    outer loop
      vertex 18.25 139.625 3.1
      vertex 6 139.625 3.8
      vertex 18.25 139.625 3.8
    endloop
  endfacet
  facet normal 0 1 0
    outer loop
      vertex 6 139.625 3.8
      vertex 18.25 139.625 3.1
      vertex 6 139.625 3.1
    endloop
  endfacet
  facet normal 1 -0 0
    outer loop
      vertex 6 150.25 3.8
      vertex 6 157.875 3.1
      vertex 6 157.875 3.8
    endloop
  endfacet
  facet normal 1 0 0
    outer loop
      vertex 6 157.875 3.1
      vertex 6 150.25 3.8
      vertex 6 150.25 3.1
    endloop
  endfacet
  facet normal 0 -1 0
    outer loop
      vertex 6 157.875 3.1
      vertex 18.25 157.875 3.8
      vertex 6 157.875 3.8
    endloop
  endfacet
  facet normal 0 -1 -0
    outer loop
      vertex 18.25 157.875 3.8
      vertex 6 157.875 3.1
      vertex 18.25 157.875 3.1
    endloop
  endfacet
  facet normal -1 0 0
    outer loop
      vertex 18.25 150.25 3.1
      vertex 18.25 157.875 3.8
      vertex 18.25 157.875 3.1
    endloop
  endfacet
  facet normal -1 -0 0
    outer loop
      vertex 18.25 157.875 3.8
      vertex 18.25 150.25 3.1
      vertex 18.25 150.25 3.8
    endloop
  endfacet
  facet normal -0 0 1
    outer loop
      vertex 6 157.875 3.1
      vertex 18.25 150.25 3.1
      vertex 18.25 157.875 3.1
    endloop
  endfacet
  facet normal 0 0 1
    outer loop
      vertex 18.25 150.25 3.1
      vertex 6 157.875 3.1
      vertex 6 150.25 3.1
    endloop
  endfacet
  facet normal 0 1 -0
    outer loop
      vertex 18.25 150.25 3.1
      vertex 6 150.25 3.8
      vertex 18.25 150.25 3.8
    endloop
  endfacet
  facet normal 0 1 0
    outer loop
      vertex 6 150.25 3.8
      vertex 18.25 150.25 3.1
      vertex 6 150.25 3.1
    endloop
  endfacet
  facet normal 1 -0 0
    outer loop
      vertex 6 160.875 3.8
      vertex 6 168.5 3.1
      vertex 6 168.5 3.8
    endloop
  endfacet
  facet normal 1 0 0
    outer loop
      vertex 6 168.5 3.1
      vertex 6 160.875 3.8
      vertex 6 160.875 3.1
    endloop
  endfacet
  facet normal 0 -1 0
    outer loop
      vertex 6 168.5 3.1
      vertex 18.25 168.5 3.8
      vertex 6 168.5 3.8
    endloop
  endfacet
  facet normal 0 -1 -0
    outer loop
      vertex 18.25 168.5 3.8
      vertex 6 168.5 3.1
      vertex 18.25 168.5 3.1
    endloop
  endfacet
  facet normal -1 0 0
    outer loop
      vertex 18.25 160.875 3.1
      vertex 18.25 168.5 3.8
      vertex 18.25 168.5 3.1
    endloop
  endfacet
  facet normal -1 -0 0
    outer loop
      vertex 18.25 168.5 3.8
      vertex 18.25 160.875 3.1
      vertex 18.25 160.875 3.8
    endloop
  endfacet
  facet normal -0 0 1
    outer loop
      vertex 6 168.5 3.1
      vertex 18.25 160.875 3.1
      vertex 18.25 168.5 3.1
    endloop
  endfacet
  facet normal 0 0 1
    outer loop
      vertex 18.25 160.875 3.1
      vertex 6 168.5 3.1
      vertex 6 160.875 3.1
    endloop
  endfacet
  facet normal 0 1 -0
    outer loop
      vertex 18.25 160.875 3.1
      vertex 6 160.875 3.8
      vertex 18.25 160.875 3.8
    endloop
  endfacet
  facet normal 0 1 0
    outer loop
      vertex 6 160.875 3.8
      vertex 18.25 160.875 3.1
      vertex 6 160.875 3.1
    endloop
  endfacet
  facet normal 1 -0 0
    outer loop
      vertex 21.25 129 3.8
      vertex 21.25 136.625 3.1
      vertex 21.25 136.625 3.8
    endloop
  endfacet
  facet normal 1 0 0
    outer loop
      vertex 21.25 136.625 3.1
      vertex 21.25 129 3.8
      vertex 21.25 129 3.1
    endloop
  endfacet
  facet normal 0 -1 0
    outer loop
      vertex 21.25 136.625 3.1
      vertex 33.5 136.625 3.8
      vertex 21.25 136.625 3.8
    endloop
  endfacet
  facet normal 0 -1 -0
    outer loop
      vertex 33.5 136.625 3.8
      vertex 21.25 136.625 3.1
      vertex 33.5 136.625 3.1
    endloop
  endfacet
  facet normal -1 0 0
    outer loop
      vertex 33.5 129 3.1
      vertex 33.5 136.625 3.8
      vertex 33.5 136.625 3.1
    endloop
  endfacet
  facet normal -1 -0 0
    outer loop
      vertex 33.5 136.625 3.8
      vertex 33.5 129 3.1
      vertex 33.5 129 3.8
    endloop
  endfacet
  facet normal -0 0 1
    outer loop
      vertex 21.25 136.625 3.1
      vertex 33.5 129 3.1
      vertex 33.5 136.625 3.1
    endloop
  endfacet
  facet normal 0 0 1
    outer loop
      vertex 33.5 129 3.1
      vertex 21.25 136.625 3.1
      vertex 21.25 129 3.1
    endloop
  endfacet
  facet normal 0 1 -0
    outer loop
      vertex 33.5 129 3.1
      vertex 21.25 129 3.8
      vertex 33.5 129 3.8
    endloop
  endfacet
  facet normal 0 1 0
    outer loop
      vertex 21.25 129 3.8
      vertex 33.5 129 3.1
      vertex 21.25 129 3.1
    endloop
  endfacet
  facet normal 1 -0 0
    outer loop
      vertex 21.25 139.625 3.8
      vertex 21.25 147.25 3.1
      vertex 21.25 147.25 3.8
    endloop
  endfacet
  facet normal 1 0 0
    outer loop
      vertex 21.25 147.25 3.1
      vertex 21.25 139.625 3.8
      vertex 21.25 139.625 3.1
    endloop
  endfacet
  facet normal 0 -1 0
    outer loop
      vertex 21.25 147.25 3.1
      vertex 33.5 147.25 3.8
      vertex 21.25 147.25 3.8
    endloop
  endfacet
  facet normal 0 -1 -0
    outer loop
      vertex 33.5 147.25 3.8
      vertex 21.25 147.25 3.1
      vertex 33.5 147.25 3.1
    endloop
  endfacet
  facet normal -1 0 0
    outer loop
      vertex 33.5 139.625 3.1
      vertex 33.5 147.25 3.8
      vertex 33.5 147.25 3.1
    endloop
  endfacet
  facet normal -1 -0 0
    outer loop
      vertex 33.5 147.25 3.8
      vertex 33.5 139.625 3.1
      vertex 33.5 139.625 3.8
    endloop
  endfacet
  facet normal -0 0 1
    outer loop
      vertex 21.25 147.25 3.1
      vertex 33.5 139.625 3.1
      vertex 33.5 147.25 3.1
    endloop
  endfacet
  facet normal 0 0 1
    outer loop
      vertex 33.5 139.625 3.1
      vertex 21.25 147.25 3.1
      vertex 21.25 139.625 3.1
    endloop
  endfacet
  facet normal 0 1 -0
    outer loop
      vertex 33.5 139.625 3.1
      vertex 21.25 139.625 3.8
      vertex 33.5 139.625 3.8
    endloop
  endfacet
  facet normal 0 1 0
    outer loop
      vertex 21.25 139.625 3.8
      vertex 33.5 139.625 3.1
      vertex 21.25 139.625 3.1
    endloop
  endfacet
  facet normal 1 -0 0
    outer loop
      vertex 21.25 150.25 3.8
      vertex 21.25 157.875 3.1
      vertex 21.25 157.875 3.8
    endloop
  endfacet
  facet normal 1 0 0
    outer loop
      vertex 21.25 157.875 3.1
      vertex 21.25 150.25 3.8
      vertex 21.25 150.25 3.1
    endloop
  endfacet
  facet normal 0 -1 0
    outer loop
      vertex 21.25 157.875 3.1
      vertex 33.5 157.875 3.8
      vertex 21.25 157.875 3.8
    endloop
  endfacet
  facet normal 0 -1 -0
    outer loop
      vertex 33.5 157.875 3.8
      vertex 21.25 157.875 3.1
      vertex 33.5 157.875 3.1
    endloop
  endfacet
  facet normal -1 0 0
    outer loop
      vertex 33.5 150.25 3.1
      vertex 33.5 157.875 3.8
      vertex 33.5 157.875 3.1
    endloop
  endfacet
  facet normal -1 -0 0
    outer loop
      vertex 33.5 157.875 3.8
      vertex 33.5 150.25 3.1
      vertex 33.5 150.25 3.8
    endloop
  endfacet
  facet normal 0 1 -0
    outer loop
      vertex 33.5 150.25 3.1
      vertex 21.25 150.25 3.8
      vertex 33.5 150.25 3.8
    endloop
  endfacet
  facet normal 0 1 0
    outer loop
      vertex 21.25 150.25 3.8
      vertex 33.5 150.25 3.1
      vertex 21.25 150.25 3.1
    endloop
  endfacet
  facet normal -0 0 1
    outer loop
      vertex 21.25 157.875 3.1
      vertex 33.5 150.25 3.1
      vertex 33.5 157.875 3.1
    endloop
  endfacet
  facet normal 0 0 1
    outer loop
      vertex 33.5 150.25 3.1
      vertex 21.25 157.875 3.1
      vertex 21.25 150.25 3.1
    endloop
  endfacet
  facet normal 1 -0 0
    outer loop
      vertex 21.25 160.875 3.8
      vertex 21.25 168.5 3.1
      vertex 21.25 168.5 3.8
    endloop
  endfacet
  facet normal 1 0 0
    outer loop
      vertex 21.25 168.5 3.1
      vertex 21.25 160.875 3.8
      vertex 21.25 160.875 3.1
    endloop
  endfacet
  facet normal 0 -1 0
    outer loop
      vertex 21.25 168.5 3.1
      vertex 33.5 168.5 3.8
      vertex 21.25 168.5 3.8
    endloop
  endfacet
  facet normal 0 -1 -0
    outer loop
      vertex 33.5 168.5 3.8
      vertex 21.25 168.5 3.1
      vertex 33.5 168.5 3.1
    endloop
  endfacet
  facet normal -1 0 0
    outer loop
      vertex 33.5 160.875 3.1
      vertex 33.5 168.5 3.8
      vertex 33.5 168.5 3.1
    endloop
  endfacet
  facet normal -1 -0 0
    outer loop
      vertex 33.5 168.5 3.8
      vertex 33.5 160.875 3.1
      vertex 33.5 160.875 3.8
    endloop
  endfacet
  facet normal 0 1 -0
    outer loop
      vertex 33.5 160.875 3.1
      vertex 21.25 160.875 3.8
      vertex 33.5 160.875 3.8
    endloop
  endfacet
  facet normal 0 1 0
    outer loop
      vertex 21.25 160.875 3.8
      vertex 33.5 160.875 3.1
      vertex 21.25 160.875 3.1
    endloop
  endfacet
  facet normal -0 0 1
    outer loop
      vertex 21.25 168.5 3.1
      vertex 33.5 160.875 3.1
      vertex 33.5 168.5 3.1
    endloop
  endfacet
  facet normal 0 0 1
    outer loop
      vertex 33.5 160.875 3.1
      vertex 21.25 168.5 3.1
      vertex 21.25 160.875 3.1
    endloop
  endfacet
  facet normal 1 -0 0
    outer loop
      vertex 36.5 129 3.8
      vertex 36.5 136.625 3.1
      vertex 36.5 136.625 3.8
    endloop
  endfacet
  facet normal 1 0 0
    outer loop
      vertex 36.5 136.625 3.1
      vertex 36.5 129 3.8
      vertex 36.5 129 3.1
    endloop
  endfacet
  facet normal 0 -1 0
    outer loop
      vertex 36.5 136.625 3.1
      vertex 48.75 136.625 3.8
      vertex 36.5 136.625 3.8
    endloop
  endfacet
  facet normal 0 -1 -0
    outer loop
      vertex 48.75 136.625 3.8
      vertex 36.5 136.625 3.1
      vertex 48.75 136.625 3.1
    endloop
  endfacet
  facet normal -1 0 0
    outer loop
      vertex 48.75 129 3.1
      vertex 48.75 136.625 3.8
      vertex 48.75 136.625 3.1
    endloop
  endfacet
  facet normal -1 -0 0
    outer loop
      vertex 48.75 136.625 3.8
      vertex 48.75 129 3.1
      vertex 48.75 129 3.8
    endloop
  endfacet
  facet normal -0 0 1
    outer loop
      vertex 36.5 136.625 3.1
      vertex 48.75 129 3.1
      vertex 48.75 136.625 3.1
    endloop
  endfacet
  facet normal 0 0 1
    outer loop
      vertex 48.75 129 3.1
      vertex 36.5 136.625 3.1
      vertex 36.5 129 3.1
    endloop
  endfacet
  facet normal 0 1 -0
    outer loop
      vertex 48.75 129 3.1
      vertex 36.5 129 3.8
      vertex 48.75 129 3.8
    endloop
  endfacet
  facet normal 0 1 0
    outer loop
      vertex 36.5 129 3.8
      vertex 48.75 129 3.1
      vertex 36.5 129 3.1
    endloop
  endfacet
  facet normal 1 -0 0
    outer loop
      vertex 36.5 139.625 3.8
      vertex 36.5 147.25 3.1
      vertex 36.5 147.25 3.8
    endloop
  endfacet
  facet normal 1 0 0
    outer loop
      vertex 36.5 147.25 3.1
      vertex 36.5 139.625 3.8
      vertex 36.5 139.625 3.1
    endloop
  endfacet
  facet normal 0 -1 0
    outer loop
      vertex 36.5 147.25 3.1
      vertex 48.75 147.25 3.8
      vertex 36.5 147.25 3.8
    endloop
  endfacet
  facet normal 0 -1 -0
    outer loop
      vertex 48.75 147.25 3.8
      vertex 36.5 147.25 3.1
      vertex 48.75 147.25 3.1
    endloop
  endfacet
  facet normal -1 0 0
    outer loop
      vertex 48.75 139.625 3.1
      vertex 48.75 147.25 3.8
      vertex 48.75 147.25 3.1
    endloop
  endfacet
  facet normal -1 -0 0
    outer loop
      vertex 48.75 147.25 3.8
      vertex 48.75 139.625 3.1
      vertex 48.75 139.625 3.8
    endloop
  endfacet
  facet normal -0 0 1
    outer loop
      vertex 36.5 147.25 3.1
      vertex 48.75 139.625 3.1
      vertex 48.75 147.25 3.1
    endloop
  endfacet
  facet normal 0 0 1
    outer loop
      vertex 48.75 139.625 3.1
      vertex 36.5 147.25 3.1
      vertex 36.5 139.625 3.1
    endloop
  endfacet
  facet normal 0 1 -0
    outer loop
      vertex 48.75 139.625 3.1
      vertex 36.5 139.625 3.8
      vertex 48.75 139.625 3.8
    endloop
  endfacet
  facet normal 0 1 0
    outer loop
      vertex 36.5 139.625 3.8
      vertex 48.75 139.625 3.1
      vertex 36.5 139.625 3.1
    endloop
  endfacet
  facet normal 1 -0 0
    outer loop
      vertex 36.5 150.25 3.8
      vertex 36.5 157.875 3.1
      vertex 36.5 157.875 3.8
    endloop
  endfacet
  facet normal 1 0 0
    outer loop
      vertex 36.5 157.875 3.1
      vertex 36.5 150.25 3.8
      vertex 36.5 150.25 3.1
    endloop
  endfacet
  facet normal 0 -1 0
    outer loop
      vertex 36.5 157.875 3.1
      vertex 48.75 157.875 3.8
      vertex 36.5 157.875 3.8
    endloop
  endfacet
  facet normal 0 -1 -0
    outer loop
      vertex 48.75 157.875 3.8
      vertex 36.5 157.875 3.1
      vertex 48.75 157.875 3.1
    endloop
  endfacet
  facet normal -1 0 0
    outer loop
      vertex 48.75 150.25 3.1
      vertex 48.75 157.875 3.8
      vertex 48.75 157.875 3.1
    endloop
  endfacet
  facet normal -1 -0 0
    outer loop
      vertex 48.75 157.875 3.8
      vertex 48.75 150.25 3.1
      vertex 48.75 150.25 3.8
    endloop
  endfacet
  facet normal -0 0 1
    outer loop
      vertex 36.5 157.875 3.1
      vertex 48.75 150.25 3.1
      vertex 48.75 157.875 3.1
    endloop
  endfacet
  facet normal 0 0 1
    outer loop
      vertex 48.75 150.25 3.1
      vertex 36.5 157.875 3.1
      vertex 36.5 150.25 3.1
    endloop
  endfacet
  facet normal 0 1 -0
    outer loop
      vertex 48.75 150.25 3.1
      vertex 36.5 150.25 3.8
      vertex 48.75 150.25 3.8
    endloop
  endfacet
  facet normal 0 1 0
    outer loop
      vertex 36.5 150.25 3.8
      vertex 48.75 150.25 3.1
      vertex 36.5 150.25 3.1
    endloop
  endfacet
  facet normal 1 -0 0
    outer loop
      vertex 36.5 160.875 3.8
      vertex 36.5 168.5 3.1
      vertex 36.5 168.5 3.8
    endloop
  endfacet
  facet normal 1 0 0
    outer loop
      vertex 36.5 168.5 3.1
      vertex 36.5 160.875 3.8
      vertex 36.5 160.875 3.1
    endloop
  endfacet
  facet normal 0 -1 0
    outer loop
      vertex 36.5 168.5 3.1
      vertex 48.75 168.5 3.8
      vertex 36.5 168.5 3.8
    endloop
  endfacet
  facet normal 0 -1 -0
    outer loop
      vertex 48.75 168.5 3.8
      vertex 36.5 168.5 3.1
      vertex 48.75 168.5 3.1
    endloop
  endfacet
  facet normal -1 0 0
    outer loop
      vertex 48.75 160.875 3.1
      vertex 48.75 168.5 3.8
      vertex 48.75 168.5 3.1
    endloop
  endfacet
  facet normal -1 -0 0
    outer loop
      vertex 48.75 168.5 3.8
      vertex 48.75 160.875 3.1
      vertex 48.75 160.875 3.8
    endloop
  endfacet
  facet normal -0 0 1
    outer loop
      vertex 36.5 168.5 3.1
      vertex 48.75 160.875 3.1
      vertex 48.75 168.5 3.1
    endloop
  endfacet
  facet normal 0 0 1
    outer loop
      vertex 48.75 160.875 3.1
      vertex 36.5 168.5 3.1
      vertex 36.5 160.875 3.1
    endloop
  endfacet
  facet normal 0 1 -0
    outer loop
      vertex 48.75 160.875 3.1
      vertex 36.5 160.875 3.8
      vertex 48.75 160.875 3.8
    endloop
  endfacet
  facet normal 0 1 0
    outer loop
      vertex 36.5 160.875 3.8
      vertex 48.75 160.875 3.1
      vertex 36.5 160.875 3.1
    endloop
  endfacet
  facet normal 1 -0 0
    outer loop
      vertex 51.75 129 3.8
      vertex 51.75 136.625 3.1
      vertex 51.75 136.625 3.8
    endloop
  endfacet
  facet normal 1 0 0
    outer loop
      vertex 51.75 136.625 3.1
      vertex 51.75 129 3.8
      vertex 51.75 129 3.1
    endloop
  endfacet
  facet normal 0 -1 0
    outer loop
      vertex 51.75 136.625 3.1
      vertex 64 136.625 3.8
      vertex 51.75 136.625 3.8
    endloop
  endfacet
  facet normal 0 -1 -0
    outer loop
      vertex 64 136.625 3.8
      vertex 51.75 136.625 3.1
      vertex 64 136.625 3.1
    endloop
  endfacet
  facet normal -1 0 0
    outer loop
      vertex 64 129 3.1
      vertex 64 136.625 3.8
      vertex 64 136.625 3.1
    endloop
  endfacet
  facet normal -1 -0 0
    outer loop
      vertex 64 136.625 3.8
      vertex 64 129 3.1
      vertex 64 129 3.8
    endloop
  endfacet
  facet normal 0 1 -0
    outer loop
      vertex 64 129 3.1
      vertex 51.75 129 3.8
      vertex 64 129 3.8
    endloop
  endfacet
  facet normal 0 1 0
    outer loop
      vertex 51.75 129 3.8
      vertex 64 129 3.1
      vertex 51.75 129 3.1
    endloop
  endfacet
  facet normal -0 0 1
    outer loop
      vertex 51.75 136.625 3.1
      vertex 64 129 3.1
      vertex 64 136.625 3.1
    endloop
  endfacet
  facet normal 0 0 1
    outer loop
      vertex 64 129 3.1
      vertex 51.75 136.625 3.1
      vertex 51.75 129 3.1
    endloop
  endfacet
  facet normal 1 -0 0
    outer loop
      vertex 51.75 139.625 3.8
      vertex 51.75 147.25 3.1
      vertex 51.75 147.25 3.8
    endloop
  endfacet
  facet normal 1 0 0
    outer loop
      vertex 51.75 147.25 3.1
      vertex 51.75 139.625 3.8
      vertex 51.75 139.625 3.1
    endloop
  endfacet
  facet normal 0 -1 0
    outer loop
      vertex 51.75 147.25 3.1
      vertex 64 147.25 3.8
      vertex 51.75 147.25 3.8
    endloop
  endfacet
  facet normal 0 -1 -0
    outer loop
      vertex 64 147.25 3.8
      vertex 51.75 147.25 3.1
      vertex 64 147.25 3.1
    endloop
  endfacet
  facet normal -1 0 0
    outer loop
      vertex 64 139.625 3.1
      vertex 64 147.25 3.8
      vertex 64 147.25 3.1
    endloop
  endfacet
  facet normal -1 -0 0
    outer loop
      vertex 64 147.25 3.8
      vertex 64 139.625 3.1
      vertex 64 139.625 3.8
    endloop
  endfacet
  facet normal -0 0 1
    outer loop
      vertex 51.75 147.25 3.1
      vertex 64 139.625 3.1
      vertex 64 147.25 3.1
    endloop
  endfacet
  facet normal 0 0 1
    outer loop
      vertex 64 139.625 3.1
      vertex 51.75 147.25 3.1
      vertex 51.75 139.625 3.1
    endloop
  endfacet
  facet normal 0 1 -0
    outer loop
      vertex 64 139.625 3.1
      vertex 51.75 139.625 3.8
      vertex 64 139.625 3.8
    endloop
  endfacet
  facet normal 0 1 0
    outer loop
      vertex 51.75 139.625 3.8
      vertex 64 139.625 3.1
      vertex 51.75 139.625 3.1
    endloop
  endfacet
  facet normal 1 -0 0
    outer loop
      vertex 51.75 150.25 3.8
      vertex 51.75 157.875 3.1
      vertex 51.75 157.875 3.8
    endloop
  endfacet
  facet normal 1 0 0
    outer loop
      vertex 51.75 157.875 3.1
      vertex 51.75 150.25 3.8
      vertex 51.75 150.25 3.1
    endloop
  endfacet
  facet normal 0 -1 0
    outer loop
      vertex 51.75 157.875 3.1
      vertex 64 157.875 3.8
      vertex 51.75 157.875 3.8
    endloop
  endfacet
  facet normal 0 -1 -0
    outer loop
      vertex 64 157.875 3.8
      vertex 51.75 157.875 3.1
      vertex 64 157.875 3.1
    endloop
  endfacet
  facet normal -1 0 0
    outer loop
      vertex 64 150.25 3.1
      vertex 64 157.875 3.8
      vertex 64 157.875 3.1
    endloop
  endfacet
  facet normal -1 -0 0
    outer loop
      vertex 64 157.875 3.8
      vertex 64 150.25 3.1
      vertex 64 150.25 3.8
    endloop
  endfacet
  facet normal -0 0 1
    outer loop
      vertex 51.75 157.875 3.1
      vertex 64 150.25 3.1
      vertex 64 157.875 3.1
    endloop
  endfacet
  facet normal 0 0 1
    outer loop
      vertex 64 150.25 3.1
      vertex 51.75 157.875 3.1
      vertex 51.75 150.25 3.1
    endloop
  endfacet
  facet normal 0 1 -0
    outer loop
      vertex 64 150.25 3.1
      vertex 51.75 150.25 3.8
      vertex 64 150.25 3.8
    endloop
  endfacet
  facet normal 0 1 0
    outer loop
      vertex 51.75 150.25 3.8
      vertex 64 150.25 3.1
      vertex 51.75 150.25 3.1
    endloop
  endfacet
  facet normal 1 -0 0
    outer loop
      vertex 51.75 160.875 3.8
      vertex 51.75 168.5 3.1
      vertex 51.75 168.5 3.8
    endloop
  endfacet
  facet normal 1 0 0
    outer loop
      vertex 51.75 168.5 3.1
      vertex 51.75 160.875 3.8
      vertex 51.75 160.875 3.1
    endloop
  endfacet
  facet normal 0 -1 0
    outer loop
      vertex 51.75 168.5 3.1
      vertex 64 168.5 3.8
      vertex 51.75 168.5 3.8
    endloop
  endfacet
  facet normal 0 -1 -0
    outer loop
      vertex 64 168.5 3.8
      vertex 51.75 168.5 3.1
      vertex 64 168.5 3.1
    endloop
  endfacet
  facet normal -1 0 0
    outer loop
      vertex 64 160.875 3.1
      vertex 64 168.5 3.8
      vertex 64 168.5 3.1
    endloop
  endfacet
  facet normal -1 -0 0
    outer loop
      vertex 64 168.5 3.8
      vertex 64 160.875 3.1
      vertex 64 160.875 3.8
    endloop
  endfacet
  facet normal -0 0 1
    outer loop
      vertex 51.75 168.5 3.1
      vertex 64 160.875 3.1
      vertex 64 168.5 3.1
    endloop
  endfacet
  facet normal 0 0 1
    outer loop
      vertex 64 160.875 3.1
      vertex 51.75 168.5 3.1
      vertex 51.75 160.875 3.1
    endloop
  endfacet
  facet normal 0 1 -0
    outer loop
      vertex 64 160.875 3.1
      vertex 51.75 160.875 3.8
      vertex 64 160.875 3.8
    endloop
  endfacet
  facet normal 0 1 0
    outer loop
      vertex 51.75 160.875 3.8
      vertex 64 160.875 3.1
      vertex 51.75 160.875 3.1
    endloop
  endfacet
  facet normal 0 0.991511 0.130022
    outer loop
      vertex 71 175.703 2.33648
      vertex 2 175.675 2.55
      vertex 71 175.675 2.55
    endloop
  endfacet
  facet normal 0 0.991511 0.130022
    outer loop
      vertex 2 175.675 2.55
      vertex 71 175.703 2.33648
      vertex 2 175.703 2.33648
    endloop
  endfacet
  facet normal -0 0.38265 0.923893
    outer loop
      vertex 2 176.286 1.75311
      vertex 71 176.087 1.83553
      vertex 71 176.286 1.75311
    endloop
  endfacet
  facet normal 0 0.38265 0.923893
    outer loop
      vertex 71 176.087 1.83553
      vertex 2 176.286 1.75311
      vertex 2 176.087 1.83553
    endloop
  endfacet
  facet normal 0 -0.922926 0.384978
    outer loop
      vertex 2 177.214 2.1375
      vertex 71 177.297 2.33648
      vertex 2 177.297 2.33648
    endloop
  endfacet
  facet normal 0 -0.922926 0.384978
    outer loop
      vertex 71 177.297 2.33648
      vertex 2 177.214 2.1375
      vertex 71 177.214 2.1375
    endloop
  endfacet
  facet normal 0 -0.38265 -0.923893
    outer loop
      vertex 2 176.714 3.34689
      vertex 71 176.913 3.26447
      vertex 71 176.714 3.34689
    endloop
  endfacet
  facet normal -0 -0.38265 -0.923893
    outer loop
      vertex 71 176.913 3.26447
      vertex 2 176.714 3.34689
      vertex 2 176.913 3.26447
    endloop
  endfacet
  facet normal 0 0.922926 0.384978
    outer loop
      vertex 71 175.786 2.1375
      vertex 2 175.703 2.33648
      vertex 71 175.703 2.33648
    endloop
  endfacet
  facet normal 0 0.922926 0.384978
    outer loop
      vertex 2 175.703 2.33648
      vertex 71 175.786 2.1375
      vertex 2 175.786 2.1375
    endloop
  endfacet
  facet normal 0 -0.38265 0.923893
    outer loop
      vertex 2 176.913 1.83553
      vertex 71 176.714 1.75311
      vertex 71 176.913 1.83553
    endloop
  endfacet
  facet normal 0 -0.38265 0.923893
    outer loop
      vertex 71 176.714 1.75311
      vertex 2 176.913 1.83553
      vertex 2 176.714 1.75311
    endloop
  endfacet
  facet normal 0 -0.610708 0.791856
    outer loop
      vertex 2 177.083 1.96664
      vertex 71 176.913 1.83553
      vertex 71 177.083 1.96664
    endloop
  endfacet
  facet normal 0 -0.610708 0.791856
    outer loop
      vertex 71 176.913 1.83553
      vertex 2 177.083 1.96664
      vertex 2 176.913 1.83553
    endloop
  endfacet
  facet normal 0 0.610708 -0.791856
    outer loop
      vertex 2 175.917 3.13336
      vertex 71 176.087 3.26447
      vertex 71 175.917 3.13336
    endloop
  endfacet
  facet normal 0 0.610708 -0.791856
    outer loop
      vertex 71 176.087 3.26447
      vertex 2 175.917 3.13336
      vertex 2 176.087 3.26447
    endloop
  endfacet
  facet normal 0 -0.922926 -0.384978
    outer loop
      vertex 2 177.297 2.76352
      vertex 71 177.214 2.9625
      vertex 2 177.214 2.9625
    endloop
  endfacet
  facet normal 0 -0.922926 -0.384978
    outer loop
      vertex 71 177.214 2.9625
      vertex 2 177.297 2.76352
      vertex 71 177.297 2.76352
    endloop
  endfacet
  facet normal 0 -0.610708 -0.791856
    outer loop
      vertex 2 176.913 3.26447
      vertex 71 177.083 3.13336
      vertex 71 176.913 3.26447
    endloop
  endfacet
  facet normal -0 -0.610708 -0.791856
    outer loop
      vertex 71 177.083 3.13336
      vertex 2 176.913 3.26447
      vertex 2 177.083 3.13336
    endloop
  endfacet
  facet normal 0 -0.79359 -0.608453
    outer loop
      vertex 2 177.214 2.9625
      vertex 71 177.083 3.13336
      vertex 2 177.083 3.13336
    endloop
  endfacet
  facet normal 0 -0.79359 -0.608453
    outer loop
      vertex 71 177.083 3.13336
      vertex 2 177.214 2.9625
      vertex 71 177.214 2.9625
    endloop
  endfacet
  facet normal 0 0.79359 0.608453
    outer loop
      vertex 71 175.917 1.96664
      vertex 2 175.786 2.1375
      vertex 71 175.786 2.1375
    endloop
  endfacet
  facet normal 0 0.79359 0.608453
    outer loop
      vertex 2 175.786 2.1375
      vertex 71 175.917 1.96664
      vertex 2 175.917 1.96664
    endloop
  endfacet
  facet normal -0 0.610708 0.791856
    outer loop
      vertex 2 176.087 1.83553
      vertex 71 175.917 1.96664
      vertex 71 176.087 1.83553
    endloop
  endfacet
  facet normal 0 0.610708 0.791856
    outer loop
      vertex 71 175.917 1.96664
      vertex 2 176.087 1.83553
      vertex 2 175.917 1.96664
    endloop
  endfacet
  facet normal -0 0.130236 0.991483
    outer loop
      vertex 2 176.5 1.725
      vertex 71 176.286 1.75311
      vertex 71 176.5 1.725
    endloop
  endfacet
  facet normal 0 0.130236 0.991483
    outer loop
      vertex 71 176.286 1.75311
      vertex 2 176.5 1.725
      vertex 2 176.286 1.75311
    endloop
  endfacet
  facet normal 0 -0.991511 0.130022
    outer loop
      vertex 2 177.297 2.33648
      vertex 71 177.325 2.55
      vertex 2 177.325 2.55
    endloop
  endfacet
  facet normal 0 -0.991511 0.130022
    outer loop
      vertex 71 177.325 2.55
      vertex 2 177.297 2.33648
      vertex 71 177.297 2.33648
    endloop
  endfacet
  facet normal 0 -0.79359 0.608453
    outer loop
      vertex 2 177.083 1.96664
      vertex 71 177.214 2.1375
      vertex 2 177.214 2.1375
    endloop
  endfacet
  facet normal 0 -0.79359 0.608453
    outer loop
      vertex 71 177.214 2.1375
      vertex 2 177.083 1.96664
      vertex 71 177.083 1.96664
    endloop
  endfacet
  facet normal 0 -0.130236 0.991483
    outer loop
      vertex 2 176.714 1.75311
      vertex 71 176.5 1.725
      vertex 71 176.714 1.75311
    endloop
  endfacet
  facet normal 0 -0.130236 0.991483
    outer loop
      vertex 71 176.5 1.725
      vertex 2 176.714 1.75311
      vertex 2 176.5 1.725
    endloop
  endfacet
  facet normal 0 0.922926 -0.384978
    outer loop
      vertex 71 175.703 2.76352
      vertex 2 175.786 2.9625
      vertex 71 175.786 2.9625
    endloop
  endfacet
  facet normal 0 0.922926 -0.384978
    outer loop
      vertex 2 175.786 2.9625
      vertex 71 175.703 2.76352
      vertex 2 175.703 2.76352
    endloop
  endfacet
  facet normal 0 0.130236 -0.991483
    outer loop
      vertex 2 176.286 3.34689
      vertex 71 176.5 3.375
      vertex 71 176.286 3.34689
    endloop
  endfacet
  facet normal 0 0.130236 -0.991483
    outer loop
      vertex 71 176.5 3.375
      vertex 2 176.286 3.34689
      vertex 2 176.5 3.375
    endloop
  endfacet
  facet normal 0 0.79359 -0.608453
    outer loop
      vertex 71 175.786 2.9625
      vertex 2 175.917 3.13336
      vertex 71 175.917 3.13336
    endloop
  endfacet
  facet normal 0 0.79359 -0.608453
    outer loop
      vertex 2 175.917 3.13336
      vertex 71 175.786 2.9625
      vertex 2 175.786 2.9625
    endloop
  endfacet
  facet normal 0 0.38265 -0.923893
    outer loop
      vertex 2 176.087 3.26447
      vertex 71 176.286 3.34689
      vertex 71 176.087 3.26447
    endloop
  endfacet
  facet normal 0 0.38265 -0.923893
    outer loop
      vertex 71 176.286 3.34689
      vertex 2 176.087 3.26447
      vertex 2 176.286 3.34689
    endloop
  endfacet
  facet normal 0 -0.130236 -0.991483
    outer loop
      vertex 2 176.5 3.375
      vertex 71 176.714 3.34689
      vertex 71 176.5 3.375
    endloop
  endfacet
  facet normal -0 -0.130236 -0.991483
    outer loop
      vertex 71 176.714 3.34689
      vertex 2 176.5 3.375
      vertex 2 176.714 3.34689
    endloop
  endfacet
  facet normal 0 -0.991511 -0.130022
    outer loop
      vertex 2 177.325 2.55
      vertex 71 177.297 2.76352
      vertex 2 177.297 2.76352
    endloop
  endfacet
  facet normal 0 -0.991511 -0.130022
    outer loop
      vertex 71 177.297 2.76352
      vertex 2 177.325 2.55
      vertex 71 177.325 2.55
    endloop
  endfacet
  facet normal 0 0.991511 -0.130022
    outer loop
      vertex 71 175.675 2.55
      vertex 2 175.703 2.76352
      vertex 71 175.703 2.76352
    endloop
  endfacet
  facet normal 0 0.991511 -0.130022
    outer loop
      vertex 2 175.703 2.76352
      vertex 71 175.675 2.55
      vertex 2 175.675 2.55
    endloop
  endfacet
  facet normal -0.991457 0 -0.130435
    outer loop
      vertex 78.0681 124.4 0.732363
      vertex 78 181.6 1.25
      vertex 78.0681 181.6 0.732363
    endloop
  endfacet
  facet normal -0.991457 -0 -0.130435
    outer loop
      vertex 78 181.6 1.25
      vertex 78.0681 124.4 0.732363
      vertex 78 124.4 1.25
    endloop
  endfacet
  facet normal 0.608774 0 -0.793344
    outer loop
      vertex 81 124.4 -0.48205
      vertex 81.4142 181.6 -0.164213
      vertex 81.4142 124.4 -0.164213
    endloop
  endfacet
  facet normal 0.608774 0 -0.793344
    outer loop
      vertex 81.4142 181.6 -0.164213
      vertex 81 124.4 -0.48205
      vertex 81 181.6 -0.48205
    endloop
  endfacet
  facet normal 0.130539 0 0.991443
    outer loop
      vertex 80 181.6 3.25
      vertex 80.5176 124.4 3.18185
      vertex 80.5176 181.6 3.18185
    endloop
  endfacet
  facet normal 0.130539 0 0.991443
    outer loop
      vertex 80.5176 124.4 3.18185
      vertex 80 181.6 3.25
      vertex 80 124.4 3.25
    endloop
  endfacet
  facet normal -0.130539 0 0.991443
    outer loop
      vertex 79.4824 181.6 3.18185
      vertex 80 124.4 3.25
      vertex 80 181.6 3.25
    endloop
  endfacet
  facet normal -0.130539 0 0.991443
    outer loop
      vertex 80 124.4 3.25
      vertex 79.4824 181.6 3.18185
      vertex 79.4824 124.4 3.18185
    endloop
  endfacet
  facet normal 0.793365 0 -0.608746
    outer loop
      vertex 81.5402 124.4 0
      vertex 81.4142 181.6 -0.164213
      vertex 81.5402 181.6 0
    endloop
  endfacet
  facet normal 0.793365 0 -0.608746
    outer loop
      vertex 81.4142 181.6 -0.164213
      vertex 81.5402 124.4 0
      vertex 81.4142 124.4 -0.164213
    endloop
  endfacet
  facet normal 0.130537 0 -0.991443
    outer loop
      vertex 80 124.4 -0.75
      vertex 80.5176 181.6 -0.681851
      vertex 80.5176 124.4 -0.681851
    endloop
  endfacet
  facet normal 0.130537 0 -0.991443
    outer loop
      vertex 80.5176 181.6 -0.681851
      vertex 80 124.4 -0.75
      vertex 80 181.6 -0.75
    endloop
  endfacet
  facet normal -0.130537 0 -0.991443
    outer loop
      vertex 79.4824 124.4 -0.681851
      vertex 80 181.6 -0.75
      vertex 80 124.4 -0.75
    endloop
  endfacet
  facet normal -0.130537 0 -0.991443
    outer loop
      vertex 80 181.6 -0.75
      vertex 79.4824 124.4 -0.681851
      vertex 79.4824 181.6 -0.681851
    endloop
  endfacet
  facet normal -0.923813 0 -0.382845
    outer loop
      vertex 78.268 124.4 0.25
      vertex 78.0681 181.6 0.732363
      vertex 78.268 181.6 0.25
    endloop
  endfacet
  facet normal -0.923813 -0 -0.382845
    outer loop
      vertex 78.0681 181.6 0.732363
      vertex 78.268 124.4 0.25
      vertex 78.0681 124.4 0.732363
    endloop
  endfacet
  facet normal -0.991457 0 0.130435
    outer loop
      vertex 78 124.4 1.25
      vertex 78.0681 181.6 1.76764
      vertex 78 181.6 1.25
    endloop
  endfacet
  facet normal -0.991457 0 0.130435
    outer loop
      vertex 78.0681 181.6 1.76764
      vertex 78 124.4 1.25
      vertex 78.0681 124.4 1.76764
    endloop
  endfacet
  facet normal 0 -1 0
    outer loop
      vertex 79.4824 124.4 -0.681851
      vertex 79.8577 124.4 0.718741
      vertex 79 124.4 -0.48205
    endloop
  endfacet
  facet normal 0 -1 -0
    outer loop
      vertex 79.8577 124.4 0.718741
      vertex 79.4824 124.4 -0.681851
      vertex 80 124.4 0.700001
    endloop
  endfacet
  facet normal 0 -1 0
    outer loop
      vertex 80 124.4 -0.75
      vertex 80 124.4 0.700001
      vertex 79.4824 124.4 -0.681851
    endloop
  endfacet
  facet normal 0 -1 0
    outer loop
      vertex 80 124.4 0.700001
      vertex 81.4142 124.4 -0.164213
      vertex 81.5402 124.4 0
    endloop
  endfacet
  facet normal -0 -1 0
    outer loop
      vertex 81 124.4 -0.48205
      vertex 80 124.4 0.700001
      vertex 80.5176 124.4 -0.681851
    endloop
  endfacet
  facet normal -0 -1 0
    outer loop
      vertex 81.4142 124.4 -0.164213
      vertex 80 124.4 0.700001
      vertex 81 124.4 -0.48205
    endloop
  endfacet
  facet normal 0 -1 0
    outer loop
      vertex 80 124.4 0.700001
      vertex 80 124.4 -0.75
      vertex 80.5176 124.4 -0.681851
    endloop
  endfacet
  facet normal 0 -1 0
    outer loop
      vertex 79.4824 124.4 3.18185
      vertex 79.8577 124.4 1.78126
      vertex 80 124.4 1.8
    endloop
  endfacet
  facet normal 0 -1 0
    outer loop
      vertex 79.5237 124.4 1.525
      vertex 78.268 124.4 2.25
      vertex 78.0681 124.4 1.76764
    endloop
  endfacet
  facet normal 0 -1 0
    outer loop
      vertex 78.5858 124.4 2.66421
      vertex 79.725 124.4 1.72631
      vertex 79.8577 124.4 1.78126
    endloop
  endfacet
  facet normal 0 -1 0
    outer loop
      vertex 78.5858 124.4 2.66421
      vertex 79.6111 124.4 1.63891
      vertex 79.725 124.4 1.72631
    endloop
  endfacet
  facet normal 0 -1 0
    outer loop
      vertex 78.268 124.4 2.25
      vertex 79.5237 124.4 1.525
      vertex 79.6111 124.4 1.63891
    endloop
  endfacet
  facet normal 0 -1 0
    outer loop
      vertex 78.0681 124.4 1.76764
      vertex 79.4687 124.4 1.39235
      vertex 79.5237 124.4 1.525
    endloop
  endfacet
  facet normal 0 -1 0
    outer loop
      vertex 78 124.4 1.25
      vertex 79.4687 124.4 1.39235
      vertex 78.0681 124.4 1.76764
    endloop
  endfacet
  facet normal 0 -1 0
    outer loop
      vertex 78 124.4 1.25
      vertex 79.45 124.4 1.25
      vertex 79.4687 124.4 1.39235
    endloop
  endfacet
  facet normal 0 -1 0
    outer loop
      vertex 78 124.4 1.25
      vertex 79.4687 124.4 1.10765
      vertex 79.45 124.4 1.25
    endloop
  endfacet
  facet normal 0 -1 0
    outer loop
      vertex 78.0681 124.4 0.732363
      vertex 79.4687 124.4 1.10765
      vertex 78 124.4 1.25
    endloop
  endfacet
  facet normal 0 -1 -0
    outer loop
      vertex 79.4687 124.4 1.10765
      vertex 78.0681 124.4 0.732363
      vertex 79.5237 124.4 0.975
    endloop
  endfacet
  facet normal 0 -1 0
    outer loop
      vertex 78.268 124.4 0.25
      vertex 79.5237 124.4 0.975
      vertex 78.0681 124.4 0.732363
    endloop
  endfacet
  facet normal 0 -1 -0
    outer loop
      vertex 79.5237 124.4 0.975
      vertex 78.268 124.4 0.25
      vertex 79.6111 124.4 0.861092
    endloop
  endfacet
  facet normal 0 -1 0
    outer loop
      vertex 78.5858 124.4 -0.164213
      vertex 79.6111 124.4 0.861092
      vertex 78.268 124.4 0.25
    endloop
  endfacet
  facet normal 0 -1 -0
    outer loop
      vertex 79.6111 124.4 0.861092
      vertex 78.5858 124.4 -0.164213
      vertex 79.725 124.4 0.773686
    endloop
  endfacet
  facet normal 0 -1 0
    outer loop
      vertex 79 124.4 -0.48205
      vertex 79.725 124.4 0.773686
      vertex 78.5858 124.4 -0.164213
    endloop
  endfacet
  facet normal 0 -1 0
    outer loop
      vertex 80 124.4 1.8
      vertex 80 124.4 3.25
      vertex 79.4824 124.4 3.18185
    endloop
  endfacet
  facet normal 0 -1 0
    outer loop
      vertex 79.8577 124.4 1.78126
      vertex 79.4824 124.4 3.18185
      vertex 79 124.4 2.98205
    endloop
  endfacet
  facet normal 0 -1 0
    outer loop
      vertex 80 124.4 3.25
      vertex 80 124.4 1.8
      vertex 80.5176 124.4 3.18185
    endloop
  endfacet
  facet normal 0 -1 0
    outer loop
      vertex 79.8577 124.4 1.78126
      vertex 79 124.4 2.98205
      vertex 78.5858 124.4 2.66421
    endloop
  endfacet
  facet normal 0 -1 0
    outer loop
      vertex 80.1423 124.4 1.78126
      vertex 80.5176 124.4 3.18185
      vertex 80 124.4 1.8
    endloop
  endfacet
  facet normal 0 -1 -0
    outer loop
      vertex 80.5176 124.4 3.18185
      vertex 80.1423 124.4 1.78126
      vertex 81 124.4 2.98205
    endloop
  endfacet
  facet normal 0 -1 0
    outer loop
      vertex 79.6111 124.4 1.63891
      vertex 78.5858 124.4 2.66421
      vertex 78.268 124.4 2.25
    endloop
  endfacet
  facet normal 0 -1 0
    outer loop
      vertex 80.275 124.4 1.72631
      vertex 81 124.4 2.98205
      vertex 80.1423 124.4 1.78126
    endloop
  endfacet
  facet normal 0 -1 -0
    outer loop
      vertex 81 124.4 2.98205
      vertex 80.275 124.4 1.72631
      vertex 81.4142 124.4 2.66421
    endloop
  endfacet
  facet normal 0 -1 0
    outer loop
      vertex 80.3889 124.4 1.63891
      vertex 81.4142 124.4 2.66421
      vertex 80.275 124.4 1.72631
    endloop
  endfacet
  facet normal 0 -1 -0
    outer loop
      vertex 81.4142 124.4 2.66421
      vertex 80.3889 124.4 1.63891
      vertex 81.5402 124.4 2.5
    endloop
  endfacet
  facet normal 0 -1 0
    outer loop
      vertex 80.4763 124.4 1.525
      vertex 81.5402 124.4 2.5
      vertex 80.3889 124.4 1.63891
    endloop
  endfacet
  facet normal 0 -1 0
    outer loop
      vertex 80.5313 124.4 1.39235
      vertex 81.5402 124.4 2.5
      vertex 80.4763 124.4 1.525
    endloop
  endfacet
  facet normal 0 -1 0
    outer loop
      vertex 80.55 124.4 1.25
      vertex 81.5402 124.4 2.5
      vertex 80.5313 124.4 1.39235
    endloop
  endfacet
  facet normal 0 -1 -0
    outer loop
      vertex 81.5402 124.4 2.5
      vertex 80.55 124.4 1.25
      vertex 81.5402 124.4 0
    endloop
  endfacet
  facet normal 0 -1 0
    outer loop
      vertex 81.5402 124.4 0
      vertex 80.55 124.4 1.25
      vertex 80.5313 124.4 1.10765
    endloop
  endfacet
  facet normal 0 -1 0
    outer loop
      vertex 81.5402 124.4 0
      vertex 80.5313 124.4 1.10765
      vertex 80.4763 124.4 0.975
    endloop
  endfacet
  facet normal 0 -1 0
    outer loop
      vertex 81.5402 124.4 0
      vertex 80.4763 124.4 0.975
      vertex 80.3889 124.4 0.861092
    endloop
  endfacet
  facet normal 0 -1 0
    outer loop
      vertex 81.5402 124.4 0
      vertex 80.3889 124.4 0.861092
      vertex 80.275 124.4 0.773686
    endloop
  endfacet
  facet normal 0 -1 0
    outer loop
      vertex 81.5402 124.4 0
      vertex 80.275 124.4 0.773686
      vertex 80.1423 124.4 0.718741
    endloop
  endfacet
  facet normal 0 -1 0
    outer loop
      vertex 81.5402 124.4 0
      vertex 80.1423 124.4 0.718741
      vertex 80 124.4 0.700001
    endloop
  endfacet
  facet normal 0 -1 -0
    outer loop
      vertex 79.725 124.4 0.773686
      vertex 79 124.4 -0.48205
      vertex 79.8577 124.4 0.718741
    endloop
  endfacet
  facet normal 0 -1 0
    outer loop
      vertex 81.5402 124.4 2.5
      vertex 81.5402 124.4 0
      vertex 105 124.4 2.5
    endloop
  endfacet
  facet normal 0 -1 -0
    outer loop
      vertex 105 124.4 2.5
      vertex 81.5402 124.4 0
      vertex 105 124.4 0
    endloop
  endfacet
  facet normal 0.382658 0 -0.92389
    outer loop
      vertex 80.5176 124.4 -0.681851
      vertex 81 181.6 -0.48205
      vertex 81 124.4 -0.48205
    endloop
  endfacet
  facet normal 0.382658 0 -0.92389
    outer loop
      vertex 81 181.6 -0.48205
      vertex 80.5176 124.4 -0.681851
      vertex 80.5176 181.6 -0.681851
    endloop
  endfacet
  facet normal 0 1 0
    outer loop
      vertex 81.5402 181.6 0
      vertex 81.5402 181.6 2.5
      vertex 105 181.6 2.5
    endloop
  endfacet
  facet normal -0 1 0
    outer loop
      vertex 80 181.6 1.8
      vertex 81.5402 181.6 2.5
      vertex 80.1423 181.6 1.78126
    endloop
  endfacet
  facet normal 0 1 0
    outer loop
      vertex 81.5402 181.6 2.5
      vertex 80 181.6 1.8
      vertex 78.268 181.6 2.25
    endloop
  endfacet
  facet normal 0 1 0
    outer loop
      vertex 81.5402 181.6 2.5
      vertex 80.275 181.6 1.72631
      vertex 80.1423 181.6 1.78126
    endloop
  endfacet
  facet normal 0 1 0
    outer loop
      vertex 81.5402 181.6 2.5
      vertex 80.3889 181.6 1.63891
      vertex 80.275 181.6 1.72631
    endloop
  endfacet
  facet normal 0 1 0
    outer loop
      vertex 81.5402 181.6 2.5
      vertex 80.4763 181.6 1.525
      vertex 80.3889 181.6 1.63891
    endloop
  endfacet
  facet normal -0 1 0
    outer loop
      vertex 80.55 181.6 1.25
      vertex 81.5402 181.6 2.5
      vertex 81.5402 181.6 0
    endloop
  endfacet
  facet normal 0 1 0
    outer loop
      vertex 81.5402 181.6 2.5
      vertex 80.5313 181.6 1.39235
      vertex 80.4763 181.6 1.525
    endloop
  endfacet
  facet normal 0 1 0
    outer loop
      vertex 81.5402 181.6 2.5
      vertex 80.55 181.6 1.25
      vertex 80.5313 181.6 1.39235
    endloop
  endfacet
  facet normal 0 1 0
    outer loop
      vertex 80.55 181.6 1.25
      vertex 81.5402 181.6 0
      vertex 80.5313 181.6 1.10765
    endloop
  endfacet
  facet normal 0 1 0
    outer loop
      vertex 80.5313 181.6 1.10765
      vertex 81.5402 181.6 0
      vertex 80.4763 181.6 0.975
    endloop
  endfacet
  facet normal 0 1 0
    outer loop
      vertex 80.4763 181.6 0.975
      vertex 81.5402 181.6 0
      vertex 80.3889 181.6 0.861092
    endloop
  endfacet
  facet normal 0 1 -0
    outer loop
      vertex 81.4142 181.6 -0.164213
      vertex 80.3889 181.6 0.861092
      vertex 81.5402 181.6 0
    endloop
  endfacet
  facet normal 0 1 0
    outer loop
      vertex 80.3889 181.6 0.861092
      vertex 81.4142 181.6 -0.164213
      vertex 80.275 181.6 0.773686
    endloop
  endfacet
  facet normal 0 1 -0
    outer loop
      vertex 81 181.6 -0.48205
      vertex 80.275 181.6 0.773686
      vertex 81.4142 181.6 -0.164213
    endloop
  endfacet
  facet normal 0 1 0
    outer loop
      vertex 81.5402 181.6 0
      vertex 105 181.6 2.5
      vertex 105 181.6 0
    endloop
  endfacet
  facet normal 0 1 0
    outer loop
      vertex 80.275 181.6 0.773686
      vertex 81 181.6 -0.48205
      vertex 80.1423 181.6 0.718741
    endloop
  endfacet
  facet normal 0 1 -0
    outer loop
      vertex 80.5176 181.6 -0.681851
      vertex 80.1423 181.6 0.718741
      vertex 81 181.6 -0.48205
    endloop
  endfacet
  facet normal 0 1 0
    outer loop
      vertex 80 181.6 0.700001
      vertex 78.5858 181.6 -0.164213
      vertex 78.268 181.6 0.25
    endloop
  endfacet
  facet normal 0 1 0
    outer loop
      vertex 80.1423 181.6 0.718741
      vertex 80.5176 181.6 -0.681851
      vertex 80 181.6 0.700001
    endloop
  endfacet
  facet normal 0 1 0
    outer loop
      vertex 80 181.6 0.700001
      vertex 79 181.6 -0.48205
      vertex 78.5858 181.6 -0.164213
    endloop
  endfacet
  facet normal 0 1 0
    outer loop
      vertex 80 181.6 -0.75
      vertex 80 181.6 0.700001
      vertex 80.5176 181.6 -0.681851
    endloop
  endfacet
  facet normal 0 1 0
    outer loop
      vertex 80 181.6 0.700001
      vertex 79.4824 181.6 -0.681851
      vertex 79 181.6 -0.48205
    endloop
  endfacet
  facet normal 0 1 0
    outer loop
      vertex 80 181.6 0.700001
      vertex 80 181.6 -0.75
      vertex 79.4824 181.6 -0.681851
    endloop
  endfacet
  facet normal 0 1 0
    outer loop
      vertex 80.5176 181.6 3.18185
      vertex 79.4824 181.6 3.18185
      vertex 80 181.6 3.25
    endloop
  endfacet
  facet normal 0 1 0
    outer loop
      vertex 81.5402 181.6 2.5
      vertex 80.5176 181.6 3.18185
      vertex 81 181.6 2.98205
    endloop
  endfacet
  facet normal 0 1 0
    outer loop
      vertex 80.5176 181.6 3.18185
      vertex 81.5402 181.6 2.5
      vertex 79.4824 181.6 3.18185
    endloop
  endfacet
  facet normal 0 1 0
    outer loop
      vertex 81.5402 181.6 2.5
      vertex 81 181.6 2.98205
      vertex 81.4142 181.6 2.66421
    endloop
  endfacet
  facet normal 0 1 0
    outer loop
      vertex 79.4824 181.6 3.18185
      vertex 81.5402 181.6 2.5
      vertex 79 181.6 2.98205
    endloop
  endfacet
  facet normal 0 1 0
    outer loop
      vertex 79 181.6 2.98205
      vertex 81.5402 181.6 2.5
      vertex 78.5858 181.6 2.66421
    endloop
  endfacet
  facet normal 0 1 0
    outer loop
      vertex 78.5858 181.6 2.66421
      vertex 81.5402 181.6 2.5
      vertex 78.268 181.6 2.25
    endloop
  endfacet
  facet normal 0 1 -0
    outer loop
      vertex 79.8577 181.6 1.78126
      vertex 78.268 181.6 2.25
      vertex 80 181.6 1.8
    endloop
  endfacet
  facet normal 0 1 -0
    outer loop
      vertex 79.725 181.6 1.72631
      vertex 78.268 181.6 2.25
      vertex 79.8577 181.6 1.78126
    endloop
  endfacet
  facet normal 0 1 -0
    outer loop
      vertex 79.6111 181.6 1.63891
      vertex 78.268 181.6 2.25
      vertex 79.725 181.6 1.72631
    endloop
  endfacet
  facet normal 0 1 -0
    outer loop
      vertex 79.5237 181.6 1.525
      vertex 78.268 181.6 2.25
      vertex 79.6111 181.6 1.63891
    endloop
  endfacet
  facet normal 0 1 0
    outer loop
      vertex 78.268 181.6 2.25
      vertex 79.5237 181.6 1.525
      vertex 78.0681 181.6 1.76764
    endloop
  endfacet
  facet normal 0 1 -0
    outer loop
      vertex 79.4687 181.6 1.39235
      vertex 78.0681 181.6 1.76764
      vertex 79.5237 181.6 1.525
    endloop
  endfacet
  facet normal 0 1 -0
    outer loop
      vertex 79.45 181.6 1.25
      vertex 78.0681 181.6 1.76764
      vertex 79.4687 181.6 1.39235
    endloop
  endfacet
  facet normal 0 1 0
    outer loop
      vertex 79.45 181.6 1.25
      vertex 78 181.6 1.25
      vertex 78.0681 181.6 1.76764
    endloop
  endfacet
  facet normal 0 1 0
    outer loop
      vertex 79.4687 181.6 1.10765
      vertex 78 181.6 1.25
      vertex 79.45 181.6 1.25
    endloop
  endfacet
  facet normal 0 1 0
    outer loop
      vertex 78.0681 181.6 0.732363
      vertex 79.4687 181.6 1.10765
      vertex 79.5237 181.6 0.975
    endloop
  endfacet
  facet normal 0 1 0
    outer loop
      vertex 78.268 181.6 0.25
      vertex 79.5237 181.6 0.975
      vertex 79.6111 181.6 0.861092
    endloop
  endfacet
  facet normal 0 1 0
    outer loop
      vertex 78.268 181.6 0.25
      vertex 79.6111 181.6 0.861092
      vertex 79.725 181.6 0.773686
    endloop
  endfacet
  facet normal 0 1 0
    outer loop
      vertex 79.4687 181.6 1.10765
      vertex 78.0681 181.6 0.732363
      vertex 78 181.6 1.25
    endloop
  endfacet
  facet normal 0 1 0
    outer loop
      vertex 78.268 181.6 0.25
      vertex 79.725 181.6 0.773686
      vertex 79.8577 181.6 0.718741
    endloop
  endfacet
  facet normal 0 1 0
    outer loop
      vertex 78.268 181.6 0.25
      vertex 79.8577 181.6 0.718741
      vertex 80 181.6 0.700001
    endloop
  endfacet
  facet normal 0 1 0
    outer loop
      vertex 79.5237 181.6 0.975
      vertex 78.268 181.6 0.25
      vertex 78.0681 181.6 0.732363
    endloop
  endfacet
  facet normal -0.793387 0 -0.608717
    outer loop
      vertex 78.5858 124.4 -0.164213
      vertex 78.268 181.6 0.25
      vertex 78.5858 181.6 -0.164213
    endloop
  endfacet
  facet normal -0.793387 -0 -0.608717
    outer loop
      vertex 78.268 181.6 0.25
      vertex 78.5858 124.4 -0.164213
      vertex 78.268 124.4 0.25
    endloop
  endfacet
  facet normal -0.382658 0 -0.92389
    outer loop
      vertex 79 124.4 -0.48205
      vertex 79.4824 181.6 -0.681851
      vertex 79.4824 124.4 -0.681851
    endloop
  endfacet
  facet normal -0.382658 0 -0.92389
    outer loop
      vertex 79.4824 181.6 -0.681851
      vertex 79 124.4 -0.48205
      vertex 79 181.6 -0.48205
    endloop
  endfacet
  facet normal -0.608774 0 -0.793344
    outer loop
      vertex 78.5858 124.4 -0.164213
      vertex 79 181.6 -0.48205
      vertex 79 124.4 -0.48205
    endloop
  endfacet
  facet normal -0.608774 0 -0.793344
    outer loop
      vertex 79 181.6 -0.48205
      vertex 78.5858 124.4 -0.164213
      vertex 78.5858 181.6 -0.164213
    endloop
  endfacet
  facet normal 0.382656 0 0.923891
    outer loop
      vertex 80.5176 181.6 3.18185
      vertex 81 124.4 2.98205
      vertex 81 181.6 2.98205
    endloop
  endfacet
  facet normal 0.382656 0 0.923891
    outer loop
      vertex 81 124.4 2.98205
      vertex 80.5176 181.6 3.18185
      vertex 80.5176 124.4 3.18185
    endloop
  endfacet
  facet normal -0.608777 0 0.793341
    outer loop
      vertex 78.5858 181.6 2.66421
      vertex 79 124.4 2.98205
      vertex 79 181.6 2.98205
    endloop
  endfacet
  facet normal -0.608777 0 0.793341
    outer loop
      vertex 79 124.4 2.98205
      vertex 78.5858 181.6 2.66421
      vertex 78.5858 124.4 2.66421
    endloop
  endfacet
  facet normal -0.923812 0 0.382847
    outer loop
      vertex 78.0681 124.4 1.76764
      vertex 78.268 181.6 2.25
      vertex 78.0681 181.6 1.76764
    endloop
  endfacet
  facet normal -0.923812 0 0.382847
    outer loop
      vertex 78.268 181.6 2.25
      vertex 78.0681 124.4 1.76764
      vertex 78.268 124.4 2.25
    endloop
  endfacet
  facet normal -0.793385 0 0.60872
    outer loop
      vertex 78.268 124.4 2.25
      vertex 78.5858 181.6 2.66421
      vertex 78.268 181.6 2.25
    endloop
  endfacet
  facet normal -0.793385 0 0.60872
    outer loop
      vertex 78.5858 181.6 2.66421
      vertex 78.268 124.4 2.25
      vertex 78.5858 124.4 2.66421
    endloop
  endfacet
  facet normal 0.79336 -0 0.608753
    outer loop
      vertex 81.4142 124.4 2.66421
      vertex 81.5402 181.6 2.5
      vertex 81.4142 181.6 2.66421
    endloop
  endfacet
  facet normal 0.79336 0 0.608753
    outer loop
      vertex 81.5402 181.6 2.5
      vertex 81.4142 124.4 2.66421
      vertex 81.5402 124.4 2.5
    endloop
  endfacet
  facet normal -0.382656 0 0.923891
    outer loop
      vertex 79 181.6 2.98205
      vertex 79.4824 124.4 3.18185
      vertex 79.4824 181.6 3.18185
    endloop
  endfacet
  facet normal -0.382656 0 0.923891
    outer loop
      vertex 79.4824 124.4 3.18185
      vertex 79 181.6 2.98205
      vertex 79 124.4 2.98205
    endloop
  endfacet
  facet normal 0.608777 0 0.793341
    outer loop
      vertex 81 181.6 2.98205
      vertex 81.4142 124.4 2.66421
      vertex 81.4142 181.6 2.66421
    endloop
  endfacet
  facet normal 0.608777 0 0.793341
    outer loop
      vertex 81.4142 124.4 2.66421
      vertex 81 181.6 2.98205
      vertex 81 124.4 2.98205
    endloop
  endfacet
  facet normal 1 -0 0
    outer loop
      vertex 105 124.4 2.5
      vertex 105 181.6 0
      vertex 105 181.6 2.5
    endloop
  endfacet
  facet normal 1 0 0
    outer loop
      vertex 105 181.6 0
      vertex 105 124.4 2.5
      vertex 105 124.4 0
    endloop
  endfacet
  facet normal -0 0 1
    outer loop
      vertex 84 158 2.5
      vertex 102 150 2.5
      vertex 102 158 2.5
    endloop
  endfacet
  facet normal 0 0 1
    outer loop
      vertex 102 150 2.5
      vertex 84 158 2.5
      vertex 84 150 2.5
    endloop
  endfacet
  facet normal 0 0 1
    outer loop
      vertex 102 158 2.5
      vertex 105 181.6 2.5
      vertex 102 176 2.5
    endloop
  endfacet
  facet normal -0 0 1
    outer loop
      vertex 81.5402 181.6 2.5
      vertex 102 176 2.5
      vertex 105 181.6 2.5
    endloop
  endfacet
  facet normal 0 0 1
    outer loop
      vertex 81.5402 181.6 2.5
      vertex 84 158 2.5
      vertex 84 176 2.5
    endloop
  endfacet
  facet normal 0 0 1
    outer loop
      vertex 84 158 2.5
      vertex 81.5402 181.6 2.5
      vertex 84 150 2.5
    endloop
  endfacet
  facet normal 0 0 1
    outer loop
      vertex 81.5402 124.4 2.5
      vertex 84 150 2.5
      vertex 81.5402 181.6 2.5
    endloop
  endfacet
  facet normal 0 0 1
    outer loop
      vertex 102 176 2.5
      vertex 81.5402 181.6 2.5
      vertex 84 176 2.5
    endloop
  endfacet
  facet normal 0 0 1
    outer loop
      vertex 105 181.6 2.5
      vertex 102 158 2.5
      vertex 105 124.4 2.5
    endloop
  endfacet
  facet normal -0 0 1
    outer loop
      vertex 102 150 2.5
      vertex 105 124.4 2.5
      vertex 102 158 2.5
    endloop
  endfacet
  facet normal -0 0 1
    outer loop
      vertex 102 132 2.5
      vertex 105 124.4 2.5
      vertex 102 150 2.5
    endloop
  endfacet
  facet normal 0 0 1
    outer loop
      vertex 81.5402 124.4 2.5
      vertex 102 132 2.5
      vertex 84 132 2.5
    endloop
  endfacet
  facet normal 0 0 1
    outer loop
      vertex 102 132 2.5
      vertex 81.5402 124.4 2.5
      vertex 105 124.4 2.5
    endloop
  endfacet
  facet normal 0 0 1
    outer loop
      vertex 84 150 2.5
      vertex 81.5402 124.4 2.5
      vertex 84 132 2.5
    endloop
  endfacet
  facet normal 0 0 -1
    outer loop
      vertex 81.5402 124.4 0
      vertex 105 181.6 0
      vertex 105 124.4 0
    endloop
  endfacet
  facet normal -0 0 -1
    outer loop
      vertex 105 181.6 0
      vertex 81.5402 124.4 0
      vertex 81.5402 181.6 0
    endloop
  endfacet
  facet normal 1 -0 0
    outer loop
      vertex 84 132 2.5
      vertex 84 150 1.8
      vertex 84 150 2.5
    endloop
  endfacet
  facet normal 1 0 0
    outer loop
      vertex 84 150 1.8
      vertex 84 132 2.5
      vertex 84 132 1.8
    endloop
  endfacet
  facet normal 0 -1 0
    outer loop
      vertex 84 150 1.8
      vertex 102 150 2.5
      vertex 84 150 2.5
    endloop
  endfacet
  facet normal 0 -1 -0
    outer loop
      vertex 102 150 2.5
      vertex 84 150 1.8
      vertex 102 150 1.8
    endloop
  endfacet
  facet normal -1 0 0
    outer loop
      vertex 102 132 1.8
      vertex 102 150 2.5
      vertex 102 150 1.8
    endloop
  endfacet
  facet normal -1 -0 0
    outer loop
      vertex 102 150 2.5
      vertex 102 132 1.8
      vertex 102 132 2.5
    endloop
  endfacet
  facet normal 0 1 -0
    outer loop
      vertex 102 132 1.8
      vertex 84 132 2.5
      vertex 102 132 2.5
    endloop
  endfacet
  facet normal 0 1 0
    outer loop
      vertex 84 132 2.5
      vertex 102 132 1.8
      vertex 84 132 1.8
    endloop
  endfacet
  facet normal -0 0 1
    outer loop
      vertex 84 150 1.8
      vertex 102 132 1.8
      vertex 102 150 1.8
    endloop
  endfacet
  facet normal 0 0 1
    outer loop
      vertex 102 132 1.8
      vertex 84 150 1.8
      vertex 84 132 1.8
    endloop
  endfacet
  facet normal 1 -0 0
    outer loop
      vertex 84 158 2.5
      vertex 84 176 1.8
      vertex 84 176 2.5
    endloop
  endfacet
  facet normal 1 0 0
    outer loop
      vertex 84 176 1.8
      vertex 84 158 2.5
      vertex 84 158 1.8
    endloop
  endfacet
  facet normal 0 -1 0
    outer loop
      vertex 84 176 1.8
      vertex 102 176 2.5
      vertex 84 176 2.5
    endloop
  endfacet
  facet normal 0 -1 -0
    outer loop
      vertex 102 176 2.5
      vertex 84 176 1.8
      vertex 102 176 1.8
    endloop
  endfacet
  facet normal -1 0 0
    outer loop
      vertex 102 158 1.8
      vertex 102 176 2.5
      vertex 102 176 1.8
    endloop
  endfacet
  facet normal -1 -0 0
    outer loop
      vertex 102 176 2.5
      vertex 102 158 1.8
      vertex 102 158 2.5
    endloop
  endfacet
  facet normal -0 0 1
    outer loop
      vertex 84 176 1.8
      vertex 102 158 1.8
      vertex 102 176 1.8
    endloop
  endfacet
  facet normal 0 0 1
    outer loop
      vertex 102 158 1.8
      vertex 84 176 1.8
      vertex 84 158 1.8
    endloop
  endfacet
  facet normal 0 1 -0
    outer loop
      vertex 102 158 1.8
      vertex 84 158 2.5
      vertex 102 158 2.5
    endloop
  endfacet
  facet normal 0 1 0
    outer loop
      vertex 84 158 2.5
      vertex 102 158 1.8
      vertex 84 158 1.8
    endloop
  endfacet
  facet normal -0.793369 0 0.608741
    outer loop
      vertex 80.3889 124.4 0.861092
      vertex 80.4763 181.6 0.975
      vertex 80.3889 181.6 0.861092
    endloop
  endfacet
  facet normal -0.793369 0 0.608741
    outer loop
      vertex 80.4763 181.6 0.975
      vertex 80.3889 124.4 0.861092
      vertex 80.4763 124.4 0.975
    endloop
  endfacet
  facet normal -0.608794 0 0.793328
    outer loop
      vertex 80.275 181.6 0.773686
      vertex 80.3889 124.4 0.861092
      vertex 80.3889 181.6 0.861092
    endloop
  endfacet
  facet normal -0.608794 0 0.793328
    outer loop
      vertex 80.3889 124.4 0.861092
      vertex 80.275 181.6 0.773686
      vertex 80.275 124.4 0.773686
    endloop
  endfacet
  facet normal -0.130566 0 0.99144
    outer loop
      vertex 80 181.6 0.700001
      vertex 80.1423 124.4 0.718741
      vertex 80.1423 181.6 0.718741
    endloop
  endfacet
  facet normal -0.130566 0 0.99144
    outer loop
      vertex 80.1423 124.4 0.718741
      vertex 80 181.6 0.700001
      vertex 80 124.4 0.700001
    endloop
  endfacet
  facet normal 0.382558 0 0.923932
    outer loop
      vertex 79.725 181.6 0.773686
      vertex 79.8577 124.4 0.718741
      vertex 79.8577 181.6 0.718741
    endloop
  endfacet
  facet normal 0.382558 0 0.923932
    outer loop
      vertex 79.8577 124.4 0.718741
      vertex 79.725 181.6 0.773686
      vertex 79.725 124.4 0.773686
    endloop
  endfacet
  facet normal 0.608794 0 0.793328
    outer loop
      vertex 79.6111 181.6 0.861092
      vertex 79.725 124.4 0.773686
      vertex 79.725 181.6 0.773686
    endloop
  endfacet
  facet normal 0.608794 0 0.793328
    outer loop
      vertex 79.725 124.4 0.773686
      vertex 79.6111 181.6 0.861092
      vertex 79.6111 124.4 0.861092
    endloop
  endfacet
  facet normal -0.991482 0 -0.130247
    outer loop
      vertex 80.55 124.4 1.25
      vertex 80.5313 181.6 1.39235
      vertex 80.55 181.6 1.25
    endloop
  endfacet
  facet normal -0.991482 -0 -0.130247
    outer loop
      vertex 80.5313 181.6 1.39235
      vertex 80.55 124.4 1.25
      vertex 80.5313 124.4 1.39235
    endloop
  endfacet
  facet normal -0.923745 0 0.383008
    outer loop
      vertex 80.4763 124.4 0.975
      vertex 80.5313 181.6 1.10765
      vertex 80.4763 181.6 0.975
    endloop
  endfacet
  facet normal -0.923745 0 0.383008
    outer loop
      vertex 80.5313 181.6 1.10765
      vertex 80.4763 124.4 0.975
      vertex 80.5313 124.4 1.10765
    endloop
  endfacet
  facet normal 0.130566 0 0.99144
    outer loop
      vertex 79.8577 181.6 0.718741
      vertex 80 124.4 0.700001
      vertex 80 181.6 0.700001
    endloop
  endfacet
  facet normal 0.130566 0 0.99144
    outer loop
      vertex 80 124.4 0.700001
      vertex 79.8577 181.6 0.718741
      vertex 79.8577 124.4 0.718741
    endloop
  endfacet
  facet normal -0.382558 0 0.923932
    outer loop
      vertex 80.1423 181.6 0.718741
      vertex 80.275 124.4 0.773686
      vertex 80.275 181.6 0.773686
    endloop
  endfacet
  facet normal -0.382558 0 0.923932
    outer loop
      vertex 80.275 124.4 0.773686
      vertex 80.1423 181.6 0.718741
      vertex 80.1423 124.4 0.718741
    endloop
  endfacet
  facet normal 0.991482 -0 0.130247
    outer loop
      vertex 79.45 124.4 1.25
      vertex 79.4687 181.6 1.10765
      vertex 79.45 181.6 1.25
    endloop
  endfacet
  facet normal 0.991482 0 0.130247
    outer loop
      vertex 79.4687 181.6 1.10765
      vertex 79.45 124.4 1.25
      vertex 79.4687 124.4 1.10765
    endloop
  endfacet
  facet normal 0.793369 -0 0.608741
    outer loop
      vertex 79.5237 124.4 0.975
      vertex 79.6111 181.6 0.861092
      vertex 79.5237 181.6 0.975
    endloop
  endfacet
  facet normal 0.793369 0 0.608741
    outer loop
      vertex 79.6111 181.6 0.861092
      vertex 79.5237 124.4 0.975
      vertex 79.6111 124.4 0.861092
    endloop
  endfacet
  facet normal -0.991482 0 0.130247
    outer loop
      vertex 80.5313 124.4 1.10765
      vertex 80.55 181.6 1.25
      vertex 80.5313 181.6 1.10765
    endloop
  endfacet
  facet normal -0.991482 0 0.130247
    outer loop
      vertex 80.55 181.6 1.25
      vertex 80.5313 124.4 1.10765
      vertex 80.55 124.4 1.25
    endloop
  endfacet
  facet normal 0.608768 0 -0.793348
    outer loop
      vertex 79.6111 124.4 1.63891
      vertex 79.725 181.6 1.72631
      vertex 79.725 124.4 1.72631
    endloop
  endfacet
  facet normal 0.608768 0 -0.793348
    outer loop
      vertex 79.725 181.6 1.72631
      vertex 79.6111 124.4 1.63891
      vertex 79.6111 181.6 1.63891
    endloop
  endfacet
  facet normal 0.793374 0 -0.608734
    outer loop
      vertex 79.6111 124.4 1.63891
      vertex 79.5237 181.6 1.525
      vertex 79.6111 181.6 1.63891
    endloop
  endfacet
  facet normal 0.793374 0 -0.608734
    outer loop
      vertex 79.5237 181.6 1.525
      vertex 79.6111 124.4 1.63891
      vertex 79.5237 124.4 1.525
    endloop
  endfacet
  facet normal -0.793374 0 -0.608734
    outer loop
      vertex 80.4763 124.4 1.525
      vertex 80.3889 181.6 1.63891
      vertex 80.4763 181.6 1.525
    endloop
  endfacet
  facet normal -0.793374 -0 -0.608734
    outer loop
      vertex 80.3889 181.6 1.63891
      vertex 80.4763 124.4 1.525
      vertex 80.3889 124.4 1.63891
    endloop
  endfacet
  facet normal 0.923745 -0 0.383008
    outer loop
      vertex 79.4687 124.4 1.10765
      vertex 79.5237 181.6 0.975
      vertex 79.4687 181.6 1.10765
    endloop
  endfacet
  facet normal 0.923745 0 0.383008
    outer loop
      vertex 79.5237 181.6 0.975
      vertex 79.4687 124.4 1.10765
      vertex 79.5237 124.4 0.975
    endloop
  endfacet
  facet normal -0.923745 0 -0.383008
    outer loop
      vertex 80.5313 124.4 1.39235
      vertex 80.4763 181.6 1.525
      vertex 80.5313 181.6 1.39235
    endloop
  endfacet
  facet normal -0.923745 -0 -0.383008
    outer loop
      vertex 80.4763 181.6 1.525
      vertex 80.5313 124.4 1.39235
      vertex 80.4763 124.4 1.525
    endloop
  endfacet
  facet normal 0.991482 0 -0.130247
    outer loop
      vertex 79.4687 124.4 1.39235
      vertex 79.45 181.6 1.25
      vertex 79.4687 181.6 1.39235
    endloop
  endfacet
  facet normal 0.991482 0 -0.130247
    outer loop
      vertex 79.45 181.6 1.25
      vertex 79.4687 124.4 1.39235
      vertex 79.45 124.4 1.25
    endloop
  endfacet
  facet normal -0.382588 0 -0.923919
    outer loop
      vertex 80.1423 124.4 1.78126
      vertex 80.275 181.6 1.72631
      vertex 80.275 124.4 1.72631
    endloop
  endfacet
  facet normal -0.382588 0 -0.923919
    outer loop
      vertex 80.275 181.6 1.72631
      vertex 80.1423 124.4 1.78126
      vertex 80.1423 181.6 1.78126
    endloop
  endfacet
  facet normal -0.608768 0 -0.793348
    outer loop
      vertex 80.275 124.4 1.72631
      vertex 80.3889 181.6 1.63891
      vertex 80.3889 124.4 1.63891
    endloop
  endfacet
  facet normal -0.608768 0 -0.793348
    outer loop
      vertex 80.3889 181.6 1.63891
      vertex 80.275 124.4 1.72631
      vertex 80.275 181.6 1.72631
    endloop
  endfacet
  facet normal 0.382588 0 -0.923919
    outer loop
      vertex 79.725 124.4 1.72631
      vertex 79.8577 181.6 1.78126
      vertex 79.8577 124.4 1.78126
    endloop
  endfacet
  facet normal 0.382588 0 -0.923919
    outer loop
      vertex 79.8577 181.6 1.78126
      vertex 79.725 124.4 1.72631
      vertex 79.725 181.6 1.72631
    endloop
  endfacet
  facet normal -0.130566 0 -0.99144
    outer loop
      vertex 80 124.4 1.8
      vertex 80.1423 181.6 1.78126
      vertex 80.1423 124.4 1.78126
    endloop
  endfacet
  facet normal -0.130566 0 -0.99144
    outer loop
      vertex 80.1423 181.6 1.78126
      vertex 80 124.4 1.8
      vertex 80 181.6 1.8
    endloop
  endfacet
  facet normal 0.923745 0 -0.383008
    outer loop
      vertex 79.5237 124.4 1.525
      vertex 79.4687 181.6 1.39235
      vertex 79.5237 181.6 1.525
    endloop
  endfacet
  facet normal 0.923745 0 -0.383008
    outer loop
      vertex 79.4687 181.6 1.39235
      vertex 79.5237 124.4 1.525
      vertex 79.4687 124.4 1.39235
    endloop
  endfacet
  facet normal 0.130566 0 -0.99144
    outer loop
      vertex 79.8577 124.4 1.78126
      vertex 80 181.6 1.8
      vertex 80 124.4 1.8
    endloop
  endfacet
  facet normal 0.130566 0 -0.99144
    outer loop
      vertex 80 181.6 1.8
      vertex 79.8577 124.4 1.78126
      vertex 79.8577 181.6 1.78126
    endloop
  endfacet
  facet normal -0.991482 0 -0.130247
    outer loop
      vertex 110.068 124.4 0.732363
      vertex 110 181.6 1.25
      vertex 110.068 181.6 0.732363
    endloop
  endfacet
  facet normal -0.991482 -0 -0.130247
    outer loop
      vertex 110 181.6 1.25
      vertex 110.068 124.4 0.732363
      vertex 110 124.4 1.25
    endloop
  endfacet
  facet normal 0.608959 0 -0.793202
    outer loop
      vertex 113 124.4 -0.48205
      vertex 113.414 181.6 -0.164213
      vertex 113.414 124.4 -0.164213
    endloop
  endfacet
  facet normal 0.608959 0 -0.793202
    outer loop
      vertex 113.414 181.6 -0.164213
      vertex 113 124.4 -0.48205
      vertex 113 181.6 -0.48205
    endloop
  endfacet
  facet normal 0.13044 0 0.991456
    outer loop
      vertex 112 181.6 3.25
      vertex 112.518 124.4 3.18185
      vertex 112.518 181.6 3.18185
    endloop
  endfacet
  facet normal 0.13044 0 0.991456
    outer loop
      vertex 112.518 124.4 3.18185
      vertex 112 181.6 3.25
      vertex 112 124.4 3.25
    endloop
  endfacet
  facet normal -0.13044 0 0.991456
    outer loop
      vertex 111.482 181.6 3.18185
      vertex 112 124.4 3.25
      vertex 112 181.6 3.25
    endloop
  endfacet
  facet normal -0.13044 0 0.991456
    outer loop
      vertex 112 124.4 3.25
      vertex 111.482 181.6 3.18185
      vertex 111.482 124.4 3.18185
    endloop
  endfacet
  facet normal 0.793365 0 -0.608746
    outer loop
      vertex 113.54 124.4 0
      vertex 113.414 181.6 -0.164213
      vertex 113.54 181.6 0
    endloop
  endfacet
  facet normal 0.793365 0 -0.608746
    outer loop
      vertex 113.414 181.6 -0.164213
      vertex 113.54 124.4 0
      vertex 113.414 124.4 -0.164213
    endloop
  endfacet
  facet normal 0.130438 0 -0.991456
    outer loop
      vertex 112 124.4 -0.75
      vertex 112.518 181.6 -0.681851
      vertex 112.518 124.4 -0.681851
    endloop
  endfacet
  facet normal 0.130438 0 -0.991456
    outer loop
      vertex 112.518 181.6 -0.681851
      vertex 112 124.4 -0.75
      vertex 112 181.6 -0.75
    endloop
  endfacet
  facet normal -0.130438 0 -0.991456
    outer loop
      vertex 111.482 124.4 -0.681851
      vertex 112 181.6 -0.75
      vertex 112 124.4 -0.75
    endloop
  endfacet
  facet normal -0.130438 0 -0.991456
    outer loop
      vertex 112 181.6 -0.75
      vertex 111.482 124.4 -0.681851
      vertex 111.482 181.6 -0.681851
    endloop
  endfacet
  facet normal -0.923745 0 -0.383008
    outer loop
      vertex 110.268 124.4 0.25
      vertex 110.068 181.6 0.732363
      vertex 110.268 181.6 0.25
    endloop
  endfacet
  facet normal -0.923745 -0 -0.383008
    outer loop
      vertex 110.068 181.6 0.732363
      vertex 110.268 124.4 0.25
      vertex 110.068 124.4 0.732363
    endloop
  endfacet
  facet normal -0.991482 0 0.130246
    outer loop
      vertex 110 124.4 1.25
      vertex 110.068 181.6 1.76764
      vertex 110 181.6 1.25
    endloop
  endfacet
  facet normal -0.991482 0 0.130246
    outer loop
      vertex 110.068 181.6 1.76764
      vertex 110 124.4 1.25
      vertex 110.068 124.4 1.76764
    endloop
  endfacet
  facet normal 0 -1 0
    outer loop
      vertex 111.482 124.4 -0.681851
      vertex 111.858 124.4 0.718741
      vertex 111 124.4 -0.48205
    endloop
  endfacet
  facet normal 0 -1 -0
    outer loop
      vertex 111.858 124.4 0.718741
      vertex 111.482 124.4 -0.681851
      vertex 112 124.4 0.700001
    endloop
  endfacet
  facet normal 0 -1 0
    outer loop
      vertex 112 124.4 -0.75
      vertex 112 124.4 0.700001
      vertex 111.482 124.4 -0.681851
    endloop
  endfacet
  facet normal 0 -1 0
    outer loop
      vertex 112 124.4 0.700001
      vertex 113.414 124.4 -0.164213
      vertex 113.54 124.4 0
    endloop
  endfacet
  facet normal -0 -1 0
    outer loop
      vertex 113 124.4 -0.48205
      vertex 112 124.4 0.700001
      vertex 112.518 124.4 -0.681851
    endloop
  endfacet
  facet normal -0 -1 0
    outer loop
      vertex 113.414 124.4 -0.164213
      vertex 112 124.4 0.700001
      vertex 113 124.4 -0.48205
    endloop
  endfacet
  facet normal 0 -1 0
    outer loop
      vertex 112 124.4 0.700001
      vertex 112 124.4 -0.75
      vertex 112.518 124.4 -0.681851
    endloop
  endfacet
  facet normal 0 -1 0
    outer loop
      vertex 111.482 124.4 3.18185
      vertex 111.858 124.4 1.78126
      vertex 112 124.4 1.8
    endloop
  endfacet
  facet normal 0 -1 0
    outer loop
      vertex 111.524 124.4 1.525
      vertex 110.268 124.4 2.25
      vertex 110.068 124.4 1.76764
    endloop
  endfacet
  facet normal 0 -1 0
    outer loop
      vertex 110.586 124.4 2.66421
      vertex 111.725 124.4 1.72631
      vertex 111.858 124.4 1.78126
    endloop
  endfacet
  facet normal 0 -1 0
    outer loop
      vertex 110.586 124.4 2.66421
      vertex 111.611 124.4 1.63891
      vertex 111.725 124.4 1.72631
    endloop
  endfacet
  facet normal 0 -1 0
    outer loop
      vertex 110.268 124.4 2.25
      vertex 111.524 124.4 1.525
      vertex 111.611 124.4 1.63891
    endloop
  endfacet
  facet normal 0 -1 0
    outer loop
      vertex 110.068 124.4 1.76764
      vertex 111.469 124.4 1.39235
      vertex 111.524 124.4 1.525
    endloop
  endfacet
  facet normal 0 -1 0
    outer loop
      vertex 110 124.4 1.25
      vertex 111.469 124.4 1.39235
      vertex 110.068 124.4 1.76764
    endloop
  endfacet
  facet normal 0 -1 0
    outer loop
      vertex 110 124.4 1.25
      vertex 111.45 124.4 1.25
      vertex 111.469 124.4 1.39235
    endloop
  endfacet
  facet normal 0 -1 0
    outer loop
      vertex 110 124.4 1.25
      vertex 111.469 124.4 1.10765
      vertex 111.45 124.4 1.25
    endloop
  endfacet
  facet normal 0 -1 0
    outer loop
      vertex 110.068 124.4 0.732363
      vertex 111.469 124.4 1.10765
      vertex 110 124.4 1.25
    endloop
  endfacet
  facet normal 0 -1 -0
    outer loop
      vertex 111.469 124.4 1.10765
      vertex 110.068 124.4 0.732363
      vertex 111.524 124.4 0.975
    endloop
  endfacet
  facet normal 0 -1 0
    outer loop
      vertex 110.268 124.4 0.25
      vertex 111.524 124.4 0.975
      vertex 110.068 124.4 0.732363
    endloop
  endfacet
  facet normal 0 -1 -0
    outer loop
      vertex 111.524 124.4 0.975
      vertex 110.268 124.4 0.25
      vertex 111.611 124.4 0.861092
    endloop
  endfacet
  facet normal 0 -1 0
    outer loop
      vertex 110.586 124.4 -0.164213
      vertex 111.611 124.4 0.861092
      vertex 110.268 124.4 0.25
    endloop
  endfacet
  facet normal 0 -1 -0
    outer loop
      vertex 111.611 124.4 0.861092
      vertex 110.586 124.4 -0.164213
      vertex 111.725 124.4 0.773686
    endloop
  endfacet
  facet normal 0 -1 0
    outer loop
      vertex 111 124.4 -0.48205
      vertex 111.725 124.4 0.773686
      vertex 110.586 124.4 -0.164213
    endloop
  endfacet
  facet normal 0 -1 0
    outer loop
      vertex 112 124.4 1.8
      vertex 112 124.4 3.25
      vertex 111.482 124.4 3.18185
    endloop
  endfacet
  facet normal 0 -1 0
    outer loop
      vertex 111.858 124.4 1.78126
      vertex 111.482 124.4 3.18185
      vertex 111 124.4 2.98205
    endloop
  endfacet
  facet normal 0 -1 0
    outer loop
      vertex 112 124.4 3.25
      vertex 112 124.4 1.8
      vertex 112.518 124.4 3.18185
    endloop
  endfacet
  facet normal 0 -1 0
    outer loop
      vertex 111.858 124.4 1.78126
      vertex 111 124.4 2.98205
      vertex 110.586 124.4 2.66421
    endloop
  endfacet
  facet normal 0 -1 0
    outer loop
      vertex 112.142 124.4 1.78126
      vertex 112.518 124.4 3.18185
      vertex 112 124.4 1.8
    endloop
  endfacet
  facet normal 0 -1 -0
    outer loop
      vertex 112.518 124.4 3.18185
      vertex 112.142 124.4 1.78126
      vertex 113 124.4 2.98205
    endloop
  endfacet
  facet normal 0 -1 0
    outer loop
      vertex 111.611 124.4 1.63891
      vertex 110.586 124.4 2.66421
      vertex 110.268 124.4 2.25
    endloop
  endfacet
  facet normal 0 -1 0
    outer loop
      vertex 112.275 124.4 1.72631
      vertex 113 124.4 2.98205
      vertex 112.142 124.4 1.78126
    endloop
  endfacet
  facet normal 0 -1 -0
    outer loop
      vertex 113 124.4 2.98205
      vertex 112.275 124.4 1.72631
      vertex 113.414 124.4 2.66421
    endloop
  endfacet
  facet normal 0 -1 0
    outer loop
      vertex 112.389 124.4 1.63891
      vertex 113.414 124.4 2.66421
      vertex 112.275 124.4 1.72631
    endloop
  endfacet
  facet normal 0 -1 -0
    outer loop
      vertex 113.414 124.4 2.66421
      vertex 112.389 124.4 1.63891
      vertex 113.54 124.4 2.5
    endloop
  endfacet
  facet normal 0 -1 0
    outer loop
      vertex 112.476 124.4 1.525
      vertex 113.54 124.4 2.5
      vertex 112.389 124.4 1.63891
    endloop
  endfacet
  facet normal 0 -1 0
    outer loop
      vertex 112.531 124.4 1.39235
      vertex 113.54 124.4 2.5
      vertex 112.476 124.4 1.525
    endloop
  endfacet
  facet normal 0 -1 0
    outer loop
      vertex 112.55 124.4 1.25
      vertex 113.54 124.4 2.5
      vertex 112.531 124.4 1.39235
    endloop
  endfacet
  facet normal 0 -1 -0
    outer loop
      vertex 113.54 124.4 2.5
      vertex 112.55 124.4 1.25
      vertex 113.54 124.4 0
    endloop
  endfacet
  facet normal 0 -1 0
    outer loop
      vertex 113.54 124.4 0
      vertex 112.55 124.4 1.25
      vertex 112.531 124.4 1.10765
    endloop
  endfacet
  facet normal 0 -1 0
    outer loop
      vertex 113.54 124.4 0
      vertex 112.531 124.4 1.10765
      vertex 112.476 124.4 0.975
    endloop
  endfacet
  facet normal 0 -1 0
    outer loop
      vertex 113.54 124.4 0
      vertex 112.476 124.4 0.975
      vertex 112.389 124.4 0.861092
    endloop
  endfacet
  facet normal 0 -1 0
    outer loop
      vertex 113.54 124.4 0
      vertex 112.389 124.4 0.861092
      vertex 112.275 124.4 0.773686
    endloop
  endfacet
  facet normal 0 -1 0
    outer loop
      vertex 113.54 124.4 0
      vertex 112.275 124.4 0.773686
      vertex 112.142 124.4 0.718741
    endloop
  endfacet
  facet normal 0 -1 0
    outer loop
      vertex 113.54 124.4 0
      vertex 112.142 124.4 0.718741
      vertex 112 124.4 0.700001
    endloop
  endfacet
  facet normal 0 -1 -0
    outer loop
      vertex 111.725 124.4 0.773686
      vertex 111 124.4 -0.48205
      vertex 111.858 124.4 0.718741
    endloop
  endfacet
  facet normal 0 -1 0
    outer loop
      vertex 113.54 124.4 2.5
      vertex 113.54 124.4 0
      vertex 137 124.4 2.5
    endloop
  endfacet
  facet normal 0 -1 -0
    outer loop
      vertex 137 124.4 2.5
      vertex 113.54 124.4 0
      vertex 137 124.4 0
    endloop
  endfacet
  facet normal 0.382929 0 -0.923778
    outer loop
      vertex 112.518 124.4 -0.681851
      vertex 113 181.6 -0.48205
      vertex 113 124.4 -0.48205
    endloop
  endfacet
  facet normal 0.382929 0 -0.923778
    outer loop
      vertex 113 181.6 -0.48205
      vertex 112.518 124.4 -0.681851
      vertex 112.518 181.6 -0.681851
    endloop
  endfacet
  facet normal 0 1 0
    outer loop
      vertex 113.54 181.6 0
      vertex 113.54 181.6 2.5
      vertex 137 181.6 2.5
    endloop
  endfacet
  facet normal -0 1 0
    outer loop
      vertex 112 181.6 1.8
      vertex 113.54 181.6 2.5
      vertex 112.142 181.6 1.78126
    endloop
  endfacet
  facet normal 0 1 0
    outer loop
      vertex 113.54 181.6 2.5
      vertex 112 181.6 1.8
      vertex 110.268 181.6 2.25
    endloop
  endfacet
  facet normal 0 1 0
    outer loop
      vertex 113.54 181.6 2.5
      vertex 112.275 181.6 1.72631
      vertex 112.142 181.6 1.78126
    endloop
  endfacet
  facet normal 0 1 0
    outer loop
      vertex 113.54 181.6 2.5
      vertex 112.389 181.6 1.63891
      vertex 112.275 181.6 1.72631
    endloop
  endfacet
  facet normal 0 1 0
    outer loop
      vertex 113.54 181.6 2.5
      vertex 112.476 181.6 1.525
      vertex 112.389 181.6 1.63891
    endloop
  endfacet
  facet normal -0 1 0
    outer loop
      vertex 112.55 181.6 1.25
      vertex 113.54 181.6 2.5
      vertex 113.54 181.6 0
    endloop
  endfacet
  facet normal 0 1 0
    outer loop
      vertex 113.54 181.6 2.5
      vertex 112.531 181.6 1.39235
      vertex 112.476 181.6 1.525
    endloop
  endfacet
  facet normal 0 1 0
    outer loop
      vertex 113.54 181.6 2.5
      vertex 112.55 181.6 1.25
      vertex 112.531 181.6 1.39235
    endloop
  endfacet
  facet normal 0 1 0
    outer loop
      vertex 112.55 181.6 1.25
      vertex 113.54 181.6 0
      vertex 112.531 181.6 1.10765
    endloop
  endfacet
  facet normal 0 1 0
    outer loop
      vertex 112.531 181.6 1.10765
      vertex 113.54 181.6 0
      vertex 112.476 181.6 0.975
    endloop
  endfacet
  facet normal 0 1 0
    outer loop
      vertex 112.476 181.6 0.975
      vertex 113.54 181.6 0
      vertex 112.389 181.6 0.861092
    endloop
  endfacet
  facet normal 0 1 -0
    outer loop
      vertex 113.414 181.6 -0.164213
      vertex 112.389 181.6 0.861092
      vertex 113.54 181.6 0
    endloop
  endfacet
  facet normal 0 1 0
    outer loop
      vertex 112.389 181.6 0.861092
      vertex 113.414 181.6 -0.164213
      vertex 112.275 181.6 0.773686
    endloop
  endfacet
  facet normal 0 1 -0
    outer loop
      vertex 113 181.6 -0.48205
      vertex 112.275 181.6 0.773686
      vertex 113.414 181.6 -0.164213
    endloop
  endfacet
  facet normal 0 1 0
    outer loop
      vertex 113.54 181.6 0
      vertex 137 181.6 2.5
      vertex 137 181.6 0
    endloop
  endfacet
  facet normal 0 1 0
    outer loop
      vertex 112.275 181.6 0.773686
      vertex 113 181.6 -0.48205
      vertex 112.142 181.6 0.718741
    endloop
  endfacet
  facet normal 0 1 -0
    outer loop
      vertex 112.518 181.6 -0.681851
      vertex 112.142 181.6 0.718741
      vertex 113 181.6 -0.48205
    endloop
  endfacet
  facet normal 0 1 0
    outer loop
      vertex 112 181.6 0.700001
      vertex 110.586 181.6 -0.164213
      vertex 110.268 181.6 0.25
    endloop
  endfacet
  facet normal 0 1 0
    outer loop
      vertex 112.142 181.6 0.718741
      vertex 112.518 181.6 -0.681851
      vertex 112 181.6 0.700001
    endloop
  endfacet
  facet normal 0 1 0
    outer loop
      vertex 112 181.6 0.700001
      vertex 111 181.6 -0.48205
      vertex 110.586 181.6 -0.164213
    endloop
  endfacet
  facet normal 0 1 0
    outer loop
      vertex 112 181.6 -0.75
      vertex 112 181.6 0.700001
      vertex 112.518 181.6 -0.681851
    endloop
  endfacet
  facet normal 0 1 0
    outer loop
      vertex 112 181.6 0.700001
      vertex 111.482 181.6 -0.681851
      vertex 111 181.6 -0.48205
    endloop
  endfacet
  facet normal 0 1 0
    outer loop
      vertex 112 181.6 0.700001
      vertex 112 181.6 -0.75
      vertex 111.482 181.6 -0.681851
    endloop
  endfacet
  facet normal 0 1 0
    outer loop
      vertex 112.518 181.6 3.18185
      vertex 111.482 181.6 3.18185
      vertex 112 181.6 3.25
    endloop
  endfacet
  facet normal 0 1 0
    outer loop
      vertex 113.54 181.6 2.5
      vertex 112.518 181.6 3.18185
      vertex 113 181.6 2.98205
    endloop
  endfacet
  facet normal 0 1 0
    outer loop
      vertex 112.518 181.6 3.18185
      vertex 113.54 181.6 2.5
      vertex 111.482 181.6 3.18185
    endloop
  endfacet
  facet normal 0 1 0
    outer loop
      vertex 113.54 181.6 2.5
      vertex 113 181.6 2.98205
      vertex 113.414 181.6 2.66421
    endloop
  endfacet
  facet normal 0 1 0
    outer loop
      vertex 111.482 181.6 3.18185
      vertex 113.54 181.6 2.5
      vertex 111 181.6 2.98205
    endloop
  endfacet
  facet normal 0 1 0
    outer loop
      vertex 111 181.6 2.98205
      vertex 113.54 181.6 2.5
      vertex 110.586 181.6 2.66421
    endloop
  endfacet
  facet normal 0 1 0
    outer loop
      vertex 110.586 181.6 2.66421
      vertex 113.54 181.6 2.5
      vertex 110.268 181.6 2.25
    endloop
  endfacet
  facet normal 0 1 -0
    outer loop
      vertex 111.858 181.6 1.78126
      vertex 110.268 181.6 2.25
      vertex 112 181.6 1.8
    endloop
  endfacet
  facet normal 0 1 -0
    outer loop
      vertex 111.725 181.6 1.72631
      vertex 110.268 181.6 2.25
      vertex 111.858 181.6 1.78126
    endloop
  endfacet
  facet normal 0 1 -0
    outer loop
      vertex 111.611 181.6 1.63891
      vertex 110.268 181.6 2.25
      vertex 111.725 181.6 1.72631
    endloop
  endfacet
  facet normal 0 1 -0
    outer loop
      vertex 111.524 181.6 1.525
      vertex 110.268 181.6 2.25
      vertex 111.611 181.6 1.63891
    endloop
  endfacet
  facet normal 0 1 0
    outer loop
      vertex 110.268 181.6 2.25
      vertex 111.524 181.6 1.525
      vertex 110.068 181.6 1.76764
    endloop
  endfacet
  facet normal 0 1 -0
    outer loop
      vertex 111.469 181.6 1.39235
      vertex 110.068 181.6 1.76764
      vertex 111.524 181.6 1.525
    endloop
  endfacet
  facet normal 0 1 -0
    outer loop
      vertex 111.45 181.6 1.25
      vertex 110.068 181.6 1.76764
      vertex 111.469 181.6 1.39235
    endloop
  endfacet
  facet normal 0 1 0
    outer loop
      vertex 111.45 181.6 1.25
      vertex 110 181.6 1.25
      vertex 110.068 181.6 1.76764
    endloop
  endfacet
  facet normal 0 1 0
    outer loop
      vertex 111.469 181.6 1.10765
      vertex 110 181.6 1.25
      vertex 111.45 181.6 1.25
    endloop
  endfacet
  facet normal 0 1 0
    outer loop
      vertex 110.068 181.6 0.732363
      vertex 111.469 181.6 1.10765
      vertex 111.524 181.6 0.975
    endloop
  endfacet
  facet normal 0 1 0
    outer loop
      vertex 110.268 181.6 0.25
      vertex 111.524 181.6 0.975
      vertex 111.611 181.6 0.861092
    endloop
  endfacet
  facet normal 0 1 0
    outer loop
      vertex 110.268 181.6 0.25
      vertex 111.611 181.6 0.861092
      vertex 111.725 181.6 0.773686
    endloop
  endfacet
  facet normal 0 1 0
    outer loop
      vertex 111.469 181.6 1.10765
      vertex 110.068 181.6 0.732363
      vertex 110 181.6 1.25
    endloop
  endfacet
  facet normal 0 1 0
    outer loop
      vertex 110.268 181.6 0.25
      vertex 111.725 181.6 0.773686
      vertex 111.858 181.6 0.718741
    endloop
  endfacet
  facet normal 0 1 0
    outer loop
      vertex 110.268 181.6 0.25
      vertex 111.858 181.6 0.718741
      vertex 112 181.6 0.700001
    endloop
  endfacet
  facet normal 0 1 0
    outer loop
      vertex 111.524 181.6 0.975
      vertex 110.268 181.6 0.25
      vertex 110.068 181.6 0.732363
    endloop
  endfacet
  facet normal -0.793202 0 -0.608958
    outer loop
      vertex 110.586 124.4 -0.164213
      vertex 110.268 181.6 0.25
      vertex 110.586 181.6 -0.164213
    endloop
  endfacet
  facet normal -0.793202 -0 -0.608958
    outer loop
      vertex 110.268 181.6 0.25
      vertex 110.586 124.4 -0.164213
      vertex 110.268 124.4 0.25
    endloop
  endfacet
  facet normal -0.382929 0 -0.923778
    outer loop
      vertex 111 124.4 -0.48205
      vertex 111.482 181.6 -0.681851
      vertex 111.482 124.4 -0.681851
    endloop
  endfacet
  facet normal -0.382929 0 -0.923778
    outer loop
      vertex 111.482 181.6 -0.681851
      vertex 111 124.4 -0.48205
      vertex 111 181.6 -0.48205
    endloop
  endfacet
  facet normal -0.608959 0 -0.793202
    outer loop
      vertex 110.586 124.4 -0.164213
      vertex 111 181.6 -0.48205
      vertex 111 124.4 -0.48205
    endloop
  endfacet
  facet normal -0.608959 0 -0.793202
    outer loop
      vertex 111 181.6 -0.48205
      vertex 110.586 124.4 -0.164213
      vertex 110.586 181.6 -0.164213
    endloop
  endfacet
  facet normal 0.382927 0 0.923778
    outer loop
      vertex 112.518 181.6 3.18185
      vertex 113 124.4 2.98205
      vertex 113 181.6 2.98205
    endloop
  endfacet
  facet normal 0.382927 0 0.923778
    outer loop
      vertex 113 124.4 2.98205
      vertex 112.518 181.6 3.18185
      vertex 112.518 124.4 3.18185
    endloop
  endfacet
  facet normal -0.608962 0 0.793199
    outer loop
      vertex 110.586 181.6 2.66421
      vertex 111 124.4 2.98205
      vertex 111 181.6 2.98205
    endloop
  endfacet
  facet normal -0.608962 0 0.793199
    outer loop
      vertex 111 124.4 2.98205
      vertex 110.586 181.6 2.66421
      vertex 110.586 124.4 2.66421
    endloop
  endfacet
  facet normal -0.923744 0 0.38301
    outer loop
      vertex 110.068 124.4 1.76764
      vertex 110.268 181.6 2.25
      vertex 110.068 181.6 1.76764
    endloop
  endfacet
  facet normal -0.923744 0 0.38301
    outer loop
      vertex 110.268 181.6 2.25
      vertex 110.068 124.4 1.76764
      vertex 110.268 124.4 2.25
    endloop
  endfacet
  facet normal -0.7932 0 0.608961
    outer loop
      vertex 110.268 124.4 2.25
      vertex 110.586 181.6 2.66421
      vertex 110.268 181.6 2.25
    endloop
  endfacet
  facet normal -0.7932 0 0.608961
    outer loop
      vertex 110.586 181.6 2.66421
      vertex 110.268 124.4 2.25
      vertex 110.586 124.4 2.66421
    endloop
  endfacet
  facet normal 0.79336 -0 0.608753
    outer loop
      vertex 113.414 124.4 2.66421
      vertex 113.54 181.6 2.5
      vertex 113.414 181.6 2.66421
    endloop
  endfacet
  facet normal 0.79336 0 0.608753
    outer loop
      vertex 113.54 181.6 2.5
      vertex 113.414 124.4 2.66421
      vertex 113.54 124.4 2.5
    endloop
  endfacet
  facet normal -0.382927 0 0.923778
    outer loop
      vertex 111 181.6 2.98205
      vertex 111.482 124.4 3.18185
      vertex 111.482 181.6 3.18185
    endloop
  endfacet
  facet normal -0.382927 0 0.923778
    outer loop
      vertex 111.482 124.4 3.18185
      vertex 111 181.6 2.98205
      vertex 111 124.4 2.98205
    endloop
  endfacet
  facet normal 0.608962 0 0.793199
    outer loop
      vertex 113 181.6 2.98205
      vertex 113.414 124.4 2.66421
      vertex 113.414 181.6 2.66421
    endloop
  endfacet
  facet normal 0.608962 0 0.793199
    outer loop
      vertex 113.414 124.4 2.66421
      vertex 113 181.6 2.98205
      vertex 113 124.4 2.98205
    endloop
  endfacet
  facet normal 1 -0 0
    outer loop
      vertex 137 124.4 2.5
      vertex 137 181.6 0
      vertex 137 181.6 2.5
    endloop
  endfacet
  facet normal 1 0 0
    outer loop
      vertex 137 181.6 0
      vertex 137 124.4 2.5
      vertex 137 124.4 0
    endloop
  endfacet
  facet normal -0 0 1
    outer loop
      vertex 116 158 2.5
      vertex 134 150 2.5
      vertex 134 158 2.5
    endloop
  endfacet
  facet normal 0 0 1
    outer loop
      vertex 134 150 2.5
      vertex 116 158 2.5
      vertex 116 150 2.5
    endloop
  endfacet
  facet normal 0 0 1
    outer loop
      vertex 134 158 2.5
      vertex 137 181.6 2.5
      vertex 134 176 2.5
    endloop
  endfacet
  facet normal -0 0 1
    outer loop
      vertex 113.54 181.6 2.5
      vertex 134 176 2.5
      vertex 137 181.6 2.5
    endloop
  endfacet
  facet normal 0 0 1
    outer loop
      vertex 113.54 181.6 2.5
      vertex 116 158 2.5
      vertex 116 176 2.5
    endloop
  endfacet
  facet normal 0 0 1
    outer loop
      vertex 116 158 2.5
      vertex 113.54 181.6 2.5
      vertex 116 150 2.5
    endloop
  endfacet
  facet normal 0 0 1
    outer loop
      vertex 113.54 124.4 2.5
      vertex 116 150 2.5
      vertex 113.54 181.6 2.5
    endloop
  endfacet
  facet normal 0 0 1
    outer loop
      vertex 134 176 2.5
      vertex 113.54 181.6 2.5
      vertex 116 176 2.5
    endloop
  endfacet
  facet normal 0 0 1
    outer loop
      vertex 137 181.6 2.5
      vertex 134 158 2.5
      vertex 137 124.4 2.5
    endloop
  endfacet
  facet normal -0 0 1
    outer loop
      vertex 134 150 2.5
      vertex 137 124.4 2.5
      vertex 134 158 2.5
    endloop
  endfacet
  facet normal -0 0 1
    outer loop
      vertex 134 132 2.5
      vertex 137 124.4 2.5
      vertex 134 150 2.5
    endloop
  endfacet
  facet normal 0 0 1
    outer loop
      vertex 113.54 124.4 2.5
      vertex 134 132 2.5
      vertex 116 132 2.5
    endloop
  endfacet
  facet normal 0 0 1
    outer loop
      vertex 134 132 2.5
      vertex 113.54 124.4 2.5
      vertex 137 124.4 2.5
    endloop
  endfacet
  facet normal 0 0 1
    outer loop
      vertex 116 150 2.5
      vertex 113.54 124.4 2.5
      vertex 116 132 2.5
    endloop
  endfacet
  facet normal 0 0 -1
    outer loop
      vertex 113.54 124.4 0
      vertex 137 181.6 0
      vertex 137 124.4 0
    endloop
  endfacet
  facet normal -0 0 -1
    outer loop
      vertex 137 181.6 0
      vertex 113.54 124.4 0
      vertex 113.54 181.6 0
    endloop
  endfacet
  facet normal 1 -0 0
    outer loop
      vertex 116 132 2.5
      vertex 116 150 1.8
      vertex 116 150 2.5
    endloop
  endfacet
  facet normal 1 0 0
    outer loop
      vertex 116 150 1.8
      vertex 116 132 2.5
      vertex 116 132 1.8
    endloop
  endfacet
  facet normal 0 -1 0
    outer loop
      vertex 116 150 1.8
      vertex 134 150 2.5
      vertex 116 150 2.5
    endloop
  endfacet
  facet normal 0 -1 -0
    outer loop
      vertex 134 150 2.5
      vertex 116 150 1.8
      vertex 134 150 1.8
    endloop
  endfacet
  facet normal -1 0 0
    outer loop
      vertex 134 132 1.8
      vertex 134 150 2.5
      vertex 134 150 1.8
    endloop
  endfacet
  facet normal -1 -0 0
    outer loop
      vertex 134 150 2.5
      vertex 134 132 1.8
      vertex 134 132 2.5
    endloop
  endfacet
  facet normal 0 1 -0
    outer loop
      vertex 134 132 1.8
      vertex 116 132 2.5
      vertex 134 132 2.5
    endloop
  endfacet
  facet normal 0 1 0
    outer loop
      vertex 116 132 2.5
      vertex 134 132 1.8
      vertex 116 132 1.8
    endloop
  endfacet
  facet normal -0 0 1
    outer loop
      vertex 116 150 1.8
      vertex 134 132 1.8
      vertex 134 150 1.8
    endloop
  endfacet
  facet normal 0 0 1
    outer loop
      vertex 134 132 1.8
      vertex 116 150 1.8
      vertex 116 132 1.8
    endloop
  endfacet
  facet normal 1 -0 0
    outer loop
      vertex 116 158 2.5
      vertex 116 176 1.8
      vertex 116 176 2.5
    endloop
  endfacet
  facet normal 1 0 0
    outer loop
      vertex 116 176 1.8
      vertex 116 158 2.5
      vertex 116 158 1.8
    endloop
  endfacet
  facet normal 0 -1 0
    outer loop
      vertex 116 176 1.8
      vertex 134 176 2.5
      vertex 116 176 2.5
    endloop
  endfacet
  facet normal 0 -1 -0
    outer loop
      vertex 134 176 2.5
      vertex 116 176 1.8
      vertex 134 176 1.8
    endloop
  endfacet
  facet normal -1 0 0
    outer loop
      vertex 134 158 1.8
      vertex 134 176 2.5
      vertex 134 176 1.8
    endloop
  endfacet
  facet normal -1 -0 0
    outer loop
      vertex 134 176 2.5
      vertex 134 158 1.8
      vertex 134 158 2.5
    endloop
  endfacet
  facet normal -0 0 1
    outer loop
      vertex 116 176 1.8
      vertex 134 158 1.8
      vertex 134 176 1.8
    endloop
  endfacet
  facet normal 0 0 1
    outer loop
      vertex 134 158 1.8
      vertex 116 176 1.8
      vertex 116 158 1.8
    endloop
  endfacet
  facet normal 0 1 -0
    outer loop
      vertex 134 158 1.8
      vertex 116 158 2.5
      vertex 134 158 2.5
    endloop
  endfacet
  facet normal 0 1 0
    outer loop
      vertex 116 158 2.5
      vertex 134 158 1.8
      vertex 116 158 1.8
    endloop
  endfacet
  facet normal -0.794715 0 0.606983
    outer loop
      vertex 112.389 124.4 0.861092
      vertex 112.476 181.6 0.975
      vertex 112.389 181.6 0.861092
    endloop
  endfacet
  facet normal -0.794715 0 0.606983
    outer loop
      vertex 112.476 181.6 0.975
      vertex 112.389 124.4 0.861092
      vertex 112.476 124.4 0.975
    endloop
  endfacet
  facet normal -0.608458 0 0.793586
    outer loop
      vertex 112.275 181.6 0.773686
      vertex 112.389 124.4 0.861092
      vertex 112.389 181.6 0.861092
    endloop
  endfacet
  facet normal -0.608458 0 0.793586
    outer loop
      vertex 112.389 124.4 0.861092
      vertex 112.275 181.6 0.773686
      vertex 112.275 124.4 0.773686
    endloop
  endfacet
  facet normal -0.130837 0 0.991404
    outer loop
      vertex 112 181.6 0.700001
      vertex 112.142 124.4 0.718741
      vertex 112.142 181.6 0.718741
    endloop
  endfacet
  facet normal -0.130837 0 0.991404
    outer loop
      vertex 112.142 124.4 0.718741
      vertex 112 181.6 0.700001
      vertex 112 124.4 0.700001
    endloop
  endfacet
  facet normal 0.381821 0 0.924236
    outer loop
      vertex 111.725 181.6 0.773686
      vertex 111.858 124.4 0.718741
      vertex 111.858 181.6 0.718741
    endloop
  endfacet
  facet normal 0.381821 0 0.924236
    outer loop
      vertex 111.858 124.4 0.718741
      vertex 111.725 181.6 0.773686
      vertex 111.725 124.4 0.773686
    endloop
  endfacet
  facet normal 0.608458 0 0.793586
    outer loop
      vertex 111.611 181.6 0.861092
      vertex 111.725 124.4 0.773686
      vertex 111.725 181.6 0.773686
    endloop
  endfacet
  facet normal 0.608458 0 0.793586
    outer loop
      vertex 111.725 124.4 0.773686
      vertex 111.611 181.6 0.861092
      vertex 111.611 124.4 0.861092
    endloop
  endfacet
  facet normal -0.99121 0 -0.132301
    outer loop
      vertex 112.55 124.4 1.25
      vertex 112.531 181.6 1.39235
      vertex 112.55 181.6 1.25
    endloop
  endfacet
  facet normal -0.99121 -0 -0.132301
    outer loop
      vertex 112.531 181.6 1.39235
      vertex 112.55 124.4 1.25
      vertex 112.531 124.4 1.39235
    endloop
  endfacet
  facet normal -0.923745 0 0.383008
    outer loop
      vertex 112.476 124.4 0.975
      vertex 112.531 181.6 1.10765
      vertex 112.476 181.6 0.975
    endloop
  endfacet
  facet normal -0.923745 0 0.383008
    outer loop
      vertex 112.531 181.6 1.10765
      vertex 112.476 124.4 0.975
      vertex 112.531 124.4 1.10765
    endloop
  endfacet
  facet normal 0.130837 0 0.991404
    outer loop
      vertex 111.858 181.6 0.718741
      vertex 112 124.4 0.700001
      vertex 112 181.6 0.700001
    endloop
  endfacet
  facet normal 0.130837 0 0.991404
    outer loop
      vertex 112 124.4 0.700001
      vertex 111.858 181.6 0.718741
      vertex 111.858 124.4 0.718741
    endloop
  endfacet
  facet normal -0.381821 0 0.924236
    outer loop
      vertex 112.142 181.6 0.718741
      vertex 112.275 124.4 0.773686
      vertex 112.275 181.6 0.773686
    endloop
  endfacet
  facet normal -0.381821 0 0.924236
    outer loop
      vertex 112.275 124.4 0.773686
      vertex 112.142 181.6 0.718741
      vertex 112.142 124.4 0.718741
    endloop
  endfacet
  facet normal 0.99121 -0 0.132301
    outer loop
      vertex 111.45 124.4 1.25
      vertex 111.469 181.6 1.10765
      vertex 111.45 181.6 1.25
    endloop
  endfacet
  facet normal 0.99121 0 0.132301
    outer loop
      vertex 111.469 181.6 1.10765
      vertex 111.45 124.4 1.25
      vertex 111.469 124.4 1.10765
    endloop
  endfacet
  facet normal 0.794715 -0 0.606983
    outer loop
      vertex 111.524 124.4 0.975
      vertex 111.611 181.6 0.861092
      vertex 111.524 181.6 0.975
    endloop
  endfacet
  facet normal 0.794715 0 0.606983
    outer loop
      vertex 111.611 181.6 0.861092
      vertex 111.524 124.4 0.975
      vertex 111.611 124.4 0.861092
    endloop
  endfacet
  facet normal -0.99121 0 0.132301
    outer loop
      vertex 112.531 124.4 1.10765
      vertex 112.55 181.6 1.25
      vertex 112.531 181.6 1.10765
    endloop
  endfacet
  facet normal -0.99121 0 0.132301
    outer loop
      vertex 112.55 181.6 1.25
      vertex 112.531 124.4 1.10765
      vertex 112.55 124.4 1.25
    endloop
  endfacet
  facet normal 0.608432 0 -0.793606
    outer loop
      vertex 111.611 124.4 1.63891
      vertex 111.725 181.6 1.72631
      vertex 111.725 124.4 1.72631
    endloop
  endfacet
  facet normal 0.608432 0 -0.793606
    outer loop
      vertex 111.725 181.6 1.72631
      vertex 111.611 124.4 1.63891
      vertex 111.611 181.6 1.63891
    endloop
  endfacet
  facet normal 0.79472 0 -0.606976
    outer loop
      vertex 111.611 124.4 1.63891
      vertex 111.524 181.6 1.525
      vertex 111.611 181.6 1.63891
    endloop
  endfacet
  facet normal 0.79472 0 -0.606976
    outer loop
      vertex 111.524 181.6 1.525
      vertex 111.611 124.4 1.63891
      vertex 111.524 124.4 1.525
    endloop
  endfacet
  facet normal -0.79472 0 -0.606976
    outer loop
      vertex 112.476 124.4 1.525
      vertex 112.389 181.6 1.63891
      vertex 112.476 181.6 1.525
    endloop
  endfacet
  facet normal -0.79472 -0 -0.606976
    outer loop
      vertex 112.389 181.6 1.63891
      vertex 112.476 124.4 1.525
      vertex 112.389 124.4 1.63891
    endloop
  endfacet
  facet normal 0.923745 -0 0.383008
    outer loop
      vertex 111.469 124.4 1.10765
      vertex 111.524 181.6 0.975
      vertex 111.469 181.6 1.10765
    endloop
  endfacet
  facet normal 0.923745 0 0.383008
    outer loop
      vertex 111.524 181.6 0.975
      vertex 111.469 124.4 1.10765
      vertex 111.524 124.4 0.975
    endloop
  endfacet
  facet normal -0.923745 0 -0.383008
    outer loop
      vertex 112.531 124.4 1.39235
      vertex 112.476 181.6 1.525
      vertex 112.531 181.6 1.39235
    endloop
  endfacet
  facet normal -0.923745 -0 -0.383008
    outer loop
      vertex 112.476 181.6 1.525
      vertex 112.531 124.4 1.39235
      vertex 112.476 124.4 1.525
    endloop
  endfacet
  facet normal 0.99121 0 -0.132301
    outer loop
      vertex 111.469 124.4 1.39235
      vertex 111.45 181.6 1.25
      vertex 111.469 181.6 1.39235
    endloop
  endfacet
  facet normal 0.99121 0 -0.132301
    outer loop
      vertex 111.45 181.6 1.25
      vertex 111.469 124.4 1.39235
      vertex 111.45 124.4 1.25
    endloop
  endfacet
  facet normal -0.38185 0 -0.924224
    outer loop
      vertex 112.142 124.4 1.78126
      vertex 112.275 181.6 1.72631
      vertex 112.275 124.4 1.72631
    endloop
  endfacet
  facet normal -0.38185 0 -0.924224
    outer loop
      vertex 112.275 181.6 1.72631
      vertex 112.142 124.4 1.78126
      vertex 112.142 181.6 1.78126
    endloop
  endfacet
  facet normal -0.608432 0 -0.793606
    outer loop
      vertex 112.275 124.4 1.72631
      vertex 112.389 181.6 1.63891
      vertex 112.389 124.4 1.63891
    endloop
  endfacet
  facet normal -0.608432 0 -0.793606
    outer loop
      vertex 112.389 181.6 1.63891
      vertex 112.275 124.4 1.72631
      vertex 112.275 181.6 1.72631
    endloop
  endfacet
  facet normal 0.38185 0 -0.924224
    outer loop
      vertex 111.725 124.4 1.72631
      vertex 111.858 181.6 1.78126
      vertex 111.858 124.4 1.78126
    endloop
  endfacet
  facet normal 0.38185 0 -0.924224
    outer loop
      vertex 111.858 181.6 1.78126
      vertex 111.725 124.4 1.72631
      vertex 111.725 181.6 1.72631
    endloop
  endfacet
  facet normal -0.130837 0 -0.991404
    outer loop
      vertex 112 124.4 1.8
      vertex 112.142 181.6 1.78126
      vertex 112.142 124.4 1.78126
    endloop
  endfacet
  facet normal -0.130837 0 -0.991404
    outer loop
      vertex 112.142 181.6 1.78126
      vertex 112 124.4 1.8
      vertex 112 181.6 1.8
    endloop
  endfacet
  facet normal 0.923745 0 -0.383008
    outer loop
      vertex 111.524 124.4 1.525
      vertex 111.469 181.6 1.39235
      vertex 111.524 181.6 1.525
    endloop
  endfacet
  facet normal 0.923745 0 -0.383008
    outer loop
      vertex 111.469 181.6 1.39235
      vertex 111.524 124.4 1.525
      vertex 111.469 124.4 1.39235
    endloop
  endfacet
  facet normal 0.130837 0 -0.991404
    outer loop
      vertex 111.858 124.4 1.78126
      vertex 112 181.6 1.8
      vertex 112 124.4 1.8
    endloop
  endfacet
  facet normal 0.130837 0 -0.991404
    outer loop
      vertex 112 181.6 1.8
      vertex 111.858 124.4 1.78126
      vertex 111.858 181.6 1.78126
    endloop
  endfacet
endsolid OpenSCAD_Model
