# https://github.com/mikedh/trimesh

o OpenSCAD_Model
v -2.17667794 2.50000000 2.47425860
v -2.17667794 2.68181818 2.33789497
v -2.17667794 2.50000000 2.36516770
v -2.17667794 2.71892273 2.47425860
v -2.17667794 2.71892273 2.33789497
v -2.17667794 1.27033182 1.09244042
v -2.17667794 1.27272727 1.11062224
v -2.17667794 2.50000000 1.09244042
v -2.17667794 1.95454545 -0.72574140
v -2.17667794 1.95454545 -0.70755958
v -2.17667794 2.50000000 -0.72574140
v -2.17667794 1.95454545 -1.08937776
v -2.17667794 1.95454545 -0.79846867
v -2.17667794 2.50000000 -1.08937776
v -2.17667794 1.95454545 -1.45301412
v -2.17667794 1.95454545 -1.16210503
v -2.17667794 2.50000000 -1.45301412
v -2.17667794 1.95454545 -1.81665049
v -2.17667794 2.50000000 -1.74315049
v -2.17667794 2.50000000 -1.81665049
v -2.17667794 2.50000000 -1.70755958
v -2.17667794 2.50000000 -1.67196867
v -2.17667794 2.50000000 -1.52574140
v -2.17667794 1.95454545 -1.52574140
v -2.17667794 2.50000000 -2.47119594
v -2.17667794 2.68181818 -2.48028685
v -2.17667794 2.50000000 -2.49846867
v -2.17667794 2.50000000 -2.25301412
v -2.17667794 0.13636364 -2.25301412
v -2.17667794 2.50000000 -2.18028685
v -2.17667794 1.20534545 -2.15901412
v -2.17667794 1.18181818 -2.16210503
v -2.17667794 1.22727273 -2.14992321
v -2.17667794 1.24610000 -2.13546867
v -2.17667794 1.95454545 -1.88937776
v -2.17667794 1.26054545 -2.11665049
v -2.17667794 1.26963182 -2.09474140
v -2.17667794 1.27272727 -2.07119594
v -2.17667794 1.26963182 -2.04766867
v -2.17667794 1.26054545 -2.02574140
v -2.17667794 1.24610000 -2.00691412
v -2.17667794 1.22727273 -1.99246867
v -2.17667794 1.20534545 -1.98338230
v -2.17667794 1.18181818 -1.98028685
v -2.17667794 0.13636364 -1.88937776
v -2.17667794 2.50000000 -1.88937776
v -2.17667794 2.65909091 -1.74315049
v -2.17667794 2.65909091 -1.67196867
v -2.17667794 2.50000000 -1.16210503
v -2.17667794 2.50000000 -0.79846867
v -2.17667794 2.50000000 -0.43483230
v -2.17667794 0.13636364 -0.43483230
v -2.17667794 2.50000000 -0.36210503
v -2.17667794 2.50000000 -0.07119594
v -2.17667794 0.13636364 -0.07119594
v -2.17667794 2.65909091 1.43866770
v -2.17667794 2.50000000 0.00153133
v -2.17667794 2.50000000 0.29244042
v -2.17667794 0.13636364 0.29244042
v -2.17667794 2.50000000 0.36516770
v -2.17667794 2.50000000 0.65607679
v -2.17667794 0.13636364 0.65607679
v -2.17667794 2.50000000 0.72880406
v -2.17667794 2.50000000 1.01971315
v -2.17667794 0.13636364 1.01971315
v -2.17667794 1.26963182 1.13414951
v -2.17667794 2.50000000 1.38334951
v -2.17667794 1.26054545 1.15607679
v -2.17667794 1.24610000 1.17490406
v -2.17667794 1.22727273 1.18935406
v -2.17667794 1.20534545 1.19843588
v -2.17667794 1.18181818 1.20153133
v -2.17667794 0.13636364 1.38334951
v -2.17667794 2.50000000 1.43866770
v -2.17667794 2.65909091 1.50984951
v -2.17667794 2.50000000 1.50984951
v -2.17667794 2.50000000 1.74698588
v -2.17667794 2.50000000 1.81971315
v -2.17667794 2.50000000 2.11062224
v -2.17667794 0.13636364 2.11062224
v -2.17667794 2.50000000 2.18334951
v -2.17667794 0.09090909 -2.49846867
v -2.17667794 0.13636364 -2.61665049
v -2.17667794 0.00000000 -2.61665049
v -2.17667794 0.13636364 -2.50755958
v -2.17667794 0.09090909 -2.47119594
v -2.17667794 0.13636364 -2.18028685
v -2.17667794 1.15829091 -2.15901412
v -2.17667794 1.13636364 -2.14992321
v -2.17667794 1.11753636 -2.13546867
v -2.17667794 1.10308636 -2.11665049
v -2.17667794 1.09400455 -2.09474140
v -2.17667794 1.09090909 -2.07119594
v -2.17667794 1.09400455 -2.04766867
v -2.17667794 1.10308636 -2.02574140
v -2.17667794 1.11753636 -2.00691412
v -2.17667794 1.13636364 -1.99246867
v -2.17667794 1.15829091 -1.98338230
v -2.17667794 0.13636364 -0.70755958
v -2.17667794 0.13636364 -0.36210503
v -2.17667794 0.13636364 0.00153133
v -2.17667794 0.00000000 2.47425860
v -2.17667794 0.13636364 0.36516770
v -2.17667794 0.13636364 0.72880406
v -2.17667794 0.13636364 1.09244042
v -2.17667794 1.09090909 1.11062224
v -2.17667794 1.09330455 1.09244042
v -2.17667794 1.09400455 1.13414951
v -2.17667794 1.10308636 1.15607679
v -2.17667794 1.11753636 1.17490406
v -2.17667794 1.13636364 1.18935406
v -2.17667794 1.15829091 1.19843588
v -2.17667794 0.13636364 1.45607679
v -2.17667794 2.50000000 1.47425860
v -2.17667794 2.50000000 1.45607679
v -2.17667794 0.13636364 1.74698588
v -2.17667794 0.13636364 1.81971315
v -2.17667794 0.13636364 2.36516770
v -2.17667794 0.13636364 2.18334951
v -2.17667794 0.13636364 2.47425860
v -2.17667794 2.50000000 -2.61665049
v -2.17667794 2.50000000 -2.50755958
v -2.17667794 2.71892273 -2.61665049
v -2.17667794 2.71892273 -2.48028685
v -2.06758703 2.50000000 -2.65301412
v -2.06758703 2.50000000 -2.61665049
v -2.21304153 2.50000000 -2.65301412
v -2.21304153 2.50000000 -2.50755958
v 2.14150388 2.50000000 2.47425860
v 2.17786752 2.50000000 2.36516770
v 2.14150388 2.50000000 2.36516770
v 2.17786752 2.50000000 2.51062220
v 2.03241297 2.50000000 2.51062220
v 2.03241297 2.50000000 2.47425860
v 2.17786752 2.50000000 -2.68937776
v 2.14150388 2.50000000 -2.61665049
v 2.17786752 2.50000000 -2.50755958
v 2.13695842 2.50000000 -2.65301412
v 2.13695842 2.50000000 -2.68937776
v 2.03241297 2.50000000 -2.61665049
v 2.03241297 2.50000000 -2.65301412
v 2.14150388 2.50000000 -2.50755958
v -2.21304153 2.50000000 2.36516770
v -2.06758703 2.50000000 2.47425860
v -2.17213251 2.50000000 2.51062220
v -2.06758703 2.50000000 2.51062220
v -2.21304153 2.50000000 2.54698588
v -2.17213251 2.50000000 2.54698588
v -2.04944885 2.50000000 1.44016770
v -2.04031430 2.50000000 1.43866770
v -2.04157612 2.50000000 1.43562224
v -2.04263748 2.50000000 1.45661315
v -2.04031430 2.50000000 1.47425860
v -2.05385612 2.50000000 1.41961770
v -2.06028430 2.50000000 1.42604497
v -2.06985976 2.50000000 1.40734042
v -2.07440521 2.50000000 1.41521315
v -2.08849658 2.50000000 1.39961770
v -2.09084930 2.50000000 1.40839951
v -2.10849612 2.50000000 1.39698588
v -2.10849612 2.50000000 1.40607679
v -2.12614294 2.50000000 1.40839951
v -2.12849567 2.50000000 1.39961770
v -2.14258703 2.50000000 1.41521315
v -2.14713248 2.50000000 1.40734042
v -2.15670794 2.50000000 1.42604497
v -2.16313621 2.50000000 1.41961770
v -2.16754335 2.50000000 1.44016770
v -2.17541627 2.50000000 1.43562224
v -2.17435470 2.50000000 1.45661315
v -2.21304153 2.50000000 1.38334951
v -2.21304153 2.50000000 1.45607679
v -2.04263748 2.50000000 1.49190406
v -2.04031430 2.50000000 1.50984951
v -2.04944885 2.50000000 1.50834951
v -2.04157612 2.50000000 1.51289497
v -2.05385612 2.50000000 1.52889951
v -2.06028430 2.50000000 1.52247224
v -2.06985976 2.50000000 1.54117679
v -2.07440521 2.50000000 1.53330406
v -2.08849658 2.50000000 1.54889951
v -2.09084930 2.50000000 1.54011770
v -2.10849612 2.50000000 1.54244042
v -2.10849612 2.50000000 1.55153133
v -2.12614294 2.50000000 1.54011770
v -2.12849567 2.50000000 1.54889951
v -2.14258703 2.50000000 1.53330406
v -2.14713248 2.50000000 1.54117679
v -2.15670794 2.50000000 1.52247224
v -2.16313621 2.50000000 1.52889951
v -2.16754335 2.50000000 1.50834951
v -2.17435470 2.50000000 1.49190406
v -2.17541627 2.50000000 1.51289497
v -2.04944885 2.50000000 -1.74165049
v -2.04031430 2.50000000 -1.74315049
v -2.04157612 2.50000000 -1.74619594
v -2.04263748 2.50000000 -1.72520503
v -2.04031430 2.50000000 -1.70755958
v -2.05385612 2.50000000 -1.76220049
v -2.06028430 2.50000000 -1.75577321
v -2.06985976 2.50000000 -1.77447776
v -2.07440521 2.50000000 -1.76660503
v -2.08849658 2.50000000 -1.78220049
v -2.09084930 2.50000000 -1.77341867
v -2.10849612 2.50000000 -1.78483230
v -2.10849612 2.50000000 -1.77574140
v -2.12614294 2.50000000 -1.77341867
v -2.12849567 2.50000000 -1.78220049
v -2.14258703 2.50000000 -1.76660503
v -2.14713248 2.50000000 -1.77447776
v -2.15670794 2.50000000 -1.75577321
v -2.16313621 2.50000000 -1.76220049
v -2.16754335 2.50000000 -1.74165049
v -2.17541627 2.50000000 -1.74619594
v -2.17435470 2.50000000 -1.72520503
v -2.04263748 2.50000000 -1.68991412
v -2.04031430 2.50000000 -1.67196867
v -2.04944885 2.50000000 -1.67346867
v -2.04157612 2.50000000 -1.66892321
v -2.05385612 2.50000000 -1.65291867
v -2.06028430 2.50000000 -1.65934594
v -2.06985976 2.50000000 -1.64064140
v -2.07440521 2.50000000 -1.64851412
v -2.08849658 2.50000000 -1.63291867
v -2.09084930 2.50000000 -1.64170049
v -2.10849612 2.50000000 -1.63937776
v -2.10849612 2.50000000 -1.63028685
v -2.12614294 2.50000000 -1.64170049
v -2.12849567 2.50000000 -1.63291867
v -2.14258703 2.50000000 -1.64851412
v -2.14713248 2.50000000 -1.64064140
v -2.15670794 2.50000000 -1.65934594
v -2.16313621 2.50000000 -1.65291867
v -2.16754335 2.50000000 -1.67346867
v -2.17435470 2.50000000 -1.68991412
v -2.17541627 2.50000000 -1.66892321
v 2.13236752 2.50000000 1.44016770
v 2.14150388 2.50000000 1.43866770
v 2.14024024 2.50000000 1.43562224
v 2.13918115 2.50000000 1.45661315
v 2.14150388 2.50000000 1.47425860
v 2.12796297 2.50000000 1.41961770
v 2.12153570 2.50000000 1.42604497
v 2.11195842 2.50000000 1.40734042
v 2.10741297 2.50000000 1.41521315
v 2.09332206 2.50000000 1.39961770
v 2.09096752 2.50000000 1.40839951
v 2.07332206 2.50000000 1.39698588
v 2.07332206 2.50000000 1.40607679
v 2.05567661 2.50000000 1.40839951
v 2.05332206 2.50000000 1.39961770
v 2.03923115 2.50000000 1.41521315
v 2.03468570 2.50000000 1.40734042
v 2.02510842 2.50000000 1.42604497
v 2.01868115 2.50000000 1.41961770
v 2.01427661 2.50000000 1.44016770
v 2.00640388 2.50000000 1.43562224
v 2.00514024 2.50000000 1.43866770
v 2.00746297 2.50000000 1.45661315
v 2.00514024 2.50000000 1.47425860
v 2.13918115 2.50000000 1.49190406
v 2.14150388 2.50000000 1.50984951
v 2.13236752 2.50000000 1.50834951
v 2.14024024 2.50000000 1.51289497
v 2.12796297 2.50000000 1.52889951
v 2.12153570 2.50000000 1.52247224
v 2.11195842 2.50000000 1.54117679
v 2.10741297 2.50000000 1.53330406
v 2.09332206 2.50000000 1.54889951
v 2.09096752 2.50000000 1.54011770
v 2.07332206 2.50000000 1.54244042
v 2.07332206 2.50000000 1.55153133
v 2.05567661 2.50000000 1.54011770
v 2.05332206 2.50000000 1.54889951
v 2.03923115 2.50000000 1.53330406
v 2.03468570 2.50000000 1.54117679
v 2.02510842 2.50000000 1.52247224
v 2.01868115 2.50000000 1.52889951
v 2.01427661 2.50000000 1.50834951
v 2.00514024 2.50000000 1.50984951
v 2.00746297 2.50000000 1.49190406
v 2.00640388 2.50000000 1.51289497
v 2.13236752 2.50000000 -1.74165049
v 2.14150388 2.50000000 -1.74315049
v 2.14024024 2.50000000 -1.74619594
v 2.13918115 2.50000000 -1.72520503
v 2.14150388 2.50000000 -1.70755958
v 2.12796297 2.50000000 -1.76220049
v 2.12153570 2.50000000 -1.75577321
v 2.11195842 2.50000000 -1.77447776
v 2.10741297 2.50000000 -1.76660503
v 2.09332206 2.50000000 -1.78220049
v 2.09096752 2.50000000 -1.77341867
v 2.07332206 2.50000000 -1.78483230
v 2.07332206 2.50000000 -1.77574140
v 2.05567661 2.50000000 -1.77341867
v 2.05332206 2.50000000 -1.78220049
v 2.03923115 2.50000000 -1.76660503
v 2.03468570 2.50000000 -1.77447776
v 2.02510842 2.50000000 -1.75577321
v 2.01868115 2.50000000 -1.76220049
v 2.01427661 2.50000000 -1.74165049
v 2.00640388 2.50000000 -1.74619594
v 2.00514024 2.50000000 -1.74315049
v 2.00746297 2.50000000 -1.72520503
v 2.00514024 2.50000000 -1.70755958
v 2.13918115 2.50000000 -1.68991412
v 2.14150388 2.50000000 -1.67196867
v 2.13236752 2.50000000 -1.67346867
v 2.14024024 2.50000000 -1.66892321
v 2.12796297 2.50000000 -1.65291867
v 2.12153570 2.50000000 -1.65934594
v 2.11195842 2.50000000 -1.64064140
v 2.10741297 2.50000000 -1.64851412
v 2.09332206 2.50000000 -1.63291867
v 2.09096752 2.50000000 -1.64170049
v 2.07332206 2.50000000 -1.63937776
v 2.07332206 2.50000000 -1.63028685
v 2.05567661 2.50000000 -1.64170049
v 2.05332206 2.50000000 -1.63291867
v 2.03923115 2.50000000 -1.64851412
v 2.03468570 2.50000000 -1.64064140
v 2.02510842 2.50000000 -1.65934594
v 2.01868115 2.50000000 -1.65291867
v 2.01427661 2.50000000 -1.67346867
v 2.00514024 2.50000000 -1.67196867
v 2.00746297 2.50000000 -1.68991412
v 2.00640388 2.50000000 -1.66892321
v -1.85849612 2.50000000 2.35607679
v -1.88576839 2.50000000 2.35607679
v -1.85849612 2.50000000 2.33789497
v -1.49485976 2.50000000 2.35607679
v -1.52213248 2.50000000 2.35607679
v -1.49485976 2.50000000 2.33789497
v -1.13122339 2.50000000 2.35607679
v -1.15849612 2.50000000 2.35607679
v -1.13122339 2.50000000 2.33789497
v -0.76758703 2.50000000 2.35607679
v -0.79485976 2.50000000 2.35607679
v -0.76758703 2.50000000 2.33789497
v -0.40395067 2.50000000 2.35607679
v -0.43122339 2.50000000 2.35607679
v -0.40395067 2.50000000 2.33789497
v -0.04031430 2.50000000 2.35607679
v -0.06758703 2.50000000 2.35607679
v -0.04031430 2.50000000 2.33789497
v 0.32332206 2.50000000 2.35607679
v 0.29604933 2.50000000 2.35607679
v 0.32332206 2.50000000 2.33789497
v 0.68695842 2.50000000 2.35607679
v 0.65968570 2.50000000 2.35607679
v 0.68695842 2.50000000 2.33789497
v 1.05059479 2.50000000 2.35607679
v 1.02332206 2.50000000 2.35607679
v 1.05059479 2.50000000 2.33789497
v 1.41423115 2.50000000 2.35607679
v 1.38695842 2.50000000 2.35607679
v 1.41423115 2.50000000 2.33789497
v 1.77786752 2.50000000 2.33789497
v 2.00514024 2.50000000 2.13789451
v 2.00514024 2.50000000 2.33789497
v 1.77786752 2.50000000 2.11062224
v 2.00514024 2.50000000 2.11062224
v 2.00514024 2.50000000 1.77425860
v 2.00514024 2.50000000 1.74698588
v 1.99868115 2.50000000 1.49425860
v 2.00514024 2.50000000 -1.49846867
v 1.85059479 2.50000000 -2.48028685
v 1.99604933 2.50000000 -1.70755958
v 1.99604933 2.50000000 1.47425860
v 1.82332206 2.50000000 -2.48028685
v 1.85059479 2.50000000 -2.49846867
v 2.00514024 2.50000000 0.31971315
v 1.77786752 2.50000000 -2.25301412
v 1.48695842 2.50000000 -2.48028685
v 1.45968570 2.50000000 -2.48028685
v 1.48695842 2.50000000 -2.49846867
v 1.12332206 2.50000000 -2.48028685
v 1.09604933 2.50000000 -2.48028685
v 1.12332206 2.50000000 -2.49846867
v 0.75968570 2.50000000 -2.48028685
v 0.73241297 2.50000000 -2.48028685
v 0.75968570 2.50000000 -2.49846867
v 0.39604933 2.50000000 -2.48028685
v 0.36877661 2.50000000 -2.48028685
v 0.39604933 2.50000000 -2.49846867
v 0.03241297 2.50000000 -2.48028685
v 0.00514024 2.50000000 -2.48028685
v 0.03241297 2.50000000 -2.49846867
v -1.81304158 2.50000000 -2.25301412
v -0.33122339 2.50000000 -2.48028685
v -0.35849612 2.50000000 -2.48028685
v -0.33122339 2.50000000 -2.49846867
v -0.69485976 2.50000000 -2.48028685
v -0.72213248 2.50000000 -2.48028685
v -0.69485976 2.50000000 -2.49846867
v -1.05849612 2.50000000 -2.48028685
v -1.08576885 2.50000000 -2.48028685
v -1.05849612 2.50000000 -2.49846867
v -1.42213248 2.50000000 -2.48028685
v -1.44940521 2.50000000 -2.48028685
v -1.42213248 2.50000000 -2.49846867
v -1.78576930 2.50000000 -2.48028685
v -1.81304158 2.50000000 -2.48028685
v -1.78576930 2.50000000 -2.49846867
v -1.81304158 2.50000000 -2.49846867
v 2.02332206 2.50000000 2.11062224
v 2.02332206 2.50000000 2.13789451
v 2.02332206 2.50000000 1.74698588
v 2.02332206 2.50000000 1.77425860
v 1.99868115 2.50000000 1.45425860
v 2.00514024 2.50000000 1.41062224
v 2.00514024 2.50000000 1.38334951
v 2.00514024 2.50000000 1.04698588
v 2.00514024 2.50000000 1.01971315
v 2.00514024 2.50000000 0.68334951
v 2.00514024 2.50000000 0.65607679
v 2.00514024 2.50000000 0.29244042
v 2.00514024 2.50000000 -0.04392321
v 2.00514024 2.50000000 -0.07119594
v 2.00514024 2.50000000 -0.40755958
v 2.00514024 2.50000000 -0.43483230
v 2.00514024 2.50000000 -0.77119594
v 2.00514024 2.50000000 -0.79846867
v 2.00514024 2.50000000 -1.13483230
v 2.00514024 2.50000000 -1.16210503
v 2.00514024 2.50000000 -1.52574140
v 1.99868115 2.50000000 -1.68755958
v 2.02332206 2.50000000 1.38334951
v 2.02332206 2.50000000 1.41062224
v 2.02332206 2.50000000 1.01971315
v 2.02332206 2.50000000 1.04698588
v 2.02332206 2.50000000 0.65607679
v 2.02332206 2.50000000 0.68334951
v 2.02332206 2.50000000 0.29244042
v 2.02332206 2.50000000 0.31971315
v 2.02332206 2.50000000 -0.07119594
v 2.02332206 2.50000000 -0.04392321
v 2.02332206 2.50000000 -0.43483230
v 2.02332206 2.50000000 -0.40755958
v 2.02332206 2.50000000 -0.79846867
v 2.02332206 2.50000000 -0.77119594
v 2.02332206 2.50000000 -1.16210503
v 2.02332206 2.50000000 -1.13483230
v 2.02332206 2.50000000 -1.52574140
v 2.02332206 2.50000000 -1.49846867
v 1.99868115 2.50000000 -1.72755958
v 2.00514024 2.50000000 -1.86210503
v 2.00514024 2.50000000 -2.22574140
v 2.00514024 2.50000000 -2.25301412
v 2.00514024 2.50000000 -1.88937776
v 2.00514024 2.50000000 -2.48028685
v 2.02332206 2.50000000 -1.88937776
v 2.02332206 2.50000000 -1.86210503
v 2.02332206 2.50000000 -2.25301412
v 2.02332206 2.50000000 -2.22574140
v 1.82332206 2.50000000 -2.49846867
v 1.75059479 2.50000000 2.33789497
v 1.77786752 2.50000000 2.35607679
v 1.75059479 2.50000000 2.35607679
v 1.38695842 2.50000000 2.33789497
v 1.02332206 2.50000000 2.33789497
v 0.65968570 2.50000000 2.33789497
v 0.29604933 2.50000000 2.33789497
v -0.06758703 2.50000000 2.33789497
v -1.81304158 2.50000000 2.11062224
v -0.43122339 2.50000000 2.33789497
v -0.79485976 2.50000000 2.33789497
v -1.15849612 2.50000000 2.33789497
v -1.52213248 2.50000000 2.33789497
v -2.04031430 2.50000000 -0.07119594
v -1.88576839 2.50000000 2.33789497
v -2.04031430 2.50000000 2.11062224
v -2.04031430 2.50000000 1.35607679
v -2.03122339 2.50000000 1.47425860
v -2.04031430 2.50000000 0.65607679
v -2.04031430 2.50000000 0.62880406
v -2.04031430 2.50000000 -1.88937776
v -2.03385658 2.50000000 -1.72755958
v -2.04031430 2.50000000 -1.91665049
v -2.04031430 2.50000000 -2.25301412
v -2.04031430 2.50000000 -2.28028685
v -2.04031430 2.50000000 -2.48028685
v 1.45968570 2.50000000 -2.49846867
v 1.09604933 2.50000000 -2.49846867
v 0.73241297 2.50000000 -2.49846867
v 0.36877661 2.50000000 -2.49846867
v 0.00514024 2.50000000 -2.49846867
v -0.35849612 2.50000000 -2.49846867
v -0.72213248 2.50000000 -2.49846867
v -1.08576885 2.50000000 -2.49846867
v -1.44940521 2.50000000 -2.49846867
v -2.05849612 2.50000000 -2.25301412
v -2.05849612 2.50000000 -2.28028685
v -2.05849612 2.50000000 -1.88937776
v -2.05849612 2.50000000 -1.91665049
v -2.05849612 2.50000000 -1.52574140
v -2.04031430 2.50000000 -1.55301412
v -2.04031430 2.50000000 -1.52574140
v -2.05849612 2.50000000 -1.55301412
v -2.05849612 2.50000000 -1.16210503
v -2.04031430 2.50000000 -1.18937776
v -2.04031430 2.50000000 -1.16210503
v -2.05849612 2.50000000 -1.18937776
v -2.05849612 2.50000000 -0.79846867
v -2.04031430 2.50000000 -0.82574140
v -2.04031430 2.50000000 -0.79846867
v -2.05849612 2.50000000 -0.82574140
v -2.05849612 2.50000000 -0.43483230
v -2.04031430 2.50000000 -0.46210503
v -2.04031430 2.50000000 -0.43483230
v -2.05849612 2.50000000 -0.46210503
v -2.05849612 2.50000000 -0.07119594
v -2.04031430 2.50000000 -0.09846867
v -2.05849612 2.50000000 -0.09846867
v -2.05849612 2.50000000 0.29244042
v -2.04031430 2.50000000 0.26516770
v -2.04031430 2.50000000 0.29244042
v -2.05849612 2.50000000 0.26516770
v -2.05849612 2.50000000 0.65607679
v -2.05849612 2.50000000 0.62880406
v -2.05849612 2.50000000 1.01971315
v -2.04031430 2.50000000 0.99244042
v -2.04031430 2.50000000 1.01971315
v -2.05849612 2.50000000 0.99244042
v -2.05849612 2.50000000 1.38334951
v -2.04031430 2.50000000 1.38334951
v -2.05849612 2.50000000 1.35607679
v -2.05849612 2.50000000 1.74698588
v -2.04031430 2.50000000 1.71971315
v -2.04031430 2.50000000 1.74698588
v -2.05849612 2.50000000 1.71971315
v -2.05849612 2.50000000 2.11062224
v -2.04031430 2.50000000 2.08334997
v -2.05849612 2.50000000 2.08334997
v -2.03385658 2.50000000 1.45425860
v -2.03122339 2.50000000 -1.70755958
v -2.03385658 2.50000000 -1.68755958
v -2.03385658 2.50000000 1.49425860
v -2.04031430 2.50000000 2.33789497
v 1.09604933 2.50000000 2.47425860
v 1.16877661 2.50000000 2.51062220
v 1.16877661 2.50000000 2.47425860
v 1.09604933 2.50000000 2.51062220
v 0.73241297 2.50000000 2.47425860
v 0.80514024 2.50000000 2.51062220
v 0.80514024 2.50000000 2.47425860
v 0.73241297 2.50000000 2.51062220
v 1.45968570 2.50000000 2.47425860
v 1.53241297 2.50000000 2.51062220
v 1.53241297 2.50000000 2.47425860
v 1.45968570 2.50000000 2.51062220
v -0.35849612 2.50000000 2.47425860
v -0.28576885 2.50000000 2.51062220
v -0.28576885 2.50000000 2.47425860
v -0.35849612 2.50000000 2.51062220
v 0.36877661 2.50000000 2.47425860
v 0.44150388 2.50000000 2.51062220
v 0.44150388 2.50000000 2.47425860
v 0.36877661 2.50000000 2.51062220
v -1.08576885 2.50000000 2.47425860
v -1.01304158 2.50000000 2.51062220
v -1.01304158 2.50000000 2.47425860
v -1.08576885 2.50000000 2.51062220
v -1.81304158 2.50000000 2.47425860
v -1.74031430 2.50000000 2.51062220
v -1.74031430 2.50000000 2.47425860
v -1.81304158 2.50000000 2.51062220
v -0.72213248 2.50000000 2.47425860
v -0.64940521 2.50000000 2.51062220
v -0.64940521 2.50000000 2.47425860
v -0.72213248 2.50000000 2.51062220
v -1.44940521 2.50000000 2.47425860
v -1.37667794 2.50000000 2.51062220
v -1.37667794 2.50000000 2.47425860
v -1.44940521 2.50000000 2.51062220
v 0.00514024 2.50000000 2.47425860
v 0.07786752 2.50000000 2.51062220
v 0.07786752 2.50000000 2.47425860
v 0.00514024 2.50000000 2.51062220
v 1.82332206 2.50000000 2.47425860
v 1.89604933 2.50000000 2.51062220
v 1.89604933 2.50000000 2.47425860
v 1.82332206 2.50000000 2.51062220
v -1.20395067 2.50000000 -2.65301412
v -1.13122339 2.50000000 -2.61665049
v -1.13122339 2.50000000 -2.65301412
v -1.20395067 2.50000000 -2.61665049
v -0.84031430 2.50000000 -2.65301412
v -0.76758703 2.50000000 -2.61665049
v -0.76758703 2.50000000 -2.65301412
v -0.84031430 2.50000000 -2.61665049
v -1.56758703 2.50000000 -2.65301412
v -1.49485976 2.50000000 -2.61665049
v -1.49485976 2.50000000 -2.65301412
v -1.56758703 2.50000000 -2.61665049
v 0.25059479 2.50000000 -2.65301412
v 0.32332206 2.50000000 -2.61665049
v 0.32332206 2.50000000 -2.65301412
v 0.25059479 2.50000000 -2.61665049
v -0.47667794 2.50000000 -2.65301412
v -0.40395067 2.50000000 -2.61665049
v -0.40395067 2.50000000 -2.65301412
v -0.47667794 2.50000000 -2.61665049
v 0.97786752 2.50000000 -2.65301412
v 1.05059479 2.50000000 -2.61665049
v 1.05059479 2.50000000 -2.65301412
v 0.97786752 2.50000000 -2.61665049
v 1.70514024 2.50000000 -2.65301412
v 1.77786752 2.50000000 -2.61665049
v 1.77786752 2.50000000 -2.65301412
v 1.70514024 2.50000000 -2.61665049
v 0.61423115 2.50000000 -2.65301412
v 0.68695842 2.50000000 -2.61665049
v 0.68695842 2.50000000 -2.65301412
v 0.61423115 2.50000000 -2.61665049
v 1.34150388 2.50000000 -2.65301412
v 1.41423115 2.50000000 -2.61665049
v 1.41423115 2.50000000 -2.65301412
v 1.34150388 2.50000000 -2.61665049
v -0.11304158 2.50000000 -2.65301412
v -0.04031430 2.50000000 -2.61665049
v -0.04031430 2.50000000 -2.65301412
v -0.11304158 2.50000000 -2.61665049
v -1.93122339 2.50000000 -2.65301412
v -1.85849612 2.50000000 -2.61665049
v -1.85849612 2.50000000 -2.65301412
v -1.93122339 2.50000000 -2.61665049
v 2.14150388 2.50000000 -0.14392321
v 2.17786752 2.50000000 -0.07119594
v 2.17786752 2.50000000 -0.14392321
v 2.14150388 2.50000000 -0.07119594
v 2.14150388 2.50000000 1.67425860
v 2.17786752 2.50000000 1.74698588
v 2.17786752 2.50000000 1.67425860
v 2.14150388 2.50000000 1.74698588
v 2.14150388 2.50000000 1.31062224
v 2.17786752 2.50000000 1.38334951
v 2.17786752 2.50000000 1.31062224
v 2.14150388 2.50000000 1.38334951
v 2.14150388 2.50000000 -0.50755958
v 2.17786752 2.50000000 -0.43483230
v 2.17786752 2.50000000 -0.50755958
v 2.14150388 2.50000000 -0.43483230
v 2.14150388 2.50000000 -1.59846867
v 2.17786752 2.50000000 -1.52574140
v 2.17786752 2.50000000 -1.59846867
v 2.14150388 2.50000000 -1.52574140
v 2.14150388 2.50000000 -1.96210503
v 2.17786752 2.50000000 -1.88937776
v 2.17786752 2.50000000 -1.96210503
v 2.14150388 2.50000000 -1.88937776
v 2.14150388 2.50000000 0.58334951
v 2.17786752 2.50000000 0.65607679
v 2.17786752 2.50000000 0.58334951
v 2.14150388 2.50000000 0.65607679
v 2.14150388 2.50000000 0.21971315
v 2.17786752 2.50000000 0.29244042
v 2.17786752 2.50000000 0.21971315
v 2.14150388 2.50000000 0.29244042
v 2.14150388 2.50000000 -2.32574140
v 2.17786752 2.50000000 -2.25301412
v 2.17786752 2.50000000 -2.32574140
v 2.14150388 2.50000000 -2.25301412
v 2.14150388 2.50000000 -0.87119594
v 2.17786752 2.50000000 -0.79846867
v 2.17786752 2.50000000 -0.87119594
v 2.14150388 2.50000000 -0.79846867
v 2.14150388 2.50000000 -1.23483230
v 2.17786752 2.50000000 -1.16210503
v 2.17786752 2.50000000 -1.23483230
v 2.14150388 2.50000000 -1.16210503
v 2.14150388 2.50000000 2.03789497
v 2.17786752 2.50000000 2.11062224
v 2.17786752 2.50000000 2.03789497
v 2.14150388 2.50000000 2.11062224
v 2.14150388 2.50000000 0.94698588
v 2.17786752 2.50000000 1.01971315
v 2.17786752 2.50000000 0.94698588
v 2.14150388 2.50000000 1.01971315
v -2.21304153 2.50000000 -0.07119594
v -2.21304153 2.50000000 0.00153133
v -2.21304153 2.50000000 -1.88937776
v -2.21304153 2.50000000 -1.81665049
v -2.21304153 2.50000000 -1.52574140
v -2.21304153 2.50000000 -1.45301412
v -2.21304153 2.50000000 0.29244042
v -2.21304153 2.50000000 0.36516770
v -2.21304153 2.50000000 1.74698588
v -2.21304153 2.50000000 1.81971315
v -2.21304153 2.50000000 -0.79846867
v -2.21304153 2.50000000 -0.72574140
v -2.21304153 2.50000000 -0.43483230
v -2.21304153 2.50000000 -0.36210503
v -2.21304153 2.50000000 2.11062224
v -2.21304153 2.50000000 2.18334951
v -2.21304153 2.50000000 0.65607679
v -2.21304153 2.50000000 0.72880406
v -2.21304153 2.50000000 1.01971315
v -2.21304153 2.50000000 1.09244042
v -2.21304153 2.50000000 -2.25301412
v -2.21304153 2.50000000 -2.18028685
v -2.21304153 2.50000000 -1.16210503
v -2.21304153 2.50000000 -1.08937776
v -2.14940562 2.50000000 -2.49846867
v -2.14940562 2.50000000 -2.47119594
v -2.05849612 2.50000000 2.47425860
v -2.03122339 2.50000000 2.44698629
v -2.03122339 2.50000000 2.47425860
v -2.05849612 2.50000000 2.44698629
v 1.99604933 2.50000000 -2.58937776
v 2.02332206 2.50000000 -2.61665049
v 2.02332206 2.50000000 -2.58937776
v 1.99604933 2.50000000 -2.61665049
v 2.11423115 2.50000000 2.35607679
v 2.14150388 2.50000000 2.32880406
v 2.14150388 2.50000000 2.35607679
v 2.11423115 2.50000000 2.32880406
v 2.14150388 2.68181818 -2.48028685
v 2.14150388 2.71892273 -2.61665049
v 2.14150388 2.71892273 -2.48028685
v 2.14150388 0.13636364 -2.50755958
v 2.14150388 0.00000000 -2.61665049
v 2.14150388 0.13636364 -2.61665049
v 2.14150388 0.13636364 -2.32574140
v 2.14150388 0.13636364 -2.25301412
v 2.14150388 0.13636364 -1.96210503
v 2.14150388 0.13636364 -1.88937776
v 2.14150388 0.13636364 -1.59846867
v 2.14150388 0.13636364 -1.52574140
v 2.14150388 0.13636364 -1.23483230
v 2.14150388 0.13636364 -1.16210503
v 2.14150388 0.88636364 -1.05301412
v 2.14150388 0.13636364 -0.87119594
v 2.14150388 0.88636364 -0.87119594
v 2.14150388 0.13636364 -0.79846867
v 2.14150388 0.13636364 -0.50755958
v 2.14150388 0.77272727 -0.50755958
v 2.14150388 0.13636364 -0.43483230
v 2.14150388 0.13636364 -0.14392321
v 2.14150388 0.77272727 -0.14392321
v 2.14150388 0.13636364 -0.07119594
v 2.14150388 0.13636364 0.21971315
v 2.14150388 0.77272727 0.21971315
v 2.14150388 0.00000000 2.47425860
v 2.14150388 0.13636364 0.29244042
v 2.14150388 0.13636364 0.58334951
v 2.14150388 0.77272727 0.58334951
v 2.14150388 0.13636364 0.65607679
v 2.14150388 0.13636364 0.94698588
v 2.14150388 0.77272727 0.79244042
v 2.14150388 0.88636364 0.94698588
v 2.14150388 0.13636364 1.01971315
v 2.14150388 0.13636364 1.31062224
v 2.14150388 0.13636364 1.38334951
v 2.14150388 0.13636364 1.67425860
v 2.14150388 0.13636364 1.74698588
v 2.14150388 0.13636364 2.03789497
v 2.14150388 0.13636364 2.11062224
v 2.14150388 0.09090909 2.32880406
v 2.14150388 0.09090909 2.35607679
v 2.14150388 0.13636364 2.36516770
v 2.14150388 0.13636364 2.47425860
v 2.14150388 2.71892273 2.47425860
v 2.14150388 2.68181818 2.33789497
v 2.14150388 2.71892273 2.33789497
v 2.14150388 2.13636364 0.74698588
v 2.14150388 2.11363636 0.94698588
v 2.14150388 2.11363636 0.77425860
v 2.14150388 0.77272727 0.65607679
v 2.14150388 0.77272727 0.29244042
v 2.14150388 0.77272727 -0.07119594
v 2.14150388 0.77272727 -0.43483230
v 2.14150388 0.77272727 -0.79846867
v 2.14150388 2.65909091 -1.74315049
v 2.14150388 2.65909091 -1.67196867
v 2.14150388 2.11363636 -1.05301412
v 2.14150388 2.13636364 -0.79846867
v 2.14150388 2.13636364 -0.43483230
v 2.14150388 2.13636364 -0.07119594
v 2.14150388 2.65909091 1.43866770
v 2.14150388 2.13636364 0.29244042
v 2.14150388 2.13636364 0.65607679
v 2.14150388 0.87272727 0.74698588
v 2.14150388 2.65909091 1.50984951
v 2.14150388 2.11363636 -0.87119594
v 2.14150388 2.13636364 -0.50755958
v 2.14150388 2.13636364 -0.14392321
v 2.14150388 2.13636364 0.21971315
v 2.14150388 2.13636364 0.58334951
v 2.14150388 0.88636364 0.77425860
v 2.14150388 0.87272727 0.79244042
v 2.03598570 2.75773636 -2.61665049
v 1.98695842 2.79622727 -2.61665049
v 2.03598570 2.77819091 -2.61665049
v 1.98695842 2.55454545 -2.61665049
v 1.91423115 2.55454545 -2.61665049
v 1.62332206 2.55454545 -2.61665049
v 1.55059479 2.55454545 -2.61665049
v 1.25968570 2.55454545 -2.61665049
v 1.18695842 2.55454545 -2.61665049
v 0.89604933 2.55454545 -2.61665049
v 0.82332206 2.13636364 -2.61665049
v 0.82332206 2.55454545 -2.61665049
v 0.45968570 2.55454545 -2.61665049
v -0.55849612 2.55454545 -2.61665049
v -0.63122339 2.55454545 -2.61665049
v -0.92213248 2.55454545 -2.61665049
v 1.66260842 2.93598636 -2.61665049
v 1.62332206 2.97089091 -2.61665049
v 1.66260842 2.95644091 -2.61665049
v 1.84929479 2.84686364 -2.61665049
v 1.84929479 2.86731818 -2.61665049
v 1.91423115 2.82297727 -2.61665049
v 1.28923115 3.11423182 -2.61665049
v 1.25968570 3.14555455 -2.61665049
v 1.28923115 3.13468636 -2.61665049
v 1.47591752 3.02510909 -2.61665049
v 1.47591752 3.04556364 -2.61665049
v 1.55059479 2.99764091 -2.61665049
v 0.91585388 3.29247727 -2.61665049
v 0.89604933 3.32021818 -2.61665049
v 0.91585388 3.31293182 -2.61665049
v 1.10254479 3.20335455 -2.61665049
v 1.10254479 3.22380909 -2.61665049
v 1.18695842 3.17230455 -2.61665049
v 0.54247661 3.47072273 -2.61665049
v 0.53241297 3.49488182 -2.61665049
v 0.54247661 3.49118182 -2.61665049
v 0.72916752 3.38160000 -2.61665049
v 0.72916752 3.40205455 -2.61665049
v 0.53241297 2.55454545 -2.61665049
v 0.82332206 3.34696818 -2.61665049
v 0.16909933 3.64897273 -2.61665049
v -0.01758703 3.73809545 -2.61665049
v 0.16909933 3.66942727 -2.61665049
v -0.20427339 3.64897273 -2.61665049
v -0.20427339 3.66942727 -2.61665049
v 0.35579024 3.55985000 -2.61665049
v 0.35579024 3.58030455 -2.61665049
v -0.39096430 3.55985000 -2.61665049
v -0.39096430 3.58030455 -2.61665049
v 0.45968570 3.52163182 -2.61665049
v -0.55849612 3.49822727 -2.61665049
v -0.63122339 3.45101818 -2.61665049
v -0.76434158 3.38160000 -2.61665049
v -0.76434158 3.40205455 -2.61665049
v -0.92213248 3.32356364 -2.61665049
v -0.99485976 3.27635455 -2.61665049
v -1.13771885 3.20335455 -2.61665049
v -1.13771885 3.22380909 -2.61665049
v -0.99485976 2.55454545 -2.61665049
v -1.28576885 3.14889545 -2.61665049
v -1.28576885 2.55454545 -2.61665049
v -1.35849612 3.10169091 -2.61665049
v -1.51109158 3.02510909 -2.61665049
v -1.51109158 3.04556364 -2.61665049
v -1.35849612 2.55454545 -2.61665049
v -1.64940521 2.97423182 -2.61665049
v -1.64940521 2.55454545 -2.61665049
v -1.72213248 2.92702727 -2.61665049
v -1.88447067 2.84686364 -2.61665049
v -1.88447067 2.86731818 -2.61665049
v -1.72213248 2.55454545 -2.61665049
v -2.01304158 2.55454545 -2.61665049
v -2.01304158 2.79956818 -2.61665049
v -2.08576885 2.55454545 -2.61665049
v -2.08576885 2.75236364 -2.61665049
v -0.90395067 2.13636364 -2.61665049
v -2.03122339 2.50000000 -2.61665049
v -2.05849612 2.50000000 -2.61665049
v 2.02332206 0.09090909 -2.61665049
v 2.03241297 0.13636364 -2.61665049
v 1.99604933 0.09090909 -2.61665049
v -2.03122339 0.09090909 -2.61665049
v 0.97786752 0.88636364 -2.61665049
v 0.86877661 0.87272727 -2.61665049
v 0.85059479 0.88636364 -2.61665049
v 0.86877661 0.77272727 -2.61665049
v 0.97786752 0.13636364 -2.61665049
v 0.68695842 0.13636364 -2.61665049
v 0.68695842 0.77272727 -2.61665049
v -0.90395067 1.44970000 -2.61665049
v -0.93122339 2.11363636 -2.61665049
v -0.90669612 1.44864091 -2.61665049
v -0.90924158 1.44765455 -2.61665049
v -0.92627794 1.43719545 -2.61665049
v -0.92637794 1.43709091 -2.61665049
v -0.92653248 1.43692727 -2.61665049
v -0.93122339 1.43042727 -2.61665049
v -2.06758703 0.13636364 -2.61665049
v -2.05849612 0.09090909 -2.61665049
v -1.93122339 0.13636364 -2.61665049
v -1.85849612 0.13636364 -2.61665049
v -1.56758703 0.13636364 -2.61665049
v -1.20395067 0.13636364 -2.61665049
v -1.49485976 0.13636364 -2.61665049
v -0.84031430 2.13636364 -2.61665049
v -1.13122339 2.11363636 -2.61665049
v -0.47667794 2.13636364 -2.61665049
v -0.76758703 2.13636364 -2.61665049
v -0.11304158 2.13636364 -2.61665049
v -0.40395067 2.13636364 -2.61665049
v 0.25059479 2.13636364 -2.61665049
v -0.04031430 2.13636364 -2.61665049
v 0.61423115 2.13636364 -2.61665049
v 0.32332206 2.13636364 -2.61665049
v 0.97786752 2.11363636 -2.61665049
v 0.85059479 2.11363636 -2.61665049
v 0.82332206 0.87272727 -2.61665049
v 1.07786752 2.11363636 -2.61665049
v 1.07786752 0.88636364 -2.61665049
v 1.34150388 0.13636364 -2.61665049
v 1.05059479 0.13636364 -2.61665049
v 1.05059479 0.88636364 -2.61665049
v 1.70514024 0.13636364 -2.61665049
v 1.41423115 0.13636364 -2.61665049
v 1.77786752 0.13636364 -2.61665049
v 0.61423115 0.13636364 -2.61665049
v 0.32332206 0.13636364 -2.61665049
v 0.25059479 0.13636364 -2.61665049
v -0.04031430 0.13636364 -2.61665049
v -0.11304158 0.13636364 -2.61665049
v -0.40395067 0.13636364 -2.61665049
v -0.47667794 0.13636364 -2.61665049
v -0.76758703 0.13636364 -2.61665049
v -0.84031430 0.13636364 -2.61665049
v -1.13122339 0.13636364 -2.61665049
v 0.68695842 2.13636364 -2.61665049
v 1.05059479 2.11363636 -2.61665049
v 0.32332206 0.77272727 -2.61665049
v 0.61423115 0.77272727 -2.61665049
v -0.04031430 0.77272727 -2.61665049
v 0.25059479 0.77272727 -2.61665049
v -0.40395067 0.77272727 -2.61665049
v -0.11304158 0.77272727 -2.61665049
v -0.76758703 0.77272727 -2.61665049
v -0.47667794 0.77272727 -2.61665049
v -0.84031430 0.77272727 -2.61665049
v -0.94940521 0.77272727 -2.61665049
v -0.92627794 1.34865000 -2.61665049
v -0.92653248 1.34891818 -2.61665049
v -0.92637794 1.34875455 -2.61665049
v -0.93122339 0.88636364 -2.61665049
v -0.93122339 1.35541818 -2.61665049
v -0.90924158 1.33818636 -2.61665049
v -0.90669612 1.33720455 -2.61665049
v -0.90395067 1.33614545 -2.61665049
v -0.90395067 0.87272727 -2.61665049
v -0.94940521 0.87272727 -2.61665049
v -1.13122339 0.88636364 -2.61665049
v -2.08576885 2.55454545 2.47425860
v -2.08576885 2.75236364 2.47425860
v -2.01304158 2.55454545 2.47425860
v -1.72213248 2.55454545 2.47425860
v -1.64940521 2.55454545 2.47425860
v -1.35849612 2.55454545 2.47425860
v -1.28576885 2.55454545 2.47425860
v -0.99485976 2.55454545 2.47425860
v -0.92213248 2.55454545 2.47425860
v -0.55849612 2.55454545 2.47425860
v 0.45968570 2.55454545 2.47425860
v 0.53241297 2.55454545 2.47425860
v 0.82332206 2.55454545 2.47425860
v -1.88447067 2.84686364 2.47425860
v -1.72213248 2.92702727 2.47425860
v -1.88447067 2.86731818 2.47425860
v -2.01304158 2.79956818 2.47425860
v -1.51109158 3.02510909 2.47425860
v -1.35849612 3.10169091 2.47425860
v -1.51109158 3.04556364 2.47425860
v -1.64940521 2.97423182 2.47425860
v -1.13771885 3.20335455 2.47425860
v -0.99485976 3.27635455 2.47425860
v -1.13771885 3.22380909 2.47425860
v -1.28576885 3.14889545 2.47425860
v -0.76434158 3.38160000 2.47425860
v -0.63122339 3.45101818 2.47425860
v -0.76434158 3.40205455 2.47425860
v -0.63122339 2.55454545 2.47425860
v -0.92213248 3.32356364 2.47425860
v 0.53241297 3.49488182 2.47425860
v 0.54247661 3.47072273 2.47425860
v 0.54247661 3.49118182 2.47425860
v 0.72916752 3.38160000 2.47425860
v 0.72916752 3.40205455 2.47425860
v 0.82332206 3.34696818 2.47425860
v 0.89604933 3.32021818 2.47425860
v 0.91585388 3.29247727 2.47425860
v 0.91585388 3.31293182 2.47425860
v 1.10254479 3.20335455 2.47425860
v 1.10254479 3.22380909 2.47425860
v 0.89604933 2.55454545 2.47425860
v 1.18695842 3.17230455 2.47425860
v 1.18695842 2.55454545 2.47425860
v 1.25968570 3.14555455 2.47425860
v 1.28923115 3.11423182 2.47425860
v 1.28923115 3.13468636 2.47425860
v 1.47591752 3.02510909 2.47425860
v 1.47591752 3.04556364 2.47425860
v 1.25968570 2.55454545 2.47425860
v 1.55059479 2.55454545 2.47425860
v 1.55059479 2.99764091 2.47425860
v 1.62332206 2.97089091 2.47425860
v 1.66260842 2.93598636 2.47425860
v 1.66260842 2.95644091 2.47425860
v 1.84929479 2.84686364 2.47425860
v 1.84929479 2.86731818 2.47425860
v 1.62332206 2.55454545 2.47425860
v 1.91423115 2.55454545 2.47425860
v 1.91423115 2.82297727 2.47425860
v 1.98695842 2.79622727 2.47425860
v 2.03598570 2.75773636 2.47425860
v 2.03598570 2.77819091 2.47425860
v 1.98695842 2.55454545 2.47425860
v 1.99604933 2.50000000 2.47425860
v 2.02332206 2.50000000 2.47425860
v -2.05849612 0.09090909 2.47425860
v -2.06758703 0.13636364 2.47425860
v -2.03122339 0.09090909 2.47425860
v -1.63122339 0.04545455 2.47425860
v 1.55059479 0.04545455 2.47425860
v 2.03241297 0.13636364 2.47425860
v 2.02332206 0.09090909 2.47425860
v 1.99604933 0.09090909 2.47425860
v 1.89604933 0.13636364 2.47425860
v 1.55059479 2.04545455 2.47425860
v 1.53241297 2.04545455 2.47425860
v 1.82332206 1.58636364 2.47425860
v 1.81273570 1.58496818 2.47425860
v 1.80286752 1.58088182 2.47425860
v 1.79439479 1.57438182 2.47425860
v 1.78789479 1.56590909 2.47425860
v 1.78380842 1.55604091 2.47425860
v 1.78241297 1.54545455 2.47425860
v 1.78380842 1.53486818 2.47425860
v 1.81273570 1.50594091 2.47425860
v 1.82332206 0.13636364 2.47425860
v 1.82332206 1.50454545 2.47425860
v 1.80286752 1.51002727 2.47425860
v 1.79439479 1.51652727 2.47425860
v 1.78789479 1.52500000 2.47425860
v 1.16877661 2.04545455 2.47425860
v 1.45968570 2.04545455 2.47425860
v 0.80514024 2.04545455 2.47425860
v 1.09604933 2.04545455 2.47425860
v 0.44150388 2.04545455 2.47425860
v 0.73241297 2.04545455 2.47425860
v 0.07786752 2.04545455 2.47425860
v 0.36877661 2.04545455 2.47425860
v -0.28576885 2.04545455 2.47425860
v 0.00514024 2.04545455 2.47425860
v -0.64940521 2.04545455 2.47425860
v -0.35849612 2.04545455 2.47425860
v -1.01304158 2.04545455 2.47425860
v -0.72213248 2.04545455 2.47425860
v -1.37667794 2.04545455 2.47425860
v -1.08576885 2.04545455 2.47425860
v -1.63122339 2.04545455 2.47425860
v -1.74031430 0.13636364 2.47425860
v -1.81304158 0.13636364 2.47425860
v -1.44940521 2.04545455 2.47425860
v -0.20427339 3.64897273 2.47425860
v -0.08229158 3.42330000 2.47425860
v -0.01758703 3.43181818 2.47425860
v -0.39096430 3.55985000 2.47425860
v -0.14258703 3.39832273 2.47425860
v -0.19436430 3.35859545 2.47425860
v -0.23409158 3.30681818 2.47425860
v -0.55849612 3.49822727 2.47425860
v -0.25906885 3.24652273 2.47425860
v -0.26758703 3.18181818 2.47425860
v -0.25906885 3.11711364 2.47425860
v -0.08229158 2.94033636 2.47425860
v -0.01758703 2.93181818 2.47425860
v -0.14258703 2.96531364 2.47425860
v -0.19436430 3.00504091 2.47425860
v -0.23409158 3.05681818 2.47425860
v -0.01758703 3.73809545 2.47425860
v -0.20427339 3.66942727 2.47425860
v 0.16909933 3.64897273 2.47425860
v 0.16909933 3.66942727 2.47425860
v -0.39096430 3.58030455 2.47425860
v 0.04711752 3.42330000 2.47425860
v 0.10741297 3.39832273 2.47425860
v 0.35579024 3.55985000 2.47425860
v 0.35579024 3.58030455 2.47425860
v 0.15919024 3.35859545 2.47425860
v 0.19891752 3.30681818 2.47425860
v 0.45968570 3.52163182 2.47425860
v 0.22389479 3.24652273 2.47425860
v 0.23241297 3.18181818 2.47425860
v 0.22389479 3.11711364 2.47425860
v 0.19891752 3.05681818 2.47425860
v 0.04711752 2.94033636 2.47425860
v 0.15919024 3.00504091 2.47425860
v 0.10741297 2.96531364 2.47425860
v -2.04031430 0.13636364 2.11062224
v -2.04031430 0.13636364 2.33789497
v -2.04031430 0.13636364 -2.48028685
v -2.04031430 0.13636364 -2.28028685
v -2.04031430 0.13636364 1.38334951
v -2.04031430 0.13636364 1.71971315
v -2.04031430 1.95454545 -1.88937776
v -2.04031430 1.95454545 -1.55301412
v -2.04031430 1.95454545 -0.70755958
v -2.04031430 1.95454545 -0.79846867
v -2.04031430 0.13636364 -0.46210503
v -2.04031430 0.13636364 -0.70755958
v -2.04031430 0.13636364 1.74698588
v -2.04031430 0.13636364 2.08334997
v -2.04031430 0.13636364 1.01971315
v -2.04031430 0.13636364 1.35607679
v -2.04031430 0.13636364 0.65607679
v -2.04031430 0.13636364 0.99244042
v -2.04031430 0.13636364 0.29244042
v -2.04031430 0.13636364 0.62880406
v -2.04031430 0.13636364 -0.07119594
v -2.04031430 0.13636364 0.26516770
v -2.04031430 0.13636364 -0.43483230
v -2.04031430 0.13636364 -0.09846867
v -2.04031430 0.13636364 -2.25301412
v -2.04031430 0.13636364 -1.91665049
v -2.04031430 1.95454545 -1.16210503
v -2.04031430 1.95454545 -0.82574140
v -2.04031430 1.95454545 -1.52574140
v -2.04031430 1.95454545 -1.18937776
v 2.00514024 0.13636364 -2.25301412
v 2.00514024 0.13636364 -2.48028685
v 2.00514024 0.13636364 2.33789497
v 2.00514024 0.13636364 2.13789451
v 2.00514024 0.13636364 1.41062224
v 2.00514024 0.13636364 1.74698588
v 2.00514024 0.13636364 -1.86210503
v 2.00514024 0.13636364 -1.52574140
v 2.00514024 0.13636364 0.65607679
v 2.00514024 0.95454545 0.31971315
v 2.00514024 0.13636364 0.31971315
v 2.00514024 0.95454545 0.65607679
v 2.00514024 0.13636364 -0.77119594
v 2.00514024 0.95454545 -0.70755958
v 2.00514024 0.13636364 -0.43483230
v 2.00514024 0.95454545 -0.43483230
v 2.00514024 2.04545455 -0.70755958
v 2.00514024 2.04545455 -0.43483230
v 2.00514024 2.04545455 0.65607679
v 2.00514024 2.04545455 0.31971315
v 2.00514024 0.13636364 -0.07119594
v 2.00514024 0.95454545 -0.40755958
v 2.00514024 0.13636364 -0.40755958
v 2.00514024 0.95454545 -0.07119594
v 2.00514024 0.13636364 0.29244042
v 2.00514024 0.95454545 -0.04392321
v 2.00514024 0.13636364 -0.04392321
v 2.00514024 0.95454545 0.29244042
v 2.00514024 0.13636364 1.01971315
v 2.00514024 0.13636364 0.68334951
v 2.00514024 0.13636364 1.38334951
v 2.00514024 0.13636364 1.04698588
v 2.00514024 0.13636364 2.11062224
v 2.00514024 0.13636364 1.77425860
v 2.00514024 0.13636364 -1.88937776
v 2.00514024 0.13636364 -2.22574140
v 2.00514024 0.13636364 -1.16210503
v 2.00514024 0.13636364 -1.49846867
v 2.00514024 0.13636364 -0.79846867
v 2.00514024 0.13636364 -1.13483230
v 2.00514024 2.04545455 0.29244042
v 2.00514024 2.04545455 -0.04392321
v 2.00514024 2.04545455 -0.07119594
v 2.00514024 2.04545455 -0.40755958
v 1.85059479 0.13636364 -2.48028685
v -1.81304158 0.13636364 -2.48028685
v -0.81304158 2.04545455 -2.48028685
v -0.81304158 0.95454545 -2.48028685
v -1.05849612 0.13636364 -2.48028685
v -0.72213248 0.13636364 -2.48028685
v -0.72213248 0.95454545 -2.48028685
v -0.72213248 2.04545455 -2.48028685
v 0.39604933 0.13636364 -2.48028685
v 0.73241297 0.95454545 -2.48028685
v 0.39604933 0.95454545 -2.48028685
v 0.73241297 0.13636364 -2.48028685
v 0.39604933 2.04545455 -2.48028685
v 0.73241297 2.04545455 -2.48028685
v -1.78576930 0.13636364 -2.48028685
v -1.44940521 0.13636364 -2.48028685
v -1.42213248 0.13636364 -2.48028685
v -1.08576885 0.13636364 -2.48028685
v -0.69485976 0.13636364 -2.48028685
v -0.35849612 0.95454545 -2.48028685
v -0.69485976 0.95454545 -2.48028685
v -0.35849612 0.13636364 -2.48028685
v -0.33122339 0.13636364 -2.48028685
v 0.00514024 0.95454545 -2.48028685
v -0.33122339 0.95454545 -2.48028685
v 0.00514024 0.13636364 -2.48028685
v 0.03241297 0.13636364 -2.48028685
v 0.36877661 0.95454545 -2.48028685
v 0.03241297 0.95454545 -2.48028685
v 0.36877661 0.13636364 -2.48028685
v 0.75968570 0.13636364 -2.48028685
v 1.09604933 0.13636364 -2.48028685
v 1.12332206 0.13636364 -2.48028685
v 1.45968570 0.13636364 -2.48028685
v 1.48695842 0.13636364 -2.48028685
v 1.82332206 0.13636364 -2.48028685
v -0.69485976 2.04545455 -2.48028685
v -0.35849612 2.04545455 -2.48028685
v -0.33122339 2.04545455 -2.48028685
v 0.00514024 2.04545455 -2.48028685
v 0.03241297 2.04545455 -2.48028685
v 0.36877661 2.04545455 -2.48028685
v -2.03122339 0.13636364 2.08334997
v -2.03122339 0.13636364 1.74698588
v -2.03122339 0.13636364 1.71971315
v -2.03122339 0.13636364 1.38334951
v -2.03122339 0.13636364 1.35607679
v -2.03122339 0.13636364 1.01971315
v -2.03122339 0.13636364 0.99244042
v -2.03122339 0.13636364 0.65607679
v -2.03122339 0.13636364 0.62880406
v -2.03122339 0.13636364 0.29244042
v -2.03122339 0.13636364 0.26516770
v -2.03122339 0.13636364 -0.07119594
v -2.03122339 0.13636364 -0.09846867
v -2.03122339 0.13636364 -0.43483230
v -2.03122339 0.13636364 -0.79846867
v -2.03122339 0.13636364 -0.46210503
v -2.05849612 0.13636364 -0.79846867
v -2.05849612 0.13636364 -0.82574140
v -2.05849612 0.13636364 -1.16210503
v -2.03122339 0.13636364 -0.82574140
v -2.03122339 0.13636364 -1.16210503
v -2.05849612 0.13636364 -1.52574140
v -2.03122339 0.13636364 -1.18937776
v -2.03122339 0.13636364 -1.52574140
v -2.05849612 0.13636364 -1.18937776
v -2.05849612 0.13636364 -1.88937776
v -2.03122339 0.13636364 -1.55301412
v -2.03122339 0.13636364 -1.88937776
v -2.05849612 0.13636364 -1.55301412
v -2.03122339 0.13636364 -1.91665049
v -2.03122339 0.13636364 -2.25301412
v -1.81304158 0.13636364 -2.47119594
v -1.85849612 0.13636364 2.32880406
v -2.03122339 0.13636364 -2.28028685
v -1.78576930 0.13636364 -2.47119594
v -1.44940521 0.13636364 -2.47119594
v -1.52213248 0.13636364 2.32880406
v -1.49485976 0.13636364 2.32880406
v -1.54031430 0.13636364 2.33789497
v -1.52213248 0.13636364 2.35607679
v -1.85849612 0.13636364 2.33789497
v -2.03122339 0.13636364 2.11062224
v -1.88576839 0.13636364 2.32880406
v -1.88576839 0.13636364 2.33789497
v -1.42213248 0.13636364 -2.47119594
v -1.08576885 0.13636364 -2.47119594
v -1.15849612 0.13636364 2.32880406
v -1.13122339 0.13636364 2.32880406
v -1.05849612 0.13636364 -2.47119594
v -0.72213248 0.13636364 -2.47119594
v -0.79485976 0.13636364 2.32880406
v -0.76758703 0.13636364 2.32880406
v -0.69485976 0.13636364 -2.47119594
v -0.35849612 0.13636364 -2.47119594
v -0.43122339 0.13636364 2.32880406
v -0.40395067 0.13636364 2.32880406
v -0.33122339 0.13636364 -2.47119594
v 0.00514024 0.13636364 -2.47119594
v -0.06758703 0.13636364 2.32880406
v -0.04031430 0.13636364 2.32880406
v 0.03241297 0.13636364 -2.47119594
v 0.36877661 0.13636364 -2.47119594
v 0.29604933 0.13636364 2.32880406
v 0.32332206 0.13636364 2.32880406
v 0.39604933 0.13636364 -2.47119594
v 0.73241297 0.13636364 -2.47119594
v 0.65968570 0.13636364 2.32880406
v 0.68695842 0.13636364 2.32880406
v 0.75968570 0.13636364 -2.47119594
v 1.09604933 0.13636364 -2.47119594
v 1.02332206 0.13636364 2.32880406
v 1.05059479 0.13636364 2.32880406
v 1.12332206 0.13636364 -2.47119594
v 1.45968570 0.13636364 -2.47119594
v 1.41423115 0.13636364 2.32880406
v 1.45968570 0.13636364 2.33789497
v 1.41423115 0.13636364 2.35607679
v 1.38695842 0.13636364 2.32880406
v 1.48695842 0.13636364 -2.47119594
v 1.82332206 0.13636364 -2.47119594
v 1.75059479 0.13636364 2.32880406
v 1.77786752 0.13636364 2.32880406
v 1.75059479 0.13636364 2.33789497
v 1.99604933 0.13636364 -2.25301412
v 1.99604933 0.13636364 -2.22574140
v 1.99604933 0.13636364 -1.88937776
v 1.99604933 0.13636364 -1.86210503
v 1.99604933 0.13636364 -1.52574140
v 1.99604933 0.13636364 -1.49846867
v 1.99604933 0.13636364 -1.16210503
v 1.99604933 0.13636364 -1.13483230
v 1.99604933 0.13636364 -0.79846867
v 1.99604933 0.13636364 -0.77119594
v 1.99604933 0.13636364 -0.43483230
v 1.99604933 0.13636364 -0.40755958
v 1.99604933 0.13636364 -0.07119594
v 1.99604933 0.13636364 -0.04392321
v 1.99604933 0.13636364 0.29244042
v 1.99604933 0.13636364 0.31971315
v 1.99604933 0.13636364 0.65607679
v 1.99604933 0.13636364 0.68334951
v 1.99604933 0.13636364 1.01971315
v 1.99604933 0.13636364 1.04698588
v 1.99604933 0.13636364 1.38334951
v 1.99604933 0.13636364 1.41062224
v 1.99604933 0.13636364 1.74698588
v 1.99604933 0.13636364 1.77425860
v 1.99604933 0.13636364 2.11062224
v 1.85059479 0.13636364 -2.47119594
v 1.99604933 0.13636364 2.13789451
v 1.77786752 0.13636364 2.33789497
v 1.45968570 0.13636364 2.52880406
v 1.38695842 0.13636364 2.35607679
v 1.05059479 0.13636364 2.35607679
v 1.02332206 0.13636364 2.35607679
v 0.68695842 0.13636364 2.35607679
v 0.65968570 0.13636364 2.35607679
v 0.32332206 0.13636364 2.35607679
v 0.29604933 0.13636364 2.35607679
v -0.04031430 0.13636364 2.35607679
v -0.06758703 0.13636364 2.35607679
v -0.40395067 0.13636364 2.35607679
v -1.54031430 0.13636364 2.52880406
v -0.43122339 0.13636364 2.35607679
v -0.76758703 0.13636364 2.35607679
v -0.79485976 0.13636364 2.35607679
v -1.13122339 0.13636364 2.35607679
v -1.15849612 0.13636364 2.35607679
v -1.49485976 0.13636364 2.35607679
v 1.82332206 1.58636364 2.33789497
v 1.83390842 1.58496818 2.33789497
v 1.84377661 1.58088182 2.33789497
v 1.85224933 1.57438182 2.33789497
v 1.85874933 1.56590909 2.33789497
v 1.86283570 1.55604091 2.33789497
v 1.86423115 1.54545455 2.33789497
v 1.83390842 1.50594091 2.33789497
v 1.82332206 1.50454545 2.33789497
v 1.84377661 1.51002727 2.33789497
v 1.85224933 1.51652727 2.33789497
v 1.85874933 1.52500000 2.33789497
v 1.86283570 1.53486818 2.33789497
v 1.81273570 1.58496818 2.33789497
v 1.80286752 1.58088182 2.33789497
v 1.79439479 1.57438182 2.33789497
v 1.78789479 1.56590909 2.33789497
v 1.78380842 1.55604091 2.33789497
v 1.78241297 1.54545455 2.33789497
v 1.81273570 1.50594091 2.33789497
v 1.80286752 1.51002727 2.33789497
v 1.79439479 1.51652727 2.33789497
v 1.78789479 1.52500000 2.33789497
v 1.78380842 1.53486818 2.33789497
v -1.54031430 1.95454545 2.33789497
v -1.52213248 1.95454545 2.33789497
v 1.45968570 1.95454545 2.33789497
v 1.41423115 1.95454545 2.33789497
v -1.15849612 1.95454545 2.33789497
v -1.49485976 1.95454545 2.33789497
v -0.79485976 1.95454545 2.33789497
v -1.13122339 1.95454545 2.33789497
v -0.43122339 1.95454545 2.33789497
v -0.76758703 1.95454545 2.33789497
v -0.06758703 1.95454545 2.33789497
v -0.40395067 1.95454545 2.33789497
v 0.29604933 1.95454545 2.33789497
v -0.04031430 1.95454545 2.33789497
v 0.65968570 1.95454545 2.33789497
v 0.32332206 1.95454545 2.33789497
v 1.02332206 1.95454545 2.33789497
v 0.68695842 1.95454545 2.33789497
v 1.38695842 1.95454545 2.33789497
v 1.05059479 1.95454545 2.33789497
v -2.04031430 2.63636364 1.47425860
v -2.04263748 2.63636364 1.45661315
v -2.12614294 2.63636364 1.40839951
v -2.10849612 2.63636364 1.40607679
v -2.09084930 2.63636364 1.54011770
v -2.10849612 2.63636364 1.54244042
v -2.07440521 2.63636364 1.41521315
v -2.06028430 2.63636364 1.42604497
v -2.04944885 2.63636364 1.44016770
v -2.15670794 2.63636364 1.42604497
v -2.16754335 2.63636364 1.44016770
v -2.14258703 2.63636364 1.41521315
v -2.17435470 2.63636364 1.49190406
v -2.16754335 2.63636364 1.50834951
v -2.09084930 2.63636364 1.40839951
v -2.17435470 2.63636364 1.45661315
v -2.17667794 2.63636364 1.47425860
v -2.04263748 2.63636364 1.49190406
v -2.07440521 2.63636364 1.53330406
v -2.04944885 2.63636364 1.50834951
v -2.12614294 2.63636364 1.54011770
v -2.14258703 2.63636364 1.53330406
v -2.15670794 2.63636364 1.52247224
v -2.06028430 2.63636364 1.52247224
v 2.14150388 2.63636364 1.47425860
v 2.13918115 2.63636364 1.45661315
v 2.05567661 2.63636364 1.40839951
v 2.07332206 2.63636364 1.40607679
v 2.09096752 2.63636364 1.54011770
v 2.07332206 2.63636364 1.54244042
v 2.10741297 2.63636364 1.53330406
v 2.10741297 2.63636364 1.41521315
v 2.12153570 2.63636364 1.42604497
v 2.13236752 2.63636364 1.44016770
v 2.02510842 2.63636364 1.42604497
v 2.01427661 2.63636364 1.44016770
v 2.03923115 2.63636364 1.41521315
v 2.00746297 2.63636364 1.49190406
v 2.01427661 2.63636364 1.50834951
v 2.09096752 2.63636364 1.40839951
v 2.00746297 2.63636364 1.45661315
v 2.00514024 2.63636364 1.47425860
v 2.13918115 2.63636364 1.49190406
v 2.13236752 2.63636364 1.50834951
v 2.05567661 2.63636364 1.54011770
v 2.03923115 2.63636364 1.53330406
v 2.02510842 2.63636364 1.52247224
v 2.12153570 2.63636364 1.52247224
v -2.04031430 2.63636364 -1.70755958
v -2.04263748 2.63636364 -1.72520503
v -2.12614294 2.63636364 -1.77341867
v -2.10849612 2.63636364 -1.77574140
v -2.09084930 2.63636364 -1.64170049
v -2.10849612 2.63636364 -1.63937776
v -2.14258703 2.63636364 -1.64851412
v -2.15670794 2.63636364 -1.65934594
v -2.07440521 2.63636364 -1.76660503
v -2.06028430 2.63636364 -1.75577321
v -2.04944885 2.63636364 -1.74165049
v -2.15670794 2.63636364 -1.75577321
v -2.16754335 2.63636364 -1.74165049
v -2.14258703 2.63636364 -1.76660503
v -2.17435470 2.63636364 -1.68991412
v -2.16754335 2.63636364 -1.67346867
v -2.09084930 2.63636364 -1.77341867
v -2.17435470 2.63636364 -1.72520503
v -2.17667794 2.63636364 -1.70755958
v -2.04263748 2.63636364 -1.68991412
v -2.07440521 2.63636364 -1.64851412
v -2.04944885 2.63636364 -1.67346867
v -2.12614294 2.63636364 -1.64170049
v -2.06028430 2.63636364 -1.65934594
v 2.14150388 2.63636364 -1.70755958
v 2.13918115 2.63636364 -1.72520503
v 2.05567661 2.63636364 -1.77341867
v 2.07332206 2.63636364 -1.77574140
v 2.10741297 2.63636364 -1.64851412
v 2.09096752 2.63636364 -1.64170049
v 2.03923115 2.63636364 -1.64851412
v 2.02510842 2.63636364 -1.65934594
v 2.10741297 2.63636364 -1.76660503
v 2.12153570 2.63636364 -1.75577321
v 2.13236752 2.63636364 -1.74165049
v 2.02510842 2.63636364 -1.75577321
v 2.01427661 2.63636364 -1.74165049
v 2.03923115 2.63636364 -1.76660503
v 2.00746297 2.63636364 -1.68991412
v 2.01427661 2.63636364 -1.67346867
v 2.09096752 2.63636364 -1.77341867
v 2.00746297 2.63636364 -1.72520503
v 2.00514024 2.63636364 -1.70755958
v 2.13918115 2.63636364 -1.68991412
v 2.13236752 2.63636364 -1.67346867
v 2.05567661 2.63636364 -1.64170049
v 2.07332206 2.63636364 -1.63937776
v 2.12153570 2.63636364 -1.65934594
v -2.21304153 1.26963182 1.08709497
v -2.29031430 1.26963182 1.08709497
v -2.21304153 1.27033182 1.09244042
v -2.29031430 1.27272727 1.11062224
v -2.29031430 1.09400455 1.13414951
v -2.29031430 1.09090909 1.11062224
v -2.29031430 1.09400455 1.08709497
v -2.21304153 1.10308636 1.06516770
v -2.21304153 1.09400455 1.08709497
v -2.29031430 1.10308636 1.06516770
v -2.21304153 1.15829091 1.02280860
v -2.29031430 1.18181818 1.01971315
v -2.21304153 1.18181818 1.01971315
v -2.29031430 1.15829091 1.02280860
v -2.21304153 1.13636364 1.03189497
v -2.29031430 1.13636364 1.03189497
v -2.29031430 1.20534545 1.02280860
v -2.21304153 1.20534545 1.02280860
v -2.29031430 1.26054545 1.06516770
v -2.21304153 1.26054545 1.06516770
v -2.29031430 1.13636364 1.18935406
v -2.29031430 1.15829091 1.19843588
v -2.21304153 1.11753636 1.04634042
v -2.29031430 1.11753636 1.04634042
v -2.29031430 1.24610000 1.04634042
v -2.21304153 1.24610000 1.04634042
v -2.29031430 1.22727273 1.03189497
v -2.21304153 1.22727273 1.03189497
v -2.21304153 1.09330455 1.09244042
v -2.29031430 1.22727273 1.18935406
v -2.29031430 1.24610000 1.17490406
v -2.29031430 1.11753636 1.17490406
v -2.29031430 1.10308636 1.15607679
v -2.29031430 1.26963182 1.13414951
v -2.29031430 1.26054545 1.15607679
v -2.29031430 1.20534545 1.19843588
v -2.29031430 1.18181818 1.20153133
v -2.29031430 1.09090909 -2.07119594
v -2.29031430 1.09400455 -2.09474140
v -2.29031430 1.26963182 -2.09474140
v -2.29031430 1.27272727 -2.07119594
v -2.29031430 1.15829091 -1.98338230
v -2.29031430 1.18181818 -1.98028685
v -2.29031430 1.10308636 -2.11665049
v -2.29031430 1.24610000 -2.13546867
v -2.29031430 1.22727273 -2.14992321
v -2.29031430 1.20534545 -2.15901412
v -2.29031430 1.18181818 -2.16210503
v -2.29031430 1.11753636 -2.13546867
v -2.29031430 1.15829091 -2.15901412
v -2.29031430 1.13636364 -2.14992321
v -2.29031430 1.26054545 -2.11665049
v -2.29031430 1.11753636 -2.00691412
v -2.29031430 1.10308636 -2.02574140
v -2.29031430 1.09400455 -2.04766867
v -2.29031430 1.26963182 -2.04766867
v -2.29031430 1.26054545 -2.02574140
v -2.29031430 1.24610000 -2.00691412
v -2.29031430 1.13636364 -1.99246867
v -2.29031430 1.20534545 -1.98338230
v -2.29031430 1.22727273 -1.99246867
v -2.21304153 0.13636364 2.54698588
v -2.17213251 0.13636364 2.51062220
v -2.17213251 0.13636364 2.54698588
v -2.21304153 0.13636364 2.36516770
v -2.06758703 0.13636364 2.51062220
v -1.81304158 0.13636364 2.51062220
v -1.74031430 0.13636364 2.51062220
v -1.44940521 2.04545455 2.51062220
v -1.37667794 2.04545455 2.51062220
v -1.08576885 2.04545455 2.51062220
v -1.01304158 2.04545455 2.51062220
v -0.72213248 2.04545455 2.51062220
v -0.64940521 2.04545455 2.51062220
v -0.35849612 2.04545455 2.51062220
v -0.28576885 2.04545455 2.51062220
v 0.00514024 2.04545455 2.51062220
v 0.07786752 2.04545455 2.51062220
v 0.36877661 2.04545455 2.51062220
v 0.44150388 2.04545455 2.51062220
v 0.73241297 2.04545455 2.51062220
v 0.80514024 2.04545455 2.51062220
v 1.09604933 2.04545455 2.51062220
v 1.16877661 2.04545455 2.51062220
v 1.45968570 1.85187273 2.36217088
v 1.45968570 1.86363636 2.36062224
v 1.45968570 1.84090909 2.36671224
v 1.45968570 1.83149545 2.37393542
v 1.45968570 1.82427273 2.38334951
v 1.45968570 1.81973182 2.39431224
v 1.45968570 1.81818182 2.40607679
v 1.45968570 1.81973182 2.41784133
v 1.45968570 1.82427273 2.42880406
v 1.45968570 1.83149545 2.43821806
v 1.45968570 1.84090909 2.44544160
v 1.45968570 1.95454545 2.52880406
v 1.45968570 1.85187273 2.44998251
v 1.45968570 1.87540000 2.36217088
v 1.45968570 1.88636364 2.36671224
v 1.45968570 1.89577727 2.37393542
v 1.45968570 1.90300000 2.38334951
v 1.45968570 1.90754091 2.39431224
v 1.45968570 1.90909091 2.40607679
v 1.45968570 1.90754091 2.41784133
v 1.45968570 1.90300000 2.42880406
v 1.45968570 1.89577727 2.43821806
v 1.45968570 1.88636364 2.44544160
v 1.45968570 1.87540000 2.44998251
v 1.45968570 1.86363636 2.45153133
v 1.45968570 2.04545455 2.51062220
v 1.53241297 2.04545455 2.51062220
v 1.82332206 0.13636364 2.51062220
v 1.82332206 1.50454545 2.51062220
v 1.82332206 1.58636364 2.51062220
v 1.89604933 0.13636364 2.51062220
v 1.83390842 1.58496818 2.51062220
v 1.84377661 1.58088182 2.51062220
v 1.85224933 1.57438182 2.51062220
v 1.85874933 1.56590909 2.51062220
v 1.86283570 1.55604091 2.51062220
v 1.86423115 1.54545455 2.51062220
v 1.83390842 1.50594091 2.51062220
v 1.84377661 1.51002727 2.51062220
v 1.85224933 1.51652727 2.51062220
v 1.85874933 1.52500000 2.51062220
v 1.86283570 1.53486818 2.51062220
v 2.13695842 0.13636364 -2.65301412
v 2.03241297 0.13636364 -2.65301412
v 2.17786752 0.13636364 -2.50755958
v 2.17786752 0.13636364 -2.68937776
v 2.13695842 0.13636364 -2.68937776
v 1.77786752 0.13636364 -2.65301412
v 1.70514024 0.13636364 -2.65301412
v 1.41423115 0.13636364 -2.65301412
v 1.34150388 0.13636364 -2.65301412
v 1.05059479 0.13636364 -2.65301412
v 1.05059479 0.88636364 -2.65301412
v 1.05059479 2.11363636 -2.65301412
v 0.97786752 2.11363636 -2.65301412
v 0.97786752 0.88636364 -2.65301412
v 0.97786752 0.13636364 -2.65301412
v 0.68695842 0.13636364 -2.65301412
v 0.68695842 0.77272727 -2.65301412
v 0.68695842 2.13636364 -2.65301412
v 0.61423115 2.13636364 -2.65301412
v 0.61423115 0.77272727 -2.65301412
v 0.61423115 0.13636364 -2.65301412
v 0.32332206 0.13636364 -2.65301412
v 0.32332206 0.77272727 -2.65301412
v 0.32332206 2.13636364 -2.65301412
v 0.25059479 2.13636364 -2.65301412
v 0.25059479 0.77272727 -2.65301412
v 0.25059479 0.13636364 -2.65301412
v -0.04031430 0.13636364 -2.65301412
v -0.04031430 0.77272727 -2.65301412
v -0.04031430 2.13636364 -2.65301412
v -0.11304158 2.13636364 -2.65301412
v -0.11304158 0.77272727 -2.65301412
v -0.11304158 0.13636364 -2.65301412
v -0.40395067 0.13636364 -2.65301412
v -0.40395067 0.77272727 -2.65301412
v -0.40395067 2.13636364 -2.65301412
v -0.47667794 2.13636364 -2.65301412
v -0.47667794 0.77272727 -2.65301412
v -0.47667794 0.13636364 -2.65301412
v -0.76758703 0.13636364 -2.65301412
v -0.76758703 0.77272727 -2.65301412
v -0.76758703 2.13636364 -2.65301412
v -0.84031430 2.13636364 -2.65301412
v -0.84031430 0.77272727 -2.65301412
v -0.84031430 0.13636364 -2.65301412
v -1.13122339 0.13636364 -2.65301412
v -1.13122339 0.88636364 -2.65301412
v -1.13122339 2.11363636 -2.65301412
v -1.20395067 0.13636364 -2.65301412
v -1.15849612 0.88636364 -2.65301412
v -1.15849612 2.11363636 -2.65301412
v -1.49485976 0.13636364 -2.65301412
v -1.56758703 0.13636364 -2.65301412
v -1.85849612 0.13636364 -2.65301412
v -1.93122339 0.13636364 -2.65301412
v -2.21304153 0.13636364 -2.50755958
v -2.06758703 0.13636364 -2.65301412
v -2.21304153 0.13636364 -2.65301412
v -2.21304153 0.13636364 -2.25301412
v -2.21304153 0.13636364 -2.18028685
v -2.21304153 1.95454545 -1.88937776
v -2.05849612 1.95454545 -1.88937776
v -2.03122339 0.09090909 -1.88937776
v -2.05849612 0.09090909 -1.88937776
v -2.21304153 1.95454545 -1.81665049
v -2.21304153 1.95454545 -1.52574140
v -2.21304153 1.95454545 -1.45301412
v -2.21304153 1.95454545 -1.16210503
v -2.21304153 1.95454545 -1.08937776
v -2.21304153 1.95454545 -0.79846867
v -2.21304153 1.95454545 -0.72574140
v -2.21304153 0.13636364 -0.43483230
v -2.21304153 0.13636364 -0.36210503
v -2.21304153 0.13636364 -0.07119594
v -2.21304153 0.13636364 0.00153133
v -2.21304153 0.13636364 0.29244042
v -2.21304153 0.13636364 0.36516770
v -2.21304153 0.13636364 0.65607679
v -2.21304153 0.13636364 0.72880406
v -2.21304153 0.13636364 1.01971315
v -2.21304153 0.13636364 1.09244042
v -2.21304153 0.13636364 1.38334951
v -2.21304153 0.13636364 1.45607679
v -2.21304153 0.13636364 1.74698588
v -2.21304153 0.13636364 1.81971315
v -2.21304153 0.13636364 2.11062224
v -2.21304153 0.13636364 2.18334951
v 2.17786752 0.13636364 2.51062220
v 2.17786752 0.13636364 2.36516770
v 2.03241297 0.13636364 2.51062220
v 2.17786752 0.13636364 2.11062224
v 2.17786752 0.13636364 2.03789497
v 2.17786752 0.13636364 1.74698588
v 2.17786752 0.13636364 1.67425860
v 2.17786752 0.13636364 1.38334951
v 2.17786752 0.13636364 1.31062224
v 2.17786752 0.13636364 1.01971315
v 2.17786752 2.11363636 0.94698588
v 2.17786752 0.13636364 0.94698588
v 2.17786752 0.88636364 0.94698588
v 2.17786752 2.11363636 1.00153133
v 2.17786752 0.88636364 1.00153133
v 2.19604933 0.95454545 0.65607679
v 2.02332206 2.04545455 0.65607679
v 2.19604933 2.04545455 0.65607679
v 2.02332206 0.95454545 0.65607679
v 2.17786752 0.77272727 0.65607679
v 2.17786752 0.13636364 0.65607679
v 2.17786752 2.13636364 0.65607679
v 1.99604933 0.09090909 0.65607679
v 2.02332206 0.09090909 0.65607679
v 2.17786752 2.13636364 0.58334951
v 2.17786752 0.13636364 0.58334951
v 2.17786752 0.77272727 0.58334951
v 2.17786752 0.77272727 0.29244042
v 2.17786752 0.13636364 0.29244042
v 2.17786752 2.13636364 0.29244042
v 2.17786752 2.13636364 0.21971315
v 2.17786752 0.13636364 0.21971315
v 2.17786752 0.77272727 0.21971315
v 2.17786752 0.77272727 -0.07119594
v 2.17786752 0.13636364 -0.07119594
v 2.17786752 2.13636364 -0.07119594
v 2.17786752 2.13636364 -0.14392321
v 2.17786752 0.13636364 -0.14392321
v 2.17786752 0.77272727 -0.14392321
v 2.17786752 0.77272727 -0.43483230
v 2.17786752 0.13636364 -0.43483230
v 2.17786752 2.13636364 -0.43483230
v 2.17786752 2.13636364 -0.50755958
v 2.17786752 0.13636364 -0.50755958
v 2.17786752 0.77272727 -0.50755958
v 2.19604933 0.87272727 -0.79846867
v 2.17786752 2.13636364 -0.79846867
v 2.19604933 2.13636364 -0.79846867
v 2.17786752 0.87272727 -0.79846867
v 2.17786752 0.77272727 -0.79846867
v 2.17786752 0.13636364 -0.79846867
v 2.17786752 2.11363636 -0.87119594
v 2.17786752 0.13636364 -0.87119594
v 2.17786752 0.88636364 -0.87119594
v 2.17786752 2.11363636 -0.82574140
v 2.17786752 0.77272727 -0.84392321
v 2.17786752 0.87272727 -0.84392321
v 2.17786752 0.88636364 -0.82574140
v 2.17786752 0.13636364 -1.16210503
v 2.17786752 0.13636364 -1.23483230
v 2.17786752 0.13636364 -1.52574140
v 2.17786752 0.13636364 -1.59846867
v 2.17786752 0.13636364 -1.88937776
v 2.17786752 0.13636364 -1.96210503
v 2.17786752 0.13636364 -2.25301412
v 2.17786752 0.13636364 -2.32574140
v -1.63122339 0.04545455 2.52880406
v -1.63122339 2.04545455 2.52880406
v 1.55059479 2.04545455 2.52880406
v 1.55059479 0.04545455 2.52880406
v -1.54031430 1.95454545 2.52880406
v -1.54031430 1.85363636 2.36875679
v -1.54031430 1.86363636 2.36744042
v -1.54031430 1.87363636 2.36875679
v -1.54031430 1.88295455 2.37261679
v -1.54031430 1.89095455 2.37875679
v -1.54031430 1.89709545 2.38675860
v -1.54031430 1.90095455 2.39607679
v -1.54031430 1.90227273 2.40607679
v -1.54031430 1.90095455 2.41607679
v -1.54031430 1.87363636 2.44339665
v -1.54031430 1.86363636 2.44471315
v -1.54031430 1.88295455 2.43953688
v -1.54031430 1.89095455 2.43339683
v -1.54031430 1.89709545 2.42539497
v -1.54031430 1.84431818 2.37261679
v -1.54031430 1.83631818 2.37875679
v -1.54031430 1.83017727 2.38675860
v -1.54031430 1.82631818 2.39607679
v -1.54031430 1.82500000 2.40607679
v -1.54031430 1.82631818 2.41607679
v -1.54031430 1.83017727 2.42539497
v -1.54031430 1.83631818 2.43339683
v -1.54031430 1.84431818 2.43953688
v -1.54031430 1.85363636 2.44339665
v 1.41423115 1.95454545 2.35607679
v 1.38695842 1.95454545 2.35607679
v 1.05059479 1.95454545 2.35607679
v 1.02332206 1.95454545 2.35607679
v 0.68695842 1.95454545 2.35607679
v 0.65968570 1.95454545 2.35607679
v 0.32332206 1.95454545 2.35607679
v 0.29604933 1.95454545 2.35607679
v -0.04031430 1.95454545 2.35607679
v -0.06758703 1.95454545 2.35607679
v -0.40395067 1.95454545 2.35607679
v -0.43122339 1.95454545 2.35607679
v -0.76758703 1.95454545 2.35607679
v -0.79485976 1.95454545 2.35607679
v -1.13122339 1.95454545 2.35607679
v -1.15849612 1.95454545 2.35607679
v -1.49485976 1.95454545 2.35607679
v -1.52213248 1.95454545 2.35607679
v 0.82332206 0.87272727 -2.67119594
v 0.82332206 2.13636364 -2.67119594
v -0.90395067 2.13636364 -2.67119594
v -0.90395067 1.46174545 -2.66910503
v -0.90395067 1.46140000 -2.67119594
v -0.90395067 1.46190000 -2.66815049
v -0.90395067 1.46201364 -2.66705958
v -0.90395067 1.46248636 -2.66246867
v -0.90395067 1.46261818 -2.65883230
v -0.90395067 1.46265909 -2.65755958
v -0.90395067 1.46261818 -2.65628685
v -0.90395067 1.46248636 -2.65265049
v -0.90395067 1.46201364 -2.64805958
v -0.90395067 1.46190000 -2.64696867
v -0.90395067 1.46174545 -2.64601412
v -0.90395067 1.46062727 -2.63924140
v -0.90395067 1.46011364 -2.63683230
v -0.90395067 1.45770455 -2.63165049
v -0.90395067 1.45502273 -2.62583230
v -0.90395067 1.45304091 -2.62215049
v -0.90395067 1.45062273 -2.61765049
v -0.90395067 0.87272727 -2.67119594
v -0.90395067 1.32410000 -2.66910503
v -0.90395067 1.32444545 -2.67119594
v -0.90395067 1.32394545 -2.66815049
v -0.90395067 1.32383182 -2.66705958
v -0.90395067 1.32335909 -2.66246867
v -0.90395067 1.32322727 -2.65883230
v -0.90395067 1.32318636 -2.65755958
v -0.90395067 1.32322727 -2.65628685
v -0.90395067 1.32335909 -2.65265049
v -0.90395067 1.32383182 -2.64805958
v -0.90395067 1.32394545 -2.64696867
v -0.90395067 1.32410000 -2.64601412
v -0.90395067 1.32521818 -2.63924140
v -0.90395067 1.32573182 -2.63683230
v -0.90395067 1.32814091 -2.63165049
v -0.90395067 1.33082273 -2.62583230
v -0.90395067 1.33280000 -2.62215049
v -0.90395067 1.33522273 -2.61765049
v -0.81304158 2.04545455 -2.67119594
v -0.88390976 1.46385455 -2.67119594
v -0.88562339 1.46391818 -2.67119594
v -0.88196885 1.46378636 -2.67119594
v -0.87974158 1.46355909 -2.67119594
v -0.87775067 1.46335000 -2.67119594
v -0.87604158 1.46307273 -2.67119594
v -0.87198703 1.46240455 -2.67119594
v -0.86219612 1.46030455 -2.67119594
v -0.86200521 1.46026364 -2.67119594
v -0.86188703 1.46023182 -2.67119594
v -0.86140521 1.46011364 -2.67119594
v -0.85380521 1.45602273 -2.67119594
v -0.84375976 1.45062273 -2.67119594
v -0.83473248 1.44220909 -2.67119594
v -0.83088703 1.43836364 -2.67119594
v -0.82971885 1.43719545 -2.67119594
v -0.82889612 1.43576818 -2.67119594
v -0.82022794 1.42075455 -2.67119594
v -0.81663703 1.40735455 -2.67119594
v -0.81531430 1.40241364 -2.67119594
v -0.81531430 1.38342727 -2.67119594
v -0.81304158 0.95454545 -2.67119594
v -0.81663703 1.37849091 -2.67119594
v -0.82889612 1.35007727 -2.67119594
v -0.82022794 1.36509091 -2.67119594
v -0.83088703 1.34748182 -2.67119594
v -0.82971885 1.34865000 -2.67119594
v -0.88390976 1.32198636 -2.67119594
v -0.88562339 1.32192727 -2.67119594
v -0.88196885 1.32205455 -2.67119594
v -0.87974158 1.32228636 -2.67119594
v -0.87775067 1.32249091 -2.67119594
v -0.87604158 1.32277273 -2.67119594
v -0.87198703 1.32344091 -2.67119594
v -0.86219612 1.32554091 -2.67119594
v -0.86200521 1.32558182 -2.67119594
v -0.86188703 1.32560909 -2.67119594
v -0.86140521 1.32573182 -2.67119594
v -0.85380521 1.32981818 -2.67119594
v -0.84375976 1.33522273 -2.67119594
v -0.83473248 1.34363636 -2.67119594
v 0.73241297 2.04545455 -2.67119594
v 0.73241297 0.95454545 -2.67119594
v -0.00265521 0.94375909 -2.67119594
v -0.00265521 0.95454545 -2.67119594
v -0.00397794 0.93881818 -2.67119594
v -0.00756885 0.92541818 -2.67119594
v -0.01623703 0.91040455 -2.67119594
v -0.01705976 0.90897727 -2.67119594
v -0.01822794 0.90780909 -2.67119594
v -0.02207339 0.90396364 -2.67119594
v -0.03110067 0.89555455 -2.67119594
v -0.04114612 0.89015000 -2.67119594
v -0.04874612 0.88605909 -2.67119594
v -0.04922794 0.88594091 -2.67119594
v -0.04934612 0.88590909 -2.67119594
v -0.04953703 0.88586818 -2.67119594
v -0.05932794 0.88376818 -2.67119594
v -0.06338248 0.88310455 -2.67119594
v -0.06509158 0.88282273 -2.67119594
v -0.06707794 0.88261364 -2.67119594
v -0.07124612 0.88231818 -2.67119594
v -0.07296430 0.88225455 -2.67119594
v -0.06930976 0.88238636 -2.67119594
v -0.88734158 1.46385455 -2.67119594
v -0.88927794 1.46378636 -2.67119594
v -0.89150976 1.46355909 -2.67119594
v -0.89349612 1.46335000 -2.67119594
v -0.89520521 1.46307273 -2.67119594
v -0.89925976 1.46240455 -2.67119594
v -0.88734158 1.32198636 -2.67119594
v -0.88927794 1.32205455 -2.67119594
v -0.89150976 1.32228636 -2.67119594
v -0.89349612 1.32249091 -2.67119594
v -0.89520521 1.32277273 -2.67119594
v -0.89925976 1.32344091 -2.67119594
v -0.13942339 0.92937727 -2.67119594
v -0.14327339 0.94375909 -2.67119594
v -0.13835976 0.92541818 -2.67119594
v -0.13630976 0.92186818 -2.67119594
v -0.12886885 0.90897727 -2.67119594
v -0.12385521 0.90396364 -2.67119594
v -0.11663248 0.89723182 -2.67119594
v -0.11482794 0.89555455 -2.67119594
v -0.09919158 0.88714091 -2.67119594
v -0.09718248 0.88605909 -2.67119594
v -0.09670521 0.88594091 -2.67119594
v -0.09658248 0.88590909 -2.67119594
v -0.09639158 0.88586818 -2.67119594
v -0.08660067 0.88376818 -2.67119594
v -0.08254612 0.88310455 -2.67119594
v -0.08083703 0.88282273 -2.67119594
v -0.07885067 0.88261364 -2.67119594
v -0.07661885 0.88238636 -2.67119594
v -0.07468248 0.88231818 -2.67119594
v -0.14327339 0.95454545 -2.67119594
v 0.73241297 0.95454545 -2.49846867
v 0.73241297 2.04545455 -2.49846867
v 0.73241297 0.09090909 -2.49846867
v 0.73241297 0.09090909 -2.47119594
v -0.72213248 2.04545455 -2.49846867
v -0.35849612 2.04545455 -2.49846867
v 0.00514024 2.04545455 -2.49846867
v 0.36877661 2.04545455 -2.49846867
v 0.39604933 2.04545455 -2.49846867
v 0.03241297 2.04545455 -2.49846867
v -0.33122339 2.04545455 -2.49846867
v -0.69485976 2.04545455 -2.49846867
v -0.33122339 0.95454545 -2.49846867
v -0.14506885 0.95454545 -2.65755958
v -0.35849612 0.95454545 -2.49846867
v -0.69485976 0.95454545 -2.49846867
v -0.72213248 0.95454545 -2.49846867
v 0.39604933 0.95454545 -2.49846867
v 0.36877661 0.95454545 -2.49846867
v 0.03241297 0.95454545 -2.49846867
v -0.00331430 0.95454545 -2.63887776
v -0.00085976 0.95454545 -2.65755958
v -0.01051885 0.95454545 -2.62151412
v -0.02197794 0.95454545 -2.60655958
v 0.00514024 0.95454545 -2.49846867
v -0.03691430 0.95454545 -2.59510503
v -0.05430067 0.95454545 -2.58792321
v -0.07296430 0.95454545 -2.58546867
v -0.09162794 0.95454545 -2.58792321
v -0.10901885 0.95454545 -2.59510503
v -0.12395067 0.95454545 -2.60655958
v -0.14261430 0.95454545 -2.63887776
v -0.13540976 0.95454545 -2.62151412
v 1.07786752 0.88636364 -2.66210503
v 1.07786752 2.11363636 -2.66210503
v 0.85059479 2.11363636 -2.66210503
v 0.85059479 0.88636364 -2.66210503
v -0.93122339 1.33655000 -2.65755958
v -0.93122339 0.88636364 -2.66210503
v -0.93122339 1.33715000 -2.66210503
v -0.93122339 1.33777273 -2.64828685
v -0.93122339 1.33815909 -2.64533230
v -0.93122339 1.34050455 -2.63924140
v -0.93122339 1.34360455 -2.63124140
v -0.93122339 1.34550455 -2.62815049
v -0.93122339 1.34865000 -2.62301412
v -0.93122339 1.35318636 -2.61874140
v -0.93122339 2.11363636 -2.66210503
v -0.93122339 1.44929545 -2.65755958
v -0.93122339 1.44869545 -2.66210503
v -0.93122339 1.44807273 -2.64828685
v -0.93122339 1.44768636 -2.64533230
v -0.93122339 1.44533636 -2.63924140
v -0.93122339 1.44224091 -2.63124140
v -0.93122339 1.44034091 -2.62815049
v -0.93122339 1.43719545 -2.62301412
v -0.93122339 1.43265909 -2.61874140
v -1.15849612 2.11363636 -2.66210503
v -1.15849612 0.88636364 -2.66210503
v -0.93740067 1.44252273 -2.66210503
v -0.94272339 1.43719545 -2.66210503
v -0.94520521 1.43290000 -2.66210503
v -0.95221885 1.42075455 -2.66210503
v -0.95584612 1.40720909 -2.66210503
v -0.95713248 1.40241364 -2.66210503
v -0.95713248 1.38342727 -2.66210503
v -0.95584612 1.37863636 -2.66210503
v -0.95221885 1.36509091 -2.66210503
v -0.94520521 1.35294545 -2.66210503
v -0.94272339 1.34865000 -2.66210503
v -0.93740067 1.34332273 -2.66210503
v 0.86877661 0.77272727 -2.70755958
v 0.86877661 0.87272727 -2.70755958
v -0.94940521 0.87272727 -2.70755958
v -0.94940521 0.77272727 -2.70755958
v 2.19604933 2.13636364 0.74698588
v 2.19604933 0.87272727 0.74698588
v 2.19604933 2.04545455 -0.70755958
v 2.19604933 0.95454545 -0.70755958
v 2.02332206 2.04545455 -0.40755958
v 2.02332206 2.04545455 -0.07119594
v 2.02332206 2.04545455 -0.04392321
v 2.02332206 2.04545455 0.29244042
v 2.02332206 2.04545455 0.31971315
v 2.02332206 2.04545455 -0.43483230
v 2.02332206 0.95454545 0.29244042
v 2.02332206 0.95454545 -0.04392321
v 2.02332206 0.95454545 -0.07119594
v 2.02332206 0.95454545 -0.40755958
v 2.02332206 0.95454545 -0.43483230
v 2.02332206 0.95454545 0.31971315
v 2.18695842 2.11363636 1.00153133
v 2.18695842 0.88636364 1.00153133
v 2.18695842 2.11363636 0.77425860
v 2.18695842 0.88636364 0.77425860
v 2.18695842 2.11363636 -0.82574140
v 2.18695842 0.88636364 -0.82574140
v 2.18695842 2.11363636 -1.05301412
v 2.18695842 0.88636364 -1.05301412
v 2.23241297 0.87272727 0.79244042
v 2.23241297 0.77272727 0.79244042
v 2.23241297 0.87272727 -0.84392321
v 2.23241297 0.77272727 -0.84392321
v -1.90395067 1.82631818 2.39607679
v -1.90395067 1.82500000 2.40607679
v -1.90395067 1.90095455 2.41607679
v -1.90395067 1.90227273 2.40607679
v -1.90395067 1.84431818 2.37261679
v -1.90395067 1.85363636 2.36875679
v -1.90395067 1.86363636 2.44471315
v -1.90395067 1.85363636 2.44339665
v -1.90395067 1.83017727 2.38675860
v -1.90395067 1.86363636 2.36744042
v -1.90395067 1.87363636 2.36875679
v -1.90395067 1.88295455 2.37261679
v -1.90395067 1.90095455 2.39607679
v -1.90395067 1.84431818 2.43953688
v -1.90395067 1.83631818 2.43339683
v -1.90395067 1.89709545 2.42539497
v -1.90395067 1.87363636 2.44339665
v -1.90395067 1.83631818 2.37875679
v -1.90395067 1.89709545 2.38675860
v -1.90395067 1.89095455 2.37875679
v -1.90395067 1.82631818 2.41607679
v -1.90395067 1.83017727 2.42539497
v -1.90395067 1.88295455 2.43953688
v -1.90395067 1.89095455 2.43339683
v 1.84604933 1.90300000 2.38334951
v 1.84604933 1.90754091 2.39431224
v 1.84604933 1.81973182 2.41784133
v 1.84604933 1.81818182 2.40607679
v 1.84604933 1.81973182 2.39431224
v 1.84604933 1.82427273 2.38334951
v 1.84604933 1.86363636 2.36062224
v 1.84604933 1.85187273 2.36217088
v 1.84604933 1.84090909 2.36671224
v 1.84604933 1.88636364 2.36671224
v 1.84604933 1.87540000 2.36217088
v 1.84604933 1.89577727 2.37393542
v 1.84604933 1.84090909 2.44544160
v 1.84604933 1.85187273 2.44998251
v 1.84604933 1.83149545 2.37393542
v 1.84604933 1.90909091 2.40607679
v 1.84604933 1.88636364 2.44544160
v 1.84604933 1.89577727 2.43821806
v 1.84604933 1.83149545 2.43821806
v 1.84604933 1.82427273 2.42880406
v 1.84604933 1.90754091 2.41784133
v 1.84604933 1.90300000 2.42880406
v 1.84604933 1.87540000 2.44998251
v 1.84604933 1.86363636 2.45153133
v -2.05849612 1.95454545 -0.79846867
v -2.05849612 1.95454545 -0.82574140
v -2.05849612 1.95454545 -1.16210503
v -2.05849612 1.95454545 -1.18937776
v -2.05849612 1.95454545 -1.52574140
v -2.05849612 1.95454545 -1.55301412
v 2.11423115 0.09090909 2.35607679
v 1.77786752 0.09090909 2.35607679
v 1.75059479 0.09090909 2.35607679
v 1.41423115 0.09090909 2.35607679
v 1.38695842 0.09090909 2.35607679
v 1.05059479 0.09090909 2.35607679
v 1.02332206 0.09090909 2.35607679
v 0.68695842 0.09090909 2.35607679
v 0.65968570 0.09090909 2.35607679
v 0.32332206 0.09090909 2.35607679
v 0.29604933 0.09090909 2.35607679
v -0.04031430 0.09090909 2.35607679
v -0.06758703 0.09090909 2.35607679
v -0.40395067 0.09090909 2.35607679
v -0.43122339 0.09090909 2.35607679
v -0.76758703 0.09090909 2.35607679
v -0.79485976 0.09090909 2.35607679
v -1.13122339 0.09090909 2.35607679
v -1.15849612 0.09090909 2.35607679
v -1.49485976 0.09090909 2.35607679
v -1.52213248 0.09090909 2.35607679
v -1.85849612 0.09090909 2.35607679
v -1.88576839 0.09090909 2.35607679
v 2.11423115 0.09090909 2.32880406
v 1.75059479 0.09090909 2.32880406
v 1.77786752 0.09090909 2.32880406
v 1.38695842 0.09090909 2.32880406
v 1.41423115 0.09090909 2.32880406
v 1.02332206 0.09090909 2.32880406
v 1.05059479 0.09090909 2.32880406
v 0.65968570 0.09090909 2.32880406
v 0.68695842 0.09090909 2.32880406
v 0.29604933 0.09090909 2.32880406
v 0.32332206 0.09090909 2.32880406
v -0.06758703 0.09090909 2.32880406
v -0.04031430 0.09090909 2.32880406
v -0.43122339 0.09090909 2.32880406
v -0.40395067 0.09090909 2.32880406
v -0.79485976 0.09090909 2.32880406
v -0.76758703 0.09090909 2.32880406
v -1.15849612 0.09090909 2.32880406
v -1.13122339 0.09090909 2.32880406
v -1.52213248 0.09090909 2.32880406
v -1.49485976 0.09090909 2.32880406
v -1.88576839 0.09090909 2.32880406
v -1.85849612 0.09090909 2.32880406
v -2.14940562 0.09090909 -2.49846867
v -1.81304158 0.09090909 -2.49846867
v -1.78576930 0.09090909 -2.49846867
v -1.44940521 0.09090909 -2.49846867
v -1.42213248 0.09090909 -2.49846867
v -1.08576885 0.09090909 -2.49846867
v -1.05849612 0.09090909 -2.49846867
v -0.72213248 0.09090909 -2.49846867
v -0.69485976 0.09090909 -2.49846867
v -0.35849612 0.09090909 -2.49846867
v -0.33122339 0.09090909 -2.49846867
v 0.00514024 0.09090909 -2.49846867
v 0.03241297 0.09090909 -2.49846867
v 0.36877661 0.09090909 -2.49846867
v 0.39604933 0.09090909 -2.49846867
v 0.75968570 0.09090909 -2.49846867
v 1.09604933 0.09090909 -2.49846867
v 1.12332206 0.09090909 -2.49846867
v 1.45968570 0.09090909 -2.49846867
v 1.48695842 0.09090909 -2.49846867
v 1.82332206 0.09090909 -2.49846867
v 1.85059479 0.09090909 -2.49846867
v -2.14940562 0.09090909 -2.47119594
v -1.78576930 0.09090909 -2.47119594
v -1.81304158 0.09090909 -2.47119594
v -1.42213248 0.09090909 -2.47119594
v -1.44940521 0.09090909 -2.47119594
v -1.05849612 0.09090909 -2.47119594
v -1.08576885 0.09090909 -2.47119594
v -0.69485976 0.09090909 -2.47119594
v -0.72213248 0.09090909 -2.47119594
v -0.33122339 0.09090909 -2.47119594
v -0.35849612 0.09090909 -2.47119594
v 0.03241297 0.09090909 -2.47119594
v 0.00514024 0.09090909 -2.47119594
v 0.39604933 0.09090909 -2.47119594
v 0.36877661 0.09090909 -2.47119594
v 0.75968570 0.09090909 -2.47119594
v 1.12332206 0.09090909 -2.47119594
v 1.09604933 0.09090909 -2.47119594
v 1.48695842 0.09090909 -2.47119594
v 1.45968570 0.09090909 -2.47119594
v 1.85059479 0.09090909 -2.47119594
v 1.82332206 0.09090909 -2.47119594
v -2.05849612 0.09090909 2.44698629
v -2.05849612 0.09090909 2.08334997
v -2.05849612 0.09090909 2.11062224
v -2.05849612 0.09090909 1.71971315
v -2.05849612 0.09090909 1.74698588
v -2.05849612 0.09090909 1.35607679
v -2.05849612 0.09090909 1.38334951
v -2.05849612 0.09090909 0.99244042
v -2.05849612 0.09090909 1.01971315
v -2.05849612 0.09090909 0.62880406
v -2.05849612 0.09090909 0.65607679
v -2.05849612 0.09090909 0.26516770
v -2.05849612 0.09090909 0.29244042
v -2.05849612 0.09090909 -0.09846867
v -2.05849612 0.09090909 -0.07119594
v -2.05849612 0.09090909 -0.46210503
v -2.05849612 0.09090909 -0.43483230
v -2.05849612 0.09090909 -0.82574140
v -2.05849612 0.09090909 -0.79846867
v -2.05849612 0.09090909 -1.18937776
v -2.05849612 0.09090909 -1.16210503
v -2.05849612 0.09090909 -1.55301412
v -2.05849612 0.09090909 -1.52574140
v -2.05849612 0.09090909 -1.91665049
v -2.05849612 0.09090909 -2.28028685
v -2.05849612 0.09090909 -2.25301412
v -2.03122339 0.09090909 2.44698629
v -2.03122339 0.09090909 2.11062224
v -2.03122339 0.09090909 2.08334997
v -2.03122339 0.09090909 1.74698588
v -2.03122339 0.09090909 1.71971315
v -2.03122339 0.09090909 1.38334951
v -2.03122339 0.09090909 1.35607679
v -2.03122339 0.09090909 1.01971315
v -2.03122339 0.09090909 0.99244042
v -2.03122339 0.09090909 0.65607679
v -2.03122339 0.09090909 0.62880406
v -2.03122339 0.09090909 0.29244042
v -2.03122339 0.09090909 0.26516770
v -2.03122339 0.09090909 -0.07119594
v -2.03122339 0.09090909 -0.09846867
v -2.03122339 0.09090909 -0.43483230
v -2.03122339 0.09090909 -0.46210503
v -2.03122339 0.09090909 -0.79846867
v -2.03122339 0.09090909 -0.82574140
v -2.03122339 0.09090909 -1.16210503
v -2.03122339 0.09090909 -1.18937776
v -2.03122339 0.09090909 -1.52574140
v -2.03122339 0.09090909 -1.55301412
v -2.03122339 0.09090909 -1.91665049
v -2.03122339 0.09090909 -2.25301412
v -2.03122339 0.09090909 -2.28028685
v 2.02332206 0.09090909 -2.58937776
v 2.02332206 0.09090909 -2.22574140
v 2.02332206 0.09090909 -2.25301412
v 2.02332206 0.09090909 -1.86210503
v 2.02332206 0.09090909 -1.88937776
v 2.02332206 0.09090909 -1.49846867
v 2.02332206 0.09090909 -1.52574140
v 2.02332206 0.09090909 -1.13483230
v 2.02332206 0.09090909 -1.16210503
v 2.02332206 0.09090909 -0.77119594
v 2.02332206 0.09090909 -0.79846867
v 2.02332206 0.09090909 -0.40755958
v 2.02332206 0.09090909 -0.43483230
v 2.02332206 0.09090909 -0.04392321
v 2.02332206 0.09090909 -0.07119594
v 2.02332206 0.09090909 0.31971315
v 2.02332206 0.09090909 0.29244042
v 2.02332206 0.09090909 0.68334951
v 2.02332206 0.09090909 1.04698588
v 2.02332206 0.09090909 1.01971315
v 2.02332206 0.09090909 1.41062224
v 2.02332206 0.09090909 1.38334951
v 2.02332206 0.09090909 1.77425860
v 2.02332206 0.09090909 1.74698588
v 2.02332206 0.09090909 2.13789451
v 2.02332206 0.09090909 2.11062224
v 1.99604933 0.09090909 -2.58937776
v 1.99604933 0.09090909 -2.25301412
v 1.99604933 0.09090909 -2.22574140
v 1.99604933 0.09090909 -1.88937776
v 1.99604933 0.09090909 -1.86210503
v 1.99604933 0.09090909 -1.52574140
v 1.99604933 0.09090909 -1.49846867
v 1.99604933 0.09090909 -1.16210503
v 1.99604933 0.09090909 -1.13483230
v 1.99604933 0.09090909 -0.79846867
v 1.99604933 0.09090909 -0.77119594
v 1.99604933 0.09090909 -0.43483230
v 1.99604933 0.09090909 -0.40755958
v 1.99604933 0.09090909 -0.07119594
v 1.99604933 0.09090909 -0.04392321
v 1.99604933 0.09090909 0.29244042
v 1.99604933 0.09090909 0.31971315
v 1.99604933 0.09090909 0.68334951
v 1.99604933 0.09090909 1.01971315
v 1.99604933 0.09090909 1.04698588
v 1.99604933 0.09090909 1.38334951
v 1.99604933 0.09090909 1.41062224
v 1.99604933 0.09090909 1.74698588
v 1.99604933 0.09090909 1.77425860
v 1.99604933 0.09090909 2.11062224
v 1.99604933 0.09090909 2.13789451
v -0.87170976 1.46011364 -2.63346867
v -0.87841885 1.46011364 -2.63069594
v -0.88316885 1.46502727 -2.64837776
v -0.81843248 1.42075455 -2.65755958
v -0.82792794 1.43719545 -2.65755958
v -0.94332339 1.43719545 -2.65755958
v -0.90301430 1.42075455 -2.59265049
v -0.88562339 1.42075455 -2.59037776
v -0.90428703 1.40241364 -2.58792321
v -0.88562339 1.36509091 -2.59037776
v -0.90301430 1.36509091 -2.59265049
v -0.90428703 1.38342727 -2.58792321
v -0.84135067 1.45062273 -2.65755958
v -0.84285976 1.45062273 -2.66901412
v -0.94806885 1.40241364 -2.62151412
v -0.95527339 1.38342727 -2.63887776
v -0.95527339 1.40241364 -2.63887776
v -0.94806885 1.38342727 -2.62151412
v -0.95052794 1.42075455 -2.64015049
v -0.95281430 1.42075455 -2.65755958
v -0.87069158 1.34865000 -2.60183230
v -0.87416430 1.33522273 -2.61478685
v -0.88562339 1.33522273 -2.61328685
v -0.95052794 1.36509091 -2.64015049
v -0.89511885 1.32081818 -2.65755958
v -0.89479158 1.32081818 -2.66001412
v -0.93313703 1.42075455 -2.61005958
v -0.94381430 1.42075455 -2.62396867
v -0.95772794 1.40241364 -2.65755958
v -0.88562339 1.38342727 -2.58546867
v -0.88562339 1.40241364 -2.58546867
v -0.91447339 1.43719545 -2.60760503
v -0.83811430 1.42075455 -2.61005958
v -0.83463703 1.40241364 -2.60655958
v -0.84957339 1.40241364 -2.59510503
v -0.81351885 1.38342727 -2.65755958
v -0.81843248 1.36509091 -2.65755958
v -0.86348703 1.45062273 -2.61919594
v -0.87069158 1.43719545 -2.60183230
v -0.87416430 1.45062273 -2.61478685
v -0.90055976 1.43719545 -2.60183230
v -0.95772794 1.38342727 -2.65755958
v -0.89479158 1.46502727 -2.65510503
v -0.94135521 1.43719545 -2.64260503
v -0.93559158 1.43719545 -2.62869594
v -0.92167794 1.40241364 -2.59510503
v -0.92167794 1.38342727 -2.59510503
v -0.85874158 1.46011364 -2.66474140
v -0.87645521 1.46502727 -2.66001412
v -0.82743703 1.42075455 -2.62396867
v -0.84482339 1.43719545 -2.61674140
v -0.85431885 1.33522273 -2.62624140
v -0.84728248 1.33522273 -2.63542321
v -0.86152339 1.32573182 -2.64365049
v -0.83565521 1.43719545 -2.62869594
v -0.84728248 1.45062273 -2.63542321
v -0.89233703 1.32081818 -2.66428685
v -0.93559158 1.34865000 -2.62869594
v -0.94381430 1.36509091 -2.62396867
v -0.89511885 1.46502727 -2.65755958
v -0.85779158 1.46011364 -2.65755958
v -0.85874158 1.46011364 -2.65037776
v -0.87841885 1.32573182 -2.63069594
v -0.87170976 1.32573182 -2.63346867
v -0.88316885 1.32081818 -2.64837776
v -0.85874158 1.32573182 -2.66474140
v -0.86348703 1.33522273 -2.61919594
v -0.85677339 1.34865000 -2.60760503
v -0.84482339 1.34865000 -2.61674140
v -0.95281430 1.36509091 -2.65755958
v -0.93660976 1.40241364 -2.60655958
v -0.87613248 1.46502727 -2.65755958
v -0.82072339 1.42075455 -2.64015049
v -0.82989158 1.43719545 -2.64260503
v -0.82317794 1.38342727 -2.62151412
v -0.81597794 1.40241364 -2.63887776
v -0.81597794 1.38342727 -2.63887776
v -0.82317794 1.40241364 -2.62151412
v -0.82792794 1.34865000 -2.65755958
v -0.89954158 1.32573182 -2.63346867
v -0.87740521 1.46502727 -2.66228685
v -0.86695976 1.38342727 -2.58792321
v -0.85202794 1.36509091 -2.59937776
v -0.86823248 1.36509091 -2.59265049
v -0.88562339 1.34865000 -2.59987776
v -0.90055976 1.34865000 -2.60183230
v -0.84957339 1.38342727 -2.59510503
v -0.91921885 1.42075455 -2.59937776
v -0.89708248 1.45062273 -2.61478685
v -0.89282794 1.46011364 -2.63069594
v -0.94332339 1.34865000 -2.65755958
v -0.93660976 1.38342727 -2.60655958
v -0.84285976 1.45062273 -2.64610503
v -0.89233703 1.46502727 -2.65083230
v -0.89384612 1.46502727 -2.65283230
v -0.83463703 1.38342727 -2.60655958
v -0.83811430 1.36509091 -2.61005958
v -0.81351885 1.40241364 -2.65755958
v -0.88316885 1.46502727 -2.66674140
v -0.88562339 1.46502727 -2.66705958
v -0.87890976 1.46502727 -2.66428685
v -0.94135521 1.34865000 -2.64260503
v -0.86594612 1.32573182 -2.63787776
v -0.87890976 1.32081818 -2.65083230
v -0.83565521 1.34865000 -2.62869594
v -0.85202794 1.42075455 -2.59937776
v -0.86695976 1.40241364 -2.58792321
v -0.86823248 1.42075455 -2.59265049
v -0.89708248 1.33522273 -2.61478685
v -0.91447339 1.34865000 -2.60760503
v -0.89954158 1.46011364 -2.63346867
v -0.88562339 1.45062273 -2.61328685
v -0.91921885 1.36509091 -2.59937776
v -0.93313703 1.36509091 -2.61005958
v -0.87645521 1.46502727 -2.65510503
v -0.87740521 1.46502727 -2.65283230
v -0.87890976 1.46502727 -2.65083230
v -0.88087794 1.46502727 -2.64933230
v -0.88087794 1.46502727 -2.66578685
v -0.88562339 1.46502727 -2.64805958
v -0.88808248 1.46502727 -2.64837776
v -0.88808248 1.46502727 -2.66674140
v -0.89036885 1.46502727 -2.64933230
v -0.89036885 1.46502727 -2.66578685
v -0.89233703 1.46502727 -2.66428685
v -0.89384612 1.46502727 -2.66228685
v -0.89479158 1.46502727 -2.66001412
v -0.84135067 1.33522273 -2.65755958
v -0.84285976 1.33522273 -2.66901412
v -0.89282794 1.32573182 -2.63069594
v -0.87645521 1.32081818 -2.66001412
v -0.87740521 1.32081818 -2.66228685
v -0.85677339 1.43719545 -2.60760503
v -0.88562339 1.43719545 -2.59987776
v -0.82989158 1.34865000 -2.64260503
v -0.88808248 1.32081818 -2.64837776
v -0.88087794 1.32081818 -2.64933230
v -0.87645521 1.32081818 -2.65510503
v -0.87613248 1.32081818 -2.65755958
v -0.87740521 1.32081818 -2.65283230
v -0.87890976 1.32081818 -2.66428685
v -0.88087794 1.32081818 -2.66578685
v -0.88316885 1.32081818 -2.66674140
v -0.88562339 1.32081818 -2.66705958
v -0.88562339 1.32081818 -2.64805958
v -0.88808248 1.32081818 -2.66674140
v -0.89036885 1.32081818 -2.66578685
v -0.89036885 1.32081818 -2.64933230
v -0.89233703 1.32081818 -2.65083230
v -0.89384612 1.32081818 -2.66228685
v -0.89384612 1.32081818 -2.65283230
v -0.89479158 1.32081818 -2.65510503
v -0.85779158 1.32573182 -2.65755958
v -0.85874158 1.32573182 -2.65037776
v -0.84285976 1.33522273 -2.64610503
v -0.88562339 1.46011364 -2.62974140
v -0.85431885 1.45062273 -2.62624140
v -0.86152339 1.46011364 -2.64365049
v -0.82072339 1.36509091 -2.64015049
v -0.82743703 1.36509091 -2.62396867
v -0.86594612 1.46011364 -2.63787776
v -0.88562339 1.32573182 -2.62974140
v -0.07296430 0.92541818 -2.59037776
v -0.09035521 0.92541818 -2.59265049
v -0.09162794 0.94375909 -2.58792321
v -0.14261430 0.94375909 -2.63887776
v -0.13540976 0.94375909 -2.62151412
v -0.05803248 0.90897727 -2.60183230
v -0.06150521 0.89555455 -2.61478685
v -0.07296430 0.89555455 -2.61328685
v -0.13786430 0.92541818 -2.64015049
v -0.07296430 0.94375909 -2.58546867
v -0.03691430 0.94375909 -2.59510503
v -0.02545521 0.92541818 -2.61005958
v -0.03936885 0.92541818 -2.59937776
v -0.00806430 0.92541818 -2.64015049
v -0.01723248 0.90897727 -2.64260503
v -0.02299612 0.90897727 -2.62869594
v -0.11572794 0.89555455 -2.64610503
v -0.10079612 0.88605909 -2.65755958
v -0.11723703 0.89555455 -2.65755958
v -0.03020067 0.89555455 -2.64610503
v -0.03462339 0.89555455 -2.63542321
v -0.01051885 0.94375909 -2.62151412
v -0.00331430 0.94375909 -2.63887776
v -0.11376430 0.90897727 -2.61674140
v -0.12293248 0.90897727 -2.62869594
v -0.13115521 0.92541818 -2.62396867
v -0.06575976 0.88605909 -2.63069594
v -0.05905067 0.88605909 -2.63346867
v -0.07050976 0.88114545 -2.64837776
v -0.04165976 0.89555455 -2.62624140
v -0.04885976 0.88605909 -2.64365049
v -0.05082794 0.89555455 -2.61919594
v -0.04411430 0.90897727 -2.60760503
v -0.03216430 0.90897727 -2.61674140
v -0.14015521 0.92541818 -2.65755958
v -0.14506885 0.94375909 -2.65755958
v -0.09984612 0.88605909 -2.66474140
v -0.11572794 0.89555455 -2.66901412
v -0.09510067 0.89555455 -2.61919594
v -0.08688248 0.88605909 -2.63346867
v -0.10426885 0.89555455 -2.62624140
v -0.08245521 0.88114545 -2.65755958
v -0.08213248 0.88114545 -2.66001412
v -0.05430067 0.94375909 -2.58792321
v -0.05557339 0.92541818 -2.59265049
v -0.07296430 0.90897727 -2.59987776
v -0.08789612 0.90897727 -2.60183230
v -0.13066430 0.90897727 -2.65755958
v -0.12395067 0.94375909 -2.60655958
v -0.02197794 0.94375909 -2.60655958
v -0.01477339 0.92541818 -2.62396867
v -0.12869612 0.90897727 -2.64260503
v -0.11130521 0.89555455 -2.63542321
v -0.09706885 0.88605909 -2.64365049
v -0.05328703 0.88605909 -2.63787776
v -0.06625067 0.88114545 -2.65083230
v -0.08442339 0.89555455 -2.61478685
v -0.10181430 0.90897727 -2.60760503
v -0.10901885 0.94375909 -2.59510503
v -0.10655976 0.92541818 -2.59937776
v -0.12047794 0.92541818 -2.61005958
v -0.00577339 0.92541818 -2.65755958
v -0.01526430 0.90897727 -2.65755958
v -0.02869158 0.89555455 -2.65755958
v -0.00085976 0.94375909 -2.65755958
v -0.06625067 0.88114545 -2.66428685
v -0.06821885 0.88114545 -2.66578685
v -0.08016885 0.88605909 -2.63069594
v -0.04513248 0.88605909 -2.65755958
v -0.04608248 0.88605909 -2.66474140
v -0.06347339 0.88114545 -2.65755958
v -0.07770976 0.88114545 -2.64933230
v -0.07967794 0.88114545 -2.65083230
v -0.09264612 0.88605909 -2.63787776
v -0.06821885 0.88114545 -2.64933230
v -0.03020067 0.89555455 -2.66901412
v -0.04608248 0.88605909 -2.65037776
v -0.07967794 0.88114545 -2.66428685
v -0.07296430 0.88114545 -2.66705958
v -0.06379612 0.88114545 -2.66001412
v -0.06474158 0.88114545 -2.66228685
v -0.07542339 0.88114545 -2.66674140
v -0.08118703 0.88114545 -2.65283230
v -0.08213248 0.88114545 -2.65510503
v -0.09984612 0.88605909 -2.65037776
v -0.06379612 0.88114545 -2.65510503
v -0.07296430 0.88605909 -2.62974140
v -0.07296430 0.88114545 -2.64805958
v -0.07770976 0.88114545 -2.66578685
v -0.06474158 0.88114545 -2.65283230
v -0.07050976 0.88114545 -2.66674140
v -0.07542339 0.88114545 -2.64837776
v -0.08118703 0.88114545 -2.66228685
v -1.51758703 1.95145000 2.38254770
v 1.43695842 1.95454545 2.40607679
v 1.43695842 1.95145000 2.38254770
v -1.51758703 1.95454545 2.40607679
v 1.43695842 1.79935455 2.34179451
v -1.51758703 1.81818182 2.32734724
v 1.43695842 1.81818182 2.32734724
v -1.51758703 1.79935455 2.34179451
v -1.51758703 1.86363636 2.49698588
v 1.43695842 1.88716364 2.49388820
v -1.51758703 1.88716364 2.49388820
v 1.43695842 1.86363636 2.49698588
v -1.51758703 1.84010909 2.49388820
v 1.43695842 1.84010909 2.49388820
v 1.43695842 1.86363636 2.31516770
v -1.51758703 1.88716364 2.31826542
v 1.43695842 1.88716364 2.31826542
v -1.51758703 1.86363636 2.31516770
v -1.51758703 1.94236364 2.36062224
v 1.43695842 1.94236364 2.36062224
v 1.43695842 1.95145000 2.42960574
v -1.51758703 1.95145000 2.42960574
v 1.43695842 1.90909091 2.48480633
v -1.51758703 1.90909091 2.48480633
v -1.51758703 1.78839545 2.35607679
v 1.43695842 1.78839545 2.35607679
v 1.43695842 1.84010909 2.31826542
v -1.51758703 1.84010909 2.31826542
v -1.51758703 1.92791818 2.34179451
v 1.43695842 1.92791818 2.34179451
v -1.51758703 1.90909091 2.32734724
v 1.43695842 1.90909091 2.32734724
v -1.51758703 1.78839545 2.45607674
v -1.51758703 0.18181818 2.35607679
v -1.51758703 1.86363636 2.36857679
v -1.51758703 1.85393182 2.36985451
v -1.51758703 1.84488636 2.37360088
v -1.51758703 1.83711818 2.37956042
v -1.51758703 1.83115909 2.38732679
v -1.51758703 1.82613636 2.40607679
v -1.51758703 1.82741364 2.39637133
v -1.51758703 1.82741364 2.41578224
v -1.51758703 1.83115909 2.42482679
v -1.51758703 1.83711818 2.43259329
v -1.51758703 1.79935455 2.47035920
v -1.51758703 1.84488636 2.43855274
v -1.51758703 1.81818182 2.48480633
v -1.51758703 0.18181818 2.45607674
v -1.51758703 1.85393182 2.44229897
v -1.51758703 1.86363636 2.44357679
v -1.51758703 1.92791818 2.47035920
v -1.51758703 1.94236364 2.45153133
v -1.51758703 1.87334091 2.36985451
v -1.51758703 1.88238636 2.37360088
v -1.51758703 1.89015455 2.37956042
v -1.51758703 1.89611364 2.38732679
v -1.51758703 1.89985909 2.39637133
v -1.51758703 1.90113636 2.40607679
v -1.51758703 1.89985909 2.41578224
v -1.51758703 1.89611364 2.42482679
v -1.51758703 1.89015455 2.43259329
v -1.51758703 1.88238636 2.43855274
v -1.51758703 1.87334091 2.44229897
v 1.43695842 1.81818182 2.48480633
v 1.43695842 1.87334091 2.44229897
v 1.43695842 1.86363636 2.44357679
v 1.43695842 1.79935455 2.47035920
v 1.43695842 1.78839545 2.45607674
v 1.43695842 1.87334091 2.36985451
v 1.43695842 1.86363636 2.36857679
v 1.43695842 1.88238636 2.37360088
v 1.43695842 1.89015455 2.37956042
v 1.43695842 1.89611364 2.38732679
v 1.43695842 1.89985909 2.39637133
v 1.43695842 1.90113636 2.40607679
v 1.43695842 1.89985909 2.41578224
v 1.43695842 1.89611364 2.42482679
v 1.43695842 1.94236364 2.45153133
v 1.43695842 1.89015455 2.43259329
v 1.43695842 1.92791818 2.47035920
v 1.43695842 1.88238636 2.43855274
v 1.43695842 1.85393182 2.36985451
v 1.43695842 1.84488636 2.37360088
v 1.43695842 1.83711818 2.37956042
v 1.43695842 1.83115909 2.38732679
v 1.43695842 1.82741364 2.39637133
v 1.43695842 1.82613636 2.40607679
v 1.43695842 1.82741364 2.41578224
v 1.43695842 1.83115909 2.42482679
v 1.43695842 1.83711818 2.43259329
v 1.43695842 1.84488636 2.43855274
v 1.43695842 1.85393182 2.44229897
v 1.43695842 0.18181818 2.35607679
v 1.43695842 0.18181818 2.45607674
v 0.47104933 0.38636364 2.45607674
v 0.60741297 0.67424091 2.45607674
v 0.47104933 0.67424091 2.45607674
v 0.60741297 0.38636364 2.45607674
v -0.17667794 0.38636364 2.45607674
v -0.04031430 0.67424091 2.45607674
v -0.17667794 0.67424091 2.45607674
v -0.04031430 0.38636364 2.45607674
v -0.82440521 0.38636364 2.45607674
v -0.68804158 0.67424091 2.45607674
v -0.82440521 0.67424091 2.45607674
v -0.68804158 0.38636364 2.45607674
v 0.47104933 0.81060455 2.45607674
v 0.60741297 1.09848636 2.45607674
v 0.47104933 1.09848636 2.45607674
v 0.60741297 0.81060455 2.45607674
v -0.17667794 0.81060455 2.45607674
v -0.04031430 1.09848636 2.45607674
v -0.17667794 1.09848636 2.45607674
v -0.04031430 0.81060455 2.45607674
v -0.82440521 0.81060455 2.45607674
v -0.68804158 1.09848636 2.45607674
v -0.82440521 1.09848636 2.45607674
v -0.68804158 0.81060455 2.45607674
v 0.47104933 1.23485000 2.45607674
v 0.60741297 1.52272727 2.45607674
v 0.47104933 1.52272727 2.45607674
v 0.60741297 1.23485000 2.45607674
v -0.17667794 1.23485000 2.45607674
v -0.04031430 1.52272727 2.45607674
v -0.17667794 1.52272727 2.45607674
v -0.04031430 1.23485000 2.45607674
v -0.82440521 1.23485000 2.45607674
v -0.68804158 1.52272727 2.45607674
v -0.82440521 1.52272727 2.45607674
v -0.68804158 1.23485000 2.45607674
v -1.33576885 1.52272727 2.45607674
v -1.33576885 1.23485000 2.45607674
v -1.33576885 1.09848636 2.45607674
v -1.33576885 0.81060455 2.45607674
v -1.33576885 0.67424091 2.45607674
v -1.33576885 0.38636364 2.45607674
v 1.11877661 1.52272727 2.45607674
v 1.11877661 1.23485000 2.45607674
v 1.11877661 1.09848636 2.45607674
v 1.11877661 0.81060455 2.45607674
v 1.11877661 0.67424091 2.45607674
v 1.11877661 0.38636364 2.45607674
v -1.33576885 0.38636364 2.42880406
v -1.33576885 0.67424091 2.42880406
v -0.82440521 0.67424091 2.42880406
v -0.82440521 0.38636364 2.42880406
v -1.33576885 0.81060455 2.42880406
v -1.33576885 1.09848636 2.42880406
v -0.82440521 1.09848636 2.42880406
v -0.82440521 0.81060455 2.42880406
v -1.33576885 1.23485000 2.42880406
v -1.33576885 1.52272727 2.42880406
v -0.82440521 1.52272727 2.42880406
v -0.82440521 1.23485000 2.42880406
v -0.68804158 0.38636364 2.42880406
v -0.68804158 0.67424091 2.42880406
v -0.17667794 0.67424091 2.42880406
v -0.17667794 0.38636364 2.42880406
v -0.68804158 0.81060455 2.42880406
v -0.68804158 1.09848636 2.42880406
v -0.17667794 1.09848636 2.42880406
v -0.17667794 0.81060455 2.42880406
v -0.68804158 1.23485000 2.42880406
v -0.68804158 1.52272727 2.42880406
v -0.17667794 1.52272727 2.42880406
v -0.17667794 1.23485000 2.42880406
v -0.04031430 0.38636364 2.42880406
v -0.04031430 0.67424091 2.42880406
v 0.47104933 0.67424091 2.42880406
v 0.47104933 0.38636364 2.42880406
v -0.04031430 0.81060455 2.42880406
v -0.04031430 1.09848636 2.42880406
v 0.47104933 1.09848636 2.42880406
v 0.47104933 0.81060455 2.42880406
v -0.04031430 1.23485000 2.42880406
v -0.04031430 1.52272727 2.42880406
v 0.47104933 1.52272727 2.42880406
v 0.47104933 1.23485000 2.42880406
v 0.60741297 0.38636364 2.42880406
v 0.60741297 0.67424091 2.42880406
v 1.11877661 0.67424091 2.42880406
v 1.11877661 0.38636364 2.42880406
v 0.60741297 0.81060455 2.42880406
v 0.60741297 1.09848636 2.42880406
v 1.11877661 1.09848636 2.42880406
v 1.11877661 0.81060455 2.42880406
v 0.60741297 1.23485000 2.42880406
v 0.60741297 1.52272727 2.42880406
v 1.11877661 1.52272727 2.42880406
v 1.11877661 1.23485000 2.42880406
v -0.01758703 3.73809545 2.92880406
v -0.01758703 3.86363636 2.92880406
v -0.20427339 3.79496818 2.92880406
v -0.20427339 3.77451364 2.92880406
v 0.16909933 3.79496818 2.92880406
v 0.16909933 3.77451364 2.92880406
v -0.20427339 3.66942727 2.92880406
v -0.39096430 3.70584545 2.92880406
v -0.39096430 3.68539091 2.92880406
v -0.20427339 3.64897273 2.92880406
v -0.39096430 3.58030455 2.92880406
v -0.57765067 3.61672273 2.92880406
v -0.57765067 3.59626364 2.92880406
v -0.39096430 3.55985000 2.92880406
v -0.57765067 3.49118182 2.92880406
v -0.76434158 3.52759545 2.92880406
v -0.76434158 3.50714091 2.92880406
v -0.57765067 3.47072273 2.92880406
v -0.76434158 3.40205455 2.92880406
v -0.95102794 3.43847273 2.92880406
v -0.95102794 3.41801818 2.92880406
v -0.76434158 3.38160000 2.92880406
v -0.95102794 3.31293182 2.92880406
v -1.13771885 3.34935000 2.92880406
v -1.13771885 3.32889545 2.92880406
v -0.95102794 3.29247727 2.92880406
v -1.13771885 3.22380909 2.92880406
v -1.32440521 3.26022727 2.92880406
v -1.32440521 3.23977273 2.92880406
v -1.13771885 3.20335455 2.92880406
v -1.32440521 3.13468636 2.92880406
v -1.51109158 3.17110455 2.92880406
v -1.51109158 3.15065000 2.92880406
v -1.32440521 3.11423182 2.92880406
v -1.51109158 3.04556364 2.92880406
v -1.69778248 3.08198182 2.92880406
v -1.69778248 3.06152727 2.92880406
v -1.51109158 3.02510909 2.92880406
v -1.69778248 2.95644091 2.92880406
v -1.88447067 2.99285455 2.92880406
v -1.88447067 2.97240455 2.92880406
v -1.69778248 2.93598636 2.92880406
v -1.88447067 2.86731818 2.92880406
v -2.07115839 2.90373182 2.92880406
v -2.07115839 2.88327727 2.92880406
v -1.88447067 2.84686364 2.92880406
v -2.07115839 2.77819091 2.92880406
v -2.25784658 2.81460909 2.92880406
v -2.25784658 2.79415455 2.92880406
v -2.07115839 2.75773636 2.92880406
v -2.25784658 2.68906818 2.92880406
v -2.44453476 2.72548636 2.92880406
v -2.44453476 2.70503182 2.92880406
v -2.25784658 2.66861364 2.92880406
v -2.44453476 2.59994545 2.92880406
v -2.63122339 2.63636364 2.92880406
v -2.44453476 2.57949091 2.92880406
v -2.63122339 2.51082273 2.92880406
v 0.16909933 3.66942727 2.92880406
v 0.35579024 3.70584545 2.92880406
v 0.35579024 3.68539091 2.92880406
v 0.16909933 3.64897273 2.92880406
v 0.35579024 3.58030455 2.92880406
v 0.54247661 3.61672273 2.92880406
v 0.54247661 3.59626364 2.92880406
v 0.35579024 3.55985000 2.92880406
v 0.54247661 3.49118182 2.92880406
v 0.72916752 3.52759545 2.92880406
v 0.72916752 3.50714091 2.92880406
v 0.54247661 3.47072273 2.92880406
v 0.72916752 3.40205455 2.92880406
v 0.91585388 3.43847273 2.92880406
v 0.91585388 3.41801818 2.92880406
v 0.72916752 3.38160000 2.92880406
v 0.91585388 3.31293182 2.92880406
v 1.10254479 3.34935000 2.92880406
v 1.10254479 3.32889545 2.92880406
v 0.91585388 3.29247727 2.92880406
v 1.10254479 3.22380909 2.92880406
v 1.28923115 3.26022727 2.92880406
v 1.28923115 3.23977273 2.92880406
v 1.10254479 3.20335455 2.92880406
v 1.28923115 3.13468636 2.92880406
v 1.47591752 3.17110455 2.92880406
v 1.47591752 3.15065000 2.92880406
v 1.28923115 3.11423182 2.92880406
v 1.47591752 3.04556364 2.92880406
v 1.66260842 3.08198182 2.92880406
v 1.66260842 3.06152727 2.92880406
v 1.47591752 3.02510909 2.92880406
v 1.66260842 2.95644091 2.92880406
v 1.84929479 2.99285455 2.92880406
v 1.84929479 2.97240455 2.92880406
v 1.66260842 2.93598636 2.92880406
v 1.84929479 2.86731818 2.92880406
v 2.03598570 2.90373182 2.92880406
v 2.03598570 2.88327727 2.92880406
v 1.84929479 2.84686364 2.92880406
v 2.03598570 2.77819091 2.92880406
v 2.22267206 2.81460909 2.92880406
v 2.22267206 2.79415455 2.92880406
v 2.03598570 2.75773636 2.92880406
v 2.22267206 2.68906818 2.92880406
v 2.40936752 2.72548636 2.92880406
v 2.40936752 2.70503182 2.92880406
v 2.22267206 2.66861364 2.92880406
v 2.40936752 2.59994545 2.92880406
v 2.59604933 2.63636364 2.92880406
v 2.40936752 2.57949091 2.92880406
v 2.59604933 2.51082273 2.92880406
v -0.01758703 3.73809545 -3.07119594
v -0.01758703 3.86363636 -3.07119594
v 0.16909933 3.79496818 -3.07119594
v 0.16909933 3.77451364 -3.07119594
v -0.20427339 3.79496818 -3.07119594
v -0.20427339 3.77451364 -3.07119594
v 0.16909933 3.66942727 -3.07119594
v 0.35579024 3.70584545 -3.07119594
v 0.35579024 3.68539091 -3.07119594
v 0.16909933 3.64897273 -3.07119594
v 0.35579024 3.58030455 -3.07119594
v 0.54247661 3.61672273 -3.07119594
v 0.54247661 3.59626364 -3.07119594
v 0.35579024 3.55985000 -3.07119594
v 0.54247661 3.49118182 -3.07119594
v 0.72916752 3.52759545 -3.07119594
v 0.72916752 3.50714091 -3.07119594
v 0.54247661 3.47072273 -3.07119594
v 0.72916752 3.40205455 -3.07119594
v 0.91585388 3.43847273 -3.07119594
v 0.91585388 3.41801818 -3.07119594
v 0.72916752 3.38160000 -3.07119594
v 0.91585388 3.31293182 -3.07119594
v 1.10254479 3.34935000 -3.07119594
v 1.10254479 3.32889545 -3.07119594
v 0.91585388 3.29247727 -3.07119594
v 1.10254479 3.22380909 -3.07119594
v 1.28923115 3.26022727 -3.07119594
v 1.28923115 3.23977273 -3.07119594
v 1.10254479 3.20335455 -3.07119594
v 1.28923115 3.13468636 -3.07119594
v 1.47591752 3.17110455 -3.07119594
v 1.47591752 3.15065000 -3.07119594
v 1.28923115 3.11423182 -3.07119594
v 1.47591752 3.04556364 -3.07119594
v 1.66260842 3.08198182 -3.07119594
v 1.66260842 3.06152727 -3.07119594
v 1.47591752 3.02510909 -3.07119594
v 1.66260842 2.95644091 -3.07119594
v 1.84929479 2.99285455 -3.07119594
v 1.84929479 2.97240455 -3.07119594
v 1.66260842 2.93598636 -3.07119594
v 1.84929479 2.86731818 -3.07119594
v 2.03598570 2.90373182 -3.07119594
v 2.03598570 2.88327727 -3.07119594
v 1.84929479 2.84686364 -3.07119594
v 2.03598570 2.77819091 -3.07119594
v 2.22267206 2.81460909 -3.07119594
v 2.22267206 2.79415455 -3.07119594
v 2.03598570 2.75773636 -3.07119594
v 2.22267206 2.68906818 -3.07119594
v 2.40936752 2.72548636 -3.07119594
v 2.40936752 2.70503182 -3.07119594
v 2.22267206 2.66861364 -3.07119594
v 2.40936752 2.59994545 -3.07119594
v 2.59604933 2.63636364 -3.07119594
v 2.40936752 2.57949091 -3.07119594
v 2.59604933 2.51082273 -3.07119594
v -0.20427339 3.66942727 -3.07119594
v -0.39096430 3.70584545 -3.07119594
v -0.39096430 3.68539091 -3.07119594
v -0.20427339 3.64897273 -3.07119594
v -0.39096430 3.58030455 -3.07119594
v -0.57765067 3.61672273 -3.07119594
v -0.57765067 3.59626364 -3.07119594
v -0.39096430 3.55985000 -3.07119594
v -0.57765067 3.49118182 -3.07119594
v -0.76434158 3.52759545 -3.07119594
v -0.76434158 3.50714091 -3.07119594
v -0.57765067 3.47072273 -3.07119594
v -0.76434158 3.40205455 -3.07119594
v -0.95102794 3.43847273 -3.07119594
v -0.95102794 3.41801818 -3.07119594
v -0.76434158 3.38160000 -3.07119594
v -0.95102794 3.31293182 -3.07119594
v -1.13771885 3.34935000 -3.07119594
v -1.13771885 3.32889545 -3.07119594
v -0.95102794 3.29247727 -3.07119594
v -1.13771885 3.22380909 -3.07119594
v -1.32440521 3.26022727 -3.07119594
v -1.32440521 3.23977273 -3.07119594
v -1.13771885 3.20335455 -3.07119594
v -1.32440521 3.13468636 -3.07119594
v -1.51109158 3.17110455 -3.07119594
v -1.51109158 3.15065000 -3.07119594
v -1.32440521 3.11423182 -3.07119594
v -1.51109158 3.04556364 -3.07119594
v -1.69778248 3.08198182 -3.07119594
v -1.69778248 3.06152727 -3.07119594
v -1.51109158 3.02510909 -3.07119594
v -1.69778248 2.95644091 -3.07119594
v -1.88447067 2.99285455 -3.07119594
v -1.88447067 2.97240455 -3.07119594
v -1.69778248 2.93598636 -3.07119594
v -1.88447067 2.86731818 -3.07119594
v -2.07115839 2.90373182 -3.07119594
v -2.07115839 2.88327727 -3.07119594
v -1.88447067 2.84686364 -3.07119594
v -2.07115839 2.77819091 -3.07119594
v -2.25784658 2.81460909 -3.07119594
v -2.25784658 2.79415455 -3.07119594
v -2.07115839 2.75773636 -3.07119594
v -2.25784658 2.68906818 -3.07119594
v -2.44453476 2.72548636 -3.07119594
v -2.44453476 2.70503182 -3.07119594
v -2.25784658 2.66861364 -3.07119594
v -2.44453476 2.59994545 -3.07119594
v -2.63122339 2.63636364 -3.07119594
v -2.44453476 2.57949091 -3.07119594
v -2.63122339 2.51082273 -3.07119594
v 2.03598570 2.75773636 2.33789497
v 2.03598570 2.75773636 -2.48028685
v 2.03598570 2.77819091 -2.48028685
v 2.03598570 2.77819091 2.33789497
v 1.98695842 2.79622727 2.51062220
v 1.91423115 2.82297727 2.51062220
v 1.91423115 2.82297727 -2.65301412
v 1.98695842 2.79622727 -2.65301412
v 1.84929479 2.84686364 2.33789497
v 1.84929479 2.84686364 -2.48028685
v 1.84929479 2.86731818 -2.48028685
v 1.84929479 2.86731818 2.33789497
v 1.66260842 2.93598636 2.33789497
v 1.66260842 2.93598636 -2.48028685
v 1.66260842 2.95644091 -2.48028685
v 1.66260842 2.95644091 2.33789497
v 1.62332206 2.97089091 2.51062220
v 1.55059479 2.99764091 2.51062220
v 1.55059479 2.99764091 -2.65301412
v 1.62332206 2.97089091 -2.65301412
v 1.47591752 3.02510909 2.33789497
v 1.47591752 3.02510909 -2.48028685
v 1.47591752 3.04556364 -2.48028685
v 1.47591752 3.04556364 2.33789497
v 1.28923115 3.11423182 2.33789497
v 1.28923115 3.11423182 -2.48028685
v 1.28923115 3.13468636 -2.48028685
v 1.28923115 3.13468636 2.33789497
v 1.25968570 3.14555455 2.51062220
v 1.18695842 3.17230455 2.51062220
v 1.18695842 3.17230455 -2.65301412
v 1.25968570 3.14555455 -2.65301412
v 1.10254479 3.20335455 2.33789497
v 1.10254479 3.20335455 -2.48028685
v 1.10254479 3.22380909 -2.48028685
v 1.10254479 3.22380909 2.33789497
v 0.91585388 3.29247727 2.33789497
v 0.91585388 3.29247727 -2.48028685
v 0.91585388 3.31293182 -2.48028685
v 0.91585388 3.31293182 2.33789497
v 0.89604933 3.32021818 2.51062220
v 0.82332206 3.34696818 2.51062220
v 0.82332206 3.34696818 -2.65301412
v 0.89604933 3.32021818 -2.65301412
v 0.72916752 3.38160000 2.33789497
v 0.72916752 3.38160000 -2.48028685
v 0.72916752 3.40205455 -2.48028685
v 0.72916752 3.40205455 2.33789497
v 0.54247661 3.47072273 2.33789497
v 0.54247661 3.47072273 -2.48028685
v 0.54247661 3.49118182 -2.48028685
v 0.54247661 3.49118182 2.33789497
v 0.53241297 3.49488182 2.51062220
v 0.45968570 3.52163182 2.51062220
v 0.45968570 3.52163182 -2.65301412
v 0.53241297 3.49488182 -2.65301412
v 0.35579024 3.55985000 2.33789497
v 0.35579024 3.55985000 -2.48028685
v 0.35579024 3.58030455 -2.48028685
v 0.35579024 3.58030455 2.33789497
v 0.16909933 3.64897273 2.33789497
v 0.16909933 3.64897273 -2.48028685
v 0.16909933 3.66942727 -2.48028685
v 0.16909933 3.66942727 2.33789497
v -0.01758703 3.73809545 2.33789497
v -0.01758703 3.73809545 -2.48028685
v -0.20427339 3.66942727 2.33789497
v -0.20427339 3.66942727 -2.48028685
v -0.20427339 3.64897273 -2.48028685
v -0.20427339 3.64897273 2.33789497
v -0.39096430 3.58030455 2.33789497
v -0.39096430 3.58030455 -2.48028685
v -0.39096430 3.55985000 -2.48028685
v -0.39096430 3.55985000 2.33789497
v -0.55849612 3.49822727 2.51062220
v -0.57765067 3.49118182 2.51062220
v -0.55849612 3.49822727 -2.65301412
v -0.57765067 3.49118182 -2.65301412
v -0.57765067 3.49118182 2.33789497
v -0.57765067 3.49118182 -2.48028685
v -0.57765067 3.47072273 2.51062220
v -0.57765067 3.47072273 -2.65301412
v -0.57765067 3.47072273 -2.48028685
v -0.57765067 3.47072273 2.33789497
v -0.63122339 3.45101818 2.51062220
v -0.63122339 3.45101818 -2.65301412
v -0.76434158 3.40205455 2.33789497
v -0.76434158 3.40205455 -2.48028685
v -0.76434158 3.38160000 -2.48028685
v -0.76434158 3.38160000 2.33789497
v -0.92213248 3.32356364 2.51062220
v -0.95102794 3.31293182 2.51062220
v -0.92213248 3.32356364 -2.65301412
v -0.95102794 3.31293182 -2.65301412
v -0.95102794 3.31293182 2.33789497
v -0.95102794 3.31293182 -2.48028685
v -0.95102794 3.29247727 2.51062220
v -0.95102794 3.29247727 -2.65301412
v -0.95102794 3.29247727 -2.48028685
v -0.95102794 3.29247727 2.33789497
v -0.99485976 3.27635455 2.51062220
v -0.99485976 3.27635455 -2.65301412
v -1.13771885 3.22380909 2.33789497
v -1.13771885 3.22380909 -2.48028685
v -1.13771885 3.20335455 -2.48028685
v -1.13771885 3.20335455 2.33789497
v -1.28576885 3.14889545 2.51062220
v -1.32440521 3.13468636 2.51062220
v -1.28576885 3.14889545 -2.65301412
v -1.32440521 3.13468636 -2.65301412
v -1.32440521 3.13468636 2.33789497
v -1.32440521 3.13468636 -2.48028685
v -1.32440521 3.11423182 2.51062220
v -1.32440521 3.11423182 -2.65301412
v -1.32440521 3.11423182 -2.48028685
v -1.32440521 3.11423182 2.33789497
v -1.35849612 3.10169091 2.51062220
v -1.35849612 3.10169091 -2.65301412
v -1.51109158 3.04556364 2.33789497
v -1.51109158 3.04556364 -2.48028685
v -1.51109158 3.02510909 -2.48028685
v -1.51109158 3.02510909 2.33789497
v -1.64940521 2.97423182 2.51062220
v -1.69778248 2.95644091 2.51062220
v -1.64940521 2.97423182 -2.65301412
v -1.69778248 2.95644091 -2.65301412
v -1.69778248 2.95644091 2.33789497
v -1.69778248 2.95644091 -2.48028685
v -1.69778248 2.93598636 2.51062220
v -1.69778248 2.93598636 -2.65301412
v -1.69778248 2.93598636 -2.48028685
v -1.69778248 2.93598636 2.33789497
v -1.72213248 2.92702727 2.51062220
v -1.72213248 2.92702727 -2.65301412
v -1.88447067 2.86731818 2.33789497
v -1.88447067 2.86731818 -2.48028685
v -1.88447067 2.84686364 -2.48028685
v -1.88447067 2.84686364 2.33789497
v -2.01304158 2.79956818 2.51062220
v -2.07115839 2.77819091 2.51062220
v -2.01304158 2.79956818 -2.65301412
v -2.07115839 2.77819091 -2.65301412
v -2.07115839 2.77819091 2.33789497
v -2.07115839 2.77819091 -2.48028685
v -2.07115839 2.75773636 2.51062220
v -2.07115839 2.75773636 -2.65301412
v -2.07115839 2.75773636 -2.48028685
v -2.07115839 2.75773636 2.33789497
v -2.08576885 2.75236364 2.51062220
v -2.08576885 2.75236364 -2.65301412
v -0.01758703 3.43181818 2.33789497
v 0.04711752 3.42330000 2.33789497
v 0.10741297 3.39832273 2.33789497
v -0.08229158 3.42330000 2.33789497
v -0.14258703 3.39832273 2.33789497
v 0.19891752 3.30681818 2.33789497
v 0.23241297 3.18181818 2.33789497
v 0.15919024 3.35859545 2.33789497
v 0.22389479 3.11711364 2.33789497
v 0.22389479 3.24652273 2.33789497
v 0.19891752 3.05681818 2.33789497
v 0.15919024 3.00504091 2.33789497
v 0.10741297 2.96531364 2.33789497
v 0.04711752 2.94033636 2.33789497
v -0.19436430 3.35859545 2.33789497
v -0.23409158 3.30681818 2.33789497
v -0.25906885 3.24652273 2.33789497
v -0.26758703 3.18181818 2.33789497
v -0.25906885 3.11711364 2.33789497
v -0.23409158 3.05681818 2.33789497
v -0.19436430 3.00504091 2.33789497
v -0.14258703 2.96531364 2.33789497
v -0.08229158 2.94033636 2.33789497
v -0.01758703 2.93181818 2.33789497
v -2.08576885 2.55454545 2.51062220
v -2.01304158 2.55454545 2.51062220
v -1.72213248 2.55454545 2.51062220
v -1.64940521 2.55454545 2.51062220
v -1.35849612 2.55454545 2.51062220
v -1.28576885 2.55454545 2.51062220
v -0.99485976 2.55454545 2.51062220
v -0.92213248 2.55454545 2.51062220
v -0.63122339 2.55454545 2.51062220
v -0.55849612 2.55454545 2.51062220
v 0.45968570 2.55454545 2.51062220
v 0.53241297 2.55454545 2.51062220
v 0.82332206 2.55454545 2.51062220
v 0.89604933 2.55454545 2.51062220
v 1.18695842 2.55454545 2.51062220
v 1.25968570 2.55454545 2.51062220
v 1.55059479 2.55454545 2.51062220
v 1.62332206 2.55454545 2.51062220
v 1.91423115 2.55454545 2.51062220
v 1.98695842 2.55454545 2.51062220
v -2.08576885 2.55454545 -2.65301412
v -2.01304158 2.55454545 -2.65301412
v -1.72213248 2.55454545 -2.65301412
v -1.64940521 2.55454545 -2.65301412
v -1.35849612 2.55454545 -2.65301412
v -1.28576885 2.55454545 -2.65301412
v -0.99485976 2.55454545 -2.65301412
v -0.92213248 2.55454545 -2.65301412
v -0.63122339 2.55454545 -2.65301412
v -0.55849612 2.55454545 -2.65301412
v 0.45968570 2.55454545 -2.65301412
v 0.53241297 2.55454545 -2.65301412
v 0.82332206 2.55454545 -2.65301412
v 0.89604933 2.55454545 -2.65301412
v 1.18695842 2.55454545 -2.65301412
v 1.25968570 2.55454545 -2.65301412
v 1.55059479 2.55454545 -2.65301412
v 1.62332206 2.55454545 -2.65301412
v 1.91423115 2.55454545 -2.65301412
v 1.98695842 2.55454545 -2.65301412
v 1.77786752 2.68181818 -2.25301412
v -1.81304158 2.68181818 -2.25301412
v -1.81304158 2.68181818 2.11062224
v 1.77786752 2.68181818 2.11062224
v -2.03385658 2.65909091 1.45425860
v -2.03122339 2.65909091 1.47425860
v -2.10849612 2.65909091 1.39698588
v -2.12849567 2.65909091 1.39961770
v -2.10849612 2.65909091 1.55153133
v -2.08849658 2.65909091 1.54889951
v -2.05385612 2.65909091 1.41961770
v -2.06985976 2.65909091 1.40734042
v -2.08849658 2.65909091 1.39961770
v -2.17541627 2.65909091 1.43562224
v -2.16313621 2.65909091 1.41961770
v -2.03385658 2.65909091 1.49425860
v -2.04157612 2.65909091 1.51289497
v -2.04157612 2.65909091 1.43562224
v -2.05385612 2.65909091 1.52889951
v -2.06985976 2.65909091 1.54117679
v -2.12849567 2.65909091 1.54889951
v -2.14713248 2.65909091 1.54117679
v -2.16313621 2.65909091 1.52889951
v -2.14713248 2.65909091 1.40734042
v -2.17541627 2.65909091 1.51289497
v 2.07332206 2.65909091 1.39698588
v 2.05332206 2.65909091 1.39961770
v 2.07332206 2.65909091 1.55153133
v 2.09332206 2.65909091 1.54889951
v 2.12796297 2.65909091 1.41961770
v 2.11195842 2.65909091 1.40734042
v 2.09332206 2.65909091 1.39961770
v 2.00640388 2.65909091 1.43562224
v 2.01868115 2.65909091 1.41961770
v 1.99868115 2.65909091 1.45425860
v 2.03468570 2.65909091 1.40734042
v 2.14024024 2.65909091 1.43562224
v 1.99604933 2.65909091 1.47425860
v 2.12796297 2.65909091 1.52889951
v 2.14024024 2.65909091 1.51289497
v 2.11195842 2.65909091 1.54117679
v 2.05332206 2.65909091 1.54889951
v 2.03468570 2.65909091 1.54117679
v 2.01868115 2.65909091 1.52889951
v 2.00640388 2.65909091 1.51289497
v 1.99868115 2.65909091 1.49425860
v -2.03385658 2.65909091 -1.72755958
v -2.03122339 2.65909091 -1.70755958
v -2.10849612 2.65909091 -1.78483230
v -2.12849567 2.65909091 -1.78220049
v -2.10849612 2.65909091 -1.63028685
v -2.08849658 2.65909091 -1.63291867
v -2.05385612 2.65909091 -1.76220049
v -2.06985976 2.65909091 -1.77447776
v -2.08849658 2.65909091 -1.78220049
v -2.17541627 2.65909091 -1.74619594
v -2.16313621 2.65909091 -1.76220049
v -2.14713248 2.65909091 -1.77447776
v -2.04157612 2.65909091 -1.74619594
v -2.03385658 2.65909091 -1.68755958
v -2.04157612 2.65909091 -1.66892321
v -2.05385612 2.65909091 -1.65291867
v -2.06985976 2.65909091 -1.64064140
v -2.12849567 2.65909091 -1.63291867
v -2.14713248 2.65909091 -1.64064140
v -2.16313621 2.65909091 -1.65291867
v -2.17541627 2.65909091 -1.66892321
v 2.07332206 2.65909091 -1.78483230
v 2.05332206 2.65909091 -1.78220049
v 2.07332206 2.65909091 -1.63028685
v 2.09332206 2.65909091 -1.63291867
v 2.12796297 2.65909091 -1.76220049
v 2.11195842 2.65909091 -1.77447776
v 2.09332206 2.65909091 -1.78220049
v 2.00640388 2.65909091 -1.74619594
v 2.01868115 2.65909091 -1.76220049
v 1.99868115 2.65909091 -1.72755958
v 2.03468570 2.65909091 -1.77447776
v 2.14024024 2.65909091 -1.74619594
v 1.99604933 2.65909091 -1.70755958
v 2.12796297 2.65909091 -1.65291867
v 2.14024024 2.65909091 -1.66892321
v 2.11195842 2.65909091 -1.64064140
v 2.05332206 2.65909091 -1.63291867
v 2.03468570 2.65909091 -1.64064140
v 2.01868115 2.65909091 -1.65291867
v 2.00640388 2.65909091 -1.66892321
v 1.99868115 2.65909091 -1.68755958
f 1 2 3
f 2 1 4
f 2 4 5
f 6 7 8
f 9 10 11
f 12 13 14
f 15 16 17
f 18 19 20
f 18 21 19
f 18 22 21
f 23 22 24
f 24 22 18
f 25 26 27
f 28 25 29
f 25 28 26
f 30 26 28
f 31 30 32
f 33 30 31
f 34 30 33
f 35 34 36
f 35 36 37
f 35 37 38
f 35 38 39
f 35 39 40
f 35 40 41
f 35 41 42
f 35 42 43
f 35 44 45
f 35 43 44
f 34 35 30
f 46 30 35
f 47 30 46
f 47 46 20
f 47 20 19
f 30 47 26
f 48 26 47
f 22 23 48
f 17 48 23
f 49 17 16
f 49 48 17
f 14 48 49
f 50 14 13
f 50 48 14
f 11 48 50
f 51 10 52
f 10 51 11
f 51 48 11
f 53 48 51
f 54 53 55
f 54 48 53
f 56 54 57
f 58 57 59
f 56 57 58
f 56 58 60
f 61 60 62
f 56 60 61
f 56 61 63
f 64 63 65
f 56 63 64
f 56 64 8
f 66 8 7
f 67 66 68
f 67 68 69
f 67 69 70
f 67 70 71
f 67 71 72
f 67 72 73
f 66 67 8
f 56 8 67
f 56 67 74
f 54 56 48
f 56 26 48
f 2 56 75
f 76 77 75
f 78 75 77
f 79 78 80
f 2 78 79
f 2 79 81
f 56 2 26
f 78 2 75
f 82 83 84
f 27 85 82
f 83 82 85
f 84 86 82
f 86 29 25
f 84 29 86
f 84 87 29
f 87 32 30
f 87 88 32
f 87 89 88
f 87 90 89
f 87 91 90
f 87 92 91
f 87 93 92
f 45 93 87
f 93 45 94
f 94 45 95
f 95 45 96
f 96 45 97
f 98 45 44
f 97 45 98
f 84 45 87
f 84 99 45
f 99 52 10
f 84 52 99
f 84 100 52
f 100 55 53
f 84 55 100
f 84 101 55
f 101 59 57
f 102 101 84
f 101 102 59
f 103 62 60
f 59 102 103
f 103 102 62
f 104 65 63
f 62 102 104
f 104 102 65
f 105 106 107
f 105 108 106
f 73 108 105
f 108 73 109
f 109 73 110
f 110 73 111
f 111 73 112
f 112 73 72
f 65 102 105
f 105 102 73
f 113 114 115
f 113 76 114
f 77 76 116
f 113 116 76
f 73 102 113
f 113 102 116
f 117 80 78
f 116 102 117
f 117 102 80
f 118 81 119
f 81 3 2
f 3 81 118
f 80 102 119
f 119 102 118
f 118 102 120
f 26 121 122
f 85 27 122
f 26 122 27
f 121 26 123
f 123 26 124
f 125 121 126
f 127 121 125
f 128 121 127
f 121 128 122
f 129 130 131
f 130 129 132
f 133 129 134
f 129 133 132
f 135 136 137
f 138 135 139
f 135 138 136
f 140 138 141
f 138 140 136
f 137 136 142
f 3 143 1
f 144 145 146
f 1 145 144
f 147 145 1
f 147 1 143
f 145 147 148
f 149 150 151
f 150 152 153
f 150 149 152
f 154 149 151
f 154 155 149
f 156 155 154
f 156 157 155
f 158 157 156
f 158 159 157
f 160 159 158
f 160 161 159
f 160 162 161
f 163 162 160
f 163 164 162
f 165 164 163
f 165 166 164
f 167 166 165
f 167 168 166
f 169 168 167
f 74 168 169
f 168 74 170
f 115 170 74
f 170 115 114
f 171 74 67
f 172 74 171
f 74 172 115
f 173 174 153
f 175 174 173
f 174 175 176
f 175 177 176
f 178 177 175
f 178 179 177
f 180 179 178
f 180 181 179
f 182 181 180
f 183 181 182
f 183 184 181
f 185 184 183
f 185 186 184
f 187 186 185
f 187 188 186
f 189 188 187
f 189 190 188
f 191 190 189
f 76 191 192
f 191 193 190
f 76 192 114
f 191 76 193
f 194 195 196
f 195 197 198
f 195 194 197
f 199 194 196
f 199 200 194
f 201 200 199
f 201 202 200
f 203 202 201
f 203 204 202
f 205 204 203
f 205 206 204
f 205 207 206
f 208 207 205
f 208 209 207
f 210 209 208
f 210 211 209
f 212 211 210
f 212 213 211
f 214 213 212
f 19 213 214
f 213 19 215
f 215 19 21
f 216 217 198
f 218 217 216
f 217 218 219
f 218 220 219
f 221 220 218
f 221 222 220
f 223 222 221
f 223 224 222
f 225 224 223
f 226 224 225
f 226 227 224
f 228 227 226
f 228 229 227
f 230 229 228
f 230 231 229
f 232 231 230
f 232 233 231
f 234 233 232
f 22 234 235
f 234 236 233
f 22 235 21
f 234 22 236
f 237 238 239
f 238 240 241
f 238 237 240
f 242 237 239
f 242 243 237
f 244 243 242
f 244 245 243
f 246 245 244
f 246 247 245
f 248 247 246
f 248 249 247
f 248 250 249
f 251 250 248
f 251 252 250
f 253 252 251
f 253 254 252
f 255 254 253
f 255 256 254
f 257 256 255
f 258 256 257
f 256 258 259
f 259 258 260
f 261 262 241
f 263 262 261
f 262 263 264
f 263 265 264
f 266 265 263
f 266 267 265
f 268 267 266
f 268 269 267
f 270 269 268
f 271 269 270
f 271 272 269
f 273 272 271
f 273 274 272
f 275 274 273
f 275 276 274
f 277 276 275
f 277 278 276
f 279 278 277
f 280 279 281
f 279 282 278
f 280 281 260
f 279 280 282
f 283 284 285
f 284 286 287
f 284 283 286
f 288 283 285
f 288 289 283
f 290 289 288
f 290 291 289
f 292 291 290
f 292 293 291
f 294 293 292
f 294 295 293
f 294 296 295
f 297 296 294
f 297 298 296
f 299 298 297
f 299 300 298
f 301 300 299
f 301 302 300
f 303 302 301
f 304 302 303
f 302 304 305
f 305 304 306
f 307 308 287
f 309 308 307
f 308 309 310
f 309 311 310
f 312 311 309
f 312 313 311
f 314 313 312
f 314 315 313
f 316 315 314
f 317 315 316
f 317 318 315
f 319 318 317
f 319 320 318
f 321 320 319
f 321 322 320
f 323 322 321
f 323 324 322
f 325 324 323
f 326 325 327
f 325 328 324
f 326 327 306
f 325 326 328
f 329 330 331
f 332 333 334
f 335 336 337
f 338 339 340
f 341 342 343
f 344 345 346
f 347 348 349
f 350 351 352
f 353 354 355
f 356 357 358
f 359 360 361
f 360 362 363
f 363 362 364
f 364 362 365
f 366 365 362
f 365 366 280
f 367 368 369
f 366 362 370
f 368 371 372
f 373 374 368
f 360 359 362
f 373 362 374
f 368 374 371
f 374 375 371
f 375 376 377
f 374 376 375
f 374 378 376
f 378 379 380
f 374 379 378
f 374 381 379
f 381 382 383
f 374 382 381
f 374 384 382
f 384 385 386
f 374 385 384
f 374 387 385
f 387 388 389
f 374 388 387
f 390 388 374
f 391 392 393
f 388 390 391
f 391 390 392
f 394 395 396
f 392 390 394
f 394 390 395
f 397 398 399
f 395 390 397
f 397 390 398
f 400 401 402
f 398 390 400
f 400 390 401
f 401 390 403
f 404 403 390
f 403 404 405
f 405 404 406
f 360 407 408
f 407 360 363
f 364 409 410
f 409 364 365
f 411 412 258
f 412 411 413
f 370 413 411
f 362 413 370
f 413 362 414
f 414 362 415
f 415 362 416
f 416 362 417
f 417 362 373
f 373 368 418
f 418 368 419
f 419 368 420
f 420 368 421
f 421 368 422
f 422 368 423
f 423 368 424
f 368 425 424
f 368 426 425
f 368 367 426
f 427 428 326
f 367 369 427
f 427 369 428
f 412 429 430
f 429 412 413
f 414 431 432
f 431 414 415
f 416 433 434
f 433 416 417
f 373 435 436
f 435 373 418
f 419 437 438
f 437 419 420
f 421 439 440
f 439 421 422
f 423 441 442
f 441 423 424
f 425 443 444
f 443 425 426
f 367 445 446
f 445 367 427
f 447 448 304
f 369 448 447
f 368 448 369
f 449 368 450
f 451 368 449
f 448 368 451
f 450 368 452
f 448 453 454
f 453 448 451
f 449 455 456
f 455 449 450
f 372 371 457
f 458 359 459
f 458 459 460
f 359 458 362
f 358 362 458
f 461 358 357
f 461 362 358
f 355 362 461
f 462 355 354
f 462 362 355
f 352 362 462
f 463 352 351
f 463 362 352
f 349 362 463
f 464 349 348
f 464 362 349
f 346 362 464
f 465 346 345
f 465 362 346
f 466 465 343
f 467 343 342
f 466 343 467
f 466 467 340
f 468 340 339
f 466 340 468
f 466 468 337
f 469 337 336
f 466 337 469
f 466 469 334
f 470 334 333
f 466 334 470
f 465 466 362
f 471 390 466
f 331 466 470
f 472 466 331
f 472 331 330
f 466 472 473
f 474 466 475
f 466 476 477
f 478 390 479
f 478 479 195
f 480 390 478
f 481 390 480
f 482 390 481
f 390 482 404
f 404 482 483
f 377 376 484
f 380 379 485
f 383 382 486
f 386 385 487
f 389 388 488
f 393 392 489
f 396 395 490
f 399 398 491
f 402 401 492
f 493 482 481
f 482 493 494
f 495 480 478
f 480 495 496
f 497 498 499
f 498 497 500
f 501 502 503
f 502 501 504
f 505 506 507
f 506 505 508
f 509 510 511
f 510 509 512
f 513 514 471
f 514 513 515
f 516 517 518
f 517 516 519
f 520 477 476
f 477 520 521
f 522 523 524
f 523 522 525
f 526 474 527
f 474 526 528
f 529 530 531
f 530 529 532
f 533 534 473
f 534 533 535
f 474 475 536
f 466 477 518
f 527 536 150
f 474 536 527
f 466 474 524
f 466 524 523
f 466 523 476
f 466 518 517
f 471 466 517
f 514 390 471
f 511 390 514
f 510 390 511
f 507 390 510
f 506 390 507
f 503 390 506
f 502 390 503
f 499 390 502
f 498 390 499
f 479 390 537
f 390 498 537
f 537 498 538
f 538 498 217
f 539 466 530
f 473 472 540
f 466 473 534
f 466 534 531
f 466 531 530
f 466 539 475
f 539 530 174
f 541 542 543
f 542 541 544
f 545 546 547
f 546 545 548
f 549 550 551
f 550 549 552
f 553 554 555
f 554 553 556
f 557 558 559
f 558 557 560
f 561 562 563
f 562 561 564
f 565 566 567
f 566 565 568
f 569 570 571
f 570 569 572
f 573 574 575
f 574 573 576
f 577 578 579
f 578 577 580
f 581 582 583
f 582 581 584
f 585 586 587
f 586 585 588
f 589 590 591
f 590 589 592
f 593 594 595
f 594 593 596
f 597 598 599
f 598 597 600
f 601 602 603
f 602 601 604
f 605 606 607
f 606 605 608
f 609 610 611
f 610 609 612
f 613 614 615
f 614 613 616
f 617 618 619
f 618 617 620
f 621 622 623
f 622 621 624
f 625 626 627
f 626 625 628
f 629 630 631
f 630 629 632
f 633 634 635
f 634 633 636
f 637 638 639
f 638 637 640
f 641 642 643
f 642 641 644
f 645 646 647
f 646 645 648
f 649 650 651
f 650 649 652
f 653 654 655
f 654 653 656
f 657 658 659
f 658 657 660
f 661 662 663
f 662 661 664
f 665 666 667
f 666 665 668
f 669 670 671
f 670 669 672
f 673 674 675
f 674 673 676
f 677 678 679
f 678 677 680
f 681 57 54
f 57 681 682
f 683 20 46
f 20 683 684
f 685 17 23
f 17 685 686
f 687 60 58
f 60 687 688
f 689 78 77
f 78 689 690
f 691 11 50
f 11 691 692
f 693 53 51
f 53 693 694
f 695 81 79
f 81 695 696
f 697 63 61
f 63 697 698
f 699 8 64
f 8 699 700
f 701 30 28
f 30 701 702
f 703 14 49
f 14 703 704
f 25 705 706
f 705 25 27
f 707 708 709
f 708 707 710
f 711 712 713
f 712 711 714
f 715 716 717
f 716 715 718
f 719 136 720
f 136 719 142
f 719 720 721
f 722 723 724
f 661 142 719
f 142 661 722
f 725 722 661
f 725 723 722
f 726 723 725
f 727 726 649
f 727 723 726
f 728 723 727
f 652 284 728
f 729 284 287
f 729 287 308
f 729 308 645
f 284 729 728
f 729 723 728
f 730 723 729
f 731 730 669
f 731 723 730
f 732 723 731
f 672 733 732
f 734 733 735
f 733 734 732
f 734 723 732
f 736 723 734
f 737 736 738
f 737 723 736
f 739 723 737
f 740 739 741
f 740 723 739
f 742 723 740
f 743 742 744
f 743 723 742
f 745 743 746
f 747 746 748
f 745 746 747
f 745 747 749
f 750 751 752
f 751 750 749
f 745 749 750
f 745 750 753
f 754 753 637
f 745 753 754
f 745 754 755
f 640 238 755
f 241 755 238
f 262 755 241
f 756 262 633
f 262 756 755
f 745 755 756
f 745 756 757
f 758 757 673
f 745 757 758
f 745 758 759
f 760 759 716
f 745 759 760
f 745 760 761
f 717 762 761
f 763 761 762
f 743 745 723
f 745 761 763
f 764 765 766
f 762 717 131
f 765 131 717
f 129 765 764
f 765 129 131
f 767 768 769
f 770 751 749
f 771 748 746
f 772 744 742
f 773 741 739
f 774 738 736
f 719 664 661
f 664 649 726
f 719 649 664
f 775 649 719
f 284 652 775
f 649 775 652
f 719 776 775
f 776 645 308
f 776 648 645
f 648 669 730
f 776 669 648
f 776 672 669
f 733 672 777
f 672 665 777
f 776 665 672
f 776 668 665
f 668 641 778
f 776 641 668
f 776 644 641
f 644 629 779
f 776 629 644
f 776 632 629
f 632 657 780
f 781 632 776
f 632 781 657
f 660 653 782
f 657 781 660
f 660 781 653
f 656 767 783
f 767 769 784
f 677 767 656
f 768 767 677
f 653 781 656
f 656 781 677
f 680 637 753
f 677 781 680
f 680 781 637
f 238 640 781
f 637 781 640
f 719 781 776
f 765 781 719
f 785 633 262
f 785 636 633
f 636 673 757
f 785 673 636
f 765 673 785
f 676 716 759
f 673 765 676
f 781 765 785
f 676 765 716
f 716 765 717
f 777 665 786
f 778 641 787
f 779 629 788
f 780 657 789
f 782 653 790
f 791 784 769
f 791 792 784
f 792 752 751
f 752 792 791
f 793 794 795
f 793 796 794
f 720 796 793
f 714 797 796
f 797 610 798
f 612 798 610
f 618 799 612
f 799 618 800
f 800 620 801
f 801 606 802
f 608 802 606
f 803 804 608
f 598 805 616
f 600 805 598
f 805 622 806
f 624 806 622
f 602 806 624
f 604 806 602
f 806 604 807
f 590 807 604
f 807 590 808
f 140 796 136
f 136 796 720
f 809 810 811
f 812 809 813
f 797 812 814
f 798 812 797
f 812 798 809
f 809 798 810
f 815 816 817
f 818 815 819
f 799 818 820
f 800 818 799
f 818 800 815
f 815 800 816
f 821 822 823
f 824 821 825
f 802 826 801
f 826 802 824
f 824 802 821
f 821 802 822
f 827 828 829
f 830 827 831
f 832 833 804
f 833 832 830
f 830 832 827
f 827 832 828
f 834 835 836
f 837 835 834
f 835 837 838
f 839 834 840
f 834 839 837
f 841 837 839
f 837 841 842
f 805 839 843
f 839 805 841
f 806 841 805
f 841 806 844
f 845 846 847
f 807 846 845
f 807 848 846
f 848 807 808
f 849 850 851
f 852 850 849
f 852 853 850
f 853 852 854
f 855 856 857
f 858 856 855
f 858 859 856
f 859 858 860
f 861 862 863
f 864 862 861
f 865 862 864
f 862 865 866
f 867 123 868
f 712 796 140
f 714 796 712
f 797 714 610
f 798 612 799
f 620 800 618
f 606 801 620
f 802 608 804
f 804 614 832
f 616 832 614
f 832 616 805
f 622 805 600
f 592 808 590
f 808 592 852
f 869 852 592
f 852 586 854
f 588 854 586
f 854 588 858
f 594 858 588
f 858 594 860
f 596 860 594
f 860 596 864
f 626 864 596
f 864 626 865
f 628 865 626
f 870 865 628
f 871 865 870
f 865 871 867
f 126 867 871
f 121 867 126
f 867 121 123
f 724 872 873
f 723 874 872
f 874 723 875
f 84 875 723
f 723 872 724
f 876 877 878
f 876 879 877
f 880 879 876
f 881 879 880
f 879 881 882
f 883 884 869
f 885 884 883
f 886 884 885
f 887 884 886
f 888 884 887
f 889 884 888
f 884 889 890
f 871 891 126
f 892 891 871
f 892 83 891
f 892 84 83
f 875 84 892
f 893 870 628
f 893 875 870
f 894 875 893
f 895 626 596
f 626 895 894
f 896 594 588
f 594 896 897
f 869 592 898
f 852 869 586
f 899 869 884
f 869 899 586
f 900 590 604
f 590 900 901
f 902 602 624
f 602 902 903
f 904 622 600
f 622 904 905
f 906 598 616
f 598 906 907
f 804 803 614
f 908 803 608
f 909 803 908
f 910 909 878
f 909 910 803
f 910 878 877
f 620 911 606
f 620 912 911
f 913 912 620
f 914 912 913
f 912 914 915
f 916 618 612
f 618 916 917
f 714 918 610
f 874 916 918
f 916 874 917
f 917 874 913
f 913 874 914
f 914 874 880
f 880 874 881
f 881 874 919
f 919 874 920
f 920 874 921
f 921 874 922
f 922 874 923
f 923 874 924
f 875 924 874
f 924 875 925
f 925 875 926
f 926 875 927
f 927 875 928
f 928 875 896
f 896 875 897
f 897 875 895
f 895 875 894
f 874 918 714
f 873 712 140
f 712 873 872
f 614 803 929
f 606 911 930
f 919 931 932
f 931 919 920
f 921 933 934
f 933 921 922
f 923 935 936
f 935 923 924
f 925 937 938
f 937 925 926
f 939 927 940
f 941 942 943
f 942 944 945
f 941 944 942
f 946 944 941
f 947 944 946
f 948 944 947
f 949 944 948
f 950 944 949
f 944 950 951
f 940 951 950
f 928 940 927
f 940 928 951
f 875 871 870
f 871 875 892
f 102 723 745
f 723 102 84
f 4 952 953
f 707 954 952
f 954 565 955
f 567 955 565
f 573 956 567
f 956 573 957
f 957 575 958
f 561 958 575
f 563 959 561
f 959 563 960
f 553 961 571
f 555 961 553
f 961 577 962
f 579 962 577
f 557 962 579
f 559 962 557
f 962 559 963
f 545 963 559
f 963 545 964
f 144 952 1
f 1 952 4
f 965 966 967
f 954 965 968
f 955 965 954
f 965 955 966
f 969 970 971
f 957 972 956
f 972 957 969
f 969 957 970
f 973 974 975
f 959 976 958
f 976 959 973
f 973 959 974
f 977 978 979
f 980 981 960
f 981 980 977
f 977 980 978
f 982 983 984
f 983 985 986
f 963 983 982
f 963 985 983
f 963 987 985
f 987 963 964
f 988 989 990
f 989 991 992
f 993 989 988
f 993 991 989
f 993 994 991
f 994 993 995
f 996 997 998
f 997 999 1000
f 1001 997 996
f 1001 999 997
f 1002 999 1001
f 999 1002 1003
f 1004 1005 1006
f 1005 1007 1008
f 1009 1005 1004
f 1009 1007 1005
f 1010 1007 1009
f 1007 1010 1011
f 1012 1013 1014
f 1015 1013 1012
f 1015 764 1013
f 707 952 144
f 954 707 709
f 954 709 565
f 955 567 956
f 575 957 573
f 958 561 959
f 569 960 563
f 960 569 980
f 571 980 569
f 980 571 961
f 577 961 555
f 547 964 545
f 964 547 993
f 541 993 547
f 993 541 995
f 543 995 541
f 995 543 1001
f 549 1001 543
f 1001 549 1002
f 551 1002 549
f 1002 551 1009
f 581 1009 551
f 1009 581 1010
f 583 1010 581
f 1016 1010 583
f 1010 1016 1015
f 1017 1015 1016
f 134 1015 1017
f 129 1015 134
f 1015 129 764
f 120 1018 1019
f 102 1020 1018
f 1021 102 1022
f 1020 102 1021
f 102 1018 120
f 1017 1023 134
f 1024 1023 1017
f 1024 763 1023
f 1024 745 763
f 1025 745 1024
f 745 1022 102
f 1026 1016 583
f 1016 1026 1025
f 1027 551 1028
f 551 1027 581
f 1027 1029 581
f 1027 1030 1029
f 1027 1031 1030
f 1027 1032 1031
f 1027 1033 1032
f 1027 1034 1033
f 1027 1035 1034
f 1027 1036 1035
f 1022 1036 1027
f 1037 1038 1039
f 1040 1038 1037
f 1022 1040 1041
f 1022 1041 1042
f 1036 1022 1042
f 1038 1025 1026
f 745 1025 1022
f 1038 1022 1025
f 1040 1022 1038
f 1043 549 543
f 549 1043 1044
f 1045 541 547
f 541 1045 1046
f 1047 545 559
f 545 1047 1048
f 1049 557 579
f 557 1049 1050
f 1051 577 555
f 577 1051 1052
f 1053 553 571
f 553 1053 1054
f 1055 569 563
f 569 1055 1056
f 1057 561 575
f 561 1057 1058
f 567 1059 573
f 1060 1059 567
f 1060 1021 1059
f 1061 1021 1060
f 709 1061 565
f 1021 1061 1020
f 1020 1061 709
f 1019 707 144
f 707 1019 1018
f 573 1059 1062
f 1063 1064 1065
f 1066 1067 1064
f 1066 1068 1067
f 1066 1069 1068
f 1070 1071 1069
f 1070 1072 1071
f 1070 1073 1072
f 961 1073 1070
f 1074 961 1075
f 1076 961 1074
f 1077 961 1076
f 1078 961 1077
f 1073 961 1078
f 1063 1079 1080
f 1065 1079 1063
f 1079 1081 1082
f 1066 1063 1083
f 1079 1065 1081
f 1064 1063 1066
f 1084 1081 1065
f 1085 1081 1084
f 1069 1066 1070
f 1086 1081 1085
f 1081 1086 1087
f 1088 1086 1085
f 1089 1086 1088
f 1086 1089 1090
f 1091 1090 1089
f 1092 1090 1091
f 1093 1090 1092
f 962 1093 1094
f 962 1075 961
f 1075 962 1095
f 1093 962 1090
f 1096 962 1094
f 1097 962 1096
f 1095 962 1097
f 1025 1017 1016
f 1017 1025 1024
f 540 1098 473
f 1098 540 1099
f 482 1100 483
f 1100 482 1101
f 150 1102 527
f 153 1102 150
f 174 1102 153
f 1103 174 530
f 174 1103 1102
f 195 1104 478
f 198 1104 195
f 1105 198 217
f 1105 217 498
f 198 1105 1104
f 507 1106 1107
f 510 1106 507
f 1108 1106 510
f 1106 1108 1109
f 534 1110 531
f 1110 534 1111
f 474 1112 524
f 1112 474 1113
f 523 1114 476
f 1114 523 1115
f 477 1116 518
f 1116 477 1117
f 517 1118 471
f 1118 517 1119
f 514 1120 511
f 1120 514 1121
f 480 1122 481
f 1122 480 1123
f 506 1124 503
f 1124 506 1125
f 502 1126 499
f 1126 502 1127
f 1128 452 1129
f 452 1128 450
f 1130 360 1131
f 360 1130 361
f 1132 258 412
f 1132 260 258
f 1132 280 260
f 1133 280 1132
f 280 1133 365
f 1134 304 448
f 1134 306 304
f 1134 326 306
f 1135 326 1134
f 326 1135 427
f 1136 1137 1138
f 1137 1136 1139
f 1140 1141 423
f 1142 1141 1140
f 1141 1142 1143
f 1144 423 1141
f 422 1144 1145
f 1144 422 423
f 1146 373 1147
f 373 1146 417
f 1148 1149 1150
f 1149 1148 1151
f 1152 1153 1154
f 1153 1152 1155
f 1156 416 1157
f 416 1156 415
f 1158 414 1159
f 414 1158 413
f 1160 364 1161
f 364 1160 363
f 1162 449 1163
f 449 1162 451
f 1164 367 1165
f 367 1164 426
f 1166 425 1167
f 425 1166 424
f 1168 419 1169
f 419 1168 418
f 1170 421 1171
f 421 1170 420
f 1172 452 368
f 452 1172 1129
f 1100 404 483
f 404 1100 1173
f 397 1174 395
f 397 1175 1174
f 1176 1175 397
f 1177 1175 1176
f 1175 1177 1178
f 395 1174 1179
f 1180 1181 1182
f 1181 1180 1183
f 1184 382 384
f 382 1184 1185
f 1186 401 403
f 401 1186 1187
f 1188 398 400
f 398 1188 1189
f 1190 1191 1192
f 1191 1190 1193
f 1194 1195 1196
f 1195 1194 1197
f 1198 1199 1200
f 1199 1198 1201
f 1202 379 381
f 379 1202 1203
f 1204 376 378
f 376 1204 1205
f 1206 371 375
f 371 1206 1207
f 1208 392 394
f 392 1208 1209
f 1210 388 391
f 388 1210 1211
f 1212 385 387
f 385 1212 1213
f 1110 1214 1215
f 1214 1110 1111
f 1102 1216 1217
f 1216 1102 1103
f 1112 1218 1219
f 1218 1112 1113
f 1114 1220 1221
f 1220 1114 1115
f 1116 1222 1223
f 1222 1116 1117
f 1118 1224 1225
f 1224 1118 1119
f 1120 1226 1227
f 1226 1120 1121
f 1228 1109 1229
f 1230 1109 1228
f 1230 99 1109
f 1231 99 1230
f 1232 1233 1234
f 1233 1232 1231
f 1235 1236 1237
f 1236 1235 1238
f 1239 1240 1241
f 1239 1242 1240
f 45 1242 1239
f 1242 45 1235
f 1235 45 1238
f 99 1238 45
f 1238 99 1232
f 1232 99 1231
f 1122 1243 1244
f 1243 1122 1123
f 1100 1245 1173
f 1245 1225 1246
f 1245 1244 1243
f 1245 1247 1244
f 1245 1100 1247
f 1247 1100 1101
f 1248 1249 1187
f 1249 1250 1251
f 1250 1252 1253
f 1249 1248 1250
f 1248 1187 1186
f 1246 1250 1248
f 1246 1248 1245
f 1250 1246 1252
f 1252 1246 1254
f 1245 1243 1241
f 1245 1241 1240
f 1245 1240 1237
f 1245 1237 1236
f 1245 1236 1234
f 1245 1234 1233
f 1245 1233 1228
f 1245 1228 1229
f 1245 1229 1227
f 1245 1227 1226
f 1245 1226 1225
f 1224 1246 1225
f 1223 1246 1224
f 1222 1246 1223
f 1221 1246 1222
f 1220 1246 1221
f 1219 1246 1220
f 1218 1246 1219
f 1217 1246 1218
f 1216 1246 1217
f 1215 1246 1216
f 1214 1246 1215
f 1255 1246 1214
f 1246 1255 1256
f 1099 1256 1255
f 1099 1255 1098
f 1256 1099 1257
f 1229 1109 1108
f 1258 1259 1189
f 1259 1260 1261
f 1259 1258 1260
f 1258 1189 1188
f 1262 1263 1177
f 1263 1264 1265
f 1263 1262 1264
f 1262 1177 1176
f 1266 1267 1193
f 1267 1268 1269
f 1267 1266 1268
f 1266 1193 1190
f 1270 1271 1197
f 1271 1272 1273
f 1271 1270 1272
f 1270 1197 1194
f 1274 1275 1201
f 1275 1276 1277
f 1275 1274 1276
f 1274 1201 1198
f 1278 1279 1183
f 1279 1280 1281
f 1279 1278 1280
f 1278 1183 1180
f 1282 1283 1203
f 1283 1284 1285
f 1283 1282 1284
f 1282 1203 1202
f 1286 1287 1205
f 1287 1288 1289
f 1290 1289 1288
f 1287 1291 1288
f 1287 1286 1291
f 1286 1205 1204
f 1292 1293 1207
f 1293 1294 1295
f 1292 1207 1206
f 1293 1292 1294
f 1289 1294 1292
f 1289 1292 1287
f 1294 1289 1296
f 1129 1297 1128
f 1293 1298 1297
f 1298 1293 1299
f 1299 1293 1300
f 1300 1293 1301
f 1301 1293 1302
f 1302 1293 1303
f 1303 1293 1304
f 1304 1293 1305
f 1305 1293 1306
f 1306 1293 1307
f 1307 1293 1308
f 1308 1293 1309
f 1295 1309 1293
f 1309 1295 1310
f 1310 1295 1311
f 1311 1295 1312
f 1312 1295 1313
f 1313 1295 1314
f 1314 1295 1315
f 1315 1295 1316
f 1316 1295 1317
f 1317 1295 1318
f 1318 1295 1319
f 1320 1295 1321
f 1129 1322 1297
f 1322 1129 1172
f 1298 1162 1163
f 1162 1298 1299
f 1300 1135 1134
f 1135 1300 1301
f 1302 1164 1165
f 1164 1302 1303
f 1304 1166 1167
f 1166 1304 1305
f 1306 1142 1140
f 1142 1306 1307
f 1308 1148 1150
f 1148 1308 1309
f 1310 1152 1154
f 1152 1310 1311
f 1312 1136 1138
f 1136 1312 1313
f 1314 1156 1157
f 1156 1314 1315
f 1316 1158 1159
f 1158 1316 1317
f 1318 1133 1132
f 1133 1318 1319
f 1320 1160 1161
f 1160 1320 1321
f 1323 1130 1131
f 1293 1297 1322
f 1319 1295 1320
f 1321 1295 1323
f 1295 1130 1323
f 1130 1295 1324
f 1289 1290 1325
f 1326 1325 1290
f 1285 1291 1286
f 1285 1286 1283
f 1291 1285 1326
f 1327 1326 1285
f 1326 1327 1325
f 1328 1325 1327
f 1281 1284 1282
f 1281 1282 1279
f 1284 1281 1328
f 1329 1328 1281
f 1328 1329 1325
f 1330 1325 1329
f 1277 1280 1278
f 1277 1278 1275
f 1280 1277 1330
f 1331 1330 1277
f 1330 1331 1325
f 1332 1325 1331
f 1273 1276 1274
f 1273 1274 1271
f 1276 1273 1332
f 1333 1332 1273
f 1332 1333 1325
f 1334 1325 1333
f 1269 1272 1270
f 1269 1270 1267
f 1272 1269 1334
f 1335 1334 1269
f 1336 1334 1335
f 1336 1335 1337
f 1265 1268 1266
f 1265 1266 1263
f 1268 1265 1337
f 1338 1337 1265
f 1336 1337 1338
f 1336 1338 1339
f 1261 1264 1262
f 1261 1262 1259
f 1264 1261 1339
f 1340 1339 1261
f 1336 1339 1340
f 1336 1340 1341
f 1251 1260 1258
f 1251 1258 1249
f 1260 1251 1341
f 1342 1341 1251
f 1336 1341 1342
f 1336 1342 1253
f 1334 1336 1325
f 1336 1253 1252
f 1257 540 472
f 540 1257 1099
f 361 1343 359
f 361 1344 1343
f 361 1345 1344
f 361 1346 1345
f 361 1347 1346
f 361 1348 1347
f 361 1349 1348
f 1130 1349 361
f 1350 1130 1351
f 1352 1130 1350
f 1353 1130 1352
f 1354 1130 1353
f 1355 1130 1354
f 1349 1130 1355
f 1356 359 1343
f 1357 359 1356
f 1358 359 1357
f 1359 359 1358
f 1360 359 1359
f 1361 359 1360
f 1324 1351 1130
f 1351 1324 1362
f 1362 1324 1363
f 1363 1324 1364
f 1364 1324 1365
f 1361 1324 359
f 1366 1324 1361
f 1365 1324 1366
f 1367 470 1368
f 470 1367 331
f 1254 1367 1252
f 1367 1254 331
f 458 1369 358
f 1296 1369 458
f 1369 1296 1289
f 358 1369 1370
f 1371 334 469
f 334 1371 1372
f 1373 337 468
f 337 1373 1374
f 1375 340 467
f 340 1375 1376
f 1377 343 465
f 343 1377 1378
f 1379 346 464
f 346 1379 1380
f 1381 349 463
f 349 1381 1382
f 1383 352 462
f 352 1383 1384
f 1385 355 461
f 355 1385 1386
f 1387 152 1388
f 152 1387 153
f 161 1389 1390
f 1389 161 162
f 183 1391 1392
f 1391 183 182
f 155 1393 1394
f 1393 155 157
f 1388 149 1395
f 149 1388 152
f 168 1396 166
f 1396 168 1397
f 162 1398 1389
f 1398 162 164
f 191 1399 192
f 1399 191 1400
f 1395 155 1394
f 155 1395 149
f 159 1390 1401
f 1390 159 161
f 157 1401 1393
f 1401 157 159
f 170 1397 168
f 1397 170 1402
f 114 1402 170
f 1402 114 1403
f 192 1403 114
f 1403 192 1399
f 164 1396 1398
f 1396 164 166
f 1404 153 1387
f 153 1404 173
f 182 1405 1391
f 1405 182 180
f 1406 173 1404
f 173 1406 175
f 187 1407 1408
f 1407 187 185
f 189 1400 191
f 1400 189 1409
f 1388 1404 1387
f 1395 1404 1388
f 1395 1406 1404
f 1394 1406 1395
f 1394 1410 1406
f 1393 1410 1394
f 1393 1405 1410
f 1401 1405 1393
f 1401 1391 1405
f 1390 1391 1401
f 1390 1392 1391
f 1389 1392 1390
f 1389 1407 1392
f 1398 1407 1389
f 1398 1408 1407
f 1396 1408 1398
f 1396 1409 1408
f 1397 1409 1396
f 1397 1400 1409
f 1402 1400 1397
f 1402 1399 1400
f 1399 1402 1403
f 180 1410 1405
f 1410 180 178
f 185 1392 1407
f 1392 185 183
f 189 1408 1409
f 1408 189 187
f 1410 175 1406
f 175 1410 178
f 1411 240 1412
f 240 1411 241
f 249 1413 1414
f 1413 249 250
f 271 1415 1416
f 1415 271 270
f 270 1417 1415
f 1417 270 268
f 243 1418 1419
f 1418 243 245
f 1412 237 1420
f 237 1412 240
f 256 1421 254
f 1421 256 1422
f 250 1423 1413
f 1423 250 252
f 279 1424 281
f 1424 279 1425
f 1420 243 1419
f 243 1420 237
f 247 1414 1426
f 1414 247 249
f 245 1426 1418
f 1426 245 247
f 259 1422 256
f 1422 259 1427
f 260 1427 259
f 1427 260 1428
f 281 1428 260
f 1428 281 1424
f 252 1421 1423
f 1421 252 254
f 1429 241 1411
f 241 1429 261
f 1430 261 1429
f 261 1430 263
f 275 1431 1432
f 1431 275 273
f 277 1425 279
f 1425 277 1433
f 1412 1429 1411
f 1420 1429 1412
f 1420 1430 1429
f 1419 1430 1420
f 1419 1434 1430
f 1418 1434 1419
f 1418 1417 1434
f 1426 1417 1418
f 1426 1415 1417
f 1414 1415 1426
f 1414 1416 1415
f 1413 1416 1414
f 1413 1431 1416
f 1423 1431 1413
f 1423 1432 1431
f 1421 1432 1423
f 1421 1433 1432
f 1422 1433 1421
f 1422 1425 1433
f 1427 1425 1422
f 1427 1424 1425
f 1424 1427 1428
f 268 1434 1417
f 1434 268 266
f 273 1416 1431
f 1416 273 271
f 277 1432 1433
f 1432 277 275
f 1434 263 1430
f 263 1434 266
f 1435 197 1436
f 197 1435 198
f 206 1437 1438
f 1437 206 207
f 226 1439 1440
f 1439 226 225
f 232 1441 1442
f 1441 232 230
f 200 1443 1444
f 1443 200 202
f 1436 194 1445
f 194 1436 197
f 213 1446 211
f 1446 213 1447
f 207 1448 1437
f 1448 207 209
f 234 1449 235
f 1449 234 1450
f 1445 200 1444
f 200 1445 194
f 204 1438 1451
f 1438 204 206
f 202 1451 1443
f 1451 202 204
f 215 1447 213
f 1447 215 1452
f 21 1452 215
f 1452 21 1453
f 235 1453 21
f 1453 235 1449
f 209 1446 1448
f 1446 209 211
f 1454 198 1435
f 198 1454 216
f 225 1455 1439
f 1455 225 223
f 1456 216 1454
f 216 1456 218
f 230 1457 1441
f 1457 230 228
f 232 1450 234
f 1450 232 1442
f 1436 1454 1435
f 1445 1454 1436
f 1445 1456 1454
f 1444 1456 1445
f 1444 1458 1456
f 1443 1458 1444
f 1443 1455 1458
f 1451 1455 1443
f 1451 1439 1455
f 1438 1439 1451
f 1438 1440 1439
f 1437 1440 1438
f 1437 1457 1440
f 1448 1457 1437
f 1448 1441 1457
f 1446 1441 1448
f 1446 1442 1441
f 1447 1442 1446
f 1447 1450 1442
f 1452 1450 1447
f 1452 1449 1450
f 1449 1452 1453
f 223 1458 1455
f 1458 223 221
f 228 1440 1457
f 1440 228 226
f 1458 218 1456
f 218 1458 221
f 1459 286 1460
f 286 1459 287
f 295 1461 1462
f 1461 295 296
f 316 1463 1464
f 1463 316 314
f 323 1465 1466
f 1465 323 321
f 289 1467 1468
f 1467 289 291
f 1460 283 1469
f 283 1460 286
f 302 1470 300
f 1470 302 1471
f 296 1472 1461
f 1472 296 298
f 325 1473 327
f 1473 325 1474
f 1469 289 1468
f 289 1469 283
f 293 1462 1475
f 1462 293 295
f 291 1475 1467
f 1475 291 293
f 305 1471 302
f 1471 305 1476
f 306 1476 305
f 1476 306 1477
f 327 1477 306
f 1477 327 1473
f 298 1470 1472
f 1470 298 300
f 1478 287 1459
f 287 1478 307
f 1479 307 1478
f 307 1479 309
f 321 1480 1465
f 1480 321 319
f 317 1464 1481
f 1464 317 316
f 323 1474 325
f 1474 323 1466
f 1460 1478 1459
f 1469 1478 1460
f 1469 1479 1478
f 1468 1479 1469
f 1468 1482 1479
f 1467 1482 1468
f 1467 1463 1482
f 1475 1463 1467
f 1475 1464 1463
f 1462 1464 1475
f 1462 1481 1464
f 1461 1481 1462
f 1461 1480 1481
f 1472 1480 1461
f 1472 1465 1480
f 1470 1465 1472
f 1470 1466 1465
f 1471 1466 1470
f 1471 1474 1466
f 1476 1474 1471
f 1476 1473 1474
f 1473 1476 1477
f 314 1482 1463
f 1482 314 312
f 319 1481 1480
f 1481 319 317
f 1482 309 1479
f 309 1482 312
f 1483 1484 1485
f 1485 7 6
f 1486 1485 1484
f 1485 1486 7
f 1487 106 108
f 106 1487 1488
f 1489 1490 1491
f 1490 1489 1492
f 1493 1494 1495
f 1494 1493 1496
f 1497 1496 1493
f 1496 1497 1498
f 1495 1499 1500
f 1499 1495 1494
f 1501 1483 1502
f 1483 1501 1484
f 1503 112 1504
f 112 1503 111
f 1492 1505 1490
f 1505 1492 1506
f 1505 1498 1497
f 1498 1505 1506
f 1507 1502 1508
f 1502 1507 1501
f 1500 1509 1510
f 1509 1500 1499
f 1510 1507 1508
f 1507 1510 1509
f 106 1511 107
f 1488 1511 106
f 1489 1511 1488
f 1511 1489 1491
f 1512 69 1513
f 69 1512 70
f 1514 109 110
f 109 1514 1515
f 1496 1499 1494
f 1498 1499 1496
f 1498 1509 1499
f 1506 1509 1498
f 1506 1507 1509
f 1492 1507 1506
f 1492 1501 1507
f 1489 1501 1492
f 1489 1484 1501
f 1488 1484 1489
f 1488 1486 1484
f 1487 1486 1488
f 1487 1516 1486
f 1515 1516 1487
f 1515 1517 1516
f 1514 1517 1515
f 1514 1513 1517
f 1503 1513 1514
f 1503 1512 1513
f 1504 1512 1503
f 1504 1518 1512
f 1518 1504 1519
f 1486 66 7
f 66 1486 1516
f 1517 69 68
f 69 1517 1513
f 1515 108 109
f 108 1515 1487
f 1514 111 1503
f 111 1514 110
f 1518 70 1512
f 70 1518 71
f 1504 72 1519
f 72 1504 112
f 1519 71 1518
f 71 1519 72
f 1516 68 66
f 68 1516 1517
f 1520 92 93
f 92 1520 1521
f 1522 38 37
f 38 1522 1523
f 1524 44 1525
f 44 1524 98
f 1521 91 92
f 91 1521 1526
f 33 1527 34
f 1527 33 1528
f 32 1529 31
f 1529 32 1530
f 1526 90 91
f 90 1526 1531
f 88 1530 32
f 1530 88 1532
f 90 1533 89
f 1533 90 1531
f 1527 36 34
f 36 1527 1534
f 1534 37 36
f 37 1534 1522
f 31 1528 33
f 1528 31 1529
f 1535 95 96
f 95 1535 1536
f 1536 94 95
f 94 1536 1537
f 89 1532 88
f 1532 89 1533
f 1523 39 38
f 39 1523 1538
f 1539 41 40
f 41 1539 1540
f 1541 98 1524
f 98 1541 97
f 1537 93 94
f 93 1537 1520
f 1525 43 1542
f 43 1525 44
f 1532 1529 1530
f 1533 1529 1532
f 1533 1528 1529
f 1531 1528 1533
f 1531 1527 1528
f 1526 1527 1531
f 1526 1534 1527
f 1521 1534 1526
f 1521 1522 1534
f 1520 1522 1521
f 1520 1523 1522
f 1537 1523 1520
f 1537 1538 1523
f 1536 1538 1537
f 1536 1539 1538
f 1535 1539 1536
f 1535 1540 1539
f 1541 1540 1535
f 1541 1543 1540
f 1524 1543 1541
f 1524 1542 1543
f 1542 1524 1525
f 1542 42 1543
f 42 1542 43
f 1538 40 39
f 40 1538 1539
f 1535 97 1541
f 97 1535 96
f 1543 41 1540
f 41 1543 42
f 1544 1545 1546
f 1545 1544 120
f 1547 120 1544
f 120 1547 118
f 1545 1019 1548
f 1019 1545 120
f 1545 146 145
f 146 1545 1548
f 1549 565 1061
f 565 1549 568
f 566 1060 567
f 1060 566 1550
f 1549 1060 1550
f 1060 1549 1061
f 1549 566 568
f 566 1549 1550
f 1551 573 1062
f 573 1551 576
f 574 1057 575
f 1057 574 1552
f 1551 574 576
f 574 1551 1552
f 1553 561 1058
f 561 1553 564
f 562 1055 563
f 1055 562 1554
f 1553 562 564
f 562 1553 1554
f 1555 569 1056
f 569 1555 572
f 570 1053 571
f 1053 570 1556
f 1555 570 572
f 570 1555 1556
f 1557 553 1054
f 553 1557 556
f 554 1051 555
f 1051 554 1558
f 1557 554 556
f 554 1557 1558
f 1559 577 1052
f 577 1559 580
f 578 1049 579
f 1049 578 1560
f 1559 578 580
f 578 1559 1560
f 1561 557 1050
f 557 1561 560
f 558 1047 559
f 1047 558 1562
f 1561 558 560
f 558 1561 1562
f 1563 545 1048
f 545 1563 548
f 546 1045 547
f 1045 546 1564
f 1563 546 548
f 546 1563 1564
f 1565 541 1046
f 541 1565 544
f 542 1043 543
f 1043 542 1566
f 1565 542 544
f 542 1565 1566
f 1567 1369 1289
f 1369 1567 1568
f 1289 1569 1567
f 1289 1570 1569
f 1289 1571 1570
f 1289 1572 1571
f 1289 1573 1572
f 1325 1573 1289
f 1573 1325 1574
f 1574 1325 1575
f 1575 1325 1576
f 1576 1325 1577
f 1578 1577 1325
f 1577 1578 1579
f 1580 1369 1568
f 1581 1369 1580
f 1582 1369 1581
f 1583 1369 1582
f 1584 1369 1583
f 1585 1369 1584
f 1586 1369 1585
f 1578 1586 1587
f 1586 1578 1369
f 1588 1578 1587
f 1589 1578 1588
f 1590 1578 1589
f 1591 1578 1590
f 1579 1578 1591
f 1592 549 1044
f 549 1592 552
f 550 1028 551
f 1028 550 1593
f 1592 550 552
f 550 1592 1593
f 1594 1039 1038
f 1039 1594 1595
f 1596 581 1029
f 581 1596 584
f 582 1026 583
f 1026 582 1597
f 1594 1026 1597
f 1026 1594 1038
f 1596 582 584
f 1598 582 1596
f 1599 582 1598
f 1600 582 1599
f 1601 582 1600
f 1602 582 1601
f 1603 582 1602
f 1597 1595 1594
f 1595 1597 1604
f 1604 1597 1605
f 1605 1597 1606
f 1606 1597 1607
f 1607 1597 1608
f 1608 1597 1603
f 1603 1597 582
f 873 1609 724
f 1609 873 1610
f 724 1611 722
f 1611 724 1612
f 1609 1612 724
f 1612 1609 1613
f 1609 141 138
f 141 1609 1610
f 610 1614 611
f 1614 610 918
f 916 609 1615
f 609 916 612
f 916 1614 918
f 1614 916 1615
f 1614 609 611
f 609 1614 1615
f 618 1616 619
f 1616 618 917
f 913 617 1617
f 617 913 620
f 913 1616 917
f 1616 913 1617
f 1616 617 619
f 617 1616 1617
f 915 1618 1619
f 1618 915 914
f 606 1620 607
f 1620 606 930
f 908 605 1621
f 605 908 608
f 880 1622 1623
f 1622 880 876
f 880 1618 914
f 1618 880 1623
f 1620 605 607
f 605 1620 1621
f 1618 1622 1619
f 1622 1618 1623
f 882 1624 1625
f 1624 882 881
f 614 1626 615
f 1626 614 929
f 906 613 1627
f 613 906 616
f 919 1628 1629
f 1628 919 932
f 919 1624 881
f 1624 919 1629
f 1626 613 615
f 613 1626 1627
f 1624 1628 1625
f 1628 1624 1629
f 931 1630 1631
f 1630 931 920
f 598 1632 599
f 1632 598 907
f 904 597 1633
f 597 904 600
f 921 1634 1635
f 1634 921 934
f 921 1630 920
f 1630 921 1635
f 1632 597 599
f 597 1632 1633
f 1630 1634 1631
f 1634 1630 1635
f 933 1636 1637
f 1636 933 922
f 622 1638 623
f 1638 622 905
f 902 621 1639
f 621 902 624
f 923 1640 1641
f 1640 923 936
f 923 1636 922
f 1636 923 1641
f 1638 621 623
f 621 1638 1639
f 1636 1640 1637
f 1640 1636 1641
f 935 1642 1643
f 1642 935 924
f 602 1644 603
f 1644 602 903
f 900 601 1645
f 601 900 604
f 925 1646 1647
f 1646 925 938
f 925 1642 924
f 1642 925 1647
f 1644 601 603
f 601 1644 1645
f 1642 1646 1643
f 1646 1642 1647
f 937 1648 1649
f 1648 937 926
f 590 1650 591
f 1650 590 901
f 898 589 1651
f 589 898 592
f 927 1652 1653
f 1652 927 939
f 927 1648 926
f 1648 927 1653
f 1650 589 591
f 589 1650 1651
f 1648 1652 1649
f 1652 1648 1653
f 951 1654 1655
f 1654 951 928
f 586 1656 587
f 1656 586 899
f 896 585 1657
f 585 896 588
f 896 1654 928
f 1654 896 1657
f 1655 1654 1658
f 1659 587 1656
f 587 1659 585
f 1658 585 1659
f 1658 1657 585
f 1657 1658 1654
f 594 1660 595
f 1660 594 897
f 895 593 1661
f 593 895 596
f 895 1660 897
f 1660 895 1661
f 1660 593 595
f 593 1660 1661
f 626 1662 627
f 1662 626 894
f 893 625 1663
f 625 893 628
f 893 1662 894
f 1662 893 1663
f 1662 625 627
f 625 1662 1663
f 85 1664 83
f 83 1665 891
f 83 1666 1665
f 1666 83 1664
f 1664 127 1666
f 127 1664 128
f 29 701 28
f 701 29 1667
f 1668 30 702
f 30 1668 87
f 1668 29 87
f 29 1668 1667
f 1668 701 1667
f 701 1668 702
f 35 683 46
f 683 35 1669
f 45 1670 35
f 1670 45 1239
f 1104 495 478
f 495 1104 1670
f 1671 1239 1241
f 1239 1671 1672
f 1673 20 684
f 20 1673 18
f 1673 683 1669
f 683 1673 684
f 24 685 23
f 685 24 1674
f 1675 17 686
f 17 1675 15
f 1675 685 1674
f 685 1675 686
f 16 703 49
f 703 16 1676
f 1677 14 704
f 14 1677 12
f 1677 703 1676
f 703 1677 704
f 13 691 50
f 691 13 1678
f 1679 11 692
f 11 1679 9
f 1679 691 1678
f 691 1679 692
f 52 693 51
f 693 52 1680
f 1681 53 694
f 53 1681 100
f 1681 52 100
f 52 1681 1680
f 1681 693 1680
f 693 1681 694
f 55 681 54
f 681 55 1682
f 1683 57 682
f 57 1683 101
f 1683 55 101
f 55 1683 1682
f 1683 681 1682
f 681 1683 682
f 59 687 58
f 687 59 1684
f 1685 60 688
f 60 1685 103
f 1685 59 103
f 59 1685 1684
f 1685 687 1684
f 687 1685 688
f 62 697 61
f 697 62 1686
f 1687 63 698
f 63 1687 104
f 1687 62 104
f 62 1687 1686
f 1687 697 1686
f 697 1687 698
f 64 1495 699
f 65 1495 64
f 1495 65 1688
f 1485 8 700
f 8 1485 6
f 1689 107 1511
f 107 1689 105
f 1689 65 105
f 65 1689 1688
f 1500 699 1495
f 1510 699 1500
f 1508 699 1510
f 1502 699 1508
f 1483 699 1502
f 1485 699 1483
f 699 1485 700
f 1688 1493 1495
f 1688 1497 1493
f 1688 1505 1497
f 1688 1490 1505
f 1688 1491 1490
f 1511 1688 1689
f 1688 1511 1491
f 73 171 67
f 171 73 1690
f 1691 115 172
f 115 1691 113
f 1691 73 113
f 73 1691 1690
f 1691 171 1690
f 171 1691 172
f 116 689 77
f 689 116 1692
f 1693 78 690
f 78 1693 117
f 1693 116 117
f 116 1693 1692
f 1693 689 1692
f 689 1693 690
f 80 695 79
f 695 80 1694
f 1695 81 696
f 81 1695 119
f 1695 80 119
f 80 1695 1694
f 1695 695 1694
f 695 1695 696
f 1544 148 147
f 148 1544 1546
f 1544 143 1547
f 143 1544 147
f 148 1545 145
f 1545 148 1546
f 1696 763 1697
f 1698 763 1696
f 763 1698 1023
f 1697 763 762
f 132 1697 130
f 1697 132 1696
f 759 674 676
f 674 759 1699
f 1700 673 675
f 673 1700 758
f 759 1700 1699
f 1700 759 758
f 674 1700 675
f 1700 674 1699
f 757 634 636
f 634 757 1701
f 1702 633 635
f 633 1702 756
f 757 1702 1701
f 1702 757 756
f 634 1702 635
f 1702 634 1701
f 755 638 640
f 638 755 1703
f 1704 637 639
f 637 1704 754
f 755 1704 1703
f 1704 755 754
f 638 1704 639
f 1704 638 1703
f 753 678 680
f 678 753 1705
f 1706 677 679
f 677 1706 768
f 1707 752 1708
f 752 1707 750
f 753 1707 1705
f 1707 753 750
f 679 1709 1706
f 1709 678 1710
f 678 1709 679
f 1710 1707 1708
f 1710 1705 1707
f 1705 1710 678
f 1711 1712 1713
f 1712 1711 1714
f 749 1715 770
f 1715 749 1716
f 783 654 656
f 654 783 1717
f 1313 1718 1136
f 1136 1714 1139
f 1136 1719 1714
f 1719 1136 1718
f 1146 433 417
f 433 1146 1712
f 1720 653 655
f 653 1720 790
f 1721 748 1722
f 748 1721 747
f 749 1721 1716
f 1721 749 747
f 654 1720 655
f 1720 654 1717
f 1715 1721 1722
f 1721 1715 1716
f 746 1723 771
f 1723 746 1724
f 782 658 660
f 658 782 1725
f 1726 657 659
f 657 1726 789
f 1727 744 1728
f 744 1727 743
f 746 1727 1724
f 1727 746 743
f 658 1726 659
f 1726 658 1725
f 1723 1727 1728
f 1727 1723 1724
f 742 1729 772
f 1729 742 1730
f 780 630 632
f 630 780 1731
f 1732 629 631
f 629 1732 788
f 1733 741 1734
f 741 1733 740
f 742 1733 1730
f 1733 742 740
f 630 1732 631
f 1732 630 1731
f 1729 1733 1734
f 1733 1729 1730
f 739 1735 773
f 1735 739 1736
f 779 642 644
f 642 779 1737
f 1738 641 643
f 641 1738 787
f 1739 738 1740
f 738 1739 737
f 739 1739 1736
f 1739 739 737
f 642 1738 643
f 1738 642 1737
f 1735 1739 1740
f 1739 1735 1736
f 1741 1742 1743
f 1742 1741 1744
f 736 1745 774
f 1745 736 1746
f 778 666 668
f 666 778 1742
f 1747 665 667
f 665 1747 786
f 1748 735 1749
f 735 1748 734
f 736 1748 1746
f 1748 736 734
f 1742 1747 667
f 1747 1742 1750
f 1742 667 666
f 1751 1749 1752
f 1753 1752 1749
f 1744 1750 1742
f 1753 1744 1752
f 1750 1744 1753
f 1749 1751 1748
f 1746 1751 1745
f 1751 1746 1748
f 732 670 672
f 670 732 1754
f 1755 669 671
f 669 1755 731
f 732 1755 1754
f 1755 732 731
f 670 1755 671
f 1755 670 1754
f 730 646 648
f 646 730 1756
f 1757 645 647
f 645 1757 729
f 730 1757 1756
f 1757 730 729
f 646 1757 647
f 1757 646 1756
f 728 650 652
f 650 728 1758
f 1759 649 651
f 649 1759 727
f 728 1759 1758
f 1759 728 727
f 650 1759 651
f 1759 650 1758
f 726 662 664
f 662 726 1760
f 1761 661 663
f 661 1761 725
f 726 1761 1760
f 1761 726 725
f 662 1761 663
f 1761 662 1760
f 1612 139 135
f 139 1612 1613
f 137 1612 135
f 1612 137 1611
f 1609 139 1613
f 139 1609 138
f 146 1019 144
f 1019 146 1548
f 118 143 3
f 143 118 1547
f 1698 134 1023
f 134 1698 133
f 1698 132 133
f 132 1698 1696
f 1697 131 130
f 131 1697 762
f 126 1665 125
f 1665 126 891
f 1664 122 128
f 122 1664 85
f 1665 127 125
f 127 1665 1666
f 873 141 1610
f 141 873 140
f 722 137 142
f 137 722 1611
f 1762 1059 1021
f 1059 1762 1763
f 1062 1059 1551
f 1058 1057 1553
f 1056 1055 1555
f 1054 1053 1557
f 1052 1051 1559
f 1050 1049 1561
f 1048 1047 1563
f 1046 1045 1565
f 1044 1043 1592
f 1593 1027 1028
f 1027 1593 1764
f 1592 1764 1593
f 1566 1592 1043
f 1592 1566 1764
f 1565 1764 1566
f 1564 1565 1045
f 1564 1764 1565
f 1563 1764 1564
f 1562 1563 1047
f 1562 1764 1563
f 1561 1764 1562
f 1560 1561 1049
f 1560 1764 1561
f 1559 1764 1560
f 1558 1559 1051
f 1558 1764 1559
f 1557 1764 1558
f 1556 1557 1053
f 1556 1764 1557
f 1763 1556 1555
f 1554 1555 1055
f 1763 1555 1554
f 1763 1554 1553
f 1552 1553 1057
f 1763 1553 1552
f 1763 1552 1551
f 1556 1763 1764
f 1763 1551 1059
f 1764 1022 1027
f 1022 1764 1765
f 1762 1022 1765
f 1022 1762 1021
f 1763 1766 1764
f 1763 1336 1766
f 1336 1762 1325
f 1762 1336 1763
f 1578 1764 1766
f 1325 1764 1578
f 1325 1765 1764
f 1765 1325 1762
f 1767 1367 1768
f 1367 1769 1768
f 1367 1770 1769
f 1367 1771 1770
f 1367 1772 1771
f 1367 1773 1772
f 1367 1774 1773
f 1367 1775 1774
f 1766 1775 1367
f 1776 1766 1777
f 1778 1766 1776
f 1779 1766 1778
f 1780 1766 1779
f 1775 1766 1780
f 1367 1767 1252
f 1781 1252 1767
f 1782 1252 1781
f 1783 1252 1782
f 1784 1252 1783
f 1785 1252 1784
f 1336 1785 1786
f 1336 1786 1787
f 1336 1787 1788
f 1336 1788 1789
f 1766 1789 1790
f 1766 1790 1777
f 1789 1766 1336
f 1785 1336 1252
f 1578 1791 1369
f 1578 1792 1791
f 1792 1793 1385
f 1578 1793 1792
f 1578 1794 1793
f 1794 1795 1383
f 1578 1795 1794
f 1578 1796 1795
f 1796 1797 1381
f 1578 1797 1796
f 1578 1798 1797
f 1798 1799 1379
f 1578 1799 1798
f 1578 1800 1799
f 1800 1801 1377
f 1766 1800 1578
f 1800 1766 1801
f 1802 1803 1375
f 1801 1766 1802
f 1802 1766 1803
f 1804 1805 1373
f 1803 1766 1804
f 1804 1766 1805
f 1806 1807 1371
f 1805 1766 1806
f 1806 1766 1807
f 1807 1766 1808
f 1367 1808 1766
f 1808 1367 1368
f 1369 1791 1370
f 1385 1793 1386
f 1383 1795 1384
f 1381 1797 1382
f 1379 1799 1380
f 1377 1801 1378
f 1375 1803 1376
f 1373 1805 1374
f 1371 1807 1372
f 803 1809 1810
f 1809 803 910
f 1810 1626 803
f 1810 1627 1626
f 1627 1632 906
f 1810 1632 1627
f 1810 1633 1632
f 1633 1638 904
f 1810 1638 1633
f 1810 1639 1638
f 1639 1644 902
f 1811 1639 1810
f 1639 1811 1644
f 1645 1650 900
f 1644 1811 1645
f 1645 1811 1650
f 1650 1811 1651
f 869 1651 1811
f 1651 869 898
f 803 1626 929
f 906 1632 907
f 904 1638 905
f 902 1644 903
f 900 1650 901
f 1812 1811 1813
f 1814 1811 1812
f 1815 1811 1814
f 1816 1811 1815
f 1817 1811 1816
f 1818 1811 1817
f 1819 1811 1818
f 1820 1811 1819
f 869 1820 1821
f 869 1821 1822
f 869 1822 1823
f 869 1823 1824
f 869 1824 1825
f 869 1825 1826
f 869 1826 1827
f 869 1827 1828
f 869 1828 1829
f 869 1829 883
f 1820 869 1811
f 1830 1831 1832
f 1830 1833 1831
f 1830 1834 1833
f 1830 1835 1834
f 1830 1836 1835
f 1830 1837 1836
f 1830 1838 1837
f 1830 1839 1838
f 949 1839 1830
f 1839 949 1840
f 1840 949 1841
f 1841 949 1842
f 1842 949 1843
f 1843 949 1844
f 1844 949 1845
f 1845 949 1846
f 1846 949 1847
f 1847 949 1848
f 1848 949 948
f 1849 1850 1851
f 1849 1852 1850
f 1849 1853 1852
f 1849 1854 1853
f 1849 1855 1854
f 1849 1856 1855
f 1849 1857 1856
f 1849 1858 1857
f 1849 1859 1858
f 1849 1860 1859
f 1849 1861 1860
f 1849 1862 1861
f 1849 1863 1862
f 1849 1864 1863
f 1849 1865 1864
f 1849 1866 1865
f 1849 1867 1866
f 1849 1868 1867
f 1849 1869 1868
f 1849 1870 1869
f 1871 1872 1870
f 1871 1873 1874
f 1871 1875 1876
f 1877 1871 1878
f 1879 1871 1877
f 1880 1871 1879
f 1881 1871 1880
f 1882 1871 1881
f 1883 1871 1882
f 1884 1871 1883
f 1885 1871 1884
f 1886 1871 1885
f 1887 1871 1886
f 1888 1871 1887
f 1889 1871 1888
f 1890 1871 1889
f 1875 1871 1890
f 1873 1871 1876
f 1872 1871 1874
f 1871 1870 1849
f 1810 1891 1811
f 1809 1891 1810
f 1892 1893 1894
f 1892 1895 1893
f 1892 1896 1895
f 1892 1897 1896
f 1892 1898 1897
f 1892 1899 1898
f 1892 1900 1899
f 1809 1900 1892
f 1900 1809 1901
f 1901 1809 1902
f 1902 1809 1903
f 1903 1809 1904
f 1904 1809 1905
f 1905 1809 1906
f 1906 1809 1907
f 1907 1809 1908
f 1908 1809 1909
f 1909 1809 1910
f 1911 1809 1912
f 1913 1809 1911
f 1910 1809 1913
f 1891 1809 1892
f 1849 1811 1891
f 1914 1849 1851
f 1915 1849 1914
f 1916 1849 1915
f 1917 1849 1916
f 1918 1849 1917
f 1919 1849 1918
f 1813 1849 1919
f 1849 1813 1811
f 1871 1920 1878
f 1871 1921 1920
f 1871 1922 1921
f 1871 1923 1922
f 1871 1924 1923
f 1871 1925 1924
f 1871 1832 1925
f 1926 1871 1927
f 1928 1871 1926
f 1929 1871 1928
f 1930 1871 1929
f 1931 1871 1930
f 1830 1931 1932
f 1830 1932 1933
f 1830 1933 1934
f 1830 1934 1935
f 1830 1935 1936
f 1830 1936 1937
f 1830 1937 1938
f 1830 1938 1939
f 1830 1939 1940
f 1830 1940 1941
f 1830 1941 1942
f 1830 1942 1943
f 1871 1830 1832
f 1931 1830 1871
f 1944 1830 1943
f 1912 1830 1944
f 1830 1912 1809
f 1945 1927 1871
f 1946 1891 1892
f 1891 1946 1947
f 1183 1946 1181
f 1946 1183 1948
f 1949 1183 1279
f 1183 1949 1948
f 382 1947 486
f 1947 382 1185
f 1179 1174 1950
f 1209 1208 1951
f 1211 1210 1952
f 1213 1212 1953
f 1954 1947 1185
f 1954 1185 1184
f 1947 1954 1891
f 1953 1891 1954
f 1955 1953 1212
f 1953 1955 1891
f 1952 1891 1955
f 1956 1952 1210
f 1849 1952 1956
f 1849 1956 1951
f 1957 1951 1208
f 1849 1951 1957
f 1849 1957 1950
f 1952 1849 1891
f 1849 1950 1174
f 1174 1871 1849
f 1871 1174 1175
f 1945 1958 1959
f 1945 1960 1958
f 1960 1961 1191
f 1871 1960 1945
f 1960 1871 1961
f 1961 1871 1962
f 1175 1962 1871
f 1962 1175 1178
f 1963 1946 1892
f 1946 1963 1181
f 1892 1964 1963
f 1964 1965 1199
f 1894 1964 1892
f 1966 1964 1967
f 1968 1965 1966
f 1964 1966 1965
f 1964 1894 1967
f 1181 1963 1182
f 1199 1965 1200
f 1969 1965 1968
f 1965 1969 1970
f 1971 1970 1969
f 1972 1970 1971
f 1973 1970 1972
f 1970 1973 1195
f 1974 1195 1973
f 1196 1974 1975
f 1958 1975 1976
f 1958 1977 1959
f 1958 1978 1977
f 1958 1976 1978
f 1975 1958 1196
f 1974 1196 1195
f 1191 1961 1192
f 911 1979 1980
f 1979 911 912
f 1980 1620 911
f 1980 1621 1620
f 1981 1621 1980
f 909 1621 1981
f 1621 909 908
f 911 1620 930
f 878 1981 1982
f 1981 878 909
f 876 878 1622
f 1619 912 915
f 912 1619 1979
f 1622 1979 1619
f 1622 1982 1979
f 1982 1622 878
f 1979 1981 1980
f 1981 1979 1982
f 1983 1984 1985
f 944 1983 1986
f 944 1986 1987
f 944 1987 1988
f 944 1988 1989
f 944 1989 1990
f 944 1990 1991
f 944 1991 1992
f 944 1992 945
f 1983 944 1984
f 1993 1994 1995
f 884 1994 1993
f 1994 884 1996
f 1996 884 1997
f 1997 884 1998
f 1998 884 1999
f 1999 884 2000
f 2000 884 2001
f 2001 884 2002
f 2002 884 890
f 1993 1656 884
f 2003 1656 1993
f 1656 2003 1659
f 884 1656 899
f 1658 2003 2004
f 2003 1658 1659
f 1655 944 951
f 944 1655 1984
f 2004 1655 1658
f 1655 2004 1984
f 1995 2003 1993
f 2005 2003 1995
f 2006 2003 2005
f 2007 2003 2006
f 2008 2003 2007
f 2009 2003 2008
f 2010 2003 2009
f 2004 2010 2011
f 2004 2011 2012
f 2004 2012 2013
f 2004 2014 2015
f 2004 2016 1985
f 2004 1985 1984
f 2016 2004 2015
f 2014 2004 2013
f 2010 2004 2003
f 877 2017 2018
f 2017 877 879
f 2018 1809 877
f 2018 1830 1809
f 2019 1830 2018
f 950 1830 2019
f 1830 950 949
f 877 1809 910
f 940 2019 2020
f 2019 940 950
f 939 940 1652
f 938 937 1646
f 936 935 1640
f 934 933 1634
f 932 931 1628
f 1625 879 882
f 879 1625 2017
f 1628 2017 1625
f 1631 1628 931
f 1628 1631 2017
f 1634 2017 1631
f 1637 1634 933
f 1637 2017 1634
f 1640 2017 1637
f 1643 1640 935
f 2020 1640 1643
f 2020 1643 1646
f 1649 1646 937
f 2020 1646 1649
f 2020 1649 1652
f 1640 2020 2017
f 2020 1652 940
f 2017 2019 2018
f 2019 2017 2020
f 784 2021 767
f 2021 784 2022
f 782 1720 1725
f 1720 782 790
f 780 1726 1731
f 1726 780 789
f 779 1732 1737
f 1732 779 788
f 778 1738 1742
f 1738 778 787
f 1738 1743 1742
f 1737 1743 1738
f 1732 1743 1737
f 1743 1732 2021
f 1731 2021 1732
f 1726 2021 1731
f 1725 2021 1726
f 1720 2021 1725
f 1717 2021 1720
f 767 1717 783
f 1717 767 2021
f 1743 2023 1741
f 1743 1713 2023
f 2022 1713 2021
f 2021 1713 1743
f 2024 1741 2023
f 1711 1741 2024
f 1711 2022 1741
f 1713 2022 1711
f 1170 2025 2026
f 2025 1170 1171
f 1168 2027 2028
f 2027 1168 1169
f 1146 2029 1712
f 2029 1146 1147
f 2029 1713 1712
f 2028 1713 2029
f 2027 1713 2028
f 1713 2027 2023
f 2026 2023 2027
f 2025 2023 2026
f 2030 2023 2025
f 1144 2030 1145
f 2030 1144 2023
f 1141 2023 1144
f 2023 1141 2024
f 1153 2031 2032
f 2031 1153 1155
f 1149 2033 2034
f 2033 1149 1151
f 2034 2024 2035
f 1141 2035 2024
f 2035 1141 1143
f 2033 2024 2034
f 2032 2024 2033
f 2024 2032 1711
f 2031 1711 2032
f 2036 1711 2031
f 2036 1714 1711
f 1137 1714 2036
f 1714 1137 1139
f 1710 2037 1709
f 2037 1710 2038
f 2039 1706 2037
f 769 1706 2039
f 1706 769 768
f 2037 1706 1709
f 2040 769 2039
f 769 2040 791
f 1708 2038 1710
f 2038 1708 2040
f 791 1708 752
f 1708 791 2040
f 2037 2040 2039
f 2040 2037 2038
f 1753 2041 1750
f 2041 1753 2042
f 2043 1747 2041
f 777 1747 2043
f 1747 777 786
f 2041 1747 1750
f 2044 777 2043
f 777 2044 733
f 1749 2042 1753
f 2042 1749 2044
f 733 1749 735
f 1749 733 2044
f 2041 2044 2043
f 2044 2041 2042
f 751 2045 792
f 2045 751 2046
f 2047 1741 2045
f 1752 1741 2047
f 1741 1752 1744
f 2022 2045 1741
f 792 2022 784
f 2022 792 2045
f 2048 1752 2047
f 1752 2048 1751
f 738 1745 1740
f 1745 738 774
f 741 1735 1734
f 1735 741 773
f 744 1729 1728
f 1729 744 772
f 748 1723 1722
f 1723 748 771
f 1722 2046 1715
f 751 1715 2046
f 1715 751 770
f 1723 2046 1722
f 1728 2046 1723
f 1729 2046 1728
f 2046 1729 2048
f 1734 2048 1729
f 1735 2048 1734
f 1740 2048 1735
f 1745 2048 1740
f 2048 1745 1751
f 2045 2048 2047
f 2048 2045 2046
f 2049 1785 1784
f 1785 2049 2050
f 2051 1774 1775
f 1774 2051 2052
f 2053 1767 2054
f 1767 2053 1781
f 1790 2055 1777
f 2055 1790 2056
f 2057 1784 1783
f 1784 2057 2049
f 2058 1769 2059
f 1769 2058 1768
f 2059 1770 2060
f 1770 2059 1769
f 2052 1773 1774
f 1773 2052 2061
f 1789 2056 1790
f 2056 1789 2062
f 1788 2062 1789
f 2062 1788 2063
f 2064 1775 1780
f 1775 2064 2051
f 1777 2065 1776
f 2065 1777 2055
f 2066 1783 1782
f 1783 2066 2057
f 2061 1772 1773
f 1772 2061 2067
f 2060 1771 2068
f 1771 2060 1770
f 2067 1771 1772
f 1771 2067 2068
f 2069 1787 1786
f 1787 2069 2070
f 2070 1788 1787
f 1788 2070 2063
f 1776 2071 1778
f 2071 1776 2065
f 2059 2054 2058
f 2060 2054 2059
f 2060 2053 2054
f 2068 2053 2060
f 2068 2066 2053
f 2067 2066 2068
f 2067 2057 2066
f 2061 2057 2067
f 2061 2049 2057
f 2052 2049 2061
f 2052 2050 2049
f 2051 2050 2052
f 2051 2069 2050
f 2064 2069 2051
f 2064 2070 2069
f 2072 2070 2064
f 2072 2063 2070
f 2071 2063 2072
f 2071 2062 2063
f 2065 2062 2071
f 2065 2056 2062
f 2056 2065 2055
f 2072 1780 1779
f 1780 2072 2064
f 1778 2072 1779
f 2072 1778 2071
f 2066 1781 2053
f 1781 2066 1782
f 2054 1768 2058
f 1768 2054 1767
f 2050 1786 1785
f 1786 2050 2069
f 1584 2073 2074
f 2073 1584 1583
f 1573 2075 2076
f 2075 1573 1574
f 1571 2077 2078
f 2077 1571 1572
f 1567 2079 1568
f 2079 1567 2080
f 1569 2080 1567
f 2080 1569 2081
f 1580 2082 1581
f 2082 1580 2083
f 1581 2084 1582
f 2084 1581 2082
f 2085 1579 2086
f 1579 2085 1577
f 1570 2078 2087
f 2078 1570 1571
f 1570 2081 1569
f 2081 1570 2087
f 1585 2074 2088
f 2074 1585 1584
f 1583 2084 2073
f 2084 1583 1582
f 1568 2083 1580
f 2083 1568 2079
f 1572 2076 2077
f 2076 1572 1573
f 2089 1588 2090
f 1588 2089 1589
f 1575 2091 2092
f 2091 1575 1576
f 1586 2088 2093
f 2088 1586 1585
f 1588 2094 2090
f 2094 1588 1587
f 1574 2092 2075
f 2092 1574 1575
f 2091 1577 2085
f 1577 2091 1576
f 2095 1589 2089
f 1589 2095 1590
f 2086 1591 2096
f 1591 2086 1579
f 2096 1590 2095
f 1590 2096 1591
f 1587 2093 2094
f 2093 1587 1586
f 2080 2083 2079
f 2081 2083 2080
f 2081 2082 2083
f 2087 2082 2081
f 2087 2084 2082
f 2078 2084 2087
f 2078 2073 2084
f 2077 2073 2078
f 2077 2074 2073
f 2076 2074 2077
f 2076 2088 2074
f 2075 2088 2076
f 2075 2093 2088
f 2092 2093 2075
f 2092 2094 2093
f 2091 2094 2092
f 2091 2090 2094
f 2085 2090 2091
f 2085 2089 2090
f 2086 2089 2085
f 2086 2095 2089
f 2095 2086 2096
f 1675 24 15
f 24 1675 1674
f 1677 16 12
f 16 1677 1676
f 1679 13 9
f 13 1679 1678
f 1106 2097 1107
f 13 2098 2097
f 2098 12 2099
f 16 2099 12
f 15 2100 16
f 2100 15 2101
f 9 1106 10
f 1106 9 2097
f 13 2097 9
f 2098 13 12
f 2099 16 2100
f 24 2101 15
f 2101 24 2102
f 18 2102 24
f 2102 18 1670
f 18 35 1670
f 1673 35 18
f 35 1673 1669
f 2098 1124 1125
f 1124 2098 2099
f 2100 1126 1127
f 1126 2100 2101
f 2102 1104 1105
f 1104 2102 1670
f 1109 10 1106
f 10 1109 99
f 761 715 717
f 715 761 2103
f 2104 460 459
f 460 2104 2105
f 2106 1326 1290
f 1326 2106 2107
f 1791 357 356
f 357 1791 1792
f 2108 1328 1327
f 1328 2108 2109
f 1793 354 353
f 354 1793 1794
f 2110 1330 1329
f 1330 2110 2111
f 1795 351 350
f 351 1795 1796
f 2112 1332 1331
f 1332 2112 2113
f 1797 348 347
f 348 1797 1798
f 2114 1334 1333
f 1334 2114 2115
f 1799 345 344
f 345 1799 1800
f 2116 1337 1335
f 1337 2116 2117
f 1801 342 341
f 342 1801 1802
f 2118 1339 1338
f 1339 2118 2119
f 1803 339 338
f 339 1803 1804
f 2120 1341 1340
f 1341 2120 2121
f 1805 336 335
f 336 1805 1806
f 2122 1253 1342
f 1253 2122 2123
f 1807 333 332
f 333 1807 1808
f 2124 330 329
f 330 2124 2125
f 2126 716 718
f 716 2126 760
f 2127 1295 1294
f 1295 2127 2128
f 2129 1288 1291
f 1288 2129 2130
f 2131 1285 1284
f 1285 2131 2132
f 2133 1281 1280
f 1281 2133 2134
f 2135 1277 1276
f 1277 2135 2136
f 2137 1273 1272
f 1273 2137 2138
f 2139 1269 1268
f 1269 2139 2140
f 2141 1265 1264
f 1265 2141 2142
f 2143 1261 1260
f 1261 2143 2144
f 2145 1251 1250
f 1251 2145 2146
f 2147 1246 1256
f 1246 2147 2148
f 2126 761 760
f 761 2126 2103
f 715 2126 718
f 2126 715 2103
f 2128 1324 1295
f 2104 1324 2128
f 459 1324 2104
f 1324 459 359
f 2127 2104 2128
f 2104 2127 2105
f 458 460 1296
f 1296 2127 1294
f 1296 2105 2127
f 2105 1296 460
f 2106 1288 2130
f 1288 2106 1290
f 1791 358 1370
f 358 1791 356
f 2129 2106 2130
f 2106 2129 2107
f 1326 2129 1291
f 2129 1326 2107
f 357 1385 461
f 1385 357 1792
f 2108 1285 2132
f 1285 2108 1327
f 1793 355 1386
f 355 1793 353
f 2131 2108 2132
f 2108 2131 2109
f 1328 2131 1284
f 2131 1328 2109
f 354 1383 462
f 1383 354 1794
f 2110 1281 2134
f 1281 2110 1329
f 1795 352 1384
f 352 1795 350
f 2133 2110 2134
f 2110 2133 2111
f 1330 2133 1280
f 2133 1330 2111
f 351 1381 463
f 1381 351 1796
f 2112 1277 2136
f 1277 2112 1331
f 1797 349 1382
f 349 1797 347
f 2135 2112 2136
f 2112 2135 2113
f 1332 2135 1276
f 2135 1332 2113
f 348 1379 464
f 1379 348 1798
f 2114 1273 2138
f 1273 2114 1333
f 1799 346 1380
f 346 1799 344
f 2137 2114 2138
f 2114 2137 2115
f 1334 2137 1272
f 2137 1334 2115
f 345 1377 465
f 1377 345 1800
f 2116 1269 2140
f 1269 2116 1335
f 1801 343 1378
f 343 1801 341
f 2139 2116 2140
f 2116 2139 2117
f 1337 2139 1268
f 2139 1337 2117
f 342 1375 467
f 1375 342 1802
f 2118 1265 2142
f 1265 2118 1338
f 1803 340 1376
f 340 1803 338
f 2141 2118 2142
f 2118 2141 2119
f 1339 2141 1264
f 2141 1339 2119
f 339 1373 468
f 1373 339 1804
f 2120 1261 2144
f 1261 2120 1340
f 1805 337 1374
f 337 1805 335
f 2143 2120 2144
f 2120 2143 2121
f 1341 2143 1260
f 2143 1341 2121
f 336 1371 469
f 1371 336 1806
f 2122 1251 2146
f 1251 2122 1342
f 1807 334 1372
f 334 1807 332
f 2145 2122 2146
f 2122 2145 2123
f 1253 2145 1250
f 2145 1253 2123
f 333 1368 470
f 1368 333 1808
f 2148 1254 1246
f 2124 1254 2148
f 329 1254 2124
f 1254 329 331
f 2147 2124 2148
f 2124 2147 2125
f 472 330 1257
f 1257 2147 1256
f 1257 2125 2147
f 2125 1257 330
f 82 705 27
f 705 82 2149
f 2150 405 406
f 405 2150 2151
f 2152 402 492
f 402 2152 2153
f 2154 399 491
f 399 2154 2155
f 2156 1961 1962
f 1961 2156 2157
f 1950 396 490
f 396 1950 1957
f 2158 1958 1960
f 1958 2158 2159
f 1951 393 489
f 393 1951 1956
f 2160 1965 1970
f 1965 2160 2161
f 1952 389 488
f 389 1952 1955
f 2162 1963 1964
f 1963 2162 2163
f 1953 386 487
f 386 1953 1954
f 1947 383 486
f 1946 383 1947
f 2164 1946 1948
f 1946 2164 383
f 2165 380 485
f 380 2165 2166
f 2167 377 484
f 377 2167 2168
f 2169 372 457
f 372 2169 2170
f 2171 25 706
f 25 2171 86
f 2172 1245 1248
f 1245 2172 2173
f 2174 1249 1258
f 1249 2174 2175
f 2176 1259 1262
f 1259 2176 2177
f 2178 1263 1266
f 1263 2178 2179
f 2180 1267 1270
f 1267 2180 2181
f 2182 1271 1274
f 1271 2182 2183
f 2184 1275 1278
f 1275 2184 2185
f 2186 1279 1282
f 1279 2186 1949
f 2187 1283 1286
f 1283 2187 2188
f 2189 1287 1292
f 1287 2189 2190
f 2191 1293 1322
f 1293 2191 2192
f 82 2171 2149
f 2171 82 86
f 2171 705 2149
f 705 2171 706
f 1173 406 404
f 406 1173 2150
f 2173 1173 1245
f 1173 2173 2150
f 2150 2172 2151
f 2172 2150 2173
f 2151 1186 405
f 2172 1186 2151
f 1186 2172 1248
f 405 1186 403
f 1187 492 401
f 492 1187 2152
f 2175 1187 1249
f 1187 2175 2152
f 2152 2174 2153
f 2174 2152 2175
f 2153 1188 402
f 2174 1188 2153
f 1188 2174 1258
f 402 1188 400
f 1189 491 398
f 491 1189 2154
f 2177 1189 1259
f 1189 2177 2154
f 2154 2176 2155
f 2176 2154 2177
f 2155 1176 399
f 2176 1176 2155
f 1176 2176 1262
f 399 1176 397
f 1177 1962 1178
f 1962 1177 2156
f 2179 1177 1263
f 1177 2179 2156
f 395 1950 490
f 1950 395 1179
f 2156 2178 2157
f 2178 2156 2179
f 2157 1190 1961
f 2178 1190 2157
f 1190 2178 1266
f 1961 1190 1192
f 1208 396 1957
f 396 1208 394
f 1193 1960 1191
f 1960 1193 2158
f 2181 1193 1267
f 1193 2181 2158
f 392 1951 489
f 1951 392 1209
f 2158 2180 2159
f 2180 2158 2181
f 2159 1194 1958
f 2180 1194 2159
f 1194 2180 1270
f 1958 1194 1196
f 1210 393 1956
f 393 1210 391
f 1197 1970 1195
f 1970 1197 2160
f 2183 1197 1271
f 1197 2183 2160
f 388 1952 488
f 1952 388 1211
f 2160 2182 2161
f 2182 2160 2183
f 2161 1198 1965
f 2182 1198 2161
f 1198 2182 1274
f 1965 1198 1200
f 1212 389 1955
f 389 1212 387
f 1201 1964 1199
f 1964 1201 2162
f 2185 1201 1275
f 1201 2185 2162
f 385 1953 487
f 1953 385 1213
f 2162 2184 2163
f 2184 2162 2185
f 2163 1180 1963
f 2184 1180 2163
f 1180 2184 1278
f 1963 1180 1182
f 1184 386 1954
f 386 1184 384
f 1948 2186 2164
f 2186 1948 1949
f 2164 1202 383
f 2186 1202 2164
f 1202 2186 1282
f 383 1202 381
f 1203 485 379
f 485 1203 2165
f 2188 1203 1283
f 1203 2188 2165
f 2165 2187 2166
f 2187 2165 2188
f 2166 1204 380
f 2187 1204 2166
f 1204 2187 1286
f 380 1204 378
f 1205 484 376
f 484 1205 2167
f 2190 1205 1287
f 1205 2190 2167
f 2167 2189 2168
f 2189 2167 2190
f 2168 1206 377
f 2189 1206 2168
f 1206 2189 1292
f 377 1206 375
f 1207 457 371
f 457 1207 2169
f 2192 1207 1293
f 1207 2192 2169
f 2169 2191 2170
f 2191 2169 2192
f 2170 1172 372
f 2191 1172 2170
f 1172 2191 1322
f 372 1172 368
f 707 2193 710
f 2193 707 1018
f 533 2194 535
f 2194 533 2195
f 529 2196 532
f 2196 529 2197
f 526 2198 528
f 2198 526 2199
f 522 2200 525
f 2200 522 2201
f 520 2202 521
f 2202 520 2203
f 516 2204 519
f 2204 516 2205
f 513 2206 515
f 2206 513 2207
f 509 2208 512
f 2208 509 2209
f 1230 2210 1231
f 2210 1230 2211
f 505 2098 508
f 2098 505 2097
f 1232 2212 1238
f 2212 1232 2213
f 501 2100 504
f 2100 501 2099
f 1235 2214 1242
f 2214 1235 2215
f 497 2102 500
f 2102 497 2101
f 1670 496 495
f 496 1670 2216
f 1239 2216 1670
f 2216 1239 1672
f 493 2217 494
f 2217 493 2218
f 1020 708 2219
f 708 1020 709
f 2220 1214 2221
f 1214 2220 1255
f 2222 1216 2223
f 1216 2222 1215
f 2224 1218 2225
f 1218 2224 1217
f 2226 1220 2227
f 1220 2226 1219
f 2228 1222 2229
f 1222 2228 1221
f 2230 1224 2231
f 1224 2230 1223
f 2232 1226 2233
f 1226 2232 1225
f 2234 1229 2235
f 1229 2234 1227
f 2236 1233 2237
f 1233 2236 1228
f 2238 1236 2239
f 1236 2238 1234
f 2240 1240 2241
f 1240 2240 1237
f 1671 1243 2242
f 1243 1671 1241
f 2243 1247 2244
f 1247 2243 1244
f 2193 1020 2219
f 1020 2193 1018
f 2193 708 710
f 708 2193 2219
f 1255 2220 1098
f 1098 533 473
f 1098 2195 533
f 2195 1098 2220
f 2194 2220 2221
f 2220 2194 2195
f 535 1111 534
f 2194 1111 535
f 2221 1111 2194
f 1111 2221 1214
f 1215 2222 1110
f 1110 529 531
f 1110 2197 529
f 2197 1110 2222
f 2196 2222 2223
f 2222 2196 2197
f 532 1103 530
f 2196 1103 532
f 2223 1103 2196
f 1103 2223 1216
f 1217 2224 1102
f 1102 526 527
f 1102 2199 526
f 2199 1102 2224
f 2198 2224 2225
f 2224 2198 2199
f 528 1113 474
f 2198 1113 528
f 2225 1113 2198
f 1113 2225 1218
f 1219 2226 1112
f 1112 522 524
f 1112 2201 522
f 2201 1112 2226
f 2200 2226 2227
f 2226 2200 2201
f 525 1115 523
f 2200 1115 525
f 2227 1115 2200
f 1115 2227 1220
f 1221 2228 1114
f 1114 520 476
f 1114 2203 520
f 2203 1114 2228
f 2202 2228 2229
f 2228 2202 2203
f 521 1117 477
f 2202 1117 521
f 2229 1117 2202
f 1117 2229 1222
f 1223 2230 1116
f 1116 516 518
f 1116 2205 516
f 2205 1116 2230
f 2204 2230 2231
f 2230 2204 2205
f 519 1119 517
f 2204 1119 519
f 2231 1119 2204
f 1119 2231 1224
f 1225 2232 1118
f 1118 513 471
f 1118 2207 513
f 2207 1118 2232
f 2206 2232 2233
f 2232 2206 2207
f 515 1121 514
f 2206 1121 515
f 2233 1121 2206
f 1121 2233 1226
f 1227 2234 1120
f 1120 509 511
f 1120 2209 509
f 2209 1120 2234
f 2208 2234 2235
f 2234 2208 2209
f 512 1108 510
f 2208 1108 512
f 2235 1108 2208
f 1108 2235 1229
f 2236 1230 1228
f 1230 2236 2211
f 1107 505 507
f 505 1107 2097
f 2210 2236 2237
f 2236 2210 2211
f 2210 1233 1231
f 1233 2210 2237
f 2098 506 508
f 506 2098 1125
f 2238 1232 1234
f 1232 2238 2213
f 1124 501 503
f 501 1124 2099
f 2212 2238 2239
f 2238 2212 2213
f 2212 1236 1238
f 1236 2212 2239
f 2100 502 504
f 502 2100 1127
f 2240 1235 1237
f 1235 2240 2215
f 1126 497 499
f 497 1126 2101
f 2214 2240 2241
f 2240 2214 2215
f 2214 1240 1242
f 1240 2214 2241
f 2102 498 500
f 498 2102 1105
f 2216 1671 2242
f 1671 2216 1672
f 496 1123 480
f 2216 1123 496
f 2242 1123 2216
f 1123 2242 1243
f 1244 2243 1122
f 1122 493 481
f 1122 2218 493
f 2218 1122 2243
f 2217 2243 2244
f 2243 2217 2218
f 494 1101 482
f 2217 1101 494
f 2244 1101 2217
f 1101 2244 1247
f 2245 712 872
f 712 2245 713
f 2246 455 2247
f 455 2246 456
f 2248 453 2249
f 453 2248 454
f 2250 445 2251
f 445 2250 446
f 2252 443 2253
f 443 2252 444
f 2254 441 2255
f 441 2254 442
f 2256 2035 2257
f 2035 2256 2034
f 2025 439 2030
f 439 2025 440
f 2258 2033 2259
f 2033 2258 2032
f 2027 437 2026
f 437 2027 438
f 2260 2031 2261
f 2031 2260 2036
f 2029 435 2028
f 435 2029 436
f 2262 1714 1719
f 434 1714 2262
f 1714 434 1712
f 1712 434 433
f 2263 431 2264
f 431 2263 432
f 2265 429 2266
f 429 2265 430
f 2267 409 2268
f 409 2267 410
f 2269 407 2270
f 407 2269 408
f 711 874 714
f 874 711 2271
f 1298 2272 1297
f 2272 1298 2273
f 1300 2274 1299
f 2274 1300 2275
f 1302 2276 1301
f 2276 1302 2277
f 1304 2278 1303
f 2278 1304 2279
f 1306 2280 1305
f 2280 1306 2281
f 1308 2282 1307
f 2282 1308 2283
f 1310 2284 1309
f 2284 1310 2285
f 1312 2286 1311
f 2286 1312 2287
f 1314 1718 1313
f 1718 1314 2288
f 1316 2289 1315
f 2289 1316 2290
f 1318 2291 1317
f 2291 1318 2292
f 1320 2293 1319
f 2293 1320 2294
f 1323 2295 1321
f 2295 1323 2296
f 874 2245 872
f 2245 874 2271
f 2245 711 713
f 711 2245 2271
f 1297 2272 1128
f 1128 455 450
f 1128 2247 455
f 2247 1128 2272
f 2272 2246 2247
f 2246 2272 2273
f 456 1163 449
f 2246 1163 456
f 2273 1163 2246
f 1163 2273 1298
f 1299 2274 1162
f 1162 453 451
f 1162 2249 453
f 2249 1162 2274
f 2274 2248 2249
f 2248 2274 2275
f 454 1134 448
f 2248 1134 454
f 2275 1134 2248
f 1134 2275 1300
f 1301 2276 1135
f 1135 445 427
f 1135 2251 445
f 2251 1135 2276
f 2276 2250 2251
f 2250 2276 2277
f 446 1165 367
f 2250 1165 446
f 2277 1165 2250
f 1165 2277 1302
f 1303 2278 1164
f 1164 443 426
f 1164 2253 443
f 2253 1164 2278
f 2278 2252 2253
f 2252 2278 2279
f 444 1167 425
f 2252 1167 444
f 2279 1167 2252
f 1167 2279 1304
f 1305 2280 1166
f 1166 441 424
f 1166 2255 441
f 2255 1166 2280
f 2280 2254 2255
f 2254 2280 2281
f 442 1140 423
f 2254 1140 442
f 2281 1140 2254
f 1140 2281 1306
f 1307 2282 1142
f 1142 2035 1143
f 1142 2257 2035
f 2257 1142 2282
f 1145 439 422
f 439 1145 2030
f 2282 2256 2257
f 2256 2282 2283
f 2034 1150 1149
f 2256 1150 2034
f 2283 1150 2256
f 1150 2283 1308
f 2025 421 440
f 421 2025 1171
f 1309 2284 1148
f 1148 2033 1151
f 1148 2259 2033
f 2259 1148 2284
f 1170 437 420
f 437 1170 2026
f 2284 2258 2259
f 2258 2284 2285
f 2032 1154 1153
f 2258 1154 2032
f 2285 1154 2258
f 1154 2285 1310
f 2027 419 438
f 419 2027 1169
f 1311 2286 1152
f 1152 2031 1155
f 1152 2261 2031
f 2261 1152 2286
f 1168 435 418
f 435 1168 2028
f 2286 2260 2261
f 2260 2286 2287
f 2036 1138 1137
f 2260 1138 2036
f 2287 1138 2260
f 1138 2287 1312
f 2029 373 436
f 373 2029 1147
f 1718 2262 1719
f 2262 1718 2288
f 434 1157 416
f 2262 1157 434
f 2288 1157 2262
f 1157 2288 1314
f 1315 2289 1156
f 1156 431 415
f 1156 2264 431
f 2264 1156 2289
f 2289 2263 2264
f 2263 2289 2290
f 432 1159 414
f 2263 1159 432
f 2290 1159 2263
f 1159 2290 1316
f 1317 2291 1158
f 1158 429 413
f 1158 2266 429
f 2266 1158 2291
f 2291 2265 2266
f 2265 2291 2292
f 430 1132 412
f 2265 1132 430
f 2292 1132 2265
f 1132 2292 1318
f 1319 2293 1133
f 1133 409 365
f 1133 2268 409
f 2268 1133 2293
f 2293 2267 2268
f 2267 2293 2294
f 410 1161 364
f 2267 1161 410
f 2294 1161 2267
f 1161 2294 1320
f 1321 2295 1160
f 1160 407 363
f 1160 2270 407
f 2270 1160 2295
f 2295 2269 2270
f 2269 2295 2296
f 408 1131 360
f 2269 1131 408
f 2296 1131 2269
f 1131 2296 1323
f 2297 2298 2299
f 1868 2300 1867
f 2301 1866 2300
f 1866 2301 1865
f 1994 2005 1995
f 2005 1994 2302
f 2303 2304 2305
f 2306 2307 2308
f 2309 1863 1864
f 1863 2309 2310
f 2311 2312 2313
f 2312 2311 2314
f 2302 2315 2316
f 2317 2318 2319
f 2314 2320 2312
f 1836 2321 2322
f 2321 1836 1837
f 889 2323 890
f 890 2324 2002
f 2324 890 2323
f 2315 2313 2325
f 2326 2305 2327
f 2305 2326 2308
f 886 2328 887
f 2329 2330 2331
f 2332 1872 2333
f 1872 2332 1870
f 2334 2335 2336
f 2337 2304 2303
f 2313 2338 2325
f 2338 2313 2312
f 1994 1996 2302
f 1819 2339 1820
f 2340 1998 2341
f 1998 2340 1997
f 2308 2342 2305
f 2342 2308 2343
f 2006 2302 2007
f 2344 1859 1860
f 1859 2344 2345
f 2346 2329 2347
f 2348 2349 2350
f 2351 2347 2352
f 2353 1924 1925
f 1861 2344 1860
f 1992 2354 2355
f 2354 1992 1991
f 1819 2356 2339
f 2356 1819 1818
f 2316 2007 2302
f 2007 2316 2008
f 2357 2309 2358
f 2006 2005 2302
f 2359 2360 2361
f 2362 1888 1887
f 2317 2363 2318
f 2364 2365 2363
f 2320 2366 2338
f 2312 2320 2338
f 2000 2001 2341
f 2323 2342 2367
f 2315 2311 2313
f 2344 2357 2368
f 1867 2300 1866
f 2300 2369 2370
f 2371 2372 2373
f 2372 2371 2374
f 2369 2346 2370
f 2375 1873 1876
f 1873 2375 2333
f 2333 1874 1873
f 2376 1845 1846
f 2345 1858 1859
f 1858 2345 2377
f 2316 2009 2008
f 2009 2316 2325
f 2316 2315 2325
f 2340 2341 2315
f 2369 2372 2346
f 2378 2379 2380
f 2381 2319 2382
f 2364 2363 2317
f 2383 2379 2378
f 2384 2305 2342
f 2002 2341 2001
f 2341 2002 2324
f 2341 2324 2315
f 1828 2385 1829
f 2385 1828 2386
f 2323 2367 2311
f 2016 2015 2387
f 2367 2314 2311
f 2314 2367 2388
f 2303 2305 2384
f 2337 2303 2384
f 2309 2370 2389
f 2370 2346 2351
f 1822 2390 1823
f 2390 1822 2391
f 1821 2391 1822
f 2391 1821 2339
f 2379 2365 2364
f 2392 2371 2393
f 2394 1868 1869
f 1868 2394 2300
f 2365 2349 2348
f 1852 1853 2395
f 1851 1850 2396
f 1855 1856 2397
f 2354 2398 2320
f 1989 1988 2354
f 2318 2359 2319
f 2317 2319 2381
f 2366 2012 2338
f 2012 2366 2013
f 2010 2009 2325
f 2340 1996 1997
f 1996 2340 2302
f 2302 2340 2315
f 2399 2350 2400
f 2365 2401 2349
f 2392 2374 2371
f 2374 2392 2330
f 2402 2403 2404
f 2380 2317 2306
f 948 2405 1848
f 2405 948 2382
f 2382 948 947
f 2326 2306 2308
f 2306 2382 2307
f 2406 946 941
f 2406 947 946
f 947 2406 2382
f 1826 2407 1827
f 2385 2408 2337
f 1986 1983 2387
f 2320 2387 2366
f 1990 1989 2354
f 2324 2323 2311
f 2324 2311 2315
f 2343 2367 2342
f 2367 2343 2388
f 2343 2409 2410
f 2309 2389 2358
f 2328 885 2337
f 885 2328 886
f 2336 2335 2408
f 2404 2403 2304
f 2384 889 888
f 889 2384 2323
f 2384 2342 2323
f 2310 2309 2344
f 2301 2300 2370
f 2389 2370 2352
f 2370 2351 2352
f 2357 2358 2368
f 2411 2345 2368
f 2412 2345 2411
f 2412 2377 2345
f 2413 2377 2412
f 2413 2397 2377
f 2414 2397 2413
f 2414 2415 2397
f 2299 2415 2414
f 2299 2395 2415
f 2416 2395 2299
f 2416 2396 2395
f 2417 2396 2416
f 2417 2418 2396
f 2419 2418 2417
f 2419 2420 2418
f 2390 2420 2419
f 2390 2421 2420
f 2391 2421 2390
f 2391 2422 2421
f 2339 2422 2391
f 2339 2423 2422
f 2423 2339 2356
f 2300 2372 2369
f 2372 2374 2346
f 2346 2374 2329
f 2332 1869 1870
f 1869 2332 2394
f 2373 2394 2332
f 2394 2373 2372
f 2424 2425 2362
f 1888 2425 1889
f 2425 1888 2362
f 2310 1861 1862
f 1861 2310 2344
f 1863 2310 1862
f 1918 2421 1919
f 2397 1854 1855
f 1854 2397 2415
f 2322 1834 1835
f 1847 2405 2426
f 2405 1847 1848
f 1846 2426 2376
f 2426 1846 1847
f 2319 2426 2405
f 2363 2360 2359
f 2318 2363 2359
f 2421 1917 2420
f 1917 2421 1918
f 1998 1999 2341
f 1999 2000 2341
f 1885 2427 1886
f 2427 1885 2428
f 2360 2399 2400
f 2365 2348 2363
f 2363 2348 2360
f 1831 1925 1832
f 1925 1831 2353
f 2317 2381 2306
f 2306 2381 2382
f 2308 2307 2409
f 2343 2410 2388
f 2378 2306 2326
f 2429 2402 2335
f 1825 2407 1826
f 1823 2390 1824
f 2398 1988 1987
f 1988 2398 2354
f 2398 1986 2387
f 1986 2398 1987
f 1991 1990 2354
f 2307 2382 2409
f 2387 2015 2014
f 2016 1983 1985
f 1983 2016 2387
f 2398 2387 2320
f 2409 942 2410
f 942 2409 943
f 2388 2410 2314
f 2430 2304 2337
f 2408 2335 2430
f 2401 2431 2349
f 2392 2331 2330
f 2331 2392 2383
f 2328 888 887
f 888 2328 2384
f 2328 2337 2384
f 2301 2370 2309
f 2301 1864 1865
f 1864 2301 2309
f 2402 2404 2335
f 2351 2346 2347
f 2344 2368 2345
f 2394 2372 2300
f 2373 2332 2333
f 1856 1857 2397
f 2377 1857 1858
f 1857 2377 2397
f 2395 1850 1852
f 1850 2395 2396
f 2322 1835 1836
f 2426 2432 2376
f 2319 2405 2382
f 2376 1844 1845
f 1820 2339 1821
f 2360 2400 2433
f 2427 2434 2435
f 2428 2434 2427
f 2428 2436 2434
f 2437 2436 2428
f 2437 2400 2436
f 2438 2400 2437
f 2438 2433 2400
f 2439 2433 2438
f 2439 2361 2433
f 2440 2361 2439
f 2440 2441 2361
f 2442 2441 2440
f 2442 2432 2441
f 2443 2432 2442
f 2443 2444 2432
f 2353 2444 2443
f 2353 2445 2444
f 2446 2445 2353
f 2446 2447 2445
f 2322 2447 2446
f 2322 2448 2447
f 2448 2322 2321
f 2424 2449 2450
f 2348 2350 2399
f 2348 2399 2360
f 2431 2424 2451
f 2375 1875 2424
f 1875 2375 1876
f 1877 1878 2440
f 1884 1883 2437
f 1883 1882 2437
f 2417 2386 2407
f 2337 885 883
f 883 2385 2337
f 2385 883 1829
f 2386 2408 2385
f 2416 2298 2452
f 1824 2407 1825
f 2407 1824 2390
f 2314 2355 2320
f 2355 2354 2320
f 2366 2014 2013
f 2014 2366 2387
f 2325 2011 2010
f 2011 2325 2338
f 2406 943 2409
f 943 2406 941
f 2382 2406 2409
f 2304 2327 2305
f 2297 2334 2298
f 2408 2430 2337
f 2378 2380 2306
f 2352 2453 2454
f 2309 2357 2344
f 2334 2336 2298
f 2347 2329 2402
f 2452 2298 2408
f 2299 2298 2416
f 2368 2358 2411
f 2431 2451 2349
f 2373 2333 2455
f 2442 1921 1922
f 2440 1878 1920
f 1841 2445 2447
f 2445 1841 1842
f 2360 2433 2361
f 2449 2424 2362
f 1886 2362 1887
f 2362 1886 2427
f 2349 2450 2350
f 2450 2435 2434
f 2425 1890 1889
f 1890 2424 1875
f 2424 1890 2425
f 1833 2353 1831
f 2353 1833 2446
f 2435 2362 2427
f 2449 2362 2435
f 2417 2416 2386
f 1827 2386 1828
f 2386 1827 2407
f 2355 945 1992
f 945 2410 942
f 2410 945 2355
f 2410 2355 2314
f 2012 2011 2338
f 2308 2409 2343
f 2304 2403 2327
f 2380 2379 2317
f 2379 2364 2317
f 2371 2373 2456
f 2374 2330 2329
f 2454 2457 2413
f 2389 2352 2358
f 2457 2297 2413
f 2347 2402 2429
f 2334 2429 2335
f 2298 2336 2408
f 2402 2331 2403
f 2329 2331 2402
f 2390 2419 2407
f 2413 2297 2414
f 2383 2393 2379
f 2456 2431 2401
f 2455 2333 2431
f 2456 2401 2365
f 2333 1872 1874
f 2415 1853 1854
f 1853 2415 2395
f 2418 1914 2396
f 1914 2418 1915
f 1920 2442 2440
f 2442 1920 1921
f 1843 2376 2445
f 2376 1843 1844
f 2448 1839 1840
f 2319 2458 2426
f 2445 1842 1843
f 2349 2451 2450
f 2451 2424 2450
f 1834 2446 1833
f 2446 1834 2322
f 2450 2449 2435
f 2416 2452 2386
f 2452 2408 2386
f 2419 2417 2407
f 2383 2403 2331
f 2403 2383 2378
f 2378 2327 2403
f 2327 2378 2326
f 2358 2352 2454
f 2358 2454 2411
f 2430 2335 2304
f 2335 2404 2304
f 2347 2429 2334
f 2453 2334 2297
f 2414 2297 2299
f 2392 2393 2383
f 2371 2456 2393
f 2333 2375 2431
f 2431 2375 2424
f 1815 2422 2423
f 2422 1815 1814
f 1851 2396 1914
f 1812 1919 2421
f 1919 1812 1813
f 1815 2423 1816
f 1922 2443 2442
f 2443 1922 1923
f 1877 2439 1879
f 2439 1877 2440
f 1880 1879 2439
f 2441 2432 2426
f 2359 2458 2319
f 2359 2441 2458
f 2458 2441 2426
f 2448 1838 1839
f 1838 2321 1837
f 2321 1838 2448
f 2350 2450 2434
f 2412 2454 2413
f 2411 2454 2412
f 2457 2453 2297
f 2454 2453 2457
f 2393 2365 2379
f 2393 2456 2365
f 1816 2423 1817
f 1817 2356 1818
f 2356 1817 2423
f 1915 2418 1916
f 2420 1916 2418
f 1916 2420 1917
f 1923 2353 2443
f 2353 1923 1924
f 1881 2437 1882
f 2437 1881 2438
f 2432 2444 2376
f 2444 2445 2376
f 2359 2361 2441
f 1840 2447 2448
f 2447 1840 1841
f 2350 2434 2436
f 2350 2436 2400
f 2453 2347 2334
f 2352 2347 2453
f 2456 2455 2431
f 2373 2455 2456
f 1814 2421 2422
f 2421 1814 1812
f 1884 2428 1885
f 2428 1884 2437
f 1880 2438 1881
f 2438 1880 2439
f 2459 2460 2461
f 1978 2462 1977
f 2462 1978 2463
f 2464 2465 2466
f 2463 2467 2462
f 2468 1974 1973
f 1974 2468 2461
f 2469 2470 2471
f 2472 2473 2474
f 2475 2476 2477
f 2473 2478 2479
f 2480 1966 2481
f 1966 2480 1968
f 2482 2483 2484
f 2485 2486 2487
f 2488 2479 2489
f 2464 2490 2465
f 2491 2492 2490
f 2467 2493 2494
f 2476 2495 2496
f 2462 2467 2494
f 2497 2498 2499
f 2500 2501 2476
f 2496 1933 1932
f 2497 2499 2482
f 2492 2479 2488
f 2502 2471 2503
f 2504 2466 2505
f 2491 2490 2464
f 2469 2471 2502
f 2506 1931 1930
f 1931 2506 2496
f 1976 2463 1978
f 2463 1976 2507
f 2508 1968 2480
f 1968 2508 1969
f 2492 2474 2479
f 2509 2474 2470
f 2483 2510 2467
f 2511 2475 2483
f 2511 2512 2475
f 2465 2485 2466
f 2464 2466 2504
f 2493 1926 2494
f 1926 2493 1928
f 2513 2489 2514
f 2480 2509 2470
f 2502 2503 2459
f 2503 2464 2459
f 2505 2515 2497
f 2468 2459 2461
f 2459 2505 2460
f 2516 2497 2482
f 2505 2497 2516
f 2475 2477 2506
f 2467 2506 2493
f 2499 2511 2483
f 2517 1976 1975
f 1976 2517 2507
f 2517 2518 2519
f 2520 1896 1897
f 2471 2492 2491
f 1899 2521 1898
f 2521 1899 2522
f 2481 2520 2472
f 2521 1897 1898
f 1897 2521 2520
f 2523 1894 1893
f 1894 2523 1967
f 2481 1967 2523
f 1967 2481 1966
f 1909 2524 1908
f 2524 1909 2525
f 2495 1936 1935
f 1936 2495 2501
f 2476 2496 2477
f 2515 2526 2497
f 2526 2498 2497
f 2466 2526 2515
f 2490 2486 2485
f 2465 2490 2485
f 2486 2513 2514
f 2492 2488 2490
f 2490 2488 2486
f 2464 2504 2459
f 2459 2504 2505
f 2461 2460 2518
f 2517 2519 2507
f 2502 2459 2468
f 2483 2475 2510
f 2510 2475 2506
f 2482 2499 2483
f 2460 2505 2518
f 2506 1930 1929
f 2477 2496 2506
f 2510 2506 2467
f 1977 2494 1959
f 2494 1977 2462
f 2518 2482 2519
f 2507 2519 2463
f 2473 2521 2522
f 2520 1895 1896
f 2527 2528 2529
f 2472 2520 2473
f 2520 2521 2473
f 1934 1933 2496
f 1934 2495 1935
f 2495 1934 2496
f 2501 2495 2476
f 2530 2531 2498
f 2466 2515 2505
f 2498 2532 2499
f 2499 2512 2511
f 2486 2514 2533
f 1902 2534 1901
f 2534 1902 2528
f 2522 2527 2535
f 2488 2489 2513
f 2488 2513 2486
f 2536 1940 1939
f 2537 1912 1944
f 1905 2538 1904
f 2538 1905 2539
f 2508 2470 2469
f 2503 2471 2464
f 2471 2491 2464
f 2509 2472 2474
f 2481 2472 2509
f 2463 2484 2467
f 2484 2483 2467
f 2493 1929 1928
f 1929 2493 2506
f 2496 1932 1931
f 1959 1927 1945
f 1927 1959 2494
f 2518 2516 2482
f 2505 2516 2518
f 2479 2478 2535
f 2474 2473 2479
f 2522 2534 2528
f 2527 2522 2528
f 1906 1907 2524
f 1907 1908 2524
f 2523 1895 2520
f 1895 2523 1893
f 2481 2523 2520
f 2540 1943 1942
f 2536 1939 1938
f 2541 2542 2512
f 2512 2543 2475
f 2486 2533 2487
f 2479 2535 2489
f 2535 2529 2544
f 1944 2540 2537
f 2540 1944 1943
f 2529 2528 2538
f 2508 1971 1969
f 1971 2508 2469
f 2508 2480 2470
f 2480 2481 2509
f 2470 2492 2471
f 2470 2474 2492
f 2519 2482 2484
f 2519 2484 2463
f 1926 1927 2494
f 2461 2518 2517
f 2461 1975 1974
f 1975 2461 2517
f 2522 1900 2534
f 1900 2522 1899
f 2534 1900 1901
f 2532 2512 2499
f 2498 2531 2532
f 2543 2476 2475
f 2512 2542 2543
f 2466 2545 2526
f 2485 2546 2545
f 2532 2531 2512
f 2478 2522 2535
f 2473 2522 2478
f 1942 2547 2540
f 2547 1942 1941
f 1911 1912 2537
f 1906 2539 1905
f 2539 1906 2524
f 1904 2528 1903
f 2528 1904 2538
f 2528 1902 1903
f 2535 2527 2529
f 2538 2544 2529
f 2539 2544 2538
f 2539 2548 2544
f 2524 2548 2539
f 2524 2514 2548
f 2525 2514 2524
f 2525 2533 2514
f 2549 2533 2525
f 2549 2487 2533
f 2537 2487 2549
f 2537 2546 2487
f 2540 2546 2537
f 2540 2550 2546
f 2547 2550 2540
f 2547 2530 2550
f 2536 2530 2547
f 2536 2531 2530
f 2551 2531 2536
f 2551 2541 2531
f 2501 2541 2551
f 2501 2542 2541
f 2542 2501 2500
f 2469 1972 1971
f 1972 2469 2502
f 2502 1973 1972
f 1973 2502 2468
f 2546 2550 2526
f 2485 2545 2466
f 2545 2546 2526
f 2526 2550 2498
f 2543 2542 2476
f 2542 2500 2476
f 1938 2551 2536
f 2551 1938 1937
f 1941 2536 2547
f 2536 1941 1940
f 1911 2549 1913
f 2549 1911 2537
f 1910 1913 2549
f 2489 2535 2544
f 2550 2530 2498
f 2485 2487 2546
f 2531 2541 2512
f 1937 2501 2551
f 2501 1937 1936
f 1910 2525 1909
f 2525 1910 2549
f 2489 2544 2548
f 2489 2548 2514
f 1608 1349 1355
f 1349 1608 1603
f 1035 1366 1361
f 1366 1035 1036
f 1039 1350 1351
f 1350 1039 1604
f 1604 1039 1595
f 1352 1606 1353
f 1606 1352 1605
f 1607 1355 1354
f 1355 1607 1608
f 1350 1605 1352
f 1605 1350 1604
f 1364 1040 1363
f 1040 1364 1041
f 1042 1364 1365
f 1364 1042 1041
f 1363 1037 1362
f 1037 1363 1040
f 1602 1347 1348
f 1347 1602 1601
f 1032 1357 1031
f 1357 1032 1358
f 1606 1354 1353
f 1354 1606 1607
f 1036 1365 1366
f 1365 1036 1042
f 1362 1039 1351
f 1039 1362 1037
f 1603 1348 1349
f 1348 1603 1602
f 1029 1598 1596
f 1598 1029 1344
f 1344 1029 1343
f 1599 1346 1600
f 1346 1599 1345
f 1031 1356 1030
f 1356 1031 1357
f 1032 1359 1358
f 1359 1032 1033
f 1034 1361 1360
f 1361 1034 1035
f 1598 1345 1599
f 1345 1598 1344
f 1601 1346 1347
f 1346 1601 1600
f 1030 1343 1029
f 1343 1030 1356
f 1033 1360 1359
f 1360 1033 1034
f 2552 2553 2554
f 2553 2552 2555
f 2556 2557 2558
f 2557 2556 2559
f 2560 2561 2562
f 2561 2560 2563
f 2564 2563 2560
f 2563 2564 2565
f 2566 2567 2568
f 2567 2566 2569
f 2570 2554 2571
f 2554 2570 2552
f 2555 2572 2553
f 2572 2555 2573
f 2562 2574 2575
f 2574 2562 2561
f 2576 2556 2577
f 2556 2576 2559
f 2578 2569 2566
f 2569 2578 2579
f 2580 2571 2581
f 2571 2580 2570
f 2568 2582 2583
f 2582 2568 2567
f 2583 2580 2581
f 2580 2583 2582
f 2584 2576 2585
f 2576 2586 2570
f 2576 2587 2586
f 2576 2588 2587
f 2576 2589 2588
f 2576 2590 2589
f 2591 2576 2584
f 2576 2592 2590
f 2576 2591 2592
f 2591 2584 2593
f 2593 2584 2594
f 2594 2584 2595
f 2596 2595 2584
f 2595 2596 2597
f 2598 2597 2596
f 2584 2585 2599
f 2597 2598 2600
f 2564 2600 2598
f 2601 2602 2603
f 2600 2564 2601
f 2601 2575 2602
f 2560 2601 2564
f 2601 2562 2575
f 2601 2560 2562
f 2579 2567 2569
f 2557 2567 2579
f 2576 2567 2557
f 2576 2557 2559
f 2567 2576 2582
f 2582 2576 2580
f 2580 2576 2570
f 2604 2570 2586
f 2605 2570 2604
f 2606 2570 2605
f 2607 2570 2606
f 2570 2607 2552
f 2608 2552 2607
f 2609 2552 2608
f 2609 2555 2552
f 2610 2555 2609
f 2573 2610 2611
f 2610 2573 2555
f 2603 2611 2612
f 2603 2612 2613
f 2603 2613 2614
f 2611 2603 2573
f 2603 2614 2601
f 2598 2565 2564
f 2565 2598 2615
f 2561 2616 2574
f 2616 2561 2617
f 2563 2617 2561
f 2617 2618 2619
f 2618 2617 2615
f 2617 2565 2615
f 2617 2563 2565
f 2568 2620 2621
f 2581 2622 2620
f 2581 2623 2622
f 2624 2571 2554
f 2571 2624 2623
f 2554 2625 2624
f 2553 2625 2554
f 2553 2626 2625
f 2553 2627 2626
f 2572 2627 2553
f 2627 2572 2628
f 2629 2628 2572
f 2628 2629 2630
f 2631 2630 2629
f 2574 2632 2631
f 2630 2631 2632
f 2621 2566 2568
f 2620 2568 2583
f 2566 2621 2578
f 2620 2583 2581
f 2633 2578 2621
f 2578 2633 2558
f 2623 2581 2571
f 2634 2558 2633
f 2558 2634 2556
f 2635 2556 2634
f 2556 2635 2577
f 2636 2577 2635
f 2637 2577 2636
f 2638 2577 2637
f 2577 2638 2619
f 2619 2638 2639
f 2619 2639 2640
f 2619 2640 2641
f 2619 2641 2642
f 2619 2642 2643
f 2619 2643 2617
f 2632 2574 2616
f 2577 2619 2644
f 2644 2619 2645
f 2575 2631 2602
f 2631 2575 2574
f 2573 2629 2572
f 2629 2573 2603
f 2603 2631 2629
f 2631 2603 2602
f 2558 2579 2578
f 2579 2558 2557
f 2596 2619 2618
f 2619 2596 2584
f 2596 2615 2598
f 2615 2596 2618
f 2644 2576 2577
f 2576 2644 2585
f 2599 2644 2645
f 2644 2599 2585
f 2646 2647 2648
f 2647 2646 2649
f 2650 2651 2652
f 2651 2650 2653
f 2654 2655 2656
f 2655 2654 2657
f 2658 2659 2660
f 2659 2658 2661
f 2662 2663 2664
f 2663 2662 2665
f 2666 2667 2668
f 2667 2666 2669
f 2670 2671 2672
f 2671 2670 2673
f 2674 2675 2676
f 2675 2674 2677
f 2678 2679 2680
f 2679 2678 2681
f 2680 2584 2682
f 2584 2683 2682
f 2668 2678 2683
f 2678 2668 2681
f 2681 2667 2674
f 2664 2674 2667
f 2663 2677 2664
f 2677 2663 2670
f 2668 2683 2684
f 2584 2684 2683
f 2599 2684 2584
f 2656 2666 2685
f 2666 2656 2669
f 2669 2655 2662
f 2652 2662 2655
f 2651 2665 2652
f 2665 2651 2658
f 2656 2685 2686
f 2684 2599 2685
f 2685 2599 2686
f 2599 2654 2687
f 2654 2599 2657
f 2657 2599 2650
f 2650 2599 2653
f 2645 2653 2599
f 2653 2645 2646
f 2646 2645 2649
f 2686 2599 2687
f 2679 2584 2680
f 2676 2584 2679
f 2675 2584 2676
f 2584 2675 2619
f 2672 2619 2675
f 2671 2619 2672
f 2688 2619 2671
f 2689 2619 2688
f 2681 2668 2667
f 2674 2664 2677
f 2660 2670 2663
f 2670 2660 2673
f 2659 2673 2660
f 2673 2659 2689
f 2690 2689 2659
f 2690 2619 2689
f 2645 2690 2691
f 2669 2656 2655
f 2662 2652 2665
f 2648 2658 2651
f 2658 2648 2661
f 2647 2661 2648
f 2661 2647 2691
f 2692 2691 2647
f 2645 2691 2692
f 2645 2692 2693
f 2690 2645 2619
f 2649 2645 2693
f 2686 2694 2695
f 2694 2686 2687
f 2686 2696 2656
f 2696 2686 2695
f 2654 2696 2697
f 2696 2654 2656
f 2694 2654 2697
f 2654 2694 2687
f 2694 2696 2695
f 2696 2694 2697
f 2684 2698 2699
f 2698 2684 2685
f 2684 2700 2668
f 2700 2684 2699
f 2666 2700 2701
f 2700 2666 2668
f 2698 2700 2699
f 2700 2698 2701
f 2698 2666 2701
f 2666 2698 2685
f 2682 2702 2703
f 2702 2682 2683
f 2682 2704 2680
f 2704 2682 2703
f 2678 2704 2705
f 2704 2678 2680
f 2702 2704 2703
f 2704 2702 2705
f 2702 2678 2705
f 2678 2702 2683
f 2655 2706 2707
f 2706 2655 2657
f 2655 2708 2652
f 2708 2655 2707
f 2650 2708 2709
f 2708 2650 2652
f 2706 2708 2707
f 2708 2706 2709
f 2706 2650 2709
f 2650 2706 2657
f 2667 2710 2711
f 2710 2667 2669
f 2667 2712 2664
f 2712 2667 2711
f 2662 2712 2713
f 2712 2662 2664
f 2710 2712 2711
f 2712 2710 2713
f 2710 2662 2713
f 2662 2710 2669
f 2679 2714 2715
f 2714 2679 2681
f 2679 2716 2676
f 2716 2679 2715
f 2674 2716 2717
f 2716 2674 2676
f 2714 2716 2715
f 2716 2714 2717
f 2714 2674 2717
f 2674 2714 2681
f 2651 2718 2719
f 2718 2651 2653
f 2651 2720 2648
f 2720 2651 2719
f 2646 2720 2721
f 2720 2646 2648
f 2718 2720 2719
f 2720 2718 2721
f 2718 2646 2721
f 2646 2718 2653
f 2663 2722 2723
f 2722 2663 2665
f 2663 2724 2660
f 2724 2663 2723
f 2658 2724 2725
f 2724 2658 2660
f 2722 2724 2723
f 2724 2722 2725
f 2722 2658 2725
f 2658 2722 2665
f 2675 2726 2727
f 2726 2675 2677
f 2675 2728 2672
f 2728 2675 2727
f 2670 2728 2729
f 2728 2670 2672
f 2726 2728 2727
f 2728 2726 2729
f 2726 2670 2729
f 2670 2726 2677
f 2647 2730 2731
f 2730 2647 2649
f 2647 2732 2692
f 2732 2647 2731
f 2693 2732 2733
f 2732 2693 2692
f 2730 2693 2733
f 2693 2730 2649
f 2730 2732 2731
f 2732 2730 2733
f 2659 2734 2735
f 2734 2659 2661
f 2659 2736 2690
f 2736 2659 2735
f 2691 2736 2737
f 2736 2691 2690
f 2734 2691 2737
f 2691 2734 2661
f 2734 2736 2735
f 2736 2734 2737
f 2671 2738 2739
f 2738 2671 2673
f 2671 2740 2688
f 2740 2671 2739
f 2689 2740 2741
f 2740 2689 2688
f 2738 2740 2739
f 2740 2738 2741
f 2738 2689 2741
f 2689 2738 2673
f 2592 2638 2637
f 2638 2592 2591
f 2609 2625 2626
f 2625 2609 2608
f 2617 2614 2616
f 2614 2617 2601
f 2612 2628 2630
f 2628 2612 2611
f 2590 2637 2636
f 2637 2590 2592
f 2588 2633 2587
f 2633 2588 2634
f 2605 2623 2606
f 2623 2605 2622
f 2607 2623 2624
f 2623 2607 2606
f 2604 2622 2605
f 2622 2604 2620
f 2593 2640 2639
f 2640 2593 2594
f 2632 2612 2630
f 2612 2632 2613
f 2611 2627 2628
f 2627 2611 2610
f 2589 2636 2635
f 2636 2589 2590
f 2587 2621 2586
f 2621 2587 2633
f 2608 2624 2625
f 2624 2608 2607
f 2586 2620 2604
f 2620 2586 2621
f 2591 2639 2638
f 2639 2591 2593
f 2643 2601 2617
f 2601 2643 2600
f 2641 2597 2642
f 2597 2641 2595
f 2616 2613 2632
f 2613 2616 2614
f 2610 2626 2627
f 2626 2610 2609
f 2589 2634 2588
f 2634 2589 2635
f 2642 2600 2643
f 2600 2642 2597
f 2594 2641 2640
f 2641 2594 2595
f 2742 2743 2744
f 2742 2744 2745
f 2743 2742 2746
f 2746 2742 2747
f 2748 2745 2749
f 2748 2749 2750
f 2745 2748 2742
f 2750 2751 2748
f 2752 2750 2753
f 2752 2753 2754
f 2750 2752 2751
f 2754 2755 2752
f 2756 2754 2757
f 2756 2757 2758
f 2754 2756 2755
f 2758 2759 2756
f 2760 2758 2761
f 2760 2761 2762
f 2758 2760 2759
f 2762 2763 2760
f 2764 2762 2765
f 2764 2765 2766
f 2762 2764 2763
f 2766 2767 2764
f 2768 2766 2769
f 2768 2769 2770
f 2766 2768 2767
f 2770 2771 2768
f 2772 2770 2773
f 2772 2773 2774
f 2770 2772 2771
f 2774 2775 2772
f 2776 2774 2777
f 2776 2777 2778
f 2774 2776 2775
f 2778 2779 2776
f 2780 2778 2781
f 2780 2781 2782
f 2778 2780 2779
f 2782 2783 2780
f 2784 2782 2785
f 2784 2785 2786
f 2782 2784 2783
f 2786 2787 2784
f 2788 2786 2789
f 2788 2789 2790
f 2786 2788 2787
f 2790 2791 2788
f 2792 2790 2793
f 2792 2793 2794
f 2790 2792 2791
f 2794 2795 2792
f 2796 2794 2797
f 2794 2796 2795
f 2797 2798 2796
f 2798 2797 2799
f 2800 2747 2742
f 2747 2800 2801
f 2801 2800 2802
f 2803 2802 2800
f 2804 2802 2803
f 2802 2804 2805
f 2805 2804 2806
f 2807 2806 2804
f 2808 2806 2807
f 2806 2808 2809
f 2809 2808 2810
f 2811 2810 2808
f 2812 2810 2811
f 2810 2812 2813
f 2813 2812 2814
f 2815 2814 2812
f 2816 2814 2815
f 2814 2816 2817
f 2817 2816 2818
f 2819 2818 2816
f 2820 2818 2819
f 2818 2820 2821
f 2821 2820 2822
f 2823 2822 2820
f 2824 2822 2823
f 2822 2824 2825
f 2825 2824 2826
f 2827 2826 2824
f 2828 2826 2827
f 2826 2828 2829
f 2829 2828 2830
f 2831 2830 2828
f 2832 2830 2831
f 2830 2832 2833
f 2833 2832 2834
f 2835 2834 2832
f 2836 2834 2835
f 2834 2836 2837
f 2837 2836 2838
f 2839 2838 2836
f 2840 2838 2839
f 2838 2840 2841
f 2841 2840 2842
f 2843 2842 2840
f 2844 2842 2843
f 2842 2844 2845
f 2845 2844 2846
f 2847 2846 2844
f 2848 2846 2847
f 2846 2848 2849
f 2850 2849 2848
f 2849 2850 2851
f 2852 2853 2854
f 2852 2854 2855
f 2853 2852 2856
f 2856 2852 2857
f 2858 2855 2859
f 2858 2859 2860
f 2855 2858 2852
f 2860 2861 2858
f 2862 2860 2863
f 2862 2863 2864
f 2860 2862 2861
f 2864 2865 2862
f 2866 2864 2867
f 2866 2867 2868
f 2864 2866 2865
f 2868 2869 2866
f 2870 2868 2871
f 2870 2871 2872
f 2868 2870 2869
f 2872 2873 2870
f 2874 2872 2875
f 2874 2875 2876
f 2872 2874 2873
f 2876 2877 2874
f 2878 2876 2879
f 2878 2879 2880
f 2876 2878 2877
f 2880 2881 2878
f 2882 2880 2883
f 2882 2883 2884
f 2880 2882 2881
f 2884 2885 2882
f 2886 2884 2887
f 2886 2887 2888
f 2884 2886 2885
f 2888 2889 2886
f 2890 2888 2891
f 2890 2891 2892
f 2888 2890 2889
f 2892 2893 2890
f 2894 2892 2895
f 2894 2895 2896
f 2892 2894 2893
f 2896 2897 2894
f 2898 2896 2899
f 2898 2899 2900
f 2896 2898 2897
f 2900 2901 2898
f 2902 2900 2903
f 2902 2903 2904
f 2900 2902 2901
f 2904 2905 2902
f 2906 2904 2907
f 2904 2906 2905
f 2907 2908 2906
f 2908 2907 2909
f 2910 2857 2852
f 2857 2910 2911
f 2911 2910 2912
f 2913 2912 2910
f 2914 2912 2913
f 2912 2914 2915
f 2915 2914 2916
f 2917 2916 2914
f 2918 2916 2917
f 2916 2918 2919
f 2919 2918 2920
f 2921 2920 2918
f 2922 2920 2921
f 2920 2922 2923
f 2923 2922 2924
f 2925 2924 2922
f 2926 2924 2925
f 2924 2926 2927
f 2927 2926 2928
f 2929 2928 2926
f 2930 2928 2929
f 2928 2930 2931
f 2931 2930 2932
f 2933 2932 2930
f 2934 2932 2933
f 2932 2934 2935
f 2935 2934 2936
f 2937 2936 2934
f 2938 2936 2937
f 2936 2938 2939
f 2939 2938 2940
f 2941 2940 2938
f 2942 2940 2941
f 2940 2942 2943
f 2943 2942 2944
f 2945 2944 2942
f 2946 2944 2945
f 2944 2946 2947
f 2947 2946 2948
f 2949 2948 2946
f 2950 2948 2949
f 2948 2950 2951
f 2951 2950 2952
f 2953 2952 2950
f 2954 2952 2953
f 2952 2954 2955
f 2955 2954 2956
f 2957 2956 2954
f 2958 2956 2957
f 2956 2958 2959
f 2960 2959 2958
f 2959 2960 2961
f 2904 2849 2907
f 2849 2904 2846
f 2845 2904 2903
f 2904 2845 2846
f 2900 2845 2903
f 2845 2900 2842
f 2841 2900 2899
f 2900 2841 2842
f 2896 2841 2899
f 2841 2896 2838
f 2837 2896 2895
f 2896 2837 2838
f 2892 2837 2895
f 2837 2892 2834
f 2833 2892 2891
f 2892 2833 2834
f 2888 2833 2891
f 2833 2888 2830
f 2829 2888 2887
f 2888 2829 2830
f 2884 2829 2887
f 2829 2884 2826
f 2825 2884 2883
f 2884 2825 2826
f 2880 2825 2883
f 2825 2880 2822
f 2821 2880 2879
f 2880 2821 2822
f 2876 2821 2879
f 2821 2876 2818
f 2817 2876 2875
f 2876 2817 2818
f 2872 2817 2875
f 2817 2872 2814
f 2813 2872 2871
f 2872 2813 2814
f 2868 2813 2871
f 2813 2868 2810
f 2809 2868 2867
f 2868 2809 2810
f 2864 2809 2867
f 2809 2864 2806
f 2805 2864 2863
f 2864 2805 2806
f 2860 2805 2863
f 2805 2860 2802
f 2801 2860 2859
f 2860 2801 2802
f 2855 2801 2859
f 2801 2855 2747
f 2746 2855 2854
f 2855 2746 2747
f 2853 2746 2854
f 2746 2853 2743
f 2856 2743 2853
f 2743 2856 2744
f 2745 2856 2857
f 2856 2745 2744
f 2911 2745 2857
f 2745 2911 2749
f 2750 2911 2912
f 2911 2750 2749
f 2915 2750 2912
f 2750 2915 2753
f 2754 2915 2916
f 2915 2754 2753
f 2919 2754 2916
f 2754 2919 2757
f 2758 2919 2920
f 2919 2758 2757
f 2923 2758 2920
f 2758 2923 2761
f 2762 2923 2924
f 2923 2762 2761
f 2927 2762 2924
f 2762 2927 2765
f 2766 2927 2928
f 2927 2766 2765
f 2931 2766 2928
f 2766 2931 2769
f 2770 2931 2932
f 2931 2770 2769
f 2935 2770 2932
f 2770 2935 2773
f 2774 2935 2936
f 2935 2774 2773
f 2939 2774 2936
f 2774 2939 2777
f 2778 2939 2940
f 2939 2778 2777
f 2943 2778 2940
f 2778 2943 2781
f 2782 2943 2944
f 2943 2782 2781
f 2947 2782 2944
f 2782 2947 2785
f 2786 2947 2948
f 2947 2786 2785
f 2951 2786 2948
f 2786 2951 2789
f 2790 2951 2952
f 2951 2790 2789
f 2955 2790 2952
f 2790 2955 2793
f 2794 2955 2956
f 2955 2794 2793
f 2959 2794 2956
f 2794 2959 2797
f 2799 2959 2961
f 2959 2799 2797
f 2849 2909 2907
f 2909 2849 2851
f 2850 2909 2851
f 2909 2850 2908
f 2850 2906 2908
f 2906 2850 2848
f 2847 2906 2848
f 2906 2847 2905
f 2847 2902 2905
f 2902 2847 2844
f 2962 721 766
f 721 2962 2963
f 766 2844 764
f 2843 764 2844
f 764 2843 1013
f 2844 766 2902
f 721 2902 766
f 720 2902 721
f 2901 720 793
f 720 2901 2902
f 2843 1014 1013
f 1014 2843 2840
f 793 2898 2901
f 2898 793 795
f 2962 2964 2963
f 2964 2962 2965
f 2840 2966 1014
f 2840 2967 2966
f 2839 2967 2840
f 1007 2967 2839
f 2967 1007 1011
f 1014 2966 1012
f 814 812 2968
f 2969 795 794
f 795 2969 2898
f 2968 2898 2969
f 2897 2968 812
f 2968 2897 2898
f 2970 2964 2965
f 2964 2970 2971
f 2839 1008 1007
f 1008 2839 2836
f 812 2894 2897
f 2894 812 813
f 2970 2972 2971
f 2972 2970 2973
f 2835 1008 2836
f 1008 2835 1005
f 809 2894 813
f 2894 809 2893
f 2974 2972 2973
f 2972 2974 2975
f 2835 1006 1005
f 1006 2835 2832
f 809 2890 2893
f 2890 809 811
f 2974 2976 2975
f 2976 2974 2977
f 2832 2978 1006
f 2832 2979 2978
f 2831 2979 2832
f 999 2979 2831
f 2979 999 1003
f 1006 2978 1004
f 820 818 2980
f 2981 811 810
f 811 2981 2890
f 2980 2890 2981
f 2889 2980 818
f 2980 2889 2890
f 2982 2976 2977
f 2976 2982 2983
f 2831 1000 999
f 1000 2831 2828
f 818 2886 2889
f 2886 818 819
f 2982 2984 2983
f 2984 2982 2985
f 2827 1000 2828
f 1000 2827 997
f 815 2886 819
f 2886 815 2885
f 2986 2984 2985
f 2984 2986 2987
f 2827 998 997
f 998 2827 2824
f 815 2882 2885
f 2882 815 817
f 2986 2988 2987
f 2988 2986 2989
f 2824 2990 998
f 2824 2991 2990
f 2823 2991 2824
f 991 2991 2823
f 2991 991 994
f 998 2990 996
f 826 824 2992
f 2993 817 816
f 817 2993 2882
f 2992 2882 2993
f 2881 2992 824
f 2992 2881 2882
f 2994 2988 2989
f 2988 2994 2995
f 2823 992 991
f 992 2823 2820
f 824 2878 2881
f 2878 824 825
f 2994 2996 2995
f 2996 2994 2997
f 2819 992 2820
f 992 2819 989
f 821 2878 825
f 2878 821 2877
f 2998 2996 2997
f 2996 2998 2999
f 2819 990 989
f 990 2819 2816
f 821 2874 2877
f 2874 821 823
f 2998 3000 2999
f 3000 2998 3001
f 2816 3002 990
f 2816 3003 3002
f 2815 3003 2816
f 985 3003 2815
f 3003 985 987
f 990 3002 988
f 833 830 3004
f 3005 823 822
f 823 3005 2874
f 3004 2874 3005
f 2873 3004 830
f 3004 2873 2874
f 3006 3000 3001
f 3000 3006 3007
f 2815 986 985
f 986 2815 2812
f 830 2870 2873
f 2870 830 831
f 3006 3008 3007
f 3008 3006 3009
f 2811 986 2812
f 986 2811 983
f 827 2870 831
f 2870 827 2869
f 3010 3008 3009
f 3008 3010 3011
f 2811 984 983
f 984 2811 2808
f 827 2866 2869
f 2866 827 829
f 3010 3012 3011
f 3012 3010 3013
f 2808 3014 984
f 2808 3015 3014
f 2807 3015 2808
f 1086 3015 2807
f 3015 1086 1090
f 984 3014 982
f 843 839 3016
f 3017 829 828
f 829 3017 2866
f 3016 2866 3017
f 2865 3016 839
f 3016 2865 2866
f 3018 3012 3013
f 3012 3018 3019
f 2807 1087 1086
f 1087 2807 2804
f 839 2862 2865
f 2862 839 840
f 3018 3020 3019
f 3020 3018 3021
f 2803 1087 2804
f 1087 2803 1081
f 834 2862 840
f 2862 834 2861
f 3022 3020 3021
f 3020 3022 3023
f 2803 1082 1081
f 1082 2803 2800
f 834 2858 2861
f 2858 834 836
f 3022 3024 3023
f 3024 3022 3025
f 2742 1082 2800
f 1082 2742 1079
f 835 2858 836
f 2858 835 2852
f 3026 3024 3025
f 3024 3026 3027
f 2748 1079 2742
f 1079 2748 1080
f 838 2852 835
f 2852 838 2910
f 3028 3027 3026
f 3027 3028 3029
f 2748 1063 1080
f 1063 2748 2751
f 838 2913 2910
f 2913 838 837
f 3028 3030 3029
f 3030 3028 3031
f 2752 1063 2751
f 1063 2752 1083
f 842 2913 837
f 2913 842 2914
f 3032 3030 3031
f 3030 3032 3033
f 2752 1066 1083
f 1066 2752 2755
f 842 2917 2914
f 2917 842 841
f 3032 3034 3033
f 3034 3032 3035
f 2755 3036 1066
f 2756 3036 2755
f 3036 2756 3037
f 1066 3036 1070
f 3038 841 844
f 841 3038 2917
f 2918 3038 3039
f 3038 2918 2917
f 3040 3034 3035
f 3034 3040 3041
f 2756 3042 3037
f 3042 2756 2759
f 3039 2921 2918
f 2921 3039 3043
f 3040 3044 3041
f 3044 3040 3045
f 2759 3046 3042
f 2760 3046 2759
f 979 3046 2760
f 3046 979 978
f 845 847 3047
f 3047 2921 3043
f 2922 3047 847
f 3047 2922 2921
f 3048 3044 3045
f 3044 3048 3049
f 2760 977 979
f 977 2760 2763
f 847 2925 2922
f 2925 847 846
f 3048 3050 3049
f 3050 3048 3051
f 2763 3052 977
f 2764 3052 2763
f 3052 2764 3053
f 977 3052 981
f 3054 846 848
f 846 3054 2925
f 2926 3054 3055
f 3054 2926 2925
f 3056 3050 3051
f 3050 3056 3057
f 2764 3058 3053
f 3058 2764 2767
f 3055 2929 2926
f 2929 3055 3059
f 3056 3060 3057
f 3060 3056 3061
f 2767 3062 3058
f 2768 3062 2767
f 975 3062 2768
f 3062 975 974
f 849 851 3063
f 3063 2929 3059
f 2930 3063 851
f 3063 2930 2929
f 3064 3060 3061
f 3060 3064 3065
f 2768 973 975
f 973 2768 2771
f 851 2933 2930
f 2933 851 850
f 3064 3066 3065
f 3066 3064 3067
f 2771 3068 973
f 2772 3068 2771
f 3068 2772 3069
f 973 3068 976
f 3070 850 853
f 850 3070 2933
f 2934 3070 3071
f 3070 2934 2933
f 3072 3066 3067
f 3066 3072 3073
f 2772 3074 3069
f 3074 2772 2775
f 3071 2937 2934
f 2937 3071 3075
f 3072 3076 3073
f 3076 3072 3077
f 2775 3078 3074
f 2776 3078 2775
f 971 3078 2776
f 3078 971 970
f 855 857 3079
f 3079 2937 3075
f 2938 3079 857
f 3079 2938 2937
f 3080 3076 3077
f 3076 3080 3081
f 2776 969 971
f 969 2776 2779
f 857 2941 2938
f 2941 857 856
f 3080 3082 3081
f 3082 3080 3083
f 2779 3084 969
f 2780 3084 2779
f 3084 2780 3085
f 969 3084 972
f 3086 856 859
f 856 3086 2941
f 2942 3086 3087
f 3086 2942 2941
f 3088 3082 3083
f 3082 3088 3089
f 2780 3090 3085
f 3090 2780 2783
f 3087 2945 2942
f 2945 3087 3091
f 3088 3092 3089
f 3092 3088 3093
f 2783 3094 3090
f 2784 3094 2783
f 967 3094 2784
f 3094 967 966
f 861 863 3095
f 3095 2945 3091
f 2946 3095 863
f 3095 2946 2945
f 3096 3092 3093
f 3092 3096 3097
f 2784 965 967
f 965 2784 2787
f 863 2949 2946
f 2949 863 862
f 3096 3098 3097
f 3098 3096 3099
f 2787 3100 965
f 2788 3100 2787
f 3100 2788 3101
f 965 3100 968
f 3102 862 866
f 862 3102 2949
f 2950 3102 3103
f 3102 2950 2949
f 3104 3098 3099
f 3098 3104 3105
f 2788 3106 3101
f 3106 2788 2791
f 3103 2953 2950
f 2953 3103 3107
f 3104 3108 3105
f 3108 3104 3109
f 2791 3110 3106
f 3110 4 953
f 2792 3110 2791
f 2792 5 4
f 5 2792 124
f 2954 124 2792
f 3110 2792 4
f 5 3108 3109
f 3108 5 124
f 868 123 3111
f 3111 2953 3107
f 2954 3111 123
f 3111 2954 2953
f 124 2954 123
f 2792 2957 2954
f 2957 2792 2795
f 2796 2957 2795
f 2957 2796 2958
f 2796 2960 2958
f 2960 2796 2798
f 2799 2960 2798
f 2960 2799 2961
f 3022 3026 3025
f 3112 3026 3022
f 3026 3031 3028
f 3018 3022 3021
f 3112 3022 3113
f 3022 3018 3114
f 3115 3031 3112
f 3010 3018 3013
f 3116 3031 3115
f 3117 3018 3010
f 3035 3031 3116
f 3031 3035 3032
f 3026 3112 3031
f 3006 3010 3009
f 3022 3114 3113
f 3118 3010 3006
f 3018 3119 3114
f 2998 3006 3001
f 3018 3117 3119
f 3120 3006 2998
f 3010 3121 3117
f 2994 2998 2997
f 3122 2998 2994
f 3010 3118 3121
f 2986 2994 2989
f 3123 2994 2986
f 3006 3120 3118
f 2998 3122 3120
f 2982 2986 2985
f 3124 2986 2982
f 2994 3123 3122
f 2986 3124 3123
f 2974 2982 2977
f 2982 2974 3124
f 3124 2974 3125
f 2970 3125 2974
f 2970 2974 2973
f 3126 3035 3116
f 3127 3035 3126
f 3035 3045 3040
f 3035 3127 3045
f 3128 3045 3127
f 3045 3051 3048
f 3129 3045 3128
f 3045 3129 3051
f 3051 3061 3056
f 3130 3051 3129
f 3051 3130 3061
f 3061 3067 3064
f 3131 3061 3130
f 3061 3131 3067
f 3067 3077 3072
f 3132 3067 3131
f 3067 3132 3077
f 3077 3083 3080
f 3133 3077 3132
f 3077 3133 3083
f 3093 3083 3133
f 3093 3133 3134
f 3083 3093 3088
f 2 3134 3135
f 765 3125 2970
f 3125 765 3135
f 3134 3099 3093
f 3093 3099 3096
f 2962 2970 2965
f 765 2970 2962
f 2 3135 765
f 3099 3109 3104
f 765 2962 766
f 3134 2 3099
f 3099 2 3109
f 3109 2 5
f 3030 3027 3029
f 3023 3027 3030
f 3027 3023 3024
f 3034 3030 3033
f 3030 3034 3023
f 3019 3023 3034
f 3023 3019 3020
f 3044 3034 3041
f 3034 3044 3019
f 3011 3019 3044
f 3019 3011 3012
f 3050 3044 3049
f 3044 3050 3011
f 3007 3011 3050
f 3011 3007 3008
f 3060 3050 3057
f 3050 3060 3007
f 2999 3007 3060
f 3007 2999 3000
f 3066 3060 3065
f 3060 3066 2999
f 2995 2999 3066
f 2999 2995 2996
f 3076 3066 3073
f 3066 3076 2995
f 2987 2995 3076
f 2995 2987 2988
f 3082 3076 3081
f 3076 3082 2987
f 2983 2987 3082
f 2987 2983 2984
f 3092 3082 3089
f 3082 3092 2983
f 2975 2983 3092
f 2983 2975 2976
f 3098 3092 3097
f 3092 3098 2975
f 2971 2975 3098
f 2975 2971 2972
f 3108 3098 3105
f 26 3098 3108
f 3098 26 2971
f 2971 2963 2964
f 26 3108 124
f 719 2971 26
f 2971 719 2963
f 2963 719 721
f 3136 953 952
f 953 3136 3110
f 3100 954 968
f 954 3100 3137
f 3106 3100 3101
f 3137 3110 3136
f 3110 3137 3106
f 3106 3137 3100
f 3138 966 955
f 966 3138 3094
f 3084 956 972
f 956 3084 3139
f 3090 3084 3085
f 3139 3094 3138
f 3094 3139 3090
f 3090 3139 3084
f 3140 970 957
f 970 3140 3078
f 3068 958 976
f 958 3068 3141
f 3074 3068 3069
f 3141 3078 3140
f 3078 3141 3074
f 3074 3141 3068
f 3142 974 959
f 974 3142 3062
f 3052 960 981
f 960 3052 3143
f 3058 3052 3053
f 3143 3062 3142
f 3062 3143 3058
f 3058 3143 3052
f 3144 978 980
f 978 3144 3046
f 3036 961 1070
f 961 3036 3145
f 3042 3036 3037
f 3145 3046 3144
f 3046 3145 3042
f 3042 3145 3036
f 3146 1090 962
f 1090 3146 3015
f 3014 963 982
f 963 3014 3147
f 3146 3014 3015
f 3014 3146 3147
f 3148 987 964
f 987 3148 3003
f 3002 993 988
f 993 3002 3149
f 3148 3002 3003
f 3002 3148 3149
f 3150 994 995
f 994 3150 2991
f 2990 1001 996
f 1001 2990 3151
f 3150 2990 2991
f 2990 3150 3151
f 3152 1003 1002
f 1003 3152 2979
f 2978 1009 1004
f 1009 2978 3153
f 3152 2978 2979
f 2978 3152 3153
f 3154 1011 1010
f 1011 3154 2967
f 2966 1015 1012
f 1015 2966 3155
f 3154 2966 2967
f 2966 3154 3155
f 3136 954 3137
f 954 3136 952
f 3138 956 3139
f 956 3138 955
f 3140 958 3141
f 958 3140 957
f 3142 960 3143
f 960 3142 959
f 3144 961 3145
f 961 3144 980
f 3146 963 3147
f 963 3146 962
f 3148 993 3149
f 993 3148 964
f 3150 1001 3151
f 1001 3150 995
f 3152 1009 3153
f 1009 3152 1002
f 3154 1015 3155
f 1015 3154 1010
f 867 3111 3156
f 3111 867 868
f 866 3157 3102
f 3157 866 865
f 3102 3107 3103
f 3157 3107 3102
f 3157 3111 3107
f 3111 3157 3156
f 864 3095 3158
f 3095 864 861
f 859 3159 3086
f 3159 859 860
f 3086 3091 3087
f 3159 3091 3086
f 3159 3095 3091
f 3095 3159 3158
f 858 3079 3160
f 3079 858 855
f 853 3161 3070
f 3161 853 854
f 3070 3075 3071
f 3161 3075 3070
f 3161 3079 3075
f 3079 3161 3160
f 852 3063 3162
f 3063 852 849
f 848 3163 3054
f 3163 848 808
f 3054 3059 3055
f 3163 3059 3054
f 3163 3063 3059
f 3063 3163 3162
f 807 3047 3164
f 3047 807 845
f 844 3165 3038
f 3165 844 806
f 3038 3043 3039
f 3165 3043 3038
f 3165 3047 3043
f 3047 3165 3164
f 805 3016 3166
f 3016 805 843
f 828 3167 3017
f 3167 828 832
f 3166 3017 3167
f 3017 3166 3016
f 804 3004 3168
f 3004 804 833
f 822 3169 3005
f 3169 822 802
f 3168 3005 3169
f 3005 3168 3004
f 801 2992 3170
f 2992 801 826
f 816 3171 2993
f 3171 816 800
f 3170 2993 3171
f 2993 3170 2992
f 799 2980 3172
f 2980 799 820
f 810 3173 2981
f 3173 810 798
f 3172 2981 3173
f 2981 3172 2980
f 797 2968 3174
f 2968 797 814
f 794 3175 2969
f 3175 794 796
f 3174 2969 3175
f 2969 3174 2968
f 867 3157 865
f 3157 867 3156
f 864 3159 860
f 3159 864 3158
f 858 3161 854
f 3161 858 3160
f 852 3163 808
f 3163 852 3162
f 807 3165 806
f 3165 807 3164
f 805 3167 832
f 3167 805 3166
f 804 3169 802
f 3169 804 3168
f 801 3171 800
f 3171 801 3170
f 799 3173 798
f 3173 799 3172
f 797 3175 796
f 3175 797 3174
f 719 3176 765
f 719 3177 3176
f 3177 26 3178
f 26 3177 719
f 3179 765 3176
f 3178 765 3179
f 3178 2 765
f 2 3178 26
f 3178 390 3177
f 390 3178 466
f 390 3176 3177
f 3176 390 374
f 362 3176 374
f 3176 362 3179
f 362 3178 3179
f 3178 362 466
f 475 3180 536
f 3180 475 3181
f 163 3182 3183
f 3182 163 160
f 181 3184 3185
f 3184 181 184
f 156 3186 3187
f 3186 156 154
f 158 3187 3188
f 3187 158 156
f 3189 167 3190
f 167 3189 169
f 3191 3180 3181
f 3192 3180 3191
f 3192 3193 3180
f 3194 3193 3192
f 3194 3186 3193
f 3195 3186 3194
f 3195 3187 3186
f 3185 3187 3195
f 3185 3188 3187
f 3184 3188 3185
f 3184 3182 3188
f 3196 3182 3184
f 3196 3183 3182
f 3197 3183 3196
f 75 3183 3197
f 75 3197 3198
f 3183 75 3199
f 75 3198 3200
f 56 3199 75
f 3199 56 3190
f 3190 56 3189
f 167 3199 3190
f 3199 167 165
f 151 3186 154
f 3186 151 3193
f 150 3193 151
f 3180 150 536
f 150 3180 3193
f 160 3188 3182
f 3188 160 158
f 56 169 3189
f 169 56 74
f 165 3183 3199
f 3183 165 163
f 539 3181 475
f 3181 539 3191
f 3200 76 75
f 76 3200 193
f 177 3192 176
f 3192 177 3194
f 174 3191 539
f 3192 174 176
f 174 3192 3191
f 186 3197 3196
f 3197 186 188
f 3198 193 3200
f 193 3198 190
f 188 3198 3197
f 3198 188 190
f 179 3185 3195
f 3185 179 181
f 184 3196 3184
f 3196 184 186
f 177 3195 3194
f 3195 177 179
f 251 3201 3202
f 3201 251 248
f 269 3203 3204
f 3203 269 272
f 244 3205 3206
f 3205 244 242
f 246 3206 3207
f 3206 246 244
f 3208 255 3209
f 255 3208 257
f 3208 258 257
f 3210 258 3208
f 258 3210 411
f 255 3211 3209
f 3211 255 253
f 239 3205 242
f 3205 239 3212
f 238 3212 239
f 3212 238 781
f 248 3207 3201
f 3207 248 246
f 3213 411 3210
f 411 3213 370
f 3214 785 3215
f 3216 785 3214
f 785 3216 781
f 781 3205 3212
f 3204 781 3216
f 781 3206 3205
f 781 3204 3206
f 3204 3207 3206
f 3203 3207 3204
f 3203 3201 3207
f 3217 3201 3203
f 3217 3202 3201
f 3218 3202 3217
f 3218 3211 3202
f 3219 3211 3218
f 3219 3209 3211
f 3220 3209 3219
f 3220 3208 3209
f 3221 3208 3220
f 3221 3210 3208
f 3210 3221 3213
f 253 3202 3211
f 3202 253 251
f 265 3215 264
f 3215 265 3214
f 264 785 262
f 785 264 3215
f 3221 370 3213
f 370 3221 366
f 274 3218 3217
f 3218 274 276
f 276 3219 3218
f 3219 276 278
f 272 3217 3203
f 3217 272 274
f 3219 282 3220
f 282 3219 278
f 3221 280 366
f 3220 280 3221
f 280 3220 282
f 265 3216 3214
f 3216 265 267
f 267 3204 3216
f 3204 267 269
f 537 3222 479
f 3222 537 3223
f 208 3224 3225
f 3224 208 205
f 224 3226 3227
f 3226 224 227
f 201 3228 3229
f 3228 201 199
f 203 3229 3230
f 3229 203 201
f 3231 212 3232
f 212 3231 214
f 212 3233 3232
f 3233 212 210
f 196 3228 199
f 3228 196 3234
f 195 3234 196
f 3222 195 479
f 195 3222 3234
f 205 3230 3224
f 3230 205 203
f 47 214 3231
f 214 47 19
f 210 3225 3233
f 3225 210 208
f 538 3223 537
f 3223 538 3235
f 220 3236 219
f 3236 220 3237
f 217 3235 538
f 3236 217 219
f 217 3236 3235
f 3235 3222 3223
f 3236 3222 3235
f 3236 3234 3222
f 3237 3234 3236
f 3237 3228 3234
f 3238 3228 3237
f 3238 3229 3228
f 3227 3229 3238
f 3227 3230 3229
f 3226 3230 3227
f 3226 3224 3230
f 3239 3224 3226
f 3239 3225 3224
f 3240 3225 3239
f 48 3225 3240
f 48 3240 3241
f 3225 48 3233
f 48 3241 3242
f 47 3233 48
f 3233 47 3232
f 3232 47 3231
f 229 3240 3239
f 3240 229 231
f 3241 236 3242
f 236 3241 233
f 3242 22 48
f 22 3242 236
f 231 3241 3240
f 3241 231 233
f 227 3239 3226
f 3239 227 229
f 220 3238 3237
f 3238 220 222
f 222 3227 3238
f 3227 222 224
f 297 3243 3244
f 3243 297 294
f 315 3245 3246
f 3245 315 318
f 290 3247 3248
f 3247 290 288
f 292 3248 3249
f 3248 292 290
f 3250 301 3251
f 301 3250 303
f 3250 304 303
f 3252 304 3250
f 304 3252 447
f 301 3253 3251
f 3253 301 299
f 285 3247 288
f 3247 285 3254
f 284 3254 285
f 3254 284 775
f 294 3249 3243
f 3249 294 292
f 3255 447 3252
f 447 3255 369
f 3256 776 3257
f 3258 776 3256
f 776 3258 775
f 775 3247 3254
f 3246 775 3258
f 775 3248 3247
f 775 3246 3248
f 3246 3249 3248
f 3245 3249 3246
f 3245 3243 3249
f 3259 3243 3245
f 3259 3244 3243
f 3260 3244 3259
f 3260 3253 3244
f 3261 3253 3260
f 3261 3251 3253
f 3262 3251 3261
f 3262 3250 3251
f 3263 3250 3262
f 3263 3252 3250
f 3252 3263 3255
f 299 3244 3253
f 3244 299 297
f 311 3257 310
f 3257 311 3256
f 310 776 308
f 776 310 3257
f 3263 369 3255
f 369 3263 428
f 320 3260 3259
f 3260 320 322
f 322 3261 3260
f 3261 322 324
f 318 3259 3245
f 3259 318 320
f 3261 328 3262
f 328 3261 324
f 3263 326 428
f 3262 326 3263
f 326 3262 328
f 311 3258 3256
f 3258 311 313
f 313 3246 3258
f 3246 313 315
f 1092 3121 3118
f 3121 1092 1091
f 1091 3117 3121
f 3117 1091 1089
f 1064 3112 1065
f 3112 1064 3115
f 1085 3119 1088
f 3119 1085 3114
f 1068 3127 3126
f 3127 1068 1069
f 1068 3116 1067
f 3116 1068 3126
f 1065 3113 1084
f 3113 1065 3112
f 1084 3114 1085
f 3114 1084 3113
f 1069 3128 3127
f 3128 1069 1071
f 1067 3115 1064
f 3115 1067 3116
f 1096 3122 3123
f 3122 1096 1094
f 3125 1097 3124
f 1097 3125 1095
f 3133 1074 3134
f 1074 3133 1076
f 3132 1076 3133
f 1076 3132 1077
f 1073 3131 3130
f 3131 1073 1078
f 1089 3119 3117
f 3119 1089 1088
f 1071 3129 3128
f 3129 1071 1072
f 1072 3130 3129
f 3130 1072 1073
f 3124 1096 3123
f 1096 3124 1097
f 3134 1075 3135
f 1075 3134 1074
f 3135 1095 3125
f 1095 3135 1075
f 1078 3132 3131
f 3132 1078 1077
f 1094 3120 3122
f 3120 1094 1093
f 1093 3118 3120
f 3118 1093 1092

