# https://github.com/mikedh/trimesh

o OpenSCAD_Model
v -2.78513970 1.37500000 1.23957886
v -2.78513970 1.54278500 1.23707886
v -2.78513970 1.37500000 1.19957886
v -2.78513970 1.40500000 1.30957886
v -2.78513970 1.52054000 1.30957886
v -2.78513970 1.16250000 1.13957886
v -2.78513970 1.37500000 1.03957886
v -2.78513970 1.16250000 1.03957886
v -2.78513970 1.40500000 1.10957886
v -2.78513970 1.40500000 0.94957886
v -2.78513970 1.62856500 1.03082886
v -2.78513970 1.60440500 1.10957886
v -2.78513970 1.37500000 0.99957886
v -2.78513970 1.37500000 0.83957886
v -2.78513970 1.17500000 0.83957886
v -2.78513970 1.40500000 0.90957886
v -2.78513970 1.17500000 0.99957886
v -2.78513970 1.66474500 0.94957886
v -2.78513970 1.63981500 1.03082886
v -2.78513970 1.40500000 0.74957886
v -2.78513970 1.68826750 0.90957886
v -2.78513970 1.71434750 0.82457886
v -2.78513970 1.37500000 0.79957886
v -2.78513970 1.37500000 0.63957886
v -2.78513970 1.17500000 0.63957886
v -2.78513970 1.40500000 0.70957886
v -2.78513970 1.17500000 0.79957886
v -2.78513970 1.74860750 0.74957886
v -2.78513970 1.72559750 0.82457886
v -2.78513970 1.40500000 0.54957886
v -2.78513970 1.77213000 0.70957886
v -2.78513970 1.80012750 0.61832886
v -2.78513970 1.37500000 0.59957886
v -2.78513970 1.37500000 0.43957886
v -2.78513970 1.17500000 0.43957886
v -2.78513970 1.40500000 0.50957886
v -2.78513970 1.17500000 0.59957886
v -2.78513970 1.83247250 0.54957886
v -2.78513970 1.81137750 0.61832886
v -2.78513970 1.40500000 0.34957886
v -2.78513970 1.85599500 0.50957886
v -2.78513970 1.88591000 0.41207886
v -2.78513970 1.37500000 0.39957886
v -2.78513970 1.37500000 0.23957886
v -2.78513970 1.17500000 0.23957886
v -2.78513970 1.40500000 0.30957886
v -2.78513970 1.92880000 0.30895386
v -2.78513970 1.17500000 0.39957886
v -2.78513970 1.91633500 0.34957886
v -2.78513970 1.89716000 0.41207886
v -2.78513970 1.40500000 0.14957886
v -2.78513970 1.97169000 0.20582886
v -2.78513970 1.94005000 0.30895386
v -2.78513970 0.42500000 0.17457886
v -2.78513970 0.07500000 0.19957886
v -2.78513970 0.42500000 0.19957886
v -2.78513970 1.92860750 0.30957886
v -2.78513970 0.42500000 0.23957886
v -2.78513970 0.07500000 0.39957886
v -2.78513970 0.42500000 0.39957886
v -2.78513970 0.42500000 0.43957886
v -2.78513970 0.07500000 0.59957886
v -2.78513970 0.42500000 0.59957886
v -2.78513970 0.42500000 0.63957886
v -2.78513970 0.07500000 0.79957886
v -2.78513970 0.42500000 0.79957886
v -2.78513970 0.42500000 0.83957886
v -2.78513970 0.07500000 0.99957886
v -2.78513970 0.42500000 0.99957886
v -2.78513970 1.40500000 1.14957886
v -2.78513970 1.58088000 1.14957886
v -2.78513970 1.55403500 1.23707886
v -2.78513970 1.37500000 1.33957886
v -2.78513970 1.40500000 1.34957886
v -2.78513970 1.37500000 1.39957886
v -2.78513970 1.48167750 1.39957886
v -2.78513970 1.49701750 1.34957886
v -2.78513970 1.16250000 -0.33542114
v -2.78513970 0.48000000 -0.35042114
v -2.78513970 0.48750000 -0.33542114
v -2.78513970 0.48000000 -0.32542114
v -2.78513970 0.48750000 -0.21042114
v -2.78513970 1.17500000 -0.36042114
v -2.78513970 1.17500000 -0.35042114
v -2.78513970 1.37500000 -0.36042114
v -2.78513970 1.17500000 -1.15042114
v -2.78513970 0.48000000 -1.16042114
v -2.78513970 0.48000000 -1.15042114
v -2.78513970 1.37500000 -1.32042114
v -2.78513970 1.40500000 -1.25042114
v -2.78513970 1.40500000 -1.29042114
v -2.78513970 1.54278500 -1.23792114
v -2.78513970 1.53895000 -1.25042114
v -2.78513970 1.37500000 -1.20042114
v -2.78513970 1.16250000 -1.29042114
v -2.78513970 1.16250000 -1.20042114
v -2.78513970 1.37500000 -1.16042114
v -2.78513970 1.40500000 -1.09042114
v -2.78513970 1.58567500 -1.13479614
v -2.78513970 1.37500000 -1.00042114
v -2.78513970 1.61054000 -1.09042114
v -2.78513970 1.55403500 -1.23792114
v -2.78513970 1.40500000 -1.05042114
v -2.78513970 1.62856500 -1.03167114
v -2.78513970 1.62281250 -1.05042114
v -2.78513970 1.17500000 -1.00042114
v -2.78513970 1.37500000 -0.96042114
v -2.78513970 1.40500000 -0.89042114
v -2.78513970 1.67145750 -0.92854614
v -2.78513970 0.05000000 -1.33542114
v -2.78513970 0.07500000 -1.40042114
v -2.78513970 0.00000000 -1.40042114
v -2.78513970 1.37500000 -1.33542114
v -2.78513970 0.07500000 -1.34042114
v -2.78513970 0.05000000 -1.32042114
v -2.78513970 0.48750000 -1.29042114
v -2.78513970 0.07500000 -1.20042114
v -2.78513970 0.07500000 -1.16042114
v -2.78513970 0.07500000 -1.00042114
v -2.78513970 0.42500000 -1.16042114
v -2.78513970 0.07500000 -0.96042114
v -2.78513970 0.07500000 -0.80042114
v -2.78513970 0.42500000 -0.96042114
v -2.78513970 0.07500000 -0.76042114
v -2.78513970 0.07500000 -0.60042114
v -2.78513970 0.42500000 -0.76042114
v -2.78513970 0.07500000 -0.56042114
v -2.78513970 0.07500000 -0.40042114
v -2.78513970 0.42500000 -0.56042114
v -2.78513970 0.07500000 -0.36042114
v -2.78513970 0.42500000 -0.32542114
v -2.78513970 0.42500000 -0.36042114
v -2.78513970 0.07500000 -0.20042114
v -2.78513970 1.37500000 -0.20042114
v -2.78513970 1.16250000 -0.21042114
v -2.78513970 1.97169000 -0.20667114
v -2.78513970 0.07500000 -0.16042114
v -2.78513970 1.06053250 -0.07169114
v -2.78513970 1.37500000 -0.16042114
v -2.78513970 1.71441250 -0.13323614
v -2.78513970 1.75000000 -0.13792114
v -2.78513970 1.64722750 -0.09042114
v -2.78513970 1.40500000 -0.09042114
v -2.78513970 1.68125000 -0.11949864
v -2.78513970 1.65277250 -0.09764864
v -2.78513970 1.07097500 -0.07169114
v -2.78513970 1.05625750 -0.07025864
v -2.78513970 1.05044750 -0.06831364
v -2.78513970 1.04155250 -0.06189614
v -2.78513970 1.04146000 -0.06181114
v -2.78513970 1.04140500 -0.06175614
v -2.78513970 1.03565000 -0.05238614
v -2.78513970 1.03511000 -0.05098614
v -2.78513970 1.03402000 -0.04816114
v -2.78513970 1.03341000 -0.04542364
v -2.78513970 1.03301000 -0.04016114
v -2.78513970 1.03295250 -0.03939614
v -2.78513970 0.07500000 -0.00042114
v -2.78513970 1.03301000 -0.03862864
v -2.78513970 1.03341000 -0.03336614
v -2.78513970 1.03402000 -0.03062864
v -2.78513970 1.03511000 -0.02780614
v -2.78513970 1.03565000 -0.02640614
v -2.78513970 1.04140500 -0.01703614
v -2.78513970 1.04146000 -0.01698114
v -2.78513970 1.04155250 -0.01689614
v -2.78513970 1.05044750 -0.01047864
v -2.78513970 1.05625750 -0.00853114
v -2.78513970 1.37500000 -0.00042114
v -2.78513970 1.06053250 -0.00710114
v -2.78513970 0.07500000 0.03957886
v -2.78513970 0.48750000 0.05957886
v -2.78513970 1.37500000 0.03957886
v -2.78513970 0.00000000 1.39957886
v -2.78513970 0.07500000 0.23957886
v -2.78513970 0.07500000 0.43957886
v -2.78513970 0.07500000 0.63957886
v -2.78513970 0.07500000 0.83957886
v -2.78513970 0.07500000 1.03957886
v -2.78513970 0.48750000 1.13957886
v -2.78513970 0.48750000 1.03957886
v -2.78513970 0.07500000 1.19957886
v -2.78513970 0.07500000 1.33957886
v -2.78513970 0.07500000 1.23957886
v -2.78513970 0.07500000 1.39957886
v -2.78513970 1.37500000 -1.34042114
v -2.78513970 1.48167750 -1.40042114
v -2.78513970 1.37500000 -1.40042114
v -2.78513970 1.49989500 -1.34104614
v -2.78513970 1.52667750 -1.29042114
v -2.78513970 1.51114500 -1.34104614
v -2.78513970 0.48750000 -1.20042114
v -2.78513970 1.37500000 -0.40042114
v -2.78513970 1.37500000 -0.56042114
v -2.78513970 1.17500000 -0.56042114
v -2.78513970 1.86213250 -0.49042114
v -2.78513970 1.84302000 -0.51604614
v -2.78513970 1.40500000 -0.49042114
v -2.78513970 1.40500000 -0.29042114
v -2.78513970 1.87440500 -0.45042114
v -2.78513970 1.40500000 -0.45042114
v -2.78513970 1.17500000 -0.40042114
v -2.78513970 1.88591000 -0.41292114
v -2.78513970 1.92880000 -0.30979614
v -2.78513970 1.94599500 -0.29042114
v -2.78513970 1.89716000 -0.41292114
v -2.78513970 1.40500000 -0.25042114
v -2.78513970 1.95826750 -0.25042114
v -2.78513970 1.37500000 -0.60042114
v -2.78513970 1.37500000 -0.76042114
v -2.78513970 1.17500000 -0.76042114
v -2.78513970 1.77826750 -0.69042114
v -2.78513970 1.75723750 -0.72229614
v -2.78513970 1.40500000 -0.69042114
v -2.78513970 1.40500000 -0.65042114
v -2.78513970 1.80012750 -0.61917114
v -2.78513970 1.79054000 -0.65042114
v -2.78513970 1.17500000 -0.60042114
v -2.78513970 1.81137750 -0.61917114
v -2.78513970 1.37500000 -0.80042114
v -2.78513970 1.17500000 -0.96042114
v -2.78513970 1.69440500 -0.89042114
v -2.78513970 1.63981500 -1.03167114
v -2.78513970 1.40500000 -0.85042114
v -2.78513970 1.71434750 -0.82542114
v -2.78513970 1.70667750 -0.85042114
v -2.78513970 1.17500000 -0.80042114
v -2.78513970 1.72559750 -0.82542114
v -2.78513970 1.59692500 -1.13479614
v -2.78513970 0.42500000 -1.00042114
v -2.78513970 1.68270750 -0.92854614
v -2.78513970 0.42500000 -0.80042114
v -2.78513970 1.76848750 -0.72229614
v -2.78513970 0.42500000 -0.60042114
v -2.78513970 1.85427000 -0.51604614
v -2.78513970 0.42500000 -0.40042114
v -2.78513970 1.94005000 -0.30979614
v -2.78513970 1.78558750 -0.13323614
v -2.78513970 1.81875000 -0.11949864
v -2.78513970 1.84722750 -0.09764864
v -2.78513970 1.85277250 -0.09042114
v -2.78513970 2.01458250 -0.10354614
v -2.78513970 1.98294000 -0.20667114
v -2.78513970 2.02986000 -0.09042114
v -2.78513970 2.02583250 -0.10354614
v -2.78513970 1.07525000 -0.07025864
v -2.78513970 1.08106250 -0.06831364
v -2.78513970 1.08995750 -0.06189614
v -2.78513970 1.09004750 -0.06181114
v -2.78513970 1.09010500 -0.06175614
v -2.78513970 1.09585750 -0.05238614
v -2.78513970 1.09639750 -0.05098614
v -2.78513970 1.09748750 -0.04816114
v -2.78513970 1.40500000 -0.05042114
v -2.78513970 1.09809750 -0.04542364
v -2.78513970 1.09849750 -0.04016114
v -2.78513970 1.09855750 -0.03939614
v -2.78513970 1.09849750 -0.03862864
v -2.78513970 1.09809750 -0.03336614
v -2.78513970 1.09748750 -0.03062864
v -2.78513970 1.09639750 -0.02780614
v -2.78513970 1.09585750 -0.02640614
v -2.78513970 1.09010500 -0.01703614
v -2.78513970 1.09004750 -0.01698114
v -2.78513970 1.08995750 -0.01689614
v -2.78513970 1.08106250 -0.01047864
v -2.78513970 1.07525000 -0.00853114
v -2.78513970 1.07097500 -0.00710114
v -2.78513970 1.61718500 -0.03600864
v -2.78513970 1.62315500 -0.05042114
v -2.78513970 1.61250000 -0.00042114
v -2.78513970 1.40500000 0.10957886
v -2.78513970 1.16250000 0.05957886
v -2.78513970 1.37500000 0.19957886
v -2.78513970 1.61718500 0.03516636
v -2.78513970 1.63092250 0.06832886
v -2.78513970 1.65277250 0.09680636
v -2.78513970 1.16250000 0.18457886
v -2.78513970 0.48000000 0.19957886
v -2.78513970 2.00020000 0.14957886
v -2.78513970 1.98294000 0.20582886
v -2.78513970 1.66941750 0.10957886
v -2.78513970 0.48000000 0.17457886
v -2.78513970 0.48750000 0.18457886
v -2.72013970 1.37500000 -1.20042114
v -2.71013970 1.37500000 -1.21542114
v -2.71013970 1.37500000 -1.20042114
v -2.72013970 1.37500000 -1.21542114
v -2.72013970 1.37500000 -1.00042114
v -2.71013970 1.37500000 -1.01542114
v -2.71013970 1.37500000 -1.00042114
v -2.72013970 1.37500000 -1.01542114
v -2.72013970 1.37500000 -0.80042114
v -2.71013970 1.37500000 -0.81542114
v -2.71013970 1.37500000 -0.80042114
v -2.72013970 1.37500000 -0.81542114
v -2.72013970 1.37500000 -0.60042114
v -2.71013970 1.37500000 -0.61542114
v -2.71013970 1.37500000 -0.60042114
v -2.72013970 1.37500000 -0.61542114
v -2.72013970 1.37500000 -0.40042114
v -2.71013970 1.37500000 -0.41542114
v -2.71013970 1.37500000 -0.40042114
v -2.72013970 1.37500000 -0.41542114
v -0.33513970 1.37500000 -1.20042114
v -0.37013970 1.37500000 -1.32542114
v -0.33513970 1.37500000 -1.32542114
v -0.38513970 1.37500000 -1.32542114
v -0.37013970 1.37500000 -1.33542114
v -0.57013970 1.37500000 -1.32542114
v -0.58513970 1.37500000 -1.32542114
v -0.57013970 1.37500000 -1.33542114
v -0.77013970 1.37500000 -1.32542114
v -0.78513970 1.37500000 -1.32542114
v -0.77013970 1.37500000 -1.33542114
v -0.97013970 1.37500000 -1.32542114
v -0.98513970 1.37500000 -1.32542114
v -0.97013970 1.37500000 -1.33542114
v -1.17013970 1.37500000 -1.32542114
v -1.18513970 1.37500000 -1.32542114
v -1.17013970 1.37500000 -1.33542114
v -1.37013970 1.37500000 -1.32542114
v -1.38513970 1.37500000 -1.32542114
v -1.37013970 1.37500000 -1.33542114
v -1.57013970 1.37500000 -1.32542114
v -1.58513970 1.37500000 -1.32542114
v -1.57013970 1.37500000 -1.33542114
v -2.58513970 1.37500000 -1.20042114
v -1.77013970 1.37500000 -1.32542114
v -1.78513970 1.37500000 -1.32542114
v -1.77013970 1.37500000 -1.33542114
v -1.97013970 1.37500000 -1.32542114
v -1.98513970 1.37500000 -1.32542114
v -1.97013970 1.37500000 -1.33542114
v -2.17013970 1.37500000 -1.32542114
v -2.18513970 1.37500000 -1.32542114
v -2.17013970 1.37500000 -1.33542114
v -2.37013970 1.37500000 -1.32542114
v -2.38513970 1.37500000 -1.32542114
v -2.37013970 1.37500000 -1.33542114
v -2.47413970 1.37500000 -1.32187114
v -2.46556470 1.37500000 -1.32542114
v -2.50471470 1.37500000 -1.32542114
v -2.49613970 1.37500000 -1.32187114
v -2.48513970 1.37500000 -1.32042114
v -2.57013995 1.37500000 -1.32542114
v -2.58513970 1.37500000 -1.32542114
v -2.57013995 1.37500000 -1.33542114
v -2.58513970 1.37500000 -1.33542114
v -0.38513970 1.37500000 -1.33542114
v -0.58513970 1.37500000 -1.33542114
v -0.78513970 1.37500000 -1.33542114
v -0.98513970 1.37500000 -1.33542114
v -1.18513970 1.37500000 -1.33542114
v -1.38513970 1.37500000 -1.33542114
v -1.58513970 1.37500000 -1.33542114
v -1.78513970 1.37500000 -1.33542114
v -1.98513970 1.37500000 -1.33542114
v -2.18513970 1.37500000 -1.33542114
v -2.38513970 1.37500000 -1.33542114
v -2.58513970 1.37500000 -0.22542114
v -2.71013970 1.37500000 -0.22542114
v -2.71013970 1.37500000 -1.32542114
v 2.51486030 1.37500000 -0.05042114
v 2.63986030 1.37500000 -0.18542114
v 2.63986030 1.37500000 -0.05042114
v 2.63986030 1.37500000 -0.20042114
v 2.63986030 1.37500000 -0.38542114
v 2.63986030 1.37500000 -0.40042114
v 2.63986030 1.37500000 -0.58542114
v 2.63986030 1.37500000 -0.60042114
v 2.51486030 1.37500000 -1.20042114
v 2.63986030 1.37500000 -0.78542114
v 2.63986030 1.37500000 -0.80042114
v 2.63986030 1.37500000 -0.98542114
v 2.63986030 1.37500000 -1.00042114
v 2.63986030 1.37500000 -1.18542114
v 2.63986030 1.37500000 -1.20042114
v 2.61486030 1.37500000 -1.32542114
v 2.62986030 1.37500000 -1.32542114
v 2.62986030 1.37500000 -1.33542114
v 2.63986030 1.37500000 -1.32542114
v 2.48443530 1.37500000 -1.32542114
v 2.47586030 1.37500000 -1.32187114
v 2.46486030 1.37500000 -1.32042114
v 2.45386030 1.37500000 -1.32187114
v 2.42986030 1.37500000 -1.32542114
v 2.44528530 1.37500000 -1.32542114
v 2.41486030 1.37500000 -1.32542114
v 2.42986030 1.37500000 -1.33542114
v 2.22986030 1.37500000 -1.32542114
v 2.21486030 1.37500000 -1.32542114
v 2.22986030 1.37500000 -1.33542114
v 2.02986030 1.37500000 -1.32542114
v 2.01486030 1.37500000 -1.32542114
v 2.02986030 1.37500000 -1.33542114
v 1.82986030 1.37500000 -1.32542114
v 1.81486030 1.37500000 -1.32542114
v 1.82986030 1.37500000 -1.33542114
v 1.62986030 1.37500000 -1.32542114
v 1.61486030 1.37500000 -1.32542114
v 1.62986030 1.37500000 -1.33542114
v 0.73986030 1.37500000 -1.20042114
v 1.42986030 1.37500000 -1.32542114
v 1.41486030 1.37500000 -1.32542114
v 1.42986030 1.37500000 -1.33542114
v 1.22986030 1.37500000 -1.32542114
v 1.21486030 1.37500000 -1.32542114
v 1.22986030 1.37500000 -1.33542114
v 1.02986030 1.37500000 -1.32542114
v 1.01486030 1.37500000 -1.32542114
v 1.02986030 1.37500000 -1.33542114
v 0.82986030 1.37500000 -1.32542114
v 0.81486030 1.37500000 -1.32542114
v 0.82986030 1.37500000 -1.33542114
v 0.73986030 1.37500000 -1.32542114
v 2.64986030 1.37500000 -0.20042114
v 2.64986030 1.37500000 -0.18542114
v 2.64986030 1.37500000 -0.40042114
v 2.64986030 1.37500000 -0.38542114
v 2.64986030 1.37500000 -0.60042114
v 2.64986030 1.37500000 -0.58542114
v 2.64986030 1.37500000 -0.80042114
v 2.64986030 1.37500000 -0.78542114
v 2.64986030 1.37500000 -1.00042114
v 2.64986030 1.37500000 -0.98542114
v 2.64986030 1.37500000 -1.20042114
v 2.64986030 1.37500000 -1.18542114
v 2.61486030 1.37500000 -1.33542114
v 2.41486030 1.37500000 -1.33542114
v 2.21486030 1.37500000 -1.33542114
v 2.01486030 1.37500000 -1.33542114
v 1.81486030 1.37500000 -1.33542114
v 1.61486030 1.37500000 -1.33542114
v 1.41486030 1.37500000 -1.33542114
v 1.21486030 1.37500000 -1.33542114
v 1.01486030 1.37500000 -1.33542114
v 0.81486030 1.37500000 -1.33542114
v -2.72513970 1.37500000 -1.42042114
v -2.72513970 1.37500000 -1.40042114
v -2.80513968 1.37500000 -1.42042114
v -2.80513968 1.37500000 -1.34042114
v -2.80513968 1.37500000 1.33957886
v -2.72513970 1.37500000 1.39957886
v -2.78263972 1.37500000 1.41957883
v -2.72513970 1.37500000 1.41957883
v -2.80513968 1.37500000 1.43957886
v -2.78263972 1.37500000 1.43957886
v 2.63486030 1.37500000 1.39957886
v 2.61486030 1.37500000 1.39957886
v 2.63486030 1.37500000 1.41457863
v 2.71486030 1.37500000 1.39957886
v 2.73486030 1.37500000 1.33957886
v 2.71486030 1.37500000 1.33957886
v 2.73486030 1.37500000 1.41957883
v 2.64986030 1.37500000 1.41457863
v 2.64986030 1.37500000 1.39957886
v 2.61486030 1.37500000 1.41957883
v 0.91486030 1.37500000 1.33457886
v 0.89986030 1.37500000 1.33457886
v 0.91486030 1.37500000 1.32457886
v 1.11486030 1.37500000 1.33457886
v 1.09986030 1.37500000 1.33457886
v 1.11486030 1.37500000 1.32457886
v 1.31486030 1.37500000 1.33457886
v 1.29986030 1.37500000 1.33457886
v 1.31486030 1.37500000 1.32457886
v 1.51486030 1.37500000 1.33457886
v 1.49986030 1.37500000 1.33457886
v 1.51486030 1.37500000 1.32457886
v 1.71486030 1.37500000 1.33457886
v 1.69986030 1.37500000 1.33457886
v 1.71486030 1.37500000 1.32457886
v 1.91486030 1.37500000 1.33457886
v 1.89986030 1.37500000 1.33457886
v 1.91486030 1.37500000 1.32457886
v 2.31486030 1.37500000 1.33457886
v 2.29986030 1.37500000 1.33457886
v 2.31486030 1.37500000 1.32457886
v 2.51486030 1.37500000 1.32457886
v 2.63986030 1.37500000 1.21457861
v 2.63986030 1.37500000 1.32457886
v 2.51486030 1.37500000 1.19957886
v 2.63986030 1.37500000 1.19957886
v 2.63986030 1.37500000 1.01457886
v 2.63986030 1.37500000 0.99957886
v 2.63986030 1.37500000 0.81457886
v 2.63986030 1.37500000 0.79957886
v 2.63986030 1.37500000 0.61457886
v 2.63986030 1.37500000 0.59957886
v 2.51486030 1.37500000 0.02457886
v 2.63986030 1.37500000 0.41457886
v 2.63986030 1.37500000 0.39957886
v 2.63986030 1.37500000 0.21457886
v 2.63986030 1.37500000 0.19957886
v 2.63986030 1.37500000 0.02457886
v 2.64986030 1.37500000 1.19957886
v 2.64986030 1.37500000 1.21457861
v 2.64986030 1.37500000 0.99957886
v 2.64986030 1.37500000 1.01457886
v 2.64986030 1.37500000 0.79957886
v 2.64986030 1.37500000 0.81457886
v 2.64986030 1.37500000 0.59957886
v 2.64986030 1.37500000 0.61457886
v 2.64986030 1.37500000 0.39957886
v 2.64986030 1.37500000 0.41457886
v 2.64986030 1.37500000 0.19957886
v 2.64986030 1.37500000 0.21457886
v 2.49986030 1.37500000 1.32457886
v 2.51486030 1.37500000 1.33457886
v 2.49986030 1.37500000 1.33457886
v 2.29986030 1.37500000 1.32457886
v 2.12586030 1.37500000 1.32102711
v 2.13443530 1.37500000 1.32457886
v 2.11486030 1.37500000 1.31957886
v 2.10386030 1.37500000 1.32102711
v 2.09528530 1.37500000 1.32457886
v 1.89986030 1.37500000 1.32457886
v 1.69986030 1.37500000 1.32457886
v 1.49986030 1.37500000 1.32457886
v 0.73986030 1.37500000 1.19957886
v 1.29986030 1.37500000 1.32457886
v 1.09986030 1.37500000 1.32457886
v 0.89986030 1.37500000 1.32457886
v 0.73986030 1.37500000 1.32457886
v 2.73486030 1.37500000 -1.44042114
v 2.71486030 1.37500000 -1.40042114
v 2.73486030 1.37500000 -1.34042114
v 2.71236030 1.37500000 -1.42042114
v 2.71236030 1.37500000 -1.44042114
v 2.65486030 1.37500000 -1.40042114
v 2.65486030 1.37500000 -1.42042114
v 2.71486030 1.37500000 -1.34042114
v -2.68513970 1.37500000 1.33457886
v -2.70013945 1.37500000 1.33457886
v -2.68513970 1.37500000 1.32457886
v -2.48513970 1.37500000 1.33457886
v -2.50013970 1.37500000 1.33457886
v -2.48513970 1.37500000 1.32457886
v -2.28513970 1.37500000 1.33457886
v -2.30013970 1.37500000 1.33457886
v -2.28513970 1.37500000 1.32457886
v -2.08513970 1.37500000 1.33457886
v -2.10013970 1.37500000 1.33457886
v -2.08513970 1.37500000 1.32457886
v -1.88513970 1.37500000 1.33457886
v -1.90013970 1.37500000 1.33457886
v -1.88513970 1.37500000 1.32457886
v -1.68513970 1.37500000 1.33457886
v -1.70013970 1.37500000 1.33457886
v -1.68513970 1.37500000 1.32457886
v -1.48513970 1.37500000 1.33457886
v -1.50013970 1.37500000 1.33457886
v -1.48513970 1.37500000 1.32457886
v -1.28513970 1.37500000 1.33457886
v -1.30013970 1.37500000 1.33457886
v -1.28513970 1.37500000 1.32457886
v -1.08513970 1.37500000 1.33457886
v -1.10013970 1.37500000 1.33457886
v -1.08513970 1.37500000 1.32457886
v -0.88513970 1.37500000 1.33457886
v -0.90013970 1.37500000 1.33457886
v -0.88513970 1.37500000 1.32457886
v -0.68513970 1.37500000 1.33457886
v -0.70013970 1.37500000 1.33457886
v -0.68513970 1.37500000 1.32457886
v -0.48513970 1.37500000 1.33457886
v -0.50013970 1.37500000 1.33457886
v -0.48513970 1.37500000 1.32457886
v -0.33513970 1.37500000 1.19957886
v -0.33513970 1.37500000 1.32457886
v -0.50013970 1.37500000 1.32457886
v -0.70013970 1.37500000 1.32457886
v -0.90013970 1.37500000 1.32457886
v -1.10013970 1.37500000 1.32457886
v -1.30013970 1.37500000 1.32457886
v -1.58513970 1.37500000 1.31957886
v -1.50013970 1.37500000 1.32457886
v -1.57413970 1.37500000 1.32102711
v -1.56556470 1.37500000 1.32457886
v -1.59613970 1.37500000 1.32102711
v -1.60471470 1.37500000 1.32457886
v -1.70013970 1.37500000 1.32457886
v -2.58513970 1.37500000 1.19957886
v -1.90013970 1.37500000 1.32457886
v -2.10013970 1.37500000 1.32457886
v -2.30013970 1.37500000 1.32457886
v -2.50013970 1.37500000 1.32457886
v -2.71013970 1.37500000 1.19957886
v -2.70013945 1.37500000 1.32457886
v -2.71013970 1.37500000 1.32457886
v -2.71013970 1.37500000 1.18457911
v -2.71013970 1.37500000 0.99957886
v -2.71013970 1.37500000 0.98457886
v -2.71013970 1.37500000 0.79957886
v -2.71013970 1.37500000 0.78457886
v -2.71013970 1.37500000 0.59957886
v -2.71013970 1.37500000 0.58457886
v -2.58513970 1.37500000 -0.15042114
v -2.71013970 1.37500000 0.39957886
v -2.71013970 1.37500000 0.38457886
v -2.71013970 1.37500000 0.19957886
v -2.71013970 1.37500000 0.18457886
v -2.71013970 1.37500000 -0.00042114
v -2.71013970 1.37500000 -0.01542114
v -2.71013970 1.37500000 -0.15042114
v -2.72013970 1.37500000 -0.00042114
v -2.72013970 1.37500000 -0.01542114
v -2.72013970 1.37500000 0.19957886
v -2.72013970 1.37500000 0.18457886
v -2.72013970 1.37500000 0.39957886
v -2.72013970 1.37500000 0.38457886
v -2.72013970 1.37500000 0.59957886
v -2.72013970 1.37500000 0.58457886
v -2.72013970 1.37500000 0.79957886
v -2.72013970 1.37500000 0.78457886
v -2.72013970 1.37500000 0.99957886
v -2.72013970 1.37500000 0.98457886
v -2.72013970 1.37500000 1.19957886
v -2.72013970 1.37500000 1.18457911
v -2.48513970 1.37500000 -1.42042114
v -2.49484470 1.37500000 -1.39914614
v -2.48513970 1.37500000 -1.40042114
v -2.50471470 1.37500000 -1.40042114
v -2.50388970 1.37500000 -1.39539614
v -2.52513970 1.37500000 -1.42042114
v -2.52513970 1.37500000 -1.40042114
v -2.50638970 1.37500000 -1.39972114
v -2.51165720 1.37500000 -1.38944614
v -2.51519220 1.37500000 -1.39297114
v -2.51761470 1.37500000 -1.38167114
v -2.52194470 1.37500000 -1.38417114
v -2.52136220 1.37500000 -1.37262114
v -2.52619220 1.37500000 -1.37392114
v -2.52263970 1.37500000 -1.36292114
v -2.49484470 1.37500000 -1.32669614
v -2.48513970 1.37500000 -1.32542114
v -2.50388970 1.37500000 -1.33044614
v -2.50638970 1.37500000 -1.32612114
v -2.51165720 1.37500000 -1.33639614
v -2.51519220 1.37500000 -1.33287114
v -2.51761470 1.37500000 -1.34417114
v -2.52194470 1.37500000 -1.34167114
v -2.52136220 1.37500000 -1.35322114
v -2.52619220 1.37500000 -1.35192114
v -2.52763970 1.37500000 -1.36292114
v -2.44763970 1.37500000 -1.36292114
v -2.44263970 1.37500000 -1.36292114
v -2.44408720 1.37500000 -1.37392114
v -2.44408720 1.37500000 -1.35192114
v -2.44891720 1.37500000 -1.37262114
v -2.44833470 1.37500000 -1.38417114
v -2.45266470 1.37500000 -1.38167114
v -2.45508720 1.37500000 -1.39297114
v -2.45862220 1.37500000 -1.38944614
v -2.46388970 1.37500000 -1.39972114
v -2.46638970 1.37500000 -1.39539614
v -2.46556470 1.37500000 -1.40042114
v -2.47543470 1.37500000 -1.39914614
v -2.44891720 1.37500000 -1.35322114
v -2.44833470 1.37500000 -1.34167114
v -2.45266470 1.37500000 -1.34417114
v -2.45508720 1.37500000 -1.33287114
v -2.45862220 1.37500000 -1.33639614
v -2.46388970 1.37500000 -1.32612114
v -2.46638970 1.37500000 -1.33044614
v -2.47543470 1.37500000 -1.32669614
v 2.44528530 1.37500000 -1.40042114
v 2.45516030 1.37500000 -1.39914614
v 2.46486030 1.37500000 -1.40042114
v 2.44611030 1.37500000 -1.39539614
v 2.44361030 1.37500000 -1.39972114
v 2.43833530 1.37500000 -1.38944614
v 2.43481030 1.37500000 -1.39297114
v 2.43238530 1.37500000 -1.38167114
v 2.42806030 1.37500000 -1.38417114
v 2.42863530 1.37500000 -1.37262114
v 2.42381030 1.37500000 -1.37392114
v 2.42736030 1.37500000 -1.36292114
v 2.45516030 1.37500000 -1.32669614
v 2.46486030 1.37500000 -1.32542114
v 2.44611030 1.37500000 -1.33044614
v 2.44361030 1.37500000 -1.32612114
v 2.43833530 1.37500000 -1.33639614
v 2.43481030 1.37500000 -1.33287114
v 2.43238530 1.37500000 -1.34417114
v 2.42806030 1.37500000 -1.34167114
v 2.42863530 1.37500000 -1.35322114
v 2.42381030 1.37500000 -1.35192114
v 2.42236030 1.37500000 -1.36292114
v 2.51486030 1.37500000 -1.42042114
v 2.48443530 1.37500000 -1.40042114
v 2.51486030 1.37500000 -1.40042114
v 2.47486030 1.37500000 -1.42042114
v 2.47486030 1.37500000 -1.40042114
v 2.48361030 1.37500000 -1.39539614
v 2.47456030 1.37500000 -1.39914614
v 2.50236030 1.37500000 -1.36292114
v 2.50736030 1.37500000 -1.36292114
v 2.50591030 1.37500000 -1.37392114
v 2.50591030 1.37500000 -1.35192114
v 2.50108530 1.37500000 -1.37262114
v 2.50166030 1.37500000 -1.38417114
v 2.49733530 1.37500000 -1.38167114
v 2.49491030 1.37500000 -1.39297114
v 2.49138530 1.37500000 -1.38944614
v 2.48611030 1.37500000 -1.39972114
v 2.50108530 1.37500000 -1.35322114
v 2.50166030 1.37500000 -1.34167114
v 2.49733530 1.37500000 -1.34417114
v 2.49491030 1.37500000 -1.33287114
v 2.49138530 1.37500000 -1.33639614
v 2.48611030 1.37500000 -1.32612114
v 2.48361030 1.37500000 -1.33044614
v 2.47456030 1.37500000 -1.32669614
v -1.59484470 1.37500000 1.32585661
v -1.58513970 1.37500000 1.32457886
v -1.60388970 1.37500000 1.32960286
v -1.60638970 1.37500000 1.32527286
v -1.61165720 1.37500000 1.33556236
v -1.61519220 1.37500000 1.33202686
v -1.61761470 1.37500000 1.34332886
v -1.62194470 1.37500000 1.34082886
v -1.62136220 1.37500000 1.35237311
v -1.62619220 1.37500000 1.35107911
v -1.62263970 1.37500000 1.36207886
v -1.59484470 1.37500000 1.39830108
v -1.60471470 1.37500000 1.39957886
v -1.58513970 1.37500000 1.39957886
v -1.60388970 1.37500000 1.39455483
v -1.60638970 1.37500000 1.39888494
v -1.61165720 1.37500000 1.38859536
v -1.61519220 1.37500000 1.39213091
v -1.61761470 1.37500000 1.38082886
v -1.62194470 1.37500000 1.38332886
v -1.62136220 1.37500000 1.37178461
v -1.62619220 1.37500000 1.37307861
v -1.62763970 1.37500000 1.36207886
v -1.54763970 1.37500000 1.36207886
v -1.54263970 1.37500000 1.36207886
v -1.54408720 1.37500000 1.35107911
v -1.54408720 1.37500000 1.37307861
v -1.54891720 1.37500000 1.35237311
v -1.54833470 1.37500000 1.34082886
v -1.55266470 1.37500000 1.34332886
v -1.55508720 1.37500000 1.33202686
v -1.55862220 1.37500000 1.33556236
v -1.56388970 1.37500000 1.32527286
v -1.56638970 1.37500000 1.32960286
v -1.57543470 1.37500000 1.32585661
v -1.54891720 1.37500000 1.37178461
v -1.54833470 1.37500000 1.38332886
v -1.55266470 1.37500000 1.38082886
v -1.55508720 1.37500000 1.39213091
v -1.55862220 1.37500000 1.38859536
v -1.56388970 1.37500000 1.39888494
v -1.56638970 1.37500000 1.39455483
v -1.56556470 1.37500000 1.39957886
v -1.54513970 1.37500000 1.41957883
v -1.54513970 1.37500000 1.39957886
v -1.57543470 1.37500000 1.39830108
v -1.58513970 1.37500000 1.41957883
v 2.09986030 1.37500000 1.32804961
v 2.09986030 1.37500000 1.32457886
v 2.09611030 1.37500000 1.32960286
v 2.09361030 1.37500000 1.32527286
v 2.08833530 1.37500000 1.33556236
v 2.08481030 1.37500000 1.33202686
v 2.08238530 1.37500000 1.34332886
v 2.07806030 1.37500000 1.34082886
v 2.07863530 1.37500000 1.35237311
v 2.07381030 1.37500000 1.35107911
v 2.07736030 1.37500000 1.36207886
v 2.10516030 1.37500000 1.39830108
v 2.09528530 1.37500000 1.39957886
v 2.11486030 1.37500000 1.39957886
v 2.09611030 1.37500000 1.39455483
v 2.09361030 1.37500000 1.39888494
v 2.08833530 1.37500000 1.38859536
v 2.08481030 1.37500000 1.39213091
v 2.08238530 1.37500000 1.38082886
v 2.07806030 1.37500000 1.38332886
v 2.07863530 1.37500000 1.37178461
v 2.07381030 1.37500000 1.37307861
v 2.07236030 1.37500000 1.36207886
v 2.15236030 1.37500000 1.36207886
v 2.15736030 1.37500000 1.36207886
v 2.15591030 1.37500000 1.35107911
v 2.15591030 1.37500000 1.37307861
v 2.15108530 1.37500000 1.35237311
v 2.15166030 1.37500000 1.34082886
v 2.14733530 1.37500000 1.34332886
v 2.14491030 1.37500000 1.33202686
v 2.14138530 1.37500000 1.33556236
v 2.13611030 1.37500000 1.32527286
v 2.13361030 1.37500000 1.32960286
v 2.12456030 1.37500000 1.32585661
v 2.11486030 1.37500000 1.32457886
v 2.15108530 1.37500000 1.37178461
v 2.15166030 1.37500000 1.38332886
v 2.14733530 1.37500000 1.38082886
v 2.14491030 1.37500000 1.39213091
v 2.14138530 1.37500000 1.38859536
v 2.13611030 1.37500000 1.39888494
v 2.13361030 1.37500000 1.39455483
v 2.13443530 1.37500000 1.39957886
v 2.12456030 1.37500000 1.39830108
v 0.61486030 1.37500000 1.02457886
v 0.53986030 1.37500000 1.09957886
v 0.61486030 1.37500000 1.19957886
v -0.11013970 1.37500000 1.09957886
v -0.18513970 1.37500000 1.02457886
v -0.18513970 1.37500000 1.19957886
v -0.11013970 1.37500000 1.19957886
v 0.53986030 1.37500000 1.19957886
v 0.01486030 1.37500000 1.39957886
v -0.11013970 1.37500000 1.39957886
v 0.01486030 1.37500000 1.39707887
v 0.21486030 1.37500000 1.39957886
v 0.05486030 1.37500000 1.39957886
v 0.21486030 1.37500000 1.39707887
v 0.41486030 1.37500000 1.39957886
v 0.25486030 1.37500000 1.39957886
v 0.41486030 1.37500000 1.39707887
v 0.45486030 1.37500000 1.39707887
v 0.53986030 1.37500000 1.39957886
v 0.45486030 1.37500000 1.39957886
v 0.25486030 1.37500000 1.39707887
v 0.05486030 1.37500000 1.39707887
v -0.26013970 1.37500000 1.32457886
v -0.18513970 1.37500000 1.32457886
v -0.26013970 1.37500000 1.19957886
v 0.61486030 1.37500000 1.32457886
v 0.66486030 1.37500000 1.19957886
v 0.66486030 1.37500000 1.32457886
v 0.66486030 1.37500000 -1.20042114
v 0.62986030 1.37500000 -1.32542114
v 0.66486030 1.37500000 -1.32542114
v 0.61486030 1.37500000 -1.32542114
v 0.62986030 1.37500000 -1.33542114
v 0.42986030 1.37500000 -1.32542114
v 0.41486030 1.37500000 -1.32542114
v 0.42986030 1.37500000 -1.33542114
v 0.22986030 1.37500000 -1.32542114
v 0.21486030 1.37500000 -1.32542114
v 0.22986030 1.37500000 -1.33542114
v -0.26013970 1.37500000 -1.20042114
v 0.02986030 1.37500000 -1.32542114
v 0.01486030 1.37500000 -1.32542114
v 0.02986030 1.37500000 -1.33542114
v -0.17013970 1.37500000 -1.32542114
v -0.18513970 1.37500000 -1.32542114
v -0.17013970 1.37500000 -1.33542114
v -0.26013970 1.37500000 -1.32542114
v 0.61486030 1.37500000 -1.33542114
v 0.41486030 1.37500000 -1.33542114
v 0.21486030 1.37500000 -1.33542114
v 0.01486030 1.37500000 -1.33542114
v -0.18513970 1.37500000 -1.33542114
v -0.33513970 1.37500000 -0.15042114
v -0.33513970 1.37500000 -0.22542114
v 0.73986030 1.37500000 -0.05042114
v 0.73986030 1.37500000 0.02457886
v -2.80513968 1.37500000 -0.00042114
v -2.80513968 1.37500000 0.03957886
v -2.80513968 1.37500000 -1.00042114
v -2.80513968 1.37500000 -0.96042114
v -2.80513968 1.37500000 -0.80042114
v -2.80513968 1.37500000 -0.76042114
v -2.80513968 1.37500000 0.19957886
v -2.80513968 1.37500000 0.23957886
v -2.80513968 1.37500000 0.79957886
v -2.80513968 1.37500000 0.83957886
v -2.80513968 1.37500000 0.99957886
v -2.80513968 1.37500000 1.03957886
v -2.80513968 1.37500000 -0.40042114
v -2.80513968 1.37500000 -0.36042114
v -2.80513968 1.37500000 -0.20042114
v -2.80513968 1.37500000 -0.16042114
v -2.80513968 1.37500000 1.19957886
v -2.80513968 1.37500000 1.23957886
v -2.80513968 1.37500000 0.39957886
v -2.80513968 1.37500000 0.43957886
v -2.80513968 1.37500000 0.59957886
v -2.80513968 1.37500000 0.63957886
v -2.80513968 1.37500000 -1.20042114
v -2.80513968 1.37500000 -1.16042114
v -2.80513968 1.37500000 -0.60042114
v -2.80513968 1.37500000 -0.56042114
v 2.71486030 1.37500000 -0.04042114
v 2.73486030 1.37500000 -0.00042114
v 2.73486030 1.37500000 -0.04042114
v 2.71486030 1.37500000 -0.00042114
v 2.71486030 1.37500000 0.95957886
v 2.73486030 1.37500000 0.99957886
v 2.73486030 1.37500000 0.95957886
v 2.71486030 1.37500000 0.99957886
v 2.71486030 1.37500000 0.75957886
v 2.73486030 1.37500000 0.79957886
v 2.73486030 1.37500000 0.75957886
v 2.71486030 1.37500000 0.79957886
v 2.71486030 1.37500000 -0.24042114
v 2.73486030 1.37500000 -0.20042114
v 2.73486030 1.37500000 -0.24042114
v 2.71486030 1.37500000 -0.20042114
v 2.71486030 1.37500000 -0.84042114
v 2.73486030 1.37500000 -0.80042114
v 2.73486030 1.37500000 -0.84042114
v 2.71486030 1.37500000 -0.80042114
v 2.71486030 1.37500000 -1.04042114
v 2.73486030 1.37500000 -1.00042114
v 2.73486030 1.37500000 -1.04042114
v 2.71486030 1.37500000 -1.00042114
v 2.71486030 1.37500000 0.35957886
v 2.73486030 1.37500000 0.39957886
v 2.73486030 1.37500000 0.35957886
v 2.71486030 1.37500000 0.39957886
v 2.71486030 1.37500000 0.15957886
v 2.73486030 1.37500000 0.19957886
v 2.73486030 1.37500000 0.15957886
v 2.71486030 1.37500000 0.19957886
v 2.71486030 1.37500000 -1.24042114
v 2.73486030 1.37500000 -1.20042114
v 2.73486030 1.37500000 -1.24042114
v 2.71486030 1.37500000 -1.20042114
v 2.71486030 1.37500000 -0.44042114
v 2.73486030 1.37500000 -0.40042114
v 2.73486030 1.37500000 -0.44042114
v 2.71486030 1.37500000 -0.40042114
v 2.71486030 1.37500000 -0.64042114
v 2.73486030 1.37500000 -0.60042114
v 2.73486030 1.37500000 -0.64042114
v 2.71486030 1.37500000 -0.60042114
v 2.71486030 1.37500000 1.15957886
v 2.73486030 1.37500000 1.19957886
v 2.73486030 1.37500000 1.15957886
v 2.71486030 1.37500000 1.19957886
v 2.71486030 1.37500000 0.55957886
v 2.73486030 1.37500000 0.59957886
v 2.73486030 1.37500000 0.55957886
v 2.71486030 1.37500000 0.59957886
v 1.87486030 1.37500000 -1.42042114
v 1.91486030 1.37500000 -1.40042114
v 1.91486030 1.37500000 -1.42042114
v 1.87486030 1.37500000 -1.40042114
v 0.87486030 1.37500000 -1.42042114
v 0.91486030 1.37500000 -1.40042114
v 0.91486030 1.37500000 -1.42042114
v 0.87486030 1.37500000 -1.40042114
v -0.92513970 1.37500000 -1.42042114
v -0.88513970 1.37500000 -1.40042114
v -0.88513970 1.37500000 -1.42042114
v -0.92513970 1.37500000 -1.40042114
v 2.27486030 1.37500000 -1.42042114
v 2.31486030 1.37500000 -1.40042114
v 2.31486030 1.37500000 -1.42042114
v 2.27486030 1.37500000 -1.40042114
v -2.68513970 1.37500000 -1.42042114
v -2.70513970 1.37500000 -1.41542114
v -2.68513970 1.37500000 -1.40042114
v -2.72013970 1.37500000 -1.41542114
v -2.72013970 1.37500000 -1.40042114
v -2.70513970 1.37500000 -1.40042114
v 1.47486030 1.37500000 -1.42042114
v 1.51486030 1.37500000 -1.40042114
v 1.51486030 1.37500000 -1.42042114
v 1.47486030 1.37500000 -1.40042114
v -0.12513970 1.37500000 -1.42042114
v -0.08513970 1.37500000 -1.40042114
v -0.08513970 1.37500000 -1.42042114
v -0.12513970 1.37500000 -1.40042114
v 1.27486030 1.37500000 -1.42042114
v 1.31486030 1.37500000 -1.40042114
v 1.31486030 1.37500000 -1.42042114
v 1.27486030 1.37500000 -1.40042114
v -0.32513970 1.37500000 -1.42042114
v -0.28513970 1.37500000 -1.40042114
v -0.28513970 1.37500000 -1.42042114
v -0.32513970 1.37500000 -1.40042114
v 0.27486030 1.37500000 -1.42042114
v 0.31486030 1.37500000 -1.40042114
v 0.31486030 1.37500000 -1.42042114
v 0.27486030 1.37500000 -1.40042114
v -1.92513970 1.37500000 -1.42042114
v -1.88513970 1.37500000 -1.40042114
v -1.88513970 1.37500000 -1.42042114
v -1.92513970 1.37500000 -1.40042114
v 0.07486030 1.37500000 -1.42042114
v 0.11486030 1.37500000 -1.40042114
v 0.11486030 1.37500000 -1.42042114
v 0.07486030 1.37500000 -1.40042114
v -2.32513970 1.37500000 -1.42042114
v -2.28513970 1.37500000 -1.40042114
v -2.28513970 1.37500000 -1.42042114
v -2.32513970 1.37500000 -1.40042114
v -0.72513970 1.37500000 -1.42042114
v -0.68513970 1.37500000 -1.40042114
v -0.68513970 1.37500000 -1.42042114
v -0.72513970 1.37500000 -1.40042114
v 2.07486030 1.37500000 -1.42042114
v 2.11486030 1.37500000 -1.40042114
v 2.11486030 1.37500000 -1.42042114
v 2.07486030 1.37500000 -1.40042114
v 0.47486030 1.37500000 -1.42042114
v 0.51486030 1.37500000 -1.40042114
v 0.51486030 1.37500000 -1.42042114
v 0.47486030 1.37500000 -1.40042114
v -1.72513970 1.37500000 -1.42042114
v -1.68513970 1.37500000 -1.40042114
v -1.68513970 1.37500000 -1.42042114
v -1.72513970 1.37500000 -1.40042114
v -2.12513970 1.37500000 -1.42042114
v -2.08513970 1.37500000 -1.40042114
v -2.08513970 1.37500000 -1.42042114
v -2.12513970 1.37500000 -1.40042114
v 1.67486030 1.37500000 -1.42042114
v 1.71486030 1.37500000 -1.40042114
v 1.71486030 1.37500000 -1.42042114
v 1.67486030 1.37500000 -1.40042114
v 1.07486030 1.37500000 -1.42042114
v 1.11486030 1.37500000 -1.40042114
v 1.11486030 1.37500000 -1.42042114
v 1.07486030 1.37500000 -1.40042114
v -0.52513970 1.37500000 -1.42042114
v -0.48513970 1.37500000 -1.40042114
v -0.48513970 1.37500000 -1.42042114
v -0.52513970 1.37500000 -1.40042114
v -1.52513970 1.37500000 -1.42042114
v -1.48513970 1.37500000 -1.40042114
v -1.48513970 1.37500000 -1.42042114
v -1.52513970 1.37500000 -1.40042114
v -1.32513970 1.37500000 -1.42042114
v -1.28513970 1.37500000 -1.40042114
v -1.28513970 1.37500000 -1.42042114
v -1.32513970 1.37500000 -1.40042114
v 0.67486030 1.37500000 -1.42042114
v 0.71486030 1.37500000 -1.40042114
v 0.71486030 1.37500000 -1.42042114
v 0.67486030 1.37500000 -1.40042114
v -1.12513970 1.37500000 -1.42042114
v -1.08513970 1.37500000 -1.40042114
v -1.08513970 1.37500000 -1.42042114
v -1.12513970 1.37500000 -1.40042114
v -2.58513970 1.37500000 1.39957886
v -2.54513970 1.37500000 1.41957883
v -2.54513970 1.37500000 1.39957886
v -2.58513970 1.37500000 1.41957883
v -1.98513970 1.37500000 1.39957886
v -1.94513970 1.37500000 1.41957883
v -1.94513970 1.37500000 1.39957886
v -1.98513970 1.37500000 1.41957883
v -0.98513970 1.37500000 1.39957886
v -0.94513970 1.37500000 1.41957883
v -0.94513970 1.37500000 1.39957886
v -0.98513970 1.37500000 1.41957883
v 0.81486030 1.37500000 1.39957886
v 0.85486030 1.37500000 1.41957883
v 0.85486030 1.37500000 1.39957886
v 0.81486030 1.37500000 1.41957883
v -2.38513970 1.37500000 1.39957886
v -2.34513970 1.37500000 1.41957883
v -2.34513970 1.37500000 1.39957886
v -2.38513970 1.37500000 1.41957883
v 2.41486030 1.37500000 1.39957886
v 2.45486030 1.37500000 1.41957883
v 2.45486030 1.37500000 1.39957886
v 2.41486030 1.37500000 1.41957883
v 0.05486030 1.37500000 1.41957883
v 0.01486030 1.37500000 1.41957883
v -1.38513970 1.37500000 1.39957886
v -1.34513970 1.37500000 1.41957883
v -1.34513970 1.37500000 1.39957886
v -1.38513970 1.37500000 1.41957883
v 0.25486030 1.37500000 1.41957883
v 0.21486030 1.37500000 1.41957883
v -0.38513970 1.37500000 1.39957886
v -0.34513970 1.37500000 1.41957883
v -0.34513970 1.37500000 1.39957886
v -0.38513970 1.37500000 1.41957883
v 1.81486030 1.37500000 1.39957886
v 1.85486030 1.37500000 1.41957883
v 1.85486030 1.37500000 1.39957886
v 1.81486030 1.37500000 1.41957883
v -0.18513970 1.37500000 1.39957886
v -0.14513970 1.37500000 1.41957883
v -0.14513970 1.37500000 1.39957886
v -0.18513970 1.37500000 1.41957883
v 2.21486030 1.37500000 1.39957886
v 2.25486030 1.37500000 1.41957883
v 2.25486030 1.37500000 1.39957886
v 2.21486030 1.37500000 1.41957883
v 0.61486030 1.37500000 1.39957886
v 0.65486030 1.37500000 1.41957883
v 0.65486030 1.37500000 1.39957886
v 0.61486030 1.37500000 1.41957883
v -2.18513970 1.37500000 1.39957886
v -2.14513970 1.37500000 1.41957883
v -2.14513970 1.37500000 1.39957886
v -2.18513970 1.37500000 1.41957883
v -0.58513970 1.37500000 1.39957886
v -0.54513970 1.37500000 1.41957883
v -0.54513970 1.37500000 1.39957886
v -0.58513970 1.37500000 1.41957883
v 1.61486030 1.37500000 1.39957886
v 1.65486030 1.37500000 1.41957883
v 1.65486030 1.37500000 1.39957886
v 1.61486030 1.37500000 1.41957883
v 2.01486030 1.37500000 1.39957886
v 2.05486030 1.37500000 1.41957883
v 2.05486030 1.37500000 1.39957886
v 2.01486030 1.37500000 1.41957883
v -1.78513970 1.37500000 1.39957886
v -1.74513970 1.37500000 1.41957883
v -1.74513970 1.37500000 1.39957886
v -1.78513970 1.37500000 1.41957883
v -1.18513970 1.37500000 1.39957886
v -1.14513970 1.37500000 1.41957883
v -1.14513970 1.37500000 1.39957886
v -1.18513970 1.37500000 1.41957883
v 0.45486030 1.37500000 1.41957883
v 0.41486030 1.37500000 1.41957883
v 1.41486030 1.37500000 1.39957886
v 1.45486030 1.37500000 1.41957883
v 1.45486030 1.37500000 1.39957886
v 1.41486030 1.37500000 1.41957883
v 1.21486030 1.37500000 1.39957886
v 1.25486030 1.37500000 1.41957883
v 1.25486030 1.37500000 1.39957886
v 1.21486030 1.37500000 1.41957883
v -0.78513970 1.37500000 1.39957886
v -0.74513970 1.37500000 1.41957883
v -0.74513970 1.37500000 1.39957886
v -0.78513970 1.37500000 1.41957883
v 1.01486030 1.37500000 1.39957886
v 1.05486030 1.37500000 1.41957883
v 1.05486030 1.37500000 1.39957886
v 1.01486030 1.37500000 1.41957883
v -2.77013993 1.37500000 -1.33542114
v -2.77013993 1.37500000 -1.32042114
v -2.72013970 1.37500000 1.39957886
v -2.70513970 1.37500000 1.38457908
v -2.70513970 1.37500000 1.39957886
v -2.72013970 1.37500000 1.38457908
v 2.63486030 1.37500000 -1.38542114
v 2.64986030 1.37500000 -1.40042114
v 2.64986030 1.37500000 -1.38542114
v 2.63486030 1.37500000 -1.40042114
v 2.69986030 1.37500000 1.33457886
v 2.71486030 1.37500000 1.31957886
v 2.71486030 1.37500000 1.33457886
v 2.69986030 1.37500000 1.31957886
v -2.72013970 1.37500000 -0.20042114
v -2.70513970 1.37500000 -0.21542114
v -2.70513970 1.37500000 -0.20042114
v -2.72013970 1.37500000 -0.21542114
v -0.30013970 1.37500000 1.33457886
v -0.28513970 1.37500000 1.31957886
v -0.28513970 1.37500000 1.33457886
v -0.30013970 1.37500000 1.31957886
v 0.69986030 1.37500000 1.33457886
v 0.71486030 1.37500000 1.31957886
v 0.71486030 1.37500000 1.33457886
v 0.69986030 1.37500000 1.31957886
v 2.63486030 1.37500000 0.01457886
v 2.64986030 1.37500000 -0.00042114
v 2.64986030 1.37500000 0.01457886
v 2.63486030 1.37500000 -0.00042114
v 2.71486030 1.49701750 1.34957886
v 2.71486030 1.48167750 1.39957886
v 2.71486030 1.40500000 1.34957886
v 2.71486030 1.40500000 1.30957886
v 2.71486030 0.07500000 1.33957886
v 2.71486030 0.48750000 1.19957886
v 2.71486030 0.48750000 1.23957886
v 2.71486030 0.07500000 1.19957886
v 2.71486030 1.54278500 1.23707886
v 2.71486030 1.40500000 1.14957886
v 2.71486030 1.58088000 1.14957886
v 2.71486030 1.55403500 1.23707886
v 2.71486030 1.16250000 1.23957886
v 2.71486030 1.52054000 1.30957886
v 2.71486030 0.42500000 0.99957886
v 2.71486030 0.42500000 1.12457886
v 2.71486030 0.07500000 0.99957886
v 2.71486030 0.42500000 0.79957886
v 2.71486030 0.42500000 0.95957886
v 2.71486030 0.07500000 0.79957886
v 2.71486030 0.42500000 0.59957886
v 2.71486030 0.42500000 0.75957886
v 2.71486030 0.07500000 0.59957886
v 2.71486030 0.42500000 0.39957886
v 2.71486030 0.42500000 0.55957886
v 2.71486030 0.07500000 0.39957886
v 2.71486030 1.88591000 0.41207886
v 2.71486030 1.40500000 0.34957886
v 2.71486030 1.91633500 0.34957886
v 2.71486030 1.85599500 0.50957886
v 2.71486030 1.89716000 0.41207886
v 2.71486030 1.40500000 0.50957886
v 2.71486030 1.40500000 0.54957886
v 2.71486030 1.17500000 0.39957886
v 2.71486030 1.17500000 0.55957886
v 2.71486030 0.42500000 0.27457886
v 2.71486030 0.48750000 0.19957886
v 2.71486030 0.48000000 0.27457886
v 2.71486030 0.48750000 0.28457886
v 2.71486030 0.48000000 0.29957886
v 2.71486030 1.16250000 0.28457886
v 2.71486030 1.97169000 0.20582886
v 2.71486030 1.40500000 0.14957886
v 2.71486030 2.00020000 0.14957886
v 2.71486030 1.92880000 0.30895386
v 2.71486030 1.98294000 0.20582886
v 2.71486030 1.40500000 0.30957886
v 2.71486030 1.17500000 0.29957886
v 2.71486030 1.16250000 0.19957886
v 2.71486030 1.94005000 0.30895386
v 2.71486030 1.92860750 0.30957886
v 2.71486030 1.17500000 0.35957886
v 2.71486030 1.80012750 0.61832886
v 2.71486030 1.83247250 0.54957886
v 2.71486030 1.77213000 0.70957886
v 2.71486030 1.81137750 0.61832886
v 2.71486030 1.40500000 0.70957886
v 2.71486030 1.40500000 0.74957886
v 2.71486030 1.17500000 0.59957886
v 2.71486030 1.17500000 0.75957886
v 2.71486030 1.71434750 0.82457886
v 2.71486030 1.74860750 0.74957886
v 2.71486030 1.68826750 0.90957886
v 2.71486030 1.72559750 0.82457886
v 2.71486030 1.40500000 0.90957886
v 2.71486030 1.40500000 0.94957886
v 2.71486030 1.17500000 0.79957886
v 2.71486030 1.17500000 0.95957886
v 2.71486030 1.62856500 1.03082886
v 2.71486030 1.66474500 0.94957886
v 2.71486030 1.40500000 1.10957886
v 2.71486030 1.63981500 1.03082886
v 2.71486030 1.60440500 1.10957886
v 2.71486030 1.17500000 1.09957886
v 2.71486030 1.17500000 0.99957886
v 2.71486030 1.16250000 1.11457886
v 2.71486030 0.48000000 1.09957886
v 2.71486030 0.48750000 1.11457886
v 2.71486030 0.48000000 1.12457886
v 2.71486030 0.48750000 1.15957886
v 2.71486030 1.16250000 1.15957886
v 2.71486030 1.61718500 -0.03600864
v 2.71486030 1.40500000 -0.05042114
v 2.71486030 1.62315500 -0.05042114
v 2.71486030 1.61250000 -0.00042114
v 2.71486030 1.40500000 0.10957886
v 2.71486030 1.61718500 0.03516636
v 2.71486030 2.02986000 -0.09042114
v 2.71486030 2.01458250 -0.10354614
v 2.71486030 2.02583250 -0.10354614
v 2.71486030 1.85277250 -0.09042114
v 2.71486030 1.84722750 -0.09764864
v 2.71486030 1.97169000 -0.20667114
v 2.71486030 1.98294000 -0.20667114
v 2.71486030 1.71441250 -0.13323614
v 2.71486030 1.75000000 -0.13792114
v 2.71486030 1.78558750 -0.13323614
v 2.71486030 1.81875000 -0.11949864
v 2.71486030 1.40500000 -0.25042114
v 2.71486030 1.95826750 -0.25042114
v 2.71486030 1.94599500 -0.29042114
v 2.71486030 1.92880000 -0.30979614
v 2.71486030 1.94005000 -0.30979614
v 2.71486030 1.40500000 -0.29042114
v 2.71486030 1.12500000 -0.30042114
v 2.71486030 1.88591000 -0.41292114
v 2.71486030 1.89716000 -0.41292114
v 2.71486030 1.12500000 -0.40042114
v 2.71486030 1.40500000 -0.45042114
v 2.71486030 1.87440500 -0.45042114
v 2.71486030 1.85427000 -0.51604614
v 2.71486030 1.86213250 -0.49042114
v 2.71486030 1.84302000 -0.51604614
v 2.71486030 1.80012750 -0.61917114
v 2.71486030 1.81137750 -0.61917114
v 2.71486030 1.40500000 -0.49042114
v 2.71486030 1.12500000 -0.60042114
v 2.71486030 1.12500000 -0.44042114
v 2.71486030 1.40500000 -0.65042114
v 2.71486030 1.79054000 -0.65042114
v 2.71486030 1.76848750 -0.72229614
v 2.71486030 1.77826750 -0.69042114
v 2.71486030 1.75723750 -0.72229614
v 2.71486030 1.71434750 -0.82542114
v 2.71486030 1.72559750 -0.82542114
v 2.71486030 1.40500000 -0.69042114
v 2.71486030 1.12500000 -0.80042114
v 2.71486030 1.12500000 -0.64042114
v 2.71486030 1.40500000 -0.85042114
v 2.71486030 1.70667750 -0.85042114
v 2.71486030 1.68270750 -0.92854614
v 2.71486030 1.69440500 -0.89042114
v 2.71486030 1.67145750 -0.92854614
v 2.71486030 1.62856500 -1.03167114
v 2.71486030 1.63981500 -1.03167114
v 2.71486030 1.40500000 -0.89042114
v 2.71486030 1.12500000 -1.00042114
v 2.71486030 1.12500000 -0.84042114
v 2.71486030 1.61054000 -1.09042114
v 2.71486030 1.58567500 -1.13479614
v 2.71486030 1.59692500 -1.13479614
v 2.71486030 1.40500000 -1.09042114
v 2.71486030 0.69763250 -1.12792114
v 2.71486030 1.12500000 -1.05042114
v 2.71486030 0.70312500 -1.11464614
v 2.71486030 0.70500000 -1.10042114
v 2.71486030 0.70312500 -1.08618614
v 2.71486030 0.69763250 -1.07292114
v 2.71486030 0.68889000 -1.06153114
v 2.71486030 1.40500000 -1.05042114
v 2.71486030 0.67750000 -1.05278864
v 2.71486030 0.67178250 -1.05042114
v 2.71486030 1.54278500 -1.23792114
v 2.71486030 1.55403500 -1.23792114
v 2.71486030 0.65000000 -1.15542114
v 2.71486030 0.07500000 -1.20042114
v 2.71486030 0.66423500 -1.15354614
v 2.71486030 0.67750000 -1.14804614
v 2.71486030 0.68889000 -1.13932114
v 2.71486030 1.40500000 -1.25042114
v 2.71486030 1.53895000 -1.25042114
v 2.71486030 1.52667750 -1.29042114
v 2.71486030 1.49989500 -1.34104614
v 2.71486030 1.51114500 -1.34104614
v 2.71486030 1.40500000 -1.29042114
v 2.71486030 1.48167750 -1.40042114
v 2.71486030 0.07500000 -1.34042114
v 2.71486030 0.00000000 -1.40042114
v 2.71486030 0.07500000 -1.40042114
v 2.71486030 0.07500000 -1.24042114
v 2.71486030 0.63576500 -1.15354614
v 2.71486030 0.62250000 -1.14804614
v 2.71486030 0.61111000 -1.13932114
v 2.71486030 0.60236750 -1.12792114
v 2.71486030 0.59687500 -1.11464614
v 2.71486030 0.59500000 -1.10042114
v 2.71486030 0.59687500 -1.08618614
v 2.71486030 0.02500000 -1.05042114
v 2.71486030 0.60236750 -1.07292114
v 2.71486030 0.61111000 -1.06153114
v 2.71486030 0.62250000 -1.05278864
v 2.71486030 0.62821750 -1.05042114
v 2.71486030 0.02500000 -0.30042114
v 2.71486030 0.07500000 -0.24042114
v 2.71486030 0.07500000 -0.20042114
v 2.71486030 1.68125000 -0.11949864
v 2.71486030 1.65277250 -0.09764864
v 2.71486030 1.64722750 -0.09042114
v 2.71486030 1.40500000 -0.09042114
v 2.71486030 0.07500000 -0.04042114
v 2.71486030 0.07500000 -0.00042114
v 2.71486030 1.63092250 0.06832886
v 2.71486030 1.65277250 0.09680636
v 2.71486030 1.66941750 0.10957886
v 2.71486030 0.07500000 0.15957886
v 2.71486030 0.07500000 0.19957886
v 2.71486030 0.07500000 0.35957886
v 2.71486030 0.42500000 0.35957886
v 2.71486030 0.07500000 0.55957886
v 2.71486030 0.00000000 1.39957886
v 2.71486030 0.07500000 0.75957886
v 2.71486030 0.07500000 0.95957886
v 2.71486030 0.07500000 1.15957886
v 2.71486030 1.16250000 1.19957886
v 2.71486030 0.05000000 1.31957886
v 2.71486030 0.05000000 1.33457886
v 2.71486030 0.07500000 1.39957886
v 2.71486030 1.62281250 -1.05042114
v 2.71486030 1.12500000 -1.04042114
v -2.72013970 0.05000000 -1.40042114
v -2.72513970 0.07500000 -1.40042114
v -2.72013970 0.07500000 -1.40042114
v -2.70513970 0.05000000 -1.40042114
v -0.16013970 0.02500000 -1.40042114
v -1.32513970 0.07500000 -1.40042114
v -1.48513970 0.42500000 -1.40042114
v -1.32513970 0.42500000 -1.40042114
v -1.48513970 0.07500000 -1.40042114
v -1.52513970 0.07500000 -1.40042114
v -1.68513970 0.42500000 -1.40042114
v -1.52513970 0.42500000 -1.40042114
v -1.68513970 0.07500000 -1.40042114
v -1.72513970 0.07500000 -1.40042114
v -1.88513970 0.42500000 -1.40042114
v -1.72513970 0.42500000 -1.40042114
v -1.88513970 0.07500000 -1.40042114
v -1.92513970 0.07500000 -1.40042114
v -2.08513970 0.42500000 -1.40042114
v -1.92513970 0.42500000 -1.40042114
v -2.08513970 0.07500000 -1.40042114
v -2.12513970 0.07500000 -1.40042114
v -2.28513970 0.42500000 -1.40042114
v -2.12513970 0.42500000 -1.40042114
v -2.28513970 0.07500000 -1.40042114
v -2.32513970 0.42500000 -1.40042114
v -2.32513970 0.07500000 -1.40042114
v -2.36013970 0.42500000 -1.40042114
v 2.64986030 0.05000000 -1.40042114
v 2.65486030 0.07500000 -1.40042114
v 2.63486030 0.05000000 -1.40042114
v 0.58986030 0.02500000 -1.40042114
v 2.27486030 0.07500000 -1.40042114
v 2.11486030 0.42500000 -1.40042114
v 2.27486030 0.42500000 -1.40042114
v 2.11486030 0.07500000 -1.40042114
v 2.07486030 0.07500000 -1.40042114
v 1.91486030 0.42500000 -1.40042114
v 2.07486030 0.42500000 -1.40042114
v 1.91486030 0.07500000 -1.40042114
v 1.87486030 0.07500000 -1.40042114
v 1.71486030 0.42500000 -1.40042114
v 1.87486030 0.42500000 -1.40042114
v 1.71486030 0.07500000 -1.40042114
v 1.67486030 0.07500000 -1.40042114
v 1.51486030 0.42500000 -1.40042114
v 1.67486030 0.42500000 -1.40042114
v 1.51486030 0.07500000 -1.40042114
v 1.47486030 0.07500000 -1.40042114
v 1.31486030 0.42500000 -1.40042114
v 1.47486030 0.42500000 -1.40042114
v 1.31486030 0.07500000 -1.40042114
v 1.07486030 0.48750000 -1.40042114
v 1.07486030 0.07500000 -1.40042114
v 1.02486030 0.48750000 -1.40042114
v -0.16013970 1.12500000 -1.40042114
v -0.20778970 0.93315500 -1.40042114
v -0.20856470 0.93321500 -1.40042114
v -0.20253970 0.93275500 -1.40042114
v -0.19978970 0.93214500 -1.40042114
v -0.19696470 0.93105500 -1.40042114
v -0.19556470 0.93051500 -1.40042114
v -0.18618970 0.92476250 -1.40042114
v -0.18613970 0.92470500 -1.40042114
v -0.18606470 0.92461500 -1.40042114
v -0.17963970 0.91572000 -1.40042114
v -0.17768970 0.90990750 -1.40042114
v -0.17626470 0.90563250 -1.40042114
v -0.17626470 0.89519000 -1.40042114
v -0.18606470 0.87621000 -1.40042114
v -0.18618970 0.87606250 -1.40042114
v -0.18613970 0.87611750 -1.40042114
v -0.19556470 0.87030750 -1.40042114
v -0.19978970 0.86867750 -1.40042114
v -0.19696470 0.86976750 -1.40042114
v -0.20253970 0.86806750 -1.40042114
v -0.20856470 0.86761000 -1.40042114
v -0.20778970 0.86766750 -1.40042114
v -0.28513970 0.07500000 -1.40042114
v -0.17963970 0.88510500 -1.40042114
v -0.17768970 0.89091500 -1.40042114
v -0.32513970 0.07500000 -1.40042114
v -0.48513970 0.07500000 -1.40042114
v -0.52513970 0.07500000 -1.40042114
v -0.68513970 0.07500000 -1.40042114
v -0.72513970 0.07500000 -1.40042114
v -0.88513970 0.07500000 -1.40042114
v -0.92513970 0.07500000 -1.40042114
v -1.08513970 0.07500000 -1.40042114
v -1.12513970 0.07500000 -1.40042114
v -1.28513970 0.07500000 -1.40042114
v -2.48513970 0.07500000 -1.40042114
v -2.52513970 0.07500000 -1.40042114
v -2.68513970 0.07500000 -1.40042114
v -2.70513970 0.07500000 -1.40042114
v -2.33513970 0.48000000 -1.40042114
v -2.35013970 1.16250000 -1.40042114
v -2.33513970 1.17500000 -1.40042114
v -2.36013970 0.48000000 -1.40042114
v -2.35013970 0.48750000 -1.40042114
v 1.16486030 0.48000000 -1.40042114
v 1.14986030 1.16250000 -1.40042114
v 1.16486030 1.17500000 -1.40042114
v 1.14986030 0.48750000 -1.40042114
v 1.13986030 0.48000000 -1.40042114
v 1.11486030 0.48750000 -1.40042114
v 1.13986030 0.42500000 -1.40042114
v 1.11486030 0.07500000 -1.40042114
v 1.27486030 0.07500000 -1.40042114
v -2.12513970 1.17500000 -1.40042114
v -2.28513970 1.17500000 -1.40042114
v -1.92513970 1.17500000 -1.40042114
v -2.08513970 1.17500000 -1.40042114
v -1.72513970 1.17500000 -1.40042114
v -1.88513970 1.17500000 -1.40042114
v -1.52513970 1.17500000 -1.40042114
v -1.68513970 1.17500000 -1.40042114
v -1.33513970 1.17500000 -1.40042114
v -1.32513970 0.48000000 -1.40042114
v -1.33513970 0.48000000 -1.40042114
v -1.19513970 1.16250000 -1.40042114
v -1.19513970 0.48750000 -1.40042114
v -1.28513970 0.48750000 -1.40042114
v -0.12513970 1.12500000 -1.40042114
v -0.20931470 0.93315500 -1.40042114
v -0.21458970 0.93275500 -1.40042114
v -0.21731470 0.93214500 -1.40042114
v -0.22013970 0.93105500 -1.40042114
v -0.22153970 0.93051500 -1.40042114
v -0.23091470 0.92476250 -1.40042114
v -0.23096470 0.92470500 -1.40042114
v -0.23106470 0.92461500 -1.40042114
v -0.23746470 0.91572000 -1.40042114
v -0.23941470 0.90990750 -1.40042114
v -0.24086470 0.90563250 -1.40042114
v -0.24086470 0.89519000 -1.40042114
v -0.23091470 0.87606250 -1.40042114
v -0.23106470 0.87621000 -1.40042114
v -0.23096470 0.87611750 -1.40042114
v -0.21731470 0.86867750 -1.40042114
v -0.22153970 0.87030750 -1.40042114
v -0.22013970 0.86976750 -1.40042114
v -0.21458970 0.86806750 -1.40042114
v -0.20931470 0.86766750 -1.40042114
v -0.23941470 0.89091500 -1.40042114
v -0.23746470 0.88510500 -1.40042114
v 0.07486030 1.12500000 -1.40042114
v -0.08513970 1.12500000 -1.40042114
v 0.27486030 1.12500000 -1.40042114
v 0.11486030 1.12500000 -1.40042114
v 0.47486030 1.12500000 -1.40042114
v 0.31486030 1.12500000 -1.40042114
v 0.58986030 1.12500000 -1.40042114
v 0.67486030 0.07500000 -1.40042114
v 0.71486030 0.07500000 -1.40042114
v 0.87486030 0.07500000 -1.40042114
v 1.02486030 1.16250000 -1.40042114
v 1.07486030 1.16250000 -1.40042114
v 0.91486030 0.07500000 -1.40042114
v 1.27486030 1.17500000 -1.40042114
v 1.11486030 1.16250000 -1.40042114
v 1.47486030 1.17500000 -1.40042114
v 1.31486030 1.17500000 -1.40042114
v 1.67486030 1.17500000 -1.40042114
v 1.51486030 1.17500000 -1.40042114
v 1.87486030 1.17500000 -1.40042114
v 1.71486030 1.17500000 -1.40042114
v 2.07486030 1.17500000 -1.40042114
v 1.91486030 1.17500000 -1.40042114
v 2.26486030 1.17500000 -1.40042114
v 2.27486030 0.48000000 -1.40042114
v 2.26486030 0.48000000 -1.40042114
v 2.51486030 0.07500000 -1.40042114
v 2.47486030 0.07500000 -1.40042114
v 2.31486030 0.07500000 -1.40042114
v 2.44528530 1.46250000 -1.40042114
v -2.46556470 1.46250000 -1.40042114
v -2.32513970 1.17500000 -1.40042114
v -2.47513970 1.16250000 -1.40042114
v -2.47513970 0.48750000 -1.40042114
v 2.63986030 1.47500000 -1.40042114
v 2.63986030 1.48167750 -1.40042114
v 2.48443530 1.46250000 -1.40042114
v -2.71013970 1.47500000 -1.40042114
v -2.71013970 1.48167750 -1.40042114
v -2.50471470 1.46250000 -1.40042114
v 2.40486030 1.16250000 -1.40042114
v 2.40486030 0.48750000 -1.40042114
v 2.31486030 0.48750000 -1.40042114
v 2.11486030 1.17500000 -1.40042114
v -1.48513970 1.17500000 -1.40042114
v 2.31486030 1.16250000 -1.40042114
v -1.28513970 1.16250000 -1.40042114
v 0.51486030 1.12500000 -1.40042114
v 1.27486030 0.42500000 -1.40042114
v 2.69486030 0.00000000 -0.41042114
v 2.69426030 0.00000000 -0.40589114
v 2.69251030 0.00000000 -0.40167114
v 2.68973530 0.00000000 -0.39804614
v 2.68611030 0.00000000 -0.39526614
v 2.68188530 0.00000000 -0.39351864
v 2.67736030 0.00000000 -0.39292114
v 2.67283530 0.00000000 -0.39351864
v 2.66861030 0.00000000 -0.39526614
v 2.66498530 0.00000000 -0.39804614
v 2.66221030 0.00000000 -0.40167114
v -0.03323970 0.00000000 1.05754886
v -0.03498970 0.00000000 1.05332886
v 2.66046030 0.00000000 -0.40589114
v 2.65986030 0.00000000 -0.41042114
v 0.49676030 0.00000000 -1.35839614
v 0.49736030 0.00000000 -1.36292114
v 0.49501030 0.00000000 -1.35417114
v 0.49223530 0.00000000 -1.35054614
v 0.48861030 0.00000000 -1.34777114
v -0.03776470 0.00000000 1.04970386
v 0.48438530 0.00000000 -1.34602114
v -0.04138970 0.00000000 1.04692386
v 0.47986030 0.00000000 -1.34542114
v -0.04561470 0.00000000 1.04517636
v 0.47533530 0.00000000 -1.34602114
v -0.03263970 0.00000000 1.06207886
v -0.03323970 0.00000000 1.06660886
v -0.03498970 0.00000000 1.07082886
v -0.03776470 0.00000000 1.07445386
v -0.04138970 0.00000000 1.07723386
v -0.04561470 0.00000000 1.07898136
v -0.05013970 0.00000000 1.07957886
v -0.06703970 0.00000000 1.06660886
v -0.06763970 0.00000000 1.06207886
v -0.06528970 0.00000000 1.07082886
v -0.06251470 0.00000000 1.07445386
v -0.05888970 0.00000000 1.07723386
v -0.05466470 0.00000000 1.07898136
v 2.69426030 0.00000000 -0.41495114
v 2.69251030 0.00000000 -0.41917114
v 2.68973530 0.00000000 -0.42279614
v 2.68611030 0.00000000 -0.42557614
v 2.68188530 0.00000000 -0.42732364
v 2.67736030 0.00000000 -0.42792114
v 2.67283530 0.00000000 -0.42732364
v 2.66861030 0.00000000 -0.42557614
v 2.66498530 0.00000000 -0.42279614
v 2.66221030 0.00000000 -0.41917114
v 2.66046030 0.00000000 -0.41495114
v 0.49676030 0.00000000 -1.36744614
v 0.49501030 0.00000000 -1.37167114
v 0.49223530 0.00000000 -1.37529614
v 0.48861030 0.00000000 -1.37807114
v 0.48438530 0.00000000 -1.37982114
v 0.47986030 0.00000000 -1.38042114
v -0.05013970 0.00000000 1.04457886
v 0.47111030 0.00000000 -1.34777114
v -0.05466470 0.00000000 1.04517636
v 0.46748530 0.00000000 -1.35054614
v -0.05888970 0.00000000 1.04692386
v 0.46471030 0.00000000 -1.35417114
v 0.46296030 0.00000000 -1.35839614
v 0.46236030 0.00000000 -1.36292114
v -0.06251470 0.00000000 1.04970386
v -0.06528970 0.00000000 1.05332886
v -0.06703970 0.00000000 1.05754886
v 0.46296030 0.00000000 -1.36744614
v 0.46471030 0.00000000 -1.37167114
v 0.47533530 0.00000000 -1.37982114
v 0.47111030 0.00000000 -1.37807114
v 0.46748530 0.00000000 -1.37529614
v -2.72013970 0.05000000 1.39957886
v -2.72513970 0.07500000 1.39957886
v -2.70513970 0.05000000 1.39957886
v 2.63486030 0.05000000 1.39957886
v -2.34513970 0.07500000 1.39957886
v -2.18513970 0.42500000 1.39957886
v -2.34513970 0.42500000 1.39957886
v -2.18513970 0.07500000 1.39957886
v -2.14513970 0.07500000 1.39957886
v -1.98513970 0.42500000 1.39957886
v -2.14513970 0.42500000 1.39957886
v -1.98513970 0.07500000 1.39957886
v -1.94513970 0.07500000 1.39957886
v -1.78513970 0.42500000 1.39957886
v -1.94513970 0.42500000 1.39957886
v -1.78513970 0.07500000 1.39957886
v -1.34513970 0.07500000 1.39957886
v -1.18513970 0.42500000 1.39957886
v -1.34513970 0.42500000 1.39957886
v -1.18513970 0.07500000 1.39957886
v -1.14513970 0.07500000 1.39957886
v -0.98513970 0.42500000 1.39957886
v -1.14513970 0.42500000 1.39957886
v -0.98513970 0.07500000 1.39957886
v -0.94513970 0.07500000 1.39957886
v -0.78513970 0.42500000 1.39957886
v -0.94513970 0.42500000 1.39957886
v -0.78513970 0.07500000 1.39957886
v 1.05486030 0.07500000 1.39957886
v 1.21486030 0.42500000 1.39957886
v 1.05486030 0.42500000 1.39957886
v 1.21486030 0.07500000 1.39957886
v 1.25486030 0.07500000 1.39957886
v 1.41486030 0.42500000 1.39957886
v 1.25486030 0.42500000 1.39957886
v 1.41486030 0.07500000 1.39957886
v 1.45486030 0.07500000 1.39957886
v 1.61486030 0.42500000 1.39957886
v 1.45486030 0.42500000 1.39957886
v 1.61486030 0.07500000 1.39957886
v 1.65486030 0.07500000 1.39957886
v 1.81486030 0.42500000 1.39957886
v 1.65486030 0.42500000 1.39957886
v 1.81486030 0.07500000 1.39957886
v 2.64986030 0.05000000 1.39957886
v 2.64986030 0.07500000 1.39957886
v -1.74513970 0.42500000 1.39957886
v -1.74513970 0.07500000 1.39957886
v -1.61013970 0.42500000 1.39957886
v 0.85486030 0.48750000 1.39957886
v 0.88986030 0.48000000 1.39957886
v 0.89986030 0.48750000 1.39957886
v 0.88986030 0.42500000 1.39957886
v 0.85486030 0.07500000 1.39957886
v 1.01486030 0.07500000 1.39957886
v 1.01486030 0.42500000 1.39957886
v -1.54513970 0.48750000 1.39957886
v -1.51013970 0.48000000 1.39957886
v -1.49513970 0.48750000 1.39957886
v -1.51013970 0.42500000 1.39957886
v -1.54513970 0.07500000 1.39957886
v -1.38513970 0.07500000 1.39957886
v -1.38513970 0.42500000 1.39957886
v -2.54513970 0.48750000 1.39957886
v -2.51013970 0.48000000 1.39957886
v -2.50013970 0.48750000 1.39957886
v -2.51013970 0.42500000 1.39957886
v -2.54513970 0.07500000 1.39957886
v -2.38513970 0.07500000 1.39957886
v -2.38513970 0.42500000 1.39957886
v -0.74513970 0.42500000 1.39957886
v -0.74513970 0.07500000 1.39957886
v -0.61013970 0.42500000 1.39957886
v -0.54513970 0.48750000 1.39957886
v -0.54513970 0.07500000 1.39957886
v -0.49513970 0.48750000 1.39957886
v 1.85486030 0.42500000 1.39957886
v 1.85486030 0.07500000 1.39957886
v 1.93986030 0.42500000 1.39957886
v 1.91486030 1.17500000 1.39957886
v 1.85486030 1.17500000 1.39957886
v 2.01486030 1.16250000 1.39957886
v 1.92986030 1.16250000 1.39957886
v 1.65486030 1.17500000 1.39957886
v 1.81486030 1.17500000 1.39957886
v 1.45486030 1.17500000 1.39957886
v 1.61486030 1.17500000 1.39957886
v 1.25486030 1.17500000 1.39957886
v 1.41486030 1.17500000 1.39957886
v 1.05486030 1.17500000 1.39957886
v 1.21486030 1.17500000 1.39957886
v 0.91486030 1.17500000 1.39957886
v 0.85486030 1.16250000 1.39957886
v 0.89986030 1.16250000 1.39957886
v 0.91486030 0.48000000 1.39957886
v 0.77486030 1.16250000 1.39957886
v 0.77486030 0.48750000 1.39957886
v 0.65486030 0.07500000 1.39957886
v 0.81486030 0.07500000 1.39957886
v 0.81486030 0.48750000 1.39957886
v 0.53986030 0.07500000 1.39957886
v 0.61486030 0.07500000 1.39957886
v -0.14513970 0.07500000 1.39957886
v -0.11013970 0.07500000 1.39957886
v -0.34513970 0.07500000 1.39957886
v -0.18513970 0.07500000 1.39957886
v -0.49513970 1.16250000 1.39957886
v -0.54513970 1.16250000 1.39957886
v -0.38513970 0.97250000 1.39957886
v -0.39096220 0.97173250 1.39957886
v -0.39638970 0.96948500 1.39957886
v -0.40104970 0.96591000 1.39957886
v -0.40462470 0.96125000 1.39957886
v -0.40687220 0.95582250 1.39957886
v -0.40763970 0.95000000 1.39957886
v -0.40687220 0.94417750 1.39957886
v -0.40462470 0.93875000 1.39957886
v -0.40104970 0.93409000 1.39957886
v -0.39638970 0.93051500 1.39957886
v -0.39096220 0.92826750 1.39957886
v -0.38513970 0.92750000 1.39957886
v -0.38513970 0.07500000 1.39957886
v -0.63513970 1.17500000 1.39957886
v -0.74513970 1.17500000 1.39957886
v -0.58513970 1.16250000 1.39957886
v -0.62013970 1.16250000 1.39957886
v -0.94513970 1.17500000 1.39957886
v -0.78513970 1.17500000 1.39957886
v -1.14513970 1.17500000 1.39957886
v -0.98513970 1.17500000 1.39957886
v -1.34513970 1.17500000 1.39957886
v -1.18513970 1.17500000 1.39957886
v -1.48513970 1.17500000 1.39957886
v -1.54513970 1.16250000 1.39957886
v -1.49513970 1.16250000 1.39957886
v -1.48513970 0.48000000 1.39957886
v -1.94513970 1.17500000 1.39957886
v -1.78513970 1.17500000 1.39957886
v -2.14513970 1.17500000 1.39957886
v -1.98513970 1.17500000 1.39957886
v -2.34513970 1.17500000 1.39957886
v -2.18513970 1.17500000 1.39957886
v -2.48513970 1.17500000 1.39957886
v -2.54513970 1.16250000 1.39957886
v -2.50013970 1.16250000 1.39957886
v -2.48513970 0.48000000 1.39957886
v -2.62513970 1.16250000 1.39957886
v -2.62513970 0.48750000 1.39957886
v -2.58513970 0.07500000 1.39957886
v -2.58513970 0.48750000 1.39957886
v -1.58513970 0.07500000 1.39957886
v -0.58513970 0.07500000 1.39957886
v 0.01486030 0.07500000 1.39957886
v 0.05486030 0.07500000 1.39957886
v 0.21486030 0.07500000 1.39957886
v 0.25486030 0.07500000 1.39957886
v 0.41486030 0.07500000 1.39957886
v 0.45486030 0.07500000 1.39957886
v 2.01486030 0.07500000 1.39957886
v 2.05486030 0.07500000 1.39957886
v 2.21486030 0.07500000 1.39957886
v 2.25486030 0.07500000 1.39957886
v 2.41486030 0.07500000 1.39957886
v 2.45486030 0.07500000 1.39957886
v 2.61486030 0.07500000 1.39957886
v 2.63486030 0.07500000 1.39957886
v -1.56556470 1.46250000 1.39957886
v 2.09528530 1.46250000 1.39957886
v 2.06436030 0.60316000 1.39957886
v 2.06513530 0.60310250 1.39957886
v 2.07038530 0.60270250 1.39957886
v 2.06361030 0.60310250 1.39957886
v 2.05833530 0.60270250 1.39957886
v 2.05561030 0.60209250 1.39957886
v 2.05486030 0.60180750 1.39957886
v -2.71013970 1.47500000 1.39957886
v -2.71013970 1.48167750 1.39957886
v -1.60471470 1.46250000 1.39957886
v 2.63986030 1.47500000 1.39957886
v -1.63513970 1.17500000 1.39957886
v -1.74513970 1.17500000 1.39957886
v -1.58513970 1.16250000 1.39957886
v -1.62513970 1.16250000 1.39957886
v 2.63986030 1.48167750 1.39957886
v 2.13443530 1.46250000 1.39957886
v 2.06361030 0.53761250 1.39957886
v 2.05833530 0.53801250 1.39957886
v 2.07736030 0.54025500 1.39957886
v 2.20361030 0.53051500 1.39957886
v 2.19896030 0.53409000 1.39957886
v 2.06513530 0.53761250 1.39957886
v 2.20903530 0.52826750 1.39957886
v 2.05561030 0.53862250 1.39957886
v 2.05486030 0.53891000 1.39957886
v 2.06436030 0.53755500 1.39957886
v 2.21486030 0.52750000 1.39957886
v 1.91486030 0.48000000 1.39957886
v 1.92986030 0.48750000 1.39957886
v 1.93986030 0.48000000 1.39957886
v 2.01486030 0.48750000 1.39957886
v -0.63513970 0.48000000 1.39957886
v -0.62013970 0.48750000 1.39957886
v -0.61013970 0.48000000 1.39957886
v -0.58513970 0.48750000 1.39957886
v -1.63513970 0.48000000 1.39957886
v -1.62513970 0.48750000 1.39957886
v -1.61013970 0.48000000 1.39957886
v -1.58513970 0.48750000 1.39957886
v 2.29743530 0.60234750 1.39957886
v 2.29668530 0.60240500 1.39957886
v 2.29591030 0.60234750 1.39957886
v 2.29066030 0.60194750 1.39957886
v 2.28791030 0.60133750 1.39957886
v 2.28508530 0.60024750 1.39957886
v 2.28368530 0.59970750 1.39957886
v 2.27431030 0.59395250 1.39957886
v 2.27426030 0.59389500 1.39957886
v 2.27418530 0.59380500 1.39957886
v 2.26776030 0.58491000 1.39957886
v 2.26581030 0.57910000 1.39957886
v 2.26438530 0.57482500 1.39957886
v 2.26438530 0.56438250 1.39957886
v 2.26776030 0.55429500 1.39957886
v 2.26581030 0.56010750 1.39957886
v 2.29591030 0.53686000 1.39957886
v 2.29066030 0.53726000 1.39957886
v 2.29668530 0.53680000 1.39957886
v 2.28791030 0.53787000 1.39957886
v 2.28508530 0.53896000 1.39957886
v 2.28368530 0.53950000 1.39957886
v 2.27431030 0.54525250 1.39957886
v 2.27426030 0.54531000 1.39957886
v 2.27418530 0.54540000 1.39957886
v -2.38513970 1.17500000 1.39957886
v -1.38513970 1.17500000 1.39957886
v 1.01486030 1.17500000 1.39957886
v -2.58513970 1.16250000 1.39957886
v 0.81486030 1.16250000 1.39957886
v 2.07313530 0.60209250 1.39957886
v 2.07596030 0.60100250 1.39957886
v 2.07736030 0.60046250 1.39957886
v 2.20903530 0.57173250 1.39957886
v 2.08673530 0.59470750 1.39957886
v 2.20361030 0.56948500 1.39957886
v 2.08678530 0.59465000 1.39957886
v 2.08686030 0.59456000 1.39957886
v 2.09328530 0.58566500 1.39957886
v 2.19896030 0.56591000 1.39957886
v 2.09523530 0.57985250 1.39957886
v 2.19538530 0.56125000 1.39957886
v 2.09666030 0.57558000 1.39957886
v 2.21486030 0.57250000 1.39957886
v 2.19313530 0.55582250 1.39957886
v 2.09666030 0.56513750 1.39957886
v 2.19236030 0.55000000 1.39957886
v 2.09523530 0.56086250 1.39957886
v 2.09328530 0.55505000 1.39957886
v 2.19538530 0.53875000 1.39957886
v 2.08686030 0.54615500 1.39957886
v 2.08678530 0.54606500 1.39957886
v 2.08673530 0.54600750 1.39957886
v 2.19313530 0.54417750 1.39957886
v 2.07596030 0.53971250 1.39957886
v 2.07313530 0.53862250 1.39957886
v 2.07038530 0.53801250 1.39957886
v 2.30271030 0.60194750 1.39957886
v 2.30543530 0.60133750 1.39957886
v 2.30826030 0.60024750 1.39957886
v 2.30966030 0.59970750 1.39957886
v 2.31903530 0.59395250 1.39957886
v 2.31908530 0.59389500 1.39957886
v 2.31918530 0.59380500 1.39957886
v 2.32558530 0.58491000 1.39957886
v 2.32753530 0.57910000 1.39957886
v 2.32898530 0.57482500 1.39957886
v 2.32898530 0.56438250 1.39957886
v 2.29743530 0.53686000 1.39957886
v 2.30271030 0.53726000 1.39957886
v 2.30543530 0.53787000 1.39957886
v 2.30826030 0.53896000 1.39957886
v 2.30966030 0.53950000 1.39957886
v 2.31903530 0.54525250 1.39957886
v 2.31908530 0.54531000 1.39957886
v 2.31918530 0.54540000 1.39957886
v 2.32558530 0.55429500 1.39957886
v 2.32753530 0.56010750 1.39957886
v -2.71013970 0.07500000 1.19957886
v -2.71013970 0.07500000 1.32457886
v -2.71013970 0.07500000 -1.32542114
v -2.71013970 0.07500000 -1.21542114
v -2.71013970 0.07500000 -0.15042114
v -2.71013970 0.07500000 -0.01542114
v -2.71013970 0.07500000 -0.40042114
v -2.71013970 0.07500000 -0.22542114
v -2.71013970 0.52500000 0.24957886
v -2.71013970 1.12500000 0.24957886
v -2.71013970 1.12500000 0.38457886
v -2.71013970 0.07500000 0.19957886
v -2.71013970 0.07500000 0.38457886
v -2.71013970 0.52500000 0.38457886
v -2.71013970 1.12500000 0.94957886
v -2.71013970 1.12500000 0.79957886
v -2.71013970 0.52500000 0.94957886
v -2.71013970 0.07500000 0.79957886
v -2.71013970 0.52500000 0.79957886
v -2.71013970 0.07500000 0.98457886
v -2.71013970 0.52500000 -1.10042114
v -2.71013970 1.12500000 -1.10042114
v -2.71013970 1.12500000 -1.01542114
v -2.71013970 0.07500000 -1.20042114
v -2.71013970 0.07500000 -1.01542114
v -2.71013970 0.52500000 -1.01542114
v -2.71013970 0.07500000 0.99957886
v -2.71013970 0.07500000 1.18457911
v -2.71013970 0.52500000 0.78457886
v -2.71013970 0.07500000 0.59957886
v -2.71013970 0.52500000 0.59957886
v -2.71013970 0.07500000 0.78457886
v -2.71013970 0.52500000 0.58457886
v -2.71013970 0.07500000 0.39957886
v -2.71013970 0.52500000 0.39957886
v -2.71013970 0.07500000 0.58457886
v -2.71013970 0.90000000 0.07707886
v -2.71013970 0.07500000 -0.00042114
v -2.71013970 0.90582250 0.07784636
v -2.71013970 0.91125000 0.08009386
v -2.71013970 0.91591000 0.08366886
v -2.71013970 0.91948500 0.08832886
v -2.71013970 0.92173250 0.09375636
v -2.71013970 0.92250000 0.09957886
v -2.71013970 0.92173250 0.10540136
v -2.71013970 0.91948500 0.11082886
v -2.71013970 0.91591000 0.11548886
v -2.71013970 0.91125000 0.11906386
v -2.71013970 0.90582250 0.12131136
v -2.71013970 0.90000000 0.12207886
v -2.71013970 0.89417750 0.07784636
v -2.71013970 0.88875000 0.08009386
v -2.71013970 0.88409000 0.08366886
v -2.71013970 0.88051500 0.08832886
v -2.71013970 0.87826750 0.09375636
v -2.71013970 0.87750000 0.09957886
v -2.71013970 0.07500000 0.18457886
v -2.71013970 0.87826750 0.10540136
v -2.71013970 0.88051500 0.11082886
v -2.71013970 0.88409000 0.11548886
v -2.71013970 0.88875000 0.11906386
v -2.71013970 0.89417750 0.12131136
v -2.71013970 0.52500000 -0.41542114
v -2.71013970 0.07500000 -0.60042114
v -2.71013970 0.52500000 -0.60042114
v -2.71013970 0.07500000 -0.41542114
v -2.71013970 0.52500000 -0.61542114
v -2.71013970 0.07500000 -0.80042114
v -2.71013970 0.52500000 -0.80042114
v -2.71013970 0.07500000 -0.61542114
v -2.71013970 0.52500000 -0.81542114
v -2.71013970 0.07500000 -1.00042114
v -2.71013970 0.52500000 -1.00042114
v -2.71013970 0.07500000 -0.81542114
v -2.71013970 1.12500000 0.59957886
v -2.71013970 1.12500000 0.78457886
v -2.71013970 1.12500000 0.39957886
v -2.71013970 1.12500000 0.58457886
v -2.71013970 1.12500000 -0.60042114
v -2.71013970 1.12500000 -0.41542114
v -2.71013970 1.12500000 -0.80042114
v -2.71013970 1.12500000 -0.61542114
v -2.71013970 1.12500000 -1.00042114
v -2.71013970 1.12500000 -0.81542114
v 2.63986030 0.07500000 -1.20042114
v 2.63986030 0.07500000 -1.32542114
v 2.63986030 0.07500000 1.32457886
v 2.63986030 0.07500000 1.21457861
v 2.63986030 0.07500000 0.19957886
v 2.63986030 0.07500000 0.02457886
v 2.63986030 0.07500000 -0.05042114
v 2.63986030 0.07500000 -0.18542114
v 2.63986030 0.07500000 -0.35042114
v 2.63986030 0.07500000 -0.20042114
v 2.63986030 1.07500000 -0.35042114
v 2.63986030 1.07500000 -0.38542114
v 2.63986030 0.07500000 -1.18542114
v 2.63986030 0.65000000 -1.15542114
v 2.63986030 0.63576500 -1.15354614
v 2.63986030 0.62250000 -1.14804614
v 2.63986030 0.61111000 -1.13932114
v 2.63986030 0.60236750 -1.12792114
v 2.63986030 0.59687500 -1.11464614
v 2.63986030 0.59500000 -1.10042114
v 2.63986030 0.07500000 -1.00042114
v 2.63986030 0.59687500 -1.08618614
v 2.63986030 0.60236750 -1.07292114
v 2.63986030 0.61111000 -1.06153114
v 2.63986030 0.62250000 -1.05278864
v 2.63986030 0.63576500 -1.04729614
v 2.63986030 0.65000000 -1.04542114
v 2.63986030 0.66423500 -1.15354614
v 2.63986030 0.67750000 -1.14804614
v 2.63986030 0.68889000 -1.13932114
v 2.63986030 0.69763250 -1.12792114
v 2.63986030 0.70312500 -1.11464614
v 2.63986030 0.70500000 -1.10042114
v 2.63986030 0.70312500 -1.08618614
v 2.63986030 0.69763250 -1.07292114
v 2.63986030 0.68889000 -1.06153114
v 2.63986030 0.67750000 -1.05278864
v 2.63986030 0.66423500 -1.04729614
v 2.63986030 0.07500000 1.01457886
v 2.63986030 0.52500000 1.04957886
v 2.63986030 0.52500000 1.01457886
v 2.63986030 0.07500000 1.19957886
v 2.63986030 1.12500000 1.04957886
v 2.63986030 1.12500000 1.01457886
v 2.63986030 0.07500000 0.21457886
v 2.63986030 0.52500000 0.34957886
v 2.63986030 0.07500000 0.39957886
v 2.63986030 0.52500000 0.39957886
v 2.63986030 1.12500000 0.34957886
v 2.63986030 1.12500000 0.39957886
v 2.63986030 0.07500000 0.59957886
v 2.63986030 0.52500000 0.41457886
v 2.63986030 0.07500000 0.41457886
v 2.63986030 0.52500000 0.59957886
v 2.63986030 0.07500000 0.79957886
v 2.63986030 0.52500000 0.61457886
v 2.63986030 0.07500000 0.61457886
v 2.63986030 0.52500000 0.79957886
v 2.63986030 0.07500000 0.99957886
v 2.63986030 0.52500000 0.81457886
v 2.63986030 0.07500000 0.81457886
v 2.63986030 0.52500000 0.99957886
v 2.63986030 1.07500000 -0.80042114
v 2.63986030 1.07500000 -0.98542114
v 2.63986030 1.07500000 -0.60042114
v 2.63986030 1.07500000 -0.78542114
v 2.63986030 1.07500000 -0.40042114
v 2.63986030 1.07500000 -0.58542114
v 2.63986030 1.12500000 0.59957886
v 2.63986030 1.12500000 0.41457886
v 2.63986030 1.12500000 0.79957886
v 2.63986030 1.12500000 0.61457886
v 2.63986030 1.12500000 0.99957886
v 2.63986030 1.12500000 0.81457886
v 2.62986030 0.07500000 -1.32542114
v -2.58513970 0.07500000 -1.32542114
v -0.26013970 0.07500000 -1.32542114
v -0.18513970 0.07500000 -1.32542114
v -0.37013970 0.07500000 -1.32542114
v -0.33513970 0.07500000 -1.32542114
v 0.73986030 0.07500000 -1.32542114
v 0.81486030 0.07500000 -1.32542114
v 0.62986030 0.07500000 -1.32542114
v 0.66486030 0.07500000 -1.32542114
v -2.57013995 0.07500000 -1.32542114
v -2.38513970 0.07500000 -1.32542114
v 2.42986030 0.07500000 -1.32542114
v 2.61486030 0.07500000 -1.32542114
v -0.11013970 1.07500000 -1.32542114
v -0.17013970 0.07500000 -1.32542114
v -0.11013970 0.07500000 -1.32542114
v 0.01486030 1.07500000 -1.32542114
v 0.53986030 1.07500000 -1.32542114
v 0.42986030 1.07500000 -1.32542114
v 0.61486030 0.07500000 -1.32542114
v 0.53986030 0.07500000 -1.32542114
v -2.28513970 1.12500000 -1.32542114
v -2.28513970 0.52500000 -1.32542114
v -2.37013970 0.07500000 -1.32542114
v -2.18513970 0.07500000 -1.32542114
v -2.18513970 0.52500000 -1.32542114
v -2.18513970 1.12500000 -1.32542114
v -1.57013970 0.07500000 -1.32542114
v -1.38513970 0.52500000 -1.32542114
v -1.57013970 0.52500000 -1.32542114
v -1.38513970 0.07500000 -1.32542114
v 2.02986030 0.07500000 -1.32542114
v 2.21486030 0.52500000 -1.32542114
v 2.02986030 0.52500000 -1.32542114
v 2.21486030 0.07500000 -1.32542114
v -1.57013970 1.12500000 -1.32542114
v -1.38513970 1.12500000 -1.32542114
v 2.02986030 1.12500000 -1.32542114
v 2.21486030 1.12500000 -1.32542114
v -2.17013970 0.07500000 -1.32542114
v -1.98513970 0.52500000 -1.32542114
v -2.17013970 0.52500000 -1.32542114
v -1.98513970 0.07500000 -1.32542114
v -1.97013970 0.07500000 -1.32542114
v -1.78513970 0.52500000 -1.32542114
v -1.97013970 0.52500000 -1.32542114
v -1.78513970 0.07500000 -1.32542114
v -1.77013970 0.07500000 -1.32542114
v -1.58513970 0.52500000 -1.32542114
v -1.77013970 0.52500000 -1.32542114
v -1.58513970 0.07500000 -1.32542114
v -1.37013970 0.07500000 -1.32542114
v -1.18513970 0.07500000 -1.32542114
v -1.17013970 0.07500000 -1.32542114
v -0.98513970 0.07500000 -1.32542114
v -0.97013970 0.07500000 -1.32542114
v -0.78513970 0.07500000 -1.32542114
v -0.77013970 0.07500000 -1.32542114
v -0.58513970 0.07500000 -1.32542114
v -0.57013970 0.07500000 -1.32542114
v -0.38513970 0.07500000 -1.32542114
v 0.82986030 0.07500000 -1.32542114
v 1.01486030 0.07500000 -1.32542114
v 1.02986030 0.07500000 -1.32542114
v 1.21486030 0.07500000 -1.32542114
v 1.22986030 0.07500000 -1.32542114
v 1.41486030 0.52500000 -1.32542114
v 1.22986030 0.52500000 -1.32542114
v 1.41486030 0.07500000 -1.32542114
v 1.42986030 0.07500000 -1.32542114
v 1.61486030 0.52500000 -1.32542114
v 1.42986030 0.52500000 -1.32542114
v 1.61486030 0.07500000 -1.32542114
v 1.62986030 0.07500000 -1.32542114
v 1.81486030 0.52500000 -1.32542114
v 1.62986030 0.52500000 -1.32542114
v 1.81486030 0.07500000 -1.32542114
v 1.82986030 0.07500000 -1.32542114
v 2.01486030 0.52500000 -1.32542114
v 1.82986030 0.52500000 -1.32542114
v 2.01486030 0.07500000 -1.32542114
v 2.22986030 0.07500000 -1.32542114
v 2.41486030 0.07500000 -1.32542114
v -2.17013970 1.12500000 -1.32542114
v -1.98513970 1.12500000 -1.32542114
v -1.97013970 1.12500000 -1.32542114
v -1.78513970 1.12500000 -1.32542114
v -1.77013970 1.12500000 -1.32542114
v -1.58513970 1.12500000 -1.32542114
v 0.02986030 1.07500000 -1.32542114
v 0.21486030 1.07500000 -1.32542114
v 0.22986030 1.07500000 -1.32542114
v 0.41486030 1.07500000 -1.32542114
v 1.22986030 1.12500000 -1.32542114
v 1.41486030 1.12500000 -1.32542114
v 1.42986030 1.12500000 -1.32542114
v 1.61486030 1.12500000 -1.32542114
v 1.62986030 1.12500000 -1.32542114
v 1.81486030 1.12500000 -1.32542114
v 1.82986030 1.12500000 -1.32542114
v 2.01486030 1.12500000 -1.32542114
v -2.70513970 0.07500000 1.18457911
v -2.70513970 0.07500000 0.99957886
v -2.70513970 0.07500000 0.98457886
v -2.70513970 0.07500000 0.79957886
v -2.70513970 0.07500000 0.78457886
v -2.70513970 0.07500000 0.59957886
v -2.70513970 0.07500000 0.58457886
v -2.70513970 0.07500000 0.39957886
v -2.70513970 0.07500000 0.38457886
v -2.70513970 0.07500000 0.19957886
v -2.70513970 0.07500000 0.18457886
v -2.70513970 0.07500000 -0.00042114
v -2.70513970 0.07500000 -0.41542114
v -2.70513970 0.07500000 -0.60042114
v -2.70513970 0.07500000 -0.61542114
v -2.70513970 0.07500000 -0.80042114
v -2.70513970 0.07500000 -0.81542114
v -2.70513970 0.07500000 -1.00042114
v -2.70513970 0.07500000 -1.01542114
v -2.70513970 0.07500000 -1.20042114
v -2.58513970 0.07500000 -1.32042114
v -2.70513970 0.07500000 -1.21542114
v -2.38513970 0.07500000 -1.32042114
v -2.18513970 0.07500000 -1.32042114
v -1.90013970 0.07500000 1.31957886
v -2.08513970 0.07500000 1.31957886
v -2.10013970 0.07500000 1.31957886
v -2.28513970 0.07500000 1.31957886
v -2.10013970 0.07500000 1.32457886
v -2.30013970 0.07500000 1.31957886
v -2.48513970 0.07500000 1.31957886
v -2.30013970 0.07500000 1.32457886
v -2.50013970 0.07500000 1.31957886
v -2.68513970 0.07500000 1.31957886
v -2.50013970 0.07500000 1.32457886
v -2.03513970 0.07500000 -0.15042114
v -2.70513970 0.07500000 -0.01542114
v -2.17013970 0.07500000 -1.32042114
v -1.98513970 0.07500000 -1.32042114
v -2.03513970 0.07500000 -0.22542114
v -2.37013970 0.07500000 -1.32042114
v -2.57013995 0.07500000 -1.32042114
v -2.70513970 0.07500000 -0.40042114
v -1.97013970 0.07500000 -1.32042114
v -1.78513970 0.07500000 -1.32042114
v -1.88513970 0.07500000 1.31957886
v -1.90013970 0.07500000 1.32457886
v -2.08513970 0.07500000 1.32457886
v -1.77013970 0.07500000 -1.32042114
v -1.58513970 0.07500000 -1.32042114
v -1.68513970 0.07500000 1.31957886
v -1.70013970 0.07500000 1.31957886
v -1.70013970 0.07500000 1.32457886
v -1.88513970 0.07500000 1.32457886
v -1.18513970 0.07500000 -1.32042114
v -0.98513970 0.07500000 -1.32042114
v -0.78513970 0.07500000 -1.32042114
v -0.58513970 0.07500000 -1.32042114
v -0.38513970 0.07500000 -1.32042114
v 0.81486030 0.07500000 -1.32042114
v 1.01486030 0.07500000 -1.32042114
v 1.21486030 0.07500000 -1.32042114
v 0.73986030 0.07500000 0.89957886
v 1.31486030 0.07500000 1.31957886
v 1.33986030 0.07500000 0.02457886
v 1.29986030 0.07500000 1.31957886
v 1.11486030 0.07500000 1.31957886
v 1.29986030 0.07500000 1.32457886
v 1.09986030 0.07500000 1.31957886
v 0.91486030 0.07500000 1.31957886
v 1.09986030 0.07500000 1.32457886
v 0.73986030 0.07500000 0.24957886
v 0.73986030 0.07500000 0.02457886
v 0.89986030 0.07500000 1.31957886
v 0.73986030 0.07500000 1.32457886
v 0.89986030 0.07500000 1.32457886
v 1.22986030 0.07500000 -1.32042114
v 1.41486030 0.07500000 -1.32042114
v 1.33986030 0.07500000 -0.05042114
v 0.73986030 0.07500000 -1.00042114
v 1.02986030 0.07500000 -1.32042114
v 0.82986030 0.07500000 -1.32042114
v 0.73986030 0.07500000 -0.35042114
v 0.73986030 0.07500000 -0.05042114
v 1.42986030 0.07500000 -1.32042114
v 1.61486030 0.07500000 -1.32042114
v 1.51486030 0.07500000 1.31957886
v 1.49986030 0.07500000 1.31957886
v 1.49986030 0.07500000 1.32457886
v 1.31486030 0.07500000 1.32457886
v 1.62986030 0.07500000 -1.32042114
v 1.81486030 0.07500000 -1.32042114
v 1.71486030 0.07500000 1.31957886
v 1.69986030 0.07500000 1.31957886
v 1.69986030 0.07500000 1.32457886
v 1.51486030 0.07500000 1.32457886
v 1.82986030 0.07500000 -1.32042114
v 2.01486030 0.07500000 -1.32042114
v 1.98986030 0.07500000 0.02457886
v 1.98986030 0.07500000 -0.05042114
v 1.89986030 0.07500000 1.31957886
v 1.91486030 0.07500000 1.31957886
v 1.89986030 0.07500000 1.32457886
v 1.71486030 0.07500000 1.32457886
v 2.21486030 0.07500000 -1.32042114
v 2.41486030 0.07500000 -1.32042114
v 2.61486030 0.07500000 -1.32042114
v 2.62986030 0.07500000 -1.32042114
v 2.42986030 0.07500000 -1.32042114
v 2.63486030 0.07500000 -1.18542114
v 2.63486030 0.07500000 -1.20042114
v 2.63486030 0.07500000 -1.00042114
v 2.22986030 0.07500000 -1.32042114
v 2.63486030 0.07500000 -0.98542114
v 2.63486030 0.07500000 -0.80042114
v 2.02986030 0.07500000 -1.32042114
v 2.63486030 0.07500000 -0.78542114
v 2.63486030 0.07500000 -0.60042114
v 2.66498530 0.07500000 -0.42279614
v 2.63486030 0.07500000 -0.40042114
v 2.66221030 0.07500000 -0.41917114
v 2.64986030 0.07500000 -0.40042114
v 2.64986030 0.07500000 -0.60042114
v 2.64986030 0.07500000 -0.78542114
v 2.64986030 0.07500000 -0.80042114
v 2.64986030 0.07500000 -0.98542114
v 2.63486030 0.07500000 -0.18542114
v 2.63486030 0.07500000 -0.58542114
v 2.63486030 0.07500000 -0.38542114
v 2.63486030 0.07500000 -0.20042114
v 2.63486030 0.07500000 0.19957886
v 2.63486030 0.07500000 0.21457886
v 2.63486030 0.07500000 0.39957886
v 2.63486030 0.07500000 0.41457886
v 2.63486030 0.07500000 0.59957886
v 2.63486030 0.07500000 0.61457886
v 2.09986030 0.07500000 1.31957886
v 2.63486030 0.07500000 0.79957886
v 2.11486030 0.07500000 1.31957886
v 2.63486030 0.07500000 0.81457886
v 2.63486030 0.07500000 0.99957886
v 2.31486030 0.07500000 1.31957886
v 2.63486030 0.07500000 1.01457886
v 2.49986030 0.07500000 1.31957886
v 2.63486030 0.07500000 1.19957886
v 2.51486030 0.07500000 1.31957886
v 2.63486030 0.07500000 1.21457861
v 2.49986030 0.07500000 1.32457886
v 2.29986030 0.07500000 1.31957886
v 2.29986030 0.07500000 1.32457886
v 2.09986030 0.07500000 1.32457886
v 1.91486030 0.07500000 1.32457886
v 2.51486030 0.07500000 1.32457886
v 2.31486030 0.07500000 1.32457886
v 2.11486030 0.07500000 1.32457886
v 1.11486030 0.07500000 1.32457886
v 0.91486030 0.07500000 1.32457886
v -1.38513970 0.07500000 -0.15042114
v -0.33513970 0.07500000 0.12457886
v -0.33513970 0.07500000 -0.15042114
v -0.33513970 0.07500000 0.77457886
v -0.48513970 0.07500000 1.31957886
v -0.33513970 0.07500000 1.32457886
v -0.50013970 0.07500000 1.31957886
v -0.68513970 0.07500000 1.31957886
v -0.50013970 0.07500000 1.32457886
v -0.70013970 0.07500000 1.31957886
v -0.88513970 0.07500000 1.31957886
v -0.70013970 0.07500000 1.32457886
v -1.08513970 0.07500000 1.31957886
v -0.90013970 0.07500000 1.31957886
v -0.90013970 0.07500000 1.32457886
v -1.10013970 0.07500000 1.31957886
v -1.28513970 0.07500000 1.31957886
v -1.10013970 0.07500000 1.32457886
v -1.30013970 0.07500000 1.31957886
v -1.48513970 0.07500000 1.31957886
v -1.30013970 0.07500000 1.32457886
v -1.48513970 0.07500000 1.32457886
v -0.37013970 0.07500000 -1.32042114
v -0.33513970 0.07500000 -1.12542114
v -0.57013970 0.07500000 -1.32042114
v -0.77013970 0.07500000 -1.32042114
v -0.33513970 0.07500000 -0.47542114
v -0.97013970 0.07500000 -1.32042114
v -1.38513970 0.07500000 -0.22542114
v -1.17013970 0.07500000 -1.32042114
v -1.37013970 0.07500000 -1.32042114
v -1.38513970 0.07500000 -1.32042114
v -0.33513970 0.07500000 -0.22542114
v -0.26013970 0.07500000 0.77457886
v -0.26013970 0.07500000 0.12457886
v -0.26013970 0.07500000 -0.47542114
v -0.26013970 0.07500000 -1.12542114
v -0.18513970 0.07500000 -1.32042114
v -0.18513970 0.07500000 1.02457886
v -0.26013970 0.07500000 1.32457886
v -0.18513970 0.07500000 1.32457886
v -0.17013970 0.07500000 -1.32042114
v -0.11013970 0.07500000 1.02457886
v -0.48513970 0.07500000 1.32457886
v -0.68513970 0.07500000 1.32457886
v -0.88513970 0.07500000 1.32457886
v -1.08513970 0.07500000 1.32457886
v -1.57013970 0.07500000 -1.32042114
v -1.50013970 0.07500000 1.31957886
v -1.50013970 0.07500000 1.32457886
v -1.68513970 0.07500000 1.32457886
v -1.28513970 0.07500000 1.32457886
v -2.28513970 0.07500000 1.32457886
v -2.48513970 0.07500000 1.32457886
v -2.68513970 0.07500000 1.32457886
v -2.70513970 0.07500000 1.19957886
v -2.70013945 0.07500000 1.31957886
v -2.70013945 0.07500000 1.32457886
v 0.49676030 0.07500000 -1.36744614
v 0.53986030 0.07500000 -1.43042114
v 0.49223530 0.07500000 -1.35054614
v 0.49501030 0.07500000 -1.35417114
v 0.48861030 0.07500000 -1.34777114
v 0.53986030 0.07500000 1.12457886
v 0.51486030 0.07500000 1.31957886
v 0.48438530 0.07500000 -1.34602114
v 0.49676030 0.07500000 -1.35839614
v 0.49736030 0.07500000 -1.36292114
v 0.49501030 0.07500000 -1.37167114
v 0.49223530 0.07500000 -1.37529614
v 0.48861030 0.07500000 -1.37807114
v 0.48438530 0.07500000 -1.37982114
v 0.47986030 0.07500000 -1.38042114
v 0.47533530 0.07500000 -1.37982114
v 0.47111030 0.07500000 -1.37807114
v 0.49986030 0.07500000 1.31957886
v 0.46296030 0.07500000 -1.36744614
v 0.42986030 0.07500000 -1.33542114
v 0.46236030 0.07500000 -1.36292114
v 0.41486030 0.07500000 -1.33542114
v 0.46471030 0.07500000 -1.37167114
v 0.46748530 0.07500000 -1.37529614
v 0.22986030 0.07500000 -1.33542114
v 0.22986030 0.07500000 -1.32042114
v 0.41486030 0.07500000 -1.32042114
v 0.41486030 0.07500000 1.39707887
v 0.49986030 0.07500000 1.33457886
v 0.31486030 0.07500000 1.33457886
v 0.31486030 0.07500000 1.31957886
v 0.21486030 0.07500000 1.39707887
v 0.29986030 0.07500000 1.33457886
v 0.29986030 0.07500000 1.31957886
v 0.21486030 0.07500000 -1.32042114
v 0.53986030 0.07500000 1.02457886
v 0.21486030 0.07500000 -1.33542114
v 0.02986030 0.07500000 -1.32042114
v 0.11486030 0.07500000 1.31957886
v 0.01486030 0.07500000 1.39707887
v 0.09986030 0.07500000 1.33457886
v 0.09986030 0.07500000 1.31957886
v -0.03498970 0.07500000 1.05332886
v 0.02986030 0.07500000 -1.33542114
v -0.11013970 0.07500000 -1.43042114
v 0.01486030 0.07500000 -1.32042114
v 0.01486030 0.07500000 -1.33542114
v -0.03498970 0.07500000 1.07082886
v -0.03323970 0.07500000 1.06660886
v -0.03263970 0.07500000 1.06207886
v -0.03776470 0.07500000 1.04970386
v -0.04138970 0.07500000 1.04692386
v -0.04561470 0.07500000 1.04517636
v -0.05013970 0.07500000 1.04457886
v -0.05466470 0.07500000 1.04517636
v -0.05888970 0.07500000 1.04692386
v -0.06251470 0.07500000 1.04970386
v -0.06528970 0.07500000 1.05332886
v -0.06703970 0.07500000 1.05754886
v -0.06763970 0.07500000 1.06207886
v -0.11013970 0.07500000 1.12457886
v 0.62986030 0.07500000 -1.32042114
v 0.66486030 0.07500000 -1.00042114
v 0.61486030 0.07500000 -1.32042114
v 0.66486030 0.07500000 -0.35042114
v 0.66486030 0.07500000 0.24957886
v 0.66486030 0.07500000 0.89957886
v 0.61486030 0.07500000 1.02457886
v 0.66486030 0.07500000 1.32457886
v 0.61486030 0.07500000 1.32457886
v 0.51486030 0.07500000 1.33457886
v 0.42986030 0.07500000 -1.32042114
v -0.03323970 0.07500000 1.05754886
v 0.47986030 0.07500000 -1.34542114
v 0.47533530 0.07500000 -1.34602114
v 0.47111030 0.07500000 -1.34777114
v 0.46748530 0.07500000 -1.35054614
v 0.46471030 0.07500000 -1.35417114
v 0.46296030 0.07500000 -1.35839614
v 0.45486030 0.07500000 1.39707887
v 0.25486030 0.07500000 1.39707887
v 0.11486030 0.07500000 1.33457886
v 0.05486030 0.07500000 1.39707887
v -0.03776470 0.07500000 1.07445386
v -0.04138970 0.07500000 1.07723386
v -0.04561470 0.07500000 1.07898136
v -0.08513970 0.07500000 1.31957886
v -0.05013970 0.07500000 1.07957886
v -0.05466470 0.07500000 1.07898136
v -0.05888970 0.07500000 1.07723386
v -0.06251470 0.07500000 1.07445386
v -0.06528970 0.07500000 1.07082886
v -0.06703970 0.07500000 1.06660886
v -0.08513970 0.07500000 1.33457886
v -0.10013970 0.07500000 1.33457886
v -0.10013970 0.07500000 1.31957886
v 2.74486030 0.07500000 -0.35042114
v 2.74486030 0.07500000 -1.00042114
v 2.69426030 0.07500000 -0.41495114
v 2.69486030 0.07500000 -0.41042114
v 2.64986030 0.07500000 -0.58542114
v 2.69251030 0.07500000 -0.41917114
v 2.68973530 0.07500000 -0.42279614
v 2.68611030 0.07500000 -0.42557614
v 2.68188530 0.07500000 -0.42732364
v 2.67736030 0.07500000 -0.42792114
v 2.67283530 0.07500000 -0.42732364
v 2.66861030 0.07500000 -0.42557614
v 2.64986030 0.07500000 -1.00042114
v 2.69426030 0.07500000 -0.40589114
v 2.69251030 0.07500000 -0.40167114
v 2.68973530 0.07500000 -0.39804614
v 2.68611030 0.07500000 -0.39526614
v 2.68188530 0.07500000 -0.39351864
v 2.67736030 0.07500000 -0.39292114
v 2.64986030 0.07500000 -0.38542114
v 2.67283530 0.07500000 -0.39351864
v 2.66861030 0.07500000 -0.39526614
v 2.66046030 0.07500000 -0.41495114
v 2.65986030 0.07500000 -0.41042114
v 2.66046030 0.07500000 -0.40589114
v 2.66221030 0.07500000 -0.40167114
v 2.66498530 0.07500000 -0.39804614
v 0.01486030 0.07500000 1.41957883
v 0.05486030 0.07500000 1.41957883
v 0.21486030 0.07500000 1.41957883
v 0.25486030 0.07500000 1.41957883
v 0.41486030 0.07500000 1.41957883
v 0.45486030 0.07500000 1.41957883
v -0.38513970 0.97250000 1.32457886
v -0.37931720 0.97173250 1.32457886
v -0.37388970 0.96948500 1.32457886
v -0.36922970 0.96591000 1.32457886
v -0.36565470 0.96125000 1.32457886
v -0.36340720 0.95582250 1.32457886
v -0.36263970 0.95000000 1.32457886
v -0.37931720 0.92826750 1.32457886
v -0.38513970 0.92750000 1.32457886
v -0.37388970 0.93051500 1.32457886
v -0.36922970 0.93409000 1.32457886
v -0.36565470 0.93875000 1.32457886
v -0.36340720 0.94417750 1.32457886
v -0.39096220 0.97173250 1.32457886
v -0.39638970 0.96948500 1.32457886
v -0.40104970 0.96591000 1.32457886
v -0.40462470 0.96125000 1.32457886
v -0.40687220 0.95582250 1.32457886
v -0.40763970 0.95000000 1.32457886
v -0.40687220 0.94417750 1.32457886
v -0.39096220 0.92826750 1.32457886
v -0.39638970 0.93051500 1.32457886
v -0.40104970 0.93409000 1.32457886
v -0.40462470 0.93875000 1.32457886
v 2.21486030 0.57250000 1.32457886
v 2.20903530 0.57173250 1.32457886
v 2.22068530 0.57173250 1.32457886
v 2.22611030 0.56948500 1.32457886
v 2.23076030 0.56591000 1.32457886
v 2.23433530 0.56125000 1.32457886
v 2.23658530 0.55582250 1.32457886
v 2.23736030 0.55000000 1.32457886
v 2.22068530 0.52826750 1.32457886
v 2.21486030 0.52750000 1.32457886
v 2.22611030 0.53051500 1.32457886
v 2.23076030 0.53409000 1.32457886
v 2.23433530 0.53875000 1.32457886
v 2.23658530 0.54417750 1.32457886
v 2.20361030 0.56948500 1.32457886
v 2.19896030 0.56591000 1.32457886
v 2.19538530 0.56125000 1.32457886
v 2.19313530 0.55582250 1.32457886
v 2.19236030 0.55000000 1.32457886
v 2.20903530 0.52826750 1.32457886
v 2.20361030 0.53051500 1.32457886
v 2.19896030 0.53409000 1.32457886
v 2.19538530 0.53875000 1.32457886
v 2.19313530 0.54417750 1.32457886
v -2.30013970 0.52500000 1.32457886
v -2.43513970 0.52500000 1.32457886
v -2.43513970 1.12500000 1.32457886
v -2.30013970 1.12500000 1.32457886
v -1.30013970 0.52500000 1.32457886
v -1.43513970 0.52500000 1.32457886
v -1.43513970 1.12500000 1.32457886
v -1.30013970 1.12500000 1.32457886
v 1.09986030 0.52500000 1.32457886
v 0.96486030 0.52500000 1.32457886
v 0.96486030 1.12500000 1.32457886
v 1.09986030 1.12500000 1.32457886
v 1.86486030 1.12500000 1.32457886
v 1.86486030 0.52500000 1.32457886
v 1.71486030 0.52500000 1.32457886
v 1.71486030 1.12500000 1.32457886
v -2.28513970 0.52500000 1.32457886
v -2.10013970 0.52500000 1.32457886
v -2.08513970 0.52500000 1.32457886
v -1.90013970 0.52500000 1.32457886
v -1.88513970 0.52500000 1.32457886
v -1.70013970 0.52500000 1.32457886
v -1.28513970 0.52500000 1.32457886
v -1.10013970 0.52500000 1.32457886
v -1.08513970 0.52500000 1.32457886
v -0.90013970 0.52500000 1.32457886
v -0.88513970 0.52500000 1.32457886
v -0.70013970 0.52500000 1.32457886
v 1.11486030 0.52500000 1.32457886
v 1.29986030 0.52500000 1.32457886
v 1.31486030 0.52500000 1.32457886
v 1.49986030 0.52500000 1.32457886
v 1.51486030 0.52500000 1.32457886
v 1.69986030 0.52500000 1.32457886
v -2.10013970 1.12500000 1.32457886
v -2.28513970 1.12500000 1.32457886
v -1.90013970 1.12500000 1.32457886
v -2.08513970 1.12500000 1.32457886
v -1.70013970 1.12500000 1.32457886
v -1.88513970 1.12500000 1.32457886
v -1.10013970 1.12500000 1.32457886
v -1.28513970 1.12500000 1.32457886
v -0.90013970 1.12500000 1.32457886
v -1.08513970 1.12500000 1.32457886
v -0.70013970 1.12500000 1.32457886
v -0.88513970 1.12500000 1.32457886
v 1.29986030 1.12500000 1.32457886
v 1.11486030 1.12500000 1.32457886
v 1.49986030 1.12500000 1.32457886
v 1.31486030 1.12500000 1.32457886
v 1.69986030 1.12500000 1.32457886
v 1.51486030 1.12500000 1.32457886
v -0.11013970 1.12500000 1.12957886
v -0.11013970 1.12500000 1.09957886
v -0.11013970 1.07500000 1.12957886
v -0.11013970 1.07500000 1.12457886
v -0.11013970 1.07500000 1.02457886
v 0.53986030 1.07500000 1.02457886
v 0.53986030 1.07500000 1.12957886
v 0.53986030 1.07500000 1.12457886
v 0.53986030 1.12500000 1.12957886
v 0.53986030 1.12500000 1.09957886
v -0.33513970 1.07500000 0.77457886
v -0.33513970 1.07500000 0.12457886
v -0.33513970 1.07500000 -0.47542114
v -0.33513970 1.07500000 -1.12542114
v -0.26013970 1.07500000 -0.47542114
v -0.26013970 1.07500000 -1.12542114
v -0.26013970 1.07500000 0.12457886
v -0.26013970 1.07500000 0.77457886
v 0.66486030 1.07500000 -0.35042114
v 0.66486030 1.07500000 -1.00042114
v 0.66486030 1.07500000 0.24957886
v 0.66486030 1.07500000 0.89957886
v 0.73986030 1.07500000 0.24957886
v 0.73986030 1.07500000 0.89957886
v 0.73986030 1.07500000 -0.35042114
v 0.73986030 1.07500000 -1.00042114
v -1.38513970 1.07500000 -0.22542114
v -2.03513970 1.07500000 -0.22542114
v -2.03513970 1.07500000 -0.15042114
v -1.38513970 1.07500000 -0.15042114
v 1.33986030 1.07500000 -0.05042114
v 1.98986030 1.07500000 -0.05042114
v 1.33986030 1.07500000 0.02457886
v 1.98986030 1.07500000 0.02457886
v -1.54763970 1.45000000 1.36207886
v -1.54891720 1.45000000 1.35237311
v -1.57543470 1.45000000 1.32585661
v -1.56638970 1.45000000 1.32960286
v -1.62263970 1.45000000 1.36207886
v -1.62136220 1.45000000 1.37178461
v -1.56638970 1.45000000 1.39455483
v -1.57543470 1.45000000 1.39830108
v -1.58513970 1.45000000 1.39957886
v -1.55266470 1.45000000 1.34332886
v -1.59484470 1.45000000 1.32585661
v -1.58513970 1.45000000 1.32457886
v -1.60388970 1.45000000 1.32960286
v -1.62136220 1.45000000 1.35237311
v -1.61761470 1.45000000 1.38082886
v -1.55862220 1.45000000 1.33556236
v -1.61761470 1.45000000 1.34332886
v -1.61165720 1.45000000 1.33556236
v -1.55266470 1.45000000 1.38082886
v -1.54891720 1.45000000 1.37178461
v -1.55862220 1.45000000 1.38859536
v -1.59484470 1.45000000 1.39830108
v -1.60388970 1.45000000 1.39455483
v -1.61165720 1.45000000 1.38859536
v 2.15236030 1.45000000 1.36207886
v 2.15108530 1.45000000 1.35237311
v 2.11486030 1.40000000 1.32457886
v 2.10516030 1.45000000 1.32585661
v 2.11486030 1.45000000 1.32457886
v 2.10516030 1.40000000 1.32585661
v 2.12456030 1.45000000 1.39830108
v 2.11486030 1.45000000 1.39957886
v 2.13361030 1.45000000 1.39455483
v 2.09611030 1.45000000 1.39455483
v 2.08833530 1.45000000 1.38859536
v 2.13361030 1.45000000 1.32960286
v 2.14138530 1.45000000 1.33556236
v 2.14733530 1.45000000 1.34332886
v 2.08833530 1.45000000 1.33556236
v 2.08238530 1.45000000 1.34332886
v 2.09986030 1.40000000 1.32804961
v 2.09611030 1.45000000 1.32960286
v 2.07863530 1.45000000 1.37178461
v 2.08238530 1.45000000 1.38082886
v 2.12456030 1.45000000 1.32585661
v 2.07863530 1.45000000 1.35237311
v 2.07736030 1.45000000 1.36207886
v 2.15108530 1.45000000 1.37178461
v 2.14733530 1.45000000 1.38082886
v 2.10516030 1.45000000 1.39830108
v 2.14138530 1.45000000 1.38859536
v -2.44763970 1.45000000 -1.36292114
v -2.44891720 1.45000000 -1.37262114
v -2.49484470 1.45000000 -1.39914614
v -2.48513970 1.45000000 -1.40042114
v -2.47543470 1.45000000 -1.32669614
v -2.48513970 1.45000000 -1.32542114
v -2.50388970 1.45000000 -1.33044614
v -2.51165720 1.45000000 -1.33639614
v -2.46638970 1.45000000 -1.39539614
v -2.45862220 1.45000000 -1.38944614
v -2.45266470 1.45000000 -1.38167114
v -2.51165720 1.45000000 -1.38944614
v -2.51761470 1.45000000 -1.38167114
v -2.50388970 1.45000000 -1.39539614
v -2.52136220 1.45000000 -1.35322114
v -2.51761470 1.45000000 -1.34417114
v -2.47543470 1.45000000 -1.39914614
v -2.52136220 1.45000000 -1.37262114
v -2.52263970 1.45000000 -1.36292114
v -2.44891720 1.45000000 -1.35322114
v -2.46638970 1.45000000 -1.33044614
v -2.45266470 1.45000000 -1.34417114
v -2.49484470 1.45000000 -1.32669614
v -2.45862220 1.45000000 -1.33639614
v 2.50236030 1.45000000 -1.36292114
v 2.50108530 1.45000000 -1.37262114
v 2.47456030 1.45000000 -1.39914614
v 2.48361030 1.45000000 -1.39539614
v 2.42736030 1.45000000 -1.36292114
v 2.42863530 1.45000000 -1.35322114
v 2.48361030 1.45000000 -1.33044614
v 2.47456030 1.45000000 -1.32669614
v 2.46486030 1.45000000 -1.32542114
v 2.49733530 1.45000000 -1.38167114
v 2.45516030 1.45000000 -1.39914614
v 2.46486030 1.45000000 -1.40042114
v 2.44611030 1.45000000 -1.39539614
v 2.42863530 1.45000000 -1.37262114
v 2.43238530 1.45000000 -1.34417114
v 2.49138530 1.45000000 -1.38944614
v 2.43238530 1.45000000 -1.38167114
v 2.43833530 1.45000000 -1.38944614
v 2.49733530 1.45000000 -1.34417114
v 2.50108530 1.45000000 -1.35322114
v 2.49138530 1.45000000 -1.33639614
v 2.45516030 1.45000000 -1.32669614
v 2.44611030 1.45000000 -1.33044614
v 2.43833530 1.45000000 -1.33639614
v -2.80513968 0.07500000 1.43957886
v -2.78263972 0.07500000 1.41957883
v -2.78263972 0.07500000 1.43957886
v -2.80513968 0.07500000 1.33957886
v -2.72513970 0.07500000 1.41957883
v -2.58513970 0.07500000 1.41957883
v -2.58513970 0.48750000 1.41957883
v -2.58513970 1.16250000 1.41957883
v -2.54513970 1.16250000 1.41957883
v -2.54513970 0.48750000 1.41957883
v -2.54513970 0.07500000 1.41957883
v -2.38513970 0.07500000 1.41957883
v -2.38513970 0.42500000 1.41957883
v -2.38513970 1.17500000 1.41957883
v -2.34513970 1.17500000 1.41957883
v -2.34513970 0.42500000 1.41957883
v -2.34513970 0.07500000 1.41957883
v -2.18513970 0.07500000 1.41957883
v -2.18513970 0.42500000 1.41957883
v -2.18513970 1.17500000 1.41957883
v -2.14513970 1.17500000 1.41957883
v -2.14513970 0.42500000 1.41957883
v -2.14513970 0.07500000 1.41957883
v -1.98513970 0.07500000 1.41957883
v -1.98513970 0.42500000 1.41957883
v -1.98513970 1.17500000 1.41957883
v -1.94513970 1.17500000 1.41957883
v -1.94513970 0.42500000 1.41957883
v -1.94513970 0.07500000 1.41957883
v -1.78513970 0.07500000 1.41957883
v -1.78513970 0.42500000 1.41957883
v -1.78513970 1.17500000 1.41957883
v -1.74513970 1.17500000 1.41957883
v -1.74513970 0.42500000 1.41957883
v -1.74513970 0.07500000 1.41957883
v -1.58513970 1.16250000 1.41957883
v -1.58513970 0.07500000 1.41957883
v -1.58513970 0.48750000 1.41957883
v -1.54513970 1.16250000 1.41957883
v -1.54513970 0.48750000 1.41957883
v -1.54513970 0.07500000 1.41957883
v -1.38513970 0.07500000 1.41957883
v -1.38513970 0.42500000 1.41957883
v -1.38513970 1.17500000 1.41957883
v -1.34513970 1.17500000 1.41957883
v -1.34513970 0.42500000 1.41957883
v -1.34513970 0.07500000 1.41957883
v -1.18513970 0.07500000 1.41957883
v -1.18513970 0.42500000 1.41957883
v -1.18513970 1.17500000 1.41957883
v -1.14513970 1.17500000 1.41957883
v -1.14513970 0.42500000 1.41957883
v -1.14513970 0.07500000 1.41957883
v -0.98513970 0.07500000 1.41957883
v -0.98513970 0.42500000 1.41957883
v -0.98513970 1.17500000 1.41957883
v -0.94513970 1.17500000 1.41957883
v -0.94513970 0.42500000 1.41957883
v -0.94513970 0.07500000 1.41957883
v -0.78513970 0.07500000 1.41957883
v -0.78513970 0.42500000 1.41957883
v -0.78513970 1.17500000 1.41957883
v -0.74513970 1.17500000 1.41957883
v -0.74513970 0.42500000 1.41957883
v -0.74513970 0.07500000 1.41957883
v -0.58513970 0.07500000 1.41957883
v -0.58513970 0.48750000 1.41957883
v -0.58513970 1.16250000 1.41957883
v -0.54513970 1.16250000 1.41957883
v -0.54513970 0.48750000 1.41957883
v -0.54513970 0.07500000 1.41957883
v -0.38513970 0.07500000 1.41957883
v -0.38513970 0.92750000 1.41957883
v -0.38513970 0.97250000 1.41957883
v -0.34513970 0.07500000 1.41957883
v -0.37931720 0.97173250 1.41957883
v -0.37388970 0.96948500 1.41957883
v -0.36922970 0.96591000 1.41957883
v -0.36565470 0.96125000 1.41957883
v -0.36340720 0.95582250 1.41957883
v -0.36263970 0.95000000 1.41957883
v -0.37931720 0.92826750 1.41957883
v -0.37388970 0.93051500 1.41957883
v -0.36922970 0.93409000 1.41957883
v -0.36565470 0.93875000 1.41957883
v -0.36340720 0.94417750 1.41957883
v -0.18513970 0.07500000 1.41957883
v -0.14513970 0.07500000 1.41957883
v 0.21486030 0.52538500 1.39854281
v 0.21486030 0.52741500 1.39707887
v 0.21486030 0.51650250 1.41644916
v 0.21486030 0.52435750 1.39982756
v 0.21486030 0.52336500 1.40106855
v 0.21486030 0.52073000 1.40535968
v 0.21486030 0.51800250 1.40980221
v 0.21486030 0.51795000 1.40994856
v 0.21486030 0.51672500 1.41544598
v 0.21486030 0.51640750 1.41770283
v 0.21486030 0.51626500 1.41957883
v 0.21486030 0.57408750 1.39854281
v 0.21486030 0.57205750 1.39707887
v 0.21486030 0.57511500 1.39982756
v 0.21486030 0.57610750 1.40106855
v 0.21486030 0.57874250 1.40535968
v 0.21486030 0.58147000 1.40980221
v 0.21486030 0.58152250 1.40994856
v 0.21486030 0.58274750 1.41544598
v 0.21486030 0.58297000 1.41644916
v 0.21486030 0.58306750 1.41770283
v 0.21486030 0.58321000 1.41957883
v 0.21523530 0.57166500 1.39707887
v 0.21886030 0.56781500 1.39707887
v 0.22086030 0.56504500 1.39707887
v 0.22146030 0.56323250 1.39707887
v 0.22423530 0.55495750 1.39707887
v 0.22423530 0.54451500 1.39707887
v 0.22086030 0.53443000 1.39707887
v 0.22146030 0.53624000 1.39707887
v 0.21886030 0.53165750 1.39707887
v 0.21523530 0.52780750 1.39707887
v 0.21786030 0.58147000 1.41957883
v 0.22233530 0.57701500 1.41957883
v 0.22526030 0.57408750 1.41957883
v 0.22888530 0.56779750 1.41957883
v 0.23048530 0.56504500 1.41957883
v 0.23113530 0.56258750 1.41957883
v 0.23318530 0.55495750 1.41957883
v 0.23318530 0.54451500 1.41957883
v 0.23048530 0.53443000 1.41957883
v 0.23113530 0.53688500 1.41957883
v 0.22233530 0.52245750 1.41957883
v 0.21786030 0.51800250 1.41957883
v 0.22526030 0.52538500 1.41957883
v 0.22888530 0.53167750 1.41957883
v 0.41486030 0.61964750 1.41937156
v 0.41486030 0.62616750 1.40013271
v 0.41486030 0.62901250 1.39707887
v 0.41486030 0.62485000 1.40258021
v 0.41486030 0.62377500 1.40457861
v 0.41486030 0.62228500 1.40780743
v 0.41486030 0.62094750 1.41070233
v 0.41486030 0.62071000 1.41180753
v 0.41486030 0.62067250 1.41197511
v 0.41486030 0.62005500 1.41573111
v 0.41486030 0.61997000 1.41624543
v 0.41486030 0.61991000 1.41684438
v 0.41486030 0.61964000 1.41957883
v 0.41486030 0.84480250 1.39973600
v 0.41486030 0.84232500 1.39707887
v 0.41486030 0.84672750 1.40331513
v 0.41486030 0.84830000 1.40623751
v 0.41486030 0.84920750 1.40820416
v 0.41486030 0.85002250 1.40996741
v 0.41486030 0.85065750 1.41293286
v 0.41486030 0.85118500 1.41612783
v 0.41486030 0.85129500 1.41679841
v 0.41486030 0.85150750 1.41885951
v 0.41486030 0.85158250 1.41957883
v 0.41486030 0.68679000 1.39707887
v 0.41486030 0.78133250 1.39973600
v 0.41486030 0.78381000 1.39707887
v 0.41486030 0.68963500 1.40013271
v 0.41486030 0.69095250 1.40258021
v 0.41486030 0.77940750 1.40331513
v 0.41486030 0.69202750 1.40457861
v 0.41486030 0.77783500 1.40623751
v 0.41486030 0.69352000 1.40780743
v 0.41486030 0.77692750 1.40820416
v 0.41486030 0.77611250 1.40996741
v 0.41486030 0.69485750 1.41070233
v 0.41486030 0.69509500 1.41180753
v 0.41486030 0.77547750 1.41293286
v 0.41486030 0.69513000 1.41197511
v 0.41486030 0.69574750 1.41573111
v 0.41486030 0.77495000 1.41612783
v 0.41486030 0.69583250 1.41624543
v 0.41486030 0.77484000 1.41679841
v 0.41486030 0.69589500 1.41684438
v 0.41486030 0.77462750 1.41885951
v 0.41486030 0.69615500 1.41937156
v 0.41486030 0.77455250 1.41957883
v 0.41486030 0.69616250 1.41957883
v 0.45486030 0.81828750 1.39770081
v 0.45486030 0.66455750 1.39707887
v 0.45486030 0.82257500 1.39957146
v 0.45486030 0.83797000 1.41957883
v 0.45486030 0.82837500 1.40210236
v 0.45486030 0.82946250 1.40312486
v 0.45486030 0.83067500 1.40426531
v 0.45486030 0.83370500 1.40879876
v 0.45486030 0.83705750 1.41381156
v 0.45486030 0.83713000 1.41412761
v 0.45486030 0.83741750 1.41539338
v 0.45486030 0.80784750 1.39770081
v 0.45486030 0.66858500 1.39883655
v 0.45486030 0.80356000 1.39957146
v 0.45486030 0.67321000 1.40085419
v 0.45486030 0.79776000 1.40210236
v 0.45486030 0.67520250 1.40272813
v 0.45486030 0.79667250 1.40312486
v 0.45486030 0.79546000 1.40426531
v 0.45486030 0.67742500 1.40481826
v 0.45486030 0.67959500 1.40806383
v 0.45486030 0.79243000 1.40879876
v 0.45486030 0.68225250 1.41203886
v 0.45486030 0.78907750 1.41381156
v 0.45486030 0.68303500 1.41406818
v 0.45486030 0.78900500 1.41412761
v 0.45486030 0.78871750 1.41539338
v 0.45486030 0.68376000 1.41957883
v 0.45486030 0.78816500 1.41957883
v 0.45486030 0.64721750 1.39883655
v 0.45486030 0.65124500 1.39707887
v 0.45486030 0.64259500 1.40085419
v 0.45486030 0.64060250 1.40272813
v 0.45486030 0.63837750 1.40481826
v 0.45486030 0.63620750 1.40806383
v 0.45486030 0.63355250 1.41203886
v 0.45486030 0.63276750 1.41406818
v 0.45486030 0.63204250 1.41957883
v 0.43551030 0.62918750 1.39707887
v 0.43941030 0.63068500 1.39707887
v 0.42581030 0.62692750 1.39707887
v 0.42496030 0.62681750 1.39707887
v 0.43166030 0.62770000 1.39707887
v 0.44406030 0.63355250 1.39707887
v 0.44633530 0.63597250 1.39707887
v 0.44996030 0.63982250 1.39707887
v 0.45196030 0.64259500 1.39707887
v 0.45256030 0.64440500 1.39707887
v 0.42411030 0.62692750 1.39707887
v 0.41826030 0.62770000 1.39707887
v 0.42401030 0.84415250 1.39707887
v 0.42486030 0.84404000 1.39707887
v 0.43071030 0.84327000 1.39707887
v 0.43456030 0.84178250 1.39707887
v 0.43843530 0.84028500 1.39707887
v 0.44311030 0.83741750 1.39707887
v 0.44538530 0.83499750 1.39707887
v 0.44901030 0.83114500 1.39707887
v 0.45101030 0.82837500 1.39707887
v 0.45161030 0.82656500 1.39707887
v 0.45438530 0.81828750 1.39707887
v 0.45438530 0.80784750 1.39707887
v 0.45256030 0.67139750 1.39707887
v 0.45161030 0.79957000 1.39707887
v 0.44633530 0.67983250 1.39707887
v 0.44538530 0.79113750 1.39707887
v 0.44901030 0.79499000 1.39707887
v 0.42486030 0.78209500 1.39707887
v 0.42496030 0.68898750 1.39707887
v 0.42401030 0.78198250 1.39707887
v 0.42581030 0.68887500 1.39707887
v 0.43071030 0.78286500 1.39707887
v 0.43166030 0.68810500 1.39707887
v 0.43456030 0.78435250 1.39707887
v 0.43551030 0.68661500 1.39707887
v 0.43843530 0.78585000 1.39707887
v 0.43941030 0.68512000 1.39707887
v 0.44311030 0.78871750 1.39707887
v 0.44406030 0.68225250 1.39707887
v 0.44996030 0.67598000 1.39707887
v 0.45101030 0.79776000 1.39707887
v 0.45196030 0.67321000 1.39707887
v 0.42316030 0.84404000 1.39707887
v 0.41731030 0.84327000 1.39707887
v 0.42411030 0.68887500 1.39707887
v 0.42316030 0.78209500 1.39707887
v 0.41826030 0.68810500 1.39707887
v 0.41731030 0.78286500 1.39707887
v 0.42858530 0.85272500 1.41957883
v 0.41943530 0.85272500 1.41957883
v 0.43053530 0.85223250 1.41957883
v 0.43333530 0.85153500 1.41957883
v 0.43526030 0.85102000 1.41957883
v 0.43898530 0.85002250 1.41957883
v 0.44256030 0.84795250 1.41957883
v 0.44803530 0.84480250 1.41957883
v 0.45028530 0.84255500 1.41957883
v 0.41563530 0.61943250 1.41957883
v 0.42038530 0.61824500 1.41957883
v 0.41843530 0.61873750 1.41957883
v 0.42953530 0.61824500 1.41957883
v 0.45343530 0.63062250 1.41957883
v 0.44898530 0.62616750 1.41957883
v 0.43428530 0.61943250 1.41957883
v 0.43621030 0.61995000 1.41957883
v 0.43993530 0.62094750 1.41957883
v 0.44353530 0.62301750 1.41957883
v 0.41943530 0.77341000 1.41957883
v 0.42038530 0.69756000 1.41957883
v 0.42858530 0.77341000 1.41957883
v 0.41843530 0.69706750 1.41957883
v 0.41563530 0.69637000 1.41957883
v 0.42953530 0.69756000 1.41957883
v 0.43053530 0.77390250 1.41957883
v 0.43333530 0.77460000 1.41957883
v 0.43428530 0.69637000 1.41957883
v 0.43526030 0.77511500 1.41957883
v 0.43621030 0.69585500 1.41957883
v 0.43898530 0.77611250 1.41957883
v 0.43993530 0.69485750 1.41957883
v 0.44256030 0.77818250 1.41957883
v 0.44353530 0.69278500 1.41957883
v 0.44803530 0.78133250 1.41957883
v 0.44898530 0.68963500 1.41957883
v 0.45028530 0.78358000 1.41957883
v 0.45343530 0.68518000 1.41957883
v 0.61486030 0.07500000 1.41957883
v 0.65486030 0.07500000 1.41957883
v 0.81486030 0.07500000 1.41957883
v 0.81486030 0.48750000 1.41957883
v 0.81486030 1.16250000 1.41957883
v 0.85486030 1.16250000 1.41957883
v 0.85486030 0.48750000 1.41957883
v 0.85486030 0.07500000 1.41957883
v 1.01486030 0.07500000 1.41957883
v 1.01486030 0.42500000 1.41957883
v 1.01486030 1.17500000 1.41957883
v 1.05486030 1.17500000 1.41957883
v 1.05486030 0.42500000 1.41957883
v 1.05486030 0.07500000 1.41957883
v 1.21486030 0.07500000 1.41957883
v 1.21486030 0.42500000 1.41957883
v 1.21486030 1.17500000 1.41957883
v 1.25486030 1.17500000 1.41957883
v 1.25486030 0.42500000 1.41957883
v 1.25486030 0.07500000 1.41957883
v 1.41486030 0.07500000 1.41957883
v 1.41486030 0.42500000 1.41957883
v 1.41486030 1.17500000 1.41957883
v 1.45486030 1.17500000 1.41957883
v 1.45486030 0.42500000 1.41957883
v 1.45486030 0.07500000 1.41957883
v 1.61486030 0.07500000 1.41957883
v 1.61486030 0.42500000 1.41957883
v 1.61486030 1.17500000 1.41957883
v 1.65486030 1.17500000 1.41957883
v 1.65486030 0.42500000 1.41957883
v 1.65486030 0.07500000 1.41957883
v 1.81486030 0.07500000 1.41957883
v 1.81486030 0.42500000 1.41957883
v 1.81486030 1.17500000 1.41957883
v 1.85486030 1.17500000 1.41957883
v 1.85486030 0.42500000 1.41957883
v 1.85486030 0.07500000 1.41957883
v 2.01486030 0.07500000 1.41957883
v 2.01486030 0.48750000 1.41957883
v 2.01486030 1.16250000 1.41957883
v 2.05486030 1.16250000 1.41957883
v 2.05486030 0.60209250 1.39988494
v 2.05486030 0.60379000 1.40303921
v 2.05486030 0.60517500 1.40561468
v 2.05486030 0.60630250 1.40805521
v 2.05486030 0.60731250 1.41024333
v 2.05486030 0.60781250 1.41257326
v 2.05486030 0.60837250 1.41597888
v 2.05486030 0.60847250 1.41659081
v 2.05486030 0.60854750 1.41730341
v 2.05486030 0.60877750 1.41953183
v 2.05486030 0.60880500 1.42030413
v 2.05486030 0.60886750 1.42207886
v 2.05486030 1.16250000 1.42457886
v 2.05486030 0.60880500 1.42385356
v 2.05486030 0.60878000 1.42457886
v 2.05486030 0.53191000 1.42030413
v 2.05486030 0.48750000 1.41957883
v 2.05486030 0.53193750 1.41953183
v 2.05486030 0.53184750 1.42207886
v 2.05486030 0.48750000 1.42457886
v 2.05486030 0.53191000 1.42385356
v 2.05486030 0.53193500 1.42457886
v 2.05486030 0.53862250 1.39988494
v 2.05486030 0.53692750 1.40303921
v 2.05486030 0.53554000 1.40561468
v 2.05486030 0.53441250 1.40805521
v 2.05486030 0.53340250 1.41024333
v 2.05486030 0.53290250 1.41257326
v 2.05486030 0.53234250 1.41597888
v 2.05486030 0.53224250 1.41659081
v 2.05486030 0.53216750 1.41730341
v 2.05486030 0.07500000 1.41957883
v 2.21486030 0.07500000 1.41957883
v 2.21486030 0.52750000 1.41957883
v 2.21486030 0.57250000 1.41957883
v 2.25486030 0.07500000 1.41957883
v 2.22068530 0.57173250 1.41957883
v 2.22611030 0.56948500 1.41957883
v 2.23076030 0.56591000 1.41957883
v 2.23433530 0.56125000 1.41957883
v 2.23658530 0.55582250 1.41957883
v 2.23736030 0.55000000 1.41957883
v 2.22068530 0.52826750 1.41957883
v 2.22611030 0.53051500 1.41957883
v 2.23076030 0.53409000 1.41957883
v 2.23433530 0.53875000 1.41957883
v 2.23658530 0.54417750 1.41957883
v 2.41486030 0.07500000 1.41957883
v 2.45486030 0.07500000 1.41957883
v 2.61486030 0.07500000 1.41957883
v 2.73486030 0.07500000 1.41957883
v 2.73486030 0.07500000 1.33957886
v 2.64986030 0.07500000 1.41457863
v 2.63486030 0.07500000 1.41457863
v 2.71236030 0.07500000 -1.42042114
v 2.65486030 0.07500000 -1.42042114
v 2.73486030 0.07500000 -1.34042114
v 2.73486030 0.07500000 -1.44042114
v 2.71236030 0.07500000 -1.44042114
v 2.51486030 0.07500000 -1.42042114
v 2.47486030 0.07500000 -1.42042114
v 2.31486030 0.07500000 -1.42042114
v 2.31486030 0.48750000 -1.42042114
v 2.31486030 1.16250000 -1.42042114
v 2.27486030 0.48000000 -1.42042114
v 2.27486030 0.42500000 -1.42042114
v 2.27486030 0.07500000 -1.42042114
v 2.28986030 0.48000000 -1.42042114
v 2.27986030 0.48750000 -1.42042114
v 2.28986030 0.42500000 -1.42042114
v 2.27986030 1.16250000 -1.42042114
v 2.11486030 0.07500000 -1.42042114
v 2.11486030 0.42500000 -1.42042114
v 2.11486030 1.17500000 -1.42042114
v 2.07486030 1.17500000 -1.42042114
v 2.07486030 0.42500000 -1.42042114
v 2.07486030 0.07500000 -1.42042114
v 1.91486030 0.07500000 -1.42042114
v 1.91486030 0.42500000 -1.42042114
v 1.91486030 1.17500000 -1.42042114
v 1.87486030 1.17500000 -1.42042114
v 1.87486030 0.42500000 -1.42042114
v 1.87486030 0.07500000 -1.42042114
v 1.71486030 0.07500000 -1.42042114
v 1.71486030 0.42500000 -1.42042114
v 1.71486030 1.17500000 -1.42042114
v 1.67486030 1.17500000 -1.42042114
v 1.67486030 0.42500000 -1.42042114
v 1.67486030 0.07500000 -1.42042114
v 1.51486030 0.07500000 -1.42042114
v 1.51486030 0.42500000 -1.42042114
v 1.51486030 1.17500000 -1.42042114
v 1.47486030 1.17500000 -1.42042114
v 1.47486030 0.42500000 -1.42042114
v 1.47486030 0.07500000 -1.42042114
v 1.31486030 0.07500000 -1.42042114
v 1.31486030 0.42500000 -1.42042114
v 1.31486030 1.17500000 -1.42042114
v 1.27486030 1.17500000 -1.42042114
v 1.27486030 0.42500000 -1.42042114
v 1.27486030 0.07500000 -1.42042114
v 1.11486030 0.07500000 -1.42042114
v 1.11486030 0.48750000 -1.42042114
v 1.11486030 1.16250000 -1.42042114
v 1.07486030 1.16250000 -1.42042114
v 1.07486030 0.48750000 -1.42042114
v 1.07486030 0.07500000 -1.42042114
v 0.91486030 0.07500000 -1.42042114
v 0.87486030 0.07500000 -1.42042114
v 0.71486030 0.07500000 -1.42042114
v 0.67486030 0.07500000 -1.42042114
v 0.51486030 1.12500000 -1.42042114
v 0.47486030 1.12500000 -1.42042114
v 0.31486030 1.12500000 -1.42042114
v 0.27486030 1.12500000 -1.42042114
v 0.11486030 1.12500000 -1.42042114
v 0.07486030 1.12500000 -1.42042114
v -0.08513970 1.12500000 -1.42042114
v -0.12513970 1.12500000 -1.42042114
v -0.28513970 0.07500000 -1.42042114
v -0.32513970 0.07500000 -1.42042114
v -0.48513970 0.07500000 -1.42042114
v -0.52513970 0.07500000 -1.42042114
v -0.68513970 0.07500000 -1.42042114
v -0.72513970 0.07500000 -1.42042114
v -0.88513970 0.07500000 -1.42042114
v -0.92513970 0.07500000 -1.42042114
v -1.08513970 0.07500000 -1.42042114
v -1.12513970 0.07500000 -1.42042114
v -1.28513970 0.07500000 -1.42042114
v -1.28513970 0.48750000 -1.42042114
v -1.28513970 1.16250000 -1.42042114
v -1.32513970 0.48000000 -1.42042114
v -1.32513970 0.42500000 -1.42042114
v -1.32513970 0.07500000 -1.42042114
v -1.31013970 0.48000000 -1.42042114
v -1.32013970 0.48750000 -1.42042114
v -1.31013970 0.42500000 -1.42042114
v -1.32013970 1.16250000 -1.42042114
v -1.48513970 0.07500000 -1.42042114
v -1.48513970 0.42500000 -1.42042114
v -1.48513970 1.17500000 -1.42042114
v -1.52513970 1.17500000 -1.42042114
v -1.52513970 0.42500000 -1.42042114
v -1.52513970 0.07500000 -1.42042114
v -1.68513970 0.07500000 -1.42042114
v -1.68513970 0.42500000 -1.42042114
v -1.68513970 1.17500000 -1.42042114
v -1.72513970 1.17500000 -1.42042114
v -1.72513970 0.42500000 -1.42042114
v -1.72513970 0.07500000 -1.42042114
v -1.88513970 0.07500000 -1.42042114
v -1.88513970 0.42500000 -1.42042114
v -1.88513970 1.17500000 -1.42042114
v -1.92513970 1.17500000 -1.42042114
v -1.92513970 0.42500000 -1.42042114
v -1.92513970 0.07500000 -1.42042114
v -2.08513970 0.07500000 -1.42042114
v -2.08513970 0.42500000 -1.42042114
v -2.08513970 1.17500000 -1.42042114
v -2.12513970 1.17500000 -1.42042114
v -2.12513970 0.42500000 -1.42042114
v -2.12513970 0.07500000 -1.42042114
v -2.28513970 0.52500000 -1.43042114
v -2.28513970 1.12500000 -1.43042114
v -2.28513970 0.07500000 -1.42042114
v -2.28513970 0.42500000 -1.42042114
v -2.28513970 1.17500000 -1.42042114
v -2.32513970 1.17500000 -1.42042114
v -2.32513970 0.42500000 -1.42042114
v -2.32513970 0.07500000 -1.42042114
v -2.48513970 0.07500000 -1.42042114
v -2.52513970 0.07500000 -1.42042114
v -2.68513970 0.07500000 -1.42042114
v -2.72513970 0.07500000 -1.42042114
v -2.72013970 0.07500000 -1.41542114
v -2.70513970 0.07500000 -1.41542114
v -2.80513968 0.07500000 -1.34042114
v -2.80513968 0.07500000 -1.42042114
v -2.80513968 0.48750000 -1.20042114
v -2.80513968 0.07500000 -1.20042114
v -2.80513968 1.16250000 -1.20042114
v -2.80513968 0.48000000 -1.16042114
v -2.80513968 0.07500000 -1.16042114
v -2.80513968 0.42500000 -1.16042114
v -2.80513968 0.42500000 -1.17542114
v -2.80513968 0.48000000 -1.17542114
v -2.80513968 0.48750000 -1.16542114
v -2.80513968 1.16250000 -1.16542114
v -2.80513968 0.42500000 -1.00042114
v -2.80513968 0.07500000 -1.00042114
v -2.80513968 1.17500000 -1.00042114
v -2.80513968 1.17500000 -0.96042114
v -2.80513968 0.07500000 -0.96042114
v -2.80513968 0.42500000 -0.96042114
v -2.80513968 0.42500000 -0.80042114
v -2.80513968 0.07500000 -0.80042114
v -2.80513968 1.17500000 -0.80042114
v -2.80513968 1.17500000 -0.76042114
v -2.80513968 0.07500000 -0.76042114
v -2.80513968 0.42500000 -0.76042114
v -2.80513968 0.42500000 -0.60042114
v -2.80513968 0.07500000 -0.60042114
v -2.80513968 1.17500000 -0.60042114
v -2.80513968 1.17500000 -0.56042114
v -2.80513968 0.07500000 -0.56042114
v -2.80513968 0.42500000 -0.56042114
v -2.70513970 0.05000000 -0.40042114
v -2.72013970 1.12500000 -0.40042114
v -2.72013970 0.52500000 -0.40042114
v -2.81513970 1.12500000 -0.40042114
v -2.72013970 0.05000000 -0.40042114
v -2.81513970 0.52500000 -0.40042114
v -2.80513968 0.42500000 -0.40042114
v -2.80513968 0.07500000 -0.40042114
v -2.80513968 1.17500000 -0.40042114
v -2.80513968 1.17500000 -0.36042114
v -2.80513968 0.07500000 -0.36042114
v -2.80513968 0.42500000 -0.36042114
v -2.80513968 0.07500000 -0.20042114
v -2.80513968 0.07500000 -0.16042114
v -2.80513968 1.07229750 -0.00042114
v -2.80244893 1.07097500 -0.00042114
v -2.80244893 1.06053250 -0.00042114
v -2.80513968 1.05921250 -0.00042114
v -2.80513968 0.07500000 -0.00042114
v -2.80513968 0.07500000 0.03957886
v -2.80513968 1.06053250 -0.00006614
v -2.80513968 1.07097500 -0.00006614
v -2.80513968 1.17500000 0.19957886
v -2.81513970 0.48000000 0.19957886
v -2.81513970 1.17500000 0.19957886
v -2.80513968 0.42500000 0.19957886
v -2.80513968 0.07500000 0.19957886
v -2.80513968 1.17500000 0.23957886
v -2.80513968 0.07500000 0.23957886
v -2.80513968 0.42500000 0.23957886
v -2.80513968 0.42500000 0.39957886
v -2.80513968 0.07500000 0.39957886
v -2.80513968 1.17500000 0.39957886
v -2.80513968 1.17500000 0.43957886
v -2.80513968 0.07500000 0.43957886
v -2.80513968 0.42500000 0.43957886
v -2.80513968 0.42500000 0.59957886
v -2.80513968 0.07500000 0.59957886
v -2.80513968 1.17500000 0.59957886
v -2.80513968 1.17500000 0.63957886
v -2.80513968 0.07500000 0.63957886
v -2.80513968 0.42500000 0.63957886
v -2.80513968 0.42500000 0.79957886
v -2.80513968 0.07500000 0.79957886
v -2.80513968 1.17500000 0.79957886
v -2.80513968 1.17500000 0.83957886
v -2.80513968 0.07500000 0.83957886
v -2.80513968 0.42500000 0.83957886
v -2.81513970 0.48000000 0.99957886
v -2.80513968 1.17500000 0.99957886
v -2.81513970 1.17500000 0.99957886
v -2.80513968 0.48000000 0.99957886
v -2.80513968 0.42500000 0.99957886
v -2.80513968 0.07500000 0.99957886
v -2.80513968 1.16250000 1.03957886
v -2.80513968 0.07500000 1.03957886
v -2.80513968 0.48750000 1.03957886
v -2.80513968 0.42500000 1.02457886
v -2.80513968 1.16250000 1.01457886
v -2.80513968 0.48750000 1.01457886
v -2.80513968 0.48000000 1.02457886
v -2.80513968 0.07500000 1.19957886
v -2.80513968 0.07500000 1.23957886
v 2.73486030 0.48750000 1.19957886
v 2.73486030 0.07500000 1.19957886
v 2.73486030 1.16250000 1.19957886
v 2.73486030 1.16250000 1.15957886
v 2.73486030 0.07500000 1.15957886
v 2.73486030 0.48750000 1.15957886
v 2.73486030 0.42500000 0.99957886
v 2.73486030 0.07500000 0.99957886
v 2.73486030 1.17500000 0.99957886
v 2.73486030 1.17500000 0.95957886
v 2.73486030 0.07500000 0.95957886
v 2.73486030 0.42500000 0.95957886
v 2.73486030 0.42500000 0.79957886
v 2.73486030 0.07500000 0.79957886
v 2.73486030 1.17500000 0.79957886
v 2.73486030 1.17500000 0.75957886
v 2.73486030 0.07500000 0.75957886
v 2.73486030 0.42500000 0.75957886
v 2.73486030 0.42500000 0.59957886
v 2.73486030 0.07500000 0.59957886
v 2.73486030 1.17500000 0.59957886
v 2.73486030 1.17500000 0.55957886
v 2.73486030 0.07500000 0.55957886
v 2.73486030 0.42500000 0.55957886
v 2.73486030 0.42500000 0.39957886
v 2.73486030 0.07500000 0.39957886
v 2.73486030 1.17500000 0.39957886
v 2.73486030 1.17500000 0.35957886
v 2.73486030 0.07500000 0.35957886
v 2.73486030 0.42500000 0.35957886
v 2.73486030 0.48750000 0.19957886
v 2.73486030 0.07500000 0.19957886
v 2.73486030 1.16250000 0.19957886
v 2.73986030 1.16250000 0.15957886
v 2.73986030 0.48750000 0.15957886
v 2.73486030 1.16250000 0.15957886
v 2.73486030 0.48750000 0.15957886
v 2.73486030 0.07500000 0.15957886
v 2.73486030 0.07500000 -0.00042114
v 2.73486030 0.07500000 -0.04042114
v 2.73486030 0.07500000 -0.20042114
v 2.73486030 0.07500000 -0.24042114
v 2.73486030 1.12500000 -0.40042114
v 2.73486030 1.12500000 -0.44042114
v 2.73486030 1.12500000 -0.60042114
v 2.73486030 1.12500000 -0.64042114
v 2.73486030 1.12500000 -0.80042114
v 2.73486030 1.12500000 -0.84042114
v 2.64986030 1.07500000 -1.00042114
v 2.74486030 1.07500000 -1.00042114
v 2.63486030 0.05000000 -1.00042114
v 2.64986030 0.05000000 -1.00042114
v 2.73486030 1.12500000 -1.00042114
v 2.73486030 1.12500000 -1.04042114
v 2.73486030 0.07500000 -1.20042114
v 2.73486030 0.07500000 -1.24042114
v -2.48513970 0.48000000 1.42957886
v -2.48513970 1.17500000 1.42957886
v -1.63513970 1.17500000 1.42957886
v -1.63513970 0.48000000 1.42957886
v -1.75191720 1.13234750 1.42957886
v -1.73953970 1.13440500 1.42957886
v -1.73859720 1.13444000 1.42957886
v -1.74060720 1.13436750 1.42957886
v -1.74183220 1.13424250 1.42957886
v -1.74292720 1.13412750 1.42957886
v -1.74508970 1.13377250 1.42957886
v -1.74609720 1.13360750 1.42957886
v -1.75148220 1.13245250 1.42957886
v -1.75158720 1.13243000 1.42957886
v -1.75165220 1.13241250 1.42957886
v -1.75609720 1.13009750 1.42957886
v -1.76162220 1.12712500 1.42957886
v -2.43513970 1.12500000 1.42957886
v -2.43513970 0.52500000 1.42957886
v -1.68513970 0.52500000 1.42957886
v -1.73765220 1.13440500 1.42957886
v -1.73658720 1.13436750 1.42957886
v -1.73535970 1.13424250 1.42957886
v -1.73426720 1.13412750 1.42957886
v -1.73332720 1.13397500 1.42957886
v -1.73109720 1.13360750 1.42957886
v -1.72571220 1.13245250 1.42957886
v -1.72560720 1.13243000 1.42957886
v -1.72553970 1.13241250 1.42957886
v -1.72527720 1.13234750 1.42957886
v -1.72109720 1.13009750 1.42957886
v -1.68513970 1.12500000 1.42957886
v -1.71557220 1.12712500 1.42957886
v -1.71457970 1.12620250 1.42957886
v -1.71328970 1.12500000 1.42957886
v -1.76390220 1.12500000 1.42957886
v -1.88513970 1.12500000 1.33457886
v -1.76476220 1.12500000 1.42444393
v -1.76417220 1.12500000 1.42893161
v -1.76507220 1.12500000 1.42207886
v -1.90013970 1.12500000 1.33457886
v -2.08513970 1.12500000 1.33457886
v -2.10013970 1.12500000 1.33457886
v -2.28513970 1.12500000 1.33457886
v -2.30013970 1.12500000 1.33457886
v -1.71566720 1.12500000 1.40884053
v -1.68513970 1.12500000 1.33457886
v -1.71302220 1.12500000 1.41522621
v -1.71270970 1.12500000 1.41759128
v -1.71211970 1.12500000 1.42207886
v -1.71270970 1.12500000 1.42656636
v -1.71302220 1.12500000 1.42893161
v -1.71393470 1.12500000 1.41302228
v -1.71842220 1.12500000 1.40524958
v -1.71987470 1.12500000 1.40335703
v -1.70013970 1.12500000 1.33457886
v -1.72346470 1.12500000 1.40060161
v -1.72535720 1.12500000 1.39914942
v -1.72756220 1.12500000 1.39823652
v -1.73174470 1.12500000 1.39650441
v -1.73623220 1.12500000 1.39591361
v -1.73859720 1.12500000 1.39560226
v -1.74096220 1.12500000 1.39591361
v -1.74544970 1.12500000 1.39650441
v -1.74963220 1.12500000 1.39823652
v -1.75183470 1.12500000 1.39914942
v -1.75372720 1.12500000 1.40060161
v -1.75731970 1.12500000 1.40335703
v -1.76007470 1.12500000 1.40694798
v -1.76152720 1.12500000 1.40884053
v -1.76243970 1.12500000 1.41104446
v -1.76417220 1.12500000 1.41522621
v -1.76476220 1.12500000 1.41971376
v -1.68513970 0.52500000 1.33457886
v -1.68513970 0.05000000 1.31957886
v -1.68513970 0.05000000 1.33457886
v -2.30013970 0.52500000 1.33457886
v -2.10013970 0.52500000 1.33457886
v -1.90013970 0.52500000 1.33457886
v -1.70013970 0.52500000 1.33457886
v -1.88513970 0.52500000 1.33457886
v -2.08513970 0.52500000 1.33457886
v -2.28513970 0.52500000 1.33457886
v -2.62513970 0.48750000 1.42457886
v -2.62513970 1.16250000 1.42457886
v -2.50013970 1.16250000 1.42457886
v -2.50013970 0.48750000 1.42457886
v -1.49513970 1.16250000 1.42457886
v -1.62513970 1.16250000 1.42457886
v -1.49513970 0.48750000 1.42457886
v -1.62513970 0.48750000 1.42457886
v -2.51013970 0.42500000 1.44957886
v -2.51013970 0.48000000 1.44957886
v -1.61013970 0.48000000 1.44957886
v -1.61013970 0.42500000 1.44957886
v -1.48513970 0.48000000 1.42957886
v -1.48513970 1.17500000 1.42957886
v -0.63513970 1.17500000 1.42957886
v -0.63513970 0.48000000 1.42957886
v -1.43513970 1.12500000 1.42957886
v -1.43513970 0.52500000 1.42957886
v -0.68513970 0.52500000 1.42957886
v -0.68513970 1.12500000 1.42957886
v -0.70013970 1.12500000 1.33457886
v -0.68513970 1.12500000 1.33457886
v -0.88513970 1.12500000 1.33457886
v -0.90013970 1.12500000 1.33457886
v -1.08513970 1.12500000 1.33457886
v -1.10013970 1.12500000 1.33457886
v -1.28513970 1.12500000 1.33457886
v -1.30013970 1.12500000 1.33457886
v -0.68513970 0.52500000 1.33457886
v -0.68513970 0.05000000 1.31957886
v -0.68513970 0.05000000 1.33457886
v -1.30013970 0.52500000 1.33457886
v -1.10013970 0.52500000 1.33457886
v -0.90013970 0.52500000 1.33457886
v -0.70013970 0.52500000 1.33457886
v -0.88513970 0.52500000 1.33457886
v -1.08513970 0.52500000 1.33457886
v -1.28513970 0.52500000 1.33457886
v -0.62013970 0.48750000 1.42457886
v -0.62013970 1.16250000 1.42457886
v -0.49513970 1.16250000 1.42457886
v -0.49513970 0.48750000 1.42457886
v -1.51013970 0.42500000 1.44957886
v -1.51013970 0.48000000 1.44957886
v -0.61013970 0.48000000 1.44957886
v -0.61013970 0.42500000 1.44957886
v 0.91486030 0.48000000 1.42957886
v 0.91486030 1.17500000 1.42957886
v 1.91486030 1.17500000 1.42957886
v 1.91486030 0.64264500 1.40865958
v 1.91486030 0.64769500 1.41216483
v 1.91486030 0.64941250 1.41566143
v 1.91486030 0.65256500 1.42207886
v 1.91486030 0.64941250 1.42849636
v 1.91486030 0.64888000 1.42957886
v 1.91486030 0.63220250 1.40865958
v 1.91486030 0.62715500 1.41216483
v 1.91486030 0.62543500 1.41566143
v 1.91486030 0.62228250 1.42207886
v 1.91486030 0.48000000 1.42957886
v 1.91486030 0.62543500 1.42849636
v 1.91486030 0.62596750 1.42957886
v 1.86486030 1.12500000 1.42957886
v 1.87691030 0.67643750 1.42957886
v 1.87786030 0.67647250 1.42957886
v 1.87586030 0.67640000 1.42957886
v 1.87463530 0.67627250 1.42957886
v 1.87353530 0.67616000 1.42957886
v 1.87136030 0.67580500 1.42957886
v 1.87036030 0.67564000 1.42957886
v 1.86498530 0.67448500 1.42957886
v 1.86486030 0.67446250 1.42957886
v 1.86486030 0.67446000 1.42957886
v 0.96486030 1.12500000 1.42957886
v 0.96486030 0.52500000 1.42957886
v 1.86486030 0.52500000 1.42957886
v 1.87881030 0.67643750 1.42957886
v 1.87986030 0.67640000 1.42957886
v 1.88108530 0.67627250 1.42957886
v 1.88218530 0.67616000 1.42957886
v 1.88313530 0.67600500 1.42957886
v 1.88536030 0.67564000 1.42957886
v 1.89073530 0.67448500 1.42957886
v 1.89086030 0.67446250 1.42957886
v 1.89091030 0.67444500 1.42957886
v 1.89118530 0.67438000 1.42957886
v 1.89228530 0.67378500 1.42957886
v 1.90088530 0.66915750 1.42957886
v 1.90188530 0.66823500 1.42957886
v 1.90586030 0.66453000 1.42957886
v 1.90861030 0.66177500 1.42957886
v 1.91271030 0.65468250 1.42957886
v 1.91383530 0.65273250 1.42957886
v 1.91441030 0.65055500 1.42957886
v 1.86498530 0.60036500 1.42957886
v 1.86486030 0.60038750 1.42957886
v 1.87136030 0.59904500 1.42957886
v 1.87036030 0.59921000 1.42957886
v 1.87691030 0.59841000 1.42957886
v 1.87786030 0.59837750 1.42957886
v 1.87586030 0.59844750 1.42957886
v 1.87463530 0.59857500 1.42957886
v 1.87353530 0.59868750 1.42957886
v 1.86486030 0.60039000 1.42957886
v 1.91383530 0.62211750 1.42957886
v 1.91441030 0.62429500 1.42957886
v 1.88108530 0.59857500 1.42957886
v 1.87986030 0.59844750 1.42957886
v 1.87881030 0.59841000 1.42957886
v 1.88218530 0.59868750 1.42957886
v 1.88313530 0.59884250 1.42957886
v 1.88536030 0.59921000 1.42957886
v 1.89073530 0.60036500 1.42957886
v 1.89086030 0.60038750 1.42957886
v 1.89091030 0.60040250 1.42957886
v 1.89118530 0.60047000 1.42957886
v 1.89228530 0.60106250 1.42957886
v 1.90088530 0.60569000 1.42957886
v 1.90188530 0.60661500 1.42957886
v 1.90586030 0.61031750 1.42957886
v 1.90861030 0.61307500 1.42957886
v 1.91271030 0.62016500 1.42957886
v 1.71486030 1.12500000 1.33457886
v 1.69986030 1.12500000 1.33457886
v 1.51486030 1.12500000 1.33457886
v 1.49986030 1.12500000 1.33457886
v 1.31486030 1.12500000 1.33457886
v 1.29986030 1.12500000 1.33457886
v 1.11486030 1.12500000 1.33457886
v 1.09986030 1.12500000 1.33457886
v 1.86486030 0.64264500 1.38490576
v 1.86486030 0.63220250 1.38490576
v 1.86486030 0.62884250 1.38587193
v 1.86486030 0.62211750 1.38780601
v 1.86486030 0.61729250 1.39079583
v 1.86486030 0.61307500 1.39340888
v 1.86486030 0.60734000 1.39956150
v 1.86486030 0.60628500 1.40088209
v 1.86486030 0.60569000 1.40162390
v 1.86486030 0.60338750 1.40660761
v 1.86486030 0.60224500 1.40907846
v 1.86486030 0.60047000 1.41409136
v 1.86486030 0.60039750 1.41453128
v 1.86486030 0.60039000 1.41457308
v 1.86486030 0.60038500 1.41462173
v 1.86486030 0.59997500 1.41859541
v 1.86486030 0.59996500 1.41885656
v 1.86486030 0.59985000 1.42207886
v 1.86486030 0.59996500 1.42530111
v 1.86486030 0.59997500 1.42556236
v 1.86486030 0.60038500 1.42953586
v 1.86486030 0.64600500 1.38587193
v 1.86486030 0.65273250 1.38780601
v 1.86486030 0.65755750 1.39079583
v 1.86486030 0.66177500 1.39340888
v 1.86486030 0.66750750 1.39956150
v 1.86486030 0.66856500 1.40088209
v 1.86486030 0.66915750 1.40162390
v 1.86486030 0.67146000 1.40660761
v 1.86486030 0.67260250 1.40907846
v 1.86486030 0.67438000 1.41409136
v 1.86486030 0.67445250 1.41453128
v 1.86486030 0.67445750 1.41457308
v 1.86486030 0.67446250 1.41462173
v 1.86486030 0.67487500 1.41859541
v 1.86486030 0.67488500 1.41885656
v 1.86486030 0.67499750 1.42207886
v 1.86486030 0.67488500 1.42530111
v 1.86486030 0.67487500 1.42556236
v 1.86486030 0.67446250 1.42953586
v 1.09986030 0.52500000 1.33457886
v 1.29986030 0.52500000 1.33457886
v 1.49986030 0.52500000 1.33457886
v 1.69986030 0.52500000 1.33457886
v 1.71486030 0.52500000 1.33457886
v 1.51486030 0.52500000 1.33457886
v 1.31486030 0.52500000 1.33457886
v 1.11486030 0.52500000 1.33457886
v 0.77486030 0.48750000 1.42457886
v 0.77486030 1.16250000 1.42457886
v 0.89986030 1.16250000 1.42457886
v 0.89986030 0.48750000 1.42457886
v 1.92986030 0.48750000 1.42457886
v 1.92986030 1.16250000 1.42457886
v 2.05311030 0.60831000 1.42457886
v 2.04938530 0.60731250 1.42457886
v 2.04606030 0.60538750 1.42457886
v 2.04033530 0.60209250 1.42457886
v 2.03808530 0.59984500 1.42457886
v 2.03296030 0.59470750 1.42457886
v 2.02933530 0.58841750 1.42457886
v 2.02773530 0.58566500 1.42457886
v 2.02708530 0.58320750 1.42457886
v 2.02503530 0.57558000 1.42457886
v 2.03808530 0.54087000 1.42457886
v 2.03296030 0.54600750 1.42457886
v 2.02503530 0.56513750 1.42457886
v 2.02708530 0.55750750 1.42457886
v 2.02773530 0.55505000 1.42457886
v 2.02933530 0.55229750 1.42457886
v 2.04033530 0.53862250 1.42457886
v 2.04606030 0.53533000 1.42457886
v 2.04938530 0.53340250 1.42457886
v 2.05311030 0.53240500 1.42457886
v 0.88986030 0.42500000 1.44957886
v 0.88986030 0.48000000 1.44957886
v 1.93986030 0.48000000 1.44957886
v 1.93986030 0.42500000 1.44957886
v -2.81513970 1.12500000 0.24957886
v -2.81513970 0.52500000 0.24957886
v -2.81513970 0.52500000 0.94957886
v -2.81513970 1.12500000 0.94957886
v -2.72013970 1.12500000 0.79957886
v -2.72013970 1.12500000 0.78457886
v -2.72013970 1.12500000 0.59957886
v -2.72013970 1.12500000 0.58457886
v -2.72013970 1.12500000 0.39957886
v -2.72013970 1.12500000 0.38457886
v -2.72013970 0.52500000 0.38457886
v -2.72013970 0.52500000 0.39957886
v -2.72013970 0.52500000 0.58457886
v -2.72013970 0.52500000 0.59957886
v -2.72013970 0.52500000 0.78457886
v -2.72013970 0.52500000 0.79957886
v -2.81013970 1.16250000 0.05957886
v -2.81013970 0.48750000 0.05957886
v -2.81013970 1.16250000 0.18457886
v -2.81013970 0.48750000 0.18457886
v -2.81013970 0.90000000 0.07707886
v -2.81013970 0.89417750 0.07784636
v -2.81013970 0.88875000 0.08009386
v -2.81013970 0.88409000 0.08366886
v -2.81013970 0.88051500 0.08832886
v -2.81013970 0.87826750 0.09375636
v -2.81013970 0.87750000 0.09957886
v -2.81013970 0.87826750 0.10540136
v -2.81013970 0.88051500 0.11082886
v -2.81013970 0.88409000 0.11548886
v -2.81013970 0.88875000 0.11906386
v -2.81013970 0.89417750 0.12131136
v -2.81013970 0.90000000 0.12207886
v -2.81013970 0.90582250 0.07784636
v -2.81013970 0.91125000 0.08009386
v -2.81013970 0.91591000 0.08366886
v -2.81013970 0.91948500 0.08832886
v -2.81013970 0.92173250 0.09375636
v -2.81013970 0.92250000 0.09957886
v -2.81013970 0.92173250 0.10540136
v -2.81013970 0.91948500 0.11082886
v -2.81013970 0.91591000 0.11548886
v -2.81013970 0.91125000 0.11906386
v -2.81013970 0.90582250 0.12131136
v -2.81013970 1.16250000 1.01457886
v -2.81013970 0.48750000 1.01457886
v -2.81013970 1.16250000 1.13957886
v -2.81013970 0.48750000 1.13957886
v -2.83513970 0.48000000 0.17457886
v -2.83513970 0.42500000 0.17457886
v -2.83513970 0.48000000 1.02457886
v -2.83513970 0.42500000 1.02457886
v -2.81513970 1.17500000 -1.15042114
v -2.81513970 0.48000000 -1.15042114
v -2.81513970 1.17500000 -0.35042114
v -2.81513970 0.48000000 -0.35042114
v -2.81513970 1.12500000 -1.10042114
v -2.81513970 0.52500000 -1.10042114
v -2.72013970 1.12500000 -0.41542114
v -2.72013970 1.12500000 -0.60042114
v -2.72013970 1.12500000 -0.61542114
v -2.72013970 1.12500000 -0.80042114
v -2.72013970 1.12500000 -0.81542114
v -2.72013970 1.12500000 -1.00042114
v -2.72013970 1.12500000 -1.01542114
v -2.72013970 0.52500000 -1.01542114
v -2.72013970 0.52500000 -1.00042114
v -2.72013970 0.52500000 -0.81542114
v -2.72013970 0.52500000 -0.80042114
v -2.72013970 0.52500000 -0.61542114
v -2.72013970 0.52500000 -0.60042114
v -2.72013970 0.52500000 -0.41542114
v -2.81013970 1.16250000 -1.29042114
v -2.81013970 0.48750000 -1.29042114
v -2.81013970 1.16250000 -1.16542114
v -2.81013970 0.48750000 -1.16542114
v -2.81013970 1.16250000 -0.33542114
v -2.81013970 0.48750000 -0.33542114
v -2.81013970 1.16250000 -0.21042114
v -2.81013970 0.48750000 -0.21042114
v -2.83513970 0.48000000 -1.17542114
v -2.83513970 0.42500000 -1.17542114
v -2.83513970 0.48000000 -0.32542114
v -2.83513970 0.42500000 -0.32542114
v -1.33513970 0.48000000 -1.43042114
v -1.33513970 1.17500000 -1.43042114
v -2.33513970 1.17500000 -1.43042114
v -2.33513970 0.48000000 -1.43042114
v -1.38513970 1.12500000 -1.43042114
v -1.38513970 0.52500000 -1.43042114
v -1.38513970 0.52500000 -1.33542114
v -1.38513970 1.12500000 -1.33542114
v -1.38513970 0.05000000 -1.33542114
v -1.38513970 0.05000000 -1.32042114
v -2.18513970 1.12500000 -1.33542114
v -1.98513970 1.12500000 -1.33542114
v -1.78513970 1.12500000 -1.33542114
v -1.58513970 1.12500000 -1.33542114
v -1.57013970 1.12500000 -1.33542114
v -1.77013970 1.12500000 -1.33542114
v -1.97013970 1.12500000 -1.33542114
v -2.17013970 1.12500000 -1.33542114
v -1.57013970 0.52500000 -1.33542114
v -1.58513970 0.52500000 -1.33542114
v -1.77013970 0.52500000 -1.33542114
v -1.78513970 0.52500000 -1.33542114
v -1.97013970 0.52500000 -1.33542114
v -1.98513970 0.52500000 -1.33542114
v -2.17013970 0.52500000 -1.33542114
v -2.18513970 0.52500000 -1.33542114
v -1.19513970 0.48750000 -1.42542114
v -1.19513970 1.16250000 -1.42542114
v -1.32013970 1.16250000 -1.42542114
v -1.32013970 0.48750000 -1.42542114
v -2.35013970 0.48750000 -1.42542114
v -2.35013970 1.16250000 -1.42542114
v -2.47513970 1.16250000 -1.42542114
v -2.47513970 0.48750000 -1.42542114
v -1.31013970 0.42500000 -1.45042114
v -1.31013970 0.48000000 -1.45042114
v -2.36013970 0.48000000 -1.45042114
v -2.36013970 0.42500000 -1.45042114
v 2.26486030 0.48000000 -1.43042114
v 2.26486030 1.17500000 -1.43042114
v 1.16486030 1.17500000 -1.43042114
v 1.16486030 0.48000000 -1.43042114
v 2.21486030 1.12500000 -1.43042114
v 2.21486030 0.52500000 -1.43042114
v 1.21486030 0.52500000 -1.43042114
v 1.21486030 1.12500000 -1.43042114
v 2.21486030 0.52500000 -1.33542114
v 2.21486030 1.12500000 -1.33542114
v 2.21486030 0.05000000 -1.33542114
v 2.21486030 0.05000000 -1.32042114
v 1.41486030 1.12500000 -1.33542114
v 1.61486030 1.12500000 -1.33542114
v 1.81486030 1.12500000 -1.33542114
v 2.01486030 1.12500000 -1.33542114
v 2.02986030 1.12500000 -1.33542114
v 1.82986030 1.12500000 -1.33542114
v 1.62986030 1.12500000 -1.33542114
v 1.42986030 1.12500000 -1.33542114
v 1.22986030 1.12500000 -1.33542114
v 1.21486030 1.12500000 -1.33542114
v 1.21486030 0.52500000 -1.33542114
v 1.21486030 0.05000000 -1.33542114
v 1.21486030 0.05000000 -1.32042114
v 2.02986030 0.52500000 -1.33542114
v 2.01486030 0.52500000 -1.33542114
v 1.82986030 0.52500000 -1.33542114
v 1.81486030 0.52500000 -1.33542114
v 1.62986030 0.52500000 -1.33542114
v 1.61486030 0.52500000 -1.33542114
v 1.42986030 0.52500000 -1.33542114
v 1.41486030 0.52500000 -1.33542114
v 1.22986030 0.52500000 -1.33542114
v 2.40486030 0.48750000 -1.42542114
v 2.40486030 1.16250000 -1.42542114
v 2.27986030 1.16250000 -1.42542114
v 2.27986030 0.48750000 -1.42542114
v 1.14986030 0.48750000 -1.42542114
v 1.14986030 1.16250000 -1.42542114
v 1.02486030 1.16250000 -1.42542114
v 1.02486030 0.48750000 -1.42542114
v 2.28986030 0.42500000 -1.45042114
v 2.28986030 0.48000000 -1.45042114
v 1.13986030 0.48000000 -1.45042114
v 1.13986030 0.42500000 -1.45042114
v 0.58986030 0.02500000 -1.43042114
v 0.58986030 1.12500000 -1.43042114
v -0.16013970 1.12500000 -1.43042114
v -0.16013970 0.02500000 -1.43042114
v 0.53986030 1.07500000 -1.43042114
v -0.11013970 1.07500000 -1.43042114
v 0.01486030 1.07500000 -1.33542114
v 0.21486030 1.07500000 -1.33542114
v 0.41486030 1.07500000 -1.33542114
v 0.49676030 1.07500000 -1.36744614
v 0.49736030 1.07500000 -1.36292114
v 0.49676030 1.07500000 -1.35839614
v 0.49501030 1.07500000 -1.35417114
v 0.49223530 1.07500000 -1.35054614
v 0.48861030 1.07500000 -1.34777114
v 0.48438530 1.07500000 -1.34602114
v 0.47986030 1.07500000 -1.34542114
v 0.46471030 1.07500000 -1.35417114
v 0.42986030 1.07500000 -1.33542114
v 0.46296030 1.07500000 -1.35839614
v 0.46748530 1.07500000 -1.35054614
v 0.47111030 1.07500000 -1.34777114
v 0.47533530 1.07500000 -1.34602114
v 0.49501030 1.07500000 -1.37167114
v 0.49223530 1.07500000 -1.37529614
v 0.48861030 1.07500000 -1.37807114
v 0.48438530 1.07500000 -1.37982114
v 0.47986030 1.07500000 -1.38042114
v 0.47533530 1.07500000 -1.37982114
v 0.47111030 1.07500000 -1.37807114
v 0.46236030 1.07500000 -1.36292114
v 0.46296030 1.07500000 -1.36744614
v 0.46471030 1.07500000 -1.37167114
v 0.46748530 1.07500000 -1.37529614
v 0.22986030 1.07500000 -1.33542114
v 0.02986030 1.07500000 -1.33542114
v 2.74486030 1.17500000 1.09957886
v 2.74486030 0.48000000 1.09957886
v 2.74486030 1.17500000 0.29957886
v 2.74486030 0.48000000 0.29957886
v 2.74486030 1.12500000 0.34957886
v 2.74486030 1.12500000 1.04957886
v 2.74486030 0.52500000 0.34957886
v 2.74486030 0.52500000 1.04957886
v 2.64986030 1.12500000 0.41457886
v 2.64986030 1.12500000 0.59957886
v 2.64986030 1.12500000 0.61457886
v 2.64986030 1.12500000 0.79957886
v 2.64986030 1.12500000 0.81457886
v 2.64986030 1.12500000 0.99957886
v 2.64986030 1.12500000 1.01457886
v 2.64986030 1.12500000 0.39957886
v 2.64986030 0.52500000 0.99957886
v 2.64986030 0.52500000 0.81457886
v 2.64986030 0.52500000 0.79957886
v 2.64986030 0.52500000 0.61457886
v 2.64986030 0.52500000 0.59957886
v 2.64986030 0.52500000 0.41457886
v 2.64986030 0.52500000 0.39957886
v 2.64986030 0.52500000 1.01457886
v 2.73986030 1.16250000 1.23957886
v 2.73986030 0.48750000 1.23957886
v 2.73986030 1.16250000 1.11457886
v 2.73986030 0.48750000 1.11457886
v 2.73986030 1.16250000 0.28457886
v 2.73986030 0.48750000 0.28457886
v 2.76486030 0.48000000 1.12457886
v 2.76486030 0.42500000 1.12457886
v 2.76486030 0.48000000 0.27457886
v 2.76486030 0.42500000 0.27457886
v 2.74486030 1.12500000 -0.30042114
v 2.74486030 0.02500000 -0.30042114
v 2.74486030 1.12500000 -1.05042114
v 2.73986030 0.67178250 -1.05042114
v 2.73986030 0.62821750 -1.05042114
v 2.74486030 0.02500000 -1.05042114
v 2.74486030 1.07500000 -0.35042114
v 2.64986030 1.07500000 -0.98542114
v 2.64986030 1.07500000 -0.80042114
v 2.64986030 1.07500000 -0.78542114
v 2.64986030 1.07500000 -0.60042114
v 2.66498530 1.07500000 -0.42279614
v 2.64986030 1.07500000 -0.58542114
v 2.69426030 1.07500000 -0.41495114
v 2.69486030 1.07500000 -0.41042114
v 2.69426030 1.07500000 -0.40589114
v 2.69251030 1.07500000 -0.40167114
v 2.68973530 1.07500000 -0.39804614
v 2.68611030 1.07500000 -0.39526614
v 2.68188530 1.07500000 -0.39351864
v 2.67736030 1.07500000 -0.39292114
v 2.64986030 1.07500000 -0.38542114
v 2.66221030 1.07500000 -0.40167114
v 2.64986030 1.07500000 -0.40042114
v 2.66046030 1.07500000 -0.40589114
v 2.66498530 1.07500000 -0.39804614
v 2.66861030 1.07500000 -0.39526614
v 2.67283530 1.07500000 -0.39351864
v 2.69251030 1.07500000 -0.41917114
v 2.68973530 1.07500000 -0.42279614
v 2.68611030 1.07500000 -0.42557614
v 2.68188530 1.07500000 -0.42732364
v 2.67736030 1.07500000 -0.42792114
v 2.67283530 1.07500000 -0.42732364
v 2.66861030 1.07500000 -0.42557614
v 2.66221030 1.07500000 -0.41917114
v 2.66046030 1.07500000 -0.41495114
v 2.65986030 1.07500000 -0.41042114
v -0.03323970 1.07500000 1.06660886
v -0.03263970 1.07500000 1.06207886
v -0.03498970 1.07500000 1.07082886
v -0.03776470 1.07500000 1.07445386
v -0.04138970 1.07500000 1.07723386
v -0.04561470 1.07500000 1.07898136
v -0.06528970 1.07500000 1.07082886
v -0.06703970 1.07500000 1.06660886
v -0.06251470 1.07500000 1.07445386
v -0.05888970 1.07500000 1.07723386
v -0.05466470 1.07500000 1.07898136
v -0.05013970 1.07500000 1.07957886
v -0.03323970 1.07500000 1.05754886
v -0.03498970 1.07500000 1.05332886
v -0.03776470 1.07500000 1.04970386
v -0.04138970 1.07500000 1.04692386
v -0.04561470 1.07500000 1.04517636
v -0.05013970 1.07500000 1.04457886
v -0.06763970 1.07500000 1.06207886
v -0.06703970 1.07500000 1.05754886
v -0.05466470 1.07500000 1.04517636
v -0.05888970 1.07500000 1.04692386
v -0.06251470 1.07500000 1.04970386
v -0.06528970 1.07500000 1.05332886
v -0.03323970 1.28750000 1.05754886
v -0.03263970 1.28750000 1.06207886
v -0.05013970 1.28750000 1.04457886
v -0.05466470 1.28750000 1.04517636
v -0.05013970 1.28750000 1.07957886
v -0.04561470 1.28750000 1.07898136
v -0.04138970 1.28750000 1.07723386
v -0.03776470 1.28750000 1.04970386
v -0.04138970 1.28750000 1.04692386
v -0.06528970 1.28750000 1.05332886
v -0.06251470 1.28750000 1.04970386
v -0.06703970 1.28750000 1.05754886
v -0.05888970 1.28750000 1.04692386
v -0.03323970 1.28750000 1.06660886
v -0.03498970 1.28750000 1.07082886
v -0.03498970 1.28750000 1.05332886
v -0.04561470 1.28750000 1.04517636
v -0.06763970 1.28750000 1.06207886
v -0.03776470 1.28750000 1.07445386
v -0.05466470 1.28750000 1.07898136
v -0.05888970 1.28750000 1.07723386
v -0.06251470 1.28750000 1.07445386
v -0.06528970 1.28750000 1.07082886
v -0.06703970 1.28750000 1.06660886
v 0.47986030 1.28750000 -1.38042114
v 0.47533530 1.28750000 -1.37982114
v 0.46236030 1.28750000 -1.36292114
v 0.46296030 1.28750000 -1.36744614
v 0.49223530 1.28750000 -1.37529614
v 0.49501030 1.28750000 -1.37167114
v 0.49676030 1.28750000 -1.36744614
v 0.48438530 1.28750000 -1.37982114
v 0.47111030 1.28750000 -1.37807114
v 0.46748530 1.28750000 -1.37529614
v 0.46471030 1.28750000 -1.37167114
v 0.49736030 1.28750000 -1.36292114
v 0.49676030 1.28750000 -1.35839614
v 0.48861030 1.28750000 -1.37807114
v 0.46296030 1.28750000 -1.35839614
v 0.46471030 1.28750000 -1.35417114
v 0.48438530 1.28750000 -1.34602114
v 0.48861030 1.28750000 -1.34777114
v 0.49223530 1.28750000 -1.35054614
v 0.49501030 1.28750000 -1.35417114
v 0.47986030 1.28750000 -1.34542114
v 0.47533530 1.28750000 -1.34602114
v 0.47111030 1.28750000 -1.34777114
v 0.46748530 1.28750000 -1.35054614
v 2.69426030 1.28750000 -0.41495114
v 2.69486030 1.28750000 -0.41042114
v 2.65986030 1.28750000 -0.41042114
v 2.66046030 1.28750000 -0.41495114
v 2.68973530 1.28750000 -0.42279614
v 2.69251030 1.28750000 -0.41917114
v 2.68188530 1.28750000 -0.42732364
v 2.67736030 1.28750000 -0.42792114
v 2.66861030 1.28750000 -0.42557614
v 2.66498530 1.28750000 -0.42279614
v 2.66221030 1.28750000 -0.41917114
v 2.68611030 1.28750000 -0.42557614
v 2.67283530 1.28750000 -0.42732364
v 2.69426030 1.28750000 -0.40589114
v 2.69251030 1.28750000 -0.40167114
v 2.68973530 1.28750000 -0.39804614
v 2.68611030 1.28750000 -0.39526614
v 2.68188530 1.28750000 -0.39351864
v 2.67736030 1.28750000 -0.39292114
v 2.67283530 1.28750000 -0.39351864
v 2.66861030 1.28750000 -0.39526614
v 2.66498530 1.28750000 -0.39804614
v 2.66221030 1.28750000 -0.40167114
v 2.66046030 1.28750000 -0.40589114
v 2.73986030 0.63576500 -1.04729614
v 2.73986030 0.65000000 -1.04542114
v 2.73986030 0.66423500 -1.04729614
v -0.08513970 0.05000000 1.33457886
v -0.10013970 0.05000000 1.33457886
v -2.68513970 0.05000000 1.33457886
v -2.70013945 0.05000000 1.33457886
v -2.48513970 0.05000000 1.33457886
v -2.50013970 0.05000000 1.33457886
v -2.28513970 0.05000000 1.33457886
v -2.30013970 0.05000000 1.33457886
v -2.08513970 0.05000000 1.33457886
v -2.10013970 0.05000000 1.33457886
v -1.88513970 0.05000000 1.33457886
v -1.90013970 0.05000000 1.33457886
v -1.70013970 0.05000000 1.33457886
v -1.48513970 0.05000000 1.33457886
v -1.50013970 0.05000000 1.33457886
v -1.28513970 0.05000000 1.33457886
v -1.30013970 0.05000000 1.33457886
v -1.08513970 0.05000000 1.33457886
v -1.10013970 0.05000000 1.33457886
v -0.88513970 0.05000000 1.33457886
v -0.90013970 0.05000000 1.33457886
v -0.70013970 0.05000000 1.33457886
v -0.48513970 0.05000000 1.33457886
v -0.50013970 0.05000000 1.33457886
v -0.28513970 0.05000000 1.33457886
v -0.30013970 0.05000000 1.33457886
v 2.69986030 0.05000000 1.33457886
v 0.11486030 0.05000000 1.33457886
v 0.09986030 0.05000000 1.33457886
v 0.31486030 0.05000000 1.33457886
v 0.29986030 0.05000000 1.33457886
v 0.51486030 0.05000000 1.33457886
v 0.49986030 0.05000000 1.33457886
v 0.71486030 0.05000000 1.33457886
v 0.69986030 0.05000000 1.33457886
v 0.91486030 0.05000000 1.33457886
v 0.89986030 0.05000000 1.33457886
v 1.11486030 0.05000000 1.33457886
v 1.09986030 0.05000000 1.33457886
v 1.31486030 0.05000000 1.33457886
v 1.29986030 0.05000000 1.33457886
v 1.51486030 0.05000000 1.33457886
v 1.49986030 0.05000000 1.33457886
v 1.71486030 0.05000000 1.33457886
v 1.69986030 0.05000000 1.33457886
v 1.91486030 0.05000000 1.33457886
v 1.89986030 0.05000000 1.33457886
v 2.11486030 0.05000000 1.33457886
v 2.09986030 1.40000000 1.33457886
v 2.11486030 1.40000000 1.33457886
v 2.09986030 0.05000000 1.33457886
v 2.31486030 0.05000000 1.33457886
v 2.29986030 0.05000000 1.33457886
v 2.51486030 0.05000000 1.33457886
v 2.49986030 0.05000000 1.33457886
v -0.10013970 0.05000000 1.31957886
v -0.08513970 0.05000000 1.31957886
v -2.70013945 0.05000000 1.31957886
v -2.68513970 0.05000000 1.31957886
v -2.50013970 0.05000000 1.31957886
v -2.48513970 0.05000000 1.31957886
v -2.30013970 0.05000000 1.31957886
v -2.28513970 0.05000000 1.31957886
v -2.10013970 0.05000000 1.31957886
v -2.08513970 0.05000000 1.31957886
v -1.90013970 0.05000000 1.31957886
v -1.88513970 0.05000000 1.31957886
v -1.70013970 0.05000000 1.31957886
v -1.50013970 0.05000000 1.31957886
v -1.48513970 0.05000000 1.31957886
v -1.30013970 0.05000000 1.31957886
v -1.28513970 0.05000000 1.31957886
v -1.10013970 0.05000000 1.31957886
v -1.08513970 0.05000000 1.31957886
v -0.90013970 0.05000000 1.31957886
v -0.88513970 0.05000000 1.31957886
v -0.70013970 0.05000000 1.31957886
v -0.50013970 0.05000000 1.31957886
v -0.48513970 0.05000000 1.31957886
v -0.30013970 0.05000000 1.31957886
v -0.28513970 0.05000000 1.31957886
v 2.69986030 0.05000000 1.31957886
v 0.09986030 0.05000000 1.31957886
v 0.11486030 0.05000000 1.31957886
v 0.29986030 0.05000000 1.31957886
v 0.31486030 0.05000000 1.31957886
v 0.49986030 0.05000000 1.31957886
v 0.51486030 0.05000000 1.31957886
v 0.69986030 0.05000000 1.31957886
v 0.71486030 0.05000000 1.31957886
v 0.89986030 0.05000000 1.31957886
v 0.91486030 0.05000000 1.31957886
v 1.09986030 0.05000000 1.31957886
v 1.11486030 0.05000000 1.31957886
v 1.29986030 0.05000000 1.31957886
v 1.31486030 0.05000000 1.31957886
v 1.49986030 0.05000000 1.31957886
v 1.51486030 0.05000000 1.31957886
v 1.69986030 0.05000000 1.31957886
v 1.71486030 0.05000000 1.31957886
v 1.89986030 0.05000000 1.31957886
v 1.91486030 0.05000000 1.31957886
v 2.09986030 0.05000000 1.31957886
v 2.11486030 0.05000000 1.31957886
v 2.29986030 0.05000000 1.31957886
v 2.31486030 0.05000000 1.31957886
v 2.49986030 0.05000000 1.31957886
v 2.51486030 0.05000000 1.31957886
v 0.01486030 0.05000000 -1.33542114
v 0.02986030 0.05000000 -1.33542114
v 2.61486030 0.05000000 -1.33542114
v 2.62986030 0.05000000 -1.33542114
v 2.41486030 0.05000000 -1.33542114
v 2.42986030 0.05000000 -1.33542114
v 2.22986030 0.05000000 -1.33542114
v 2.01486030 0.05000000 -1.33542114
v 2.02986030 0.05000000 -1.33542114
v 1.81486030 0.05000000 -1.33542114
v 1.82986030 0.05000000 -1.33542114
v 1.61486030 0.05000000 -1.33542114
v 1.62986030 0.05000000 -1.33542114
v 1.41486030 0.05000000 -1.33542114
v 1.42986030 0.05000000 -1.33542114
v 1.22986030 0.05000000 -1.33542114
v 1.01486030 0.05000000 -1.33542114
v 1.02986030 0.05000000 -1.33542114
v 0.81486030 0.05000000 -1.33542114
v 0.82986030 0.05000000 -1.33542114
v 0.61486030 0.05000000 -1.33542114
v 0.62986030 0.05000000 -1.33542114
v 0.41486030 0.05000000 -1.33542114
v 0.42986030 0.05000000 -1.33542114
v 0.21486030 0.05000000 -1.33542114
v 0.22986030 0.05000000 -1.33542114
v -2.77013993 0.05000000 -1.33542114
v -0.18513970 0.05000000 -1.33542114
v -0.17013970 0.05000000 -1.33542114
v -0.38513970 0.05000000 -1.33542114
v -0.37013970 0.05000000 -1.33542114
v -0.58513970 0.05000000 -1.33542114
v -0.57013970 0.05000000 -1.33542114
v -0.78513970 0.05000000 -1.33542114
v -0.77013970 0.05000000 -1.33542114
v -0.98513970 0.05000000 -1.33542114
v -0.97013970 0.05000000 -1.33542114
v -1.18513970 0.05000000 -1.33542114
v -1.17013970 0.05000000 -1.33542114
v -1.37013970 0.05000000 -1.33542114
v -1.58513970 0.05000000 -1.33542114
v -1.57013970 0.05000000 -1.33542114
v -1.78513970 0.05000000 -1.33542114
v -1.77013970 0.05000000 -1.33542114
v -1.98513970 0.05000000 -1.33542114
v -1.97013970 0.05000000 -1.33542114
v -2.18513970 0.05000000 -1.33542114
v -2.17013970 0.05000000 -1.33542114
v -2.38513970 0.05000000 -1.33542114
v -2.37013970 0.05000000 -1.33542114
v -2.58513970 0.05000000 -1.33542114
v -2.57013995 0.05000000 -1.33542114
v 0.02986030 0.05000000 -1.32042114
v 0.01486030 0.05000000 -1.32042114
v 2.62986030 0.05000000 -1.32042114
v 2.61486030 0.05000000 -1.32042114
v 2.42986030 0.05000000 -1.32042114
v 2.41486030 0.05000000 -1.32042114
v 2.22986030 0.05000000 -1.32042114
v 2.02986030 0.05000000 -1.32042114
v 2.01486030 0.05000000 -1.32042114
v 1.82986030 0.05000000 -1.32042114
v 1.81486030 0.05000000 -1.32042114
v 1.62986030 0.05000000 -1.32042114
v 1.61486030 0.05000000 -1.32042114
v 1.42986030 0.05000000 -1.32042114
v 1.41486030 0.05000000 -1.32042114
v 1.22986030 0.05000000 -1.32042114
v 1.02986030 0.05000000 -1.32042114
v 1.01486030 0.05000000 -1.32042114
v 0.82986030 0.05000000 -1.32042114
v 0.81486030 0.05000000 -1.32042114
v 0.62986030 0.05000000 -1.32042114
v 0.61486030 0.05000000 -1.32042114
v 0.42986030 0.05000000 -1.32042114
v 0.41486030 0.05000000 -1.32042114
v 0.22986030 0.05000000 -1.32042114
v 0.21486030 0.05000000 -1.32042114
v -2.77013993 0.05000000 -1.32042114
v -0.17013970 0.05000000 -1.32042114
v -0.18513970 0.05000000 -1.32042114
v -0.37013970 0.05000000 -1.32042114
v -0.38513970 0.05000000 -1.32042114
v -0.57013970 0.05000000 -1.32042114
v -0.58513970 0.05000000 -1.32042114
v -0.77013970 0.05000000 -1.32042114
v -0.78513970 0.05000000 -1.32042114
v -0.97013970 0.05000000 -1.32042114
v -0.98513970 0.05000000 -1.32042114
v -1.17013970 0.05000000 -1.32042114
v -1.18513970 0.05000000 -1.32042114
v -1.37013970 0.05000000 -1.32042114
v -1.57013970 0.05000000 -1.32042114
v -1.58513970 0.05000000 -1.32042114
v -1.77013970 0.05000000 -1.32042114
v -1.78513970 0.05000000 -1.32042114
v -1.97013970 0.05000000 -1.32042114
v -1.98513970 0.05000000 -1.32042114
v -2.17013970 0.05000000 -1.32042114
v -2.18513970 0.05000000 -1.32042114
v -2.37013970 0.05000000 -1.32042114
v -2.38513970 0.05000000 -1.32042114
v -2.57013995 0.05000000 -1.32042114
v -2.58513970 0.05000000 -1.32042114
v -2.72013970 0.05000000 1.38457908
v -2.72013970 0.05000000 1.18457911
v -2.72013970 0.05000000 1.19957886
v -2.72013970 0.05000000 0.98457886
v -2.72013970 0.05000000 0.99957886
v -2.72013970 0.05000000 0.78457886
v -2.72013970 0.05000000 0.79957886
v -2.72013970 0.05000000 0.58457886
v -2.72013970 0.05000000 0.59957886
v -2.72013970 0.05000000 0.38457886
v -2.72013970 0.05000000 0.39957886
v -2.72013970 0.05000000 0.18457886
v -2.72013970 0.05000000 0.19957886
v -2.72013970 0.05000000 -0.01542114
v -2.72013970 0.05000000 -0.00042114
v -2.72013970 0.05000000 -0.21542114
v -2.72013970 0.05000000 -0.20042114
v -2.72013970 0.05000000 -0.41542114
v -2.72013970 0.05000000 -0.61542114
v -2.72013970 0.05000000 -0.60042114
v -2.72013970 0.05000000 -0.81542114
v -2.72013970 0.05000000 -0.80042114
v -2.72013970 0.05000000 -1.01542114
v -2.72013970 0.05000000 -1.00042114
v -2.72013970 0.05000000 -1.21542114
v -2.72013970 0.05000000 -1.20042114
v -2.70513970 0.05000000 1.38457908
v -2.70513970 0.05000000 1.19957886
v -2.70513970 0.05000000 1.18457911
v -2.70513970 0.05000000 0.99957886
v -2.70513970 0.05000000 0.98457886
v -2.70513970 0.05000000 0.79957886
v -2.70513970 0.05000000 0.78457886
v -2.70513970 0.05000000 0.59957886
v -2.70513970 0.05000000 0.58457886
v -2.70513970 0.05000000 0.39957886
v -2.70513970 0.05000000 0.38457886
v -2.70513970 0.05000000 0.19957886
v -2.70513970 0.05000000 0.18457886
v -2.70513970 0.05000000 -0.00042114
v -2.70513970 0.05000000 -0.01542114
v -2.70513970 0.05000000 -0.20042114
v -2.70513970 0.05000000 -0.21542114
v -2.70513970 0.05000000 -0.41542114
v -2.70513970 0.05000000 -0.60042114
v -2.70513970 0.05000000 -0.61542114
v -2.70513970 0.05000000 -0.80042114
v -2.70513970 0.05000000 -0.81542114
v -2.70513970 0.05000000 -1.00042114
v -2.70513970 0.05000000 -1.01542114
v -2.70513970 0.05000000 -1.20042114
v -2.70513970 0.05000000 -1.21542114
v 2.64986030 0.05000000 -1.38542114
v 2.64986030 0.05000000 -1.18542114
v 2.64986030 0.05000000 -1.20042114
v 2.64986030 0.05000000 -0.98542114
v 2.64986030 0.05000000 -0.78542114
v 2.64986030 0.05000000 -0.80042114
v 2.64986030 0.05000000 -0.58542114
v 2.64986030 0.05000000 -0.60042114
v 2.64986030 0.05000000 -0.38542114
v 2.64986030 0.05000000 -0.40042114
v 2.64986030 0.05000000 -0.18542114
v 2.64986030 0.05000000 -0.20042114
v 2.64986030 0.05000000 0.01457886
v 2.64986030 0.05000000 -0.00042114
v 2.64986030 0.05000000 0.21457886
v 2.64986030 0.05000000 0.19957886
v 2.64986030 0.05000000 0.41457886
v 2.64986030 0.05000000 0.39957886
v 2.64986030 0.05000000 0.61457886
v 2.64986030 0.05000000 0.59957886
v 2.64986030 0.05000000 0.81457886
v 2.64986030 0.05000000 0.79957886
v 2.64986030 0.05000000 1.01457886
v 2.64986030 0.05000000 0.99957886
v 2.64986030 0.05000000 1.21457861
v 2.64986030 0.05000000 1.19957886
v 2.63486030 0.05000000 -1.38542114
v 2.63486030 0.05000000 -1.20042114
v 2.63486030 0.05000000 -1.18542114
v 2.63486030 0.05000000 -0.98542114
v 2.63486030 0.05000000 -0.80042114
v 2.63486030 0.05000000 -0.78542114
v 2.63486030 0.05000000 -0.60042114
v 2.63486030 0.05000000 -0.58542114
v 2.63486030 0.05000000 -0.40042114
v 2.63486030 0.05000000 -0.38542114
v 2.63486030 0.05000000 -0.20042114
v 2.63486030 0.05000000 -0.18542114
v 2.63486030 0.05000000 -0.00042114
v 2.63486030 0.05000000 0.01457886
v 2.63486030 0.05000000 0.19957886
v 2.63486030 0.05000000 0.21457886
v 2.63486030 0.05000000 0.39957886
v 2.63486030 0.05000000 0.41457886
v 2.63486030 0.05000000 0.59957886
v 2.63486030 0.05000000 0.61457886
v 2.63486030 0.05000000 0.79957886
v 2.63486030 0.05000000 0.81457886
v 2.63486030 0.05000000 0.99957886
v 2.63486030 0.05000000 1.01457886
v 2.63486030 0.05000000 1.19957886
v 2.63486030 0.05000000 1.21457861
v -1.71507720 1.12712500 1.42838111
v -1.72381220 1.13234750 1.42604061
v -1.75185220 1.13234750 1.41442518
v -1.74363970 1.13505000 1.42072753
v -1.75338220 1.13234750 1.41811703
v -1.76294720 1.12712500 1.42207886
v -1.74255970 1.13234750 1.40729308
v -1.74120720 1.13505000 1.41755728
v -1.74624970 1.13234750 1.40882231
v -1.71424720 1.12712500 1.42207886
v -1.72328970 1.13234750 1.42207886
v -1.71507720 1.12712500 1.41577648
v -1.75338220 1.13234750 1.42604061
v -1.74363970 1.13505000 1.42343016
v -1.76211720 1.12712500 1.42838111
v -1.71750970 1.12712500 1.40990363
v -1.72381220 1.13234750 1.41811703
v -1.73229470 1.12712500 1.39855814
v -1.72642220 1.12712500 1.40099072
v -1.72137720 1.12712500 1.40486048
v -1.74120720 1.13505000 1.42660036
v -1.73337470 1.13505000 1.42207886
v -1.73355470 1.13505000 1.42072753
v -1.72533970 1.13234750 1.41442518
v -1.76211720 1.12712500 1.41577648
v -1.75390470 1.13234750 1.42207886
v -1.73407470 1.13505000 1.41946833
v -1.74228970 1.13505000 1.42577061
v -1.73355470 1.13505000 1.42343016
v -1.73859720 1.12712500 1.39772842
v -1.74381720 1.13505000 1.42207886
v -1.75581470 1.12712500 1.40486048
v -1.75968470 1.12712500 1.40990363
v -1.73859720 1.13234750 1.40677151
v -1.73490470 1.13505000 1.41838701
v -1.73094220 1.13234750 1.40882231
v -1.73463470 1.13234750 1.40729308
v -1.74489970 1.12712500 1.39855814
v -1.75077220 1.12712500 1.40099072
v -1.73407470 1.13505000 1.42468936
v -1.73490470 1.13505000 1.42577061
v -1.73598720 1.13505000 1.42660036
v -1.73598720 1.13505000 1.41755728
v -1.73724470 1.13505000 1.42712211
v -1.73724470 1.13505000 1.41703571
v -1.73859720 1.13505000 1.42729986
v -1.73859720 1.13505000 1.41685778
v -1.73994720 1.13505000 1.42712211
v -1.73994720 1.13505000 1.41703571
v -1.74228970 1.13505000 1.41838701
v -1.74311720 1.13505000 1.42468936
v -1.74311720 1.13505000 1.41946833
v -1.72777220 1.13234750 1.41125493
v -1.74941970 1.13234750 1.41125493
v 0.22953530 0.56504500 1.41251413
v 0.22451030 0.57408750 1.41386546
v 0.21628530 0.52538500 1.39963942
v 0.22133530 0.52538500 1.40621178
v 0.23216030 0.55495750 1.41181463
v 0.22133530 0.57408750 1.40621178
v 0.21628530 0.57408750 1.39963942
v 0.21493530 0.58147000 1.40990363
v 0.22586030 0.56504500 1.40360126
v 0.23216030 0.54451500 1.41181463
v 0.22818530 0.55495750 1.40224996
v 0.22818530 0.54451500 1.40224996
v 0.21736030 0.51800250 1.41577648
v 0.21493530 0.51800250 1.40990363
v 0.21736030 0.58147000 1.41577648
v 0.22953530 0.53443000 1.41251413
v 0.22586030 0.53443000 1.40360126
v 0.22451030 0.52538500 1.41386546
v 0.43878530 0.85002250 1.41811703
v 0.45148530 0.83741750 1.40621178
v 0.43878530 0.77611250 1.41811703
v 0.45148530 0.78871750 1.40621178
v 0.44643530 0.78871750 1.39963942
v 0.44508530 0.78133250 1.40990363
v 0.44753530 0.84480250 1.41577648
v 0.42003530 0.85002250 1.40729308
v 0.42138530 0.85272500 1.41755728
v 0.41636030 0.85002250 1.40882231
v 0.43031030 0.84480250 1.39855814
v 0.43618530 0.84480250 1.40099072
v 0.44753530 0.78133250 1.41577648
v 0.43618530 0.78133250 1.40099072
v 0.43483530 0.77611250 1.41125493
v 0.43166030 0.77611250 1.40882231
v 0.44643530 0.83741750 1.39963942
v 0.44508530 0.84480250 1.40990363
v 0.44123530 0.84480250 1.40486048
v 0.45466030 0.83741750 1.41386546
v 0.42031030 0.85272500 1.41838701
v 0.41771030 0.78133250 1.39855814
v 0.42003530 0.77611250 1.40729308
v 0.42661030 0.77341000 1.41755728
v 0.43726030 0.85002250 1.41442518
v 0.42401030 0.84480250 1.39772842
v 0.45466030 0.78871750 1.41386546
v 0.42138530 0.77341000 1.41755728
v 0.41636030 0.77611250 1.40882231
v 0.43726030 0.77611250 1.41442518
v 0.43031030 0.78133250 1.39855814
v 0.43483530 0.85002250 1.41125493
v 0.43166030 0.85002250 1.40882231
v 0.42661030 0.85272500 1.41755728
v 0.42796030 0.85002250 1.40729308
v 0.42031030 0.77341000 1.41838701
v 0.42796030 0.77611250 1.40729308
v 0.44123530 0.78133250 1.40486048
v 0.42853530 0.77341000 1.41946833
v 0.42771030 0.77341000 1.41838701
v 0.42771030 0.85272500 1.41838701
v 0.42853530 0.85272500 1.41946833
v 0.42401030 0.85002250 1.40677151
v 0.42536030 0.85272500 1.41703571
v 0.42401030 0.78133250 1.39772842
v 0.41948530 0.77341000 1.41946833
v 0.42401030 0.77341000 1.41685778
v 0.42401030 0.77611250 1.40677151
v 0.41771030 0.84480250 1.39855814
v 0.41948530 0.85272500 1.41946833
v 0.42266030 0.85272500 1.41703571
v 0.42401030 0.85272500 1.41685778
v 0.42266030 0.77341000 1.41703571
v 0.42536030 0.77341000 1.41703571
v 0.42948530 0.69756000 1.41946833
v 0.43976030 0.69485750 1.41811703
v 0.44848530 0.62616750 1.41577648
v 0.44606030 0.62616750 1.40990363
v 0.43976030 0.62094750 1.41811703
v 0.44741030 0.68225250 1.39963942
v 0.45243530 0.68225250 1.40621178
v 0.45243530 0.63355250 1.40621178
v 0.44218530 0.68963500 1.40486048
v 0.43578530 0.69485750 1.41125493
v 0.43261030 0.69485750 1.40882231
v 0.43126030 0.68963500 1.39855814
v 0.43713530 0.68963500 1.40099072
v 0.42893530 0.62094750 1.40729308
v 0.42496030 0.62094750 1.40677151
v 0.42496030 0.61824500 1.41685778
v 0.44848530 0.68963500 1.41577648
v 0.44606030 0.68963500 1.40990363
v 0.42496030 0.69756000 1.41685778
v 0.42361030 0.69756000 1.41703571
v 0.42101030 0.69485750 1.40729308
v 0.41731030 0.69485750 1.40882231
v 0.43578530 0.62094750 1.41125493
v 0.43261030 0.62094750 1.40882231
v 0.42866030 0.61824500 1.41838701
v 0.43821030 0.62094750 1.41442518
v 0.44218530 0.62616750 1.40486048
v 0.44741030 0.63355250 1.39963942
v 0.43821030 0.69485750 1.41442518
v 0.43713530 0.62616750 1.40099072
v 0.43126030 0.62616750 1.39855814
v 0.42101030 0.62094750 1.40729308
v 0.42496030 0.62616750 1.39772842
v 0.41866030 0.62616750 1.39855814
v 0.42893530 0.69485750 1.40729308
v 0.42631030 0.69756000 1.41703571
v 0.42126030 0.69756000 1.41838701
v 0.42948530 0.61824500 1.41946833
v 0.42866030 0.69756000 1.41838701
v 0.42758530 0.69756000 1.41755728
v 0.42236030 0.69756000 1.41755728
v 0.42043530 0.69756000 1.41946833
v 0.42236030 0.61824500 1.41755728
v 0.42126030 0.61824500 1.41838701
v 0.41866030 0.68963500 1.39855814
v 0.42496030 0.68963500 1.39772842
v 0.42496030 0.69485750 1.40677151
v 0.41731030 0.62094750 1.40882231
v 0.42631030 0.61824500 1.41703571
v 0.42758530 0.61824500 1.41755728
v 0.42361030 0.61824500 1.41703571
v 0.42043530 0.61824500 1.41946833
v 2.29668530 0.57482500 1.38242106
v 2.30693530 0.57482500 1.38377238
v 2.29668530 0.58491000 1.38512368
v 2.28711030 0.55429500 1.38638291
v 2.29668530 0.55429500 1.38512368
v 2.28641030 0.56438250 1.38377238
v 2.30623530 0.58491000 1.38638291
v 2.31516030 0.58491000 1.39007476
v 2.30488530 0.59395250 1.39142603
v 2.31253530 0.54525250 1.39459631
v 2.27821030 0.55429500 1.39007476
v 2.30488530 0.54525250 1.39142603
v 2.30298530 0.60133750 1.39855814
v 2.29668530 0.60133750 1.39772842
v 2.32281030 0.58491000 1.39594761
v 2.31516030 0.55429500 1.39007476
v 2.32281030 0.55429500 1.39594761
v 2.28846030 0.59395250 1.39142603
v 2.28711030 0.58491000 1.38638291
v 2.32471030 0.57482500 1.39403658
v 2.31651030 0.57482500 1.38773423
v 2.28081030 0.54525250 1.39459631
v 2.29668530 0.54525250 1.39034473
v 2.27053530 0.55429500 1.39594761
v 2.27686030 0.56438250 1.38773423
v 2.26863530 0.56438250 1.39403658
v 2.31253530 0.59395250 1.39459631
v 2.28081030 0.59395250 1.39459631
v 2.27821030 0.58491000 1.39007476
v 2.26863530 0.57482500 1.39403658
v 2.27053530 0.58491000 1.39594761
v 2.29038530 0.53787000 1.39855814
v 2.30298530 0.53787000 1.39855814
v 2.29038530 0.60133750 1.39855814
v 2.30623530 0.55429500 1.38638291
v 2.30693530 0.56438250 1.38377238
v 2.31651030 0.56438250 1.38773423
v 2.29668530 0.56438250 1.38242106
v 2.28641030 0.57482500 1.38377238
v 2.27686030 0.57482500 1.38773423
v 2.29668530 0.59395250 1.39034473
v 2.28846030 0.54525250 1.39142603
v 2.29668530 0.53787000 1.39772842
v 2.32471030 0.56438250 1.39403658
v 1.88608530 0.66177500 1.39142603
v 1.88416030 0.66915750 1.39855814
v 1.87786030 0.66915750 1.39772842
v 1.89111030 0.67438000 1.41442518
v 1.88291030 0.67708250 1.42072753
v 1.88238530 0.67708250 1.41946833
v 1.87281030 0.67708250 1.42072753
v 1.91221030 0.63220250 1.40224996
v 1.90591030 0.64264500 1.39403658
v 1.90591030 0.63220250 1.39403658
v 1.91221030 0.64264500 1.40224996
v 1.88238530 0.59776750 1.42468936
v 1.88156030 0.59776750 1.42577061
v 1.91356030 0.65273250 1.41251413
v 1.91481030 0.65273250 1.42207886
v 1.90958530 0.66177500 1.42207886
v 1.89896030 0.60569000 1.40990363
v 1.89508530 0.60569000 1.40486048
v 1.89111030 0.60047000 1.41442518
v 1.90533530 0.61307500 1.40621178
v 1.90031030 0.61307500 1.39963942
v 1.87021030 0.60047000 1.40882231
v 1.87391030 0.60047000 1.40729308
v 1.86568530 0.60569000 1.40099072
v 1.89633530 0.65273250 1.39007476
v 1.90031030 0.66177500 1.39963942
v 1.89373530 0.66177500 1.39459631
v 1.90986030 0.65273250 1.40360126
v 1.89003530 0.66915750 1.40099072
v 1.86828530 0.62211750 1.38638291
v 1.87786030 0.62211750 1.38512368
v 1.86758530 0.63220250 1.38377238
v 1.88813530 0.64264500 1.38377238
v 1.88743530 0.65273250 1.38638291
v 1.87391030 0.67438000 1.40729308
v 1.87526030 0.67708250 1.41755728
v 1.87021030 0.67438000 1.40882231
v 1.90221030 0.66915750 1.42207886
v 1.90138530 0.66915750 1.42838111
v 1.90221030 0.60569000 1.42207886
v 1.90958530 0.61307500 1.42207886
v 1.90138530 0.60569000 1.41577648
v 1.90851030 0.66177500 1.41386546
v 1.87786030 0.63220250 1.38242106
v 1.87786030 0.64264500 1.38242106
v 1.88813530 0.63220250 1.38377238
v 1.87281030 0.67708250 1.42343016
v 1.87416030 0.67708250 1.42577061
v 1.87526030 0.67708250 1.42660036
v 1.90533530 0.66177500 1.40621178
v 1.90138530 0.66915750 1.41577648
v 1.89896030 0.66915750 1.40990363
v 1.86703530 0.60047000 1.41125493
v 1.86963530 0.61307500 1.39142603
v 1.88181030 0.60047000 1.40729308
v 1.88416030 0.60569000 1.39855814
v 1.87786030 0.60569000 1.39772842
v 1.90398530 0.65273250 1.39594761
v 1.88743530 0.62211750 1.38638291
v 1.89768530 0.64264500 1.38773423
v 1.87263530 0.67708250 1.42207886
v 1.86963530 0.66177500 1.39142603
v 1.89263530 0.60047000 1.42604061
v 1.90138530 0.60569000 1.42838111
v 1.89316030 0.60047000 1.42207886
v 1.87416030 0.59776750 1.41838701
v 1.87526030 0.59776750 1.41755728
v 1.89508530 0.66915750 1.40486048
v 1.89373530 0.61307500 1.39459631
v 1.89633530 0.62211750 1.39007476
v 1.88608530 0.61307500 1.39142603
v 1.87786030 0.65273250 1.38512368
v 1.86828530 0.65273250 1.38638291
v 1.86758530 0.64264500 1.38377238
v 1.90851030 0.61307500 1.41386546
v 1.91356030 0.62211750 1.41251413
v 1.89768530 0.63220250 1.38773423
v 1.89263530 0.67438000 1.41811703
v 1.88868530 0.60047000 1.41125493
v 1.89003530 0.60569000 1.40099072
v 1.91481030 0.62211750 1.42207886
v 1.89316030 0.67438000 1.42207886
v 1.88308530 0.59776750 1.42207886
v 1.88291030 0.59776750 1.42072753
v 1.87786030 0.61307500 1.39034473
v 1.87156030 0.60569000 1.39855814
v 1.90398530 0.62211750 1.39594761
v 1.87786030 0.66177500 1.39034473
v 1.88308530 0.67708250 1.42207886
v 1.88551030 0.60047000 1.40882231
v 1.87651030 0.59776750 1.41703571
v 1.88291030 0.67708250 1.42343016
v 1.88156030 0.59776750 1.41838701
v 1.87786030 0.67438000 1.40677151
v 1.88156030 0.67708250 1.41838701
v 1.88551030 0.67438000 1.40882231
v 1.90986030 0.62211750 1.40360126
v 1.88181030 0.67438000 1.40729308
v 1.87156030 0.66915750 1.39855814
v 1.86568530 0.66915750 1.40099072
v 1.88238530 0.67708250 1.42468936
v 1.88156030 0.67708250 1.42577061
v 1.88046030 0.67708250 1.42660036
v 1.88046030 0.67708250 1.41755728
v 1.87921030 0.67708250 1.42712211
v 1.87921030 0.67708250 1.41703571
v 1.87786030 0.67708250 1.42729986
v 1.87786030 0.67708250 1.41685778
v 1.87651030 0.67708250 1.42712211
v 1.87651030 0.67708250 1.41703571
v 1.87416030 0.67708250 1.41838701
v 1.87333530 0.67708250 1.42468936
v 1.87333530 0.67708250 1.41946833
v 1.87416030 0.59776750 1.42577061
v 1.89263530 0.60047000 1.41811703
v 1.87786030 0.60047000 1.40677151
v 1.88868530 0.67438000 1.41125493
v 1.86703530 0.67438000 1.41125493
v 1.87526030 0.59776750 1.42660036
v 1.87263530 0.59776750 1.42207886
v 1.87786030 0.59776750 1.42729986
v 1.88046030 0.59776750 1.42660036
v 1.87921030 0.59776750 1.42712211
v 1.89263530 0.67438000 1.42604061
v 1.87333530 0.59776750 1.42468936
v 1.87281030 0.59776750 1.42343016
v 1.87281030 0.59776750 1.42072753
v 1.88046030 0.59776750 1.41755728
v 1.87921030 0.59776750 1.41703571
v 1.87786030 0.59776750 1.41685778
v 1.88291030 0.59776750 1.42343016
v 1.87651030 0.59776750 1.42712211
v 1.88238530 0.59776750 1.41946833
v 1.87333530 0.59776750 1.41946833
v 2.06436030 0.53862250 1.39772842
v 2.04083530 0.60209250 1.41577648
v 2.04001030 0.60209250 1.42207886
v 2.03371030 0.59470750 1.41386546
v 2.03633530 0.57558000 1.39403658
v 2.03823530 0.58566500 1.39594761
v 2.03001030 0.57558000 1.40224996
v 2.08283530 0.58566500 1.39007476
v 2.08023530 0.59470750 1.39459631
v 2.07258530 0.59470750 1.39142603
v 2.02606030 0.57558000 1.41181463
v 2.03001030 0.56513750 1.40224996
v 2.02606030 0.56513750 1.41181463
v 2.04713530 0.53862250 1.40486048
v 2.05218530 0.53862250 1.40099072
v 2.04193530 0.54600750 1.39963942
v 2.02741030 0.58566500 1.42207886
v 2.07463530 0.56513750 1.38377238
v 2.08418530 0.57558000 1.38773423
v 2.07463530 0.57558000 1.38377238
v 2.08418530 0.56513750 1.38773423
v 2.05481030 0.58566500 1.38638291
v 2.05616030 0.59470750 1.39142603
v 2.04588530 0.58566500 1.39007476
v 2.03688530 0.54600750 1.40621178
v 2.03236030 0.55505000 1.40360126
v 2.04328530 0.53862250 1.40990363
v 2.07066030 0.60209250 1.39855814
v 2.06436030 0.58566500 1.38512368
v 2.06436030 0.59470750 1.39034473
v 2.06436030 0.57558000 1.38242106
v 2.06436030 0.60209250 1.39772842
v 2.05806030 0.60209250 1.39855814
v 2.05411030 0.57558000 1.38377238
v 2.02866030 0.55505000 1.41251413
v 2.03263530 0.54600750 1.42207886
v 2.02741030 0.55505000 1.42207886
v 2.03263530 0.59470750 1.42207886
v 2.05353530 0.53340250 1.41125493
v 2.09048530 0.58566500 1.39594761
v 2.04588530 0.55505000 1.39007476
v 2.03823530 0.55505000 1.39594761
v 2.06436030 0.54600750 1.39034473
v 2.06436030 0.55505000 1.38512368
v 2.05616030 0.54600750 1.39142603
v 2.07258530 0.54600750 1.39142603
v 2.07066030 0.53862250 1.39855814
v 2.09241030 0.57558000 1.39403658
v 2.02866030 0.58566500 1.41251413
v 2.04906030 0.60731250 1.42207886
v 2.08023530 0.54600750 1.39459631
v 2.03371030 0.54600750 1.41386546
v 2.08283530 0.55505000 1.39007476
v 2.09048530 0.55505000 1.39594761
v 2.09241030 0.56513750 1.39403658
v 2.04001030 0.53862250 1.42207886
v 2.04083530 0.53862250 1.41577648
v 2.05111030 0.53340250 1.41442518
v 2.05481030 0.55505000 1.38638291
v 2.05411030 0.56513750 1.38377238
v 2.04453530 0.56513750 1.38773423
v 2.04958530 0.60731250 1.41811703
v 2.04851030 0.54600750 1.39459631
v 2.02471030 0.56513750 1.42207886
v 2.02471030 0.57558000 1.42207886
v 2.04906030 0.53340250 1.42207886
v 2.04958530 0.53340250 1.41811703
v 2.06436030 0.56513750 1.38242106
v 2.03688530 0.59470750 1.40621178
v 2.03236030 0.58566500 1.40360126
v 2.04851030 0.59470750 1.39459631
v 2.05218530 0.60209250 1.40099072
v 2.04193530 0.59470750 1.39963942
v 2.07393530 0.58566500 1.38638291
v 2.04453530 0.57558000 1.38773423
v 2.04328530 0.60209250 1.40990363
v 2.03633530 0.56513750 1.39403658
v 2.05806030 0.53862250 1.39855814
v 2.07393530 0.55505000 1.38638291
v 2.05353530 0.60731250 1.41125493
v 2.05111030 0.60731250 1.41442518
v 2.04713530 0.60209250 1.40486048
v -2.78328926 1.09748750 -0.03939614
v -2.76798190 1.07097500 -0.03939614
v -2.76933323 1.07097500 -0.02913114
v -2.77068453 1.08106250 -0.03939614
v -2.78411898 1.09748750 -0.03309364
v -2.78411898 1.03402000 -0.04569864
v -2.78328926 1.03402000 -0.03939614
v -2.77563560 1.05044750 -0.05787364
v -2.78150845 1.05044750 -0.06552614
v -2.78015715 1.04140500 -0.02352864
v -2.77698688 1.04140500 -0.03118114
v -2.78150845 1.08106250 -0.01326364
v -2.77194375 1.05044750 -0.02983114
v -2.77068453 1.05044750 -0.03939614
v -2.77194375 1.08106250 -0.02983114
v -2.77563560 1.08106250 -0.02091864
v -2.76798190 1.06053250 -0.03939614
v -2.76933323 1.06053250 -0.04965864
v -2.77329508 1.07097500 -0.01956614
v -2.77329508 1.07097500 -0.05922364
v -2.77329508 1.06053250 -0.05922364
v -2.76933323 1.07097500 -0.04965864
v -2.78150845 1.05044750 -0.01326364
v -2.78411898 1.03402000 -0.03309364
v -2.77959743 1.07097500 -0.06743864
v -2.77959743 1.06053250 -0.06743864
v -2.77563560 1.05044750 -0.02091864
v -2.77194375 1.05044750 -0.04896114
v -2.78015715 1.09010500 -0.02352864
v -2.77959743 1.07097500 -0.01135364
v -2.76933323 1.06053250 -0.02913114
v -2.77698688 1.09010500 -0.03118114
v -2.78015715 1.04140500 -0.05526364
v -2.77959743 1.06053250 -0.01135364
v -2.77590558 1.04140500 -0.03939614
v -2.77563560 1.08106250 -0.05787364
v -2.77194375 1.08106250 -0.04896114
v -2.77698688 1.09010500 -0.04760864
v -2.77329508 1.06053250 -0.01956614
v -2.77590558 1.09010500 -0.03939614
v -2.78150845 1.08106250 -0.06552614
v -2.77698688 1.04140500 -0.04760864
v -2.78411898 1.09748750 -0.04569864
v -2.78015715 1.09010500 -0.05526364
v -0.21811470 0.91572000 -1.38722114
v -0.20856470 0.91572000 -1.38597114
v -0.21881470 0.90563250 -1.38462114
v -0.21881470 0.89519000 -1.38462114
v -0.22703970 0.88510500 -1.39092114
v -0.22838970 0.89519000 -1.38857114
v -0.22441470 0.92476250 -1.39544614
v -0.21676470 0.92476250 -1.39227114
v -0.22703970 0.91572000 -1.39092114
v -0.19008970 0.88510500 -1.39092114
v -0.19268970 0.87606250 -1.39544614
v -0.20033970 0.87606250 -1.39227114
v -0.19898970 0.88510500 -1.38722114
v -0.23468970 0.91572000 -1.39679614
v -0.20856470 0.89519000 -1.38327114
v -0.20856470 0.90563250 -1.38327114
v -0.23658970 0.90563250 -1.39487114
v -0.23658970 0.89519000 -1.39487114
v -0.20226470 0.86867750 -1.39939614
v -0.22838970 0.90563250 -1.38857114
v -0.19008970 0.91572000 -1.39092114
v -0.19898970 0.91572000 -1.38722114
v -0.20033970 0.92476250 -1.39227114
v -0.19828970 0.90563250 -1.38462114
v -0.20856470 0.86867750 -1.39857114
v -0.20856470 0.88510500 -1.38597114
v -0.19828970 0.89519000 -1.38462114
v -0.18241470 0.88510500 -1.39679614
v -0.22441470 0.87606250 -1.39544614
v -0.20856470 0.87606250 -1.39119614
v -0.21676470 0.87606250 -1.39227114
v -0.23468970 0.88510500 -1.39679614
v -0.20856470 0.92476250 -1.39119614
v -0.18051470 0.89519000 -1.39487114
v -0.18241470 0.91572000 -1.39679614
v -0.21811470 0.88510500 -1.38722114
v -0.19268970 0.92476250 -1.39544614
v -0.21486470 0.93214500 -1.39939614
v -0.20856470 0.93214500 -1.39857114
v -0.18051470 0.90563250 -1.39487114
v -0.18873970 0.90563250 -1.38857114
v -0.21486470 0.86867750 -1.39939614
v -0.20226470 0.93214500 -1.39939614
v -0.18873970 0.89519000 -1.38857114
v -0.09513970 0.08500000 1.06207886
v -0.09361470 1.06500000 1.05043136
v -0.09361470 0.08500000 1.05043136
v -0.09513970 1.06500000 1.06207886
v -0.03848970 0.08500000 1.01861136
v -0.05013970 1.06500000 1.01707886
v -0.03848970 1.06500000 1.01861136
v -0.05013970 0.08500000 1.01707886
v -0.01831470 0.08500000 1.03025886
v -0.02763970 1.06500000 1.02310886
v -0.01831470 1.06500000 1.03025886
v -0.02763970 0.08500000 1.02310886
v -0.07263970 0.08500000 1.02310886
v -0.08196470 1.06500000 1.03025886
v -0.07263970 1.06500000 1.02310886
v -0.08196470 0.08500000 1.03025886
v -0.08911470 0.08500000 1.03957886
v -0.08911470 1.06500000 1.03957886
v -0.06178970 0.08500000 1.01861136
v -0.06178970 1.06500000 1.01861136
v -0.08196470 0.08500000 1.09389886
v -0.07263970 1.06500000 1.10104886
v -0.08196470 1.06500000 1.09389886
v -0.07263970 0.08500000 1.10104886
v -0.01501470 0.08500000 1.08957886
v 0.52986030 0.08500000 1.03457886
v 0.52986030 0.08500000 1.08957886
v -0.01501470 0.08500000 1.03457886
v -0.04041470 0.08500000 1.07180136
v -0.01831470 0.08500000 1.09389886
v -0.03638970 0.08500000 1.06207886
v -0.02763970 0.08500000 1.10104886
v -0.03686470 0.08500000 1.05851886
v -0.03823970 0.08500000 1.05520386
v -0.03686470 0.08500000 1.06563886
v -0.03823970 0.08500000 1.06895386
v -0.04326470 0.08500000 1.07398636
v -0.03848970 0.08500000 1.10554636
v -0.04658970 0.08500000 1.07536136
v -0.05013970 0.08500000 1.10707886
v -0.05013970 0.08500000 1.07582886
v -0.05368970 0.08500000 1.07536136
v -0.06178970 0.08500000 1.10554636
v -0.05701470 0.08500000 1.07398636
v -0.05986470 0.08500000 1.07180136
v -0.06203970 0.08500000 1.06895386
v -0.08911470 0.08500000 1.08457886
v -0.04041470 0.08500000 1.05235636
v -0.04326470 0.08500000 1.05017136
v -0.04658970 0.08500000 1.04879636
v -0.05013970 0.08500000 1.04832886
v -0.05368970 0.08500000 1.04879636
v -0.05701470 0.08500000 1.05017136
v -0.05986470 0.08500000 1.05235636
v -0.06203970 0.08500000 1.05520386
v -0.06341470 0.08500000 1.05851886
v -0.06388970 0.08500000 1.06207886
v -0.06341470 0.08500000 1.06563886
v -0.09361470 0.08500000 1.07372636
v -0.01501470 1.06500000 1.03457886
v -0.03848970 1.06500000 1.10554636
v -0.05013970 1.06500000 1.10707886
v -0.01831470 1.06500000 1.09389886
v -0.02763970 1.06500000 1.10104886
v -0.06178970 1.06500000 1.10554636
v -0.08911470 1.06500000 1.08457886
v -0.09361470 1.06500000 1.07372636
v -0.01501470 1.06500000 1.08957886
v 0.52986030 1.06500000 1.08957886
v 0.52986030 1.06500000 1.03457886
v -0.04041470 1.06500000 1.05235636
v -0.03638970 1.06500000 1.06207886
v -0.03686470 1.06500000 1.06563886
v -0.03823970 1.06500000 1.06895386
v -0.03686470 1.06500000 1.05851886
v -0.03823970 1.06500000 1.05520386
v -0.04326470 1.06500000 1.05017136
v -0.04658970 1.06500000 1.04879636
v -0.05013970 1.06500000 1.04832886
v -0.05368970 1.06500000 1.04879636
v -0.05701470 1.06500000 1.05017136
v -0.05986470 1.06500000 1.05235636
v -0.06203970 1.06500000 1.05520386
v -0.04041470 1.06500000 1.07180136
v -0.04326470 1.06500000 1.07398636
v -0.04658970 1.06500000 1.07536136
v -0.05013970 1.06500000 1.07582886
v -0.05368970 1.06500000 1.07536136
v -0.05701470 1.06500000 1.07398636
v -0.05986470 1.06500000 1.07180136
v -0.06203970 1.06500000 1.06895386
v -0.06341470 1.06500000 1.06563886
v -0.06388970 1.06500000 1.06207886
v -0.06341470 1.06500000 1.05851886
v 0.46736030 0.95000000 1.08957886
v 0.03736030 0.95000000 1.08957886
v 0.03736030 0.65000000 1.08957886
v 0.03736030 0.52500000 1.08957886
v 0.46736030 0.65000000 1.08957886
v 0.03736030 0.22500000 1.08957886
v 0.46736030 0.22500000 1.08957886
v 0.46736030 0.52500000 1.08957886
v 0.03736030 0.22500000 1.07457886
v 0.03736030 0.52500000 1.07457886
v 0.46736030 0.52500000 1.07457886
v 0.46736030 0.22500000 1.07457886
v 0.03736030 0.65000000 1.07457886
v 0.03736030 0.95000000 1.07457886
v 0.46736030 0.95000000 1.07457886
v 0.46736030 0.65000000 1.07457886
v 0.52333530 1.06500000 -1.35127114
v 0.52486030 0.08500000 -1.36292114
v 0.52486030 1.06500000 -1.36292114
v 0.52333530 0.08500000 -1.35127114
v 0.46821030 0.08500000 -1.31944614
v 0.47986030 1.06500000 -1.31792114
v 0.46821030 1.06500000 -1.31944614
v 0.47986030 0.08500000 -1.31792114
v 0.44803530 0.08500000 -1.33109614
v 0.45736030 1.06500000 -1.32394614
v 0.44803530 1.06500000 -1.33109614
v 0.45736030 0.08500000 -1.32394614
v 0.50236030 0.08500000 -1.32394614
v 0.51168530 1.06500000 -1.33109614
v 0.50236030 1.06500000 -1.32394614
v 0.51168530 0.08500000 -1.33109614
v 0.51883530 0.08500000 -1.34042114
v 0.51883530 1.06500000 -1.34042114
v 0.49151030 0.08500000 -1.31944614
v 0.49151030 1.06500000 -1.31944614
v 0.51168530 0.08500000 -1.39474614
v 0.50236030 1.06500000 -1.40189614
v 0.51168530 1.06500000 -1.39474614
v 0.50236030 0.08500000 -1.40189614
v 0.49361030 0.08500000 -1.36292114
v 0.49313530 0.08500000 -1.35937114
v 0.52333530 0.08500000 -1.37457114
v 0.49176030 0.08500000 -1.35604614
v 0.49313530 0.08500000 -1.36647114
v 0.48958530 0.08500000 -1.35319614
v 0.51883530 0.08500000 -1.38542114
v 0.49176030 0.08500000 -1.36979614
v 0.48673530 0.08500000 -1.35102114
v 0.48341030 0.08500000 -1.34964614
v 0.47986030 0.08500000 -1.34917114
v 0.47631030 0.08500000 -1.34964614
v 0.47298530 0.08500000 -1.35102114
v 0.47013530 0.08500000 -1.35319614
v 0.44473530 0.08500000 -1.33542114
v 0.46796030 0.08500000 -1.35604614
v 0.48958530 0.08500000 -1.37264614
v 0.48673530 0.08500000 -1.37482114
v 0.49151030 0.08500000 -1.40639614
v 0.48341030 0.08500000 -1.37619614
v 0.47986030 0.08500000 -1.37667114
v 0.47986030 0.08500000 -1.40792114
v 0.47631030 0.08500000 -1.37619614
v 0.46821030 0.08500000 -1.40639614
v 0.47298530 0.08500000 -1.37482114
v 0.45736030 0.08500000 -1.40189614
v 0.47013530 0.08500000 -1.37264614
v 0.44473530 0.08500000 -1.39042114
v 0.46796030 0.08500000 -1.36979614
v 0.46658530 0.08500000 -1.36647114
v 0.46611030 0.08500000 -1.36292114
v 0.46658530 0.08500000 -1.35937114
v 0.44803530 0.08500000 -1.39474614
v -0.10013970 0.08500000 -1.33542114
v -0.10013970 0.08500000 -1.39042114
v 0.44473530 1.06500000 -1.33542114
v 0.46821030 1.06500000 -1.40639614
v 0.47986030 1.06500000 -1.40792114
v 0.44803530 1.06500000 -1.39474614
v 0.45736030 1.06500000 -1.40189614
v 0.49151030 1.06500000 -1.40639614
v 0.51883530 1.06500000 -1.38542114
v 0.52333530 1.06500000 -1.37457114
v 0.44473530 1.06500000 -1.39042114
v 0.49361030 1.06500000 -1.36292114
v 0.49313530 1.06500000 -1.36647114
v 0.49176030 1.06500000 -1.36979614
v 0.49313530 1.06500000 -1.35937114
v 0.48958530 1.06500000 -1.37264614
v 0.49176030 1.06500000 -1.35604614
v 0.48673530 1.06500000 -1.37482114
v 0.48341030 1.06500000 -1.37619614
v 0.47986030 1.06500000 -1.37667114
v 0.47631030 1.06500000 -1.37619614
v 0.47298530 1.06500000 -1.37482114
v 0.47013530 1.06500000 -1.37264614
v 0.46796030 1.06500000 -1.36979614
v 0.48958530 1.06500000 -1.35319614
v 0.48673530 1.06500000 -1.35102114
v 0.48341030 1.06500000 -1.34964614
v 0.47986030 1.06500000 -1.34917114
v 0.47631030 1.06500000 -1.34964614
v 0.47298530 1.06500000 -1.35102114
v 0.47013530 1.06500000 -1.35319614
v 0.46796030 1.06500000 -1.35604614
v 0.46658530 1.06500000 -1.35937114
v 0.46611030 1.06500000 -1.36292114
v 0.46658530 1.06500000 -1.36647114
v -0.10013970 1.06500000 -1.39042114
v -0.10013970 1.06500000 -1.33542114
v -0.03763970 0.95000000 -1.39042114
v 0.39236030 0.95000000 -1.39042114
v 0.39236030 0.65000000 -1.39042114
v 0.39236030 0.52500000 -1.39042114
v -0.03763970 0.65000000 -1.39042114
v 0.39236030 0.22500000 -1.39042114
v -0.03763970 0.22500000 -1.39042114
v -0.03763970 0.52500000 -1.39042114
v 0.39236030 0.22500000 -1.37542114
v 0.39236030 0.52500000 -1.37542114
v -0.03763970 0.52500000 -1.37542114
v -0.03763970 0.22500000 -1.37542114
v 0.39236030 0.65000000 -1.37542114
v 0.39236030 0.95000000 -1.37542114
v -0.03763970 0.95000000 -1.37542114
v -0.03763970 0.65000000 -1.37542114
v 2.66571030 0.08500000 -0.36695364
v 2.67736030 1.06500000 -0.36542114
v 2.66571030 1.06500000 -0.36695364
v 2.67736030 0.08500000 -0.36542114
v 2.63236030 0.08500000 -0.41042114
v 2.63388530 1.06500000 -0.42206864
v 2.63388530 0.08500000 -0.42206864
v 2.63236030 1.06500000 -0.41042114
v 2.63838530 0.08500000 -0.43292114
v 2.64553530 1.06500000 -0.44224114
v 2.64553530 0.08500000 -0.44224114
v 2.63838530 1.06500000 -0.43292114
v 2.64553530 0.08500000 -0.37860114
v 2.63838530 1.06500000 -0.38792114
v 2.63838530 0.08500000 -0.38792114
v 2.64553530 1.06500000 -0.37860114
v 2.65486030 1.06500000 -0.37145114
v 2.65486030 0.08500000 -0.37145114
v 2.63388530 1.06500000 -0.39877364
v 2.63388530 0.08500000 -0.39877364
v 2.70918530 1.06500000 -0.37860114
v 2.71633530 0.08500000 -0.38792114
v 2.71633530 1.06500000 -0.38792114
v 2.70918530 0.08500000 -0.37860114
v 2.66408530 0.08500000 -0.40686364
v 2.66361030 0.08500000 -0.41042114
v 2.64986030 0.08500000 -0.44555614
v 2.72083530 0.08500000 -0.39877364
v 2.69063530 0.08500000 -0.40686364
v 2.69111030 0.08500000 -0.41042114
v 2.68926030 0.08500000 -0.40354614
v 2.68423530 0.08500000 -0.39851364
v 2.69986030 0.08500000 -0.37145114
v 2.68901030 0.08500000 -0.36695364
v 2.68708530 0.08500000 -0.40069864
v 2.68091030 0.08500000 -0.39713864
v 2.67736030 0.08500000 -0.39667114
v 2.67381030 0.08500000 -0.39713864
v 2.67048530 0.08500000 -0.39851364
v 2.66763530 0.08500000 -0.40069864
v 2.66546030 0.08500000 -0.40354614
v 2.72236030 0.08500000 -0.41042114
v 2.72083530 0.08500000 -0.42206864
v 2.69063530 0.08500000 -0.41398114
v 2.71633530 0.08500000 -0.43292114
v 2.68926030 0.08500000 -0.41729614
v 2.70918530 0.08500000 -0.44224114
v 2.68708530 0.08500000 -0.42014364
v 2.70486030 0.08500000 -0.44555614
v 2.68423530 0.08500000 -0.42232864
v 2.68091030 0.08500000 -0.42370364
v 2.67736030 0.08500000 -0.42417114
v 2.67381030 0.08500000 -0.42370364
v 2.67048530 0.08500000 -0.42232864
v 2.66763530 0.08500000 -0.42014364
v 2.66546030 0.08500000 -0.41729614
v 2.66408530 0.08500000 -0.41398114
v 2.70486030 0.08500000 -0.99042114
v 2.64986030 0.08500000 -0.99042114
v 2.64986030 1.06500000 -0.44555614
v 2.72236030 1.06500000 -0.41042114
v 2.72083530 1.06500000 -0.42206864
v 2.71633530 1.06500000 -0.43292114
v 2.70918530 1.06500000 -0.44224114
v 2.72083530 1.06500000 -0.39877364
v 2.69986030 1.06500000 -0.37145114
v 2.68901030 1.06500000 -0.36695364
v 2.70486030 1.06500000 -0.44555614
v 2.70486030 1.06500000 -0.99042114
v 2.69111030 1.06500000 -0.41042114
v 2.69063530 1.06500000 -0.41398114
v 2.68926030 1.06500000 -0.41729614
v 2.68708530 1.06500000 -0.42014364
v 2.68423530 1.06500000 -0.42232864
v 2.67736030 1.06500000 -0.42417114
v 2.68091030 1.06500000 -0.42370364
v 2.67381030 1.06500000 -0.42370364
v 2.67048530 1.06500000 -0.42232864
v 2.66763530 1.06500000 -0.42014364
v 2.66546030 1.06500000 -0.41729614
v 2.64986030 1.06500000 -0.99042114
v 2.66408530 1.06500000 -0.41398114
v 2.66361030 1.06500000 -0.41042114
v 2.69063530 1.06500000 -0.40686364
v 2.68926030 1.06500000 -0.40354614
v 2.68708530 1.06500000 -0.40069864
v 2.68423530 1.06500000 -0.39851364
v 2.68091030 1.06500000 -0.39713864
v 2.67736030 1.06500000 -0.39667114
v 2.67381030 1.06500000 -0.39713864
v 2.67048530 1.06500000 -0.39851364
v 2.66763530 1.06500000 -0.40069864
v 2.66546030 1.06500000 -0.40354614
v 2.66408530 1.06500000 -0.40686364
v 2.70486030 0.65000000 -0.49792114
v 2.70486030 0.52500000 -0.92792114
v 2.70486030 0.65000000 -0.92792114
v 2.70486030 0.52500000 -0.49792114
v 2.70486030 0.95000000 -0.92792114
v 2.70486030 0.95000000 -0.49792114
v 2.70486030 0.22500000 -0.92792114
v 2.70486030 0.22500000 -0.49792114
v 2.68986030 0.52500000 -0.49792114
v 2.68986030 0.22500000 -0.49792114
v 2.68986030 0.52500000 -0.92792114
v 2.68986030 0.22500000 -0.92792114
v 2.68986030 0.95000000 -0.49792114
v 2.68986030 0.65000000 -0.49792114
v 2.68986030 0.95000000 -0.92792114
v 2.68986030 0.65000000 -0.92792114
v -3.03513970 1.41411250 -1.54729614
v -3.03513970 1.45000000 -1.65042114
v -3.03513970 1.38247250 -1.65042114
v -3.03513970 1.42536250 -1.54729614
v -3.03513970 1.48164000 -1.54729614
v -3.03513970 1.45700250 -1.44417114
v -3.03513970 1.46825250 -1.44417114
v -3.03513970 1.49289000 -1.54729614
v -3.03513970 1.52453000 -1.44417114
v -3.03513970 1.49989500 -1.34104614
v -3.03513970 1.51114500 -1.34104614
v -3.03513970 1.53578000 -1.44417114
v -3.03513970 1.56742250 -1.34104614
v -3.03513970 1.54278500 -1.23792114
v -3.03513970 1.55403500 -1.23792114
v -3.03513970 1.57867250 -1.34104614
v -3.03513970 1.61031250 -1.23792114
v -3.03513970 1.58567500 -1.13479614
v -3.03513970 1.59692500 -1.13479614
v -3.03513970 1.62156250 -1.23792114
v -3.03513970 1.65320250 -1.13479614
v -3.03513970 1.62856500 -1.03167114
v -3.03513970 1.63981500 -1.03167114
v -3.03513970 1.66445250 -1.13479614
v -3.03513970 1.69609500 -1.03167114
v -3.03513970 1.67145750 -0.92854614
v -3.03513970 1.68270750 -0.92854614
v -3.03513970 1.70734250 -1.03167114
v -3.03513970 1.73898500 -0.92854614
v -3.03513970 1.71434750 -0.82542114
v -3.03513970 1.72559750 -0.82542114
v -3.03513970 1.75023500 -0.92854614
v -3.03513970 1.78187500 -0.82542114
v -3.03513970 1.75723750 -0.72229614
v -3.03513970 1.76848750 -0.72229614
v -3.03513970 1.79312500 -0.82542114
v -3.03513970 1.82476500 -0.72229614
v -3.03513970 1.80012750 -0.61917114
v -3.03513970 1.81137750 -0.61917114
v -3.03513970 1.83601500 -0.72229614
v -3.03513970 1.86765500 -0.61917114
v -3.03513970 1.84302000 -0.51604614
v -3.03513970 1.85427000 -0.51604614
v -3.03513970 1.87890500 -0.61917114
v -3.03513970 1.91054750 -0.51604614
v -3.03513970 1.88591000 -0.41292114
v -3.03513970 1.89716000 -0.41292114
v -3.03513970 1.92179750 -0.51604614
v -3.03513970 1.95343750 -0.41292114
v -3.03513970 1.92880000 -0.30979614
v -3.03513970 1.94005000 -0.30979614
v -3.03513970 1.96468750 -0.41292114
v -3.03513970 1.99632750 -0.30979614
v -3.03513970 1.97169000 -0.20667114
v -3.03513970 1.98294000 -0.20667114
v -3.03513970 2.00757750 -0.30979614
v -3.03513970 2.03921750 -0.20667114
v -3.03513970 2.01458250 -0.10354614
v -3.03513970 2.02583250 -0.10354614
v -3.03513970 2.05046750 -0.20667114
v -3.03513970 2.08211000 -0.10354614
v -3.03513970 2.05747250 -0.00042114
v -3.03513970 2.09336000 -0.10354614
v -3.03513970 2.12500000 -0.00042114
v -3.03513970 2.08211000 0.10270386
v -3.03513970 2.02583250 0.10270386
v -3.03513970 2.09336000 0.10270386
v -3.03513970 2.03921750 0.20582886
v -3.03513970 2.01458250 0.10270386
v -3.03513970 1.98294000 0.20582886
v -3.03513970 2.05046750 0.20582886
v -3.03513970 1.99632750 0.30895386
v -3.03513970 1.97169000 0.20582886
v -3.03513970 1.94005000 0.30895386
v -3.03513970 2.00757750 0.30895386
v -3.03513970 1.95343750 0.41207886
v -3.03513970 1.92880000 0.30895386
v -3.03513970 1.89716000 0.41207886
v -3.03513970 1.96468750 0.41207886
v -3.03513970 1.91054750 0.51520386
v -3.03513970 1.88591000 0.41207886
v -3.03513970 1.85427000 0.51520386
v -3.03513970 1.92179750 0.51520386
v -3.03513970 1.86765500 0.61832886
v -3.03513970 1.84302000 0.51520386
v -3.03513970 1.81137750 0.61832886
v -3.03513970 1.87890500 0.61832886
v -3.03513970 1.82476500 0.72145386
v -3.03513970 1.80012750 0.61832886
v -3.03513970 1.76848750 0.72145386
v -3.03513970 1.83601500 0.72145386
v -3.03513970 1.78187500 0.82457886
v -3.03513970 1.75723750 0.72145386
v -3.03513970 1.72559750 0.82457886
v -3.03513970 1.79312500 0.82457886
v -3.03513970 1.73898500 0.92770386
v -3.03513970 1.71434750 0.82457886
v -3.03513970 1.68270750 0.92770386
v -3.03513970 1.75023500 0.92770386
v -3.03513970 1.69609500 1.03082886
v -3.03513970 1.67145750 0.92770386
v -3.03513970 1.63981500 1.03082886
v -3.03513970 1.70734250 1.03082886
v -3.03513970 1.65320250 1.13395386
v -3.03513970 1.62856500 1.03082886
v -3.03513970 1.59692500 1.13395386
v -3.03513970 1.66445250 1.13395386
v -3.03513970 1.61031250 1.23707886
v -3.03513970 1.58567500 1.13395386
v -3.03513970 1.55403500 1.23707886
v -3.03513970 1.62156250 1.23707886
v -3.03513970 1.56742250 1.34020386
v -3.03513970 1.54278500 1.23707886
v -3.03513970 1.51114500 1.34020386
v -3.03513970 1.57867250 1.34020386
v -3.03513970 1.52453000 1.44332886
v -3.03513970 1.49989500 1.34020386
v -3.03513970 1.46825250 1.44332886
v -3.03513970 1.53578000 1.44332886
v -3.03513970 1.48164000 1.54645386
v -3.03513970 1.45700250 1.44332886
v -3.03513970 1.42536250 1.54645386
v -3.03513970 1.49289000 1.54645386
v -3.03513970 1.45000000 1.64957886
v -3.03513970 1.41411250 1.54645386
v -3.03513970 1.38247250 1.64957886
v 2.96486030 1.42536250 -1.54729614
v 2.96486030 1.45000000 -1.65042114
v 2.96486030 1.48164000 -1.54729614
v 2.96486030 1.41411250 -1.54729614
v 2.96486030 1.38247250 -1.65042114
v 2.96486030 1.46825250 -1.44417114
v 2.96486030 1.49289000 -1.54729614
v 2.96486030 1.52453000 -1.44417114
v 2.96486030 1.45700250 -1.44417114
v 2.96486030 1.51114500 -1.34104614
v 2.96486030 1.53578000 -1.44417114
v 2.96486030 1.56742250 -1.34104614
v 2.96486030 1.49989500 -1.34104614
v 2.96486030 1.55403500 -1.23792114
v 2.96486030 1.57867250 -1.34104614
v 2.96486030 1.61031250 -1.23792114
v 2.96486030 1.54278500 -1.23792114
v 2.96486030 1.59692500 -1.13479614
v 2.96486030 1.62156250 -1.23792114
v 2.96486030 1.65320250 -1.13479614
v 2.96486030 1.58567500 -1.13479614
v 2.96486030 1.63981500 -1.03167114
v 2.96486030 1.66445250 -1.13479614
v 2.96486030 1.69609500 -1.03167114
v 2.96486030 1.62856500 -1.03167114
v 2.96486030 1.68270750 -0.92854614
v 2.96486030 1.70734250 -1.03167114
v 2.96486030 1.73898500 -0.92854614
v 2.96486030 1.67145750 -0.92854614
v 2.96486030 1.72559750 -0.82542114
v 2.96486030 1.75023500 -0.92854614
v 2.96486030 1.78187500 -0.82542114
v 2.96486030 1.71434750 -0.82542114
v 2.96486030 1.76848750 -0.72229614
v 2.96486030 1.79312500 -0.82542114
v 2.96486030 1.82476500 -0.72229614
v 2.96486030 1.75723750 -0.72229614
v 2.96486030 1.81137750 -0.61917114
v 2.96486030 1.83601500 -0.72229614
v 2.96486030 1.86765500 -0.61917114
v 2.96486030 1.80012750 -0.61917114
v 2.96486030 1.85427000 -0.51604614
v 2.96486030 1.87890500 -0.61917114
v 2.96486030 1.91054750 -0.51604614
v 2.96486030 1.84302000 -0.51604614
v 2.96486030 1.89716000 -0.41292114
v 2.96486030 1.92179750 -0.51604614
v 2.96486030 1.95343750 -0.41292114
v 2.96486030 1.88591000 -0.41292114
v 2.96486030 1.94005000 -0.30979614
v 2.96486030 1.96468750 -0.41292114
v 2.96486030 1.99632750 -0.30979614
v 2.96486030 1.92880000 -0.30979614
v 2.96486030 1.98294000 -0.20667114
v 2.96486030 2.00757750 -0.30979614
v 2.96486030 2.03921750 -0.20667114
v 2.96486030 1.97169000 -0.20667114
v 2.96486030 2.02583250 -0.10354614
v 2.96486030 2.05046750 -0.20667114
v 2.96486030 2.08211000 -0.10354614
v 2.96486030 2.01458250 -0.10354614
v 2.96486030 2.05747250 -0.00042114
v 2.96486030 2.09336000 -0.10354614
v 2.96486030 2.12500000 -0.00042114
v 2.96486030 2.09336000 0.10270386
v 2.96486030 2.08211000 0.10270386
v 2.96486030 2.02583250 0.10270386
v 2.96486030 2.05046750 0.20582886
v 2.96486030 2.03921750 0.20582886
v 2.96486030 2.01458250 0.10270386
v 2.96486030 1.98294000 0.20582886
v 2.96486030 2.00757750 0.30895386
v 2.96486030 1.99632750 0.30895386
v 2.96486030 1.97169000 0.20582886
v 2.96486030 1.94005000 0.30895386
v 2.96486030 1.96468750 0.41207886
v 2.96486030 1.95343750 0.41207886
v 2.96486030 1.92880000 0.30895386
v 2.96486030 1.89716000 0.41207886
v 2.96486030 1.92179750 0.51520386
v 2.96486030 1.91054750 0.51520386
v 2.96486030 1.88591000 0.41207886
v 2.96486030 1.85427000 0.51520386
v 2.96486030 1.87890500 0.61832886
v 2.96486030 1.86765500 0.61832886
v 2.96486030 1.84302000 0.51520386
v 2.96486030 1.81137750 0.61832886
v 2.96486030 1.83601500 0.72145386
v 2.96486030 1.82476500 0.72145386
v 2.96486030 1.80012750 0.61832886
v 2.96486030 1.76848750 0.72145386
v 2.96486030 1.79312500 0.82457886
v 2.96486030 1.78187500 0.82457886
v 2.96486030 1.75723750 0.72145386
v 2.96486030 1.72559750 0.82457886
v 2.96486030 1.75023500 0.92770386
v 2.96486030 1.73898500 0.92770386
v 2.96486030 1.71434750 0.82457886
v 2.96486030 1.68270750 0.92770386
v 2.96486030 1.70734250 1.03082886
v 2.96486030 1.69609500 1.03082886
v 2.96486030 1.67145750 0.92770386
v 2.96486030 1.63981500 1.03082886
v 2.96486030 1.66445250 1.13395386
v 2.96486030 1.65320250 1.13395386
v 2.96486030 1.62856500 1.03082886
v 2.96486030 1.59692500 1.13395386
v 2.96486030 1.62156250 1.23707886
v 2.96486030 1.61031250 1.23707886
v 2.96486030 1.58567500 1.13395386
v 2.96486030 1.55403500 1.23707886
v 2.96486030 1.57867250 1.34020386
v 2.96486030 1.56742250 1.34020386
v 2.96486030 1.54278500 1.23707886
v 2.96486030 1.51114500 1.34020386
v 2.96486030 1.53578000 1.44332886
v 2.96486030 1.52453000 1.44332886
v 2.96486030 1.49989500 1.34020386
v 2.96486030 1.46825250 1.44332886
v 2.96486030 1.49289000 1.54645386
v 2.96486030 1.48164000 1.54645386
v 2.96486030 1.45700250 1.44332886
v 2.96486030 1.42536250 1.54645386
v 2.96486030 1.45000000 1.64957886
v 2.96486030 1.41411250 1.54645386
v 2.96486030 1.38247250 1.64957886
v 2.73486030 1.44281250 -1.49042114
v 2.73486030 1.45508500 -1.45042114
v 2.69986030 1.45508500 -1.45042114
v -2.77013973 1.45508500 -1.45042114
v 2.69986030 1.44281250 -1.49042114
v -2.80513968 1.45508500 -1.45042114
v -2.80513968 1.44281250 -1.49042114
v -2.77013973 1.44281250 -1.49042114
v 2.63986030 1.49989500 -1.34104614
v -2.71013970 1.49989500 -1.34104614
v 2.63986030 1.51114500 -1.34104614
v -2.71013970 1.51114500 -1.34104614
v -2.80513968 1.53895000 -1.25042114
v -2.80513968 1.52667750 -1.29042114
v 2.73486030 1.52667750 -1.29042114
v 2.73486030 1.53895000 -1.25042114
v -2.71013970 1.54278500 -1.23792114
v 2.63986030 1.54278500 -1.23792114
v 2.63986030 1.55403500 -1.23792114
v -2.71013970 1.55403500 -1.23792114
v -2.71013970 1.58567500 -1.13479614
v 2.63986030 1.58567500 -1.13479614
v 2.63986030 1.59692500 -1.13479614
v -2.71013970 1.59692500 -1.13479614
v -2.80513968 1.62281250 -1.05042114
v -2.80513968 1.61054000 -1.09042114
v 2.73486030 1.61054000 -1.09042114
v 2.73486030 1.62281250 -1.05042114
v -2.71013970 1.62856500 -1.03167114
v 2.63986030 1.62856500 -1.03167114
v 2.63986030 1.63981500 -1.03167114
v -2.71013970 1.63981500 -1.03167114
v -2.71013970 1.67145750 -0.92854614
v 2.63986030 1.67145750 -0.92854614
v 2.63986030 1.68270750 -0.92854614
v -2.71013970 1.68270750 -0.92854614
v -2.80513968 1.70667750 -0.85042114
v -2.80513968 1.69440500 -0.89042114
v 2.73486030 1.69440500 -0.89042114
v 2.73486030 1.70667750 -0.85042114
v -2.71013970 1.71434750 -0.82542114
v 2.63986030 1.71434750 -0.82542114
v 2.63986030 1.72559750 -0.82542114
v -2.71013970 1.72559750 -0.82542114
v -2.71013970 1.75723750 -0.72229614
v 2.63986030 1.75723750 -0.72229614
v 2.63986030 1.76848750 -0.72229614
v -2.71013970 1.76848750 -0.72229614
v -2.80513968 1.79054000 -0.65042114
v -2.80513968 1.77826750 -0.69042114
v 2.73486030 1.79054000 -0.65042114
v 2.73486030 1.77826750 -0.69042114
v -2.71013970 1.80012750 -0.61917114
v 2.63986030 1.80012750 -0.61917114
v 2.63986030 1.81137750 -0.61917114
v -2.71013970 1.81137750 -0.61917114
v -2.71013970 1.84302000 -0.51604614
v 2.63986030 1.84302000 -0.51604614
v 2.63986030 1.85427000 -0.51604614
v -2.71013970 1.85427000 -0.51604614
v -2.80513968 1.87440500 -0.45042114
v -2.80513968 1.86213250 -0.49042114
v 2.73486030 1.87440500 -0.45042114
v 2.73486030 1.86213250 -0.49042114
v -2.71013970 1.88591000 -0.41292114
v 2.63986030 1.88591000 -0.41292114
v 2.63986030 1.89716000 -0.41292114
v -2.71013970 1.89716000 -0.41292114
v -2.71013970 1.92880000 -0.30979614
v 2.63986030 1.92880000 -0.30979614
v 2.63986030 1.94005000 -0.30979614
v -2.71013970 1.94005000 -0.30979614
v -2.80513968 1.95826750 -0.25042114
v -2.80513968 1.94599500 -0.29042114
v 2.73486030 1.95826750 -0.25042114
v 2.73486030 1.94599500 -0.29042114
v -2.71013970 1.97169000 -0.20667114
v 2.63986030 1.97169000 -0.20667114
v 2.63986030 1.98294000 -0.20667114
v -2.71013970 1.98294000 -0.20667114
v -2.71013970 2.01458250 -0.10354614
v 2.63986030 2.01458250 -0.10354614
v 2.63986030 2.02583250 -0.10354614
v -2.71013970 2.02583250 -0.10354614
v -2.78513970 2.05747250 -0.00042114
v -2.80513968 2.04213250 -0.05042114
v -2.78513970 2.04213250 -0.05042114
v -2.80513968 2.02986000 -0.09042114
v 2.73486030 2.04213250 -0.05042114
v 2.71486030 2.05747250 -0.00042114
v 2.71486030 2.04213250 -0.05042114
v 2.73486030 2.02986000 -0.09042114
v -2.71013970 2.05747250 -0.00042114
v 2.63986030 2.05747250 -0.00042114
v -2.78513970 2.02583250 0.10270386
v 2.71486030 2.02583250 0.10270386
v -2.71013970 2.02583250 0.10270386
v 2.63986030 2.02583250 0.10270386
v -2.78513970 2.01458250 0.10270386
v 2.71486030 2.01458250 0.10270386
v 2.63986030 2.01458250 0.10270386
v -2.71013970 2.01458250 0.10270386
v -2.80513968 2.00020000 0.14957886
v -2.80513968 2.01247250 0.10957886
v -2.78513970 2.01247250 0.10957886
v 2.73486030 2.00020000 0.14957886
v 2.73486030 2.01247250 0.10957886
v 2.71486030 2.01247250 0.10957886
v -2.71013970 1.98294000 0.20582886
v 2.63986030 1.98294000 0.20582886
v 2.63986030 1.97169000 0.20582886
v -2.71013970 1.97169000 0.20582886
v -2.71013970 1.94005000 0.30895386
v 2.63986030 1.94005000 0.30895386
v 2.63986030 1.92880000 0.30895386
v -2.71013970 1.92880000 0.30895386
v -2.80513968 1.91633500 0.34957886
v -2.80513968 1.92860750 0.30957886
v 2.73486030 1.91633500 0.34957886
v 2.73486030 1.92860750 0.30957886
v -2.71013970 1.89716000 0.41207886
v 2.63986030 1.89716000 0.41207886
v 2.63986030 1.88591000 0.41207886
v -2.71013970 1.88591000 0.41207886
v -2.80513968 1.85427000 0.51520386
v -2.80513968 1.85599500 0.50957886
v 2.73486030 1.85599500 0.50957886
v 2.73486030 1.85427000 0.51520386
v -2.71013970 1.85427000 0.51520386
v 2.63986030 1.85427000 0.51520386
v -2.80513968 1.84302000 0.51520386
v 2.73486030 1.84302000 0.51520386
v 2.63986030 1.84302000 0.51520386
v -2.71013970 1.84302000 0.51520386
v -2.80513968 1.83247250 0.54957886
v 2.73486030 1.83247250 0.54957886
v -2.71013970 1.81137750 0.61832886
v 2.63986030 1.81137750 0.61832886
v 2.63986030 1.80012750 0.61832886
v -2.71013970 1.80012750 0.61832886
v -2.80513968 1.76848750 0.72145386
v -2.80513968 1.77213000 0.70957886
v 2.73486030 1.77213000 0.70957886
v 2.73486030 1.76848750 0.72145386
v -2.71013970 1.76848750 0.72145386
v 2.63986030 1.76848750 0.72145386
v -2.80513968 1.75723750 0.72145386
v 2.73486030 1.75723750 0.72145386
v 2.63986030 1.75723750 0.72145386
v -2.71013970 1.75723750 0.72145386
v -2.80513968 1.74860750 0.74957886
v 2.73486030 1.74860750 0.74957886
v -2.71013970 1.72559750 0.82457886
v 2.63986030 1.72559750 0.82457886
v 2.63986030 1.71434750 0.82457886
v -2.71013970 1.71434750 0.82457886
v -2.80513968 1.68270750 0.92770386
v -2.80513968 1.68826750 0.90957886
v 2.73486030 1.68826750 0.90957886
v 2.73486030 1.68270750 0.92770386
v -2.71013970 1.68270750 0.92770386
v 2.63986030 1.68270750 0.92770386
v -2.80513968 1.67145750 0.92770386
v 2.73486030 1.67145750 0.92770386
v 2.63986030 1.67145750 0.92770386
v -2.71013970 1.67145750 0.92770386
v -2.80513968 1.66474500 0.94957886
v 2.73486030 1.66474500 0.94957886
v -2.71013970 1.63981500 1.03082886
v 2.63986030 1.63981500 1.03082886
v 2.63986030 1.62856500 1.03082886
v -2.71013970 1.62856500 1.03082886
v -2.80513968 1.59692500 1.13395386
v -2.80513968 1.60440500 1.10957886
v 2.73486030 1.60440500 1.10957886
v 2.73486030 1.59692500 1.13395386
v -2.71013970 1.59692500 1.13395386
v 2.63986030 1.59692500 1.13395386
v -2.80513968 1.58567500 1.13395386
v 2.73486030 1.58567500 1.13395386
v 2.63986030 1.58567500 1.13395386
v -2.71013970 1.58567500 1.13395386
v -2.80513968 1.58088000 1.14957886
v 2.73486030 1.58088000 1.14957886
v -2.71013970 1.55403500 1.23707886
v 2.63986030 1.55403500 1.23707886
v 2.63986030 1.54278500 1.23707886
v -2.71013970 1.54278500 1.23707886
v -2.80513968 1.51114500 1.34020386
v -2.80513968 1.52054000 1.30957886
v 2.73486030 1.52054000 1.30957886
v 2.73486030 1.51114500 1.34020386
v -2.71013970 1.51114500 1.34020386
v 2.63986030 1.51114500 1.34020386
v -2.80513968 1.49989500 1.34020386
v 2.73486030 1.49989500 1.34020386
v 2.63986030 1.49989500 1.34020386
v -2.71013970 1.49989500 1.34020386
v 2.73486030 1.49701750 1.34957886
v -2.80513968 1.49701750 1.34957886
v -2.78513970 1.84722750 0.09680636
v -2.78513970 1.83058250 0.10957886
v -2.78513970 1.88281500 -0.03600864
v -2.78513970 1.87684500 -0.05042114
v -2.78513970 1.88750000 -0.00042114
v -2.78513970 1.88281500 0.03516636
v -2.78513970 1.86907750 0.06832886
v -2.71013970 1.86907750 -0.06917114
v -2.71013970 1.84722750 -0.09764864
v -2.71013970 1.88281500 -0.03600864
v -2.71013970 1.88750000 -0.00042114
v -2.71013970 1.88281500 0.03516636
v -2.71013970 1.86907750 0.06832886
v -2.71013970 1.84722750 0.09680636
v -2.71013970 1.81875000 0.11865636
v -2.71013970 1.78558750 -0.13323614
v -2.71013970 1.75000000 -0.13792114
v -2.71013970 1.81875000 -0.11949864
v -2.71013970 1.61718500 -0.03600864
v -2.71013970 1.63092250 -0.06917114
v -2.71013970 1.65277250 -0.09764864
v -2.71013970 1.68125000 -0.11949864
v -2.71013970 1.71441250 -0.13323614
v -2.71013970 1.61250000 -0.00042114
v -2.71013970 1.78558750 0.13239386
v -2.71013970 1.75000000 0.13707886
v -2.71013970 1.71441250 0.13239386
v -2.71013970 1.68125000 0.11865636
v -2.71013970 1.65277250 0.09680636
v -2.71013970 1.63092250 0.06832886
v -2.71013970 1.61718500 0.03516636
v 2.63986030 1.84722750 0.09680636
v 2.63986030 1.81875000 0.11865636
v 2.63986030 1.78558750 0.13239386
v 2.63986030 1.75000000 0.13707886
v 2.63986030 1.61718500 -0.03600864
v 2.63986030 1.63092250 -0.06917114
v 2.63986030 1.65277250 -0.09764864
v 2.63986030 1.68125000 -0.11949864
v 2.63986030 1.71441250 -0.13323614
v 2.63986030 1.81875000 -0.11949864
v 2.63986030 1.78558750 -0.13323614
v 2.63986030 1.75000000 -0.13792114
v 2.63986030 1.61250000 -0.00042114
v 2.63986030 1.71441250 0.13239386
v 2.63986030 1.68125000 0.11865636
v 2.63986030 1.65277250 0.09680636
v 2.63986030 1.63092250 0.06832886
v 2.63986030 1.61718500 0.03516636
v 2.63986030 1.84722750 -0.09764864
v 2.63986030 1.86907750 -0.06917114
v 2.63986030 1.88281500 -0.03600864
v 2.63986030 1.88750000 -0.00042114
v 2.63986030 1.88281500 0.03516636
v 2.63986030 1.86907750 0.06832886
v 2.71486030 1.88281500 -0.03600864
v 2.71486030 1.87684500 -0.05042114
v 2.71486030 1.88750000 -0.00042114
v 2.71486030 1.88281500 0.03516636
v 2.71486030 1.86907750 0.06832886
v 2.71486030 1.84722750 0.09680636
v 2.71486030 1.83058250 0.10957886
v -2.80513968 1.40500000 1.30957886
v -2.80513968 1.40500000 1.34957886
v -2.80513968 1.40500000 1.10957886
v -2.80513968 1.40500000 1.14957886
v -2.80513968 1.40500000 0.90957886
v -2.80513968 1.40500000 0.94957886
v -2.80513968 1.40500000 0.70957886
v -2.80513968 1.40500000 0.74957886
v -2.80513968 1.40500000 0.50957886
v -2.80513968 1.40500000 0.54957886
v -2.80513968 1.40500000 0.30957886
v -2.80513968 1.40500000 0.34957886
v -2.80513968 1.40500000 0.14957886
v -2.80513968 1.66941750 0.10957886
v -2.80513968 1.40500000 0.10957886
v -2.80513968 1.68125000 0.11865636
v -2.80513968 1.71441250 0.13239386
v -2.80513968 1.75000000 0.13707886
v -2.80513968 1.83058250 0.10957886
v -2.80513968 1.81875000 0.11865636
v -2.80513968 1.78558750 0.13239386
v -2.80513968 1.40500000 -0.09042114
v -2.80513968 1.63092250 -0.06917114
v -2.80513968 1.64722750 -0.09042114
v -2.80513968 1.62315500 -0.05042114
v -2.80513968 1.40500000 -0.05042114
v -2.80513968 1.86907750 -0.06917114
v -2.80513968 1.85277250 -0.09042114
v -2.80513968 1.87684500 -0.05042114
v -2.80513968 1.40500000 -0.25042114
v -2.80513968 1.40500000 -0.29042114
v -2.80513968 1.40500000 -0.45042114
v -2.80513968 1.40500000 -0.49042114
v -2.80513968 1.40500000 -0.65042114
v -2.80513968 1.40500000 -0.69042114
v -2.80513968 1.40500000 -0.85042114
v -2.80513968 1.40500000 -0.89042114
v -2.80513968 1.40500000 -1.05042114
v -2.80513968 1.40500000 -1.09042114
v -2.80513968 1.40500000 -1.25042114
v -2.80513968 1.40500000 -1.29042114
v -2.80513968 1.40500000 -1.45042114
v -2.80513968 1.40500000 -1.49042114
v -2.77013973 1.40500000 -1.45042114
v -2.77013973 1.40500000 -1.49042114
v 2.73486030 1.40500000 1.30957886
v 2.73486030 1.40500000 1.34957886
v 2.73486030 1.40500000 1.10957886
v 2.73486030 1.40500000 1.14957886
v 2.73486030 1.40500000 0.90957886
v 2.73486030 1.40500000 0.94957886
v 2.73486030 1.40500000 0.70957886
v 2.73486030 1.40500000 0.74957886
v 2.73486030 1.40500000 0.50957886
v 2.73486030 1.40500000 0.54957886
v 2.73486030 1.40500000 0.30957886
v 2.73486030 1.40500000 0.34957886
v 2.73486030 1.83058250 0.10957886
v 2.73486030 1.81875000 0.11865636
v 2.73486030 1.78558750 0.13239386
v 2.73486030 1.75000000 0.13707886
v 2.73486030 1.40500000 0.14957886
v 2.73486030 1.66941750 0.10957886
v 2.73486030 1.68125000 0.11865636
v 2.73486030 1.71441250 0.13239386
v 2.73486030 1.40500000 0.10957886
v 2.73486030 1.63092250 -0.06917114
v 2.73486030 1.40500000 -0.09042114
v 2.73486030 1.64722750 -0.09042114
v 2.73486030 1.62315500 -0.05042114
v 2.73486030 1.40500000 -0.05042114
v 2.73486030 1.86907750 -0.06917114
v 2.73486030 1.85277250 -0.09042114
v 2.73486030 1.87684500 -0.05042114
v 2.73486030 1.40500000 -0.25042114
v 2.73486030 1.40500000 -0.29042114
v 2.73486030 1.40500000 -0.45042114
v 2.73486030 1.40500000 -0.49042114
v 2.73486030 1.40500000 -0.65042114
v 2.73486030 1.40500000 -0.69042114
v 2.73486030 1.40500000 -0.85042114
v 2.73486030 1.40500000 -0.89042114
v 2.73486030 1.40500000 -1.05042114
v 2.73486030 1.40500000 -1.09042114
v 2.73486030 1.40500000 -1.25042114
v 2.73486030 1.40500000 -1.29042114
v 2.69986030 1.40500000 -1.45042114
v 2.69986030 1.40500000 -1.49042114
v 2.73486030 1.40500000 -1.45042114
v 2.73486030 1.40500000 -1.49042114
v 2.51486030 1.47500000 -1.20042114
v -2.58513970 1.47500000 -1.20042114
v -2.58513970 1.47500000 1.19957886
v 2.51486030 1.47500000 1.19957886
v -1.55508720 1.46250000 1.33202686
v -1.54833470 1.46250000 1.34082886
v -1.56388970 1.46250000 1.32527286
v -1.60638970 1.46250000 1.32527286
v -1.61519220 1.46250000 1.33202686
v -1.62194470 1.46250000 1.34082886
v -1.54263970 1.46250000 1.36207886
v -1.54408720 1.46250000 1.37307861
v -1.54408720 1.46250000 1.35107911
v -1.58513970 1.46250000 1.31957886
v -1.59613970 1.46250000 1.32102711
v -1.57413970 1.46250000 1.32102711
v -1.62619220 1.46250000 1.37307861
v -1.62763970 1.46250000 1.36207886
v -1.62619220 1.46250000 1.35107911
v -1.56388970 1.46250000 1.39888494
v -1.55508720 1.46250000 1.39213091
v -1.60638970 1.46250000 1.39888494
v -1.61519220 1.46250000 1.39213091
v -1.54833470 1.46250000 1.38332886
v -1.62194470 1.46250000 1.38332886
v 2.14491030 1.46250000 1.33202686
v 2.15166030 1.46250000 1.34082886
v 2.13611030 1.46250000 1.32527286
v 2.09361030 1.46250000 1.32527286
v 2.08481030 1.46250000 1.33202686
v 2.07806030 1.46250000 1.34082886
v 2.15736030 1.46250000 1.36207886
v 2.15591030 1.46250000 1.37307861
v 2.15591030 1.46250000 1.35107911
v 2.11486030 1.46250000 1.31957886
v 2.10386030 1.46250000 1.32102711
v 2.12586030 1.46250000 1.32102711
v 2.07381030 1.46250000 1.37307861
v 2.07236030 1.46250000 1.36207886
v 2.07381030 1.46250000 1.35107911
v 2.13611030 1.46250000 1.39888494
v 2.14491030 1.46250000 1.39213091
v 2.08481030 1.46250000 1.39213091
v 2.09361030 1.46250000 1.39888494
v 2.15166030 1.46250000 1.38332886
v 2.07806030 1.46250000 1.38332886
v -2.45508720 1.46250000 -1.39297114
v -2.44833470 1.46250000 -1.38417114
v -2.52763970 1.46250000 -1.36292114
v -2.52619220 1.46250000 -1.37392114
v -2.44263970 1.46250000 -1.36292114
v -2.44408720 1.46250000 -1.35192114
v -2.46388970 1.46250000 -1.39972114
v -2.50638970 1.46250000 -1.39972114
v -2.51519220 1.46250000 -1.39297114
v -2.52194470 1.46250000 -1.38417114
v -2.46388970 1.46250000 -1.32612114
v -2.47413970 1.46250000 -1.32187114
v -2.52619220 1.46250000 -1.35192114
v -2.44408720 1.46250000 -1.37392114
v -2.49613970 1.46250000 -1.32187114
v -2.50638970 1.46250000 -1.32612114
v -2.51519220 1.46250000 -1.33287114
v -2.44833470 1.46250000 -1.34167114
v -2.45508720 1.46250000 -1.33287114
v -2.48513970 1.46250000 -1.32042114
v -2.52194470 1.46250000 -1.34167114
v 2.49491030 1.46250000 -1.39297114
v 2.50166030 1.46250000 -1.38417114
v 2.50736030 1.46250000 -1.36292114
v 2.50591030 1.46250000 -1.35192114
v 2.48611030 1.46250000 -1.39972114
v 2.44361030 1.46250000 -1.39972114
v 2.43481030 1.46250000 -1.39297114
v 2.42381030 1.46250000 -1.37392114
v 2.42806030 1.46250000 -1.38417114
v 2.48611030 1.46250000 -1.32612114
v 2.47586030 1.46250000 -1.32187114
v 2.50591030 1.46250000 -1.37392114
v 2.42381030 1.46250000 -1.35192114
v 2.42236030 1.46250000 -1.36292114
v 2.45386030 1.46250000 -1.32187114
v 2.44361030 1.46250000 -1.32612114
v 2.43481030 1.46250000 -1.33287114
v 2.50166030 1.46250000 -1.34167114
v 2.49491030 1.46250000 -1.33287114
v 2.46486030 1.46250000 -1.32042114
v 2.42806030 1.46250000 -1.34167114
f 1 2 3
f 4 2 1
f 2 4 5
f 6 7 8
f 3 7 6
f 7 3 9
f 9 10 7
f 10 9 11
f 11 9 12
f 13 14 15
f 14 13 16
f 13 15 17
f 16 13 10
f 7 10 13
f 10 11 18
f 18 11 19
f 16 20 14
f 21 20 16
f 20 21 22
f 23 24 25
f 24 23 26
f 23 25 27
f 26 23 20
f 14 20 23
f 20 22 28
f 28 22 29
f 26 30 24
f 31 30 26
f 30 31 32
f 33 34 35
f 34 33 36
f 33 35 37
f 36 33 30
f 24 30 33
f 30 32 38
f 38 32 39
f 36 40 34
f 41 40 36
f 40 41 42
f 43 44 45
f 44 46 47
f 44 43 46
f 43 45 48
f 46 43 40
f 34 40 43
f 40 42 49
f 49 42 50
f 47 51 44
f 51 47 52
f 52 47 53
f 54 55 56
f 47 46 57
f 58 59 60
f 61 62 63
f 64 65 66
f 67 68 69
f 2 70 3
f 70 2 71
f 71 2 72
f 1 73 4
f 73 74 4
f 75 74 73
f 76 74 75
f 74 76 77
f 78 79 80
f 81 80 79
f 80 81 82
f 83 84 85
f 86 87 88
f 89 90 91
f 90 92 93
f 94 95 96
f 89 94 90
f 97 90 94
f 90 97 92
f 98 92 97
f 87 86 97
f 99 92 98
f 100 97 86
f 101 99 98
f 92 99 102
f 97 100 98
f 103 104 105
f 100 86 106
f 98 100 103
f 107 103 100
f 108 103 107
f 103 108 104
f 109 104 108
f 110 111 112
f 113 114 110
f 111 110 114
f 112 115 110
f 115 116 89
f 115 117 116
f 112 117 115
f 112 118 117
f 118 119 120
f 112 119 118
f 112 121 119
f 121 122 123
f 112 122 121
f 112 124 122
f 124 125 126
f 112 125 124
f 112 127 125
f 127 128 129
f 112 128 127
f 112 130 128
f 130 131 132
f 131 82 81
f 133 131 130
f 134 135 82
f 135 134 136
f 134 82 133
f 131 133 82
f 112 133 130
f 112 137 133
f 138 139 137
f 139 140 141
f 142 139 143
f 139 144 140
f 139 145 144
f 146 139 138
f 137 147 138
f 137 148 147
f 137 149 148
f 137 150 149
f 137 151 150
f 137 152 151
f 137 153 152
f 137 154 153
f 137 155 154
f 137 156 155
f 137 157 156
f 158 157 137
f 157 158 159
f 159 158 160
f 160 158 161
f 161 158 162
f 162 158 163
f 163 158 164
f 164 158 165
f 165 158 166
f 166 158 167
f 167 158 168
f 169 170 158
f 168 158 170
f 112 158 137
f 112 171 158
f 171 172 173
f 171 54 172
f 171 55 54
f 174 171 112
f 171 174 55
f 175 59 58
f 55 174 175
f 175 174 59
f 176 62 61
f 59 174 176
f 176 174 62
f 177 65 64
f 62 174 177
f 177 174 65
f 178 68 67
f 65 174 178
f 178 174 68
f 179 180 181
f 3 180 182
f 9 3 70
f 180 3 6
f 179 182 180
f 68 174 179
f 179 174 182
f 183 1 184
f 73 1 183
f 182 174 184
f 184 174 183
f 183 174 185
f 186 187 188
f 187 186 189
f 91 189 186
f 114 113 186
f 91 186 113
f 91 113 89
f 95 89 116
f 94 89 95
f 190 189 91
f 189 190 191
f 116 117 192
f 193 194 195
f 196 197 198
f 194 198 197
f 194 193 198
f 199 200 201
f 193 195 202
f 198 193 201
f 85 201 193
f 200 199 203
f 201 85 199
f 79 78 84
f 135 84 78
f 84 199 85
f 204 203 199
f 205 204 199
f 203 204 206
f 84 135 199
f 199 135 207
f 136 207 135
f 207 136 208
f 209 210 211
f 212 213 214
f 210 214 213
f 210 209 214
f 215 216 217
f 209 211 218
f 214 209 215
f 194 215 209
f 215 194 216
f 197 216 194
f 216 197 219
f 220 107 221
f 222 109 108
f 104 109 223
f 107 220 108
f 224 225 226
f 220 221 227
f 108 220 224
f 210 224 220
f 224 210 225
f 213 225 210
f 225 213 228
f 99 101 229
f 120 119 230
f 109 222 231
f 123 122 232
f 213 212 233
f 126 125 234
f 197 196 235
f 129 128 236
f 204 205 237
f 141 136 134
f 141 134 139
f 238 136 141
f 239 136 238
f 240 136 239
f 241 136 240
f 242 136 241
f 136 242 243
f 244 242 241
f 242 244 245
f 139 142 145
f 246 139 146
f 247 139 246
f 248 139 247
f 249 139 248
f 250 139 249
f 251 139 250
f 252 139 251
f 253 139 252
f 169 139 253
f 139 169 143
f 143 169 254
f 169 253 255
f 169 255 256
f 169 256 257
f 169 257 258
f 173 254 169
f 169 258 259
f 169 259 260
f 169 260 261
f 169 261 262
f 169 262 263
f 169 263 264
f 169 264 265
f 169 265 266
f 169 266 267
f 169 267 268
f 170 169 268
f 254 269 270
f 254 271 269
f 254 173 271
f 272 271 173
f 273 173 172
f 274 173 273
f 271 272 275
f 275 272 276
f 276 272 277
f 173 274 272
f 274 273 278
f 272 274 51
f 274 278 279
f 44 51 274
f 51 52 280
f 280 52 281
f 277 272 282
f 283 172 54
f 283 284 172
f 284 279 278
f 279 284 283
f 285 286 287
f 286 285 288
f 289 290 291
f 290 289 292
f 293 294 295
f 294 293 296
f 297 298 299
f 298 297 300
f 301 302 303
f 302 301 304
f 305 306 307
f 306 308 309
f 305 308 306
f 305 310 308
f 310 311 312
f 305 311 310
f 305 313 311
f 313 314 315
f 305 314 313
f 305 316 314
f 316 317 318
f 305 317 316
f 305 319 317
f 319 320 321
f 305 320 319
f 305 322 320
f 322 323 324
f 305 323 322
f 305 325 323
f 325 326 327
f 328 325 305
f 325 328 326
f 329 330 331
f 326 328 329
f 329 328 330
f 332 333 334
f 330 328 332
f 332 328 333
f 335 336 337
f 333 328 335
f 335 328 336
f 338 339 340
f 336 328 338
f 338 328 339
f 341 339 328
f 339 341 342
f 328 343 344
f 328 344 345
f 341 328 345
f 343 328 346
f 347 346 328
f 346 347 348
f 348 347 349
f 309 308 350
f 312 311 351
f 315 314 352
f 318 317 353
f 321 320 354
f 324 323 355
f 327 326 356
f 331 330 357
f 334 333 358
f 337 336 359
f 340 339 360
f 295 328 361
f 303 361 362
f 302 361 303
f 299 361 302
f 298 361 299
f 295 361 298
f 294 328 295
f 291 328 294
f 290 328 291
f 287 328 290
f 286 328 287
f 328 286 347
f 347 286 363
f 364 365 366
f 365 364 367
f 367 364 368
f 368 364 369
f 369 364 370
f 370 364 371
f 372 371 364
f 371 372 373
f 373 372 374
f 374 372 375
f 375 372 376
f 377 372 378
f 379 378 372
f 380 379 381
f 378 380 382
f 376 372 377
f 378 379 380
f 372 383 379
f 372 384 383
f 372 385 384
f 372 386 385
f 387 386 372
f 386 387 388
f 387 389 390
f 372 389 387
f 372 391 389
f 391 392 393
f 372 392 391
f 372 394 392
f 394 395 396
f 372 395 394
f 372 397 395
f 397 398 399
f 372 398 397
f 372 400 398
f 400 401 402
f 372 401 400
f 403 401 372
f 404 405 406
f 401 403 404
f 404 403 405
f 407 408 409
f 405 403 407
f 407 403 408
f 410 411 412
f 408 403 410
f 410 403 411
f 413 414 415
f 411 403 413
f 413 403 414
f 414 403 416
f 365 417 418
f 417 365 367
f 368 419 420
f 419 368 369
f 370 421 422
f 421 370 371
f 373 423 424
f 423 373 374
f 375 425 426
f 425 375 376
f 377 427 428
f 427 377 378
f 381 379 429
f 390 389 430
f 393 392 431
f 396 395 432
f 399 398 433
f 402 401 434
f 406 405 435
f 409 408 436
f 412 411 437
f 415 414 438
f 439 188 440
f 441 188 439
f 442 188 441
f 188 442 186
f 73 443 75
f 444 445 446
f 75 445 444
f 447 445 75
f 447 75 443
f 445 447 448
f 449 450 451
f 452 453 454
f 453 452 455
f 456 452 457
f 452 456 455
f 458 456 451
f 456 458 455
f 458 451 450
f 459 460 461
f 462 463 464
f 465 466 467
f 468 469 470
f 471 472 473
f 474 475 476
f 477 478 479
f 480 481 482
f 481 483 484
f 484 483 485
f 485 483 486
f 486 483 487
f 487 483 488
f 488 483 489
f 489 483 490
f 491 490 483
f 490 491 492
f 492 491 493
f 493 491 494
f 481 480 483
f 494 491 495
f 495 491 496
f 481 497 498
f 497 481 484
f 485 499 500
f 499 485 486
f 487 501 502
f 501 487 488
f 489 503 504
f 503 489 490
f 492 505 506
f 505 492 493
f 494 507 508
f 507 494 495
f 509 480 510
f 509 510 511
f 480 509 483
f 479 483 509
f 512 479 478
f 512 483 479
f 513 512 514
f 512 513 483
f 515 483 513
f 476 515 516
f 476 516 517
f 515 476 483
f 518 476 475
f 518 483 476
f 473 483 518
f 519 473 472
f 519 483 473
f 470 483 519
f 520 470 469
f 521 470 520
f 521 520 467
f 522 467 466
f 521 467 522
f 521 522 464
f 523 464 463
f 521 464 523
f 521 523 461
f 524 461 460
f 521 461 524
f 521 524 525
f 470 521 483
f 526 527 528
f 529 526 530
f 526 529 527
f 531 529 532
f 529 531 527
f 528 527 533
f 534 535 536
f 537 538 539
f 540 541 542
f 543 544 545
f 546 547 548
f 549 550 551
f 552 553 554
f 555 556 557
f 558 559 560
f 561 562 563
f 564 565 566
f 567 568 569
f 569 570 571
f 572 569 568
f 569 572 570
f 566 570 572
f 573 566 565
f 573 570 566
f 563 570 573
f 574 563 562
f 574 570 563
f 560 570 574
f 575 560 559
f 575 570 560
f 557 570 575
f 576 557 556
f 576 570 557
f 577 576 554
f 578 554 553
f 577 554 578
f 579 578 580
f 577 578 579
f 576 577 570
f 551 581 582
f 551 577 581
f 583 577 551
f 583 551 550
f 577 583 584
f 584 583 548
f 585 548 547
f 584 548 585
f 584 585 545
f 586 545 544
f 584 545 586
f 584 586 542
f 587 542 541
f 584 542 587
f 584 587 539
f 588 539 538
f 584 539 588
f 577 584 570
f 536 584 588
f 589 584 536
f 590 536 535
f 589 536 590
f 589 590 591
f 584 589 592
f 584 592 593
f 584 593 594
f 584 594 595
f 596 584 595
f 597 584 596
f 598 584 597
f 584 598 599
f 600 599 598
f 601 599 600
f 602 599 601
f 603 599 602
f 604 599 603
f 605 599 604
f 599 605 606
f 607 605 604
f 605 607 608
f 609 603 602
f 603 609 610
f 611 601 600
f 601 611 612
f 613 598 597
f 598 613 614
f 615 596 595
f 596 615 616
f 617 594 593
f 594 617 618
f 619 592 589
f 592 619 620
f 621 622 623
f 624 622 621
f 622 624 625
f 626 624 621
f 624 626 627
f 628 625 624
f 628 629 625
f 630 629 628
f 630 631 629
f 632 631 630
f 631 632 633
f 634 633 632
f 633 634 635
f 636 343 637
f 638 343 636
f 638 639 343
f 640 639 638
f 640 641 639
f 642 641 640
f 643 642 644
f 642 643 641
f 645 644 635
f 646 635 634
f 644 645 643
f 635 646 645
f 647 648 649
f 648 647 650
f 651 649 652
f 649 651 647
f 652 653 651
f 654 653 652
f 654 655 653
f 656 655 654
f 657 656 658
f 656 657 655
f 658 659 657
f 659 658 623
f 660 650 647
f 650 660 661
f 662 661 660
f 662 663 661
f 664 663 662
f 664 665 663
f 666 665 664
f 665 666 342
f 667 342 666
f 342 667 637
f 668 669 670
f 668 671 669
f 672 671 668
f 672 673 671
f 674 673 672
f 674 675 673
f 676 675 674
f 675 676 677
f 678 677 676
f 677 678 679
f 680 388 681
f 682 388 680
f 682 683 388
f 684 683 682
f 684 685 683
f 686 685 684
f 687 686 688
f 686 687 685
f 689 688 679
f 690 679 678
f 688 689 687
f 679 690 689
f 691 692 693
f 694 692 691
f 695 692 694
f 692 695 696
f 695 697 696
f 697 695 670
f 698 699 700
f 699 698 701
f 702 700 703
f 700 702 698
f 703 704 702
f 705 704 703
f 705 706 704
f 707 706 705
f 696 707 692
f 707 696 706
f 708 701 698
f 701 708 709
f 710 709 708
f 710 711 709
f 712 711 710
f 712 713 711
f 714 713 712
f 713 714 383
f 715 383 714
f 383 715 681
f 582 716 717
f 582 718 716
f 719 718 582
f 719 720 718
f 721 720 719
f 721 722 720
f 723 722 721
f 722 723 724
f 725 724 723
f 724 725 726
f 727 728 729
f 730 728 727
f 730 731 728
f 732 731 730
f 732 733 731
f 734 733 732
f 735 734 736
f 734 735 733
f 737 736 726
f 738 726 725
f 736 737 735
f 726 738 737
f 739 740 741
f 740 739 742
f 743 741 744
f 741 743 739
f 744 745 743
f 746 745 744
f 746 747 745
f 748 747 746
f 749 748 580
f 748 749 747
f 580 750 749
f 750 580 717
f 751 742 739
f 742 751 752
f 753 752 751
f 753 754 752
f 755 754 753
f 755 756 754
f 757 756 755
f 756 757 758
f 758 759 760
f 761 758 757
f 762 758 761
f 762 761 729
f 758 762 759
f 517 763 764
f 763 517 765
f 766 765 517
f 766 767 765
f 768 767 766
f 768 769 767
f 770 769 768
f 769 770 771
f 772 771 770
f 771 772 773
f 774 775 776
f 777 775 774
f 777 778 775
f 779 778 777
f 779 780 778
f 781 780 779
f 782 781 783
f 781 782 780
f 784 783 773
f 785 773 772
f 783 784 782
f 773 785 784
f 786 787 788
f 787 786 789
f 790 788 791
f 788 790 786
f 791 792 790
f 793 792 791
f 793 794 792
f 795 794 793
f 796 795 514
f 795 796 794
f 514 797 796
f 797 514 798
f 799 789 786
f 789 799 800
f 801 800 799
f 801 802 800
f 803 802 801
f 803 804 802
f 805 804 803
f 804 805 806
f 807 806 805
f 806 807 776
f 808 809 810
f 808 811 809
f 812 811 808
f 813 811 812
f 811 813 814
f 810 809 815
f 816 817 818
f 819 820 821
f 822 823 824
f 825 826 827
f 826 825 815
f 824 815 825
f 828 824 823
f 824 828 815
f 821 815 828
f 829 821 820
f 814 821 829
f 814 829 818
f 814 818 817
f 821 814 815
f 830 813 831
f 813 830 832
f 833 834 835
f 834 833 810
f 836 837 838
f 837 839 840
f 836 839 837
f 836 841 839
f 841 842 843
f 836 842 841
f 836 844 842
f 844 845 846
f 836 845 844
f 847 845 836
f 848 849 850
f 845 847 848
f 848 847 849
f 851 852 853
f 849 847 851
f 851 847 852
f 852 847 854
f 840 839 855
f 843 842 856
f 846 845 857
f 850 849 858
f 853 852 859
f 361 860 861
f 860 361 599
f 861 847 305
f 860 847 861
f 847 860 832
f 832 860 570
f 836 862 403
f 862 836 863
f 834 863 836
f 863 834 521
f 862 491 364
f 491 862 863
f 864 173 169
f 173 864 865
f 866 107 100
f 107 866 867
f 868 210 220
f 210 868 869
f 870 44 274
f 44 870 871
f 872 14 23
f 14 872 873
f 874 7 13
f 7 874 875
f 876 85 193
f 85 876 877
f 878 139 134
f 139 878 879
f 880 1 3
f 1 880 881
f 882 34 43
f 34 882 883
f 884 24 33
f 24 884 885
f 886 97 94
f 97 886 887
f 888 194 209
f 194 888 889
f 890 891 892
f 891 890 893
f 894 895 896
f 895 894 897
f 898 899 900
f 899 898 901
f 902 903 904
f 903 902 905
f 906 907 908
f 907 906 909
f 910 911 912
f 911 910 913
f 914 915 916
f 915 914 917
f 918 919 920
f 919 918 921
f 922 923 924
f 923 922 925
f 926 927 928
f 927 926 929
f 930 931 932
f 931 930 933
f 934 935 936
f 935 934 937
f 938 939 940
f 939 938 941
f 942 943 944
f 943 942 945
f 946 947 948
f 947 946 949
f 950 951 952
f 951 950 953
f 954 955 956
f 955 954 957
f 958 959 960
f 439 959 958
f 959 439 961
f 440 961 439
f 961 440 962
f 960 959 963
f 964 965 966
f 965 964 967
f 968 969 970
f 969 968 971
f 972 973 974
f 973 972 975
f 976 977 978
f 977 976 979
f 980 981 982
f 981 980 983
f 984 985 986
f 985 984 987
f 988 989 990
f 989 988 991
f 992 993 994
f 993 992 995
f 996 997 998
f 997 996 999
f 1000 1001 1002
f 1001 1000 1003
f 1004 1005 1006
f 1005 1004 1007
f 1008 1009 1010
f 1009 1008 1011
f 1012 1013 1014
f 1013 1012 1015
f 1016 1017 1018
f 1017 1016 1019
f 1020 1021 1022
f 1021 1020 1023
f 1024 1025 1026
f 1025 1024 1027
f 1028 1029 1030
f 1029 1028 1031
f 1032 1033 1034
f 1033 1032 1035
f 1036 1037 1038
f 1037 1036 1039
f 1040 1041 1042
f 1041 1040 1043
f 1044 1045 1046
f 1045 1044 1047
f 1048 1049 1050
f 1049 1048 1051
f 1052 1053 1054
f 1053 1052 1055
f 1056 1057 1058
f 1057 1056 1059
f 1060 1061 1062
f 1061 1060 1063
f 1064 1065 1066
f 1065 1064 1067
f 816 1068 820
f 1068 816 1069
f 1070 1071 1072
f 1071 1070 1073
f 819 1074 823
f 1074 819 1075
f 1076 1077 1078
f 1077 1076 1079
f 1080 1081 1082
f 1081 1080 1083
f 1084 1085 1086
f 1085 1084 1087
f 1088 1089 1090
f 1089 1088 1091
f 1092 1093 1094
f 1093 1092 1095
f 1096 1097 1098
f 1097 1096 1099
f 1100 1101 1102
f 1101 1100 1103
f 1104 1105 1106
f 1105 1104 1107
f 1108 1109 1110
f 1109 1108 1111
f 1112 1113 1114
f 1113 1112 1115
f 1116 1117 1118
f 1117 1116 1119
f 822 1120 827
f 1120 822 1121
f 1122 1123 1124
f 1123 1122 1125
f 1126 1127 1128
f 1127 1126 1129
f 1130 1131 1132
f 1131 1130 1133
f 1134 1135 1136
f 1135 1134 1137
f 89 1138 1139
f 1138 89 113
f 1140 1141 1142
f 1141 1140 1143
f 1144 1145 1146
f 1145 1144 1147
f 1148 1149 1150
f 1149 1148 1151
f 1152 1153 1154
f 1153 1152 1155
f 1156 1157 1158
f 1157 1156 1159
f 1160 1161 1162
f 1161 1160 1163
f 1164 1165 1166
f 1165 1164 1167
f 1168 1169 1170
f 1171 1150 1149
f 1172 1150 454
f 1170 1150 1171
f 1150 1170 454
f 452 1170 1169
f 1170 452 454
f 1173 1174 1175
f 1176 1177 1178
f 937 1177 1176
f 1176 1178 1179
f 1177 937 934
f 1171 937 1176
f 1149 937 1171
f 1180 937 1149
f 1171 1176 1181
f 1182 1183 1184
f 1185 1186 1187
f 1188 1189 1190
f 1191 1192 1193
f 1194 1195 1196
f 1197 1195 1194
f 1194 1196 1198
f 1195 917 914
f 1195 1199 917
f 1195 1197 1199
f 938 917 1199
f 938 1199 1200
f 917 938 1201
f 1201 938 1202
f 1203 1204 1205
f 1206 1205 1204
f 1206 1207 1205
f 1208 1207 1206
f 1209 1210 1211
f 1212 1210 1209
f 1209 1211 1213
f 1214 1210 1212
f 1210 921 918
f 914 921 1214
f 1207 1208 1215
f 921 1215 1216
f 1212 1209 1217
f 1210 1214 921
f 1214 1212 1218
f 1216 1215 1208
f 914 1214 1195
f 921 914 1215
f 1215 914 1219
f 1220 1200 1221
f 1222 1200 1220
f 1220 1221 1223
f 1200 941 938
f 1200 1224 941
f 1200 1222 1224
f 898 941 1224
f 898 1224 1225
f 941 898 1226
f 1226 898 1227
f 1228 1225 1229
f 1230 1225 1228
f 1228 1229 1231
f 1225 901 898
f 1225 1232 901
f 1225 1230 1232
f 894 901 1232
f 894 1232 1233
f 901 894 1234
f 1234 894 1235
f 1236 1233 1237
f 1238 1233 1236
f 1236 1237 1239
f 1233 897 894
f 1233 1238 897
f 934 897 1238
f 1238 1236 1240
f 897 1241 1242
f 897 934 1241
f 1241 1243 1244
f 1245 1244 1243
f 1245 1246 1244
f 1246 1247 1183
f 1247 1246 1245
f 934 1238 1177
f 1248 1241 934
f 1241 1248 1243
f 1249 1250 1251
f 1252 1250 1249
f 1253 1250 1252
f 1250 893 890
f 1250 1253 893
f 1253 1252 1254
f 1255 1256 1257
f 1256 1255 1258
f 1256 1258 1259
f 1256 1260 1261
f 1262 905 1263
f 1260 1263 905
f 1260 1264 1263
f 1260 1265 1264
f 1260 1256 1259
f 1260 1259 1265
f 1260 1266 1267
f 1266 1260 905
f 1266 905 902
f 1268 1269 1270
f 1269 1271 1272
f 1269 1268 1271
f 1269 1273 1274
f 1273 1269 929
f 1272 929 1269
f 929 1272 1275
f 1273 1276 1277
f 1276 1273 929
f 1276 929 926
f 1278 1279 1280
f 1280 1281 1282
f 1281 1280 1283
f 1281 1283 933
f 1283 1280 1279
f 926 933 1283
f 926 1283 1276
f 933 926 1284
f 1284 926 1285
f 1281 1286 1287
f 1286 1281 933
f 1286 933 930
f 1288 1289 1290
f 1290 1291 1292
f 1291 1290 1293
f 1291 1293 909
f 1293 1290 1289
f 930 909 1293
f 930 1293 1286
f 909 930 1294
f 1294 930 1295
f 1291 1296 1297
f 1296 1291 909
f 1296 909 906
f 1298 1299 1300
f 1300 1301 1302
f 1301 1300 1303
f 1301 1303 913
f 1303 1300 1299
f 906 913 1303
f 906 1303 1296
f 913 906 1304
f 1304 906 1305
f 1306 1307 1308
f 1307 1309 1310
f 1311 1310 1309
f 1307 1306 1309
f 1310 1311 1312
f 1312 1311 1313
f 1313 1311 1314
f 1314 1311 1315
f 1315 1311 1316
f 910 1309 1317
f 1316 1311 1318
f 1318 1311 1319
f 1307 1320 1321
f 925 1322 1323
f 925 1324 1322
f 925 1325 1324
f 925 1326 1325
f 1320 1307 925
f 1310 925 1307
f 925 1310 1326
f 1320 1327 1328
f 1327 1320 925
f 1327 925 922
f 1329 1330 1331
f 1330 1332 533
f 1330 1329 1332
f 533 1333 1330
f 1333 533 527
f 1334 1335 1336
f 922 533 1332
f 922 1332 1327
f 533 922 1334
f 1337 1334 922
f 1337 1335 1334
f 1323 1335 1337
f 1338 1323 1322
f 1339 1323 1338
f 1340 1323 1339
f 1341 1323 1340
f 1342 1323 1341
f 1343 1323 1342
f 1344 1323 1343
f 1345 1344 1346
f 1345 1346 1347
f 1345 1347 1348
f 1345 1348 1349
f 1344 1345 1323
f 1345 1335 1323
f 1350 1335 1345
f 902 1272 1271
f 902 1271 1266
f 1272 902 1351
f 1272 1351 1350
f 1352 1350 1351
f 1353 905 1262
f 1354 905 1353
f 1355 905 1354
f 905 1355 1356
f 890 905 1356
f 890 1356 1250
f 905 890 1352
f 1357 1352 890
f 1357 1350 1352
f 1358 1350 1357
f 1253 1254 1359
f 1253 1359 1360
f 1253 1360 1361
f 918 893 1253
f 918 1253 1210
f 893 918 1358
f 1362 1358 918
f 1362 1350 1358
f 1363 1350 1362
f 1204 1203 1363
f 1364 1203 1365
f 1203 1364 1363
f 1364 1350 1363
f 1193 1350 1364
f 1366 1193 1192
f 1366 1350 1193
f 1367 1366 1190
f 1368 1190 1189
f 1367 1190 1368
f 1367 1368 1187
f 1369 1187 1186
f 1367 1187 1369
f 1367 1369 1184
f 1370 1183 1247
f 1183 1370 1184
f 1367 1184 1370
f 1367 1370 1175
f 937 1180 1371
f 1180 1149 1174
f 1372 1174 1149
f 1372 1175 1174
f 1367 1175 1372
f 1366 1367 1350
f 1367 1372 1373
f 1150 1172 1373
f 1374 1373 1172
f 1350 1367 1335
f 1367 1373 1374
f 1301 1317 1375
f 1309 910 1311
f 1317 1301 913
f 1317 913 910
f 1311 910 1376
f 1377 1378 1379
f 1378 1377 111
f 1377 112 111
f 1380 112 1377
f 112 1381 1335
f 1382 1383 1384
f 1383 1382 1385
f 1386 1387 1388
f 1387 1386 1389
f 1390 1391 1392
f 1391 1390 1393
f 1394 1395 1396
f 1395 1394 1397
f 1398 1399 1400
f 1399 1398 1401
f 1402 1403 1404
f 1336 1405 1406
f 1335 1407 1405
f 1408 1335 1381
f 1407 1335 1408
f 1335 1405 1336
f 1409 1410 1411
f 1410 1409 1412
f 1413 1414 1415
f 1414 1413 1416
f 1417 1418 1419
f 1418 1417 1420
f 1421 1422 1423
f 1422 1421 1424
f 1425 1426 1427
f 1426 1425 1428
f 1429 1430 1431
f 1432 1433 1434
f 1432 1435 1433
f 1432 1436 1435
f 1432 1437 1436
f 1432 1438 1437
f 1432 1439 1438
f 1432 1440 1439
f 1432 1441 1440
f 1432 1442 1441
f 1432 1443 1442
f 1432 1444 1443
f 1432 1445 1444
f 1446 1447 1448
f 1449 1450 1451
f 1452 1453 1454
f 1452 1455 1453
f 1450 1455 1452
f 1381 1450 1449
f 1381 1449 1447
f 1381 1447 1446
f 1381 1446 1456
f 1381 1456 1457
f 1381 1457 1445
f 1381 1458 1455
f 1458 1381 1459
f 1459 1381 1460
f 1460 1381 1461
f 1461 1381 1462
f 1462 1381 1463
f 1463 1381 1464
f 1464 1381 1465
f 1465 1381 1466
f 1466 1381 1467
f 1467 1381 1382
f 1382 1381 1385
f 112 1385 1381
f 1385 112 1386
f 1386 112 1389
f 1389 112 1390
f 1390 112 1393
f 112 1394 1393
f 112 1397 1394
f 112 1398 1397
f 112 1401 1398
f 112 1403 1401
f 112 1468 1403
f 1469 1380 1470
f 1470 1380 1471
f 1469 112 1380
f 112 1469 1468
f 1450 1381 1455
f 1381 1445 1432
f 1472 1473 1474
f 1475 1476 1472
f 1473 1472 1476
f 1477 1478 1479
f 1478 1477 1480
f 1481 1480 1477
f 1480 1481 1482
f 1483 1482 1481
f 1484 1483 1485
f 1483 1484 1482
f 1469 960 627
f 960 1469 1470
f 1486 993 1015
f 993 1486 1487
f 1488 1013 987
f 1013 1488 1489
f 1490 985 1011
f 985 1490 1491
f 1492 1009 1031
f 1009 1492 1493
f 1035 1494 1029
f 1495 1494 1035
f 1494 1495 1496
f 1043 1497 1033
f 1043 1498 1497
f 1466 1498 1043
f 1467 1498 1466
f 1498 1467 1499
f 1464 1041 953
f 1041 1464 1465
f 1462 951 999
f 951 1462 1463
f 1460 997 1027
f 997 1460 1461
f 1458 1025 979
f 1025 1458 1459
f 1432 971 1500
f 971 1432 977
f 1501 1432 1434
f 1502 1432 1501
f 1503 1432 1502
f 1504 1432 1503
f 1505 1432 1504
f 1506 1432 1505
f 1507 1432 1506
f 1508 1432 1507
f 1432 1508 977
f 1509 977 1508
f 1510 977 1509
f 1511 977 1510
f 1512 977 1511
f 1513 1514 1515
f 1516 1517 1518
f 1453 1519 1520
f 1512 1455 977
f 1521 1455 1512
f 1522 1455 1521
f 1514 1455 1522
f 1513 1455 1514
f 1517 1455 1513
f 1516 1455 1517
f 1519 1455 1516
f 1455 1519 1453
f 1523 969 991
f 969 1523 1524
f 1525 989 983
f 989 1525 1526
f 1527 981 1007
f 981 1527 1528
f 1039 1529 1005
f 1530 1529 1039
f 1530 1408 1529
f 1531 1408 1530
f 1532 1037 949
f 1037 1532 1531
f 1533 1023 1534
f 1023 1533 947
f 1431 947 1533
f 1535 1431 1430
f 1431 1535 947
f 1479 975 1536
f 975 1479 1021
f 1537 1479 1478
f 1479 1537 1021
f 1538 973 967
f 973 1538 1539
f 1540 965 1019
f 965 1540 1541
f 1542 1017 945
f 1017 1542 1543
f 1544 943 1003
f 943 1544 1545
f 957 1546 1001
f 1547 1546 957
f 1546 1547 1548
f 1147 1549 693
f 1407 1550 1549
f 1550 1407 1551
f 1551 1407 1409
f 1409 1407 1412
f 1412 1407 1413
f 1413 1407 1416
f 1416 1407 1417
f 1417 1407 1420
f 1420 1407 1421
f 1408 1421 1407
f 1421 1408 1424
f 1424 1408 1425
f 1425 1408 1428
f 1428 1408 1485
f 1485 1408 1484
f 1484 1408 1430
f 1430 1408 1535
f 1535 1408 1532
f 1532 1408 1531
f 1407 1549 1147
f 1406 1145 531
f 1145 1406 1405
f 955 1552 668
f 957 1552 955
f 1001 1552 957
f 1003 1552 1001
f 943 1552 1003
f 945 1552 943
f 1017 1552 945
f 1019 1552 1017
f 965 1552 1019
f 967 1552 965
f 973 1552 967
f 975 1552 973
f 1021 1552 975
f 1023 1552 1021
f 947 1552 1023
f 949 1552 947
f 1037 1552 949
f 1039 1552 1037
f 1005 1552 1039
f 1007 1552 1005
f 981 1552 1007
f 1552 981 1553
f 983 1553 981
f 989 1553 983
f 991 1553 989
f 969 1553 991
f 971 1553 969
f 977 1553 971
f 979 1553 977
f 1025 1553 979
f 1027 1553 1025
f 997 1553 1027
f 999 1553 997
f 951 1553 999
f 953 1553 951
f 1041 1553 953
f 1043 1553 1041
f 1033 1553 1043
f 1035 1553 1033
f 1029 1553 1035
f 1031 1553 1029
f 1009 1553 1031
f 1011 1553 1009
f 985 1553 1011
f 987 1553 985
f 1013 1553 987
f 1015 1553 1013
f 993 1553 1015
f 995 1553 993
f 995 658 1553
f 1474 658 995
f 1474 995 1554
f 1555 658 1474
f 1555 1474 1473
f 658 1555 623
f 1556 623 1555
f 1476 1475 1556
f 1404 1556 1475
f 1468 1404 1403
f 1556 1468 623
f 1404 1468 1556
f 1333 1557 1558
f 1552 1557 1559
f 531 1333 527
f 1333 531 1557
f 1145 1557 531
f 1147 1557 1145
f 693 1557 1147
f 1557 693 1559
f 1559 693 692
f 1560 187 1561
f 1553 1557 1552
f 1557 1553 1560
f 1562 1560 1553
f 627 1562 624
f 960 1562 627
f 1562 960 1560
f 963 1560 960
f 962 1560 963
f 440 1560 962
f 1560 440 187
f 187 440 188
f 1563 670 695
f 670 1563 668
f 668 1563 955
f 695 1564 1563
f 1550 1564 695
f 1551 1564 1550
f 1564 1551 1565
f 1001 1546 1566
f 1029 1494 1567
f 955 1563 1568
f 1033 1497 1569
f 1005 1529 1570
f 1571 1485 1483
f 1471 962 963
f 1471 1379 962
f 1380 1379 1471
f 1379 1380 1377
f 1367 1572 1335
f 1367 1573 1572
f 1367 1574 1573
f 1367 1575 1574
f 1367 1576 1575
f 1367 1577 1576
f 1367 1578 1577
f 1367 1579 1578
f 1367 1580 1579
f 1367 1581 1580
f 1367 1582 1581
f 1583 1582 1367
f 1584 1582 1583
f 1582 1584 1585
f 1586 1587 1588
f 1586 1589 1587
f 1586 1590 1589
f 1586 1591 1590
f 1591 1585 1592
f 1585 1591 1586
f 1591 1592 1593
f 1594 1593 1592
f 1593 1594 1595
f 1595 1596 1597
f 1596 1595 1594
f 1592 1585 1584
f 1583 1367 1598
f 1367 1599 1598
f 1367 1600 1599
f 1367 1601 1600
f 1367 1602 1601
f 1367 1603 1602
f 1367 1604 1603
f 1605 174 1606
f 1607 174 1605
f 1608 174 1607
f 1609 174 1608
f 1610 174 1609
f 1604 174 1610
f 174 1604 1367
f 1611 1335 1572
f 1612 1335 1611
f 1613 1335 1612
f 1614 1335 1613
f 1615 1335 1614
f 1616 1335 1615
f 1617 1335 1616
f 1618 1335 1617
f 1619 1335 1618
f 1620 1335 1619
f 1588 1620 1621
f 1588 1621 1586
f 1620 1588 1335
f 1622 1335 1588
f 1623 1335 1622
f 1624 1335 1623
f 1625 1335 1624
f 1626 1335 1625
f 1627 1335 1626
f 1628 1597 1596
f 1597 1628 1629
f 1630 1629 1628
f 1629 1630 1631
f 1632 1631 1630
f 1631 1632 1633
f 112 1633 1632
f 1633 112 1634
f 1634 112 1635
f 112 1632 1636
f 112 1636 1637
f 174 1637 1638
f 174 1638 1606
f 1637 174 112
f 1635 112 1639
f 1639 112 1640
f 1627 112 1335
f 1641 112 1627
f 1642 112 1641
f 1643 112 1642
f 1640 112 1643
f 185 1644 1645
f 174 1646 1644
f 1646 174 1647
f 1367 1647 174
f 174 1644 185
f 1648 1649 1650
f 1649 1648 1651
f 1652 1653 1654
f 1653 1652 1655
f 1656 1657 1658
f 1657 1656 1659
f 1660 1661 1662
f 1661 1660 1663
f 1664 1665 1666
f 1665 1664 1667
f 1668 1669 1670
f 1669 1668 1671
f 1672 1673 1674
f 1673 1672 1675
f 1676 1677 1678
f 1677 1676 1679
f 1680 1681 1682
f 1681 1680 1683
f 1684 1685 1686
f 1685 1684 1687
f 1688 1374 1689
f 1688 1367 1374
f 1647 1367 1688
f 1690 1691 1692
f 1693 1694 1695
f 1693 1696 1694
f 1697 1696 1693
f 1698 1696 1697
f 1696 1698 1699
f 1700 1701 1702
f 1700 1703 1701
f 1704 1703 1700
f 1705 1703 1704
f 1703 1705 1706
f 1707 1708 1709
f 1707 1710 1708
f 1711 1710 1707
f 1712 1710 1711
f 1710 1712 1713
f 1714 1715 1716
f 1717 1718 1719
f 1720 1721 1722
f 1723 1082 1724
f 1082 1723 1108
f 1725 1723 1726
f 1723 1725 1108
f 1727 1080 1106
f 1080 1727 1728
f 1729 1104 1124
f 1104 1729 1730
f 1731 1122 1128
f 1122 1731 1732
f 1733 1126 1136
f 1126 1733 1734
f 1058 1735 1134
f 1736 1735 1058
f 1737 1735 1736
f 1738 1737 1695
f 1737 1738 1735
f 1738 1695 1694
f 1094 1739 1056
f 1094 1740 1739
f 1741 1740 1094
f 1742 1740 1741
f 1740 1742 1743
f 1744 1092 826
f 1092 1744 1745
f 1746 817 1086
f 817 1746 1747
f 1748 1084 1078
f 1084 1748 1749
f 1750 1102 1751
f 1102 1750 1076
f 1750 1752 1076
f 1750 1753 1752
f 1750 1754 1753
f 1750 1755 1754
f 1750 1756 1755
f 1750 1757 1756
f 1750 1758 1757
f 1750 1759 1758
f 1719 1759 1750
f 1719 1760 1759
f 1719 1761 1760
f 1719 1762 1761
f 1719 1763 1762
f 1719 1764 1763
f 1765 1719 1718
f 1719 1765 1764
f 1766 1132 1767
f 1132 1766 1100
f 1768 1766 1769
f 1766 1768 1100
f 1770 1130 1054
f 1130 1770 1771
f 1772 1052 1118
f 1052 1772 1773
f 1774 1116 1072
f 1116 1774 1775
f 760 1776 1070
f 1777 1776 760
f 1778 1776 1777
f 1779 1778 1702
f 1778 1779 1776
f 1779 1702 1701
f 1780 1112 1050
f 1112 1780 1781
f 1782 1048 1098
f 1048 1782 1783
f 1784 1096 1062
f 1096 1784 1785
f 1046 1786 1060
f 1787 1786 1046
f 1788 1786 1787
f 1789 1788 1709
f 1788 1789 1786
f 1789 1709 1708
f 1142 1790 1044
f 1142 1791 1790
f 1791 1792 1793
f 1646 1711 1792
f 1711 1646 1712
f 1712 1646 1648
f 1648 1646 1651
f 1651 1646 1652
f 1652 1646 1655
f 1655 1646 1656
f 1656 1646 1659
f 1659 1646 1691
f 1691 1646 1794
f 1794 1646 1704
f 1704 1646 1705
f 1705 1646 1660
f 1660 1646 1663
f 1663 1646 1664
f 1664 1646 1667
f 1667 1646 1668
f 1668 1646 1671
f 1671 1646 1715
f 1715 1646 1795
f 1795 1646 1718
f 1718 1646 1765
f 1765 1646 1748
f 1748 1646 1749
f 1749 1646 1746
f 1746 1646 1747
f 1747 1646 1796
f 1796 1646 1797
f 1797 1646 1798
f 1798 1646 1799
f 1799 1646 1800
f 1800 1646 1801
f 1801 1646 1744
f 1744 1646 1745
f 1745 1646 1741
f 1741 1646 1742
f 1742 1646 1697
f 1697 1646 1698
f 1698 1646 1672
f 1647 1672 1646
f 1672 1647 1675
f 1675 1647 1676
f 1676 1647 1679
f 1679 1647 1680
f 1680 1647 1683
f 1683 1647 1684
f 1684 1647 1687
f 1687 1647 1721
f 1721 1647 1802
f 1802 1647 1803
f 1803 1647 1804
f 1804 1647 1805
f 1805 1647 1806
f 1807 1647 1808
f 1646 1791 1142
f 1646 1792 1791
f 1806 1647 1807
f 1808 1647 1809
f 1645 1140 444
f 1140 1645 1644
f 760 1810 758
f 1070 1810 760
f 1072 1810 1070
f 1116 1810 1072
f 1118 1810 1116
f 1052 1810 1118
f 1054 1810 1052
f 1130 1810 1054
f 1132 1810 1130
f 1100 1810 1132
f 1102 1810 1100
f 1076 1810 1102
f 1078 1810 1076
f 1084 1810 1078
f 1086 1810 1084
f 817 1810 1086
f 816 1810 817
f 820 1810 816
f 1810 820 1811
f 819 1811 820
f 823 1811 819
f 822 1811 823
f 827 1811 822
f 826 1811 827
f 1092 1811 826
f 1094 1811 1092
f 1056 1811 1094
f 1058 1811 1056
f 1134 1811 1058
f 1136 1811 1134
f 1126 1811 1136
f 1128 1811 1126
f 1122 1811 1128
f 1124 1811 1122
f 1104 1811 1124
f 1106 1811 1104
f 1080 1811 1106
f 1082 1811 1080
f 1108 1811 1082
f 1110 1811 1108
f 1110 775 1811
f 1812 775 1110
f 1813 775 1812
f 776 1814 806
f 1814 775 1813
f 1110 1815 1812
f 1110 1816 1815
f 1110 1817 1816
f 1817 1110 1818
f 76 1819 1820
f 1819 1821 1822
f 444 76 75
f 76 444 1819
f 1140 1819 444
f 1142 1819 1140
f 1044 1819 1142
f 1046 1819 1044
f 1060 1819 1046
f 1062 1819 1060
f 1096 1819 1062
f 1098 1819 1096
f 1819 1098 1821
f 1048 1821 1098
f 1050 1821 1048
f 1112 1821 1050
f 1114 1821 1112
f 1114 728 1821
f 1823 728 1114
f 1823 1114 1824
f 728 1823 729
f 1825 1823 1826
f 1823 1825 729
f 1822 1169 1827
f 1810 1822 1821
f 1811 1822 1810
f 1828 1822 1811
f 1088 1828 806
f 1090 1828 1088
f 1064 1828 1090
f 1828 1064 1822
f 1066 1822 1064
f 450 1822 1066
f 449 1822 450
f 457 1822 449
f 1822 457 1169
f 1169 457 452
f 1803 1829 1830
f 1831 1832 1833
f 1834 1835 1832
f 1834 1803 1835
f 1803 1836 1837
f 1803 1830 1836
f 1829 1803 1838
f 1804 1835 1803
f 1835 1804 1839
f 1840 1726 1723
f 1726 1840 1841
f 1842 1841 1840
f 1841 1842 1843
f 1722 1843 1842
f 1802 1722 1721
f 1722 1802 1843
f 1844 1769 1766
f 1769 1844 1845
f 1846 1845 1844
f 1845 1846 1847
f 1716 1847 1846
f 1795 1716 1715
f 1716 1795 1847
f 1848 1826 1823
f 1826 1848 1849
f 1850 1849 1848
f 1849 1850 1851
f 1692 1851 1850
f 1794 1692 1691
f 1692 1794 1851
f 1807 450 1066
f 450 1807 1808
f 1852 1090 1853
f 1090 1854 1853
f 1090 1855 1854
f 1090 1856 1855
f 1090 1857 1856
f 1090 1858 1857
f 1090 1859 1858
f 1090 1860 1859
f 1090 1861 1860
f 1090 1862 1861
f 1090 1863 1862
f 1090 1864 1863
f 1090 1865 1864
f 1865 1866 1867
f 1805 1868 1869
f 1868 1805 1870
f 1871 1805 1869
f 1872 1805 1871
f 1873 1805 1872
f 1874 1805 1873
f 1875 1805 1874
f 1876 1805 1875
f 1866 1805 1876
f 1865 1805 1866
f 1805 1865 1090
f 1060 1786 1877
f 1070 1776 1878
f 1134 1735 1879
f 1044 1790 1880
f 1056 1739 1881
f 775 1814 776
f 1882 806 1814
f 806 1882 1088
f 1883 1088 1882
f 1884 1088 1883
f 1885 1884 1886
f 1887 1886 1888
f 1887 1888 1889
f 1887 1889 1890
f 1891 1890 1892
f 1893 1892 1894
f 1884 1895 1088
f 1884 1885 1895
f 1886 1887 1885
f 1890 1891 1887
f 1896 1894 1897
f 1892 1893 1891
f 1898 1897 1899
f 1894 1896 1893
f 1898 1899 1900
f 1897 1898 1896
f 1901 1900 1902
f 1901 1902 1903
f 1901 1903 1904
f 1900 1905 1898
f 1833 1904 1831
f 1832 1831 1906
f 1900 1901 1905
f 1832 1906 1907
f 1832 1907 1908
f 1832 1908 1834
f 1803 1834 1838
f 1904 1833 1901
f 1909 1090 1852
f 1090 1909 1064
f 1910 1064 1909
f 1911 1064 1910
f 1912 1064 1911
f 1913 1064 1912
f 1914 1064 1913
f 1915 1064 1914
f 1916 1064 1915
f 1917 1064 1916
f 1918 1064 1917
f 1806 1918 1919
f 1805 1920 1870
f 1920 1805 1921
f 1806 1921 1805
f 1921 1806 1922
f 1922 1806 1923
f 1923 1806 1924
f 1924 1806 1925
f 1925 1806 1926
f 1926 1806 1927
f 1927 1806 1928
f 1928 1806 1929
f 1918 1806 1064
f 1929 1806 1919
f 1809 457 449
f 1809 1689 457
f 1647 1689 1809
f 1689 1647 1688
f 591 1930 589
f 1930 591 1931
f 286 1932 363
f 1932 286 1933
f 605 1934 606
f 1934 605 1935
f 362 1936 303
f 1936 362 1937
f 1938 602 1939
f 601 1939 602
f 1939 601 1940
f 602 1938 1941
f 1942 1938 1943
f 1938 1942 1941
f 595 1944 1945
f 1944 594 1946
f 594 1944 595
f 1946 1947 1948
f 1946 1949 1947
f 1949 1946 594
f 1950 287 1951
f 290 1951 287
f 1951 290 1952
f 287 1950 1953
f 1954 1950 1955
f 1950 1954 1953
f 592 1956 593
f 1956 592 1957
f 1958 1959 1960
f 1959 1958 1961
f 1962 1963 1964
f 1963 1962 1965
f 604 1966 1967
f 604 1968 1966
f 604 1969 1968
f 604 1970 1969
f 604 1971 1970
f 604 1972 1971
f 604 1973 1972
f 603 1973 604
f 1973 603 1974
f 1974 603 1975
f 1975 603 1976
f 1976 603 1977
f 1978 603 1979
f 1977 603 1978
f 1980 1967 1966
f 1981 1967 1980
f 1982 1967 1981
f 1983 1967 1982
f 1984 1967 1983
f 1985 1967 1984
f 1986 1985 1987
f 1986 1987 1988
f 1986 1988 1989
f 1986 1989 1990
f 1986 1990 1991
f 1985 1986 1967
f 1979 1986 1991
f 1986 1979 603
f 1992 1993 1994
f 1993 1992 1995
f 1996 1997 1998
f 1997 1996 1999
f 2000 2001 2002
f 2001 2000 2003
f 596 2004 597
f 2004 596 2005
f 598 2006 600
f 2006 598 2007
f 302 2008 299
f 2008 302 2009
f 298 2010 295
f 2010 298 2011
f 294 2012 291
f 2012 294 2013
f 2014 382 2015
f 382 2014 378
f 2016 481 2017
f 481 2016 482
f 2018 496 2019
f 496 2018 495
f 2020 365 2021
f 365 2020 366
f 2022 2023 2024
f 2024 368 2025
f 367 2024 2023
f 2024 367 368
f 2026 2027 377
f 2026 2028 2027
f 2026 2029 2028
f 2026 2030 2029
f 2026 2031 2030
f 2026 2032 2031
f 2026 2033 2032
f 2034 2033 2026
f 2033 2034 2035
f 2035 2034 2036
f 2036 2034 2037
f 2037 2034 2038
f 2039 2034 2040
f 2038 2034 2039
f 2041 377 2027
f 2042 377 2041
f 2043 377 2042
f 2044 377 2043
f 2045 377 2044
f 2046 377 2045
f 376 2046 2047
f 376 2047 2048
f 376 2048 2049
f 376 2049 2050
f 376 2050 2051
f 2046 376 377
f 2040 376 2051
f 376 2040 2034
f 2052 2053 2054
f 484 2053 2055
f 2055 2053 2052
f 2056 485 2057
f 2053 484 2056
f 2056 484 485
f 2058 2059 494
f 2060 2059 2058
f 2059 2060 2061
f 2062 494 2059
f 493 2062 2063
f 2062 493 494
f 2064 2065 2066
f 2065 2064 2067
f 2068 2069 2070
f 2069 2068 2071
f 2072 2073 2074
f 2073 2072 2075
f 2076 375 2077
f 375 2076 374
f 2078 373 2079
f 373 2078 371
f 2080 370 2081
f 370 2080 369
f 2082 492 2083
f 492 2082 490
f 2084 489 2085
f 489 2084 488
f 2086 487 2087
f 487 2086 486
f 2088 382 380
f 382 2088 2015
f 1932 347 363
f 347 1932 2089
f 2090 852 854
f 852 2090 2091
f 2092 307 306
f 307 2092 2093
f 2094 414 416
f 414 2094 2095
f 2096 838 837
f 838 2096 2097
f 2098 343 346
f 343 2098 637
f 637 2098 342
f 2099 342 2098
f 342 2099 339
f 2100 388 387
f 388 2100 681
f 681 2100 383
f 2101 383 2100
f 383 2101 379
f 851 2102 849
f 2103 2102 851
f 2102 2103 2104
f 849 2102 2105
f 2106 841 2107
f 841 2106 839
f 2108 2106 2109
f 2106 2108 839
f 338 2110 336
f 338 2111 2110
f 2112 2111 338
f 2113 2111 2112
f 2111 2113 2114
f 336 2110 2115
f 2116 2117 2118
f 2117 2116 2119
f 2120 2121 2122
f 2121 2120 2123
f 2124 323 325
f 323 2124 2125
f 2126 392 394
f 392 2126 2127
f 2128 2129 2130
f 2129 2128 2131
f 2132 2133 2134
f 2133 2132 2135
f 2136 2137 2138
f 2137 2136 2139
f 2140 320 322
f 320 2140 2141
f 2142 317 319
f 317 2142 2143
f 2144 314 316
f 314 2144 2145
f 2146 311 313
f 311 2146 2147
f 2148 308 310
f 308 2148 2149
f 2150 411 413
f 411 2150 2151
f 2152 408 410
f 408 2152 2153
f 2154 2155 2156
f 2155 2154 2157
f 2158 2159 2160
f 2159 2158 2161
f 2162 2163 2164
f 2163 2162 2165
f 2166 2167 2168
f 2167 2166 2169
f 2170 389 391
f 389 2170 2171
f 2172 333 335
f 333 2172 2173
f 2174 330 332
f 330 2174 2175
f 2176 326 329
f 326 2176 2177
f 2178 845 848
f 845 2178 2179
f 2180 842 844
f 842 2180 2181
f 2182 405 407
f 405 2182 2183
f 2184 401 404
f 401 2184 2185
f 2186 398 400
f 398 2186 2187
f 2188 395 397
f 395 2188 2189
f 1956 2190 2191
f 2190 1956 1957
f 1947 2192 2193
f 2192 1947 1949
f 1959 2194 2195
f 2194 1959 1961
f 1963 2196 2197
f 2196 1963 1965
f 1941 2198 2199
f 2198 1941 1942
f 1967 2200 2201
f 2200 1967 1986
f 1993 2202 2203
f 2202 1993 1995
f 1997 2204 2205
f 2204 1997 1999
f 2001 2206 2207
f 2206 2001 2003
f 1953 2208 2209
f 2208 1953 1954
f 1932 2210 2089
f 2210 1932 2211
f 2211 1932 1933
f 2099 2098 2212
f 2113 2112 2213
f 2214 2195 2215
f 2216 2217 2218
f 2194 2215 2195
f 2215 2194 2216
f 2219 2220 2221
f 2193 2216 2194
f 2192 2217 2193
f 2222 2223 2224
f 2217 2192 2219
f 2190 2222 2191
f 2200 2225 2201
f 2201 2225 2226
f 1934 2226 2225
f 2226 1934 1935
f 2227 2228 2131
f 2227 2131 2128
f 2228 2227 2229
f 2205 2227 2213
f 2230 2213 2112
f 2206 2213 2230
f 2207 2230 2212
f 2231 2212 2098
f 2208 2212 2231
f 2209 2231 2210
f 2209 2210 2211
f 2231 2209 2208
f 2212 2208 2207
f 2230 2207 2206
f 2213 2206 2205
f 2227 2205 2229
f 2204 2229 2205
f 2203 2229 2204
f 2202 2229 2203
f 2232 2229 2202
f 1937 2232 1936
f 2232 1937 2229
f 2233 2234 2135
f 2234 2225 2235
f 2233 2135 2132
f 2234 2233 2229
f 2234 2229 2225
f 2229 2233 2228
f 2235 2225 2214
f 2195 2214 2225
f 2214 2215 2236
f 2236 2215 2237
f 2238 2239 2139
f 2239 2238 2240
f 2238 2139 2136
f 2240 2238 2241
f 2234 2241 2238
f 2241 2234 2235
f 2241 2235 2242
f 2242 2235 2243
f 2141 2140 2244
f 2143 2142 2245
f 2145 2144 2246
f 2147 2146 2247
f 2149 2148 2248
f 2095 2094 2249
f 2151 2150 2250
f 2153 2152 2251
f 2252 2253 2254
f 2255 2256 2257
f 2253 2252 2255
f 2255 2252 2256
f 2258 2259 2260
f 2256 2252 2258
f 2258 2252 2259
f 2261 2254 2262
f 2252 2254 2261
f 2259 2252 2263
f 2264 2263 2252
f 2263 2264 2265
f 2266 2267 2157
f 2266 2157 2154
f 2267 2266 2268
f 2269 2266 2251
f 2270 2251 2152
f 2269 2251 2270
f 2269 2270 2250
f 2271 2250 2150
f 2269 2250 2271
f 2269 2271 2249
f 2269 2249 2094
f 2266 2269 2268
f 2272 2268 2269
f 2268 2272 2273
f 2274 2275 2161
f 2275 2254 2276
f 2274 2161 2158
f 2275 2274 2268
f 2275 2268 2254
f 2268 2274 2267
f 2276 2254 2277
f 2253 2277 2254
f 2277 2253 2278
f 2278 2253 2279
f 2280 2281 2165
f 2281 2280 2282
f 2280 2165 2162
f 2282 2280 2283
f 2275 2283 2280
f 2283 2275 2276
f 2283 2276 2284
f 2284 2276 2285
f 2286 2287 2169
f 2282 2288 2289
f 2287 2286 2289
f 2281 2289 2286
f 2286 2169 2166
f 2288 2290 2291
f 2282 2289 2281
f 2288 2282 2290
f 2290 2282 2292
f 2292 2282 2293
f 2123 2120 2294
f 2171 2170 2295
f 2101 2100 2296
f 2297 2014 2015
f 2298 2299 2300
f 2299 2298 2301
f 2295 2301 2298
f 2301 2302 2303
f 2294 2303 2302
f 2303 2294 2304
f 2304 2305 2306
f 2287 2306 2305
f 2306 2287 2307
f 2289 2307 2287
f 2014 2297 2300
f 2297 2015 2088
f 2299 2034 2026
f 2034 2299 2301
f 2308 2309 2310
f 2310 2309 2311
f 2306 2312 2313
f 2312 2306 2307
f 2303 2314 2315
f 2314 2303 2304
f 2316 2020 2021
f 2296 2300 2297
f 2298 2300 2296
f 2298 2296 2100
f 2302 2301 2295
f 2305 2304 2294
f 2317 2289 2309
f 2302 2295 2170
f 2318 2289 2319
f 2319 2289 2316
f 2305 2294 2120
f 2309 2289 2318
f 2307 2289 2317
f 2316 2289 2020
f 2019 2320 2018
f 2288 2321 2320
f 2321 2288 2322
f 2322 2288 2323
f 2323 2288 2324
f 2324 2288 2325
f 2291 2325 2288
f 2326 2325 2291
f 2325 2326 2327
f 2327 2328 2329
f 2330 2331 2332
f 2333 2332 2331
f 2288 2320 2019
f 2334 2335 2336
f 2333 2331 2337
f 2335 2334 2333
f 2338 2329 2328
f 2338 2328 2339
f 2332 2333 2334
f 2331 2330 2338
f 2329 2338 2330
f 2328 2327 2326
f 2326 2291 2340
f 2340 2291 2341
f 2321 2060 2058
f 2060 2321 2322
f 2323 2064 2066
f 2064 2323 2324
f 2325 2068 2070
f 2068 2325 2327
f 2329 2072 2074
f 2072 2329 2330
f 2332 2055 2052
f 2055 2332 2334
f 2336 2016 2017
f 2335 2016 2336
f 2016 2335 2342
f 2337 2331 2343
f 2339 2328 2344
f 2257 2256 2345
f 2260 2259 2346
f 2347 2348 2349
f 2348 2347 2350
f 2350 2351 2352
f 2350 2353 2351
f 2353 2354 2355
f 2350 2354 2353
f 2350 2356 2354
f 2356 2357 2358
f 2350 2357 2356
f 2359 2350 2347
f 2360 2359 2361
f 2350 2360 2357
f 2350 2359 2360
f 2362 2363 2364
f 2359 2347 2362
f 2362 2347 2363
f 2363 2347 2365
f 2366 2365 2347
f 2365 2366 2367
f 2367 2366 2368
f 2369 2370 2093
f 2248 2370 2369
f 2369 2093 2092
f 2371 2370 2248
f 2247 2370 2371
f 2371 2248 2148
f 2372 2370 2247
f 2370 2372 2373
f 2372 2247 2146
f 2246 2373 2372
f 2374 2373 2246
f 2374 2246 2144
f 2373 2374 2375
f 2375 2374 2245
f 2376 2245 2142
f 2375 2245 2376
f 2375 2376 2244
f 2377 2244 2140
f 2375 2244 2377
f 2375 2377 2378
f 2373 2375 2379
f 2348 2380 2381
f 2380 2348 2350
f 2370 2382 2383
f 2382 2370 2373
f 2090 2384 2091
f 2384 2381 2385
f 2384 2090 2383
f 2384 2383 2382
f 2384 2382 2381
f 2380 2385 2381
f 2386 2385 2380
f 2385 2386 2387
f 2388 2104 2103
f 2104 2388 2389
f 2385 2388 2384
f 2388 2385 2389
f 2352 2351 2390
f 2355 2354 2391
f 2358 2357 2392
f 2361 2359 2393
f 2394 2378 2119
f 2378 2394 2375
f 2239 2375 2394
f 2375 2239 2347
f 2394 2119 2116
f 2347 2395 2366
f 2240 2347 2239
f 2347 2240 2395
f 2395 2240 2396
f 2396 2240 2397
f 2364 2363 2398
f 2218 2217 2399
f 2221 2220 2400
f 2224 2223 2401
f 2199 2225 2200
f 2198 2225 2199
f 2197 2225 2198
f 2196 2225 2197
f 2195 2225 2196
f 2216 2193 2217
f 2191 2219 2192
f 2219 2191 2220
f 2220 2191 2222
f 2402 2222 2190
f 2222 2402 2223
f 2223 2402 2403
f 1930 2403 2402
f 2403 1930 1931
f 2403 1931 2404
f 2405 2109 2406
f 2407 2109 2408
f 2409 2109 2407
f 2410 2411 1744
f 2412 2109 2409
f 2109 2413 2408
f 2109 2414 2413
f 2109 2405 2414
f 2406 2415 2405
f 2406 2416 2415
f 2406 2417 2416
f 2406 2418 2417
f 2406 2419 2418
f 2406 2420 2419
f 2406 2421 2420
f 2410 2422 2411
f 2423 2424 2425
f 2426 2423 2427
f 2426 2427 2428
f 2423 2426 2424
f 2429 2428 2421
f 2429 2421 2406
f 2430 2431 2426
f 2422 2432 2433
f 2434 2432 2435
f 2432 2422 2435
f 2436 2437 2438
f 2439 2440 2430
f 2430 2426 2429
f 2428 2429 2426
f 2406 2441 2429
f 2442 2439 2441
f 2410 2438 2435
f 2440 2438 2410
f 2438 2443 2436
f 2444 2445 2446
f 2439 2442 2447
f 2442 2441 2448
f 2449 2441 2406
f 2441 2449 2448
f 2104 2450 2451
f 2452 2443 2453
f 2443 2452 2446
f 2453 2443 2454
f 2438 2454 2443
f 2450 2455 2447
f 2450 2456 2455
f 2450 2457 2456
f 2450 2389 2457
f 2457 2389 2458
f 2458 2389 2459
f 2459 2389 2460
f 2460 2389 2461
f 2461 2389 2462
f 2462 2389 2463
f 2463 2389 2464
f 2465 2464 2389
f 2450 2104 2389
f 2104 2451 2449
f 2448 2449 2451
f 2466 2467 2097
f 2468 2467 2466
f 2109 2467 2468
f 2467 2109 2469
f 2466 2097 2096
f 2440 2469 2109
f 2469 2440 2470
f 2471 2472 2473
f 2473 2472 2474
f 2470 2252 2261
f 2252 2470 2471
f 2467 2272 2269
f 2272 2467 2469
f 2109 2468 2108
f 2470 2440 2471
f 2471 2440 2472
f 2475 1744 2411
f 2433 1744 2475
f 2109 2476 2440
f 2431 2440 2476
f 2430 2440 2431
f 2454 2440 2477
f 2478 2109 2412
f 2479 2476 2478
f 2480 2476 2479
f 2476 2480 2424
f 2424 2480 2481
f 2424 2481 2482
f 2424 2482 2483
f 2424 2483 2425
f 2109 2478 2476
f 2484 1744 2433
f 1744 2484 1801
f 2477 2440 2447
f 2410 2435 2422
f 2433 2432 2484
f 2432 2434 1800
f 2485 2434 2437
f 2434 2485 1799
f 2434 1799 1800
f 2440 2439 2447
f 2438 2440 2454
f 2437 2436 2485
f 2436 2486 1798
f 2487 2486 2445
f 2486 2487 1797
f 2486 1797 1798
f 2447 2442 2450
f 2486 2436 2443
f 2445 2444 2487
f 2488 2446 2452
f 2489 2446 2488
f 2490 2446 2489
f 2446 2491 2444
f 2446 2490 2491
f 2491 2490 2492
f 2491 2492 2493
f 2491 2493 2494
f 2491 2494 2495
f 2491 2495 2496
f 2491 2496 2497
f 2491 2497 2464
f 2498 2444 2491
f 1747 2444 2498
f 1747 2498 2499
f 2464 2465 2491
f 2491 2465 2500
f 1747 2500 2465
f 2444 1747 1796
f 2500 1747 2499
f 2312 2501 2502
f 2501 2503 2504
f 2505 2501 2312
f 2501 2506 2503
f 2501 2505 2506
f 2506 2505 2507
f 2507 2505 2508
f 2508 2505 2509
f 2509 2505 2510
f 2510 2505 2511
f 2511 2317 2512
f 2512 2317 2308
f 2314 2502 2315
f 2315 2502 2513
f 2514 2501 2504
f 2515 2501 2514
f 2516 2501 2515
f 2517 2501 2516
f 2518 2501 2517
f 2022 2518 2519
f 2520 2519 2521
f 2520 2521 2522
f 2313 2502 2314
f 2312 2502 2313
f 2317 2511 2505
f 2309 2308 2317
f 2310 2311 2523
f 2523 2311 2524
f 2311 2525 2524
f 2311 2526 2525
f 2311 2527 2526
f 2520 2527 2311
f 2527 2520 2522
f 2519 2520 2022
f 2518 2022 2501
f 2318 2022 2520
f 2319 2022 2318
f 2022 2319 2023
f 2528 1797 2529
f 1797 2528 1796
f 2530 1799 2531
f 1799 2530 1798
f 2532 1801 2533
f 1801 2532 1800
f 2404 591 590
f 591 2404 1931
f 2016 480 482
f 480 2016 2342
f 2387 830 831
f 830 2387 2386
f 2473 833 835
f 833 2473 2474
f 571 2534 569
f 571 2535 2534
f 571 2536 2535
f 571 2537 2536
f 571 2538 2537
f 571 2539 2538
f 571 2540 2539
f 2541 2352 2542
f 2543 2352 2541
f 2544 2352 2543
f 2545 2352 2544
f 2546 2352 2545
f 2540 2352 2546
f 2352 2540 571
f 2547 569 2534
f 2548 569 2547
f 2549 569 2548
f 2550 569 2549
f 2551 569 2550
f 2552 569 2551
f 2390 2552 2553
f 2390 2542 2352
f 2542 2390 2554
f 2554 2390 2555
f 2555 2390 2556
f 2556 2390 2557
f 2557 2390 2553
f 2552 2390 569
f 2265 525 524
f 525 2265 2264
f 2396 580 578
f 580 2396 717
f 717 2396 582
f 2397 582 2396
f 582 2397 551
f 2558 514 512
f 2559 514 2558
f 512 2560 2558
f 512 2561 2560
f 512 2562 2561
f 512 2563 2562
f 512 2564 2563
f 512 2565 2564
f 2566 2339 2567
f 2568 2339 2566
f 2569 2339 2568
f 2570 2339 2569
f 2571 2339 2570
f 2565 2339 2571
f 2339 2565 512
f 514 2559 798
f 2572 798 2559
f 2573 798 2572
f 2574 798 2573
f 2575 798 2574
f 2576 798 2575
f 2344 2567 2339
f 2567 2344 2577
f 2577 2344 2578
f 2578 2344 2579
f 2579 2344 2580
f 2576 2344 798
f 2581 2344 2576
f 2580 2344 2581
f 2582 2221 2583
f 2584 587 2585
f 587 2584 539
f 2583 539 2584
f 2583 2400 539
f 2400 2583 2221
f 2586 2367 2587
f 2588 576 2589
f 576 2588 554
f 2587 554 2588
f 2587 2368 554
f 2368 2587 2367
f 2590 2260 2591
f 2592 523 2593
f 523 2592 461
f 2591 461 2592
f 2591 2346 461
f 2346 2591 2260
f 518 2594 473
f 518 2595 2594
f 2292 2595 518
f 2293 2595 2292
f 2595 2293 2596
f 473 2594 2597
f 2224 536 588
f 536 2224 2401
f 2218 2598 2599
f 2598 2218 2399
f 2236 2600 2601
f 2600 2236 2237
f 2242 2602 2603
f 2602 2242 2243
f 2364 2604 2605
f 2604 2364 2398
f 2361 2606 2607
f 2606 2361 2393
f 2358 2608 2609
f 2608 2358 2392
f 2355 566 572
f 566 2355 2391
f 2257 2610 2611
f 2610 2257 2345
f 2278 2612 2613
f 2612 2278 2279
f 2284 2614 2615
f 2614 2284 2285
f 2340 517 764
f 517 2340 476
f 476 2340 2341
f 2337 479 509
f 479 2337 2343
f 2616 542 586
f 542 2616 2617
f 2618 545 585
f 545 2618 2619
f 2620 548 583
f 548 2620 2621
f 2622 557 575
f 557 2622 2623
f 2624 560 574
f 560 2624 2625
f 2626 563 573
f 563 2626 2627
f 2628 464 522
f 464 2628 2629
f 2630 467 520
f 467 2630 2631
f 2632 470 519
f 470 2632 2633
f 2385 813 812
f 2387 813 2385
f 813 2387 831
f 810 2472 808
f 2474 810 833
f 810 2474 2472
f 811 2634 2635
f 817 2634 814
f 814 2634 811
f 2636 2465 2637
f 2634 817 2636
f 2636 817 1747
f 2636 1747 2465
f 2637 2389 2638
f 2389 2637 2465
f 808 2639 812
f 2472 2639 808
f 2639 2472 2440
f 2638 812 2639
f 2385 2638 2389
f 2638 2385 812
f 2410 2640 2641
f 826 2642 2640
f 1744 2640 2410
f 826 2640 1744
f 2642 826 815
f 2642 809 2643
f 809 2642 815
f 2410 2639 2440
f 2639 2410 2641
f 2352 2644 2350
f 571 2644 2352
f 2644 571 570
f 2645 2349 2348
f 2349 2645 860
f 2644 860 2645
f 860 2644 570
f 2373 2379 2646
f 2647 307 2093
f 2647 2093 2370
f 307 2647 305
f 2646 305 2647
f 2646 861 305
f 861 2646 2379
f 847 2648 2649
f 2648 2650 2382
f 847 2650 2648
f 832 2650 847
f 2650 832 2651
f 830 2651 832
f 2651 830 2386
f 2651 2386 2380
f 2649 854 847
f 854 2649 2090
f 2090 2649 2383
f 2382 2650 2381
f 2469 2470 2652
f 2653 838 2097
f 2653 2097 2467
f 838 2653 836
f 2652 836 2653
f 2654 2652 2470
f 2654 836 2652
f 834 2654 2655
f 2654 834 836
f 2473 2655 2471
f 835 2655 2473
f 2655 835 834
f 863 2656 2262
f 863 2657 2656
f 521 2657 863
f 525 2657 521
f 2657 525 2264
f 2657 2264 2252
f 2262 2656 2261
f 403 2658 2659
f 862 2658 403
f 2273 2658 862
f 2658 2273 2272
f 2659 416 403
f 416 2659 2094
f 2094 2659 2269
f 2660 361 861
f 2661 361 2660
f 2379 2660 861
f 2660 2379 2375
f 1937 361 2661
f 1937 2661 2229
f 361 1937 362
f 1934 599 606
f 599 2662 2663
f 599 1934 2662
f 2662 1934 2225
f 599 2663 860
f 2349 2663 2347
f 2663 2349 860
f 2020 364 366
f 2664 364 2665
f 364 2020 2665
f 2665 2020 2289
f 364 2664 862
f 2273 2664 2268
f 2664 2273 862
f 2666 491 863
f 491 2666 2667
f 2262 2666 863
f 2666 2262 2254
f 2019 491 2667
f 2019 2667 2288
f 491 2019 496
f 2668 743 2669
f 743 2668 739
f 749 2670 2671
f 2670 749 750
f 736 2672 726
f 2672 736 2673
f 761 2674 2675
f 2674 761 757
f 729 2675 2676
f 2675 729 761
f 2669 745 2677
f 745 2669 743
f 717 2678 2679
f 2678 717 716
f 716 2680 2678
f 2680 716 718
f 726 2681 724
f 2681 726 2672
f 734 2673 736
f 2673 734 2682
f 2677 747 2683
f 747 2677 745
f 747 2671 2683
f 2671 747 749
f 750 2679 2670
f 2679 750 717
f 724 2684 722
f 2684 724 2681
f 718 2685 2680
f 2685 718 720
f 722 2685 720
f 2685 722 2684
f 2686 751 2687
f 751 2686 753
f 757 2688 2674
f 2688 757 755
f 2687 739 2668
f 739 2687 751
f 730 2689 2690
f 2689 730 727
f 732 2682 734
f 2682 732 2691
f 732 2690 2691
f 2690 732 730
f 2669 2687 2668
f 2677 2687 2669
f 2677 2686 2687
f 2683 2686 2677
f 2683 2688 2686
f 2671 2688 2683
f 2671 2674 2688
f 2670 2674 2671
f 2670 2675 2674
f 2679 2675 2670
f 2679 2676 2675
f 2678 2676 2679
f 2678 2689 2676
f 2680 2689 2678
f 2680 2690 2689
f 2685 2690 2680
f 2685 2691 2690
f 2684 2691 2685
f 2684 2682 2691
f 2681 2682 2684
f 2681 2673 2682
f 2673 2681 2672
f 727 2676 2689
f 2676 727 729
f 2688 753 2686
f 753 2688 755
f 2692 790 2693
f 790 2692 786
f 2694 2695 2696
f 2695 2694 2697
f 776 2698 2699
f 2698 776 807
f 807 2700 2698
f 2700 807 805
f 779 2701 2702
f 2701 779 777
f 794 2703 2704
f 2703 794 796
f 2693 792 2705
f 792 2693 790
f 769 2706 767
f 2706 769 2707
f 2708 2695 2697
f 2695 2708 2709
f 765 2708 763
f 2708 765 2709
f 781 2710 783
f 2710 781 2711
f 2705 794 2704
f 794 2705 792
f 2712 2694 2696
f 797 2694 2712
f 2694 797 798
f 796 2712 2703
f 2712 796 797
f 771 2707 769
f 2707 771 2713
f 773 2713 771
f 2713 773 2714
f 783 2714 773
f 2714 783 2710
f 765 2706 2709
f 2706 765 767
f 2715 786 2692
f 786 2715 799
f 2716 799 2715
f 799 2716 801
f 777 2717 2701
f 2717 777 774
f 779 2711 781
f 2711 779 2702
f 2693 2715 2692
f 2705 2715 2693
f 2705 2716 2715
f 2704 2716 2705
f 2704 2718 2716
f 2703 2718 2704
f 2703 2700 2718
f 2712 2700 2703
f 2712 2698 2700
f 2696 2698 2712
f 2696 2699 2698
f 2695 2699 2696
f 2695 2717 2699
f 2709 2717 2695
f 2709 2701 2717
f 2706 2701 2709
f 2706 2702 2701
f 2707 2702 2706
f 2707 2711 2702
f 2713 2711 2707
f 2713 2710 2711
f 2710 2713 2714
f 805 2718 2700
f 2718 805 803
f 774 2699 2717
f 2699 774 776
f 2718 801 2716
f 801 2718 803
f 2719 651 2720
f 651 2719 647
f 623 2721 2722
f 2721 623 622
f 637 2723 2724
f 2723 637 667
f 640 2725 2726
f 2725 640 638
f 655 2727 2728
f 2727 655 657
f 2720 653 2729
f 653 2720 651
f 631 2730 629
f 2730 631 2731
f 622 2732 2721
f 2732 622 625
f 642 2733 644
f 2733 642 2734
f 2729 655 2728
f 655 2729 653
f 659 2722 2735
f 2722 659 623
f 657 2735 2727
f 2735 657 659
f 633 2731 631
f 2731 633 2736
f 635 2736 633
f 2736 635 2737
f 644 2737 635
f 2737 644 2733
f 625 2730 2732
f 2730 625 629
f 2738 647 2719
f 647 2738 660
f 667 2739 2723
f 2739 667 666
f 2740 660 2738
f 660 2740 662
f 638 2741 2725
f 2741 638 636
f 640 2734 642
f 2734 640 2726
f 2720 2738 2719
f 2729 2738 2720
f 2729 2740 2738
f 2728 2740 2729
f 2728 2742 2740
f 2727 2742 2728
f 2727 2739 2742
f 2735 2739 2727
f 2735 2723 2739
f 2722 2723 2735
f 2722 2724 2723
f 2721 2724 2722
f 2721 2741 2724
f 2732 2741 2721
f 2732 2725 2741
f 2730 2725 2732
f 2730 2726 2725
f 2731 2726 2730
f 2731 2734 2726
f 2736 2734 2731
f 2736 2733 2734
f 2733 2736 2737
f 666 2742 2739
f 2742 666 664
f 636 2724 2741
f 2724 636 637
f 2742 662 2740
f 662 2742 664
f 2743 702 2744
f 702 2743 698
f 696 2745 2746
f 2745 696 697
f 688 2747 679
f 2747 688 2748
f 715 2749 2750
f 2749 715 714
f 681 2750 2751
f 2750 681 715
f 2744 704 2752
f 704 2744 702
f 670 2753 2754
f 2753 670 669
f 669 2755 2753
f 2755 669 671
f 679 2756 677
f 2756 679 2747
f 686 2748 688
f 2748 686 2757
f 2752 706 2758
f 706 2752 704
f 706 2746 2758
f 2746 706 696
f 697 2754 2745
f 2754 697 670
f 677 2759 675
f 2759 677 2756
f 671 2760 2755
f 2760 671 673
f 675 2760 673
f 2760 675 2759
f 2761 708 2762
f 708 2761 710
f 714 2763 2749
f 2763 714 712
f 2762 698 2743
f 698 2762 708
f 682 2764 2765
f 2764 682 680
f 684 2757 686
f 2757 684 2766
f 684 2765 2766
f 2765 684 682
f 2744 2762 2743
f 2752 2762 2744
f 2752 2761 2762
f 2758 2761 2752
f 2758 2763 2761
f 2746 2763 2758
f 2746 2749 2763
f 2745 2749 2746
f 2745 2750 2749
f 2754 2750 2745
f 2754 2751 2750
f 2753 2751 2754
f 2753 2764 2751
f 2755 2764 2753
f 2755 2765 2764
f 2760 2765 2755
f 2760 2766 2765
f 2759 2766 2760
f 2759 2757 2766
f 2756 2757 2759
f 2756 2748 2757
f 2748 2756 2747
f 680 2751 2764
f 2751 680 681
f 2763 710 2761
f 710 2763 712
f 2767 2768 2769
f 2768 2767 185
f 2770 185 2767
f 185 2770 183
f 2768 1645 2771
f 1645 2768 185
f 2768 446 445
f 446 2768 2771
f 2772 1793 1792
f 1793 2772 2773
f 2774 1044 1880
f 1044 2774 1047
f 1045 1787 1046
f 1787 1045 2775
f 2776 1711 1707
f 1711 2776 2777
f 2772 1711 2777
f 1711 2772 1792
f 2774 1045 1047
f 1045 2774 2775
f 2772 2776 2773
f 2776 2772 2777
f 2778 1713 1712
f 1713 2778 2779
f 2780 1060 1877
f 1060 2780 1063
f 1061 1784 1062
f 1784 1061 2781
f 2782 1648 1650
f 1648 2782 2783
f 2778 1648 2783
f 1648 2778 1712
f 2780 1061 1063
f 1061 2780 2781
f 2778 2782 2779
f 2782 2778 2783
f 2784 1649 1651
f 1649 2784 2785
f 2786 1096 1785
f 1096 2786 1099
f 1097 1782 1098
f 1782 1097 2787
f 2788 1652 1654
f 1652 2788 2789
f 2784 1652 2789
f 1652 2784 1651
f 2786 1097 1099
f 1097 2786 2787
f 2784 2788 2785
f 2788 2784 2789
f 2790 1653 1655
f 1653 2790 2791
f 2792 1048 1783
f 1048 2792 1051
f 1049 1780 1050
f 1780 1049 2793
f 2794 1656 1658
f 1656 2794 2795
f 2790 1656 2795
f 1656 2790 1655
f 2792 1049 1051
f 1049 2792 2793
f 2790 2794 2791
f 2794 2790 2795
f 2796 1657 1659
f 1657 2796 2797
f 2798 1112 1781
f 1112 2798 1115
f 1113 1824 1114
f 1824 1113 2799
f 2800 1691 1690
f 1691 2800 2801
f 2796 1691 2801
f 1691 2796 1659
f 2798 1113 1115
f 1113 2798 2799
f 2796 2800 2797
f 2800 2796 2801
f 2802 729 1825
f 729 2802 762
f 2803 1851 1794
f 1851 2803 2804
f 759 1777 760
f 1777 759 2805
f 2806 1704 1700
f 1704 2806 2807
f 2803 1704 2807
f 1704 2803 1794
f 2802 759 762
f 759 2802 2805
f 2803 2806 2804
f 2806 2803 2807
f 2808 1706 1705
f 1706 2808 2809
f 2810 1070 1878
f 1070 2810 1073
f 1071 1774 1072
f 1774 1071 2811
f 2812 1660 1662
f 1660 2812 2813
f 2808 1660 2813
f 1660 2808 1705
f 2810 1071 1073
f 1071 2810 2811
f 2808 2812 2809
f 2812 2808 2813
f 2814 1661 1663
f 1661 2814 2815
f 2816 1116 1775
f 1116 2816 1119
f 1117 1772 1118
f 1772 1117 2817
f 2818 1664 1666
f 1664 2818 2819
f 2814 1664 2819
f 1664 2814 1663
f 2816 1117 1119
f 1117 2816 2817
f 2814 2818 2815
f 2818 2814 2819
f 2820 1665 1667
f 1665 2820 2821
f 2822 1052 1773
f 1052 2822 1055
f 1053 1770 1054
f 1770 1053 2823
f 2824 1668 1670
f 1668 2824 2825
f 2820 1668 2825
f 1668 2820 1667
f 2822 1053 1055
f 1053 2822 2823
f 2820 2824 2821
f 2824 2820 2825
f 2826 1669 1671
f 1669 2826 2827
f 2828 1130 1771
f 1130 2828 1133
f 1131 1767 1132
f 1767 1131 2829
f 2830 1715 1714
f 1715 2830 2831
f 2826 1715 2831
f 1715 2826 1671
f 2828 1131 1133
f 1131 2828 2829
f 2826 2830 2827
f 2830 2826 2831
f 2832 1847 1795
f 1847 2832 2833
f 2834 1100 1768
f 1100 2834 1103
f 1101 1751 1102
f 1751 1101 2835
f 2836 1718 1717
f 1718 2836 2837
f 2832 1718 2837
f 1718 2832 1795
f 2834 1101 1103
f 1101 2834 2835
f 2832 2836 2833
f 2836 2832 2837
f 2838 1764 1765
f 1764 2838 2839
f 2840 1076 1752
f 1076 2840 1079
f 1077 1748 1078
f 1748 1077 2841
f 2838 1748 2841
f 1748 2838 1765
f 2840 1077 1079
f 2842 1077 2840
f 2843 1077 2842
f 2844 1077 2843
f 2845 1077 2844
f 2846 1077 2845
f 2847 1077 2846
f 2841 2839 2838
f 2839 2841 2848
f 2848 2841 2849
f 2849 2841 2850
f 2850 2841 2851
f 2851 2841 2852
f 2852 2841 2847
f 2847 2841 1077
f 2853 1084 1749
f 1084 2853 1087
f 1085 1746 1086
f 1746 1085 2854
f 2853 1746 2854
f 1746 2853 1749
f 2853 1085 1087
f 1085 2853 2854
f 1796 818 2444
f 1796 816 818
f 2528 816 1796
f 816 2528 1069
f 820 2487 829
f 820 1797 2487
f 1068 1797 820
f 1797 1068 2529
f 2487 818 829
f 818 2487 2444
f 2528 1068 1069
f 1068 2528 2529
f 2436 2855 2856
f 2857 2436 1798
f 2436 2858 2855
f 2436 2859 2858
f 2436 2860 2859
f 2436 2861 2860
f 2436 2862 2861
f 2436 2863 2862
f 2436 2857 2863
f 1798 2864 2857
f 2865 1798 2530
f 1798 2865 2864
f 2866 821 2867
f 2868 821 2866
f 2869 821 2868
f 2870 821 2869
f 2871 821 2870
f 2872 821 2871
f 2873 821 2872
f 2874 821 2873
f 2875 821 2874
f 2876 821 2875
f 821 2876 819
f 819 2876 1075
f 823 2485 828
f 823 1799 2485
f 1074 1799 823
f 1799 1074 2531
f 828 2867 821
f 828 2877 2867
f 828 2878 2877
f 828 2879 2878
f 828 2880 2879
f 828 2881 2880
f 2485 2881 828
f 2882 2883 2884
f 2881 2485 2882
f 2485 2883 2882
f 2485 2885 2883
f 2485 2886 2885
f 2485 2856 2886
f 2856 2485 2436
f 2876 1074 1075
f 2887 1074 2876
f 2888 1074 2887
f 2889 1074 2888
f 2890 1074 2889
f 2891 1074 2890
f 2892 1074 2891
f 2893 1074 2892
f 2531 2893 2894
f 2895 2894 2896
f 2531 2897 2898
f 2531 2865 2530
f 2865 2531 2898
f 2897 2531 2899
f 2899 2531 2900
f 2900 2531 2895
f 2893 2531 1074
f 2895 2531 2894
f 2901 2432 1800
f 2432 2902 2903
f 2432 2904 2902
f 2432 2905 2904
f 2432 2906 2905
f 2432 2907 2906
f 2432 2908 2907
f 2432 2909 2908
f 2432 2910 2909
f 2432 2911 2910
f 2432 2912 2911
f 2432 2901 2912
f 2532 2901 1800
f 2901 2532 2913
f 2914 824 2915
f 2916 824 2914
f 2917 824 2916
f 2918 824 2917
f 2919 824 2918
f 2920 824 2919
f 2921 824 2920
f 2922 824 2921
f 2923 824 2922
f 2924 824 2923
f 824 2924 822
f 822 2924 1121
f 2925 2926 2927
f 2928 2926 2925
f 2929 2926 2928
f 2929 2930 2926
f 2931 2930 2929
f 2931 2932 2930
f 2933 2932 2931
f 2933 2934 2932
f 2933 2935 2934
f 2936 2935 2933
f 2937 2935 2936
f 2938 2937 2939
f 2937 2938 2935
f 2940 2938 2939
f 2940 2941 2938
f 2942 2941 2940
f 2942 2943 2941
f 2944 2943 2942
f 2944 2945 2943
f 2946 2945 2944
f 2947 2946 2948
f 2946 2947 2945
f 825 2949 2950
f 825 2951 2949
f 2952 825 827
f 825 2953 2951
f 825 2954 2953
f 825 2955 2954
f 825 2956 2955
f 825 2957 2956
f 825 2958 2957
f 825 2959 2958
f 2952 827 1120
f 825 2952 2959
f 2960 2950 2949
f 2960 2961 2950
f 2962 2961 2960
f 2962 2963 2961
f 2964 2963 2962
f 2964 2965 2963
f 2966 2965 2964
f 2967 2965 2966
f 2967 2968 2965
f 2967 2969 2968
f 2970 2969 2967
f 2970 2971 2969
f 2972 2971 2970
f 2972 2973 2971
f 2974 2973 2972
f 2975 2973 2974
f 2976 2975 2977
f 2975 2976 2973
f 2978 2484 2979
f 2980 2484 2978
f 2981 2484 2980
f 2982 2484 2981
f 2983 2484 2982
f 2984 2484 2983
f 2985 2484 2984
f 2986 2484 2985
f 2484 2986 1801
f 1801 2986 2533
f 2484 2987 2988
f 2989 2484 2990
f 2991 2484 2989
f 2987 2484 2991
f 2992 2484 2988
f 2993 2484 2992
f 2994 2484 2993
f 2995 2484 2994
f 2996 2484 2995
f 2484 2996 2979
f 2432 2990 2484
f 2990 2432 2997
f 2997 2432 2998
f 2998 2432 2903
f 825 2999 824
f 825 3000 2999
f 825 3001 3000
f 825 3002 3001
f 825 3003 3002
f 825 3004 3003
f 825 3005 3004
f 825 3006 3005
f 825 3007 3006
f 825 3008 3007
f 825 3009 3008
f 825 3010 3009
f 3011 3012 3010
f 3013 3014 3015
f 3016 3017 3018
f 3019 3016 3020
f 3021 3020 3022
f 3023 3022 3024
f 3025 3024 3026
f 3027 3014 3013
f 3028 3015 3029
f 3012 3030 3029
f 3016 3019 3017
f 3020 3021 3019
f 3022 3023 3021
f 3024 3025 3023
f 3026 3027 3025
f 3014 3027 3026
f 3015 3028 3013
f 3029 3030 3028
f 3012 3011 3030
f 3010 2950 3011
f 2950 3010 825
f 3031 824 2999
f 3032 824 3031
f 824 3032 2915
f 3033 3018 3017
f 3018 3033 3034
f 3035 3034 3033
f 3034 3035 3036
f 2925 3036 3035
f 3036 2925 2927
f 3037 1121 3038
f 3038 1121 2924
f 1121 3037 1120
f 3039 1120 3037
f 3040 1120 3039
f 3041 1120 3040
f 3042 1120 3041
f 3043 1120 3042
f 3044 1120 3043
f 3045 1120 3044
f 1120 3045 2952
f 3046 3047 3048
f 3047 2532 3049
f 3046 2532 3047
f 2532 3046 2913
f 2533 3050 3051
f 2533 3049 2532
f 3049 2533 3052
f 3052 2533 3053
f 3053 2533 3054
f 3054 2533 3055
f 3055 2533 3051
f 3050 2533 2986
f 3056 3057 3058
f 3059 3056 2947
f 3056 3059 3057
f 2947 3060 3059
f 3060 2947 2948
f 3061 3062 3058
f 3061 3058 3057
f 3062 3061 3063
f 3064 3063 3061
f 3063 3064 3065
f 3066 3065 3064
f 3065 3066 3067
f 3068 3067 3066
f 3067 3068 3069
f 3070 3069 3068
f 3069 3070 3071
f 3072 3071 3070
f 3071 3072 3073
f 3074 3073 3072
f 3073 3074 2977
f 2977 3074 2976
f 3075 1092 1745
f 1092 3075 1095
f 1093 1741 1094
f 1741 1093 3076
f 3075 1741 3076
f 1741 3075 1745
f 3075 1093 1095
f 1093 3075 3076
f 3077 1743 1742
f 1743 3077 3078
f 3079 1056 1881
f 1056 3079 1059
f 1057 1736 1058
f 1736 1057 3080
f 3081 1697 1693
f 1697 3081 3082
f 3077 1697 3082
f 1697 3077 1742
f 3079 1057 1059
f 1057 3079 3080
f 3077 3081 3078
f 3081 3077 3082
f 3083 1699 1698
f 1699 3083 3084
f 3085 1134 1879
f 1134 3085 1137
f 1135 1733 1136
f 1733 1135 3086
f 3087 1672 1674
f 1672 3087 3088
f 3083 1672 3088
f 1672 3083 1698
f 3085 1135 1137
f 1135 3085 3086
f 3083 3087 3084
f 3087 3083 3088
f 3089 1673 1675
f 1673 3089 3090
f 3091 1126 1734
f 1126 3091 1129
f 1127 1731 1128
f 1731 1127 3092
f 3093 1676 1678
f 1676 3093 3094
f 3089 1676 3094
f 1676 3089 1675
f 3091 1127 1129
f 1127 3091 3092
f 3089 3093 3090
f 3093 3089 3094
f 3095 1677 1679
f 1677 3095 3096
f 3097 1122 1732
f 1122 3097 1125
f 1123 1729 1124
f 1729 1123 3098
f 3099 1680 1682
f 1680 3099 3100
f 3095 1680 3100
f 1680 3095 1679
f 3097 1123 1125
f 1123 3097 3098
f 3095 3099 3096
f 3099 3095 3100
f 3101 1681 1683
f 1681 3101 3102
f 3103 1104 1730
f 1104 3103 1107
f 1105 1727 1106
f 1727 1105 3104
f 3105 1684 1686
f 1684 3105 3106
f 3101 1684 3106
f 1684 3101 1683
f 3103 1105 1107
f 1105 3103 3104
f 3101 3105 3102
f 3105 3101 3106
f 3107 1685 1687
f 1685 3107 3108
f 3109 1080 1728
f 1080 3109 1083
f 1081 1724 1082
f 1724 1081 3110
f 3111 1721 1720
f 1721 3111 3112
f 3107 1721 3112
f 1721 3107 1687
f 3109 1081 1083
f 1081 3109 3110
f 3107 3111 3108
f 3111 3107 3112
f 3113 1843 1802
f 1843 3113 3114
f 3115 1108 1725
f 1108 3115 1111
f 3116 1818 1110
f 1818 3116 3117
f 3117 3116 3118
f 3118 3116 3119
f 3119 3116 3120
f 3120 3116 3121
f 3121 3116 3122
f 3122 3116 3123
f 3123 3116 3124
f 3124 3116 3125
f 3116 1110 1109
f 3125 3116 3126
f 3116 3127 3126
f 3116 3128 3127
f 3129 3128 3116
f 3128 3129 3130
f 3130 3129 3131
f 3132 3133 3134
f 3135 3133 3132
f 3136 3135 3137
f 3136 3137 3138
f 3135 3136 3133
f 3133 1837 3139
f 3133 3139 3140
f 3133 3140 3141
f 3133 3141 3142
f 3133 3142 3143
f 3133 3143 3144
f 3133 3144 3145
f 3133 3145 3146
f 3133 3146 3147
f 3133 3147 3134
f 1837 3133 1803
f 1803 3133 3148
f 3113 1803 3148
f 1803 3113 1802
f 3115 1109 1111
f 1109 3115 3116
f 3113 3133 3114
f 3133 3113 3148
f 3149 1839 1804
f 1839 3149 3150
f 3151 1088 1895
f 1088 3151 1091
f 1089 1805 1090
f 1805 1089 3152
f 3149 1805 3152
f 1805 3149 1804
f 3151 1089 1091
f 3153 1089 3151
f 3154 1089 3153
f 3155 1089 3154
f 3156 1089 3155
f 3157 1089 3156
f 3158 1089 3157
f 3152 3150 3149
f 3150 3152 3159
f 3159 3152 3160
f 3160 3152 3161
f 3161 3152 3162
f 3162 3152 3163
f 3158 3152 1089
f 3163 3152 3158
f 3164 1064 1806
f 1064 3164 1067
f 1065 1807 1066
f 1807 1065 3165
f 3164 1807 3165
f 1807 3164 1806
f 3164 1065 1067
f 1065 3164 3165
f 3166 450 1808
f 450 3166 458
f 3167 1374 3168
f 3167 3169 1374
f 3166 3169 3167
f 3169 3166 3170
f 1808 3170 3166
f 3170 1808 1809
f 3168 1374 1172
f 1374 3169 1689
f 3166 455 458
f 455 3166 3167
f 1406 3171 1336
f 3171 1406 3172
f 1336 3173 1334
f 3173 1336 3174
f 3171 3174 1336
f 3174 3171 3175
f 3171 532 529
f 532 3171 3172
f 693 3176 691
f 3176 693 1549
f 1550 694 3177
f 694 1550 695
f 1550 3176 1549
f 3176 1550 3177
f 3176 694 691
f 694 3176 3177
f 1565 3178 3179
f 3178 1565 1551
f 955 3180 956
f 3180 955 1568
f 1547 954 3181
f 954 1547 957
f 1409 3182 3183
f 3182 1409 1411
f 1409 3178 1551
f 3178 1409 3183
f 3179 3184 3185
f 3179 3186 3184
f 3178 3186 3179
f 3183 3186 3178
f 3186 3183 3182
f 3187 956 3180
f 956 3187 954
f 3181 3187 3185
f 3187 3181 954
f 3181 3185 3184
f 1410 3188 3189
f 3188 1410 1412
f 1001 3190 1002
f 3190 1001 1566
f 1544 1000 3191
f 1000 1544 1003
f 1413 3192 3193
f 3192 1413 1415
f 1413 3188 1412
f 3188 1413 3193
f 3190 1000 1002
f 1000 3190 3191
f 3188 3192 3189
f 3192 3188 3193
f 1414 3194 3195
f 3194 1414 1416
f 943 3196 944
f 3196 943 1545
f 1542 942 3197
f 942 1542 945
f 1417 3198 3199
f 3198 1417 1419
f 1417 3194 1416
f 3194 1417 3199
f 3196 942 944
f 942 3196 3197
f 3194 3198 3195
f 3198 3194 3199
f 1418 3200 3201
f 3200 1418 1420
f 1017 3202 1018
f 3202 1017 1543
f 1540 1016 3203
f 1016 1540 1019
f 1421 3204 3205
f 3204 1421 1423
f 1421 3200 1420
f 3200 1421 3205
f 3202 1016 1018
f 1016 3202 3203
f 3200 3204 3201
f 3204 3200 3205
f 1422 3206 3207
f 3206 1422 1424
f 965 3208 966
f 3208 965 1541
f 1538 964 3209
f 964 1538 967
f 1425 3210 3211
f 3210 1425 1427
f 1425 3206 1424
f 3206 1425 3211
f 3208 964 966
f 964 3208 3209
f 3206 3210 3207
f 3210 3206 3211
f 1426 3212 3213
f 3212 1426 1428
f 973 3214 974
f 3214 973 1539
f 1536 972 3215
f 972 1536 975
f 1485 3216 3217
f 3216 1485 1571
f 1485 3212 1428
f 3212 1485 3217
f 3214 972 974
f 972 3214 3215
f 3212 3216 3213
f 3216 3212 3217
f 1482 3218 3219
f 3218 1482 1484
f 1021 3220 1022
f 3220 1021 1537
f 1534 1020 3221
f 1020 1534 1023
f 1430 3222 3223
f 3222 1430 1429
f 1430 3218 1484
f 3218 1430 3223
f 3220 1020 1022
f 1020 3220 3221
f 3218 3222 3219
f 3222 3218 3223
f 947 3224 948
f 3224 947 1535
f 1532 946 3225
f 946 1532 949
f 1532 3224 1535
f 3224 1532 3225
f 3224 946 948
f 946 3224 3225
f 1037 3226 1038
f 3226 1037 1531
f 1530 1036 3227
f 1036 1530 1039
f 1530 3226 1531
f 3226 1530 3227
f 3226 1036 1038
f 1036 3226 3227
f 1005 3228 1006
f 3228 1005 1570
f 1527 1004 3229
f 1004 1527 1007
f 3228 1004 1006
f 1004 3228 3229
f 981 3230 982
f 3230 981 1528
f 1525 980 3231
f 980 1525 983
f 3230 980 982
f 980 3230 3231
f 989 3232 990
f 3232 989 1526
f 1523 988 3233
f 988 1523 991
f 3232 988 990
f 988 3232 3233
f 969 3234 970
f 3234 969 1524
f 1500 968 3235
f 968 1500 971
f 3234 968 970
f 968 3234 3235
f 977 3236 978
f 3236 977 1455
f 1458 976 3237
f 976 1458 979
f 1458 3236 1455
f 3236 1458 3237
f 3236 976 978
f 976 3236 3237
f 1025 3238 1026
f 3238 1025 1459
f 1460 1024 3239
f 1024 1460 1027
f 1460 3238 1459
f 3238 1460 3239
f 3238 1024 1026
f 1024 3238 3239
f 997 3240 998
f 3240 997 1461
f 1462 996 3241
f 996 1462 999
f 1462 3240 1461
f 3240 1462 3241
f 3240 996 998
f 996 3240 3241
f 951 3242 952
f 3242 951 1463
f 1464 950 3243
f 950 1464 953
f 1464 3242 1463
f 3242 1464 3243
f 3242 950 952
f 950 3242 3243
f 1041 3244 1042
f 3244 1041 1465
f 1466 1040 3245
f 1040 1466 1043
f 1466 3244 1465
f 3244 1466 3245
f 3244 1040 1042
f 1040 3244 3245
f 1499 3246 3247
f 3246 1499 1467
f 1033 3248 1034
f 3248 1033 1569
f 1495 1032 3249
f 1032 1495 1035
f 1382 3250 3251
f 3250 1382 1384
f 1382 3246 1467
f 3246 1382 3251
f 3247 3252 3253
f 3247 3254 3252
f 3246 3254 3247
f 3251 3254 3246
f 3254 3251 3250
f 3255 1034 3248
f 1034 3255 1032
f 3249 3255 3253
f 3255 3249 1032
f 3249 3253 3252
f 1383 3256 3257
f 3256 1383 1385
f 1029 3258 1030
f 3258 1029 1567
f 1492 1028 3259
f 1028 1492 1031
f 1386 3260 3261
f 3260 1386 1388
f 1386 3256 1385
f 3256 1386 3261
f 3258 1028 1030
f 1028 3258 3259
f 3256 3260 3257
f 3260 3256 3261
f 1387 3262 3263
f 3262 1387 1389
f 1009 3264 1010
f 3264 1009 1493
f 1490 1008 3265
f 1008 1490 1011
f 1390 3266 3267
f 3266 1390 1392
f 1390 3262 1389
f 3262 1390 3267
f 3264 1008 1010
f 1008 3264 3265
f 3262 3266 3263
f 3266 3262 3267
f 1391 3268 3269
f 3268 1391 1393
f 985 3270 986
f 3270 985 1491
f 1488 984 3271
f 984 1488 987
f 1394 3272 3273
f 3272 1394 1396
f 1394 3268 1393
f 3268 1394 3273
f 3270 984 986
f 984 3270 3271
f 3268 3272 3269
f 3272 3268 3273
f 1395 3274 3275
f 3274 1395 1397
f 1013 3276 1014
f 3276 1013 1489
f 1486 1012 3277
f 1012 1486 1015
f 1398 3278 3279
f 3278 1398 1400
f 1398 3274 1397
f 3274 1398 3279
f 3276 1012 1014
f 1012 3276 3277
f 3274 3278 3275
f 3278 3274 3279
f 2110 3280 3281
f 3280 2110 2111
f 1399 3282 3283
f 3282 1399 1401
f 993 3284 994
f 3284 993 1487
f 1554 992 3285
f 992 1554 995
f 1403 3286 3287
f 3286 1403 1402
f 1403 3282 1401
f 3282 1403 3287
f 3284 992 994
f 992 3284 3285
f 3282 3286 3283
f 3286 3282 3287
f 623 3288 621
f 3288 623 1468
f 1469 626 3289
f 626 1469 627
f 1469 3288 1468
f 3288 1469 3289
f 3288 626 621
f 626 3288 3289
f 960 3290 958
f 3290 960 1470
f 1378 439 3291
f 439 1378 440
f 1379 1378 3292
f 3293 1470 1471
f 1470 3293 3290
f 3291 3293 3292
f 3293 3291 3290
f 3291 3292 1378
f 3290 439 958
f 439 3290 3291
f 114 3294 111
f 111 3291 1378
f 111 3295 3291
f 3295 111 3294
f 3294 441 3295
f 441 3294 442
f 117 3296 192
f 3296 117 3297
f 96 886 94
f 886 96 3298
f 3299 97 887
f 97 3299 87
f 3300 120 3301
f 120 3300 118
f 3300 117 118
f 117 3300 3297
f 3297 3302 3296
f 3300 3302 3297
f 3302 3300 3301
f 3303 3296 3302
f 3303 3304 3296
f 3304 3299 3305
f 3299 3304 3303
f 3305 886 3298
f 3305 887 886
f 887 3305 3299
f 119 3306 230
f 3306 119 3307
f 106 866 100
f 866 106 3308
f 3309 107 867
f 107 3309 221
f 3310 123 3311
f 123 3310 121
f 3310 119 121
f 119 3310 3307
f 3309 866 3308
f 866 3309 867
f 3310 3306 3307
f 3306 3310 3311
f 122 3312 232
f 3312 122 3313
f 227 868 220
f 868 227 3314
f 3315 210 869
f 210 3315 211
f 3316 126 3317
f 126 3316 124
f 3316 122 124
f 122 3316 3313
f 3315 868 3314
f 868 3315 869
f 3316 3312 3313
f 3312 3316 3317
f 125 3318 234
f 3318 125 3319
f 218 888 209
f 888 218 3320
f 3321 194 889
f 194 3321 195
f 3322 129 3323
f 129 3322 127
f 3322 125 127
f 125 3322 3319
f 3321 888 3320
f 888 3321 889
f 3322 3318 3319
f 3318 3322 3323
f 2232 3324 1936
f 303 3325 301
f 3325 3326 3327
f 303 3326 3325
f 1936 3326 303
f 1936 3328 3326
f 3328 1936 3324
f 3327 3326 3329
f 128 3330 236
f 3330 128 3331
f 202 876 193
f 876 202 3332
f 3333 85 877
f 85 3333 83
f 3334 132 3335
f 132 3334 130
f 3334 128 130
f 128 3334 3331
f 3333 876 3332
f 876 3333 877
f 3334 3330 3331
f 3330 3334 3335
f 133 878 134
f 878 133 3336
f 3337 139 879
f 139 3337 137
f 3337 133 137
f 133 3337 3336
f 3337 878 3336
f 878 3337 879
f 169 3338 864
f 169 3339 3338
f 169 3340 3339
f 158 3340 169
f 158 3341 3340
f 3341 158 3342
f 3343 173 865
f 173 3343 171
f 3343 158 171
f 158 3343 3342
f 3343 3341 3342
f 865 3344 3343
f 3341 3343 3344
f 865 3338 3345
f 3344 865 3345
f 3338 865 864
f 274 3346 870
f 279 3346 274
f 3347 3346 279
f 3346 3347 3348
f 55 3349 56
f 3349 55 3350
f 3351 44 871
f 44 3351 45
f 3352 58 3353
f 58 3352 175
f 3352 55 175
f 55 3352 3350
f 3351 870 3346
f 870 3351 871
f 3352 3349 3350
f 3349 3352 3353
f 59 3354 60
f 3354 59 3355
f 48 882 43
f 882 48 3356
f 3357 34 883
f 34 3357 35
f 3358 61 3359
f 61 3358 176
f 3358 59 176
f 59 3358 3355
f 3357 882 3356
f 882 3357 883
f 3358 3354 3355
f 3354 3358 3359
f 62 3360 63
f 3360 62 3361
f 37 884 33
f 884 37 3362
f 3363 24 885
f 24 3363 25
f 3364 64 3365
f 64 3364 177
f 3364 62 177
f 62 3364 3361
f 3363 884 3362
f 884 3363 885
f 3364 3360 3361
f 3360 3364 3365
f 65 3366 66
f 3366 65 3367
f 27 872 23
f 872 27 3368
f 3369 14 873
f 14 3369 15
f 3370 67 3371
f 67 3370 178
f 3370 65 178
f 65 3370 3367
f 3369 872 3368
f 872 3369 873
f 3370 3366 3367
f 3366 3370 3371
f 3372 3373 3374
f 3373 3372 3375
f 68 3376 69
f 3376 68 3377
f 17 874 13
f 874 17 3373
f 3378 7 875
f 7 3378 8
f 3379 181 3380
f 181 3379 179
f 3379 68 179
f 68 3379 3377
f 3377 3381 3376
f 3380 3381 3379
f 3379 3381 3377
f 3382 3373 3375
f 3382 3375 3383
f 3384 3383 3375
f 3384 3380 3383
f 3381 3380 3384
f 3378 3373 3382
f 3373 3378 875
f 3373 875 874
f 182 880 3
f 880 182 3385
f 3386 1 881
f 1 3386 184
f 3386 182 184
f 182 3386 3385
f 3386 880 3385
f 880 3386 881
f 2767 448 447
f 448 2767 2769
f 448 2768 445
f 2768 448 2769
f 2767 443 2770
f 443 2767 447
f 455 3168 453
f 3168 455 3167
f 1175 3387 1173
f 3387 1175 3388
f 1371 935 937
f 935 1371 3389
f 3390 934 936
f 934 3390 1248
f 3391 1247 3392
f 1247 3391 1370
f 1175 3391 3388
f 3391 1175 1370
f 935 3390 936
f 3390 935 3389
f 3387 3391 3392
f 3391 3387 3388
f 1184 3393 1182
f 3393 1184 3394
f 1242 895 897
f 895 1242 3395
f 3396 894 896
f 894 3396 1235
f 3397 1186 3398
f 1186 3397 1369
f 1184 3397 3394
f 3397 1184 1369
f 895 3396 896
f 3396 895 3395
f 3393 3397 3398
f 3397 3393 3394
f 1187 3399 1185
f 3399 1187 3400
f 1234 899 901
f 899 1234 3401
f 3402 898 900
f 898 3402 1227
f 3403 1189 3404
f 1189 3403 1368
f 1187 3403 3400
f 3403 1187 1368
f 899 3402 900
f 3402 899 3401
f 3399 3403 3404
f 3403 3399 3400
f 1190 3405 1188
f 3405 1190 3406
f 1226 939 941
f 939 1226 3407
f 3408 938 940
f 938 3408 1202
f 3409 1192 3410
f 1192 3409 1366
f 1190 3409 3406
f 3409 1190 1366
f 939 3408 940
f 3408 939 3407
f 3405 3409 3410
f 3409 3405 3406
f 1193 3411 1191
f 3411 1193 3412
f 1201 915 917
f 915 1201 3413
f 3414 914 916
f 914 3414 1219
f 3415 1365 3416
f 1365 3415 1364
f 1193 3415 3412
f 3415 1193 1364
f 915 3414 916
f 3414 915 3413
f 3411 3415 3416
f 3415 3411 3412
f 1363 3417 1204
f 3417 1363 3418
f 1216 919 921
f 919 1216 3419
f 3420 3421 3422
f 3422 918 920
f 3423 3422 3421
f 3422 3423 918
f 1362 3423 3424
f 3423 1362 918
f 1363 3424 3418
f 3424 1363 1362
f 919 3422 920
f 3422 919 3419
f 3417 3424 3423
f 3424 3417 3418
f 1358 891 893
f 891 1358 3425
f 3426 890 892
f 890 3426 1357
f 1358 3426 3425
f 3426 1358 1357
f 891 3426 892
f 3426 891 3425
f 1352 903 905
f 903 1352 3427
f 3428 902 904
f 902 3428 1351
f 1352 3428 3427
f 3428 1352 1351
f 903 3428 904
f 3428 903 3427
f 1275 927 929
f 927 1275 3429
f 3430 926 928
f 926 3430 1285
f 927 3430 928
f 3430 927 3429
f 1284 931 933
f 931 1284 3431
f 3432 930 932
f 930 3432 1295
f 931 3432 932
f 3432 931 3431
f 1294 907 909
f 907 1294 3433
f 3434 906 908
f 906 3434 1305
f 907 3434 908
f 3434 907 3433
f 376 3435 425
f 2034 3435 376
f 2513 3435 2034
f 3435 2513 3436
f 3436 2513 2502
f 3437 2034 2301
f 3438 2034 3437
f 2034 3438 2513
f 1304 911 913
f 911 1304 3439
f 3440 910 912
f 910 3440 1376
f 911 3440 912
f 3440 911 3439
f 1323 923 925
f 923 1323 3441
f 3442 922 924
f 922 3442 1337
f 1323 3442 3441
f 3442 1323 1337
f 923 3442 924
f 3442 923 3441
f 3174 530 526
f 530 3174 3175
f 3171 530 3175
f 530 3171 529
f 528 3174 526
f 3174 528 3173
f 446 1645 444
f 1645 446 2771
f 183 443 73
f 443 183 2770
f 3168 454 453
f 454 3168 1172
f 440 3291 439
f 3291 440 1378
f 3294 186 442
f 186 3294 114
f 3291 441 439
f 441 3291 3295
f 1406 532 3172
f 532 1406 531
f 1334 528 533
f 528 1334 3173
f 3443 1786 1789
f 1786 3443 3444
f 1877 1786 2780
f 1785 1784 2786
f 1783 1782 2792
f 1781 1780 2798
f 2799 1823 1824
f 1823 2799 3445
f 2798 3445 2799
f 2793 2798 1780
f 2793 3445 2798
f 2792 3445 2793
f 2787 2792 1782
f 2787 3445 2792
f 3444 2787 2786
f 2781 2786 1784
f 3444 2786 2781
f 3444 2781 2780
f 2787 3444 3445
f 3444 2780 1786
f 3445 1848 1823
f 1848 3445 3446
f 3447 3445 3444
f 3445 3448 3449
f 3445 3450 3448
f 3445 3451 3450
f 3445 3452 3451
f 3445 3453 3452
f 3445 3454 3453
f 3445 3455 3454
f 3445 3456 3455
f 3445 3457 3456
f 3445 3447 3457
f 3444 3458 3447
f 3444 3459 3458
f 3444 3460 3459
f 3443 3460 3444
f 3461 3443 3462
f 3460 3443 3461
f 3463 3445 3449
f 3464 3445 3463
f 3465 3445 3464
f 3466 3445 3465
f 3467 3445 3466
f 3468 3445 3467
f 3469 3445 3468
f 3470 3445 3469
f 3471 3445 3470
f 3472 3445 3471
f 3473 3445 3472
f 3474 3473 3475
f 3474 3475 3476
f 3474 3476 3477
f 3473 3474 3445
f 3446 3474 3462
f 3474 3446 3445
f 3446 3462 3443
f 3459 3460 3478
f 3460 2583 2584
f 2583 3460 3461
f 3479 3480 3481
f 3480 3479 3482
f 3483 3481 3478
f 3481 3483 3479
f 3483 3484 2618
f 3478 3484 3483
f 3478 3485 3484
f 3485 3486 2616
f 3460 3485 3478
f 3485 3460 3486
f 3486 3460 3487
f 2584 3487 3460
f 3487 2584 2585
f 3488 3489 3474
f 3490 3474 3491
f 3491 3474 3492
f 3474 3493 3492
f 3474 3494 3493
f 3494 3474 3477
f 3495 3474 3490
f 3488 3474 3495
f 3496 3489 3488
f 3497 3489 3496
f 3489 3497 3498
f 3499 3498 3497
f 3500 3498 3499
f 3501 3498 3500
f 3502 3498 3501
f 3503 3498 3502
f 3504 3498 3503
f 3505 3498 3504
f 3506 3498 3505
f 3498 3506 2620
f 3507 2620 3506
f 3508 2620 3507
f 3479 3508 3509
f 3479 3509 3510
f 3479 3510 3511
f 3479 3511 3512
f 3479 3513 3514
f 3479 3515 3482
f 3515 3479 3514
f 3513 3479 3512
f 3508 3479 2621
f 3508 2621 2620
f 2618 3484 2619
f 2616 3486 2617
f 3462 3489 3516
f 3489 3462 3474
f 3517 2397 2240
f 3518 2397 3517
f 3516 2397 3518
f 2397 3516 551
f 3489 551 3516
f 551 3489 549
f 2582 2583 3519
f 2599 2598 3520
f 2601 2600 3521
f 2603 2602 3522
f 3522 3462 3516
f 3523 3522 2602
f 3522 3523 3462
f 3521 3462 3523
f 3524 3521 2600
f 3521 3524 3462
f 3461 3524 3520
f 3525 3520 2598
f 3461 3520 3525
f 3461 3525 3519
f 3461 3519 2583
f 3524 3461 3462
f 3526 1790 1791
f 1790 3526 3527
f 1880 1790 2774
f 2775 1788 1787
f 1788 2775 3528
f 3527 2775 2774
f 2775 3527 3528
f 3527 2774 1790
f 3528 1709 1788
f 1709 3528 3529
f 3529 2776 1709
f 3526 2776 3529
f 2776 3526 2773
f 1791 2773 3526
f 2773 1791 1793
f 1709 2776 1707
f 3526 3528 3527
f 3528 3526 3529
f 1825 1826 2802
f 2805 1778 1777
f 1778 2805 3530
f 3531 2805 2802
f 2805 3531 3530
f 3531 2802 1826
f 3530 1702 1778
f 1702 3530 3532
f 3532 2806 1702
f 3533 2806 3532
f 2806 3533 2804
f 1849 2804 3533
f 2804 1849 1851
f 1702 2806 1700
f 3533 3530 3531
f 3530 3533 3532
f 3534 1708 1710
f 1708 3534 3535
f 1789 1708 3443
f 3446 1850 1848
f 1850 3446 3536
f 3443 3536 3446
f 3443 3535 3536
f 3535 3443 1708
f 3536 1692 1850
f 1692 3536 3537
f 3537 2800 1692
f 3537 2797 2800
f 2797 2794 1657
f 3537 2794 2797
f 3537 2791 2794
f 2791 2788 1653
f 3537 2788 2791
f 3534 2788 3537
f 2785 2782 1649
f 2788 3534 2785
f 2785 3534 2782
f 2782 3534 2779
f 1710 2779 3534
f 2779 1710 1713
f 1692 2800 1690
f 1657 2794 1658
f 1653 2788 1654
f 1649 2782 1650
f 3534 3536 3535
f 3536 3534 3537
f 3538 1776 1779
f 1776 3538 3539
f 1878 1776 2810
f 1775 1774 2816
f 1773 1772 2822
f 1771 1770 2828
f 2829 1766 1767
f 1766 2829 3540
f 2828 3540 2829
f 2823 2828 1770
f 2823 3540 2828
f 2822 3540 2823
f 2817 2822 1772
f 2817 3540 2822
f 3539 2817 2816
f 2811 2816 1774
f 3539 2816 2811
f 3539 2811 2810
f 2817 3539 3540
f 3539 2810 1776
f 3540 1844 1766
f 1844 3540 3541
f 3539 3542 3540
f 3538 3542 3539
f 3543 3538 3544
f 3542 3538 3543
f 3545 3540 3542
f 3541 3545 3544
f 3545 3541 3540
f 3541 3544 3538
f 3542 2587 2588
f 2587 3542 3543
f 3545 3546 3547
f 3546 3548 2626
f 3545 3548 3546
f 3545 3549 3548
f 3549 3550 2624
f 3545 3550 3549
f 3542 3550 3545
f 3551 3552 2622
f 3550 3542 3551
f 3551 3542 3552
f 3552 3542 3553
f 2588 3553 3542
f 3553 2588 2589
f 2626 3548 2627
f 2624 3550 2625
f 2622 3552 2623
f 3544 3547 3554
f 3547 3544 3545
f 3555 2391 2354
f 3556 2391 3555
f 3554 2391 3556
f 2391 3554 566
f 3547 566 3554
f 566 3547 564
f 2586 2587 3557
f 2605 2604 3558
f 2607 2606 3559
f 2609 2608 3560
f 3560 3544 3554
f 3561 3560 2608
f 3560 3561 3544
f 3559 3544 3561
f 3562 3559 2606
f 3559 3562 3544
f 3543 3562 3558
f 3563 3558 2604
f 3543 3558 3563
f 3543 3563 3557
f 3543 3557 2587
f 3562 3543 3544
f 3533 1826 1849
f 1826 3533 3531
f 3564 1769 1845
f 1769 3564 3565
f 1768 1769 2834
f 2835 1750 1751
f 1750 2835 3566
f 3565 2835 2834
f 2835 3565 3566
f 3565 2834 1769
f 3566 1719 1750
f 1719 3566 3567
f 3567 2836 1719
f 3564 2836 3567
f 2836 3564 2833
f 1845 2833 3564
f 2833 1845 1847
f 1719 2836 1717
f 3564 3566 3565
f 3566 3564 3567
f 3568 1701 1703
f 1701 3568 3569
f 1779 1701 3538
f 3541 1846 1844
f 1846 3541 3570
f 3538 3570 3541
f 3538 3569 3570
f 3569 3538 1701
f 3570 1716 1846
f 1716 3570 3571
f 3571 2830 1716
f 3571 2827 2830
f 2827 2824 1669
f 3571 2824 2827
f 3571 2821 2824
f 2821 2818 1665
f 3571 2818 2821
f 3568 2818 3571
f 2815 2812 1661
f 2818 3568 2815
f 2815 3568 2812
f 2812 3568 2809
f 1703 2809 3568
f 2809 1703 1706
f 1716 2830 1714
f 1669 2824 1670
f 1665 2818 1666
f 1661 2812 1662
f 3568 3570 3569
f 3570 3568 3571
f 3572 1735 1738
f 1735 3572 3573
f 1879 1735 3085
f 1734 1733 3091
f 1732 1731 3097
f 1730 1729 3103
f 1728 1727 3109
f 3110 1723 1724
f 1723 3110 3574
f 3109 3574 3110
f 3104 3109 1727
f 3104 3574 3109
f 3103 3574 3104
f 3098 3103 1729
f 3098 3574 3103
f 3097 3574 3098
f 3092 3097 1731
f 3092 3574 3097
f 3573 3092 3091
f 3086 3091 1733
f 3573 3091 3086
f 3573 3086 3085
f 3092 3573 3574
f 3573 3085 1735
f 1723 3575 1840
f 1723 3576 3575
f 1723 3577 3576
f 1723 3578 3577
f 3574 3578 1723
f 3578 3574 3579
f 3579 3574 3580
f 3581 1840 3575
f 3582 1840 3581
f 3583 1840 3582
f 3584 1840 3583
f 3585 3584 3586
f 3585 3586 3587
f 3584 3585 1840
f 3588 3589 3590
f 3588 3591 3589
f 3588 3592 3591
f 3588 3593 3592
f 3588 3594 3593
f 3588 3595 3594
f 3588 3596 3595
f 3588 3597 3596
f 3597 3588 3598
f 3573 3599 3574
f 3572 3599 3573
f 3600 3572 3601
f 3599 3572 3600
f 3588 3574 3599
f 3602 3588 3590
f 3603 3588 3602
f 3604 3588 3603
f 3605 3588 3604
f 3606 3588 3605
f 3607 3588 3606
f 3608 3588 3607
f 3609 3588 3608
f 3610 3588 3609
f 3611 3588 3610
f 3612 3588 3611
f 3613 3588 3612
f 3588 3613 3574
f 3614 3574 3613
f 3615 3574 3614
f 3616 3574 3615
f 3617 3574 3616
f 3618 3574 3617
f 3619 3574 3618
f 3574 3619 3580
f 3601 3620 3621
f 3601 3622 3623
f 3624 3601 3625
f 3626 3601 3624
f 3627 3601 3626
f 3628 3601 3627
f 3622 3601 3628
f 3620 3601 3623
f 3601 3621 3629
f 3630 3587 3631
f 3601 3632 3633
f 3601 3634 3625
f 3601 3633 3634
f 3632 3601 3635
f 3601 3636 3635
f 3601 3637 3636
f 3601 3638 3637
f 3601 3639 3638
f 3601 3640 3639
f 3601 3641 3640
f 3601 3642 3641
f 3601 3643 3642
f 3585 3643 3601
f 3643 3585 3644
f 3644 3585 3645
f 3645 3585 3646
f 3646 3585 3647
f 3630 3585 3587
f 3647 3585 3630
f 3585 3601 3572
f 3599 2591 2592
f 2591 3599 3600
f 3588 3648 2594
f 3588 3649 3648
f 3649 3650 2632
f 3588 3650 3649
f 3588 3651 3650
f 3651 3652 2630
f 3599 3651 3588
f 3651 3599 3652
f 3653 3654 2628
f 3652 3599 3653
f 3653 3599 3654
f 3654 3599 3655
f 2592 3655 3599
f 3655 2592 2593
f 2594 3648 2597
f 2632 3650 2633
f 2630 3652 2631
f 2628 3654 2629
f 3656 2595 3657
f 2595 3658 3657
f 2595 3659 3658
f 2595 3660 3659
f 2595 3661 3660
f 2595 3662 3661
f 2595 3663 3662
f 2595 3664 3663
f 3601 3664 2595
f 3664 3601 3665
f 3665 3601 3666
f 3666 3601 3667
f 3667 3601 3668
f 3668 3601 3669
f 3669 3601 3670
f 3670 3601 3671
f 3671 3601 3672
f 3672 3601 3673
f 3673 3601 3674
f 3674 3601 3675
f 3675 3601 3676
f 3676 3601 3629
f 3677 2595 3656
f 3678 2595 3677
f 2595 3678 2594
f 3679 2594 3678
f 3680 2594 3679
f 3681 2594 3680
f 3682 2594 3681
f 3683 2594 3682
f 3684 2594 3683
f 3685 2594 3684
f 3686 2594 3685
f 3687 2594 3686
f 3688 2594 3687
f 3588 3688 3689
f 3588 3689 3690
f 3588 3690 3691
f 3588 3691 3692
f 3588 3692 3693
f 3588 3693 3694
f 3588 3694 3695
f 3588 3695 3598
f 3688 3588 2594
f 2590 2591 3696
f 2611 2610 3697
f 2613 2612 3698
f 2615 2614 3699
f 3700 2595 2596
f 2595 3700 3601
f 3699 3601 3700
f 3701 3699 2614
f 3699 3701 3601
f 3698 3601 3701
f 3702 3698 2612
f 3600 3698 3702
f 3600 3702 3697
f 3703 3697 2610
f 3600 3697 3703
f 3600 3703 3696
f 3600 3696 2591
f 3698 3600 3601
f 3704 1739 1740
f 1739 3704 3705
f 1881 1739 3079
f 3080 1737 1736
f 1737 3080 3706
f 3705 3080 3079
f 3080 3705 3706
f 3705 3079 1739
f 3706 1695 1737
f 1695 3706 3707
f 3707 3081 1695
f 3704 3081 3707
f 3081 3704 3078
f 1740 3078 3704
f 3078 1740 1743
f 1695 3081 1693
f 3704 3706 3705
f 3706 3704 3707
f 3708 1726 1841
f 1726 3708 3709
f 1725 1726 3115
f 3115 3129 3116
f 3115 3709 3129
f 3709 3115 1726
f 3136 3114 3133
f 3708 3114 3136
f 1841 3114 3708
f 3114 1841 1843
f 3709 3131 3129
f 3709 3710 3131
f 3709 3711 3710
f 3709 3712 3711
f 3709 3713 3712
f 3709 3714 3713
f 3709 3715 3714
f 3708 3715 3709
f 3715 3708 3716
f 3716 3708 3717
f 3717 3708 3718
f 3718 3708 3719
f 3708 3720 3721
f 3719 3708 3722
f 3708 3723 3722
f 3708 3724 3723
f 3708 3725 3724
f 3708 3721 3725
f 3136 3720 3708
f 3720 3136 3726
f 3726 3136 3727
f 3727 3136 3728
f 3728 3136 3729
f 3729 3136 3138
f 3730 1694 1696
f 1694 3730 3731
f 1738 1694 3572
f 3585 1842 1840
f 1842 3585 3732
f 3572 3732 3585
f 3572 3731 3732
f 3731 3572 1694
f 3732 1722 1842
f 1722 3732 3733
f 3733 3111 1722
f 3733 3108 3111
f 3108 3105 1685
f 3733 3105 3108
f 3733 3102 3105
f 3102 3099 1681
f 3733 3099 3102
f 3733 3096 3099
f 3096 3093 1677
f 3730 3096 3733
f 3096 3730 3093
f 3090 3087 1673
f 3093 3730 3090
f 3090 3730 3087
f 3087 3730 3084
f 1696 3084 3730
f 3084 1696 1699
f 1722 3111 1720
f 1685 3105 1686
f 1681 3099 1682
f 1677 3093 1678
f 1673 3087 1674
f 3730 3732 3731
f 3732 3730 3733
f 3348 3351 3346
f 3351 3348 3356
f 3356 3348 3357
f 3357 3348 3362
f 3362 3348 3363
f 3374 3363 3348
f 3363 3374 3368
f 3368 3374 3369
f 3369 3374 3373
f 3351 48 45
f 48 3351 3356
f 3357 37 35
f 37 3357 3362
f 3363 27 25
f 27 3363 3368
f 3369 17 15
f 17 3369 3373
f 3734 3347 3735
f 3347 3736 3735
f 3736 3372 3737
f 3372 3736 3347
f 3347 3734 3348
f 3737 3348 3734
f 3737 3374 3348
f 3374 3737 3372
f 3735 1939 3734
f 1939 3735 1938
f 1944 3738 1945
f 3737 3739 3738
f 3739 3737 3740
f 3734 3740 3737
f 3741 3734 3742
f 3740 3734 3741
f 3737 3738 1944
f 3739 2004 2005
f 2004 3739 3740
f 3741 2006 2007
f 2006 3741 3742
f 3743 1939 1940
f 3742 3734 3743
f 3743 3734 1939
f 1946 3737 1944
f 3737 1946 3736
f 1938 3744 1943
f 3735 3745 3744
f 3745 3735 3746
f 3746 3735 3747
f 3736 3747 3735
f 3747 3736 3748
f 3735 3744 1938
f 3745 1962 1964
f 1962 3745 3746
f 3747 1958 1960
f 1958 3747 3748
f 3749 1946 1948
f 3748 3736 3749
f 3749 3736 1946
f 172 3750 273
f 3750 172 3751
f 3750 278 273
f 278 3750 3752
f 3753 278 3752
f 278 3753 284
f 3753 172 284
f 172 3753 3751
f 3751 3754 3750
f 3751 3755 3754
f 3751 3756 3755
f 3751 3757 3756
f 3751 3758 3757
f 3751 3759 3758
f 3751 3760 3759
f 3753 3760 3751
f 3760 3753 3761
f 3761 3753 3762
f 3762 3753 3763
f 3763 3753 3764
f 3765 3753 3766
f 3764 3753 3765
f 3767 3750 3754
f 3768 3750 3767
f 3769 3750 3768
f 3770 3750 3769
f 3771 3750 3770
f 3772 3750 3771
f 3773 3750 3772
f 3752 3773 3774
f 3752 3774 3775
f 3752 3775 3776
f 3752 3776 3777
f 3752 3766 3753
f 3773 3752 3750
f 3766 3752 3777
f 3383 3778 3382
f 3778 3383 3779
f 3382 3778 3378
f 3378 6 8
f 3780 3378 3778
f 3378 3780 6
f 3781 6 3780
f 6 3781 180
f 180 3380 181
f 3781 3380 180
f 3779 3380 3781
f 3380 3779 3383
f 3781 3778 3779
f 3778 3781 3780
f 54 3782 283
f 3782 54 3783
f 283 3347 279
f 3347 3782 3372
f 3782 3347 283
f 3372 3384 3375
f 3372 3784 3384
f 3784 3372 3782
f 3785 3384 3784
f 3384 3785 3381
f 3785 3376 3381
f 3376 3785 3371
f 3371 3785 3366
f 3366 3785 3365
f 3365 3785 3360
f 3783 3360 3785
f 3360 3783 3359
f 3359 3783 3354
f 3354 3783 3353
f 3376 67 69
f 67 3376 3371
f 3366 64 66
f 64 3366 3365
f 3360 61 63
f 61 3360 3359
f 3354 58 60
f 58 3354 3353
f 3349 54 56
f 3349 3783 54
f 3353 3783 3349
f 3785 3782 3783
f 3782 3785 3784
f 88 3786 86
f 3786 88 3787
f 86 3308 106
f 3786 3309 3308
f 3309 3786 3314
f 3314 3786 3315
f 3788 3315 3786
f 3315 3788 3320
f 3321 3788 3332
f 3320 3788 3321
f 3786 3308 86
f 3309 227 221
f 227 3309 3314
f 3315 218 211
f 218 3315 3320
f 3321 202 195
f 202 3321 3332
f 3333 84 83
f 3333 3788 84
f 3332 3788 3333
f 3789 84 3788
f 84 3789 79
f 3790 3787 3791
f 3787 3329 3791
f 3329 3789 3327
f 3789 3329 3787
f 3787 3790 3786
f 3327 3786 3790
f 3327 3788 3786
f 3788 3327 3789
f 3791 1951 3790
f 1951 3791 1950
f 3327 3792 3325
f 3792 3327 3793
f 3793 3327 3794
f 3794 3327 3795
f 3790 3795 3327
f 3795 3790 3796
f 3796 3790 3797
f 3792 2008 2009
f 2008 3792 3793
f 3794 2010 2011
f 2010 3794 3795
f 3796 2012 2013
f 2012 3796 3797
f 3798 1951 1952
f 3797 3790 3798
f 3798 3790 1951
f 1950 3799 1955
f 3791 3800 3799
f 3800 3791 3801
f 3801 3791 3802
f 3329 3802 3791
f 3802 3329 3803
f 3804 3329 3805
f 3791 3799 1950
f 3803 3329 3804
f 3805 3329 3326
f 3800 2000 2002
f 2000 3800 3801
f 3802 1996 1998
f 1996 3802 3803
f 3804 1992 1994
f 1992 3804 3805
f 116 3806 95
f 3806 116 3807
f 95 3298 96
f 3806 3298 95
f 3808 3298 3806
f 3298 3808 3305
f 3809 3305 3808
f 3305 3809 3304
f 3304 3809 3296
f 3296 116 192
f 3296 3807 116
f 3807 3296 3809
f 3809 3806 3807
f 3806 3809 3808
f 80 3810 78
f 3810 80 3811
f 3810 135 78
f 135 3810 3812
f 3813 135 3812
f 135 3813 82
f 3813 80 82
f 80 3813 3811
f 3813 3810 3811
f 3810 3813 3812
f 3302 3814 3303
f 3814 3302 3815
f 3814 3299 3303
f 3787 3814 3789
f 3299 3814 3787
f 3299 88 87
f 88 3299 3787
f 3789 81 79
f 3789 3816 81
f 3816 3789 3814
f 3817 81 3816
f 81 3817 131
f 131 3335 132
f 3817 3330 3335
f 3330 3817 3323
f 3323 3817 3318
f 3318 3817 3317
f 3815 3317 3817
f 3317 3815 3312
f 3312 3815 3311
f 3306 3815 3301
f 3817 3335 131
f 3311 3815 3306
f 3301 3815 3302
f 3330 129 236
f 129 3330 3323
f 3318 126 234
f 126 3318 3317
f 3312 123 232
f 123 3312 3311
f 3306 120 230
f 120 3306 3301
f 3817 3814 3815
f 3814 3817 3816
f 1494 3818 3819
f 3818 1494 1496
f 3819 3258 1494
f 3819 3259 3258
f 3259 3264 1492
f 3819 3264 3259
f 3819 3265 3264
f 3265 3270 1490
f 3819 3270 3265
f 3819 3271 3270
f 3271 3276 1488
f 3820 3271 3819
f 3271 3820 3276
f 3277 3284 1486
f 3276 3820 3277
f 3277 3820 3284
f 3284 3820 3285
f 1474 3285 3820
f 3285 1474 1554
f 1494 3258 1567
f 1492 3264 1493
f 1490 3270 1491
f 1488 3276 1489
f 1486 3284 1487
f 1472 3820 3821
f 3820 1472 1474
f 3819 3822 3820
f 3818 3822 3819
f 3823 3818 3280
f 3822 3818 3823
f 3281 3820 3822
f 3821 3281 3280
f 3281 3821 3820
f 3821 3280 3818
f 3824 3822 3823
f 3822 3824 3825
f 2119 3824 2117
f 3824 2119 3826
f 3827 2119 2378
f 2119 3827 3826
f 323 3825 355
f 3825 323 2125
f 2115 2110 3828
f 2173 2172 3829
f 2175 2174 3830
f 2177 2176 3831
f 3832 3825 2125
f 3832 2125 2124
f 3825 3832 3822
f 3831 3822 3832
f 3833 3831 2176
f 3831 3833 3822
f 3830 3822 3833
f 3834 3830 2174
f 3281 3830 3834
f 3281 3834 3829
f 3835 3829 2172
f 3281 3829 3835
f 3281 3835 3828
f 3281 3828 2110
f 3830 3281 3822
f 3836 3824 3823
f 3824 3836 2117
f 3823 3837 3836
f 3837 3838 2137
f 3823 3838 3837
f 3823 3839 3838
f 3839 3840 2133
f 3280 3839 3823
f 3839 3280 3840
f 3841 3842 2129
f 3840 3280 3841
f 3841 3280 3842
f 3842 3280 3843
f 2111 3843 3280
f 3843 2111 2114
f 2117 3836 2118
f 2137 3838 2138
f 2133 3840 2134
f 2129 3842 2130
f 1497 3844 3845
f 3844 1497 1498
f 3845 3248 1497
f 3846 3248 3845
f 3248 3846 3255
f 1497 3248 1569
f 3253 3846 3847
f 3846 3253 3255
f 3247 1498 1499
f 1498 3247 3844
f 3847 3247 3253
f 3247 3847 3844
f 3844 3846 3845
f 3846 3844 3847
f 1473 3848 3849
f 3848 1473 1476
f 3850 1473 3849
f 1473 3850 1555
f 1556 3850 3851
f 3850 1556 1555
f 1556 3848 1476
f 3848 1556 3851
f 3848 3850 3849
f 3850 3848 3851
f 3252 3852 3853
f 3852 3252 3254
f 3853 3249 3252
f 1496 3249 3818
f 3853 3818 3249
f 3853 3821 3818
f 3854 3821 3853
f 1475 3821 3854
f 3821 1475 1472
f 3249 1496 1495
f 1404 3854 3855
f 3854 1404 1475
f 1402 1404 3286
f 1400 1399 3278
f 1396 1395 3272
f 1392 1391 3266
f 1388 1387 3260
f 1384 1383 3250
f 3250 3852 3254
f 3257 3250 1383
f 3250 3257 3852
f 3260 3852 3257
f 3263 3260 1387
f 3260 3263 3852
f 3266 3852 3263
f 3269 3266 1391
f 3269 3852 3266
f 3855 3269 3272
f 3275 3272 1395
f 3855 3272 3275
f 3855 3275 3278
f 3283 3278 1399
f 3855 3278 3283
f 3855 3283 3286
f 3269 3855 3852
f 3855 3286 1404
f 3852 3854 3853
f 3854 3852 3855
f 1546 3856 3857
f 3856 1546 1548
f 3857 3190 1546
f 3857 3191 3190
f 3191 3196 1544
f 3857 3196 3191
f 3857 3197 3196
f 3197 3202 1542
f 3857 3202 3197
f 3857 3203 3202
f 3203 3208 1540
f 3858 3203 3857
f 3203 3858 3208
f 3209 3214 1538
f 3208 3858 3209
f 3209 3858 3214
f 3214 3858 3215
f 1479 3215 3858
f 3215 1479 1536
f 1546 3190 1566
f 1544 3196 1545
f 1542 3202 1543
f 1540 3208 1541
f 1538 3214 1539
f 1477 3858 3859
f 3858 1477 1479
f 3857 3860 3858
f 3856 3860 3857
f 3861 3856 3862
f 3860 3856 3861
f 3863 3858 3860
f 3859 3863 3862
f 3863 3859 3858
f 3859 3862 3856
f 3864 3860 3861
f 3860 3864 3865
f 2123 3864 2121
f 3864 2123 3866
f 3867 2123 2294
f 2123 3867 3866
f 392 3865 431
f 3865 392 2127
f 2183 2182 3868
f 2185 2184 3869
f 2187 2186 3870
f 2189 2188 3871
f 3872 3865 2127
f 3872 2127 2126
f 3865 3872 3860
f 3871 3860 3872
f 3873 3871 2188
f 3871 3873 3860
f 3870 3860 3873
f 3874 3870 2186
f 3870 3874 3860
f 3863 3874 3869
f 3875 3869 2184
f 3863 3869 3875
f 3863 3875 3868
f 3876 3868 2182
f 3863 3868 3876
f 3863 3876 3877
f 3874 3863 3860
f 408 3877 436
f 3877 408 3878
f 3878 408 2153
f 3878 2153 3879
f 3880 2153 2251
f 2153 3880 3879
f 3877 3862 3863
f 3862 3877 3878
f 3881 3864 3861
f 3864 3881 2121
f 3861 3882 3881
f 3882 3883 2167
f 3861 3883 3882
f 3861 3884 3883
f 3884 3885 2163
f 3861 3885 3884
f 3862 3885 3861
f 3886 3887 2159
f 3885 3862 3886
f 3886 3862 3887
f 3888 3889 2155
f 3887 3862 3888
f 3888 3862 3889
f 3889 3862 3878
f 2121 3881 2122
f 2167 3883 2168
f 2163 3885 2164
f 2159 3887 2160
f 2155 3889 2156
f 1563 3890 3891
f 3890 1563 1564
f 3891 3180 1563
f 3892 3180 3891
f 3180 3892 3187
f 1563 3180 1568
f 3185 3892 3893
f 3892 3185 3187
f 3179 1564 1565
f 1564 3179 3890
f 3893 3179 3185
f 3179 3893 3890
f 3890 3892 3891
f 3892 3890 3893
f 1478 3894 3895
f 3894 1478 1480
f 3895 3220 1478
f 3895 3221 3220
f 3896 3221 3895
f 1533 3221 3896
f 3221 1533 1534
f 1478 3220 1537
f 1431 3896 3897
f 3896 1431 1533
f 1429 1431 3222
f 3219 1480 1482
f 1480 3219 3894
f 3222 3894 3219
f 3222 3897 3894
f 3897 3222 1431
f 3894 3896 3895
f 3896 3894 3897
f 3184 3898 3899
f 3898 3184 3186
f 3899 3181 3184
f 1548 3181 3856
f 3899 3856 3181
f 3899 3859 3856
f 3900 3859 3899
f 1481 3859 3900
f 3859 1481 1477
f 3181 1548 1547
f 1483 3900 3901
f 3900 1483 1481
f 1571 1483 3216
f 1427 1426 3210
f 1423 1422 3204
f 1419 1418 3198
f 1415 1414 3192
f 1411 1410 3182
f 3182 3898 3186
f 3189 3182 1410
f 3182 3189 3898
f 3192 3898 3189
f 3195 3192 1414
f 3192 3195 3898
f 3198 3898 3195
f 3201 3198 1418
f 3201 3898 3198
f 3204 3898 3201
f 3207 3204 1422
f 3901 3204 3207
f 3901 3207 3210
f 3213 3210 1426
f 3901 3210 3213
f 3901 3213 3216
f 3204 3901 3898
f 3901 3216 1483
f 3898 3900 3899
f 3900 3898 3901
f 1529 3902 3903
f 3902 1529 1408
f 3903 3228 1529
f 3903 3229 3228
f 3229 3230 1527
f 3903 3230 3229
f 3903 3231 3230
f 3231 3232 1525
f 3903 3232 3231
f 3904 3232 3903
f 3233 3234 1523
f 3232 3904 3233
f 3233 3904 3234
f 3234 3904 3235
f 1432 3235 3904
f 3235 1432 1500
f 1529 3228 1570
f 1527 3230 1528
f 1525 3232 1526
f 1523 3234 1524
f 1381 3904 3905
f 3904 1381 1432
f 1381 3902 1408
f 3902 1381 3905
f 3903 3906 3904
f 3903 2406 3906
f 2406 3902 2449
f 3902 2406 3903
f 3907 3904 3906
f 2449 3904 3907
f 2449 3905 3904
f 3905 2449 3902
f 2109 3906 2406
f 3906 2109 2106
f 2105 2102 3908
f 2179 2178 3909
f 2181 2180 3910
f 3911 2106 3912
f 2106 3913 3912
f 2106 3914 3913
f 2106 3915 3914
f 2106 3916 3915
f 2106 3917 3916
f 2106 3918 3917
f 2107 3918 2106
f 3919 3920 3921
f 3922 3920 3919
f 3920 3922 2107
f 3923 2107 3922
f 3924 2107 3923
f 3918 2107 3924
f 2106 3911 3906
f 3925 3906 3911
f 3926 3906 3925
f 3927 3906 3926
f 3928 3906 3927
f 3929 3906 3928
f 3930 3906 3929
f 3931 3906 3930
f 3921 3920 3932
f 3932 3920 3933
f 3910 3933 3920
f 3933 3910 3934
f 3934 3910 3935
f 3936 3935 3910
f 3935 3936 3931
f 3936 3910 2180
f 3931 3936 3906
f 3909 3906 3936
f 3937 3909 2178
f 3907 3909 3937
f 3907 3937 3908
f 3907 3908 2102
f 3909 3907 3906
f 2102 2449 3907
f 2449 2102 2104
f 1244 3938 1241
f 3938 1244 3939
f 1234 3396 3401
f 3396 1234 1235
f 1226 3402 3407
f 3402 1226 1227
f 1201 3408 3413
f 3408 1201 1202
f 3413 3940 3414
f 1215 3414 3940
f 3414 1215 1219
f 3408 3940 3413
f 3407 3940 3408
f 3940 3407 3938
f 3402 3938 3407
f 3401 3938 3402
f 3396 3938 3401
f 3395 3938 3396
f 1241 3395 1242
f 3395 1241 3938
f 3941 1215 3940
f 1215 3941 1207
f 3940 3942 3941
f 3940 3943 3942
f 3939 3943 3938
f 3938 3943 3940
f 3944 3941 3942
f 3945 3941 3944
f 3945 3939 3941
f 3943 3939 3945
f 3945 2056 3943
f 2056 3945 2053
f 2082 3946 3947
f 3946 2082 2083
f 2084 3948 3949
f 3948 2084 2085
f 2086 3950 3951
f 3950 2086 2087
f 3951 3943 3952
f 2056 3952 3943
f 3952 2056 2057
f 3950 3943 3951
f 3949 3943 3950
f 3948 3943 3949
f 3943 3948 3942
f 3947 3942 3948
f 3946 3942 3947
f 3953 3942 3946
f 2062 3953 2063
f 3953 2062 3942
f 2059 3942 2062
f 3942 2059 3944
f 2073 3954 3955
f 3954 2073 2075
f 2069 3956 3957
f 3956 2069 2071
f 2065 3958 3959
f 3958 2065 2067
f 3959 3944 3960
f 2059 3960 3944
f 3960 2059 2061
f 3958 3944 3959
f 3957 3944 3958
f 3944 3957 3945
f 3956 3945 3957
f 3955 3945 3956
f 3954 3945 3955
f 3961 3945 3954
f 2053 3961 2054
f 3961 2053 3945
f 1174 3962 1180
f 3962 1174 3963
f 3964 3390 3962
f 1243 3390 3964
f 3390 1243 1248
f 3389 3962 3390
f 1180 3389 1371
f 3389 1180 3962
f 3965 1243 3964
f 1243 3965 1245
f 3392 3963 3387
f 1174 3387 3963
f 3387 1174 1173
f 3963 3392 3965
f 1245 3392 1247
f 3392 1245 3965
f 3962 3965 3964
f 3965 3962 3963
f 1206 3966 1208
f 3966 1206 3967
f 3419 3420 3422
f 3420 3419 3966
f 1208 3419 1216
f 3419 1208 3966
f 3967 3417 3421
f 1206 3417 3967
f 3417 1206 1204
f 3421 3417 3423
f 3966 3421 3420
f 3421 3966 3967
f 1183 3968 1246
f 3968 1183 3969
f 3970 3941 3968
f 1205 3941 3970
f 3941 1205 1207
f 3939 3968 3941
f 1246 3939 1244
f 3939 1246 3968
f 3971 1205 3970
f 1205 3971 1203
f 1192 3411 3410
f 3411 1192 1191
f 1189 3405 3404
f 3405 1189 1188
f 1186 3399 3398
f 3399 1186 1185
f 3398 3969 3393
f 1183 3393 3969
f 3393 1183 1182
f 3399 3969 3398
f 3404 3969 3399
f 3969 3404 3971
f 3405 3971 3404
f 3410 3971 3405
f 3411 3971 3410
f 3416 3971 3411
f 1203 3416 1365
f 3416 1203 3971
f 3968 3971 3970
f 3971 3968 3969
f 1350 3972 1272
f 3972 1350 3973
f 1284 3430 3431
f 3430 1284 1285
f 1294 3432 3433
f 3432 1294 1295
f 1304 3434 3439
f 3434 1304 1305
f 3439 3974 3440
f 1311 3440 3974
f 3440 1311 1376
f 3434 3974 3439
f 3433 3974 3434
f 3432 3974 3433
f 3974 3432 3972
f 3431 3972 3432
f 3430 3972 3431
f 3429 3972 3430
f 1272 3429 1275
f 3429 1272 3972
f 3974 3975 1311
f 3974 3976 3975
f 3977 3976 3974
f 3977 1349 3976
f 1349 3977 1345
f 1311 3975 1319
f 1350 3977 3973
f 3977 1350 1345
f 3974 3436 3977
f 3974 3978 3436
f 3978 3972 2501
f 3972 3978 3974
f 2502 3977 3436
f 2501 3977 2502
f 2501 3973 3977
f 3973 2501 3972
f 2501 2024 3978
f 2024 2501 2022
f 2076 3979 3980
f 3979 2076 2077
f 2078 3981 3982
f 3981 2078 2079
f 2081 3983 2080
f 3983 2081 3984
f 3985 3978 3986
f 3978 3987 3986
f 3978 3988 3987
f 3978 3989 3988
f 3978 3990 3989
f 3978 3991 3990
f 2024 3991 3978
f 3991 2024 3992
f 3993 3992 2024
f 3994 3995 3996
f 3997 3995 3994
f 3995 3997 3993
f 3998 3993 3997
f 3992 3993 3999
f 3999 3993 3998
f 3993 2024 2025
f 4000 3978 3985
f 3984 3978 4000
f 3984 4000 4001
f 3984 4001 4002
f 3984 4002 4003
f 3984 4003 4004
f 3984 4004 4005
f 3984 4005 4006
f 3984 4006 3983
f 2080 3983 4007
f 2080 4008 3995
f 3996 3995 4009
f 4009 3995 4008
f 4008 2080 4007
f 3978 3984 3982
f 3978 3982 3436
f 3981 3436 3982
f 3980 3436 3981
f 3979 3436 3980
f 3436 3979 3435
f 2635 2642 2643
f 2642 2635 2634
f 2636 2642 2634
f 2642 2636 2640
f 4010 2641 2640
f 2641 4011 2639
f 2641 4010 4011
f 2640 4012 4010
f 2640 4013 4012
f 2640 4014 4013
f 2636 4014 2640
f 4014 2636 4015
f 4016 2637 4017
f 4018 2637 4016
f 4019 2637 4018
f 4020 2637 4019
f 2637 4020 2636
f 4021 2636 4020
f 4015 2636 4021
f 4022 2639 4011
f 4023 2639 4022
f 4024 2639 4023
f 4025 2639 4024
f 4026 2639 4025
f 2638 4026 4027
f 2638 4017 2637
f 4017 2638 4028
f 4028 2638 4029
f 4026 2638 2639
f 4030 2638 4027
f 4031 2638 4030
f 4032 2638 4031
f 4033 2638 4032
f 4029 2638 4033
f 2635 809 811
f 809 2635 2643
f 1598 2477 1583
f 2477 1598 2454
f 1630 2458 2459
f 2458 1630 1628
f 1603 2492 2490
f 2492 1603 1604
f 1602 2490 2489
f 2490 1602 1603
f 1594 2455 2456
f 2455 1594 1592
f 2462 1636 2461
f 1636 2462 1637
f 2463 1637 2462
f 1637 2463 1638
f 1632 2459 2460
f 2459 1632 1630
f 1600 2453 1599
f 2453 1600 2452
f 1584 2455 1592
f 2455 1584 2447
f 1583 2447 1584
f 2447 1583 2477
f 1628 2457 2458
f 2457 1628 1596
f 1596 2456 2457
f 2456 1596 1594
f 2464 1638 2463
f 1638 2464 1606
f 1636 2460 2461
f 2460 1636 1632
f 1599 2454 1598
f 2454 1599 2453
f 2497 1606 2464
f 1606 2497 1605
f 1601 2489 2488
f 2489 1601 1602
f 1601 2452 1600
f 2452 1601 2488
f 1610 2494 2493
f 2494 1610 1609
f 2495 1607 2496
f 1607 2495 1608
f 2496 1605 2497
f 1605 2496 1607
f 1609 2495 2494
f 2495 1609 1608
f 1604 2493 2492
f 2493 1604 1610
f 4011 4034 4022
f 4034 4011 4035
f 4030 4036 4037
f 4036 4030 4027
f 4015 4038 4039
f 4038 4015 4021
f 4014 4039 4040
f 4039 4014 4015
f 4025 4041 4042
f 4041 4025 4024
f 4043 4032 4044
f 4032 4043 4033
f 4045 4033 4043
f 4033 4045 4029
f 4031 4037 4046
f 4037 4031 4030
f 4012 4047 4010
f 4047 4012 4048
f 4023 4041 4024
f 4041 4023 4049
f 4022 4049 4023
f 4049 4022 4034
f 4027 4050 4036
f 4050 4027 4026
f 4026 4042 4050
f 4042 4026 4025
f 4051 4029 4045
f 4029 4051 4028
f 4047 4034 4035
f 4048 4034 4047
f 4048 4049 4034
f 4052 4049 4048
f 4052 4041 4049
f 4040 4041 4052
f 4040 4042 4041
f 4039 4042 4040
f 4039 4050 4042
f 4038 4050 4039
f 4038 4036 4050
f 4053 4036 4038
f 4053 4037 4036
f 4054 4037 4053
f 4054 4046 4037
f 4055 4046 4054
f 4055 4044 4046
f 4056 4044 4055
f 4056 4043 4044
f 4057 4043 4056
f 4057 4045 4043
f 4045 4057 4051
f 4032 4046 4044
f 4046 4032 4031
f 4010 4035 4011
f 4035 4010 4047
f 4057 4028 4051
f 4028 4057 4017
f 4013 4040 4052
f 4040 4013 4014
f 4013 4048 4012
f 4048 4013 4052
f 4020 4054 4053
f 4054 4020 4019
f 4055 4016 4056
f 4016 4055 4018
f 4056 4017 4057
f 4017 4056 4016
f 4019 4055 4054
f 4055 4019 4018
f 4021 4053 4038
f 4053 4021 4020
f 1588 2405 1622
f 2405 1588 2414
f 1641 2419 2420
f 2419 1641 1627
f 1593 2478 2412
f 2478 1593 1595
f 1591 2412 2409
f 2412 1591 1593
f 1625 2416 2417
f 2416 1625 1624
f 1622 2415 1623
f 2415 1622 2405
f 2427 1643 2428
f 1643 2427 1640
f 2423 1640 2427
f 1640 2423 1639
f 1643 2421 2428
f 2421 1643 1642
f 1629 2481 2480
f 2481 1629 1631
f 1589 2413 1587
f 2413 1589 2408
f 1623 2416 1624
f 2416 1623 2415
f 1627 2418 2419
f 2418 1627 1626
f 1626 2417 2418
f 2417 1626 1625
f 2425 1639 2423
f 1639 2425 1635
f 1642 2420 2421
f 2420 1642 1641
f 1587 2414 1588
f 2414 1587 2413
f 2483 1635 2425
f 1635 2483 1634
f 1597 2480 2479
f 2480 1597 1629
f 1590 2409 2407
f 2409 1590 1591
f 1595 2479 2478
f 2479 1595 1597
f 2481 1633 2482
f 1633 2481 1631
f 2482 1634 2483
f 1634 2482 1633
f 1590 2408 1589
f 2408 1590 2407
f 3930 4058 4059
f 4058 3930 3929
f 4060 3933 4061
f 3933 4060 3932
f 3925 4062 3926
f 4062 3925 4063
f 3911 4063 3925
f 4063 3911 4064
f 3929 4065 4058
f 4065 3929 3928
f 3935 4066 4067
f 4066 3935 3931
f 4068 3935 4067
f 3935 4068 3934
f 3913 4069 3912
f 4069 3913 4070
f 3927 4062 4071
f 4062 3927 3926
f 3928 4071 4065
f 4071 3928 3927
f 4072 3932 4060
f 3932 4072 3921
f 4061 3934 4068
f 3934 4061 3933
f 3931 4059 4066
f 4059 3931 3930
f 3912 4064 3911
f 4064 3912 4069
f 4073 3921 4072
f 3921 4073 3919
f 3916 4074 4075
f 4074 3916 3917
f 3915 4075 4076
f 4075 3915 3916
f 4070 4064 4069
f 4077 4064 4070
f 4077 4063 4064
f 4076 4063 4077
f 4076 4062 4063
f 4075 4062 4076
f 4075 4071 4062
f 4074 4071 4075
f 4074 4065 4071
f 4078 4065 4074
f 4078 4058 4065
f 4079 4058 4078
f 4079 4059 4058
f 4080 4059 4079
f 4080 4066 4059
f 4081 4066 4080
f 4081 4067 4066
f 4073 4067 4081
f 4073 4068 4067
f 4072 4068 4073
f 4072 4061 4068
f 4061 4072 4060
f 3914 4070 3913
f 4070 3914 4077
f 3923 4081 4080
f 4081 3923 3922
f 3917 4078 4074
f 4078 3917 3918
f 4081 3919 4073
f 3919 4081 3922
f 3924 4080 4079
f 4080 3924 3923
f 3915 4077 3914
f 4077 3915 4076
f 3918 4079 4078
f 4079 3918 3924
f 1572 2503 1611
f 2503 1572 2504
f 2524 1621 2523
f 1621 2524 1586
f 1612 2507 1613
f 2507 1612 2506
f 1611 2506 1612
f 2506 1611 2503
f 1616 2509 2510
f 2509 1616 1615
f 1619 2512 2308
f 2512 1619 1618
f 2310 1619 2308
f 1619 2310 1620
f 1614 2507 2508
f 2507 1614 1613
f 1617 2510 2511
f 2510 1617 1616
f 1615 2508 2509
f 2508 1615 1614
f 2523 1620 2310
f 1620 2523 1621
f 1618 2511 2512
f 2511 1618 1617
f 1574 2514 1573
f 2514 1574 2515
f 2527 1582 2526
f 1582 2527 1581
f 1576 2518 2517
f 2518 1576 1577
f 1575 2517 2516
f 2517 1575 1576
f 1573 2504 1572
f 2504 1573 2514
f 2525 1586 2524
f 1586 2525 1585
f 1577 2519 2518
f 2519 1577 1578
f 1578 2521 2519
f 2521 1578 1579
f 2526 1585 2525
f 1585 2526 1582
f 1580 2527 2522
f 2527 1580 1581
f 1575 2515 1574
f 2515 1575 2516
f 1579 2522 2521
f 2522 1579 1580
f 3986 4082 3985
f 4082 3986 4083
f 4084 4008 4085
f 4008 4084 4009
f 4000 4086 4001
f 4086 4000 4087
f 3985 4087 4000
f 4087 3985 4082
f 4004 4088 4089
f 4088 4004 4003
f 3983 4090 4091
f 4090 3983 4006
f 4092 3983 4091
f 3983 4092 4007
f 4002 4086 4093
f 4086 4002 4001
f 4005 4089 4094
f 4089 4005 4004
f 4003 4093 4088
f 4093 4003 4002
f 4095 4082 4083
f 4096 4082 4095
f 4096 4087 4082
f 4097 4087 4096
f 4097 4086 4087
f 4098 4086 4097
f 4098 4093 4086
f 4099 4093 4098
f 4099 4088 4093
f 4100 4088 4099
f 4100 4089 4088
f 4101 4089 4100
f 4101 4094 4089
f 4102 4094 4101
f 4102 4090 4094
f 4103 4090 4102
f 4103 4091 4090
f 4104 4091 4103
f 4104 4092 4091
f 4105 4092 4104
f 4105 4085 4092
f 4085 4105 4084
f 4085 4007 4092
f 4007 4085 4008
f 4006 4094 4090
f 4094 4006 4005
f 3988 4095 3987
f 4095 3988 4096
f 4103 3994 4104
f 3994 4103 3997
f 3990 4099 4098
f 4099 3990 3991
f 3989 4098 4097
f 4098 3989 3990
f 3987 4083 3986
f 4083 3987 4095
f 4105 4009 4084
f 4009 4105 3996
f 3991 4100 4099
f 4100 3991 3992
f 3992 4101 4100
f 4101 3992 3999
f 4104 3996 4105
f 3996 4104 3994
f 3998 4103 4102
f 4103 3998 3997
f 3989 4096 3988
f 4096 3989 4097
f 3999 4102 4101
f 4102 3999 3998
f 2032 1343 1342
f 1343 2032 2033
f 2047 1313 1314
f 1313 2047 2046
f 2027 1324 2041
f 1324 2027 1322
f 4106 2040 4107
f 2040 4106 2039
f 2044 1326 1310
f 1326 2044 2043
f 2042 1326 2043
f 1326 2042 1325
f 1318 2049 1316
f 2049 1318 2050
f 2035 1346 1344
f 1346 2035 2036
f 2031 1342 1341
f 1342 2031 2032
f 2030 1339 2029
f 1339 2030 1340
f 2029 1338 2028
f 1338 2029 1339
f 2045 1310 1312
f 1310 2045 2044
f 2046 1312 1313
f 1312 2046 2045
f 2041 1325 2042
f 1325 2041 1324
f 2033 1344 1343
f 1344 2033 2035
f 4107 3976 4106
f 3976 4107 3975
f 3975 4107 4108
f 2036 1347 1346
f 1347 2036 2037
f 2030 1341 1340
f 1341 2030 2031
f 2028 1322 2027
f 1322 2028 1338
f 4107 2051 4108
f 2051 4107 2040
f 3975 4108 1319
f 1319 2050 1318
f 2051 1319 4108
f 1319 2051 2050
f 2049 1315 1316
f 1315 2049 2048
f 2048 1314 1315
f 1314 2048 2047
f 1347 2038 1348
f 2038 1347 2037
f 1349 4106 3976
f 4106 1349 2039
f 2038 1349 1348
f 1349 2038 2039
f 2644 2650 2651
f 2650 2644 2645
f 2348 2650 2645
f 2650 2348 2381
f 2380 2644 2651
f 2644 2380 2350
f 2646 2649 2648
f 2649 2646 2647
f 2382 2646 2648
f 2646 2382 2373
f 2370 2649 2647
f 2649 2370 2383
f 2662 2229 2661
f 2229 2662 2225
f 2662 2660 2663
f 2660 2662 2661
f 2347 2660 2375
f 2660 2347 2663
f 2655 2656 2657
f 2656 2655 2654
f 2470 2656 2654
f 2656 2470 2261
f 2252 2655 2657
f 2655 2252 2471
f 2652 2659 2658
f 2659 2652 2653
f 2467 2659 2653
f 2659 2467 2269
f 2272 2652 2658
f 2652 2272 2469
f 2666 2268 2664
f 2268 2666 2254
f 2666 2665 2667
f 2665 2666 2664
f 2288 2665 2289
f 2665 2288 2667
f 4109 2499 2498
f 2499 4109 4110
f 4111 535 534
f 535 4111 4112
f 4113 538 537
f 538 4113 4114
f 4115 3519 3525
f 3519 4115 4116
f 3486 541 540
f 541 3486 3487
f 4117 3520 3524
f 3520 4117 4118
f 3484 544 543
f 544 3484 3485
f 4119 3521 3523
f 3521 4119 4120
f 3479 547 546
f 547 3479 3483
f 3518 3522 3516
f 3522 3518 4121
f 3489 550 549
f 550 3489 3498
f 4122 553 552
f 553 4122 4123
f 4124 3557 3563
f 3557 4124 4125
f 3552 556 555
f 556 3552 3553
f 4126 3558 3562
f 3558 4126 4127
f 3550 559 558
f 559 3550 3551
f 4128 3559 3561
f 3559 4128 4129
f 3548 562 561
f 562 3548 3549
f 3556 3560 3554
f 3560 3556 4130
f 3547 565 564
f 565 3547 3546
f 4131 568 567
f 568 4131 4132
f 4133 1156 1158
f 1156 4133 4134
f 1373 1148 1150
f 1148 1373 4135
f 4136 2445 2486
f 2445 4136 4137
f 4138 2437 2434
f 2437 4138 4139
f 4140 2433 2475
f 2433 4140 4141
f 4142 1160 1162
f 1160 4142 4143
f 4144 460 459
f 460 4144 4145
f 4146 3696 3703
f 3696 4146 4147
f 3654 463 462
f 463 3654 3655
f 4148 3697 3702
f 3697 4148 4149
f 3652 466 465
f 466 3652 3653
f 4150 3698 3701
f 3698 4150 4151
f 3650 469 468
f 469 3650 3651
f 4152 3699 3700
f 3699 4152 4153
f 3648 472 471
f 472 3648 3649
f 4154 475 474
f 475 4154 4155
f 4156 4157 4158
f 4157 4156 4159
f 4160 478 477
f 478 4160 4161
f 4162 511 510
f 511 4162 4163
f 4164 2491 2500
f 2491 4164 4165
f 4166 2223 2403
f 2223 4166 4167
f 4168 2220 2222
f 2220 4168 4169
f 4170 2217 2219
f 2217 4170 4171
f 4172 2215 2216
f 2215 4172 4173
f 4174 2235 2214
f 2235 4174 4175
f 4176 2240 2241
f 2240 4176 3517
f 4177 2366 2395
f 2366 4177 4178
f 4179 2363 2365
f 2363 4179 4180
f 4181 2359 2362
f 2359 4181 4182
f 4183 2357 2360
f 2357 4183 4184
f 4185 2354 2356
f 2354 4185 3555
f 4186 2351 2353
f 2351 4186 4187
f 4188 1157 1159
f 1157 4188 4189
f 4190 1149 1151
f 1149 4190 1372
f 4191 2443 2446
f 2443 4191 4192
f 4193 2435 2438
f 2435 4193 4194
f 4195 2411 2422
f 2411 4195 4196
f 4197 1161 1163
f 1161 4197 4198
f 4199 2259 2263
f 2259 4199 4200
f 4201 2256 2258
f 2256 4201 4202
f 4203 2253 2255
f 2253 4203 4204
f 4205 2276 2277
f 2276 4205 4206
f 4207 2282 2283
f 2282 4207 4208
f 4209 2291 2290
f 2291 4209 4210
f 4211 2328 2326
f 2328 4211 4212
f 4213 2331 2338
f 2331 4213 4214
f 4215 2335 2333
f 2335 4215 4216
f 4109 2491 4165
f 2491 4109 2498
f 4164 4109 4165
f 4109 4164 4110
f 2499 4164 2500
f 4164 2499 4110
f 4167 2401 2223
f 4111 2401 4167
f 534 2401 4111
f 2401 534 536
f 4166 4111 4167
f 4111 4166 4112
f 590 535 2404
f 2404 4166 2403
f 2404 4112 4166
f 4112 2404 535
f 4169 2400 2220
f 4113 2400 4169
f 537 2400 4113
f 2400 537 539
f 4168 4113 4169
f 4113 4168 4114
f 588 538 2224
f 2224 4168 2222
f 2224 4114 4168
f 4114 2224 538
f 4171 2399 2217
f 4115 2399 4171
f 3525 2399 4115
f 2399 3525 2598
f 3486 542 2617
f 542 3486 540
f 4170 4115 4171
f 4115 4170 4116
f 2582 3519 2221
f 2221 4170 2219
f 2221 4116 4170
f 4116 2221 3519
f 541 2585 587
f 2585 541 3487
f 4173 2237 2215
f 4117 2237 4173
f 3524 2237 4117
f 2237 3524 2600
f 3484 545 2619
f 545 3484 543
f 4172 4117 4173
f 4117 4172 4118
f 2599 3520 2218
f 2218 4172 2216
f 2218 4118 4172
f 4118 2218 3520
f 544 2616 586
f 2616 544 3485
f 4175 2243 2235
f 4119 2243 4175
f 3523 2243 4119
f 2243 3523 2602
f 3479 548 2621
f 548 3479 546
f 4174 4119 4175
f 4119 4174 4120
f 2601 3521 2236
f 2236 4174 2214
f 2236 4120 4174
f 4120 2236 3521
f 547 2618 585
f 2618 547 3483
f 4176 3518 3517
f 3518 4176 4121
f 2603 3522 2242
f 2242 4176 2241
f 2242 4121 4176
f 4121 2242 3522
f 550 2620 583
f 2620 550 3498
f 4178 2368 2366
f 4122 2368 4178
f 552 2368 4122
f 2368 552 554
f 4177 4122 4178
f 4122 4177 4123
f 578 553 2396
f 2396 4177 2395
f 2396 4123 4177
f 4123 2396 553
f 4180 2398 2363
f 4124 2398 4180
f 3563 2398 4124
f 2398 3563 2604
f 3552 557 2623
f 557 3552 555
f 4179 4124 4180
f 4124 4179 4125
f 2586 3557 2367
f 2367 4179 2365
f 2367 4125 4179
f 4125 2367 3557
f 556 2589 576
f 2589 556 3553
f 4182 2393 2359
f 4126 2393 4182
f 3562 2393 4126
f 2393 3562 2606
f 3550 560 2625
f 560 3550 558
f 4181 4126 4182
f 4126 4181 4127
f 2605 3558 2364
f 2364 4181 2362
f 2364 4127 4181
f 4127 2364 3558
f 559 2622 575
f 2622 559 3551
f 4184 2392 2357
f 4128 2392 4184
f 3561 2392 4128
f 2392 3561 2608
f 3548 563 2627
f 563 3548 561
f 4183 4128 4184
f 4128 4183 4129
f 2607 3559 2361
f 2361 4183 2360
f 2361 4129 4183
f 4129 2361 3559
f 562 2624 574
f 2624 562 3549
f 4185 3556 3555
f 3556 4185 4130
f 2609 3560 2358
f 2358 4185 2356
f 2358 4130 4185
f 4130 2358 3560
f 565 2626 573
f 2626 565 3546
f 4187 2390 2351
f 4131 2390 4187
f 567 2390 4131
f 2390 567 569
f 4186 4131 4187
f 4131 4186 4132
f 572 568 2355
f 2355 4186 2353
f 2355 4132 4186
f 4132 2355 568
f 4133 1157 4189
f 1157 4133 1158
f 4188 4133 4189
f 4133 4188 4134
f 1156 4188 1159
f 4188 1156 4134
f 4190 1373 1372
f 1373 4190 4135
f 1148 4190 1151
f 4190 1148 4135
f 4136 2443 4192
f 2443 4136 2486
f 4191 4136 4192
f 4136 4191 4137
f 2445 4191 2446
f 4191 2445 4137
f 4138 2435 4194
f 2435 4138 2434
f 4193 4138 4194
f 4138 4193 4139
f 2437 4193 2438
f 4193 2437 4139
f 4140 2411 4196
f 2411 4140 2475
f 4195 4140 4196
f 4140 4195 4141
f 2433 4195 2422
f 4195 2433 4141
f 4142 1161 4198
f 1161 4142 1162
f 4197 4142 4198
f 4142 4197 4143
f 1160 4197 1163
f 4197 1160 4143
f 4200 2346 2259
f 4144 2346 4200
f 459 2346 4144
f 2346 459 461
f 4199 4144 4200
f 4144 4199 4145
f 524 460 2265
f 2265 4199 2263
f 2265 4145 4199
f 4145 2265 460
f 4202 2345 2256
f 4146 2345 4202
f 3703 2345 4146
f 2345 3703 2610
f 3654 464 2629
f 464 3654 462
f 4201 4146 4202
f 4146 4201 4147
f 2590 3696 2260
f 2260 4201 2258
f 2260 4147 4201
f 4147 2260 3696
f 463 2593 523
f 2593 463 3655
f 4204 2279 2253
f 4148 2279 4204
f 3702 2279 4148
f 2279 3702 2612
f 3652 467 2631
f 467 3652 465
f 4203 4148 4204
f 4148 4203 4149
f 2611 3697 2257
f 2257 4203 2255
f 2257 4149 4203
f 4149 2257 3697
f 466 2628 522
f 2628 466 3653
f 4206 2285 2276
f 4150 2285 4206
f 3701 2285 4150
f 2285 3701 2614
f 3650 470 2633
f 470 3650 468
f 4205 4150 4206
f 4150 4205 4151
f 2613 3698 2278
f 2278 4205 2277
f 2278 4151 4205
f 4151 2278 3698
f 469 2630 520
f 2630 469 3651
f 4208 2293 2282
f 4152 2293 4208
f 3700 2293 4152
f 2293 3700 2596
f 3648 473 2597
f 473 3648 471
f 4207 4152 4208
f 4152 4207 4153
f 2615 3699 2284
f 2284 4207 2283
f 2284 4153 4207
f 4153 2284 3699
f 472 2632 519
f 2632 472 3649
f 4210 2341 2291
f 4154 2341 4210
f 474 2341 4154
f 2341 474 476
f 4209 4154 4210
f 4154 4209 4155
f 518 475 2292
f 2292 4209 2290
f 2292 4155 4209
f 4155 2292 475
f 4158 2697 2694
f 4157 2697 4158
f 2697 4157 2708
f 4212 2344 2328
f 4158 798 2344
f 4156 2344 4212
f 4158 2344 4156
f 798 4158 2694
f 4211 4156 4212
f 4156 4211 4159
f 2708 4157 763
f 764 763 2340
f 2340 4211 2326
f 4159 763 4157
f 2340 4159 4211
f 763 4159 2340
f 4214 2343 2331
f 4160 2343 4214
f 477 2343 4160
f 2343 477 479
f 4213 4160 4214
f 4160 4213 4161
f 512 478 2339
f 2339 4213 2338
f 2339 4161 4213
f 4161 2339 478
f 4216 2342 2335
f 4162 2342 4216
f 510 2342 4162
f 2342 510 480
f 4215 4162 4216
f 4162 4215 4163
f 509 511 2337
f 2337 4215 2333
f 2337 4163 4215
f 4163 2337 511
f 4217 2448 2451
f 2448 4217 4218
f 3908 850 858
f 850 3908 3937
f 4219 381 429
f 381 4219 4220
f 4221 390 430
f 390 4221 4222
f 3865 393 431
f 3864 393 3865
f 4223 3864 3866
f 3864 4223 393
f 4224 3881 3882
f 3881 4224 4225
f 3871 396 432
f 396 3871 3872
f 4226 3883 3884
f 3883 4226 4227
f 3870 399 433
f 399 3870 3873
f 4228 3885 3886
f 3885 4228 4229
f 3869 402 434
f 402 3869 3874
f 4230 3887 3888
f 3887 4230 4231
f 3868 406 435
f 406 3868 3875
f 3879 3889 3878
f 3889 3879 4232
f 3877 409 436
f 409 3877 3876
f 4233 412 437
f 412 4233 4234
f 4235 415 438
f 415 4235 4236
f 4237 840 855
f 840 4237 4238
f 4239 2424 2426
f 2424 4239 4240
f 3910 843 856
f 843 3910 3920
f 4241 2429 2441
f 2429 4241 4242
f 3909 846 857
f 846 3909 3936
f 110 1138 113
f 1138 110 4243
f 4244 853 859
f 853 4244 4245
f 4246 309 350
f 309 4246 4247
f 4248 312 351
f 312 4248 4249
f 4250 315 352
f 315 4250 4251
f 4252 318 353
f 318 4252 4253
f 4254 321 354
f 321 4254 4255
f 3825 324 355
f 3824 324 3825
f 4256 3824 3826
f 3824 4256 324
f 4257 3836 3837
f 3836 4257 4258
f 3831 327 356
f 327 3831 3832
f 4259 3838 3839
f 3838 4259 4260
f 3830 331 357
f 331 3830 3833
f 4261 3840 3841
f 3840 4261 4262
f 3829 334 358
f 334 3829 3834
f 4263 3842 3843
f 3842 4263 4264
f 3828 337 359
f 337 3828 3835
f 4265 340 360
f 340 4265 4266
f 4267 348 349
f 348 4267 4268
f 4269 2450 2442
f 2450 4269 4270
f 4271 2296 2297
f 2296 4271 4272
f 4273 2295 2298
f 2295 4273 4274
f 4275 2294 2302
f 2294 4275 3867
f 4276 2287 2305
f 2287 4276 4277
f 4278 2281 2286
f 2281 4278 4279
f 4280 2275 2280
f 2275 4280 4281
f 4282 2267 2274
f 2267 4282 4283
f 4284 2251 2266
f 2251 4284 3880
f 4285 2250 2270
f 2250 4285 4286
f 4287 2249 2271
f 2249 4287 4288
f 4289 2468 2466
f 2468 4289 4290
f 4291 2431 2476
f 2431 4291 4292
f 4293 2439 2430
f 2439 4293 4294
f 4295 89 1139
f 89 4295 115
f 4296 2384 2388
f 2384 4296 4297
f 4298 2248 2369
f 2248 4298 4299
f 4300 2247 2371
f 2247 4300 4301
f 4302 2246 2372
f 2246 4302 4303
f 4304 2245 2374
f 2245 4304 4305
f 4306 2244 2376
f 2244 4306 4307
f 4308 2378 2377
f 2378 4308 3827
f 4309 2239 2394
f 2239 4309 4310
f 4311 2234 2238
f 2234 4311 4312
f 4313 2228 2233
f 2228 4313 4314
f 4315 2213 2227
f 2213 4315 4316
f 4317 2212 2230
f 2212 4317 4318
f 4319 2210 2231
f 2210 4319 4320
f 2450 4217 2451
f 4217 2450 4270
f 849 3908 858
f 3908 849 2105
f 4217 4269 4218
f 4269 4217 4270
f 4269 2448 4218
f 2448 4269 2442
f 2178 850 3937
f 850 2178 848
f 2101 429 379
f 429 2101 4219
f 4272 2101 2296
f 2101 4272 4219
f 4219 4271 4220
f 4271 4219 4272
f 4220 2088 381
f 4271 2088 4220
f 2088 4271 2297
f 381 2088 380
f 2171 430 389
f 430 2171 4221
f 4274 2171 2295
f 2171 4274 4221
f 4221 4273 4222
f 4273 4221 4274
f 4222 2100 390
f 4273 2100 4222
f 2100 4273 2298
f 390 2100 387
f 3866 4275 4223
f 4275 3866 3867
f 4223 2170 393
f 4275 2170 4223
f 2170 4275 2302
f 393 2170 391
f 2169 3882 2167
f 3882 2169 4224
f 4277 2169 2287
f 2169 4277 4224
f 395 3871 432
f 3871 395 2189
f 4224 4276 4225
f 4276 4224 4277
f 4225 2120 3881
f 4276 2120 4225
f 2120 4276 2305
f 3881 2120 2122
f 2126 396 3872
f 396 2126 394
f 2165 3884 2163
f 3884 2165 4226
f 4279 2165 2281
f 2165 4279 4226
f 398 3870 433
f 3870 398 2187
f 4226 4278 4227
f 4278 4226 4279
f 4227 2166 3883
f 4278 2166 4227
f 2166 4278 2286
f 3883 2166 2168
f 2188 399 3873
f 399 2188 397
f 2161 3886 2159
f 3886 2161 4228
f 4281 2161 2275
f 2161 4281 4228
f 401 3869 434
f 3869 401 2185
f 4228 4280 4229
f 4280 4228 4281
f 4229 2162 3885
f 4280 2162 4229
f 2162 4280 2280
f 3885 2162 2164
f 2186 402 3874
f 402 2186 400
f 2157 3888 2155
f 3888 2157 4230
f 4283 2157 2267
f 2157 4283 4230
f 405 3868 435
f 3868 405 2183
f 4230 4282 4231
f 4282 4230 4283
f 4231 2158 3887
f 4282 2158 4231
f 2158 4282 2274
f 3887 2158 2160
f 2184 406 3875
f 406 2184 404
f 3879 4284 4232
f 4284 3879 3880
f 4232 2154 3889
f 4284 2154 4232
f 2154 4284 2266
f 3889 2154 2156
f 2182 409 3876
f 409 2182 407
f 2151 437 411
f 437 2151 4233
f 4286 2151 2250
f 2151 4286 4233
f 4233 4285 4234
f 4285 4233 4286
f 4234 2152 412
f 4285 2152 4234
f 2152 4285 2270
f 412 2152 410
f 2095 438 414
f 438 2095 4235
f 4288 2095 2249
f 2095 4288 4235
f 4235 4287 4236
f 4287 4235 4288
f 4236 2150 415
f 4287 2150 4236
f 2150 4287 2271
f 415 2150 413
f 2108 855 839
f 855 2108 4237
f 4290 2108 2468
f 2108 4290 4237
f 4237 4289 4238
f 4289 4237 4290
f 4238 2096 840
f 4289 2096 4238
f 2096 4289 2466
f 840 2096 837
f 2431 4239 2426
f 4239 2431 4292
f 842 3910 856
f 3910 842 2181
f 4239 4291 4240
f 4291 4239 4292
f 4291 2424 4240
f 2424 4291 2476
f 2107 843 3920
f 843 2107 841
f 2439 4241 2441
f 4241 2439 4294
f 845 3909 857
f 3909 845 2179
f 4241 4293 4242
f 4293 4241 4294
f 4293 2429 4242
f 2429 4293 2430
f 2180 846 3936
f 846 2180 844
f 110 4295 4243
f 4295 110 115
f 4295 1138 4243
f 1138 4295 1139
f 2091 859 852
f 859 2091 4244
f 4297 2091 2384
f 2091 4297 4244
f 4244 4296 4245
f 4296 4244 4297
f 4245 2103 853
f 4296 2103 4245
f 2103 4296 2388
f 853 2103 851
f 2149 350 308
f 350 2149 4246
f 4299 2149 2248
f 2149 4299 4246
f 4246 4298 4247
f 4298 4246 4299
f 4247 2092 309
f 4298 2092 4247
f 2092 4298 2369
f 309 2092 306
f 2147 351 311
f 351 2147 4248
f 4301 2147 2247
f 2147 4301 4248
f 4248 4300 4249
f 4300 4248 4301
f 4249 2148 312
f 4300 2148 4249
f 2148 4300 2371
f 312 2148 310
f 2145 352 314
f 352 2145 4250
f 4303 2145 2246
f 2145 4303 4250
f 4250 4302 4251
f 4302 4250 4303
f 4251 2146 315
f 4302 2146 4251
f 2146 4302 2372
f 315 2146 313
f 2143 353 317
f 353 2143 4252
f 4305 2143 2245
f 2143 4305 4252
f 4252 4304 4253
f 4304 4252 4305
f 4253 2144 318
f 4304 2144 4253
f 2144 4304 2374
f 318 2144 316
f 2141 354 320
f 354 2141 4254
f 4307 2141 2244
f 2141 4307 4254
f 4254 4306 4255
f 4306 4254 4307
f 4255 2142 321
f 4306 2142 4255
f 2142 4306 2376
f 321 2142 319
f 3826 4308 4256
f 4308 3826 3827
f 4256 2140 324
f 4308 2140 4256
f 2140 4308 2377
f 324 2140 322
f 2139 3837 2137
f 3837 2139 4257
f 4310 2139 2239
f 2139 4310 4257
f 326 3831 356
f 3831 326 2177
f 4257 4309 4258
f 4309 4257 4310
f 4258 2116 3836
f 4309 2116 4258
f 2116 4309 2394
f 3836 2116 2118
f 2124 327 3832
f 327 2124 325
f 2135 3839 2133
f 3839 2135 4259
f 4312 2135 2234
f 2135 4312 4259
f 330 3830 357
f 3830 330 2175
f 4259 4311 4260
f 4311 4259 4312
f 4260 2136 3838
f 4311 2136 4260
f 2136 4311 2238
f 3838 2136 2138
f 2176 331 3833
f 331 2176 329
f 2131 3841 2129
f 3841 2131 4261
f 4314 2131 2228
f 2131 4314 4261
f 333 3829 358
f 3829 333 2173
f 4261 4313 4262
f 4313 4261 4314
f 4262 2132 3840
f 4313 2132 4262
f 2132 4313 2233
f 3840 2132 2134
f 2174 334 3834
f 334 2174 332
f 2113 3843 2114
f 3843 2113 4263
f 4316 2113 2213
f 2113 4316 4263
f 336 3828 359
f 3828 336 2115
f 4263 4315 4264
f 4315 4263 4316
f 4264 2128 3842
f 4315 2128 4264
f 2128 4315 2227
f 3842 2128 2130
f 2172 337 3835
f 337 2172 335
f 2099 360 339
f 360 2099 4265
f 4318 2099 2212
f 2099 4318 4265
f 4265 4317 4266
f 4317 4265 4318
f 4266 2112 340
f 4317 2112 4266
f 2112 4317 2230
f 340 2112 338
f 2089 349 347
f 349 2089 4267
f 4320 2089 2210
f 2089 4320 4267
f 4267 4319 4268
f 4319 4267 4320
f 4268 2098 348
f 4319 2098 4268
f 2098 4319 2231
f 348 2098 346
f 1140 4321 1143
f 4321 1140 1644
f 619 4322 620
f 4322 619 4323
f 617 4324 618
f 4324 617 4325
f 3749 4326 3748
f 4326 3749 4327
f 615 3739 616
f 3739 615 3738
f 3747 4328 3746
f 4328 3747 4329
f 613 3741 614
f 3741 613 3740
f 3745 4330 3744
f 4330 3745 4331
f 611 3743 612
f 3743 611 3742
f 609 4332 610
f 4332 609 4333
f 607 4334 608
f 4334 607 4335
f 1152 4336 1155
f 4336 1152 4337
f 3326 4338 3805
f 4338 3326 3328
f 301 3792 304
f 3792 301 3325
f 3804 4339 3803
f 4339 3804 4340
f 297 3794 300
f 3794 297 3793
f 3802 4341 3801
f 4341 3802 4342
f 293 3796 296
f 3796 293 3795
f 3800 4343 3799
f 4343 3800 4344
f 289 3798 292
f 3798 289 3797
f 285 4345 288
f 4345 285 4346
f 962 3292 961
f 3292 962 1379
f 1646 1141 4347
f 1141 1646 1142
f 4348 2190 4349
f 2190 4348 2402
f 4350 2192 4351
f 2192 4350 2191
f 4352 2194 4353
f 2194 4352 2193
f 4354 2196 4355
f 2196 4354 2195
f 4356 2198 4357
f 2198 4356 2197
f 4358 2200 4359
f 2200 4358 2199
f 4360 2226 4361
f 2226 4360 2201
f 4362 1153 4363
f 1153 4362 1154
f 3324 2202 4364
f 2202 3324 2232
f 4365 2204 4366
f 2204 4365 2203
f 4367 2206 4368
f 2206 4367 2205
f 4369 2208 4370
f 2208 4369 2207
f 4371 2211 4372
f 2211 4371 2209
f 1471 959 3293
f 959 1471 963
f 4321 1646 4347
f 1646 4321 1644
f 4321 1141 1143
f 1141 4321 4347
f 2402 4348 1930
f 1930 619 589
f 1930 4323 619
f 4323 1930 4348
f 4322 4348 4349
f 4348 4322 4323
f 620 1957 592
f 4322 1957 620
f 4349 1957 4322
f 1957 4349 2190
f 2191 4350 1956
f 1956 617 593
f 1956 4325 617
f 4325 1956 4350
f 4324 4350 4351
f 4350 4324 4325
f 618 1949 594
f 4324 1949 618
f 4351 1949 4324
f 1949 4351 2192
f 2193 4352 1947
f 1947 3749 1948
f 1947 4327 3749
f 4327 1947 4352
f 1945 615 595
f 615 1945 3738
f 4326 4352 4353
f 4352 4326 4327
f 3748 1961 1958
f 4326 1961 3748
f 4353 1961 4326
f 1961 4353 2194
f 3739 596 616
f 596 3739 2005
f 2195 4354 1959
f 1959 3747 1960
f 1959 4329 3747
f 4329 1959 4354
f 2004 613 597
f 613 2004 3740
f 4328 4354 4355
f 4354 4328 4329
f 3746 1965 1962
f 4328 1965 3746
f 4355 1965 4328
f 1965 4355 2196
f 3741 598 614
f 598 3741 2007
f 2197 4356 1963
f 1963 3745 1964
f 1963 4331 3745
f 4331 1963 4356
f 2006 611 600
f 611 2006 3742
f 4330 4356 4357
f 4356 4330 4331
f 3744 1942 1943
f 4330 1942 3744
f 4357 1942 4330
f 1942 4357 2198
f 3743 601 612
f 601 3743 1940
f 2199 4358 1941
f 1941 609 602
f 1941 4333 609
f 4333 1941 4358
f 4332 4358 4359
f 4358 4332 4333
f 610 1986 603
f 4332 1986 610
f 4359 1986 4332
f 1986 4359 2200
f 2201 4360 1967
f 1967 607 604
f 1967 4335 607
f 4335 1967 4360
f 4334 4360 4361
f 4360 4334 4335
f 608 1935 605
f 4334 1935 608
f 4361 1935 4334
f 1935 4361 2226
f 4362 1152 1154
f 1152 4362 4337
f 4336 4362 4363
f 4362 4336 4337
f 4336 1153 1155
f 1153 4336 4363
f 4338 3324 4364
f 3324 4338 3328
f 3805 1995 1992
f 4338 1995 3805
f 4364 1995 4338
f 1995 4364 2202
f 3792 302 304
f 302 3792 2009
f 2203 4365 1993
f 1993 3804 1994
f 1993 4340 3804
f 4340 1993 4365
f 2008 297 299
f 297 2008 3793
f 4339 4365 4366
f 4365 4339 4340
f 3803 1999 1996
f 4339 1999 3803
f 4366 1999 4339
f 1999 4366 2204
f 3794 298 300
f 298 3794 2011
f 2205 4367 1997
f 1997 3802 1998
f 1997 4342 3802
f 4342 1997 4367
f 2010 293 295
f 293 2010 3795
f 4341 4367 4368
f 4367 4341 4342
f 3801 2003 2000
f 4341 2003 3801
f 4368 2003 4341
f 2003 4368 2206
f 3796 294 296
f 294 3796 2013
f 2207 4369 2001
f 2001 3800 2002
f 2001 4344 3800
f 4344 2001 4369
f 2012 289 291
f 289 2012 3797
f 4343 4369 4370
f 4369 4343 4344
f 3799 1954 1955
f 4343 1954 3799
f 4370 1954 4343
f 1954 4370 2208
f 3798 290 292
f 290 3798 1952
f 2209 4371 1953
f 1953 285 287
f 1953 4346 285
f 4346 1953 4371
f 4345 4371 4372
f 4371 4345 4346
f 288 1933 286
f 4345 1933 288
f 4372 1933 4345
f 1933 4372 2211
f 3292 959 961
f 959 3292 3293
f 4373 1145 1405
f 1145 4373 1146
f 4374 427 4375
f 427 4374 428
f 4376 2513 3438
f 2513 4376 2315
f 3979 425 3435
f 425 3979 426
f 4377 2314 4378
f 2314 4377 2313
f 3981 423 3980
f 423 3981 424
f 4379 2312 4380
f 2312 4379 2505
f 3984 421 3982
f 421 3984 422
f 4381 2311 4382
f 2311 4381 2520
f 3993 419 3995
f 419 3993 420
f 4383 417 4384
f 417 4383 418
f 4385 1165 4386
f 1165 4385 1166
f 4387 507 4388
f 507 4387 508
f 4389 3960 4390
f 3960 4389 3959
f 3946 505 3953
f 505 3946 506
f 4391 3958 4392
f 3958 4391 3957
f 3948 503 3947
f 503 3948 504
f 4393 3956 4394
f 3956 4393 3955
f 3950 501 3949
f 501 3950 502
f 4395 3954 4396
f 3954 4395 3961
f 3952 499 3951
f 499 3952 500
f 4397 497 4398
f 497 4397 498
f 3169 457 1689
f 457 3169 456
f 1144 1407 1147
f 1407 1144 4399
f 2299 4400 2300
f 4400 2299 4401
f 2303 3437 2301
f 3437 2303 4402
f 2306 4403 2304
f 4403 2306 4404
f 2317 4405 2307
f 4405 2317 4406
f 2318 4407 2309
f 4407 2318 4408
f 2316 4409 2319
f 4409 2316 4410
f 1164 4411 1167
f 4411 1164 4412
f 2321 4413 2320
f 4413 2321 4414
f 2323 4415 2322
f 4415 2323 4416
f 2325 4417 2324
f 4417 2325 4418
f 2329 4419 2327
f 4419 2329 4420
f 2332 4421 2330
f 4421 2332 4422
f 2336 4423 2334
f 4423 2336 4424
f 451 1809 449
f 1809 451 3170
f 1407 4373 1405
f 4373 1407 4399
f 4373 1144 1146
f 1144 4373 4399
f 2300 4400 2014
f 2014 427 378
f 2014 4375 427
f 4375 2014 4400
f 4400 4374 4375
f 4374 4400 4401
f 428 2026 377
f 4374 2026 428
f 4401 2026 4374
f 2026 4401 2299
f 3437 4376 3438
f 4376 3437 4402
f 4376 2303 2315
f 2303 4376 4402
f 3979 375 426
f 375 3979 2077
f 4403 2314 2304
f 2314 4403 4378
f 2076 423 374
f 423 2076 3980
f 4403 4377 4378
f 4377 4403 4404
f 4377 2306 2313
f 2306 4377 4404
f 3981 373 424
f 373 3981 2079
f 4405 2312 2307
f 2312 4405 4380
f 2078 421 371
f 421 2078 3982
f 4405 4379 4380
f 4379 4405 4406
f 4379 2317 2505
f 2317 4379 4406
f 3984 370 422
f 370 3984 2081
f 4407 2311 2309
f 2311 4407 4382
f 2080 419 369
f 419 2080 3995
f 4407 4381 4382
f 4381 4407 4408
f 4381 2318 2520
f 2318 4381 4408
f 3993 368 420
f 368 3993 2025
f 2319 4409 2023
f 2023 417 367
f 2023 4384 417
f 4384 2023 4409
f 4409 4383 4384
f 4383 4409 4410
f 418 2021 365
f 4383 2021 418
f 4410 2021 4383
f 2021 4410 2316
f 4411 1165 1167
f 1165 4411 4386
f 4411 4385 4386
f 4385 4411 4412
f 4385 1164 1166
f 1164 4385 4412
f 2320 4413 2018
f 2018 507 495
f 2018 4388 507
f 4388 2018 4413
f 4413 4387 4388
f 4387 4413 4414
f 508 2058 494
f 4387 2058 508
f 4414 2058 4387
f 2058 4414 2321
f 2322 4415 2060
f 2060 3960 2061
f 2060 4390 3960
f 4390 2060 4415
f 2063 505 493
f 505 2063 3953
f 4415 4389 4390
f 4389 4415 4416
f 3959 2066 2065
f 4389 2066 3959
f 4416 2066 4389
f 2066 4416 2323
f 3946 492 506
f 492 3946 2083
f 2324 4417 2064
f 2064 3958 2067
f 2064 4392 3958
f 4392 2064 4417
f 2082 503 490
f 503 2082 3947
f 4417 4391 4392
f 4391 4417 4418
f 3957 2070 2069
f 4391 2070 3957
f 4418 2070 4391
f 2070 4418 2325
f 3948 489 504
f 489 3948 2085
f 2327 4419 2068
f 2068 3956 2071
f 2068 4394 3956
f 4394 2068 4419
f 2084 501 488
f 501 2084 3949
f 4419 4393 4394
f 4393 4419 4420
f 3955 2074 2073
f 4393 2074 3955
f 4420 2074 4393
f 2074 4420 2329
f 3950 487 502
f 487 3950 2087
f 2330 4421 2072
f 2072 3954 2075
f 2072 4396 3954
f 4396 2072 4421
f 2086 499 486
f 499 2086 3951
f 4421 4395 4396
f 4395 4421 4422
f 3961 2052 2054
f 4395 2052 3961
f 4422 2052 4395
f 2052 4422 2332
f 3952 485 500
f 485 3952 2057
f 2334 4423 2055
f 2055 497 484
f 2055 4398 497
f 4398 2055 4423
f 4423 4397 4398
f 4397 4423 4424
f 498 2017 481
f 4397 2017 498
f 4424 2017 4397
f 2017 4424 2336
f 3169 451 456
f 451 3169 3170
f 3473 4425 3475
f 4425 3473 4426
f 4427 4428 4429
f 4430 3480 3482
f 4431 4432 4433
f 3493 4434 3492
f 4434 3493 4425
f 4434 4425 4435
f 3495 3490 4436
f 4437 3457 3447
f 3457 4437 4438
f 3480 4439 3481
f 4439 3480 4430
f 4437 3447 3458
f 4440 4436 4441
f 4442 3501 4443
f 3501 4442 3502
f 3493 3494 4425
f 3497 3496 4444
f 4445 3452 3453
f 4435 4446 4447
f 4440 4441 4448
f 4444 3499 3497
f 3499 4444 4443
f 3500 3499 4443
f 4449 4450 4430
f 4448 4447 4451
f 3453 4452 4445
f 4452 3453 3454
f 4446 4435 4453
f 3476 3494 3477
f 3494 3476 4425
f 4436 4435 4441
f 4444 4440 4448
f 3490 3491 4436
f 4442 3503 3502
f 3503 4442 4454
f 3504 3503 4454
f 4455 4437 4450
f 4456 4427 4457
f 4450 4439 4430
f 4450 4437 4439
f 4428 4455 4429
f 4439 3458 3459
f 3458 4439 4437
f 3478 4439 3459
f 4439 3478 3481
f 4425 3476 3475
f 4435 4425 4426
f 4440 3495 4436
f 3495 4440 3488
f 4440 3496 3488
f 3496 4440 4444
f 4457 4429 4449
f 4454 4458 4431
f 4448 4451 4459
f 4443 4444 4460
f 3500 4443 3501
f 3515 4449 4430
f 4449 3515 3514
f 3515 4430 3482
f 4442 4443 4461
f 4462 3507 3506
f 3507 4462 4463
f 4463 4433 4456
f 4455 4438 4437
f 4453 4447 4446
f 4464 4447 4453
f 4464 4451 4447
f 4465 4451 4464
f 4465 4459 4451
f 4466 4459 4465
f 4466 4467 4459
f 4468 4467 4466
f 4468 4469 4467
f 4470 4469 4468
f 4470 4471 4469
f 4472 4471 4470
f 4472 4473 4471
f 4445 4473 4472
f 4445 4432 4473
f 4452 4432 4445
f 4452 4474 4432
f 4475 4474 4452
f 4475 4476 4474
f 4438 4476 4475
f 4438 4428 4476
f 4428 4438 4455
f 3471 4426 3472
f 4426 3471 4453
f 4452 3454 3455
f 3456 4438 4475
f 4438 3456 3457
f 3455 4475 4452
f 4475 3455 3456
f 3466 4465 3467
f 4465 3466 4466
f 4434 3491 3492
f 3491 4434 4436
f 4436 4434 4435
f 4448 4441 4447
f 4441 4435 4447
f 4471 4473 4431
f 4461 4460 4469
f 3504 4454 3505
f 4442 4461 4454
f 4458 4471 4431
f 4444 4448 4477
f 4444 4477 4460
f 3507 4463 3508
f 4454 4431 4462
f 4429 4455 4450
f 4429 4450 4449
f 4474 4476 4427
f 4427 4429 4457
f 3512 4457 3513
f 4449 3513 4457
f 3513 4449 3514
f 4460 4459 4467
f 4478 4427 4456
f 4472 3450 3451
f 4426 3473 3472
f 4435 4426 4453
f 4462 3505 4454
f 3505 4462 3506
f 4431 4433 4463
f 4461 4469 4471
f 4443 4460 4461
f 3511 4457 3512
f 3511 4456 4457
f 4456 3511 3510
f 4477 4448 4459
f 4460 4477 4459
f 4473 4432 4431
f 4433 4432 4478
f 4433 4478 4456
f 4476 4428 4427
f 3451 4445 4472
f 4445 3451 3452
f 4458 4461 4471
f 4454 4461 4458
f 4460 4467 4469
f 4432 4474 4478
f 4478 4474 4427
f 3468 3467 4465
f 3465 4466 3466
f 4466 3465 4468
f 4462 4431 4463
f 4470 3463 3449
f 3465 3464 4468
f 3469 3468 4465
f 3508 4463 3509
f 4456 3509 4463
f 3509 4456 3510
f 3463 4468 3464
f 4468 3463 4470
f 3469 4464 3470
f 4464 3469 4465
f 3470 4453 3471
f 4453 3470 4464
f 3448 4472 4470
f 4472 3448 3450
f 4470 3449 3448
f 2890 4479 2891
f 4479 2890 4480
f 4481 2858 2859
f 2859 4482 4481
f 4482 2859 2860
f 2890 2889 4480
f 2892 4479 4483
f 4479 2892 2891
f 4479 4480 4484
f 2878 4485 2877
f 2871 4484 4486
f 4484 2871 2870
f 4487 2878 2879
f 2878 4487 4485
f 4488 4489 4490
f 4489 4488 4483
f 2864 2898 4491
f 2898 2864 2865
f 2862 4491 4492
f 4491 2862 2863
f 2881 4489 2880
f 2888 4480 2889
f 4480 2888 4493
f 2873 4493 2874
f 4494 4490 4495
f 4481 2856 2855
f 2856 4481 2886
f 4484 4480 4493
f 4484 4493 4486
f 2870 4485 4484
f 4485 2870 2869
f 4487 4484 4485
f 2866 4485 2868
f 4482 4495 4481
f 4492 2861 2862
f 4494 4488 4490
f 2898 2897 4491
f 4490 2882 2884
f 4487 2880 4489
f 2880 4487 2879
f 2894 4488 2896
f 4483 4479 4489
f 4490 2881 2882
f 2881 4490 4489
f 4491 4482 4492
f 2875 2887 2876
f 2887 2875 4493
f 2888 2887 4493
f 2874 4493 2875
f 2868 4485 2869
f 4491 2857 2864
f 4481 2855 2858
f 2896 4494 2895
f 4494 2896 4488
f 4496 4494 4482
f 4496 2897 2899
f 2897 4496 4491
f 2860 4492 4482
f 4492 2860 2861
f 4487 4479 4484
f 4489 4479 4487
f 4483 2893 2892
f 2894 4483 4488
f 4483 2894 2893
f 4481 2885 2886
f 2871 4486 2872
f 2873 4486 4493
f 4486 2873 2872
f 2867 4485 2866
f 4485 2867 2877
f 4495 2885 4481
f 2885 4495 2883
f 4495 2884 2883
f 2884 4495 4490
f 4491 2863 2857
f 4494 4495 4482
f 4496 4482 4491
f 2900 4494 4496
f 4494 2900 2895
f 2899 2900 4496
f 4497 3042 3041
f 2955 2956 4498
f 3067 4499 3065
f 4500 4501 4502
f 4497 3043 3042
f 3043 4497 4503
f 4504 4505 4506
f 4507 3002 4508
f 3002 4507 3001
f 3071 4509 3069
f 4510 3026 3024
f 3026 4510 4501
f 4511 4510 4512
f 4510 3024 3022
f 3005 4513 3004
f 4513 4514 4515
f 3006 4513 3005
f 4498 4516 4503
f 4505 4517 4506
f 4509 4500 4502
f 2930 4518 2926
f 4518 2930 4519
f 4501 3015 3014
f 4499 3069 4509
f 3069 4499 3067
f 4511 4512 4520
f 3040 4521 4497
f 4521 3040 3039
f 3000 4507 4522
f 4507 3000 3001
f 2951 3009 2949
f 3009 2951 3008
f 4514 4497 4521
f 4514 4503 4497
f 3003 4508 3002
f 4503 3044 3043
f 2966 3015 4501
f 2964 3015 2966
f 3015 2964 3029
f 2975 2974 4523
f 4523 4500 4509
f 4524 4519 4525
f 4499 4502 4526
f 4527 3022 3020
f 3022 4527 4510
f 4513 4498 4514
f 4497 3041 3040
f 2964 3012 3029
f 3012 2964 2962
f 2953 3006 3007
f 3006 2953 2954
f 3006 2954 4513
f 2953 3008 2951
f 3008 2953 3007
f 2955 4513 2954
f 4513 2955 4498
f 4508 4515 4528
f 4529 4528 4530
f 4508 3004 4513
f 3004 4508 3003
f 4498 4503 4514
f 2960 3009 3010
f 3009 2960 2949
f 4513 4515 4508
f 4507 4531 4522
f 2918 4506 2919
f 4532 4524 4525
f 2958 2959 4516
f 2957 2958 4516
f 4500 2972 2970
f 2972 4500 4523
f 2974 2972 4523
f 4512 4510 4533
f 4509 4502 4499
f 4534 4501 4510
f 4535 4526 4536
f 4502 4501 4534
f 4528 4537 4530
f 4538 3039 3037
f 3039 4538 4521
f 2962 3010 3012
f 3010 2962 2960
f 2999 3000 4522
f 4515 4514 4528
f 4514 4521 4528
f 4507 4508 4531
f 4522 4539 4504
f 4531 4530 4540
f 4518 3034 3036
f 3034 4518 4541
f 2957 4498 2956
f 4498 2957 4516
f 3045 4503 4516
f 4503 3045 3044
f 3045 2959 2952
f 2959 3045 4516
f 3073 4509 3071
f 4509 3073 4523
f 3073 2975 4523
f 2975 3073 2977
f 4542 2943 2945
f 2943 4532 2941
f 4532 2943 4542
f 4532 2938 2941
f 4525 2932 2934
f 4543 4544 4519
f 4510 4527 4533
f 4544 4541 4519
f 4527 3016 4541
f 3016 4527 3020
f 4534 4510 4511
f 4502 4534 4511
f 2970 2967 4500
f 4501 2967 2966
f 2967 4501 4500
f 4545 3031 4522
f 3031 4545 3032
f 2922 4546 2923
f 2922 4517 4546
f 4517 2922 2921
f 4547 4505 4504
f 4539 4548 4504
f 4528 4521 4537
f 4531 4529 4530
f 3037 4537 4538
f 3037 4530 4537
f 3037 4540 4530
f 3037 4548 4540
f 3037 4547 4548
f 3037 4505 4547
f 3037 4517 4505
f 3038 4517 3037
f 4517 3038 4546
f 2945 3056 4542
f 3056 2945 2947
f 2932 4519 2930
f 4519 2932 4525
f 4536 4511 4520
f 4526 3063 4499
f 3063 4526 3062
f 3065 4499 3063
f 4533 4527 4541
f 4519 4541 4518
f 4526 4511 4536
f 4526 4502 4511
f 2999 4522 3031
f 2915 4545 2914
f 4545 2915 3032
f 4522 4504 4545
f 2923 3038 2924
f 3038 2923 4546
f 4531 4540 4548
f 4521 4538 4537
f 4508 4528 4529
f 4508 4529 4531
f 2927 4518 3036
f 4518 2927 2926
f 2938 4525 2935
f 4525 2938 4532
f 4525 2934 2935
f 4524 4549 4519
f 4549 4543 4519
f 4512 4533 4520
f 4520 4533 4550
f 4550 4533 4543
f 4541 3018 3034
f 3016 3018 4541
f 4535 3062 4526
f 3062 4535 3058
f 2916 4545 4504
f 4545 2916 2914
f 2917 4504 4506
f 4504 2917 2916
f 4539 4531 4548
f 4522 4531 4539
f 4548 4547 4504
f 4536 3058 4535
f 4520 3058 4536
f 4550 3058 4520
f 4543 3058 4550
f 4549 3058 4543
f 4524 3058 4549
f 4532 3058 4524
f 3056 4532 4542
f 4532 3056 3058
f 4533 4541 4544
f 4533 4544 4543
f 4501 3014 3026
f 2920 4517 2921
f 2920 4506 4517
f 4506 2920 2919
f 2917 4506 2918
f 4551 3064 3061
f 3064 4551 4552
f 4553 4554 4555
f 2968 4556 2965
f 4556 2968 4557
f 4553 4558 4554
f 4559 4560 4561
f 3053 4555 3052
f 4562 3023 4563
f 3023 4562 3021
f 4564 4565 4566
f 4557 4567 4568
f 4569 4570 4571
f 2963 3028 3030
f 3028 2963 2965
f 3028 2965 4556
f 2983 2982 4558
f 2931 4572 2933
f 4573 4574 4575
f 4576 4577 4573
f 2978 2979 2996
f 4578 2993 2992
f 4568 4567 4552
f 4552 3066 3064
f 4579 4552 4551
f 3028 4556 3013
f 4567 3072 3070
f 4552 3068 3066
f 3054 4555 3053
f 4580 4581 4564
f 2985 3050 2986
f 3050 2985 4553
f 4580 2992 2988
f 2992 4580 4578
f 4581 2987 2991
f 2987 4581 4580
f 4574 4580 4564
f 4582 4583 4584
f 2904 4584 2902
f 4584 2904 4582
f 4580 2988 2987
f 4581 2989 4583
f 2989 4581 2991
f 4567 2971 2973
f 2971 4567 4557
f 4585 4561 4586
f 3074 2973 2976
f 2973 3074 4567
f 2939 4587 2940
f 2980 2996 2995
f 2996 2980 2978
f 4578 2982 2981
f 2982 4578 4558
f 2933 4572 2936
f 4563 4561 4585
f 4557 4568 4559
f 3051 3050 4553
f 4555 4576 4588
f 4554 4558 4577
f 2989 2990 4583
f 4564 4581 4583
f 2969 2971 4557
f 2968 2969 4557
f 4556 4557 4559
f 4556 4559 4563
f 2981 2994 4578
f 2980 2994 2981
f 2994 2980 2995
f 2963 3011 2961
f 3011 2963 3030
f 3061 4589 4551
f 3061 4590 4589
f 3061 4586 4590
f 3061 4569 4586
f 3061 4570 4569
f 3061 4591 4570
f 3061 4587 4591
f 3057 4587 3061
f 4587 3057 4592
f 2942 4587 4592
f 4587 2942 2940
f 4585 4586 4569
f 4579 4551 4589
f 4563 4559 4561
f 4554 4577 4576
f 4577 4580 4574
f 4588 3052 4555
f 3052 4588 3049
f 2909 4593 2908
f 4593 2909 4594
f 4573 4577 4574
f 4555 4554 4576
f 4583 2990 2997
f 4566 4565 4582
f 4594 2909 2910
f 3074 3072 4567
f 2937 4572 4591
f 4572 2937 2936
f 2925 4595 2928
f 4595 2925 3035
f 4596 4597 4571
f 2939 4591 4587
f 4591 2939 2937
f 4596 4571 4595
f 4561 4560 4589
f 3046 2901 2913
f 2908 4598 2907
f 4598 2908 4593
f 3051 4553 3055
f 4555 3055 4553
f 3055 4555 3054
f 4577 4578 4580
f 4558 4578 4577
f 4574 4564 4599
f 2950 2961 3011
f 4578 2994 2993
f 4552 3070 3068
f 3070 4552 4567
f 4563 3027 4556
f 3027 4563 3025
f 3013 4556 3027
f 2929 4595 4571
f 4595 2929 2928
f 2931 4571 4572
f 4571 2931 2929
f 2944 3060 2946
f 3060 2944 3059
f 2946 3060 2948
f 4568 4552 4579
f 4559 4568 4579
f 4561 4589 4590
f 4561 4590 4586
f 2905 4582 2904
f 4582 2905 4598
f 4593 4582 4598
f 4553 2984 4558
f 2984 4553 2985
f 2984 2983 4558
f 4575 4574 4600
f 4600 4574 4599
f 4576 4573 4575
f 4588 4576 4575
f 4599 4564 4566
f 4584 2997 2998
f 2997 4584 4583
f 2903 4584 2998
f 4584 2903 2902
f 3025 4563 3023
f 4571 4591 4572
f 4570 4591 4571
f 4595 3033 4596
f 3033 4595 3035
f 3059 4592 3057
f 2942 3059 2944
f 3059 2942 4592
f 4560 4579 4589
f 4559 4579 4560
f 2912 3046 3048
f 3046 2912 2901
f 4565 4583 4582
f 4564 4583 4565
f 3017 3019 4596
f 4597 4569 4571
f 4597 4585 4569
f 4575 3049 4588
f 4600 3049 4575
f 4599 3049 4600
f 4566 3049 4599
f 4601 3049 4566
f 4593 3049 4601
f 4594 3049 4593
f 3047 4594 4602
f 4594 3047 3049
f 4602 3048 3047
f 2911 3048 4602
f 3048 2911 2912
f 2911 4594 2910
f 4594 2911 4602
f 4598 2906 2907
f 4598 2905 2906
f 4593 4601 4582
f 4601 4566 4582
f 4596 4585 4597
f 3019 4562 4596
f 4562 3019 3021
f 3017 4596 3033
f 4562 4585 4596
f 4562 4563 4585
f 4603 4604 4605
f 4606 4607 4608
f 4609 4610 4611
f 1925 4612 1924
f 4606 4608 4613
f 4612 1923 1924
f 1923 4612 4614
f 4611 4615 4616
f 4617 1916 1915
f 4618 1927 4619
f 1927 4618 1926
f 4605 4620 4621
f 4622 4617 4623
f 4624 1875 1874
f 1875 4624 4613
f 4614 4607 4625
f 1910 4611 1911
f 4611 1910 4615
f 4626 4627 4628
f 4610 1915 1914
f 1915 4610 4617
f 1917 4622 1918
f 4622 1917 4617
f 1911 4629 1912
f 4629 1911 4611
f 1860 4630 1859
f 4630 1860 4631
f 1863 4632 4633
f 4632 1863 1864
f 4613 4627 4626
f 1876 4613 4626
f 4613 1876 1875
f 4613 4608 4627
f 1869 4634 1871
f 4614 1922 1923
f 1922 4614 4635
f 1917 1916 4617
f 4629 1914 1913
f 1914 4629 4610
f 4616 4636 4620
f 1867 4628 1865
f 4628 1867 4626
f 1928 4619 1927
f 4637 4638 4607
f 4630 1857 1858
f 1857 4630 4620
f 4621 4620 4631
f 1866 4626 1867
f 1876 4626 1866
f 4618 4639 4638
f 4614 4637 4607
f 4612 4618 4614
f 4612 1926 4618
f 1926 4612 1925
f 4640 4604 4603
f 4604 4640 4638
f 4638 4640 4607
f 4641 4631 4642
f 4643 4611 4616
f 4629 1913 1912
f 4610 4629 4611
f 4627 4641 4642
f 4641 4627 4608
f 4615 1910 1909
f 1852 4615 1909
f 4615 1852 4616
f 4630 1858 1859
f 4644 4606 4613
f 4634 4645 4644
f 1928 1929 4619
f 4638 4623 4604
f 4623 4638 4639
f 1922 4635 1921
f 1870 4645 1868
f 4635 4614 4645
f 4618 4638 4637
f 4618 4637 4614
f 4623 4617 4610
f 4619 4646 4639
f 4607 4640 4608
f 4608 4603 4641
f 4603 4608 4640
f 4609 4611 4605
f 4605 4611 4643
f 1864 4628 4632
f 4628 1864 1865
f 4628 4642 4632
f 4642 4628 4627
f 4641 4621 4631
f 4636 1855 1856
f 4616 1852 1853
f 4644 4607 4606
f 4625 4607 4644
f 4619 4639 4618
f 1929 4646 4619
f 4646 1929 1919
f 4635 1920 1921
f 1920 4635 4645
f 4634 1868 4645
f 1868 4634 1869
f 4623 4610 4604
f 4604 4610 4609
f 4604 4609 4605
f 4605 4643 4620
f 4643 4616 4620
f 4642 4633 4632
f 4620 4630 4631
f 4605 4621 4641
f 4603 4605 4641
f 4633 1862 1863
f 4633 1861 1862
f 1856 4620 4636
f 4620 1856 1857
f 4636 1854 1855
f 1854 4636 4616
f 4644 1871 4634
f 1871 4644 1872
f 4624 4644 4613
f 4639 4622 4623
f 4622 4639 4646
f 1919 4622 4646
f 4622 1919 1918
f 4645 4625 4644
f 4614 4625 4645
f 4642 4631 4633
f 4631 1861 4633
f 1861 4631 1860
f 4624 1872 4644
f 1872 4624 1873
f 1873 4624 1874
f 1920 4645 1870
f 4616 1853 1854
f 4647 4648 4649
f 4650 4651 4652
f 3689 4653 3690
f 4654 4655 4656
f 4655 4654 4657
f 4658 3638 3639
f 3638 4658 4659
f 3581 4657 4654
f 4657 3581 3575
f 4660 4661 4662
f 4663 4664 4665
f 4666 4667 4664
f 4668 4669 4670
f 4671 4672 4673
f 4657 4660 4674
f 4647 4675 4648
f 4676 4677 4678
f 4679 4671 4680
f 3579 3580 3619
f 4681 4682 4683
f 4684 4662 4685
f 4685 3613 3612
f 4686 4687 4688
f 4660 4662 4689
f 4690 4679 4691
f 4679 4690 4692
f 3694 4693 3695
f 3594 4694 4695
f 4694 3594 3595
f 4688 4663 4665
f 4685 3614 3613
f 3617 4661 3618
f 4661 3617 4662
f 4696 4697 4698
f 4662 3617 3616
f 3666 4668 3665
f 4668 3666 4699
f 3662 4700 3661
f 4700 3662 4670
f 4701 4702 4703
f 3576 3577 4660
f 4704 4674 4672
f 4705 4692 4677
f 4655 4704 4706
f 3692 4707 3693
f 3679 4708 3680
f 4709 3642 4710
f 3642 4709 3641
f 4710 4686 4711
f 4712 4713 4699
f 3618 3578 3579
f 3618 3579 3619
f 3578 3618 4661
f 4661 3577 3578
f 3577 4661 4660
f 4689 4662 4697
f 4696 4698 4714
f 4692 4690 4677
f 4677 4690 4678
f 4715 4716 4717
f 4680 4671 4647
f 4718 4719 4720
f 4674 4660 4696
f 4672 4696 4714
f 4674 4696 4672
f 4721 4722 4666
f 3576 4657 3575
f 4657 3576 4660
f 4716 4723 4692
f 4673 4672 4675
f 4691 4718 4720
f 3691 4653 4707
f 4653 3691 3690
f 3665 4670 3664
f 4670 3665 4668
f 4697 4724 4650
f 3637 3638 4659
f 4665 4664 4725
f 3645 4687 4710
f 4687 3645 3646
f 4667 4715 4726
f 4664 4667 4726
f 3647 4727 4687
f 4727 3647 3630
f 3647 4687 3646
f 3615 4662 3616
f 4662 3615 4685
f 3615 3614 4685
f 4684 4685 4728
f 4697 4728 4724
f 4660 4689 4696
f 4696 4689 4697
f 4729 4711 4730
f 4670 3662 3663
f 4731 4677 4700
f 4732 4700 4670
f 4703 4731 4700
f 4700 4677 4676
f 4726 4715 4717
f 4717 4705 4677
f 4719 3679 3678
f 3679 4719 4708
f 4672 4714 4675
f 4655 4657 4704
f 4657 4674 4704
f 4654 3582 3581
f 3582 4654 4722
f 4687 4721 4688
f 3583 3582 4722
f 4654 4656 4733
f 4667 4733 4716
f 4704 4672 4671
f 4734 4647 4649
f 4706 4704 4671
f 4706 4671 4679
f 4694 3595 3596
f 4728 4735 4651
f 3644 4710 3643
f 4710 4711 4709
f 4732 4703 4700
f 4736 4726 4701
f 4702 4717 4703
f 4713 4737 4669
f 4714 4698 4650
f 4698 4697 4650
f 4735 4728 4738
f 4670 3663 3664
f 4713 4668 4699
f 4665 4725 4739
f 3636 3637 4659
f 3657 4720 3656
f 4720 3657 4678
f 4716 4692 4705
f 4716 4705 4717
f 4717 4677 4731
f 4717 4731 4703
f 4649 4740 4681
f 4650 4652 4741
f 4675 4714 4742
f 4666 4743 4667
f 4743 4654 4733
f 4687 4686 4710
f 4686 4688 4711
f 4688 4666 4663
f 4721 4666 4688
f 4691 4679 4718
f 3677 4719 3678
f 4719 3677 4720
f 4671 4673 4647
f 4673 4675 4647
f 4648 4675 4744
f 4708 4745 4746
f 3693 4693 3694
f 4693 3693 4707
f 4738 4651 4735
f 4747 4651 4738
f 4747 4652 4651
f 4748 4652 4747
f 4748 4741 4652
f 4749 4741 4748
f 4749 4750 4741
f 4751 4750 4749
f 4751 4752 4750
f 4753 4752 4751
f 4753 4754 4752
f 4755 4754 4753
f 4755 4756 4754
f 4695 4756 4755
f 4695 4682 4756
f 4694 4682 4695
f 4694 4757 4682
f 4758 4757 4694
f 4758 4759 4757
f 4693 4759 4758
f 4693 4653 4759
f 4653 4693 4707
f 3684 4746 4683
f 4746 3684 3683
f 3623 4760 3620
f 3607 3606 4748
f 3604 3603 4751
f 3695 4758 3597
f 3695 3597 3598
f 4758 3695 4693
f 3596 4758 4694
f 4758 3596 3597
f 4695 3593 3594
f 4753 3602 3590
f 3643 4710 3642
f 4663 4666 4664
f 4711 4688 4761
f 4726 4717 4702
f 4713 4669 4668
f 4727 3583 4722
f 3583 4727 3584
f 3630 3584 4727
f 3584 3630 3586
f 3586 3630 3631
f 3587 3586 3631
f 4662 4684 4697
f 4697 4684 4728
f 4650 4724 4651
f 4724 4728 4651
f 3668 4699 3667
f 4699 3668 4712
f 4699 3666 3667
f 4701 4703 4762
f 4743 4733 4667
f 4667 4716 4715
f 4754 4756 4681
f 4744 4742 4752
f 4718 4647 4734
f 4734 4649 4708
f 4648 4744 4649
f 4740 4754 4681
f 4714 4650 4763
f 4714 4763 4742
f 4722 4654 4743
f 4722 4743 4666
f 4711 4761 4730
f 4680 4647 4718
f 4679 4680 4718
f 4678 4691 4720
f 4691 4678 4690
f 3656 4720 3677
f 3681 4708 4746
f 4708 3681 3680
f 4649 4681 4745
f 3691 4707 3692
f 3688 4757 4759
f 4757 3688 3687
f 4742 4741 4750
f 3685 4764 3686
f 3628 4765 3622
f 4760 3622 4765
f 3622 4760 3623
f 4766 3673 3674
f 3608 3607 4748
f 3602 4751 3603
f 4751 3602 4753
f 3625 4767 3624
f 4768 3632 3635
f 3632 4768 4769
f 3644 3645 4710
f 3612 4770 4685
f 4770 3612 3611
f 4728 4685 4770
f 3609 4738 3610
f 4738 3609 4747
f 4762 4703 4669
f 4725 4736 4739
f 4659 3635 3636
f 3635 4659 4768
f 4692 4706 4679
f 4706 4692 4723
f 4723 4655 4706
f 4655 4723 4656
f 4649 4745 4708
f 4681 4683 4746
f 4744 4752 4754
f 4675 4742 4744
f 4727 4722 4687
f 4687 4722 4721
f 4733 4723 4716
f 4733 4656 4723
f 4761 4665 4730
f 4761 4688 4665
f 3660 4676 3659
f 4676 3660 4700
f 4700 3660 3661
f 4763 4650 4741
f 4742 4763 4741
f 4756 4682 4681
f 4683 4682 4764
f 3685 4683 4764
f 4683 3685 3684
f 3689 4759 4653
f 4759 3689 3688
f 3676 4771 4772
f 4771 3676 3621
f 3621 3676 3629
f 3672 4773 3671
f 4773 3672 4766
f 3592 4695 4755
f 4695 3592 3593
f 4753 3590 3589
f 3589 4755 4753
f 4755 3589 3591
f 3610 4770 3611
f 4770 3610 4738
f 4728 4770 4738
f 4774 4736 4775
f 4701 4762 4776
f 4726 4702 4701
f 4736 4701 4775
f 4709 3640 3641
f 3640 4709 4777
f 3633 3632 4769
f 4765 3627 4778
f 3627 4765 3628
f 4718 4734 4708
f 4718 4708 4719
f 4740 4744 4754
f 4649 4744 4740
f 4742 4750 4752
f 4682 4757 4764
f 3687 4764 4757
f 4764 3687 3686
f 3674 4772 4766
f 4772 3674 3675
f 4755 3591 3592
f 3608 4747 3609
f 4747 3608 4748
f 4779 4665 4739
f 4730 4665 4779
f 4775 4701 4776
f 4669 4732 4670
f 4669 4703 4732
f 4737 4776 4669
f 4776 4762 4669
f 4664 4726 4736
f 4725 4664 4736
f 4711 4729 4777
f 4709 4711 4777
f 4769 3634 3633
f 3634 4769 4767
f 3634 4767 3625
f 4745 4681 4746
f 4678 3657 3658
f 4676 3658 3659
f 3658 4676 4678
f 4771 3620 4760
f 3620 4771 3621
f 4772 3675 3676
f 4766 3672 3673
f 4730 4777 4729
f 4779 4777 4730
f 4779 4658 4777
f 4739 4658 4779
f 4739 4659 4658
f 4774 4659 4739
f 4774 4768 4659
f 4775 4768 4774
f 4775 4769 4768
f 4776 4769 4775
f 4776 4767 4769
f 4737 4767 4776
f 4737 4778 4767
f 4713 4778 4737
f 4713 4765 4778
f 4712 4765 4713
f 4712 4760 4765
f 4780 4760 4712
f 4780 4771 4760
f 4773 4771 4780
f 4773 4772 4771
f 4772 4773 4766
f 3604 4749 3605
f 4749 3604 4751
f 3605 4748 3606
f 4748 3605 4749
f 4739 4736 4774
f 4777 3639 3640
f 3639 4777 4658
f 4778 3624 4767
f 3624 4778 3626
f 3626 4778 3627
f 3681 4746 3682
f 3682 4746 3683
f 4773 3670 3671
f 3670 4780 3669
f 4780 3670 4773
f 3669 4712 3668
f 4712 3669 4780
f 1834 4781 1838
f 4782 4783 4784
f 4785 4786 4787
f 4788 4789 4790
f 4791 4792 4787
f 4792 4791 4793
f 4794 4795 4796
f 4797 3717 3718
f 4798 4799 4800
f 4799 4798 4801
f 4802 4803 4804
f 4805 4796 4806
f 4807 4796 4805
f 1882 4790 1883
f 4790 1882 4808
f 4809 4790 4810
f 4811 4800 4809
f 4812 4813 4803
f 4811 4809 4814
f 4815 4806 4793
f 3725 4816 4817
f 4816 3725 3721
f 4784 4783 4818
f 3144 3143 4819
f 4820 1890 1889
f 4796 4821 4822
f 4794 3141 4795
f 3141 4794 3142
f 4823 4824 4825
f 1838 4781 1829
f 4826 1907 1906
f 1907 4826 4827
f 1892 4828 1894
f 4828 1892 4820
f 1892 1890 4820
f 4829 4797 4791
f 4818 3714 3715
f 3714 4818 4783
f 3712 4830 3711
f 4830 3712 4783
f 4831 1906 1831
f 1906 4831 4826
f 4807 4805 4832
f 4817 4815 4793
f 4806 4792 4793
f 3716 3717 4797
f 4832 4815 4817
f 4831 1903 4833
f 1903 4831 1904
f 4834 4835 4801
f 4799 4788 4800
f 3726 4836 3720
f 3724 4817 3723
f 3138 3137 3729
f 4837 4807 4832
f 4838 4819 4794
f 4839 4824 4840
f 4801 4828 4799
f 4828 4801 4835
f 3141 3140 4795
f 4826 4823 4781
f 4788 1889 1888
f 1889 4788 4820
f 1900 1899 4834
f 4808 1882 1814
f 4821 4841 4822
f 4842 4830 4783
f 4839 4840 4821
f 4843 4821 4796
f 3719 4844 4845
f 4844 3719 3722
f 4816 4832 4817
f 1899 4835 4834
f 4835 1899 1897
f 1897 4828 4835
f 4828 1897 1894
f 3724 3725 4817
f 4836 4837 4832
f 4836 4832 4816
f 4816 3720 4836
f 3720 4816 3721
f 3142 4819 3143
f 4819 3142 4794
f 4846 4847 4836
f 4827 4826 4781
f 4798 4848 4824
f 4824 4848 4840
f 4827 1834 1908
f 1834 4827 4781
f 4789 1888 1886
f 1888 4789 4788
f 4810 4790 4812
f 4799 4820 4788
f 4828 4820 4799
f 1813 4808 1814
f 4808 1813 4812
f 4849 4784 4850
f 4851 4852 4853
f 4800 4788 4854
f 4800 4854 4809
f 4809 4803 4802
f 4803 4852 4851
f 4841 4814 4855
f 4814 4841 4840
f 3716 4818 3715
f 4818 3716 4797
f 3710 3128 3130
f 4830 3710 3711
f 3710 4830 3128
f 3130 3131 3710
f 4838 4794 4807
f 4807 4794 4796
f 4832 4805 4806
f 4832 4806 4815
f 4821 4840 4841
f 4845 4793 4791
f 4793 4845 4844
f 1904 4831 1831
f 4847 4837 4836
f 3726 3727 4836
f 4847 4807 4837
f 4847 4838 4807
f 4838 3144 4819
f 3144 4838 3145
f 4846 3727 3728
f 3727 4846 4836
f 1907 4827 1908
f 4833 4801 4798
f 4834 4801 4833
f 4826 4824 4823
f 4831 4833 4826
f 4840 4811 4814
f 4811 4840 4848
f 4848 4800 4811
f 4800 4848 4798
f 4825 4839 4821
f 4825 4824 4839
f 4789 1886 1884
f 4790 4808 4812
f 1883 4789 1884
f 4789 1883 4790
f 4812 1813 1812
f 4856 4842 4782
f 4849 4856 4784
f 4810 4812 4803
f 4809 4810 4803
f 4814 4802 4804
f 4809 4802 4814
f 4857 4855 4785
f 4855 4857 4841
f 4822 4841 4857
f 4787 4850 4791
f 4829 4784 4797
f 4806 4822 4792
f 4796 4822 4806
f 4781 4823 4825
f 4858 4781 4825
f 4825 1836 4858
f 4825 1837 1836
f 1837 4795 3139
f 4795 1837 4825
f 4843 4825 4821
f 3723 4844 3722
f 4844 3723 4817
f 4817 4793 4844
f 3718 4845 4797
f 4845 3718 3719
f 4791 4797 4845
f 4833 1902 4834
f 1902 4833 1903
f 1900 4834 1902
f 4846 3132 4847
f 3132 4846 3135
f 3135 3729 3137
f 4846 3729 3135
f 3729 4846 3728
f 4833 4798 4859
f 4833 4859 4826
f 1830 4858 1836
f 3140 3139 4795
f 4858 1829 4781
f 1829 4858 1830
f 4854 4788 4790
f 4854 4790 4809
f 4813 1815 1816
f 1815 4813 4812
f 4804 4851 4853
f 3118 3119 4852
f 4860 4861 4862
f 4862 4861 4856
f 4784 4818 4797
f 3117 3118 4852
f 4813 1816 1817
f 4856 4782 4784
f 4814 4804 4855
f 4862 4856 4853
f 4822 4857 4792
f 4787 4857 4785
f 4857 4787 4792
f 4853 4856 4849
f 4786 4850 4787
f 4795 4825 4843
f 4795 4843 4796
f 3146 3145 4838
f 4826 4859 4824
f 4859 4798 4824
f 4861 3122 3123
f 3122 4861 4860
f 3117 4852 1818
f 1817 4803 4813
f 1818 4803 1817
f 4803 1818 4852
f 4782 4842 4783
f 4861 4842 4856
f 4783 3713 3714
f 3712 3713 4783
f 4842 3125 3126
f 3125 4842 4861
f 4804 4853 4786
f 4803 4851 4804
f 4852 4862 4853
f 4855 4804 4786
f 4855 4786 4785
f 4850 4784 4829
f 4850 4829 4791
f 3132 3134 4847
f 4847 3147 4838
f 3147 4847 3134
f 4862 3119 3120
f 3119 4862 4852
f 4860 3120 3121
f 3120 4860 4862
f 3121 3122 4860
f 4830 3127 3128
f 3127 4830 4842
f 3126 3127 4842
f 4786 4853 4850
f 4853 4849 4850
f 3147 3146 4838
f 4812 1812 1815
f 3124 3125 4861
f 3123 3124 4861
f 256 4863 257
f 4864 4865 4866
f 259 4867 260
f 156 4868 155
f 4868 156 4869
f 4870 149 150
f 149 4870 4871
f 162 4872 4873
f 4872 162 163
f 265 4874 266
f 4875 4876 4873
f 4877 4865 4878
f 4879 4880 4876
f 4878 4881 4874
f 4880 4882 4883
f 4882 4880 4884
f 4885 166 167
f 4871 147 148
f 4871 148 149
f 4873 4869 4886
f 159 4886 4869
f 4886 159 160
f 4878 265 264
f 265 4878 4874
f 4865 4881 4878
f 138 4887 146
f 4887 138 4888
f 258 4867 259
f 4867 258 4863
f 166 4889 165
f 4889 166 4885
f 4876 4880 4890
f 4870 4883 4871
f 3338 3339 3345
f 4885 167 168
f 266 4874 267
f 4890 4880 4870
f 264 4891 4878
f 4891 264 263
f 4881 4892 4874
f 4893 4864 4879
f 4864 4893 4865
f 261 4891 262
f 4891 261 4894
f 4866 4865 4877
f 4895 150 151
f 150 4895 4870
f 4894 4878 4891
f 4896 168 170
f 168 4896 4885
f 4876 4897 4873
f 165 4872 164
f 4872 165 4889
f 4898 4899 4900
f 4884 4866 4899
f 4868 154 155
f 4873 4897 4869
f 262 4891 263
f 4866 4877 4894
f 4901 4893 4889
f 4896 268 4892
f 268 4896 170
f 4892 267 4874
f 267 4892 268
f 3340 3345 3339
f 3345 3340 3344
f 3340 3341 3344
f 4902 4866 4894
f 4902 4894 4863
f 4877 4878 4894
f 4883 4887 4888
f 4887 4883 4882
f 4883 4888 4871
f 4887 246 146
f 246 4887 4903
f 4899 4866 4900
f 4866 4902 4900
f 4886 160 161
f 4869 156 157
f 161 4873 4886
f 4873 161 162
f 4889 4873 4872
f 4897 4876 4904
f 4880 4883 4870
f 4893 4875 4889
f 4901 4865 4893
f 4865 4901 4881
f 4879 4884 4880
f 4884 4879 4864
f 4884 4864 4866
f 4863 4894 4867
f 260 4894 261
f 4894 260 4867
f 147 4888 138
f 4888 147 4871
f 4887 4882 4903
f 256 4905 4863
f 4905 256 255
f 4890 4870 4904
f 4876 4890 4904
f 4869 157 159
f 4872 163 164
f 4897 4904 4869
f 4869 4904 4868
f 154 4904 153
f 4904 154 4868
f 4904 4870 4895
f 4901 4889 4885
f 4889 4875 4873
f 250 4906 251
f 4898 248 4903
f 248 4898 249
f 246 4903 247
f 4900 4863 4905
f 4900 4902 4863
f 153 4895 152
f 4895 153 4904
f 4895 151 152
f 4893 4876 4875
f 4893 4879 4876
f 253 4900 4905
f 4900 253 252
f 252 4906 4900
f 4906 252 251
f 4882 4898 4903
f 4898 4900 4906
f 4896 4881 4901
f 4881 4896 4892
f 4896 4901 4885
f 257 4863 258
f 247 4903 248
f 4906 249 4898
f 249 4906 250
f 253 4905 255
f 4884 4899 4898
f 4882 4884 4898
f 4907 4908 4909
f 4910 4911 4912
f 4913 4914 4915
f 4916 4917 4918
f 4919 4916 4918
f 4915 1508 1507
f 1508 4915 4920
f 4921 4909 4922
f 4909 4921 4910
f 1451 4917 1449
f 4917 1451 4918
f 4923 1512 1511
f 1512 4923 4924
f 4925 1450 1452
f 1508 4920 1509
f 4910 4926 4909
f 4926 4910 4912
f 4920 4926 4923
f 4927 4928 4929
f 4908 4930 4922
f 1454 4925 1452
f 4925 1454 4931
f 4921 4932 4910
f 4933 4922 4930
f 4922 4933 4921
f 1446 4916 4934
f 4916 1446 1448
f 4912 4923 4926
f 4923 4912 4924
f 4915 4926 4920
f 4915 4909 4926
f 4928 4930 4908
f 4935 1517 1513
f 4934 1456 1446
f 4917 1447 1449
f 4918 4925 4931
f 1450 4918 1451
f 4918 1450 4925
f 4918 4936 4932
f 4919 4918 4932
f 4935 1518 1517
f 1518 4935 4937
f 4923 1510 4920
f 1510 4923 1511
f 1509 4920 1510
f 4912 4911 4938
f 4935 1515 4911
f 1515 4935 1513
f 4907 4909 4915
f 4939 4908 4914
f 4940 1457 4934
f 1457 4940 1445
f 4914 4907 4915
f 4913 1507 1506
f 1507 4913 4915
f 1442 1443 4941
f 4932 4936 4937
f 4932 4937 4942
f 4932 4942 4910
f 4936 4931 4937
f 4918 4931 4936
f 4943 1437 1438
f 1437 4943 4929
f 4944 4945 4914
f 4944 1501 4945
f 1501 4944 1502
f 4911 1514 4938
f 1514 4911 1515
f 4937 4935 4911
f 4912 4938 4924
f 4924 1521 1512
f 1521 4924 4938
f 4941 4946 4947
f 4927 4947 4930
f 4929 4928 4908
f 4914 4908 4907
f 4913 1504 4914
f 1504 4913 1505
f 1505 4913 1506
f 4931 4948 4937
f 1516 4937 4948
f 4937 1516 1518
f 4948 1520 1519
f 1520 4948 4931
f 4948 1519 1516
f 4940 1444 1445
f 1444 4940 4946
f 4917 1448 1447
f 1448 4917 4916
f 1457 1456 4934
f 4914 1503 4944
f 1503 4914 1504
f 4942 4937 4911
f 4910 4942 4911
f 4927 4930 4928
f 4941 4947 4927
f 4908 4922 4909
f 4949 4929 4945
f 4939 4929 4908
f 1439 4943 1438
f 1440 4943 1439
f 4943 1440 4927
f 1434 1433 4945
f 4933 4916 4919
f 4940 4934 4950
f 4940 4947 4946
f 4947 4940 4950
f 4950 4930 4947
f 4930 4950 4933
f 4938 1514 1522
f 4938 1522 1521
f 4945 4929 4939
f 4945 4939 4914
f 4943 4927 4929
f 1434 4945 1501
f 4929 1436 1437
f 1436 4929 4949
f 4949 1433 1435
f 1433 4949 4945
f 4933 4932 4921
f 4933 4919 4932
f 4946 1443 1444
f 1443 4946 4941
f 4927 1441 4941
f 1441 4927 1440
f 1442 4941 1441
f 1436 4949 1435
f 1502 4944 1503
f 1454 1453 4931
f 4931 1453 1520
f 4950 4916 4933
f 4950 4934 4916
f 2852 2540 2546
f 2540 2852 2847
f 2541 2849 2543
f 2849 2541 2848
f 1754 2547 1753
f 2547 1754 2548
f 2851 2546 2545
f 2546 2851 2852
f 1764 2541 2542
f 2541 1764 2848
f 2848 1764 2839
f 2555 1763 2554
f 1763 2555 1762
f 1760 2556 2557
f 2556 1760 1761
f 2556 1762 2555
f 1762 2556 1761
f 2843 2537 2844
f 2537 2843 2536
f 1755 2548 1754
f 2548 1755 2549
f 1755 2550 2549
f 2550 1755 1756
f 2850 2545 2544
f 2545 2850 2851
f 2543 2850 2544
f 2850 2543 2849
f 1758 2553 2552
f 2553 1758 1759
f 2554 1764 2542
f 1764 2554 1763
f 2846 2538 2539
f 2538 2846 2845
f 1752 2842 2840
f 2842 1752 2535
f 2535 1752 2534
f 2845 2537 2538
f 2537 2845 2844
f 2842 2536 2843
f 2536 2842 2535
f 1753 2534 1752
f 2534 1753 2547
f 1757 2552 2551
f 2552 1757 1758
f 1759 2557 2553
f 2557 1759 1760
f 2847 2539 2540
f 2539 2847 2846
f 1756 2551 2550
f 2551 1756 1757
f 3163 2565 2571
f 2565 3163 3158
f 1898 2581 2576
f 2581 1898 1905
f 1839 2566 2567
f 2566 1839 3159
f 3159 1839 3150
f 2568 3161 2569
f 3161 2568 3160
f 3162 2571 2570
f 2571 3162 3163
f 2566 3160 2568
f 3160 2566 3159
f 2579 1832 2578
f 1832 2579 1833
f 1901 2579 2580
f 2579 1901 1833
f 2578 1835 2577
f 1835 2578 1832
f 3157 2563 2564
f 2563 3157 3156
f 1891 2572 1887
f 2572 1891 2573
f 3161 2570 2569
f 2570 3161 3162
f 1905 2580 2581
f 2580 1905 1901
f 2577 1839 2567
f 1839 2577 1835
f 3158 2564 2565
f 2564 3158 3157
f 1895 3153 3151
f 3153 1895 2560
f 2560 1895 2558
f 3154 2562 3155
f 2562 3154 2561
f 1887 2559 1885
f 2559 1887 2572
f 1891 2574 2573
f 2574 1891 1893
f 1896 2576 2575
f 2576 1896 1898
f 3153 2561 3154
f 2561 3153 2560
f 3156 2562 2563
f 2562 3156 3155
f 1885 2558 1895
f 2558 1885 2559
f 1893 2575 2574
f 2575 1893 1896
f 1991 3766 1979
f 3766 1991 3765
f 3761 1988 1987
f 1988 3761 3762
f 3756 1980 3755
f 1980 3756 1981
f 3771 1971 1972
f 1971 3771 3770
f 1990 3765 1991
f 3765 1990 3764
f 3758 1984 1983
f 1984 3758 3759
f 3757 1981 3756
f 1981 3757 1982
f 3757 1983 1982
f 1983 3757 3758
f 1979 3777 1978
f 3777 1979 3766
f 3767 1969 3768
f 1969 3767 1968
f 3768 1970 3769
f 1970 3768 1969
f 1989 3764 1990
f 3764 1989 3763
f 3762 1989 1988
f 1989 3762 3763
f 3760 1987 1985
f 1987 3760 3761
f 3755 1966 3754
f 1966 3755 1980
f 3759 1985 1984
f 1985 3759 3760
f 3773 1973 1974
f 1973 3773 3772
f 3772 1972 1973
f 1972 3772 3771
f 3770 1970 1971
f 1970 3770 3769
f 3754 1968 3767
f 1968 3754 1966
f 1977 3775 1976
f 3775 1977 3776
f 3775 1975 1976
f 1975 3775 3774
f 3774 1974 1975
f 1974 3774 3773
f 1978 3776 1977
f 3776 1978 3777
f 4951 4952 4953
f 4952 4951 4954
f 4955 4956 4957
f 4956 4955 4958
f 4959 4960 4961
f 4960 4959 4962
f 4962 4957 4960
f 4957 4962 4955
f 4963 4964 4965
f 4964 4963 4966
f 4967 4964 4966
f 4964 4967 4968
f 4969 4965 4970
f 4965 4969 4963
f 4971 4972 4973
f 4972 4971 4974
f 4975 4976 4977
f 4975 4978 4976
f 4979 4975 4980
f 4975 4981 4978
f 4979 4980 4982
f 4983 4978 4981
f 4984 4978 4983
f 4975 4985 4981
f 4975 4986 4985
f 4987 4982 4988
f 4975 4979 4986
f 4982 4987 4979
f 4988 4989 4987
f 4990 4989 4988
f 4990 4991 4989
f 4990 4992 4991
f 4993 4992 4990
f 4992 4993 4994
f 4974 4994 4993
f 4994 4974 4995
f 4971 4995 4974
f 4995 4971 4996
f 4997 4996 4971
f 4998 4978 4984
f 4978 4998 4959
f 4959 4998 4962
f 4999 4962 4998
f 4962 4999 4955
f 5000 4955 4999
f 5001 4955 5000
f 5001 4958 4955
f 5002 4958 5001
f 4969 5002 5003
f 4963 5003 5004
f 5002 4969 4958
f 4966 5004 5005
f 4967 5005 5006
f 4953 5006 5007
f 4996 4997 5008
f 5003 4963 4969
f 5009 5008 4997
f 5004 4966 4963
f 5008 5009 5007
f 5005 4967 4966
f 4951 5007 5009
f 5006 4953 4967
f 5007 4951 4953
f 5010 4959 4961
f 4959 5010 4978
f 4953 4968 4967
f 4968 4953 4952
f 4958 4970 4956
f 4970 4958 4969
f 4990 5011 5012
f 5011 4990 4988
f 4982 5013 5014
f 5013 4982 4980
f 4974 5015 4972
f 5015 4974 4993
f 4971 5016 4997
f 5016 4971 4973
f 5009 4954 4951
f 4954 5009 5017
f 4988 5014 5011
f 5014 4988 4982
f 5013 4975 5018
f 4975 5013 4980
f 4993 5012 5015
f 5012 4993 4990
f 4997 5017 5009
f 5017 4997 5016
f 5010 5019 5020
f 5010 5018 5019
f 5021 5010 4961
f 5010 5022 5018
f 5021 4961 4960
f 5023 5018 5022
f 5024 5018 5023
f 5010 5025 5022
f 5010 5026 5025
f 5027 4960 4957
f 5010 5021 5026
f 4960 5027 5021
f 4957 5028 5027
f 4956 5028 4957
f 4956 5029 5028
f 4956 5030 5029
f 4970 5030 4956
f 5030 4970 5031
f 4965 5031 4970
f 5031 4965 5032
f 4964 5032 4965
f 5032 4964 5033
f 4968 5033 4964
f 5034 5018 5024
f 5018 5034 5013
f 5013 5034 5014
f 5035 5014 5034
f 5014 5035 5011
f 5036 5011 5035
f 5037 5011 5036
f 5037 5012 5011
f 5038 5012 5037
f 5015 5038 5039
f 4972 5039 5040
f 5038 5015 5012
f 4973 5040 5041
f 5016 5041 5042
f 5017 5042 5043
f 5033 4968 5044
f 5039 4972 5015
f 4952 5044 4968
f 5040 4973 4972
f 5044 4952 5043
f 5041 5016 4973
f 4954 5043 4952
f 5042 5017 5016
f 5043 4954 5017
f 5019 4976 5020
f 4976 5019 4977
f 5045 5018 5046
f 5018 5047 5046
f 5047 5048 5049
f 5018 5048 5047
f 4975 5048 5018
f 5050 4975 5051
f 5048 4975 5050
f 5018 5045 5019
f 5049 5019 5045
f 5052 5049 5048
f 5052 5019 5049
f 4977 5052 5051
f 5052 4977 5019
f 4977 5051 4975
f 4976 5010 5020
f 5010 4976 4978
f 5048 5053 5054
f 5053 5048 5050
f 5048 5055 5052
f 5055 5048 5054
f 5051 5055 5056
f 5055 5051 5052
f 5053 5051 5056
f 5051 5053 5050
f 5053 5055 5054
f 5055 5053 5056
f 5046 5057 5058
f 5057 5046 5047
f 5046 5059 5045
f 5059 5046 5058
f 5049 5059 5060
f 5059 5049 5045
f 5057 5059 5058
f 5059 5057 5060
f 5057 5049 5060
f 5049 5057 5047
f 4981 5025 4983
f 5025 4981 5022
f 5043 5006 5044
f 5006 5043 5007
f 5002 5029 5030
f 5029 5002 5001
f 4989 5037 5036
f 5037 4989 4991
f 4979 5024 4986
f 5024 4979 5034
f 4999 5021 5027
f 5021 4999 4998
f 5000 5027 5028
f 5027 5000 4999
f 5004 5031 5032
f 5031 5004 5003
f 5033 5004 5032
f 5004 5033 5005
f 5003 5030 5031
f 5030 5003 5002
f 4986 5023 4985
f 5023 4986 5024
f 4984 5021 4998
f 5021 4984 5026
f 4983 5026 4984
f 5026 4983 5025
f 5001 5028 5029
f 5028 5001 5000
f 5044 5005 5033
f 5005 5044 5006
f 4985 5022 4981
f 5022 4985 5023
f 4987 5036 5035
f 5036 4987 4989
f 5040 4996 5041
f 4996 5040 4995
f 4979 5035 5034
f 5035 4979 4987
f 4991 5038 5037
f 5038 4991 4992
f 5041 5008 5042
f 5008 5041 4996
f 5042 5007 5043
f 5007 5042 5008
f 4992 5039 5038
f 5039 4992 4994
f 4994 5040 5039
f 5040 4994 4995
f 5061 5062 5063
f 5062 5061 5064
f 5065 5066 5067
f 5066 5065 5068
f 5069 5070 5071
f 5070 5069 5072
f 5072 5067 5070
f 5067 5072 5065
f 5073 5074 5075
f 5074 5073 5076
f 5074 5077 5078
f 5077 5074 5076
f 5079 5075 5080
f 5075 5079 5073
f 5081 5082 5083
f 5082 5081 5084
f 5085 5062 5064
f 5086 5064 5077
f 5062 5085 5087
f 5088 5077 5076
f 5089 5087 5085
f 5090 5076 5073
f 5087 5089 5091
f 5092 5091 5089
f 5064 5086 5085
f 5077 5088 5086
f 5093 5073 5079
f 5076 5090 5088
f 5073 5093 5090
f 5079 5094 5093
f 5068 5094 5079
f 5068 5095 5094
f 5068 5096 5095
f 5065 5096 5068
f 5096 5065 5097
f 5072 5097 5065
f 5097 5072 5098
f 5069 5098 5072
f 5099 5098 5069
f 5098 5099 5100
f 5091 5092 5081
f 5101 5081 5092
f 5081 5101 5084
f 5102 5084 5101
f 5084 5102 5103
f 5104 5103 5102
f 5105 5103 5104
f 5105 5106 5103
f 5107 5106 5105
f 5108 5107 5109
f 5110 5109 5111
f 5107 5108 5106
f 5112 5111 5113
f 5112 5113 5114
f 5112 5114 5115
f 5100 5099 5116
f 5112 5115 5099
f 5116 5099 5115
f 5111 5112 5117
f 5109 5110 5108
f 5111 5117 5110
f 5118 5112 5099
f 5112 5118 5119
f 5069 5120 5099
f 5120 5069 5071
f 5078 5064 5061
f 5064 5078 5077
f 5068 5080 5066
f 5080 5068 5079
f 5106 5121 5122
f 5121 5106 5108
f 5110 5123 5124
f 5123 5110 5117
f 5084 5125 5082
f 5125 5084 5103
f 5126 5081 5083
f 5081 5126 5091
f 5063 5087 5127
f 5087 5063 5062
f 5108 5124 5121
f 5124 5108 5110
f 5112 5123 5117
f 5123 5112 5128
f 5103 5122 5125
f 5122 5103 5106
f 5127 5091 5126
f 5091 5127 5087
f 5129 5063 5127
f 5130 5127 5126
f 5063 5129 5061
f 5131 5126 5083
f 5132 5061 5129
f 5133 5083 5082
f 5061 5132 5078
f 5134 5078 5132
f 5127 5130 5129
f 5126 5131 5130
f 5135 5082 5125
f 5083 5133 5131
f 5082 5135 5133
f 5125 5136 5135
f 5122 5136 5125
f 5122 5137 5136
f 5122 5138 5137
f 5121 5138 5122
f 5138 5121 5139
f 5124 5139 5121
f 5139 5124 5140
f 5123 5140 5124
f 5128 5140 5123
f 5140 5128 5141
f 5078 5134 5074
f 5142 5074 5134
f 5074 5142 5075
f 5143 5075 5142
f 5075 5143 5080
f 5144 5080 5143
f 5145 5080 5144
f 5145 5066 5080
f 5146 5066 5145
f 5067 5146 5147
f 5070 5147 5148
f 5146 5067 5066
f 5120 5148 5149
f 5120 5149 5150
f 5120 5150 5151
f 5141 5128 5152
f 5120 5151 5128
f 5152 5128 5151
f 5148 5120 5071
f 5147 5070 5067
f 5148 5071 5070
f 5153 5120 5128
f 5120 5153 5154
f 5118 5153 5119
f 5153 5118 5154
f 5155 5128 5156
f 5128 5157 5156
f 5157 5158 5159
f 5128 5158 5157
f 5112 5158 5128
f 5160 5112 5161
f 5158 5112 5160
f 5128 5155 5153
f 5159 5153 5155
f 5162 5159 5158
f 5162 5153 5159
f 5119 5162 5161
f 5162 5119 5153
f 5119 5161 5112
f 5118 5120 5154
f 5120 5118 5099
f 5163 5158 5160
f 5158 5163 5164
f 5165 5158 5164
f 5158 5165 5162
f 5165 5161 5162
f 5161 5165 5166
f 5161 5163 5160
f 5163 5161 5166
f 5163 5165 5164
f 5165 5163 5166
f 5167 5156 5157
f 5156 5167 5168
f 5169 5156 5168
f 5156 5169 5155
f 5169 5159 5155
f 5159 5169 5170
f 5167 5169 5168
f 5169 5167 5170
f 5159 5167 5157
f 5167 5159 5170
f 5150 5115 5151
f 5115 5150 5116
f 5086 5129 5085
f 5129 5086 5132
f 5094 5145 5144
f 5145 5094 5095
f 5107 5137 5138
f 5137 5107 5105
f 5141 5111 5140
f 5111 5141 5113
f 5097 5148 5147
f 5148 5097 5098
f 5096 5147 5146
f 5147 5096 5097
f 5090 5143 5142
f 5143 5090 5093
f 5090 5134 5088
f 5134 5090 5142
f 5093 5144 5143
f 5144 5093 5094
f 5152 5113 5141
f 5113 5152 5114
f 5148 5100 5149
f 5100 5148 5098
f 5149 5116 5150
f 5116 5149 5100
f 5095 5146 5145
f 5146 5095 5096
f 5088 5132 5086
f 5132 5088 5134
f 5151 5114 5152
f 5114 5151 5115
f 5109 5138 5139
f 5138 5109 5107
f 5092 5133 5101
f 5133 5092 5131
f 5111 5139 5140
f 5139 5111 5109
f 5105 5136 5137
f 5136 5105 5104
f 5089 5131 5092
f 5131 5089 5130
f 5085 5130 5089
f 5130 5085 5129
f 5104 5135 5136
f 5135 5104 5102
f 5102 5133 5135
f 5133 5102 5101
f 5171 5172 5173
f 5172 5171 5174
f 5175 5176 5177
f 5176 5175 5178
f 5179 5180 5181
f 5180 5179 5182
f 5177 5182 5179
f 5182 5177 5176
f 5183 5184 5185
f 5184 5183 5186
f 5183 5187 5186
f 5187 5183 5188
f 5185 5189 5190
f 5189 5185 5184
f 5191 5192 5193
f 5192 5191 5194
f 5190 5195 5185
f 5195 5190 5196
f 5175 5196 5190
f 5196 5181 5197
f 5179 5196 5177
f 5181 5196 5179
f 5196 5175 5177
f 5198 5199 5200
f 5194 5201 5199
f 5202 5203 5204
f 5194 5205 5201
f 5203 5202 5205
f 5204 5206 5202
f 5174 5206 5204
f 5174 5207 5206
f 5174 5208 5207
f 5171 5208 5174
f 5208 5171 5209
f 5188 5209 5171
f 5209 5188 5210
f 5183 5210 5188
f 5210 5183 5211
f 5185 5211 5183
f 5200 5212 5198
f 5199 5198 5192
f 5212 5200 5213
f 5199 5192 5194
f 5214 5213 5200
f 5213 5214 5215
f 5205 5194 5203
f 5216 5215 5214
f 5215 5216 5217
f 5218 5217 5216
f 5217 5218 5219
f 5220 5219 5218
f 5221 5219 5220
f 5222 5219 5221
f 5219 5222 5197
f 5197 5222 5223
f 5197 5223 5224
f 5197 5224 5225
f 5197 5225 5226
f 5197 5226 5227
f 5197 5227 5196
f 5211 5185 5195
f 5219 5197 5228
f 5228 5197 5229
f 5197 5180 5230
f 5180 5197 5181
f 5188 5173 5187
f 5173 5188 5171
f 5190 5178 5175
f 5178 5190 5189
f 5231 5213 5232
f 5213 5231 5212
f 5233 5217 5234
f 5217 5233 5215
f 5193 5198 5235
f 5198 5193 5192
f 5203 5191 5236
f 5191 5203 5194
f 5174 5237 5172
f 5237 5174 5204
f 5232 5215 5233
f 5215 5232 5213
f 5217 5238 5234
f 5238 5217 5219
f 5235 5212 5231
f 5212 5235 5198
f 5204 5236 5237
f 5236 5204 5203
f 5230 5238 5239
f 5240 5238 5241
f 5238 5240 5236
f 5238 5242 5241
f 5238 5243 5242
f 5238 5244 5243
f 5245 5238 5230
f 5238 5246 5244
f 5238 5245 5246
f 5245 5230 5247
f 5247 5230 5248
f 5248 5230 5249
f 5180 5249 5230
f 5249 5180 5250
f 5182 5250 5180
f 5230 5239 5251
f 5250 5182 5252
f 5176 5252 5182
f 5253 5186 5187
f 5252 5176 5253
f 5253 5184 5186
f 5178 5253 5176
f 5253 5189 5184
f 5253 5178 5189
f 5232 5235 5231
f 5238 5232 5233
f 5232 5238 5235
f 5238 5233 5234
f 5235 5238 5193
f 5193 5238 5191
f 5191 5238 5236
f 5254 5236 5240
f 5255 5236 5254
f 5256 5236 5255
f 5257 5236 5256
f 5236 5257 5237
f 5258 5237 5257
f 5259 5237 5258
f 5259 5172 5237
f 5260 5172 5259
f 5173 5260 5261
f 5187 5261 5262
f 5260 5173 5172
f 5187 5262 5263
f 5187 5263 5264
f 5187 5264 5253
f 5261 5187 5173
f 5228 5251 5239
f 5251 5228 5229
f 5265 5266 5267
f 5266 5265 5268
f 5267 5239 5269
f 5238 5269 5239
f 5238 5265 5270
f 5265 5238 5268
f 5219 5268 5238
f 5269 5238 5270
f 5239 5267 5228
f 5266 5228 5267
f 5271 5228 5266
f 5219 5271 5272
f 5271 5219 5228
f 5268 5219 5272
f 5197 5251 5229
f 5251 5197 5230
f 5272 5273 5268
f 5273 5272 5274
f 5273 5266 5268
f 5266 5273 5275
f 5276 5266 5275
f 5266 5276 5271
f 5276 5272 5271
f 5272 5276 5274
f 5273 5276 5275
f 5276 5273 5274
f 5265 5277 5270
f 5277 5265 5278
f 5277 5269 5270
f 5269 5277 5279
f 5280 5269 5279
f 5269 5280 5267
f 5277 5280 5279
f 5280 5277 5278
f 5280 5265 5267
f 5265 5280 5278
f 5223 5245 5247
f 5245 5223 5222
f 5207 5260 5259
f 5260 5207 5208
f 5264 5196 5253
f 5196 5264 5195
f 5200 5241 5214
f 5241 5200 5240
f 5220 5243 5244
f 5243 5220 5218
f 5250 5225 5249
f 5225 5250 5226
f 5252 5226 5250
f 5226 5252 5227
f 5262 5211 5263
f 5211 5262 5210
f 5209 5262 5261
f 5262 5209 5210
f 5263 5195 5264
f 5195 5263 5211
f 5221 5244 5246
f 5244 5221 5220
f 5225 5248 5249
f 5248 5225 5224
f 5224 5247 5248
f 5247 5224 5223
f 5253 5227 5252
f 5227 5253 5196
f 5208 5261 5260
f 5261 5208 5209
f 5222 5246 5245
f 5246 5222 5221
f 5214 5242 5216
f 5242 5214 5241
f 5205 5257 5256
f 5257 5205 5202
f 5216 5243 5218
f 5243 5216 5242
f 5199 5240 5200
f 5240 5199 5254
f 5202 5258 5257
f 5258 5202 5206
f 5206 5259 5258
f 5259 5206 5207
f 5201 5254 5199
f 5254 5201 5255
f 5205 5255 5201
f 5255 5205 5256
f 5281 5282 5283
f 5284 5282 5281
f 5284 5285 5282
f 5286 5285 5284
f 5287 5285 5286
f 5285 5287 5288
f 5287 5289 5288
f 5290 5289 5287
f 5291 5289 5290
f 5289 5291 5292
f 5291 5293 5292
f 5294 5293 5291
f 5295 5293 5294
f 5293 5295 5296
f 5295 5297 5296
f 5298 5297 5295
f 5299 5297 5298
f 5297 5299 5300
f 5299 5301 5300
f 5302 5301 5299
f 5303 5301 5302
f 5301 5303 5304
f 5303 5305 5304
f 5306 5305 5303
f 5307 5305 5306
f 5305 5307 5308
f 5307 5309 5308
f 5310 5309 5307
f 5311 5309 5310
f 5309 5311 5312
f 5311 5313 5312
f 5314 5313 5311
f 5315 5313 5314
f 5313 5315 5316
f 5315 5317 5316
f 5318 5317 5315
f 5319 5317 5318
f 5317 5319 5320
f 5319 5321 5320
f 5322 5321 5319
f 5323 5321 5322
f 5321 5323 5324
f 5323 5325 5324
f 5326 5325 5323
f 5327 5325 5326
f 5325 5327 5328
f 5327 5329 5328
f 5330 5329 5327
f 5331 5329 5330
f 5329 5331 5332
f 5331 5333 5332
f 5334 5333 5331
f 5335 5333 5334
f 5333 5335 5336
f 5335 5337 5336
f 5338 5337 5335
f 5339 5337 5338
f 5337 5339 5340
f 5339 5341 5340
f 5342 5341 5339
f 5341 5342 5343
f 5342 5344 5343
f 5345 5342 5346
f 5347 5342 5345
f 5342 5347 5344
f 5348 5346 5349
f 5348 5349 5350
f 5346 5348 5351
f 5346 5351 5345
f 5352 5350 5353
f 5352 5353 5354
f 5350 5352 5355
f 5350 5355 5348
f 5356 5354 5357
f 5356 5357 5358
f 5354 5356 5359
f 5354 5359 5352
f 5360 5358 5361
f 5360 5361 5362
f 5358 5360 5363
f 5358 5363 5356
f 5364 5362 5365
f 5364 5365 5366
f 5362 5364 5367
f 5362 5367 5360
f 5368 5366 5369
f 5368 5369 5370
f 5366 5368 5371
f 5366 5371 5364
f 5372 5370 5373
f 5372 5373 5374
f 5370 5372 5375
f 5370 5375 5368
f 5376 5374 5377
f 5376 5377 5378
f 5374 5376 5379
f 5374 5379 5372
f 5380 5378 5381
f 5380 5381 5382
f 5378 5380 5383
f 5378 5383 5376
f 5384 5382 5385
f 5384 5385 5386
f 5382 5384 5387
f 5382 5387 5380
f 5388 5386 5389
f 5388 5389 5390
f 5386 5388 5391
f 5386 5391 5384
f 5392 5390 5393
f 5392 5393 5394
f 5390 5392 5395
f 5390 5395 5388
f 5396 5394 5397
f 5396 5397 5398
f 5394 5396 5399
f 5394 5399 5392
f 5400 5398 5401
f 5400 5401 5402
f 5398 5400 5403
f 5398 5403 5396
f 5404 5402 5405
f 5404 5405 5406
f 5402 5404 5400
f 5407 5408 5409
f 5410 5408 5407
f 5408 5410 5411
f 5412 5409 5413
f 5412 5413 5414
f 5409 5412 5415
f 5409 5415 5407
f 5416 5414 5417
f 5416 5417 5418
f 5414 5416 5419
f 5414 5419 5412
f 5420 5418 5421
f 5420 5421 5422
f 5418 5420 5423
f 5418 5423 5416
f 5424 5422 5425
f 5424 5425 5426
f 5422 5424 5427
f 5422 5427 5420
f 5428 5426 5429
f 5428 5429 5430
f 5426 5428 5431
f 5426 5431 5424
f 5432 5430 5433
f 5432 5433 5434
f 5430 5432 5435
f 5430 5435 5428
f 5436 5434 5437
f 5436 5437 5438
f 5434 5436 5439
f 5434 5439 5432
f 5440 5438 5441
f 5440 5441 5442
f 5438 5440 5443
f 5438 5443 5436
f 5444 5442 5445
f 5444 5445 5446
f 5442 5444 5447
f 5442 5447 5440
f 5448 5446 5449
f 5448 5449 5450
f 5446 5448 5451
f 5446 5451 5444
f 5452 5450 5453
f 5452 5453 5454
f 5450 5452 5455
f 5450 5455 5448
f 5456 5454 5457
f 5456 5457 5458
f 5454 5456 5459
f 5454 5459 5452
f 5460 5458 5461
f 5460 5461 5462
f 5458 5460 5463
f 5458 5463 5456
f 5464 5462 5465
f 5464 5465 5466
f 5462 5464 5467
f 5462 5467 5460
f 5468 5466 5469
f 5468 5469 5470
f 5466 5468 5464
f 5471 5468 5470
f 5472 5468 5471
f 5472 5473 5468
f 5474 5473 5472
f 5475 5473 5474
f 5473 5475 5476
f 5475 5477 5476
f 5478 5477 5475
f 5479 5477 5478
f 5477 5479 5480
f 5479 5481 5480
f 5482 5481 5479
f 5483 5481 5482
f 5481 5483 5484
f 5483 5485 5484
f 5486 5485 5483
f 5487 5485 5486
f 5485 5487 5488
f 5487 5489 5488
f 5490 5489 5487
f 5491 5489 5490
f 5489 5491 5492
f 5491 5493 5492
f 5494 5493 5491
f 5495 5493 5494
f 5493 5495 5496
f 5495 5497 5496
f 5498 5497 5495
f 5499 5497 5498
f 5497 5499 5500
f 5499 5501 5500
f 5502 5501 5499
f 5503 5501 5502
f 5501 5503 5504
f 5503 5505 5504
f 5506 5505 5503
f 5507 5505 5506
f 5505 5507 5508
f 5507 5509 5508
f 5510 5509 5507
f 5511 5509 5510
f 5509 5511 5512
f 5511 5513 5512
f 5514 5513 5511
f 5515 5513 5514
f 5513 5515 5516
f 5515 5517 5516
f 5518 5517 5515
f 5519 5517 5518
f 5517 5519 5520
f 5519 5521 5520
f 5522 5521 5519
f 5523 5521 5522
f 5521 5523 5524
f 5523 5525 5524
f 5526 5525 5523
f 5527 5525 5526
f 5525 5527 5528
f 5527 5529 5528
f 5530 5529 5527
f 5529 5530 5531
f 5531 5530 5532
f 5282 5409 5408
f 5409 5282 5285
f 5409 5288 5413
f 5288 5409 5285
f 5288 5414 5413
f 5414 5288 5289
f 5414 5292 5417
f 5292 5414 5289
f 5292 5418 5417
f 5418 5292 5293
f 5418 5296 5421
f 5296 5418 5293
f 5296 5422 5421
f 5422 5296 5297
f 5422 5300 5425
f 5300 5422 5297
f 5300 5426 5425
f 5426 5300 5301
f 5426 5304 5429
f 5304 5426 5301
f 5304 5430 5429
f 5430 5304 5305
f 5430 5308 5433
f 5308 5430 5305
f 5308 5434 5433
f 5434 5308 5309
f 5434 5312 5437
f 5312 5434 5309
f 5312 5438 5437
f 5438 5312 5313
f 5438 5316 5441
f 5316 5438 5313
f 5316 5442 5441
f 5442 5316 5317
f 5442 5320 5445
f 5320 5442 5317
f 5320 5446 5445
f 5446 5320 5321
f 5446 5324 5449
f 5324 5446 5321
f 5324 5450 5449
f 5450 5324 5325
f 5450 5328 5453
f 5328 5450 5325
f 5328 5454 5453
f 5454 5328 5329
f 5454 5332 5457
f 5332 5454 5329
f 5332 5458 5457
f 5458 5332 5333
f 5458 5336 5461
f 5336 5458 5333
f 5336 5462 5461
f 5462 5336 5337
f 5462 5340 5465
f 5340 5462 5337
f 5340 5466 5465
f 5466 5340 5341
f 5466 5343 5469
f 5343 5466 5341
f 5343 5470 5469
f 5470 5343 5344
f 5344 5471 5470
f 5471 5344 5347
f 5345 5471 5347
f 5471 5345 5472
f 5345 5474 5472
f 5474 5345 5351
f 5348 5474 5351
f 5474 5348 5475
f 5348 5478 5475
f 5478 5348 5355
f 5352 5478 5355
f 5478 5352 5479
f 5352 5482 5479
f 5482 5352 5359
f 5356 5482 5359
f 5482 5356 5483
f 5356 5486 5483
f 5486 5356 5363
f 5360 5486 5363
f 5486 5360 5487
f 5360 5490 5487
f 5490 5360 5367
f 5364 5490 5367
f 5490 5364 5491
f 5364 5494 5491
f 5494 5364 5371
f 5368 5494 5371
f 5494 5368 5495
f 5368 5498 5495
f 5498 5368 5375
f 5372 5498 5375
f 5498 5372 5499
f 5372 5502 5499
f 5502 5372 5379
f 5376 5502 5379
f 5502 5376 5503
f 5376 5506 5503
f 5506 5376 5383
f 5380 5506 5383
f 5506 5380 5507
f 5380 5510 5507
f 5510 5380 5387
f 5384 5510 5387
f 5510 5384 5511
f 5384 5514 5511
f 5514 5384 5391
f 5388 5514 5391
f 5514 5388 5515
f 5388 5518 5515
f 5518 5388 5395
f 5392 5518 5395
f 5518 5392 5519
f 5392 5522 5519
f 5522 5392 5399
f 5396 5522 5399
f 5522 5396 5523
f 5396 5526 5523
f 5526 5396 5403
f 5400 5526 5403
f 5526 5400 5527
f 5400 5530 5527
f 5530 5400 5404
f 5406 5530 5404
f 5530 5406 5532
f 5411 5282 5408
f 5282 5411 5283
f 5281 5411 5410
f 5411 5281 5283
f 5281 5407 5284
f 5407 5281 5410
f 5533 5415 5534
f 5415 5535 5534
f 5535 5536 5537
f 5415 5536 5535
f 5286 5536 5415
f 5538 5286 5539
f 5536 5286 5538
f 5415 5533 5407
f 5537 5407 5533
f 5540 5537 5536
f 5537 5540 5407
f 5284 5540 5539
f 5540 5284 5407
f 5284 5539 5286
f 5286 5412 5287
f 5412 5286 5415
f 189 5290 187
f 5541 5542 1558
f 1333 5419 1330
f 5419 1333 5412
f 1558 5412 1333
f 1561 1558 5542
f 1558 1561 5412
f 5287 1561 187
f 1561 5287 5412
f 5287 187 5290
f 5290 191 5291
f 191 5290 189
f 1330 5416 1331
f 5416 1330 5419
f 5542 5543 5544
f 5543 5542 5541
f 92 5545 93
f 5545 5294 5546
f 5294 5545 92
f 5546 191 190
f 5291 5546 5294
f 5546 5291 191
f 5547 5423 5548
f 1320 5548 5423
f 5548 1320 1328
f 5423 5547 5416
f 1331 5547 1329
f 5547 1331 5416
f 5549 5543 5550
f 5543 5549 5544
f 5294 102 5295
f 102 5294 92
f 1320 5420 1321
f 5420 1320 5423
f 5549 5551 5552
f 5551 5549 5550
f 5298 102 99
f 102 5298 5295
f 1307 5420 5427
f 5420 1307 1321
f 5553 5551 5554
f 5551 5553 5552
f 5298 229 5299
f 229 5298 99
f 1307 5424 1308
f 5424 1307 5427
f 5553 5555 5556
f 5555 5553 5554
f 104 5557 105
f 5557 5302 5558
f 5302 5557 104
f 5558 229 101
f 5299 5558 5302
f 5558 5299 229
f 5559 5431 5560
f 1301 5560 5431
f 5560 1301 1375
f 5431 5559 5424
f 1308 5559 1306
f 5559 1308 5424
f 5561 5555 5562
f 5555 5561 5556
f 5302 223 5303
f 223 5302 104
f 1301 5428 1302
f 5428 1301 5431
f 5561 5563 5564
f 5563 5561 5562
f 5306 223 109
f 223 5306 5303
f 1300 5428 5435
f 5428 1300 1302
f 5565 5563 5566
f 5563 5565 5564
f 5306 231 5307
f 231 5306 109
f 1300 5432 1298
f 5432 1300 5435
f 5565 5567 5568
f 5567 5565 5566
f 225 5569 226
f 5569 5310 5570
f 5310 5569 225
f 5570 231 222
f 5307 5570 5310
f 5570 5307 231
f 5571 5439 5572
f 1291 5572 5439
f 5572 1291 1297
f 5439 5571 5432
f 1298 5571 1299
f 5571 1298 5432
f 5573 5567 5574
f 5567 5573 5568
f 5310 228 5311
f 228 5310 225
f 1291 5436 1292
f 5436 1291 5439
f 5573 5575 5576
f 5575 5573 5574
f 5314 228 213
f 228 5314 5311
f 1290 5436 5443
f 5436 1290 1292
f 5577 5575 5578
f 5575 5577 5576
f 5314 233 5315
f 233 5314 213
f 1290 5440 1288
f 5440 1290 5443
f 5577 5579 5580
f 5579 5577 5578
f 216 5581 217
f 5581 5318 5582
f 5318 5581 216
f 5582 233 212
f 5315 5582 5318
f 5582 5315 233
f 5447 5583 5440
f 1281 5583 5447
f 5583 1281 1287
f 5584 5440 5583
f 1288 5584 1289
f 5584 1288 5440
f 5585 5579 5586
f 5579 5585 5580
f 5318 219 5319
f 219 5318 216
f 1281 5444 1282
f 5444 1281 5447
f 5585 5587 5588
f 5587 5585 5586
f 5322 219 197
f 219 5322 5319
f 1280 5444 5451
f 5444 1280 1282
f 5589 5587 5590
f 5587 5589 5588
f 5322 235 5323
f 235 5322 197
f 1280 5448 1278
f 5448 1280 5451
f 5589 5591 5592
f 5591 5589 5590
f 203 5593 200
f 5323 5593 5326
f 5326 5593 203
f 5594 235 196
f 5593 5323 5594
f 5594 5323 235
f 5455 5595 5448
f 1273 5595 5455
f 5595 1273 1277
f 5596 5448 5595
f 1278 5596 1279
f 5596 1278 5448
f 5597 5591 5598
f 5591 5597 5592
f 5326 206 5327
f 206 5326 203
f 1273 5452 1274
f 5452 1273 5455
f 5597 5599 5600
f 5599 5597 5598
f 5330 206 204
f 206 5330 5327
f 1269 5452 5459
f 5452 1269 1274
f 5601 5599 5602
f 5599 5601 5600
f 5330 237 5331
f 237 5330 204
f 1269 5456 1270
f 5456 1269 5459
f 5601 5603 5604
f 5603 5601 5602
f 136 5605 208
f 5331 5605 5334
f 5334 5605 136
f 5606 237 205
f 5605 5331 5606
f 5606 5331 237
f 5463 5607 5456
f 1260 5607 5463
f 5607 1260 1267
f 5608 5456 5607
f 1270 5608 1268
f 5608 1270 5456
f 5609 5603 5610
f 5603 5609 5604
f 5334 243 5335
f 243 5334 136
f 1260 5460 1261
f 5460 1260 5463
f 5609 5611 5612
f 5611 5609 5610
f 5338 243 242
f 243 5338 5335
f 1256 5460 5467
f 5460 1256 1261
f 5613 5611 5614
f 5611 5613 5612
f 5338 245 5339
f 245 5338 242
f 1256 5464 1257
f 5464 1256 5467
f 5613 5615 5616
f 5615 5613 5614
f 5617 5618 5619
f 5339 5618 5342
f 5342 5618 5617
f 5620 245 244
f 5618 5339 5620
f 5620 5339 245
f 5468 5621 5464
f 5622 5621 5468
f 5621 5622 5623
f 5624 5464 5621
f 1257 5624 1255
f 5624 1257 5464
f 5625 5615 5626
f 5615 5625 5616
f 5346 5617 5627
f 5617 5346 5342
f 5628 5468 5473
f 5468 5628 5622
f 5629 5626 5630
f 5626 5629 5625
f 5631 5346 5627
f 5346 5631 5349
f 5476 5628 5473
f 5628 5476 5632
f 5633 5629 5630
f 5629 5633 5634
f 281 5635 280
f 5349 5635 5350
f 5350 5635 281
f 5636 5631 5637
f 5636 5349 5631
f 5635 5349 5636
f 5477 5638 5476
f 1213 5638 5477
f 5638 1213 1211
f 5639 5476 5638
f 5632 5639 5640
f 5639 5632 5476
f 5641 5633 5642
f 5633 5641 5634
f 52 5350 281
f 5350 52 5353
f 5480 1213 5477
f 1213 5480 1209
f 5643 5641 5642
f 5641 5643 5644
f 5354 52 53
f 52 5354 5353
f 1217 5480 5481
f 5480 1217 1209
f 5645 5643 5646
f 5643 5645 5644
f 47 5354 53
f 5354 47 5357
f 5484 1217 5481
f 1217 5484 1212
f 5647 5645 5646
f 5645 5647 5648
f 50 5649 49
f 5357 5649 5358
f 5358 5649 50
f 5650 47 57
f 5650 5357 47
f 5649 5357 5650
f 5485 5651 5484
f 1198 5651 5485
f 5651 1198 1196
f 5652 5484 5651
f 1212 5652 1218
f 5652 1212 5484
f 5653 5647 5654
f 5647 5653 5648
f 42 5358 50
f 5358 42 5361
f 5488 1198 5485
f 1198 5488 1194
f 5655 5653 5654
f 5653 5655 5656
f 5657 5362 5658
f 5658 42 41
f 5361 5658 5362
f 5658 5361 42
f 5659 5489 5660
f 5489 5659 5488
f 1194 5659 1197
f 5659 1194 5488
f 5661 5655 5662
f 5655 5661 5656
f 5663 5362 5657
f 5362 5663 5365
f 5492 5660 5489
f 5660 5492 5664
f 5665 5661 5662
f 5661 5665 5666
f 39 5667 38
f 5366 5667 39
f 5365 5667 5366
f 5667 5365 5663
f 5493 5668 5492
f 1223 5668 5493
f 5668 1223 1221
f 5492 5668 5664
f 5669 5665 5670
f 5665 5669 5666
f 32 5366 39
f 5366 32 5369
f 5496 1223 5493
f 1223 5496 1220
f 5671 5669 5670
f 5669 5671 5672
f 5673 5370 5674
f 5674 32 31
f 5369 5674 5370
f 5674 5369 32
f 5675 5497 5676
f 5497 5675 5496
f 1220 5675 1222
f 5675 1220 5496
f 5677 5671 5678
f 5671 5677 5672
f 5679 5370 5673
f 5370 5679 5373
f 5500 5676 5497
f 5676 5500 5680
f 5681 5677 5678
f 5677 5681 5682
f 29 5683 28
f 5374 5683 29
f 5373 5683 5374
f 5683 5373 5679
f 5501 5684 5500
f 1231 5684 5501
f 5684 1231 1229
f 5500 5684 5680
f 5685 5681 5686
f 5681 5685 5682
f 22 5374 29
f 5374 22 5377
f 5504 1231 5501
f 1231 5504 1228
f 5687 5685 5686
f 5685 5687 5688
f 5689 5378 5690
f 5690 22 21
f 5377 5690 5378
f 5690 5377 22
f 5691 5505 5692
f 5505 5691 5504
f 1228 5691 1230
f 5691 1228 5504
f 5693 5687 5694
f 5687 5693 5688
f 5695 5378 5689
f 5378 5695 5381
f 5508 5692 5505
f 5692 5508 5696
f 5697 5693 5694
f 5693 5697 5698
f 19 5699 18
f 5382 5699 19
f 5381 5699 5382
f 5699 5381 5695
f 5509 5700 5508
f 1239 5700 5509
f 5700 1239 1237
f 5508 5700 5696
f 5701 5697 5702
f 5697 5701 5698
f 11 5382 19
f 5382 11 5385
f 5512 1239 5509
f 1239 5512 1236
f 5703 5701 5702
f 5701 5703 5704
f 5705 5386 5706
f 5706 11 12
f 5385 5706 5386
f 5706 5385 11
f 5707 5513 5708
f 5513 5707 5512
f 1236 5707 1240
f 5707 1236 5512
f 5709 5703 5710
f 5703 5709 5704
f 5711 5386 5705
f 5386 5711 5389
f 5516 5708 5513
f 5708 5516 5712
f 5713 5709 5710
f 5709 5713 5714
f 72 5715 71
f 5390 5715 72
f 5389 5715 5390
f 5715 5389 5711
f 5517 5716 5516
f 1179 5716 5517
f 5716 1179 1178
f 5516 5716 5712
f 5717 5713 5718
f 5713 5717 5714
f 2 5390 72
f 5390 2 5393
f 5520 1179 5517
f 1179 5520 1176
f 5719 5717 5718
f 5717 5719 5720
f 5721 5394 5722
f 5722 2 5
f 5393 5722 5394
f 5722 5393 2
f 5723 5521 5724
f 5521 5723 5520
f 1176 5723 1181
f 5723 1176 5520
f 5725 5719 5726
f 5719 5725 5720
f 5727 5394 5721
f 5394 5727 5397
f 5524 5724 5521
f 5724 5524 5728
f 5729 5725 5726
f 5725 5729 5730
f 5525 5731 5524
f 5525 1169 5731
f 5525 1827 1169
f 1827 1820 5729
f 5525 1820 1827
f 5398 1820 5525
f 76 5732 77
f 1820 5398 76
f 5398 5732 76
f 5397 5732 5398
f 5732 5397 5727
f 5524 5731 5728
f 5731 1169 1168
f 5729 1820 5730
f 5528 5398 5525
f 5398 5528 5401
f 5402 5528 5529
f 5528 5402 5401
f 5531 5402 5529
f 5402 5531 5405
f 5406 5531 5532
f 5531 5406 5405
f 5637 5733 5734
f 5733 5637 5631
f 5735 5619 5736
f 5737 5619 5735
f 5737 5617 5619
f 5631 5737 5738
f 5631 5738 5739
f 5631 5739 5733
f 5737 5631 5617
f 5617 5631 5627
f 5625 5613 5616
f 5613 5740 5741
f 5613 5742 5740
f 5743 5613 5625
f 5613 5743 5742
f 5634 5743 5625
f 5743 5634 5744
f 5744 5634 5745
f 5634 5625 5629
f 5644 5745 5634
f 5745 5644 5746
f 5746 5644 5747
f 5648 5747 5644
f 5644 5634 5641
f 5613 5609 5612
f 5609 5748 5749
f 5609 5750 5748
f 5609 5613 5741
f 5609 5741 5750
f 5604 5609 5601
f 5600 5601 5597
f 5592 5597 5589
f 5588 5589 5585
f 5580 5585 5577
f 5576 5577 5573
f 5568 5573 5565
f 5564 5565 5561
f 5556 5561 5553
f 5552 5553 5549
f 5544 5549 5542
f 5542 1560 1561
f 5751 5542 5549
f 5751 5549 5553
f 5751 5553 5561
f 5752 5561 5565
f 5752 5565 5573
f 5753 5573 5577
f 5753 5577 5585
f 5754 5585 5589
f 5755 5589 5597
f 5749 5597 5601
f 5749 5601 5609
f 5597 5749 5755
f 5589 5755 5754
f 5585 5754 5753
f 5573 5753 5752
f 5561 5752 5751
f 5542 5751 1560
f 5756 1560 5751
f 5747 5648 5757
f 5757 5648 5758
f 5648 5644 5645
f 5656 5758 5648
f 5758 5656 5759
f 5666 5759 5656
f 5656 5648 5653
f 5759 5666 5760
f 5672 5760 5666
f 5666 5656 5661
f 5760 5672 5761
f 5672 5666 5669
f 5682 5761 5672
f 5688 5761 5682
f 5682 5672 5677
f 5761 5688 5762
f 5688 5682 5685
f 5698 5762 5688
f 5704 5762 5698
f 5698 5688 5693
f 5762 5704 5763
f 5714 5763 5704
f 5704 5698 5701
f 5720 5763 5714
f 5714 5704 5709
f 5730 5763 5720
f 5720 5714 5717
f 1819 5763 5730
f 5730 5720 5725
f 5763 1819 5756
f 1819 5730 1820
f 5756 1819 1560
f 5643 5764 5765
f 5647 5765 5766
f 5647 5766 5767
f 5764 5643 5633
f 5633 5643 5642
f 1557 5541 1558
f 5541 5550 5543
f 5768 5541 1557
f 5550 5554 5551
f 5541 5768 5550
f 5554 5562 5555
f 5550 5768 5554
f 5562 5566 5563
f 5554 5768 5562
f 5566 5574 5567
f 5769 5562 5768
f 5574 5578 5575
f 5566 5769 5574
f 5578 5586 5579
f 5770 5574 5769
f 5586 5590 5587
f 5574 5770 5578
f 5590 5598 5591
f 5771 5586 5770
f 5598 5602 5599
f 5586 5771 5590
f 5602 5610 5603
f 5590 5772 5598
f 5773 5602 5774
f 5774 5602 5775
f 5598 5775 5602
f 5775 5598 5772
f 5772 5590 5771
f 5578 5770 5586
f 5562 5769 5566
f 1557 5776 5768
f 5655 5767 5777
f 5765 5647 5643
f 5665 5777 5778
f 5671 5778 5779
f 5767 5655 5647
f 5687 5779 5780
f 5777 5665 5655
f 5778 5671 5665
f 5703 5780 5781
f 5779 5681 5671
f 5779 5687 5681
f 1822 5781 5776
f 5780 5697 5687
f 1822 5776 1557
f 5780 5703 5697
f 5781 5713 5703
f 5781 5719 5713
f 5781 5729 5719
f 5781 1822 5729
f 5729 1822 1827
f 5602 5773 5610
f 5782 5610 5773
f 5783 5610 5782
f 5614 5610 5783
f 5610 5614 5611
f 5784 5614 5783
f 5785 5614 5784
f 5614 5785 5626
f 5614 5626 5615
f 5633 5785 5786
f 5633 5786 5787
f 5633 5787 5764
f 5785 5633 5626
f 5626 5633 5630
f 5643 5647 5646
f 5647 5655 5654
f 5655 5665 5662
f 5665 5671 5670
f 5671 5681 5678
f 5681 5687 5686
f 5687 5697 5694
f 5697 5703 5702
f 5703 5713 5710
f 5713 5719 5718
f 5719 5729 5726
f 5623 5788 5789
f 5790 5623 5622
f 5623 5790 5788
f 5632 5790 5622
f 5790 5632 5791
f 5791 5632 5792
f 5632 5622 5628
f 5640 5792 5632
f 5792 5640 5793
f 5793 5640 5794
f 5795 5727 5722
f 5796 5727 5795
f 5727 5796 5732
f 5722 5727 5721
f 4 5722 5
f 5722 4 5795
f 5796 77 5732
f 77 5796 74
f 5797 5711 5706
f 5715 5797 5798
f 5797 5715 5711
f 5706 5711 5705
f 5798 71 5715
f 71 5798 70
f 9 5706 12
f 5706 9 5797
f 5799 5695 5690
f 5699 5799 5800
f 5799 5699 5695
f 5690 5695 5689
f 16 5690 21
f 5690 16 5799
f 5800 18 5699
f 18 5800 10
f 5801 5679 5674
f 5683 5801 5802
f 5801 5683 5679
f 5674 5679 5673
f 26 5674 31
f 5674 26 5801
f 5802 28 5683
f 28 5802 20
f 5803 5663 5658
f 5667 5803 5804
f 5803 5667 5663
f 5658 5663 5657
f 36 5658 41
f 5658 36 5803
f 5804 38 5667
f 38 5804 30
f 5649 5805 5806
f 5805 5649 5650
f 46 5650 57
f 5650 46 5805
f 5806 49 5649
f 49 5806 40
f 5807 5808 5809
f 5808 5807 5810
f 5810 5807 5811
f 5811 5807 5812
f 5635 5813 5814
f 5635 5814 5815
f 5635 5815 5812
f 5813 5635 5636
f 5635 5812 5807
f 272 5808 282
f 5808 272 5809
f 5734 5636 5637
f 5636 5734 5813
f 5807 280 5635
f 280 5807 51
f 5816 5817 5818
f 5819 5816 5820
f 5816 5819 5817
f 5821 5620 5822
f 5823 5620 5821
f 5620 5823 5618
f 5820 270 5819
f 270 5820 254
f 5823 5619 5618
f 5619 5823 5736
f 143 5818 142
f 5818 143 5816
f 241 5620 244
f 5620 241 5822
f 5824 5606 5825
f 5606 5824 5605
f 199 5606 205
f 5606 199 5825
f 5824 208 5605
f 208 5824 207
f 5826 5594 5827
f 5594 5826 5593
f 198 5594 196
f 5594 198 5827
f 5826 200 5593
f 200 5826 201
f 5828 5582 5829
f 5582 5828 5581
f 5828 217 5581
f 217 5828 215
f 214 5582 212
f 5582 214 5829
f 5830 5570 5831
f 5570 5830 5569
f 108 5570 222
f 5570 108 5831
f 5830 226 5569
f 226 5830 224
f 5832 5558 5833
f 5558 5832 5557
f 5832 105 5557
f 105 5832 103
f 98 5558 101
f 5558 98 5833
f 5834 5546 5835
f 5546 5834 5545
f 91 5546 190
f 5546 91 5835
f 5834 93 5545
f 93 5834 90
f 5836 5539 5837
f 5539 5836 5538
f 5838 5540 5536
f 5540 5838 5839
f 5839 5539 5540
f 5539 5839 5837
f 5836 5536 5538
f 5536 5836 5838
f 5820 143 254
f 143 5820 5816
f 5796 4 74
f 4 5796 5795
f 5800 16 10
f 16 5800 5799
f 5802 26 20
f 26 5802 5801
f 5824 199 207
f 199 5824 5825
f 5830 108 224
f 108 5830 5831
f 5832 98 103
f 98 5832 5833
f 5836 5839 5838
f 5839 5836 5837
f 5806 46 40
f 46 5806 5805
f 5807 272 51
f 272 5807 5809
f 5834 91 90
f 91 5834 5835
f 5826 198 201
f 198 5826 5827
f 5828 214 215
f 214 5828 5829
f 5798 9 70
f 9 5798 5797
f 5804 36 30
f 36 5804 5803
f 5728 5723 5724
f 5723 5728 5840
f 5841 5728 5731
f 5728 5841 5840
f 5840 1181 5723
f 1181 5840 1171
f 1170 5731 1168
f 5731 1170 5841
f 5712 5707 5708
f 5707 5712 5842
f 5716 5842 5712
f 5842 5716 5843
f 1177 5716 1178
f 5716 1177 5843
f 5842 1240 5707
f 1240 5842 1238
f 5696 5691 5692
f 5691 5696 5844
f 5700 5844 5696
f 5844 5700 5845
f 5844 1230 5691
f 1230 5844 1232
f 1233 5700 1237
f 5700 1233 5845
f 5680 5675 5676
f 5675 5680 5846
f 5684 5846 5680
f 5846 5684 5847
f 1225 5684 1229
f 5684 1225 5847
f 5846 1222 5675
f 1222 5846 1224
f 5664 5659 5660
f 5659 5664 5848
f 5668 5848 5664
f 5848 5668 5849
f 5848 1197 5659
f 1197 5848 1199
f 1200 5668 1221
f 5668 1200 5849
f 5651 5850 5652
f 5850 5651 5851
f 1195 5651 1196
f 5651 1195 5851
f 5850 1218 5652
f 1218 5850 1214
f 5638 5852 5639
f 5852 5638 5853
f 5853 5638 5854
f 5854 5638 5855
f 5856 5857 5858
f 5856 5858 5859
f 5856 5859 5855
f 5857 5856 5860
f 5856 5855 5638
f 5860 1361 5857
f 1361 5860 1253
f 5852 5640 5639
f 5640 5852 5794
f 1210 5638 1211
f 5638 1210 5856
f 5861 5862 5863
f 5864 5862 5861
f 5862 5864 5865
f 5624 5866 5867
f 5868 5624 5621
f 5624 5868 5866
f 1250 5864 1251
f 5864 1250 5865
f 5789 5621 5623
f 5621 5789 5868
f 5862 1355 5863
f 1355 5862 1356
f 5867 1255 5624
f 1255 5867 1258
f 5869 5608 5607
f 5608 5869 5870
f 5870 1268 5608
f 1268 5870 1271
f 1266 5607 1267
f 5607 1266 5869
f 5871 5596 5595
f 5596 5871 5872
f 5872 1279 5596
f 1279 5872 1283
f 1276 5595 1277
f 5595 1276 5871
f 5873 5584 5583
f 5584 5873 5874
f 1286 5583 1287
f 5583 1286 5873
f 5874 1289 5584
f 1289 5874 1293
f 5875 5571 5572
f 5571 5875 5876
f 1296 5572 1297
f 5572 1296 5875
f 5876 1299 5571
f 1299 5876 1303
f 5877 5559 5560
f 5559 5877 5878
f 5878 1306 5559
f 1306 5878 1309
f 1317 5560 1375
f 5560 1317 5877
f 5879 5547 5548
f 5547 5879 5880
f 1327 5548 1328
f 5548 1327 5879
f 5880 1329 5547
f 1329 5880 1332
f 5881 5537 5882
f 5537 5881 5535
f 5883 5533 5534
f 5533 5883 5884
f 5884 5537 5533
f 5537 5884 5882
f 5881 5534 5535
f 5534 5881 5883
f 5881 5884 5883
f 5884 5881 5882
f 1250 5862 5865
f 5862 1250 1356
f 1170 5840 5841
f 5840 1170 1171
f 1233 5844 5845
f 5844 1233 1232
f 1225 5846 5847
f 5846 1225 1224
f 1266 5870 5869
f 5870 1266 1271
f 1296 5876 5875
f 5876 1296 1303
f 1317 5878 5877
f 5878 1317 1309
f 1195 5850 5851
f 5850 1195 1214
f 1210 5860 5856
f 5860 1210 1253
f 1327 5880 5879
f 5880 1327 1332
f 1276 5872 5871
f 5872 1276 1283
f 1286 5874 5873
f 5874 1286 1293
f 1177 5842 5843
f 5842 1177 1238
f 1200 5848 5849
f 5848 1200 1199
f 1557 5885 1822
f 1557 5886 5885
f 5886 1560 5887
f 1560 5886 1557
f 5888 1822 5885
f 5887 1822 5888
f 5887 1819 1822
f 1819 5887 1560
f 5886 361 328
f 5886 599 361
f 5887 599 5886
f 599 5887 584
f 305 5886 328
f 5886 305 5885
f 847 5885 305
f 836 5885 847
f 403 5885 836
f 5885 403 372
f 364 5885 372
f 491 5885 364
f 5888 491 483
f 491 5888 5885
f 521 5888 483
f 834 5888 521
f 810 5888 834
f 815 5888 810
f 814 5888 815
f 5888 814 5887
f 813 5887 814
f 832 5887 813
f 570 5887 832
f 5887 570 584
f 744 5889 746
f 5889 744 5890
f 748 5889 5891
f 5889 748 746
f 721 5892 5893
f 5892 721 719
f 5894 721 5893
f 721 5894 723
f 742 5895 740
f 5895 742 5896
f 741 5890 744
f 5890 741 5897
f 581 5898 5899
f 5898 581 577
f 580 5900 579
f 5900 580 5891
f 5891 580 748
f 5901 738 5902
f 738 5901 737
f 5903 723 5894
f 723 5903 725
f 582 5892 719
f 5892 582 5899
f 5899 582 581
f 740 5897 741
f 5897 740 5895
f 754 5904 5905
f 5904 754 756
f 728 5906 1821
f 5906 728 731
f 731 5907 5906
f 5907 731 733
f 756 1810 5904
f 1810 756 758
f 577 5900 5898
f 5900 577 579
f 5896 5897 5895
f 5908 5897 5896
f 5908 5890 5897
f 1810 5908 5905
f 5908 1810 5890
f 1810 5905 5904
f 5890 1810 5889
f 5889 1810 5891
f 1810 5900 5891
f 1810 5898 5900
f 1810 5899 5898
f 1821 5899 1810
f 5907 1821 5906
f 1821 5892 5899
f 5909 1821 5907
f 1821 5893 5892
f 1821 5909 5893
f 5909 5894 5893
f 5901 5894 5909
f 5901 5903 5894
f 5903 5901 5902
f 5902 725 5903
f 725 5902 738
f 5909 737 5901
f 737 5909 735
f 754 5908 752
f 5908 754 5905
f 752 5896 742
f 5896 752 5908
f 5907 735 5909
f 735 5907 733
f 791 5910 793
f 5910 791 5911
f 795 5910 5912
f 5910 795 793
f 768 5913 5914
f 5913 768 766
f 5915 768 5914
f 768 5915 770
f 789 5916 787
f 5916 789 5917
f 788 5911 791
f 5911 788 5918
f 516 5919 5920
f 5919 516 515
f 514 5921 513
f 5921 514 5912
f 5912 514 795
f 5922 785 5923
f 785 5922 784
f 5924 770 5915
f 770 5924 772
f 517 5913 766
f 5913 517 5920
f 5920 517 516
f 787 5918 788
f 5918 787 5916
f 802 5925 5926
f 5925 802 804
f 778 5927 5928
f 5927 778 780
f 804 1828 5925
f 1828 804 806
f 515 5921 5919
f 5921 515 513
f 5917 5918 5916
f 5929 5918 5917
f 5929 5911 5918
f 1828 5929 5926
f 5929 1828 5911
f 1828 5926 5925
f 5911 1828 5910
f 5910 1828 5912
f 1828 5921 5912
f 1828 5919 5921
f 1828 5920 5919
f 1811 5920 1828
f 5927 1811 5928
f 1811 5913 5920
f 5930 1811 5927
f 1811 5914 5913
f 1811 5930 5914
f 5930 5915 5914
f 5922 5915 5930
f 5922 5924 5915
f 5924 5922 5923
f 5923 772 5924
f 772 5923 785
f 5930 784 5922
f 784 5930 782
f 802 5929 800
f 5929 802 5926
f 800 5917 789
f 5917 800 5929
f 775 5928 1811
f 5928 775 778
f 5927 782 5930
f 782 5927 780
f 652 5931 654
f 5931 652 5932
f 5933 634 5934
f 634 5933 646
f 650 5935 648
f 5935 650 5936
f 656 5931 5937
f 5931 656 654
f 658 5937 1553
f 5937 658 656
f 630 5938 5939
f 5938 630 628
f 5934 632 5940
f 632 5934 634
f 5940 630 5939
f 630 5940 632
f 342 5941 665
f 5941 342 5942
f 5942 342 341
f 5943 646 5933
f 646 5943 645
f 628 1562 5938
f 1562 628 624
f 648 5944 649
f 5944 648 5935
f 343 5945 344
f 5945 343 5946
f 5946 343 639
f 639 5947 5946
f 5947 639 641
f 663 5948 661
f 5948 663 5949
f 649 5932 652
f 5932 649 5944
f 5936 5944 5935
f 5948 5944 5936
f 5948 5932 5944
f 5949 5932 5948
f 1553 5932 5949
f 1553 5949 5941
f 5932 1553 5931
f 5931 1553 5937
f 5942 1553 5941
f 5950 1553 5942
f 5945 1553 5950
f 5945 1562 1553
f 5946 1562 5945
f 5947 1562 5946
f 5951 1562 5947
f 1562 5939 5938
f 5940 1562 5951
f 1562 5940 5939
f 5943 5940 5951
f 5943 5934 5940
f 5934 5943 5933
f 5951 645 5943
f 645 5951 643
f 661 5936 650
f 5936 661 5948
f 663 5941 5949
f 5941 663 665
f 341 5950 5942
f 5950 341 345
f 345 5945 5950
f 5945 345 344
f 5947 643 5951
f 643 5947 641
f 703 5952 705
f 5952 703 5953
f 701 5954 699
f 5954 701 5955
f 707 5952 5956
f 5952 707 705
f 692 5956 1559
f 5956 692 707
f 674 5957 5958
f 5957 674 672
f 5959 676 5960
f 676 5959 678
f 5960 674 5958
f 674 5960 676
f 383 5961 713
f 5961 383 5962
f 5962 383 384
f 700 5953 703
f 5953 700 5963
f 5964 690 5965
f 690 5964 689
f 672 1552 5957
f 1552 672 668
f 699 5963 700
f 5963 699 5954
f 388 5966 386
f 5966 388 5967
f 5967 388 683
f 683 5968 5967
f 5968 683 685
f 711 5969 709
f 5969 711 5970
f 5955 5963 5954
f 5969 5963 5955
f 5969 5953 5963
f 5970 5953 5969
f 1559 5953 5970
f 1559 5970 5961
f 5953 1559 5952
f 5952 1559 5956
f 5962 1559 5961
f 5971 1559 5962
f 5966 1559 5971
f 5966 1552 1559
f 5967 1552 5966
f 5968 1552 5967
f 5972 1552 5968
f 1552 5958 5957
f 5960 1552 5972
f 1552 5960 5958
f 5964 5960 5972
f 5964 5959 5960
f 5959 5964 5965
f 5965 678 5959
f 678 5965 690
f 5972 689 5964
f 689 5972 687
f 709 5955 701
f 5955 709 5969
f 711 5961 5970
f 5961 711 713
f 384 5971 5962
f 5971 384 385
f 385 5966 5971
f 5966 385 386
f 5968 687 5972
f 687 5968 685
f 5736 5742 5735
f 5742 5736 5740
f 5821 5736 5823
f 5736 5821 5740
f 271 5763 5756
f 5763 271 275
f 5752 270 5751
f 5817 270 5752
f 270 5817 5819
f 5751 270 269
f 140 5749 141
f 5749 140 5755
f 144 5755 140
f 5755 144 5754
f 238 5750 239
f 5750 238 5748
f 239 5741 240
f 5741 239 5750
f 5760 5811 5759
f 5811 5760 5810
f 142 5753 145
f 5753 142 5752
f 5817 142 5818
f 142 5817 5752
f 145 5754 144
f 5754 145 5753
f 5737 5742 5743
f 5742 5737 5735
f 5740 241 5741
f 5821 241 5740
f 241 5821 5822
f 5741 241 240
f 141 5748 238
f 5748 141 5749
f 269 5756 5751
f 5756 269 271
f 5746 5734 5733
f 5747 5734 5746
f 5814 5734 5747
f 5734 5814 5813
f 276 5761 5762
f 5761 276 277
f 5738 5743 5744
f 5743 5738 5737
f 5733 5745 5746
f 5745 5733 5739
f 275 5762 5763
f 5762 275 276
f 5760 282 5810
f 5761 282 5760
f 282 5761 277
f 5810 282 5808
f 5757 5814 5747
f 5814 5757 5815
f 5759 5812 5758
f 5812 5759 5811
f 5758 5815 5757
f 5815 5758 5812
f 5739 5744 5745
f 5744 5739 5738
f 5788 5784 5789
f 5789 5866 5868
f 5783 5789 5784
f 5789 5783 5866
f 5776 1254 1252
f 1254 5776 5781
f 5861 1251 5864
f 5769 1251 5861
f 5768 1251 5769
f 1251 5768 1249
f 5772 1263 5775
f 1263 5772 1262
f 5771 1262 5772
f 1262 5771 1353
f 5774 1265 5773
f 1265 5774 1264
f 5866 1258 5867
f 5783 1258 5866
f 5782 1258 5783
f 1258 5782 1259
f 5773 1259 5782
f 1259 5773 1265
f 5858 5777 5859
f 5777 5858 5778
f 1354 5770 1355
f 1355 5861 5863
f 5769 1355 5770
f 1355 5769 5861
f 5770 1353 5771
f 1353 5770 1354
f 5785 5788 5790
f 5788 5785 5784
f 5775 1264 5774
f 1264 5775 1263
f 5768 1252 1249
f 1252 5768 5776
f 5852 5853 5794
f 5794 5764 5793
f 5765 5794 5853
f 5794 5765 5764
f 5780 1360 1359
f 1360 5780 5779
f 5786 5790 5791
f 5790 5786 5785
f 5764 5792 5793
f 5792 5764 5787
f 5781 1359 1254
f 1359 5781 5780
f 1361 5858 5857
f 5858 1361 5778
f 5779 1361 1360
f 1361 5779 5778
f 5854 5765 5853
f 5765 5854 5766
f 5859 5767 5855
f 5767 5859 5777
f 5855 5766 5854
f 5766 5855 5767
f 5787 5791 5792
f 5791 5787 5786

