# https://github.com/mikedh/trimesh

o OpenSCAD_Model
v -2.40870551 0.36354568 0.42783284
v -2.47186340 0.37894737 0.42631579
v -2.40870551 0.37894737 0.42631579
v -2.47186340 0.36354568 0.42783284
v -2.47186340 0.36354568 0.58269347
v -2.40870551 0.37894737 0.58421053
v -2.47186340 0.37894737 0.58421053
v -2.40870551 0.36354568 0.58269347
v -2.47186340 0.30151705 0.52066484
v -2.40870551 0.30000000 0.50526316
v -2.40870551 0.30151705 0.52066484
v -2.47186340 0.30000000 0.50526316
v -2.47186340 0.31330484 0.46140253
v -2.40870551 0.32312337 0.44943916
v -2.40870551 0.31330484 0.46140253
v -2.47186340 0.32312337 0.44943916
v -2.47186340 0.32312337 0.56108716
v -2.40870551 0.31330484 0.54912379
v -2.40870551 0.32312337 0.56108716
v -2.47186340 0.31330484 0.54912379
v -2.47186340 0.30600947 0.53547474
v -2.40870551 0.30600947 0.53547474
v -2.40870551 0.32312337 -0.56108716
v -2.40870551 0.25263158 -0.75789474
v -2.40870551 0.18947368 -0.75789474
v -2.40870551 0.36354568 -0.58269347
v -2.40870551 0.37894737 -0.58421053
v -2.40870551 0.34873579 -0.57820105
v -2.40870551 0.33508674 -0.57090568
v -2.40870551 0.31330484 -0.54912379
v -2.40870551 0.30600947 -0.53547474
v -2.40870551 0.30151705 -0.52066484
v -2.40870551 0.30000000 -0.50526316
v -2.40870551 0.30151705 -0.48986147
v -2.40870551 0.30600947 -0.47505158
v -2.40870551 0.37894737 -0.42631579
v -2.40870551 0.36354568 -0.42783284
v -2.40870551 1.34481474 -0.04465939
v -2.40870551 1.51032000 -0.29175158
v -2.40870551 1.36530316 -0.05835025
v -2.40870551 1.35438316 -0.05251389
v -2.40870551 1.38947368 -0.06315789
v -2.40870551 1.37715158 -0.06194425
v -2.40870551 1.41364421 -0.05835025
v -2.40870551 1.40179579 -0.06194425
v -2.40870551 1.42456421 -0.05251389
v -2.40870551 1.56492000 -0.26256947
v -2.40870551 0.34873579 -0.43232526
v -2.40870551 1.33695789 -0.03508863
v -2.40870551 1.33112211 -0.02416945
v -2.40870551 1.32752842 -0.01232147
v -2.40870551 1.32631579 -0.00000000
v -2.40870551 0.42280800 0.43962063
v -2.40870551 0.43477137 0.44943916
v -2.40870551 1.32752842 0.01232147
v -2.40870551 0.44458989 0.46140253
v -2.40870551 1.33112211 0.02416945
v -2.40870551 0.45188526 0.47505158
v -2.40870551 1.51032000 0.29175158
v -2.40870551 1.38947368 0.06315789
v -2.40870551 1.37715158 0.06194425
v -2.40870551 1.65204000 0.17544316
v -2.40870551 1.68122526 0.12084758
v -2.40870551 1.36530316 0.05835025
v -2.40870551 1.61276842 0.22329663
v -2.40870551 1.33695789 0.03508863
v -2.40870551 1.56492000 0.26256947
v -2.40870551 0.34873579 0.43232526
v -2.40870551 0.33508674 -0.43962063
v -2.40870551 0.39434905 0.42783284
v -2.40870551 0.33508674 0.43962063
v -2.40870551 0.32312337 -0.44943916
v -2.40870551 0.31330484 -0.46140253
v -2.40870551 0.30600947 0.47505158
v -2.40870551 0.30151705 0.48986147
v -2.40870551 0.18947368 0.75789474
v -2.40870551 0.34873579 0.57820105
v -2.40870551 0.25263158 0.75789474
v -2.40870551 0.33508674 0.57090568
v -2.40870551 0.39434905 -0.58269347
v -2.40870551 0.40915895 -0.57820105
v -2.40870551 0.42280800 -0.57090568
v -2.40870551 0.43477137 -0.56108716
v -2.40870551 0.44458989 -0.54912379
v -2.40870551 0.45188526 -0.53547474
v -2.40870551 0.45637768 -0.52066484
v -2.40870551 0.45789474 -0.50526316
v -2.40870551 0.45637768 -0.48986147
v -2.40870551 0.45188526 -0.47505158
v -2.40870551 0.44458989 -0.46140253
v -2.40870551 0.43477137 -0.44943916
v -2.40870551 0.42280800 -0.43962063
v -2.40870551 0.40915895 -0.43232526
v -2.40870551 0.39434905 -0.42783284
v -2.40870551 1.61276842 -0.22329663
v -2.40870551 1.43413263 -0.04465939
v -2.40870551 1.65204000 -0.17544316
v -2.40870551 1.44198947 -0.03508863
v -2.40870551 1.68122526 -0.12084758
v -2.40870551 1.44782526 -0.02416945
v -2.40870551 1.69919368 -0.06160743
v -2.40870551 1.45141895 -0.01232147
v -2.40870551 1.45263158 -0.00000000
v -2.40870551 1.70526316 -0.00000000
v -2.40870551 1.45141895 0.01232147
v -2.40870551 1.69919368 0.06160743
v -2.40870551 1.44782526 0.02416945
v -2.40870551 1.44198947 0.03508863
v -2.40870551 1.43413263 0.04465939
v -2.40870551 1.42456421 0.05251389
v -2.40870551 1.41364421 0.05835025
v -2.40870551 1.40179579 0.06194425
v -2.40870551 0.40915895 0.43232526
v -2.40870551 0.45637768 0.48986147
v -2.40870551 1.34481474 0.04465939
v -2.40870551 0.45789474 0.50526316
v -2.40870551 1.35438316 0.05251389
v -2.40870551 0.45637768 0.52066484
v -2.40870551 0.45188526 0.53547474
v -2.40870551 0.44458989 0.54912379
v -2.40870551 0.43477137 0.56108716
v -2.40870551 0.42280800 0.57090568
v -2.40870551 0.40915895 0.57820105
v -2.40870551 0.39434905 0.58269347
v -2.47186340 0.34873579 0.43232526
v -2.47186340 0.33508674 0.43962063
v -2.47186340 0.30151705 0.48986147
v -2.47186340 0.30600947 0.47505158
v -2.47186340 0.33508674 0.57090568
v -2.47186340 0.34873579 0.57820105
v -2.47186340 0.39434905 0.42783284
v -2.47186340 0.40915895 0.43232526
v -2.47186340 0.42280800 0.43962063
v -2.47186340 0.43477137 0.44943916
v -2.47186340 0.44458989 0.46140253
v -2.47186340 0.45188526 0.47505158
v -2.47186340 0.45637768 0.48986147
v -2.47186340 0.45789474 0.50526316
v -2.47186340 0.45637768 0.52066484
v -2.47186340 0.45188526 0.53547474
v -2.47186340 0.44458989 0.54912379
v -2.47186340 0.43477137 0.56108716
v -2.47186340 0.42280800 0.57090568
v -2.47186340 0.40915895 0.57820105
v -2.47186340 0.39434905 0.58269347
v -2.47186340 0.37894737 -0.58421053
v -2.47186340 0.36354568 -0.58269347
v -2.47186340 0.37894737 -0.42631579
v -2.47186340 0.39434905 -0.42783284
v -2.47186340 0.30151705 -0.48986147
v -2.47186340 0.30000000 -0.50526316
v -2.47186340 0.31330484 -0.54912379
v -2.47186340 0.32312337 -0.56108716
v -2.47186340 0.32312337 -0.44943916
v -2.47186340 0.33508674 -0.43962063
v -2.47186340 0.31330484 -0.46140253
v -2.47186340 0.30600947 -0.47505158
v -2.47186340 0.34873579 -0.57820105
v -2.47186340 0.33508674 -0.57090568
v -2.47186340 0.30151705 -0.52066484
v -2.47186340 0.30600947 -0.53547474
v -2.47186340 0.34873579 -0.43232526
v -2.47186340 0.36354568 -0.42783284
v -2.47186340 0.39434905 -0.58269347
v -2.47186340 0.40915895 -0.57820105
v -2.47186340 0.42280800 -0.57090568
v -2.47186340 0.43477137 -0.56108716
v -2.47186340 0.44458989 -0.54912379
v -2.47186340 0.45188526 -0.53547474
v -2.47186340 0.45637768 -0.52066484
v -2.47186340 0.45789474 -0.50526316
v -2.47186340 0.45637768 -0.48986147
v -2.47186340 0.45188526 -0.47505158
v -2.47186340 0.44458989 -0.46140253
v -2.47186340 0.43477137 -0.44943916
v -2.47186340 0.42280800 -0.43962063
v -2.47186340 0.40915895 -0.43232526
v -2.59817919 0.00000000 0.94736842
v -1.84028446 0.18947368 0.94736842
v -2.59817919 0.18947368 0.94736842
v -1.84028446 0.00000000 0.94736842
v -1.84028446 0.18947368 -0.94736842
v -2.02975814 0.18947368 -0.75789474
v -2.59817919 0.18947368 -0.94736842
v -2.02975814 0.18947368 0.75789474
v -1.84028446 0.00000000 -0.94736842
v -2.59817919 0.00000000 -0.94736842
v -2.02975814 1.51032000 -0.29175158
v -2.02975814 1.40179579 -0.06194425
v -2.02975814 1.38947368 -0.06315789
v -2.02975814 1.44782526 -0.02416945
v -2.02975814 1.68122526 -0.12084758
v -2.02975814 1.69919368 -0.06160743
v -2.02975814 1.65204000 -0.17544316
v -2.02975814 1.41364421 -0.05835025
v -2.02975814 1.42456421 -0.05251389
v -2.02975814 1.43413263 -0.04465939
v -2.02975814 1.44198947 -0.03508863
v -2.02975814 1.45141895 -0.01232147
v -2.02975814 1.70526316 -0.00000000
v -2.02975814 1.45263158 -0.00000000
v -2.02975814 1.45141895 0.01232147
v -2.02975814 1.69919368 0.06160743
v -2.02975814 1.44782526 0.02416945
v -2.02975814 1.68122526 0.12084758
v -2.02975814 1.44198947 0.03508863
v -2.02975814 1.65204000 0.17544316
v -2.02975814 1.43413263 0.04465939
v -2.02975814 1.61276842 0.22329663
v -2.02975814 1.42456421 0.05251389
v -2.02975814 1.56492000 0.26256947
v -2.02975814 1.34481474 -0.04465939
v -2.02975814 0.25263158 -0.75789474
v -2.02975814 1.56492000 -0.26256947
v -2.02975814 1.61276842 -0.22329663
v -2.02975814 1.37715158 -0.06194425
v -2.02975814 1.36530316 -0.05835025
v -2.02975814 1.35438316 -0.05251389
v -2.02975814 1.33695789 -0.03508863
v -2.02975814 1.33112211 -0.02416945
v -2.02975814 1.32752842 -0.01232147
v -2.02975814 1.32631579 -0.00000000
v -2.02975814 0.25263158 0.75789474
v -2.02975814 1.32752842 0.01232147
v -2.02975814 1.33112211 0.02416945
v -2.02975814 1.33695789 0.03508863
v -2.02975814 1.34481474 0.04465939
v -2.02975814 1.51032000 0.29175158
v -2.02975814 1.35438316 0.05251389
v -2.02975814 1.41364421 0.05835025
v -2.02975814 1.40179579 0.06194425
v -2.02975814 1.38947368 0.06315789
v -2.02975814 1.37715158 0.06194425
v -2.02975814 1.36530316 0.05835025
v 1.69655765 0.36354568 0.42783284
v 1.63339975 0.37894737 0.42631579
v 1.69655765 0.37894737 0.42631579
v 1.63339975 0.36354568 0.42783284
v 1.63339975 0.36354568 0.58269347
v 1.69655765 0.37894737 0.58421053
v 1.63339975 0.37894737 0.58421053
v 1.69655765 0.36354568 0.58269347
v 1.63339975 0.30151705 0.52066484
v 1.69655765 0.30000000 0.50526316
v 1.69655765 0.30151705 0.52066484
v 1.63339975 0.30000000 0.50526316
v 1.63339975 0.31330484 0.46140253
v 1.69655765 0.32312337 0.44943916
v 1.69655765 0.31330484 0.46140253
v 1.63339975 0.32312337 0.44943916
v 1.63339975 0.32312337 0.56108716
v 1.69655765 0.31330484 0.54912379
v 1.69655765 0.32312337 0.56108716
v 1.63339975 0.31330484 0.54912379
v 1.63339975 0.30600947 0.53547474
v 1.69655765 0.30600947 0.53547474
v 1.69655765 0.32312337 -0.56108716
v 1.69655765 0.25263158 -0.75789474
v 1.69655765 0.18947368 -0.75789474
v 1.69655765 0.36354568 -0.58269347
v 1.69655765 0.37894737 -0.58421053
v 1.69655765 0.34873579 -0.57820105
v 1.69655765 0.33508674 -0.57090568
v 1.69655765 0.31330484 -0.54912379
v 1.69655765 0.30600947 -0.53547474
v 1.69655765 0.30151705 -0.52066484
v 1.69655765 0.30000000 -0.50526316
v 1.69655765 0.30151705 -0.48986147
v 1.69655765 0.30600947 -0.47505158
v 1.69655765 0.37894737 -0.42631579
v 1.69655765 0.36354568 -0.42783284
v 1.69655765 1.34481474 -0.04465939
v 1.69655765 1.51032000 -0.29175158
v 1.69655765 1.36530316 -0.05835025
v 1.69655765 1.35438316 -0.05251389
v 1.69655765 1.38947368 -0.06315789
v 1.69655765 1.37715158 -0.06194425
v 1.69655765 1.41364421 -0.05835025
v 1.69655765 1.40179579 -0.06194425
v 1.69655765 1.42456421 -0.05251389
v 1.69655765 1.56492000 -0.26256947
v 1.69655765 0.34873579 -0.43232526
v 1.69655765 1.33695789 -0.03508863
v 1.69655765 1.33112211 -0.02416945
v 1.69655765 1.32752842 -0.01232147
v 1.69655765 1.32631579 -0.00000000
v 1.69655765 0.42280800 0.43962063
v 1.69655765 0.43477137 0.44943916
v 1.69655765 1.32752842 0.01232147
v 1.69655765 0.44458989 0.46140253
v 1.69655765 1.33112211 0.02416945
v 1.69655765 0.45188526 0.47505158
v 1.69655765 1.51032000 0.29175158
v 1.69655765 1.38947368 0.06315789
v 1.69655765 1.37715158 0.06194425
v 1.69655765 1.65204000 0.17544316
v 1.69655765 1.68122526 0.12084758
v 1.69655765 1.36530316 0.05835025
v 1.69655765 1.61276842 0.22329663
v 1.69655765 1.33695789 0.03508863
v 1.69655765 1.56492000 0.26256947
v 1.69655765 0.34873579 0.43232526
v 1.69655765 0.33508674 -0.43962063
v 1.69655765 0.39434905 0.42783284
v 1.69655765 0.33508674 0.43962063
v 1.69655765 0.32312337 -0.44943916
v 1.69655765 0.31330484 -0.46140253
v 1.69655765 0.30600947 0.47505158
v 1.69655765 0.30151705 0.48986147
v 1.69655765 0.18947368 0.75789474
v 1.69655765 0.34873579 0.57820105
v 1.69655765 0.25263158 0.75789474
v 1.69655765 0.33508674 0.57090568
v 1.69655765 0.39434905 -0.58269347
v 1.69655765 0.40915895 -0.57820105
v 1.69655765 0.42280800 -0.57090568
v 1.69655765 0.43477137 -0.56108716
v 1.69655765 0.44458989 -0.54912379
v 1.69655765 0.45188526 -0.53547474
v 1.69655765 0.45637768 -0.52066484
v 1.69655765 0.45789474 -0.50526316
v 1.69655765 0.45637768 -0.48986147
v 1.69655765 0.45188526 -0.47505158
v 1.69655765 0.44458989 -0.46140253
v 1.69655765 0.43477137 -0.44943916
v 1.69655765 0.42280800 -0.43962063
v 1.69655765 0.40915895 -0.43232526
v 1.69655765 0.39434905 -0.42783284
v 1.69655765 1.61276842 -0.22329663
v 1.69655765 1.43413263 -0.04465939
v 1.69655765 1.65204000 -0.17544316
v 1.69655765 1.44198947 -0.03508863
v 1.69655765 1.68122526 -0.12084758
v 1.69655765 1.44782526 -0.02416945
v 1.69655765 1.69919368 -0.06160743
v 1.69655765 1.45141895 -0.01232147
v 1.69655765 1.45263158 -0.00000000
v 1.69655765 1.70526316 -0.00000000
v 1.69655765 1.45141895 0.01232147
v 1.69655765 1.69919368 0.06160743
v 1.69655765 1.44782526 0.02416945
v 1.69655765 1.44198947 0.03508863
v 1.69655765 1.43413263 0.04465939
v 1.69655765 1.42456421 0.05251389
v 1.69655765 1.41364421 0.05835025
v 1.69655765 1.40179579 0.06194425
v 1.69655765 0.40915895 0.43232526
v 1.69655765 0.45637768 0.48986147
v 1.69655765 1.34481474 0.04465939
v 1.69655765 0.45789474 0.50526316
v 1.69655765 1.35438316 0.05251389
v 1.69655765 0.45637768 0.52066484
v 1.69655765 0.45188526 0.53547474
v 1.69655765 0.44458989 0.54912379
v 1.69655765 0.43477137 0.56108716
v 1.69655765 0.42280800 0.57090568
v 1.69655765 0.40915895 0.57820105
v 1.69655765 0.39434905 0.58269347
v 1.63339975 0.34873579 0.43232526
v 1.63339975 0.33508674 0.43962063
v 1.63339975 0.30151705 0.48986147
v 1.63339975 0.30600947 0.47505158
v 1.63339975 0.33508674 0.57090568
v 1.63339975 0.34873579 0.57820105
v 1.63339975 0.39434905 0.42783284
v 1.63339975 0.40915895 0.43232526
v 1.63339975 0.42280800 0.43962063
v 1.63339975 0.43477137 0.44943916
v 1.63339975 0.44458989 0.46140253
v 1.63339975 0.45188526 0.47505158
v 1.63339975 0.45637768 0.48986147
v 1.63339975 0.45789474 0.50526316
v 1.63339975 0.45637768 0.52066484
v 1.63339975 0.45188526 0.53547474
v 1.63339975 0.44458989 0.54912379
v 1.63339975 0.43477137 0.56108716
v 1.63339975 0.42280800 0.57090568
v 1.63339975 0.40915895 0.57820105
v 1.63339975 0.39434905 0.58269347
v 1.63339975 0.37894737 -0.58421053
v 1.63339975 0.36354568 -0.58269347
v 1.63339975 0.37894737 -0.42631579
v 1.63339975 0.39434905 -0.42783284
v 1.63339975 0.30151705 -0.48986147
v 1.63339975 0.30000000 -0.50526316
v 1.63339975 0.31330484 -0.54912379
v 1.63339975 0.32312337 -0.56108716
v 1.63339975 0.32312337 -0.44943916
v 1.63339975 0.33508674 -0.43962063
v 1.63339975 0.31330484 -0.46140253
v 1.63339975 0.30600947 -0.47505158
v 1.63339975 0.34873579 -0.57820105
v 1.63339975 0.33508674 -0.57090568
v 1.63339975 0.30151705 -0.52066484
v 1.63339975 0.30600947 -0.53547474
v 1.63339975 0.34873579 -0.43232526
v 1.63339975 0.36354568 -0.42783284
v 1.63339975 0.39434905 -0.58269347
v 1.63339975 0.40915895 -0.57820105
v 1.63339975 0.42280800 -0.57090568
v 1.63339975 0.43477137 -0.56108716
v 1.63339975 0.44458989 -0.54912379
v 1.63339975 0.45188526 -0.53547474
v 1.63339975 0.45637768 -0.52066484
v 1.63339975 0.45789474 -0.50526316
v 1.63339975 0.45637768 -0.48986147
v 1.63339975 0.45188526 -0.47505158
v 1.63339975 0.44458989 -0.46140253
v 1.63339975 0.43477137 -0.44943916
v 1.63339975 0.42280800 -0.43962063
v 1.63339975 0.40915895 -0.43232526
v 1.50708396 0.00000000 0.94736842
v 2.26497870 0.18947368 0.94736842
v 1.50708396 0.18947368 0.94736842
v 2.26497870 0.00000000 0.94736842
v 2.26497870 0.18947368 -0.94736842
v 2.07550502 0.18947368 -0.75789474
v 1.50708396 0.18947368 -0.94736842
v 2.07550502 0.18947368 0.75789474
v 2.26497870 0.00000000 -0.94736842
v 1.50708396 0.00000000 -0.94736842
v 2.07550502 1.51032000 -0.29175158
v 2.07550502 1.40179579 -0.06194425
v 2.07550502 1.38947368 -0.06315789
v 2.07550502 1.44782526 -0.02416945
v 2.07550502 1.68122526 -0.12084758
v 2.07550502 1.69919368 -0.06160743
v 2.07550502 1.65204000 -0.17544316
v 2.07550502 1.41364421 -0.05835025
v 2.07550502 1.42456421 -0.05251389
v 2.07550502 1.43413263 -0.04465939
v 2.07550502 1.44198947 -0.03508863
v 2.07550502 1.45141895 -0.01232147
v 2.07550502 1.70526316 -0.00000000
v 2.07550502 1.45263158 -0.00000000
v 2.07550502 1.45141895 0.01232147
v 2.07550502 1.69919368 0.06160743
v 2.07550502 1.44782526 0.02416945
v 2.07550502 1.68122526 0.12084758
v 2.07550502 1.44198947 0.03508863
v 2.07550502 1.65204000 0.17544316
v 2.07550502 1.43413263 0.04465939
v 2.07550502 1.61276842 0.22329663
v 2.07550502 1.42456421 0.05251389
v 2.07550502 1.56492000 0.26256947
v 2.07550502 1.34481474 -0.04465939
v 2.07550502 0.25263158 -0.75789474
v 2.07550502 1.56492000 -0.26256947
v 2.07550502 1.61276842 -0.22329663
v 2.07550502 1.37715158 -0.06194425
v 2.07550502 1.36530316 -0.05835025
v 2.07550502 1.35438316 -0.05251389
v 2.07550502 1.33695789 -0.03508863
v 2.07550502 1.33112211 -0.02416945
v 2.07550502 1.32752842 -0.01232147
v 2.07550502 1.32631579 -0.00000000
v 2.07550502 0.25263158 0.75789474
v 2.07550502 1.32752842 0.01232147
v 2.07550502 1.33112211 0.02416945
v 2.07550502 1.33695789 0.03508863
v 2.07550502 1.34481474 0.04465939
v 2.07550502 1.51032000 0.29175158
v 2.07550502 1.35438316 0.05251389
v 2.07550502 1.41364421 0.05835025
v 2.07550502 1.40179579 0.06194425
v 2.07550502 1.38947368 0.06315789
v 2.07550502 1.37715158 0.06194425
v 2.07550502 1.36530316 0.05835025
v -1.57060025 0.94736842 -0.00000000
v -1.48781288 0.66315789 -0.00369644
v -1.48817919 0.66315789 -0.00000000
v -1.57057498 0.94740632 -0.00036922
v -1.56921077 0.94932632 -0.01988678
v -1.50931814 0.95905895 0.09678442
v -1.52669288 0.95593263 0.08647705
v -1.47648235 0.66315789 0.01750509
v -1.47976025 0.66315789 -0.01575411
v -1.52669288 0.95593263 -0.08647705
v -1.47648235 0.66315789 -0.01750509
v -1.52692025 0.95588842 -0.08633937
v -1.37445709 0.95120211 0.03890495
v -1.45172446 0.66315789 0.00725078
v -1.45065077 0.66315789 0.00369644
v -1.37454551 0.95123368 0.03922067
v -1.42913919 0.95905895 0.09678442
v -1.46198130 0.66315789 0.01750509
v -1.41177077 0.95593263 0.08647705
v -1.56400656 0.95120211 0.03890495
v -1.56921077 0.94932632 0.01988678
v -1.48781288 0.66315789 0.00369644
v -1.36925288 0.94932632 0.01988678
v -1.36788867 0.94740632 0.00036922
v -1.48498340 0.66315789 -0.01052659
v -1.55487393 0.95300211 -0.05722528
v -1.54256446 0.95454947 -0.07292968
v -1.47292656 0.66315789 -0.01858326
v -1.48978340 0.96103579 -0.10330863
v -1.46943393 0.96170526 -0.10550589
v -1.38345077 0.95297684 0.05695156
v -1.39589919 0.95454947 0.07292968
v -1.45348025 0.66315789 0.01052659
v -1.38358972 0.95300211 0.05722528
v -1.48978340 0.96103579 0.10330863
v -1.50909709 0.95908421 0.09685832
v -1.47292656 0.66315789 0.01858326
v -1.54256446 0.95454947 0.07292968
v -1.55487393 0.95300211 0.05722528
v -1.48498340 0.66315789 0.01052659
v -1.55501288 0.95297684 0.05695156
v -1.48673919 0.66315789 0.00725078
v -1.57057498 0.94740632 0.00036922
v -1.56400656 0.95120211 -0.03890495
v -1.52702130 0.95586316 -0.08625032
v -1.54217288 0.95459368 -0.07334147
v -1.55501288 0.95297684 -0.05695156
v -1.48673919 0.66315789 -0.00725078
v -1.50931814 0.95905895 -0.09678442
v -1.46553709 0.66315789 -0.01858326
v -1.46902972 0.96170526 -0.10550589
v -1.44868025 0.96103579 -0.10330863
v -1.46923183 0.66315789 -0.01894731
v -1.46923183 0.96171158 -0.10552800
v -1.41144235 0.95586316 0.08625032
v -1.45870340 0.66315789 0.01575411
v -1.39629077 0.95459368 0.07334147
v -1.41154340 0.95588842 0.08633937
v -1.46923183 0.66315789 0.01894731
v -1.46902972 0.96170526 0.10550589
v -1.46923183 0.96171158 0.10552800
v -1.46553709 0.66315789 0.01858326
v -1.52702130 0.95586316 0.08625032
v -1.47976025 0.66315789 0.01575411
v -1.52692025 0.95588842 0.08633937
v -1.54217288 0.95459368 0.07334147
v -1.46943393 0.96170526 0.10550589
v -1.56391814 0.95123368 0.03922067
v -1.36925288 0.94932632 -0.01988678
v -1.45065077 0.66315789 -0.00369644
v -1.37445709 0.95120211 -0.03890495
v -1.45870340 0.66315789 -0.01575411
v -1.41177077 0.95593263 -0.08647705
v -1.41154340 0.95588842 -0.08633937
v -1.46198130 0.66315789 -0.01750509
v -1.48262762 0.66315789 -0.01339781
v -1.54238762 0.95457474 -0.07315579
v -1.56391814 0.95123368 -0.03922067
v -1.45583604 0.66315789 0.01339781
v -1.39607604 0.95457474 0.07315579
v -1.44868025 0.96103579 0.10330863
v -1.42936656 0.95908421 0.09685832
v -1.45028446 0.66315789 -0.00000000
v -1.45172446 0.66315789 -0.00725078
v -1.45348025 0.66315789 -0.01052659
v -1.45583604 0.66315789 -0.01339781
v -1.48262762 0.66315789 0.01339781
v -1.36788867 0.94740632 -0.00036922
v -1.36786340 0.94736842 -0.00000000
v -1.41144235 0.95586316 -0.08625032
v -1.39629077 0.95459368 -0.07334147
v -1.42936656 0.95908421 -0.09685832
v -1.50909709 0.95908421 -0.09685832
v -1.54238762 0.95457474 0.07315579
v -1.37454551 0.95123368 -0.03922067
v -1.38358972 0.95300211 -0.05722528
v -1.39589919 0.95454947 -0.07292968
v -1.39607604 0.95457474 -0.07315579
v -1.42913919 0.95905895 -0.09678442
v -1.38345077 0.95297684 -0.05695156
v -1.13638972 0.94736842 -0.00000000
v -1.05360235 0.66315789 -0.00369644
v -1.05396867 0.66315789 -0.00000000
v -1.13636446 0.94740632 -0.00036922
v -1.13500025 0.94932632 -0.01988678
v -1.07510762 0.95905895 0.09678442
v -1.09248235 0.95593263 0.08647705
v -1.04227183 0.66315789 0.01750509
v -1.04554972 0.66315789 -0.01575411
v -1.09248235 0.95593263 -0.08647705
v -1.04227183 0.66315789 -0.01750509
v -1.09270972 0.95588842 -0.08633937
v -0.94024656 0.95120211 0.03890495
v -1.01751393 0.66315789 0.00725078
v -1.01644025 0.66315789 0.00369644
v -0.94033498 0.95123368 0.03922067
v -0.99493498 0.95905895 0.09678442
v -1.02777077 0.66315789 0.01750509
v -0.97756025 0.95593263 0.08647705
v -1.12979604 0.95120211 0.03890495
v -1.13500025 0.94932632 0.01988678
v -1.05360235 0.66315789 0.00369644
v -0.93504235 0.94932632 0.01988678
v -0.93367814 0.94740632 0.00036922
v -1.05077288 0.66315789 -0.01052659
v -1.12066340 0.95300211 -0.05722528
v -1.10835393 0.95454947 -0.07292968
v -1.03871604 0.66315789 -0.01858326
v -1.05557288 0.96103579 -0.10330863
v -1.03522340 0.96170526 -0.10550589
v -0.94924025 0.95297684 0.05695156
v -0.96168867 0.95454947 0.07292968
v -1.01926972 0.66315789 0.01052659
v -0.94937919 0.95300211 0.05722528
v -1.05557288 0.96103579 0.10330863
v -1.07488656 0.95908421 0.09685832
v -1.03871604 0.66315789 0.01858326
v -1.10835393 0.95454947 0.07292968
v -1.12066340 0.95300211 0.05722528
v -1.05077288 0.66315789 0.01052659
v -1.12080235 0.95297684 0.05695156
v -1.05252867 0.66315789 0.00725078
v -1.13636446 0.94740632 0.00036922
v -1.12979604 0.95120211 -0.03890495
v -1.09281077 0.95586316 -0.08625032
v -1.10796235 0.95459368 -0.07334147
v -1.12080235 0.95297684 -0.05695156
v -1.05252867 0.66315789 -0.00725078
v -1.07510762 0.95905895 -0.09678442
v -1.03132656 0.66315789 -0.01858326
v -1.03481919 0.96170526 -0.10550589
v -1.01446972 0.96103579 -0.10330863
v -1.03502130 0.66315789 -0.01894731
v -1.03502130 0.96171158 -0.10552800
v -0.97723183 0.95586316 0.08625032
v -1.02449288 0.66315789 0.01575411
v -0.96208025 0.95459368 0.07334147
v -0.97733288 0.95588842 0.08633937
v -1.03502130 0.66315789 0.01894731
v -1.03481919 0.96170526 0.10550589
v -1.03502130 0.96171158 0.10552800
v -1.03132656 0.66315789 0.01858326
v -1.09281077 0.95586316 0.08625032
v -1.04554972 0.66315789 0.01575411
v -1.09270972 0.95588842 0.08633937
v -1.10796235 0.95459368 0.07334147
v -1.03522340 0.96170526 0.10550589
v -1.12970762 0.95123368 0.03922067
v -0.93504235 0.94932632 -0.01988678
v -1.01644025 0.66315789 -0.00369644
v -0.94024656 0.95120211 -0.03890495
v -1.02449288 0.66315789 -0.01575411
v -0.97756025 0.95593263 -0.08647705
v -0.97733288 0.95588842 -0.08633937
v -1.02777077 0.66315789 -0.01750509
v -1.04841709 0.66315789 -0.01339781
v -1.10817709 0.95457474 -0.07315579
v -1.12970762 0.95123368 -0.03922067
v -1.02162551 0.66315789 0.01339781
v -0.96186551 0.95457474 0.07315579
v -1.01446972 0.96103579 0.10330863
v -0.99515604 0.95908421 0.09685832
v -1.01607393 0.66315789 -0.00000000
v -1.01751393 0.66315789 -0.00725078
v -1.01926972 0.66315789 -0.01052659
v -1.02162551 0.66315789 -0.01339781
v -1.04841709 0.66315789 0.01339781
v -0.93367814 0.94740632 -0.00036922
v -0.93365288 0.94736842 -0.00000000
v -0.97723183 0.95586316 -0.08625032
v -0.96208025 0.95459368 -0.07334147
v -0.99515604 0.95908421 -0.09685832
v -1.07488656 0.95908421 -0.09685832
v -1.10817709 0.95457474 0.07315579
v -0.94033498 0.95123368 -0.03922067
v -0.94937919 0.95300211 -0.05722528
v -0.96168867 0.95454947 -0.07292968
v -0.96186551 0.95457474 -0.07315579
v -0.99493498 0.95905895 -0.09678442
v -0.94924025 0.95297684 -0.05695156
v -0.70217919 0.94736842 -0.00000000
v -0.61939435 0.66315789 -0.00369644
v -0.61975814 0.66315789 -0.00000000
v -0.70215330 0.94740632 -0.00036922
v -0.70078846 0.94932632 -0.01988678
v -0.64090025 0.95905895 0.09678442
v -0.65826930 0.95593263 0.08647705
v -0.60806130 0.66315789 0.01750509
v -0.61133730 0.66315789 -0.01575411
v -0.65826930 0.95593263 -0.08647705
v -0.60806130 0.66315789 -0.01750509
v -0.65850109 0.95588842 -0.08633937
v -0.50603730 0.95120211 0.03890495
v -0.58330593 0.66315789 0.00725078
v -0.58222719 0.66315789 0.00369644
v -0.50612383 0.95123368 0.03922067
v -0.56072130 0.95905895 0.09678442
v -0.59355962 0.66315789 0.01750509
v -0.54335225 0.95593263 0.08647705
v -0.69558425 0.95120211 0.03890495
v -0.70078846 0.94932632 0.01988678
v -0.61939435 0.66315789 0.00369644
v -0.50083309 0.94932632 0.01988678
v -0.49946825 0.94740632 0.00036922
v -0.61656488 0.66315789 -0.01052659
v -0.68645477 0.95300211 -0.05722528
v -0.67414404 0.95454947 -0.07292968
v -0.60450740 0.66315789 -0.01858326
v -0.62135983 0.96103579 -0.10330863
v -0.60101288 0.96170526 -0.10550589
v -0.51502972 0.95297684 0.05695156
v -0.52747751 0.95454947 0.07292968
v -0.58505667 0.66315789 0.01052659
v -0.51516677 0.95300211 0.05722528
v -0.62135983 0.96103579 0.10330863
v -0.64067919 0.95908421 0.09685832
v -0.60450740 0.66315789 0.01858326
v -0.67414404 0.95454947 0.07292968
v -0.68645477 0.95300211 0.05722528
v -0.61656488 0.66315789 0.01052659
v -0.68659183 0.95297684 0.05695156
v -0.61831562 0.66315789 0.00725078
v -0.70215330 0.94740632 0.00036922
v -0.69558425 0.95120211 -0.03890495
v -0.65859709 0.95586316 -0.08625032
v -0.67374867 0.95459368 -0.07334147
v -0.68659183 0.95297684 -0.05695156
v -0.61831562 0.66315789 -0.00725078
v -0.64090025 0.95905895 -0.09678442
v -0.59711414 0.66315789 -0.01858326
v -0.60060867 0.96170526 -0.10550589
v -0.58026109 0.96103579 -0.10330863
v -0.60081077 0.66315789 -0.01894731
v -0.60081077 0.96171158 -0.10552800
v -0.54302383 0.95586316 0.08625032
v -0.59028425 0.66315789 0.01575411
v -0.52787288 0.95459368 0.07334147
v -0.54312046 0.95588842 0.08633937
v -0.60081077 0.66315789 0.01894731
v -0.60060867 0.96170526 0.10550589
v -0.60081077 0.96171158 0.10552800
v -0.59711414 0.66315789 0.01858326
v -0.65859709 0.95586316 0.08625032
v -0.61133730 0.66315789 0.01575411
v -0.65850109 0.95588842 0.08633937
v -0.67374867 0.95459368 0.07334147
v -0.60101288 0.96170526 0.10550589
v -0.69549772 0.95123368 0.03922067
v -0.50083309 0.94932632 -0.01988678
v -0.58222719 0.66315789 -0.00369644
v -0.50603730 0.95120211 -0.03890495
v -0.59028425 0.66315789 -0.01575411
v -0.54335225 0.95593263 -0.08647705
v -0.54312046 0.95588842 -0.08633937
v -0.59355962 0.66315789 -0.01750509
v -0.61420846 0.66315789 -0.01339781
v -0.67396656 0.95457474 -0.07315579
v -0.69549772 0.95123368 -0.03922067
v -0.58741309 0.66315789 0.01339781
v -0.52765498 0.95457474 0.07315579
v -0.58026109 0.96103579 0.10330863
v -0.56094235 0.95908421 0.09685832
v -0.58186340 0.66315789 -0.00000000
v -0.58330593 0.66315789 -0.00725078
v -0.58505667 0.66315789 -0.01052659
v -0.58741309 0.66315789 -0.01339781
v -0.61420846 0.66315789 0.01339781
v -0.49946825 0.94740632 -0.00036922
v -0.49944235 0.94736842 -0.00000000
v -0.54302383 0.95586316 -0.08625032
v -0.52787288 0.95459368 -0.07334147
v -0.56094235 0.95908421 -0.09685832
v -0.64067919 0.95908421 -0.09685832
v -0.67396656 0.95457474 0.07315579
v -0.50612383 0.95123368 -0.03922067
v -0.51516677 0.95300211 -0.05722528
v -0.52747751 0.95454947 -0.07292968
v -0.52765498 0.95457474 -0.07315579
v -0.56072130 0.95905895 -0.09678442
v -0.51502972 0.95297684 -0.05695156
v -0.26796867 0.94736842 -0.00000000
v -0.18518351 0.66315789 -0.00369644
v -0.18554755 0.66315789 -0.00000000
v -0.26794277 0.94740632 -0.00036922
v -0.26657793 0.94932632 -0.01988678
v -0.15320244 0.66315789 0.01339781
v -0.09366235 0.95459368 0.07334147
v -0.15607366 0.66315789 0.01575411
v -0.09344446 0.95457474 0.07315579
v -0.18235435 0.66315789 0.01052659
v -0.25238130 0.95297684 0.05695156
v -0.18410534 0.66315789 0.00725078
v -0.25224425 0.95300211 0.05722528
v -0.18410534 0.66315789 -0.00725078
v -0.26128719 0.95123368 -0.03922067
v -0.25238130 0.95297684 -0.05695156
v -0.22438688 0.95586316 -0.08625032
v -0.17712684 0.66315789 -0.01575411
v -0.23953814 0.95459368 -0.07334147
v -0.22429050 0.95588842 -0.08633937
v -0.07182677 0.95120211 -0.03890495
v -0.14909515 0.66315789 -0.00725078
v -0.07191330 0.95123368 -0.03922067
v -0.14801698 0.66315789 -0.00369644
v -0.26137372 0.95120211 0.03890495
v -0.26657793 0.94932632 0.01988678
v -0.18518351 0.66315789 0.00369644
v -0.26137372 0.95120211 -0.03890495
v -0.08095625 0.95300211 -0.05722528
v -0.15084614 0.66315789 -0.01052659
v -0.09326698 0.95454947 -0.07292968
v -0.08081919 0.95297684 0.05695156
v -0.14909515 0.66315789 0.00725078
v -0.07191330 0.95123368 0.03922067
v -0.23993351 0.95454947 0.07292968
v -0.26794277 0.94740632 0.00036922
v -0.18235435 0.66315789 -0.01052659
v -0.25224425 0.95300211 -0.05722528
v -0.23993351 0.95454947 -0.07292968
v -0.06523183 0.94736842 -0.00000000
v -0.06525772 0.94740632 -0.00036922
v -0.14765294 0.66315789 -0.00000000
v -0.12673202 0.95908421 -0.09685832
v -0.16290380 0.66315789 -0.01858326
v -0.14605088 0.96103579 -0.10330863
v -0.22405846 0.95593263 -0.08647705
v -0.17385103 0.66315789 -0.01750509
v -0.14801698 0.66315789 0.00369644
v -0.06525772 0.94740632 0.00036922
v -0.15084614 0.66315789 0.01052659
v -0.08095625 0.95300211 0.05722528
v -0.07182677 0.95120211 0.03890495
v -0.16660025 0.66315789 0.01894731
v -0.16680208 0.96170526 0.10550589
v -0.17029669 0.66315789 0.01858326
v -0.16660025 0.96171158 0.10552800
v -0.20668966 0.95905895 0.09678442
v -0.22405846 0.95593263 0.08647705
v -0.17385103 0.66315789 0.01750509
v -0.22438688 0.95586316 0.08625032
v -0.17712684 0.66315789 0.01575411
v -0.22429050 0.95588842 0.08633937
v -0.23953814 0.95459368 0.07334147
v -0.26128719 0.95123368 0.03922067
v -0.06662256 0.94932632 -0.01988678
v -0.15320244 0.66315789 -0.01339781
v -0.09344446 0.95457474 -0.07315579
v -0.15934947 0.66315789 -0.01750509
v -0.12651084 0.95905895 -0.09678442
v -0.10914204 0.95593263 -0.08647705
v -0.16639841 0.96170526 -0.10550589
v -0.20668966 0.95905895 -0.09678442
v -0.17029669 0.66315789 -0.01858326
v -0.18714962 0.96103579 -0.10330863
v -0.16680208 0.96170526 -0.10550589
v -0.20646848 0.95908421 -0.09685832
v -0.09326698 0.95454947 0.07292968
v -0.10881362 0.95586316 0.08625032
v -0.10890999 0.95588842 0.08633937
v -0.14605088 0.96103579 0.10330863
v -0.16290380 0.66315789 0.01858326
v -0.12673202 0.95908421 0.09685832
v -0.16639841 0.96170526 0.10550589
v -0.06662256 0.94932632 0.01988678
v -0.17999806 0.66315789 -0.01339781
v -0.23975604 0.95457474 -0.07315579
v -0.08081919 0.95297684 -0.05695156
v -0.15607366 0.66315789 -0.01575411
v -0.10890999 0.95588842 -0.08633937
v -0.16660025 0.66315789 -0.01894731
v -0.16660025 0.96171158 -0.10552800
v -0.15934947 0.66315789 0.01750509
v -0.17999806 0.66315789 0.01339781
v -0.12651084 0.95905895 0.09678442
v -0.20646848 0.95908421 0.09685832
v -0.23975604 0.95457474 0.07315579
v -0.10881362 0.95586316 -0.08625032
v -0.09366235 0.95459368 -0.07334147
v -0.10914204 0.95593263 0.08647705
v -0.18714962 0.96103579 0.10330863
v 0.16624186 0.94736842 -0.00000000
v 0.24902670 0.66315789 -0.00369644
v 0.24866291 0.66315789 -0.00000000
v 0.16626775 0.94740632 -0.00036922
v 0.16763260 0.94932632 -0.01988678
v 0.22752081 0.95905895 0.09678442
v 0.21015175 0.95593263 0.08647705
v 0.26035912 0.66315789 0.01750509
v 0.25708375 0.66315789 -0.01575411
v 0.21015175 0.95593263 -0.08647705
v 0.26035912 0.66315789 -0.01750509
v 0.20991996 0.95588842 -0.08633937
v 0.36238375 0.95120211 -0.03890495
v 0.28511512 0.66315789 -0.00725078
v 0.36229723 0.95123368 -0.03922067
v 0.28619386 0.66315789 -0.00369644
v 0.32539660 0.95586316 0.08625032
v 0.27813681 0.66315789 0.01575411
v 0.34054817 0.95459368 0.07334147
v 0.32530060 0.95588842 0.08633937
v 0.17283681 0.95120211 0.03890495
v 0.16763260 0.94932632 0.01988678
v 0.24902670 0.66315789 0.00369644
v 0.35325428 0.95300211 -0.05722528
v 0.28336438 0.66315789 -0.01052659
v 0.34094354 0.95454947 -0.07292968
v 0.25185617 0.66315789 -0.01052659
v 0.18196628 0.95300211 -0.05722528
v 0.19427702 0.95454947 -0.07292968
v 0.36238375 0.95120211 0.03890495
v 0.28619386 0.66315789 0.00369644
v 0.36758796 0.94932632 0.01988678
v 0.35339133 0.95297684 0.05695156
v 0.28511512 0.66315789 0.00725078
v 0.36229723 0.95123368 0.03922067
v 0.24706060 0.96103579 0.10330863
v 0.22774186 0.95908421 0.09685832
v 0.26391365 0.66315789 0.01858326
v 0.19427702 0.95454947 0.07292968
v 0.18196628 0.95300211 0.05722528
v 0.25185617 0.66315789 0.01052659
v 0.18182923 0.95297684 0.05695156
v 0.25010544 0.66315789 0.00725078
v 0.16626775 0.94740632 0.00036922
v 0.17283681 0.95120211 -0.03890495
v 0.36897870 0.94736842 -0.00000000
v 0.36895281 0.94740632 -0.00036922
v 0.28655765 0.66315789 -0.00000000
v 0.30747870 0.95908421 -0.09685832
v 0.27130691 0.66315789 -0.01858326
v 0.28815933 0.96103579 -0.10330863
v 0.20982333 0.95586316 -0.08625032
v 0.19467238 0.95459368 -0.07334147
v 0.22752081 0.95905895 -0.09678442
v 0.18182923 0.95297684 -0.05695156
v 0.25010544 0.66315789 -0.00725078
v 0.34094354 0.95454947 0.07292968
v 0.28336438 0.66315789 0.01052659
v 0.35325428 0.95300211 0.05722528
v 0.36895281 0.94740632 0.00036922
v 0.32506881 0.95593263 0.08647705
v 0.27486081 0.66315789 0.01750509
v 0.28815933 0.96103579 0.10330863
v 0.27130691 0.66315789 0.01858326
v 0.30747870 0.95908421 0.09685832
v 0.20982333 0.95586316 0.08625032
v 0.25708375 0.66315789 0.01575411
v 0.20991996 0.95588842 0.08633937
v 0.19467238 0.95459368 0.07334147
v 0.26740817 0.96170526 0.10550589
v 0.17292333 0.95123368 0.03922067
v 0.36758796 0.94932632 -0.01988678
v 0.28100796 0.66315789 -0.01339781
v 0.34076607 0.95457474 -0.07315579
v 0.27486081 0.66315789 -0.01750509
v 0.30769975 0.95905895 -0.09678442
v 0.32506881 0.95593263 -0.08647705
v 0.26781238 0.96170526 -0.10550589
v 0.26391365 0.66315789 -0.01858326
v 0.22774186 0.95908421 -0.09685832
v 0.24706060 0.96103579 -0.10330863
v 0.25421260 0.66315789 -0.01339781
v 0.19445449 0.95457474 -0.07315579
v 0.17292333 0.95123368 -0.03922067
v 0.26781238 0.96170526 0.10550589
v 0.26761028 0.66315789 0.01894731
v 0.26761028 0.96171158 0.10552800
v 0.35339133 0.95297684 -0.05695156
v 0.27813681 0.66315789 -0.01575411
v 0.32530060 0.95588842 -0.08633937
v 0.26740817 0.96170526 -0.10550589
v 0.26761028 0.66315789 -0.01894731
v 0.26761028 0.96171158 -0.10552800
v 0.28100796 0.66315789 0.01339781
v 0.34076607 0.95457474 0.07315579
v 0.30769975 0.95905895 0.09678442
v 0.25421260 0.66315789 0.01339781
v 0.19445449 0.95457474 0.07315579
v 0.32539660 0.95586316 -0.08625032
v 0.34054817 0.95459368 -0.07334147
v 0.60045238 0.94736842 -0.00000000
v 0.68323975 0.66315789 -0.00369644
v 0.68287344 0.66315789 -0.00000000
v 0.60047765 0.94740632 -0.00036922
v 0.60184186 0.94932632 -0.01988678
v 0.69129238 0.66315789 -0.01575411
v 0.64435975 0.95593263 -0.08647705
v 0.69457028 0.66315789 -0.01750509
v 0.64413238 0.95588842 -0.08633937
v 0.78760186 0.95297684 -0.05695156
v 0.71757238 0.66315789 -0.01052659
v 0.78746291 0.95300211 -0.05722528
v 0.71932817 0.66315789 -0.00725078
v 0.60704607 0.95120211 0.03890495
v 0.60184186 0.94932632 0.01988678
v 0.68323975 0.66315789 0.00369644
v 0.77515344 0.95454947 -0.07292968
v 0.68606923 0.66315789 -0.01052659
v 0.61617870 0.95300211 -0.05722528
v 0.62848817 0.95454947 -0.07292968
v 0.79659554 0.95120211 0.03890495
v 0.72040186 0.66315789 0.00369644
v 0.80179975 0.94932632 0.01988678
v 0.68126923 0.96103579 0.10330863
v 0.66195554 0.95908421 0.09685832
v 0.69812607 0.66315789 0.01858326
v 0.62848817 0.95454947 0.07292968
v 0.61617870 0.95300211 0.05722528
v 0.68606923 0.66315789 0.01052659
v 0.61603975 0.95297684 0.05695156
v 0.68431344 0.66315789 0.00725078
v 0.60047765 0.94740632 0.00036922
v 0.60704607 0.95120211 -0.03890495
v 0.80318923 0.94736842 -0.00000000
v 0.72040186 0.66315789 -0.00369644
v 0.80316396 0.94740632 -0.00036922
v 0.72076817 0.66315789 -0.00000000
v 0.74168607 0.95908421 -0.09685832
v 0.70551554 0.66315789 -0.01858326
v 0.72237238 0.96103579 -0.10330863
v 0.64403133 0.95586316 -0.08625032
v 0.62887975 0.95459368 -0.07334147
v 0.66173449 0.95905895 -0.09678442
v 0.61603975 0.95297684 -0.05695156
v 0.68431344 0.66315789 -0.00725078
v 0.77515344 0.95454947 0.07292968
v 0.71757238 0.66315789 0.01052659
v 0.78746291 0.95300211 0.05722528
v 0.71521660 0.66315789 0.01339781
v 0.77497660 0.95457474 0.07315579
v 0.80316396 0.94740632 0.00036922
v 0.72237238 0.96103579 0.10330863
v 0.70551554 0.66315789 0.01858326
v 0.74168607 0.95908421 0.09685832
v 0.70202291 0.96170526 0.10550589
v 0.64403133 0.95586316 0.08625032
v 0.69129238 0.66315789 0.01575411
v 0.64413238 0.95588842 0.08633937
v 0.62887975 0.95459368 0.07334147
v 0.68842502 0.66315789 0.01339781
v 0.62866502 0.95457474 0.07315579
v 0.70161870 0.96170526 0.10550589
v 0.60713449 0.95123368 0.03922067
v 0.80179975 0.94932632 -0.01988678
v 0.79659554 0.95120211 -0.03890495
v 0.71521660 0.66315789 -0.01339781
v 0.77497660 0.95457474 -0.07315579
v 0.75961028 0.95586316 -0.08625032
v 0.71234923 0.66315789 -0.01575411
v 0.75950923 0.95588842 -0.08633937
v 0.77476186 0.95459368 -0.07334147
v 0.70907133 0.66315789 -0.01750509
v 0.74190712 0.95905895 -0.09678442
v 0.75928186 0.95593263 -0.08647705
v 0.70202291 0.96170526 -0.10550589
v 0.69812607 0.66315789 -0.01858326
v 0.68126923 0.96103579 -0.10330863
v 0.70161870 0.96170526 -0.10550589
v 0.68842502 0.66315789 -0.01339781
v 0.62866502 0.95457474 -0.07315579
v 0.60713449 0.95123368 -0.03922067
v 0.71932817 0.66315789 0.00725078
v 0.79650712 0.95123368 0.03922067
v 0.70182081 0.66315789 0.01894731
v 0.70182081 0.96171158 0.10552800
v 0.70907133 0.66315789 0.01750509
v 0.74190712 0.95905895 0.09678442
v 0.69457028 0.66315789 0.01750509
v 0.66173449 0.95905895 0.09678442
v 0.70182081 0.66315789 -0.01894731
v 0.70182081 0.96171158 -0.10552800
v 0.78760186 0.95297684 0.05695156
v 0.77476186 0.95459368 0.07334147
v 0.71234923 0.66315789 0.01575411
v 0.75961028 0.95586316 0.08625032
v 0.75950923 0.95588842 0.08633937
v 0.75928186 0.95593263 0.08647705
v 0.64435975 0.95593263 0.08647705
v 0.79650712 0.95123368 -0.03922067
v 0.66195554 0.95908421 -0.09685832
v 1.03466291 0.94736842 -0.00000000
v 1.11745028 0.66315789 -0.00369644
v 1.11708396 0.66315789 -0.00000000
v 1.03468817 0.94740632 -0.00036922
v 1.03605238 0.94932632 -0.01988678
v 1.09593870 0.95905895 0.09678442
v 1.07857028 0.95593263 0.08647705
v 1.12878081 0.66315789 0.01750509
v 1.12550291 0.66315789 -0.01575411
v 1.07857028 0.95593263 -0.08647705
v 1.12878081 0.66315789 -0.01750509
v 1.07834291 0.95588842 -0.08633937
v 1.23080607 0.95120211 -0.03890495
v 1.15353870 0.66315789 -0.00725078
v 1.23071765 0.95123368 -0.03922067
v 1.15461238 0.66315789 -0.00369644
v 1.19382081 0.95586316 0.08625032
v 1.14655975 0.66315789 0.01575411
v 1.20897238 0.95459368 0.07334147
v 1.19371975 0.95588842 0.08633937
v 1.04125660 0.95120211 0.03890495
v 1.03605238 0.94932632 0.01988678
v 1.11745028 0.66315789 0.00369644
v 1.22167344 0.95300211 -0.05722528
v 1.15178291 0.66315789 -0.01052659
v 1.20936396 0.95454947 -0.07292968
v 1.12027975 0.66315789 -0.01052659
v 1.05038923 0.95300211 -0.05722528
v 1.06269870 0.95454947 -0.07292968
v 1.23080607 0.95120211 0.03890495
v 1.15461238 0.66315789 0.00369644
v 1.23601028 0.94932632 0.01988678
v 1.22181238 0.95297684 0.05695156
v 1.15353870 0.66315789 0.00725078
v 1.23071765 0.95123368 0.03922067
v 1.11547975 0.96103579 0.10330863
v 1.09616607 0.95908421 0.09685832
v 1.13233660 0.66315789 0.01858326
v 1.06269870 0.95454947 0.07292968
v 1.05038923 0.95300211 0.05722528
v 1.12027975 0.66315789 0.01052659
v 1.05025028 0.95297684 0.05695156
v 1.11852396 0.66315789 0.00725078
v 1.03468817 0.94740632 0.00036922
v 1.04125660 0.95120211 -0.03890495
v 1.23739975 0.94736842 -0.00000000
v 1.23737449 0.94740632 -0.00036922
v 1.15497870 0.66315789 -0.00000000
v 1.17589660 0.95908421 -0.09685832
v 1.13972607 0.66315789 -0.01858326
v 1.15658291 0.96103579 -0.10330863
v 1.07824186 0.95586316 -0.08625032
v 1.06309028 0.95459368 -0.07334147
v 1.09593870 0.95905895 -0.09678442
v 1.05025028 0.95297684 -0.05695156
v 1.11852396 0.66315789 -0.00725078
v 1.20936396 0.95454947 0.07292968
v 1.15178291 0.66315789 0.01052659
v 1.22167344 0.95300211 0.05722528
v 1.23737449 0.94740632 0.00036922
v 1.19349238 0.95593263 0.08647705
v 1.14328186 0.66315789 0.01750509
v 1.15658291 0.96103579 0.10330863
v 1.13972607 0.66315789 0.01858326
v 1.17589660 0.95908421 0.09685832
v 1.07824186 0.95586316 0.08625032
v 1.12550291 0.66315789 0.01575411
v 1.07834291 0.95588842 0.08633937
v 1.06309028 0.95459368 0.07334147
v 1.13582923 0.96170526 0.10550589
v 1.04134502 0.95123368 0.03922067
v 1.23601028 0.94932632 -0.01988678
v 1.14942712 0.66315789 -0.01339781
v 1.20918712 0.95457474 -0.07315579
v 1.14328186 0.66315789 -0.01750509
v 1.17611765 0.95905895 -0.09678442
v 1.19349238 0.95593263 -0.08647705
v 1.13623344 0.96170526 -0.10550589
v 1.13233660 0.66315789 -0.01858326
v 1.09616607 0.95908421 -0.09685832
v 1.11547975 0.96103579 -0.10330863
v 1.12263554 0.66315789 -0.01339781
v 1.06287554 0.95457474 -0.07315579
v 1.04134502 0.95123368 -0.03922067
v 1.13623344 0.96170526 0.10550589
v 1.13603133 0.66315789 0.01894731
v 1.13603133 0.96171158 0.10552800
v 1.22181238 0.95297684 -0.05695156
v 1.14655975 0.66315789 -0.01575411
v 1.19371975 0.95588842 -0.08633937
v 1.13582923 0.96170526 -0.10550589
v 1.13603133 0.66315789 -0.01894731
v 1.13603133 0.96171158 -0.10552800
v 1.14942712 0.66315789 0.01339781
v 1.20918712 0.95457474 0.07315579
v 1.17611765 0.95905895 0.09678442
v 1.12263554 0.66315789 0.01339781
v 1.06287554 0.95457474 0.07315579
v 1.19382081 0.95586316 -0.08625032
v 1.20897238 0.95459368 -0.07334147
v -1.35404446 1.16936842 -0.38123495
v -1.27070762 1.02951789 -0.63085642
v -1.27107393 1.02631579 -0.62900779
v -1.35401288 1.16967158 -0.38139853
v -1.35226972 1.18694526 -0.39063032
v -1.29226972 1.09057895 -0.32387495
v -1.30992235 1.09839158 -0.33028863
v -1.25937709 1.01115789 -0.62025537
v -1.25937709 1.04147368 -0.63776211
v -1.31014972 1.24890947 -0.41713453
v -1.30993498 1.24902947 -0.41717116
v -1.26265498 1.03995789 -0.63688421
v -1.15768656 1.13614737 -0.36127263
v -1.23461919 1.02003789 -0.62538253
v -1.23354551 1.02311368 -0.62715979
v -1.15776867 1.13588842 -0.36105916
v -1.21198340 1.09057895 -0.32387495
v -1.24487604 1.01115789 -0.62025537
v -1.19433077 1.09839158 -0.33028863
v -1.27070762 1.02311368 -0.62715979
v -1.34906130 1.14385263 -0.36759726
v -1.35190340 1.15185474 -0.37187432
v -1.34656656 1.13614737 -0.36127263
v -1.15234972 1.15185474 -0.37187432
v -1.15024656 1.16905895 -0.38107074
v -1.26787814 1.03542947 -0.63426947
v -1.33668235 1.22028632 -0.40845221
v -1.32549077 1.23528000 -0.41299958
v -1.33732025 1.21959789 -0.40808211
v -1.25582130 1.04240842 -0.63829895
v -1.27272235 1.26531789 -0.42211263
v -1.25232235 1.26744000 -0.42275495
v -1.16635183 1.12189263 -0.34957389
v -1.17857919 1.10919158 -0.33914968
v -1.23637498 1.01720211 -0.62374484
v -1.16648446 1.12167789 -0.34939579
v -1.27265288 1.08567158 -0.31984800
v -1.29205498 1.09052211 -0.32383074
v -1.25582130 1.01022316 -0.61971600
v -1.32567393 1.10919158 -0.33914968
v -1.33776867 1.12167789 -0.34939579
v -1.26787814 1.01720211 -0.62374484
v -1.33790130 1.12189263 -0.34957389
v -1.26963393 1.02003789 -0.62538253
v -1.35400656 1.16905895 -0.38107074
v -1.34672446 1.20362526 -0.39954568
v -1.32511183 1.23569053 -0.41312463
v -1.33747183 1.21933895 -0.40794568
v -1.26963393 1.03259368 -0.63263368
v -1.29235814 1.25902105 -0.42020274
v -1.24843183 1.04240842 -0.63829895
v -1.25193077 1.26744000 -0.42275495
v -1.23153077 1.26531789 -0.42211263
v -1.25212656 1.04272421 -0.63848211
v -1.25212656 1.26745895 -0.42276063
v -1.19411604 1.09848632 -0.33036632
v -1.24159814 1.01267368 -0.62113074
v -1.17895183 1.10887579 -0.33889263
v -1.15519183 1.14385263 -0.36759726
v -1.25212656 1.00990737 -0.61953411
v -1.25191814 1.08402316 -0.31849705
v -1.25212656 1.08401053 -0.31848253
v -1.24843183 1.01022316 -0.61971600
v -1.31013709 1.09848632 -0.33036632
v -1.32530130 1.10887579 -0.33889263
v -1.26265498 1.01267368 -0.62113074
v -1.25233498 1.08402316 -0.31849705
v -1.34648446 1.13588842 -0.36105916
v -1.15198340 1.18694526 -0.39063032
v -1.23354551 1.02951789 -0.63085642
v -1.15752867 1.20362526 -0.39954568
v -1.19410340 1.24890947 -0.41713453
v -1.24487604 1.04147368 -0.63776211
v -1.19431814 1.24902947 -0.41717116
v -1.24159814 1.03995789 -0.63688421
v -1.26552235 1.03791789 -0.63570947
v -1.32532025 1.23550737 -0.41306842
v -1.34662972 1.20390947 -0.39969726
v -1.17874972 1.10901474 -0.33900821
v -1.23873077 1.01471368 -0.62230926
v -1.23160025 1.08567158 -0.31984800
v -1.21219814 1.09052211 -0.32383074
v -1.23873077 1.03791789 -0.63570947
v -1.23637498 1.03542947 -0.63426947
v -1.23461919 1.03259368 -0.63263368
v -1.23317919 1.02631579 -0.62900779
v -1.26552235 1.01471368 -0.62230926
v -1.15024025 1.16967158 -0.38139853
v -1.15020867 1.16936842 -0.38123495
v -1.17914130 1.23569053 -0.41312463
v -1.21210340 1.25909053 -0.42022295
v -1.29214972 1.25909053 -0.42022295
v -1.32550340 1.10901474 -0.33900821
v -1.15762340 1.20390947 -0.39969726
v -1.16757077 1.22028632 -0.40845221
v -1.17876235 1.23528000 -0.41299958
v -1.16693288 1.21959789 -0.40808211
v -1.17893288 1.23550737 -0.41306842
v -1.21189498 1.25902105 -0.42020274
v -1.16678130 1.21933895 -0.40794568
v -0.91983393 1.16936842 -0.38123495
v -0.83649709 1.02951789 -0.63085642
v -0.83686340 1.02631579 -0.62900779
v -0.91980235 1.16967158 -0.38139853
v -0.91805919 1.18694526 -0.39063032
v -0.85805919 1.09057895 -0.32387495
v -0.87571183 1.09839158 -0.33028863
v -0.82516656 1.01115789 -0.62025537
v -0.82516656 1.04147368 -0.63776211
v -0.87593919 1.24890947 -0.41713453
v -0.87572446 1.24902947 -0.41717116
v -0.82844446 1.03995789 -0.63688421
v -0.72347604 1.13614737 -0.36127263
v -0.80040867 1.02003789 -0.62538253
v -0.79933498 1.02311368 -0.62715979
v -0.72356067 1.13588842 -0.36105916
v -0.77777288 1.09057895 -0.32387495
v -0.81066551 1.01115789 -0.62025537
v -0.76012088 1.09839158 -0.33028863
v -0.83649709 1.02311368 -0.62715979
v -0.91485077 1.14385263 -0.36759726
v -0.91769288 1.15185474 -0.37187432
v -0.91235604 1.13614737 -0.36127263
v -0.71814172 1.15185474 -0.37187432
v -0.71603604 1.16905895 -0.38107074
v -0.83366762 1.03542947 -0.63426947
v -0.90247183 1.22028632 -0.40845221
v -0.89128025 1.23528000 -0.41299958
v -0.90310972 1.21959789 -0.40808211
v -0.82161077 1.04240842 -0.63829895
v -0.83851183 1.26531789 -0.42211263
v -0.81811183 1.26744000 -0.42275495
v -0.73214319 1.12189263 -0.34957389
v -0.74437183 1.10919158 -0.33914968
v -0.80216446 1.01720211 -0.62374484
v -0.73227583 1.12167789 -0.34939579
v -0.83844235 1.08567158 -0.31984800
v -0.85784446 1.09052211 -0.32383074
v -0.82161077 1.01022316 -0.61971600
v -0.89146340 1.10919158 -0.33914968
v -0.90355814 1.12167789 -0.34939579
v -0.83366762 1.01720211 -0.62374484
v -0.90369077 1.12189263 -0.34957389
v -0.83542340 1.02003789 -0.62538253
v -0.91979604 1.16905895 -0.38107074
v -0.91251393 1.20362526 -0.39954568
v -0.89090130 1.23569053 -0.41312463
v -0.90326130 1.21933895 -0.40794568
v -0.83542340 1.03259368 -0.63263368
v -0.85814762 1.25902105 -0.42020274
v -0.81422130 1.04240842 -0.63829895
v -0.81772025 1.26744000 -0.42275495
v -0.79732151 1.26531789 -0.42211263
v -0.81791604 1.04272421 -0.63848211
v -0.81791604 1.26745895 -0.42276063
v -0.75990614 1.09848632 -0.33036632
v -0.80738762 1.01267368 -0.62113074
v -0.74474383 1.10887579 -0.33889263
v -0.72098193 1.14385263 -0.36759726
v -0.81791604 1.00990737 -0.61953411
v -0.81770762 1.08402316 -0.31849705
v -0.81791604 1.08401053 -0.31848253
v -0.81422130 1.01022316 -0.61971600
v -0.87592656 1.09848632 -0.33036632
v -0.89109077 1.10887579 -0.33889263
v -0.82844446 1.01267368 -0.62113074
v -0.81812446 1.08402316 -0.31849705
v -0.91227393 1.13588842 -0.36105916
v -0.71777162 1.18694526 -0.39063032
v -0.79933498 1.02951789 -0.63085642
v -0.72331877 1.20362526 -0.39954568
v -0.75989540 1.24890947 -0.41713453
v -0.81066551 1.04147368 -0.63776211
v -0.76010825 1.24902947 -0.41717116
v -0.80738762 1.03995789 -0.63688421
v -0.83131183 1.03791789 -0.63570947
v -0.89110972 1.23550737 -0.41306842
v -0.91241919 1.20390947 -0.39969726
v -0.74453856 1.10901474 -0.33900821
v -0.80452025 1.01471368 -0.62230926
v -0.79739288 1.08567158 -0.31984800
v -0.77799014 1.09052211 -0.32383074
v -0.80452025 1.03791789 -0.63570947
v -0.80216446 1.03542947 -0.63426947
v -0.80040867 1.03259368 -0.63263368
v -0.79896867 1.02631579 -0.62900779
v -0.83131183 1.01471368 -0.62230926
v -0.71602972 1.16967158 -0.38139853
v -0.71599877 1.16936842 -0.38123495
v -0.74493204 1.23569053 -0.41312463
v -0.77789162 1.25909053 -0.42022295
v -0.85793919 1.25909053 -0.42022295
v -0.89129288 1.10901474 -0.33900821
v -0.72341351 1.20390947 -0.39969726
v -0.73335898 1.22028632 -0.40845221
v -0.74455183 1.23528000 -0.41299958
v -0.73272551 1.21959789 -0.40808211
v -0.74472172 1.23550737 -0.41306842
v -0.77768383 1.25902105 -0.42020274
v -0.73257330 1.21933895 -0.40794568
v -0.48562277 1.16936842 -0.38123495
v -0.40228909 1.02951789 -0.63085642
v -0.40265288 1.02631579 -0.62900779
v -0.48559183 1.16967158 -0.38139853
v -0.48384993 1.18694526 -0.39063032
v -0.28677140 1.14385263 -0.36759726
v -0.36512193 1.02311368 -0.62715979
v -0.28393119 1.15185474 -0.37187432
v -0.28926551 1.13614737 -0.36127263
v -0.47830277 1.20362526 -0.39954568
v -0.40121035 1.03259368 -0.63263368
v -0.47820804 1.20390947 -0.39969726
v -0.38000888 1.04240842 -0.63829895
v -0.38351098 1.26744000 -0.42275495
v -0.36311098 1.26531789 -0.42211263
v -0.38391646 1.08402316 -0.31849705
v -0.38370551 1.00990737 -0.61953411
v -0.38370551 1.08401053 -0.31848253
v -0.38740214 1.01022316 -0.61971600
v -0.40121035 1.02003789 -0.62538253
v -0.47814551 1.13614737 -0.36127263
v -0.40228909 1.02311368 -0.62715979
v -0.47806088 1.13588842 -0.36105916
v -0.39423204 1.03995789 -0.63688421
v -0.45668951 1.23569053 -0.41312463
v -0.44172614 1.24890947 -0.41713453
v -0.38740214 1.04240842 -0.63829895
v -0.40430004 1.26531789 -0.42211263
v -0.38390004 1.26744000 -0.42275495
v -0.29793267 1.12189263 -0.34957389
v -0.36795140 1.01720211 -0.62374484
v -0.36620067 1.02003789 -0.62538253
v -0.29806530 1.12167789 -0.34939579
v -0.39710319 1.01471368 -0.62230926
v -0.45724972 1.10919158 -0.33914968
v -0.39945962 1.01720211 -0.62374484
v -0.45708298 1.10901474 -0.33900821
v -0.48063962 1.14385263 -0.36759726
v -0.48347983 1.15185474 -0.37187432
v -0.46904825 1.21933895 -0.40794568
v -0.28935014 1.13588842 -0.36105916
v -0.39945962 1.03542947 -0.63426947
v -0.46826256 1.22028632 -0.40845221
v -0.45706972 1.23528000 -0.41299958
v -0.46889604 1.21959789 -0.40808211
v -0.42372993 1.25909053 -0.42022295
v -0.37645435 1.01115789 -0.62025537
v -0.32569562 1.09848632 -0.33036632
v -0.32591035 1.09839158 -0.33028863
v -0.37317898 1.01267368 -0.62113074
v -0.31016130 1.10919158 -0.33914968
v -0.36318235 1.08567158 -0.31984800
v -0.38349456 1.08402316 -0.31849705
v -0.38000888 1.01022316 -0.61971600
v -0.34356235 1.09057895 -0.32387495
v -0.34377962 1.09052211 -0.32383074
v -0.42384867 1.09057895 -0.32387495
v -0.42363140 1.09052211 -0.32383074
v -0.39095604 1.01115789 -0.62025537
v -0.40422867 1.08567158 -0.31984800
v -0.46934572 1.12167789 -0.34939579
v -0.48558551 1.16905895 -0.38107074
v -0.28356109 1.18694526 -0.39063032
v -0.36512193 1.02951789 -0.63085642
v -0.28910825 1.20362526 -0.39954568
v -0.28182551 1.16905895 -0.38107074
v -0.34347330 1.25902105 -0.42020274
v -0.34368109 1.25909053 -0.42022295
v -0.37645435 1.04147368 -0.63776211
v -0.39710319 1.03791789 -0.63570947
v -0.45689983 1.23550737 -0.41306842
v -0.39095604 1.04147368 -0.63776211
v -0.44151330 1.24902947 -0.41717116
v -0.42393709 1.25902105 -0.42020274
v -0.38370551 1.04272421 -0.63848211
v -0.38370551 1.26745895 -0.42276063
v -0.37317898 1.03995789 -0.63688421
v -0.37030783 1.03791789 -0.63570947
v -0.37030783 1.01471368 -0.62230926
v -0.36795140 1.03542947 -0.63426947
v -0.36620067 1.03259368 -0.63263368
v -0.39423204 1.01267368 -0.62113074
v -0.36475814 1.02631579 -0.62900779
v -0.44150004 1.09839158 -0.33028863
v -0.44171540 1.09848632 -0.33036632
v -0.45687772 1.10887579 -0.33889263
v -0.46947835 1.12189263 -0.34957389
v -0.28181919 1.16967158 -0.38139853
v -0.28178825 1.16936842 -0.38123495
v -0.31072151 1.23569053 -0.41312463
v -0.32568488 1.24890947 -0.41713453
v -0.32589772 1.24902947 -0.41717116
v -0.31032804 1.10901474 -0.33900821
v -0.31053330 1.10887579 -0.33889263
v -0.28920298 1.20390947 -0.39969726
v -0.29914846 1.22028632 -0.40845221
v -0.31034130 1.23528000 -0.41299958
v -0.29851498 1.21959789 -0.40808211
v -0.31051119 1.23550737 -0.41306842
v -0.29836277 1.21933895 -0.40794568
v -0.05141225 1.16936842 -0.38123495
v 0.03192144 1.02951789 -0.63085642
v 0.03155765 1.02631579 -0.62900779
v -0.05138130 1.16967158 -0.38139853
v -0.04963940 1.18694526 -0.39063032
v 0.15238502 1.16905895 -0.38107074
v 0.06945238 1.02631579 -0.62900779
v 0.15242228 1.16936842 -0.38123495
v 0.06908860 1.02311368 -0.62715979
v -0.04409225 1.20362526 -0.39954568
v 0.03300017 1.03259368 -0.63263368
v -0.04399751 1.20390947 -0.39969726
v 0.03997849 1.03995789 -0.63688421
v -0.02247898 1.23569053 -0.41312463
v -0.00751562 1.24890947 -0.41713453
v 0.05029407 1.08402316 -0.31849705
v 0.05050502 1.00990737 -0.61953411
v 0.05050502 1.08401053 -0.31848253
v 0.04680838 1.01022316 -0.61971600
v 0.03300017 1.02003789 -0.62538253
v -0.04393498 1.13614737 -0.36127263
v 0.03192144 1.02311368 -0.62715979
v -0.04385035 1.13588842 -0.36105916
v 0.05069954 1.26744000 -0.42275495
v 0.05050502 1.04272421 -0.63848211
v 0.05050502 1.26745895 -0.42276063
v 0.05420165 1.04240842 -0.63829895
v 0.14494502 1.13614737 -0.36127263
v 0.06800986 1.02003789 -0.62538253
v 0.14486038 1.13588842 -0.36105916
v 0.03710733 1.01471368 -0.62230926
v -0.02303919 1.10919158 -0.33914968
v 0.03475091 1.01720211 -0.62374484
v -0.02287246 1.10901474 -0.33900821
v -0.04642909 1.14385263 -0.36759726
v -0.04926930 1.15185474 -0.37187432
v -0.03483772 1.21933895 -0.40794568
v 0.13506207 1.22028632 -0.40845221
v 0.06625912 1.03542947 -0.63426947
v 0.12386923 1.23528000 -0.41299958
v 0.13569554 1.21959789 -0.40808211
v 0.06390270 1.03791789 -0.63570947
v 0.12369933 1.23550737 -0.41306842
v 0.09073660 1.25902105 -0.42020274
v 0.09052944 1.25909053 -0.42022295
v 0.05775554 1.04147368 -0.63776211
v 0.03475091 1.03542947 -0.63426947
v -0.03405204 1.22028632 -0.40845221
v -0.02285919 1.23528000 -0.41299958
v -0.03468551 1.21959789 -0.40808211
v 0.04680838 1.04240842 -0.63829895
v 0.01027281 1.25902105 -0.42020274
v 0.01048060 1.25909053 -0.42022295
v 0.04325386 1.04147368 -0.63776211
v 0.06103154 1.01267368 -0.62113074
v 0.12388249 1.10901474 -0.33900821
v 0.12367723 1.10887579 -0.33889263
v 0.06390270 1.01471368 -0.62230926
v 0.13627786 1.12189263 -0.34957389
v 0.14743912 1.14385263 -0.36759726
v 0.15027933 1.15185474 -0.37187432
v 0.01036186 1.09057895 -0.32387495
v 0.01057912 1.09052211 -0.32383074
v 0.04325386 1.01115789 -0.62025537
v 0.02998186 1.08567158 -0.31984800
v -0.03513519 1.12167789 -0.34939579
v -0.05137498 1.16905895 -0.38107074
v 0.13584775 1.21933895 -0.40794568
v 0.06800986 1.03259368 -0.63263368
v 0.12348902 1.23569053 -0.41312463
v 0.06103154 1.03995789 -0.63688421
v 0.10852565 1.24890947 -0.41713453
v 0.10831281 1.24902947 -0.41717116
v 0.07109954 1.26531789 -0.42211263
v 0.03710733 1.03791789 -0.63570947
v -0.02268930 1.23550737 -0.41306842
v -0.00730277 1.24902947 -0.41717116
v 0.12404923 1.10919158 -0.33914968
v 0.06625912 1.01720211 -0.62374484
v 0.07102817 1.08567158 -0.31984800
v 0.05420165 1.01022316 -0.61971600
v 0.09043091 1.09052211 -0.32383074
v 0.05071596 1.08402316 -0.31849705
v -0.00729014 1.09839158 -0.33028863
v -0.00750488 1.09848632 -0.33036632
v -0.02266719 1.10887579 -0.33889263
v 0.03997849 1.01267368 -0.62113074
v -0.03526783 1.12189263 -0.34957389
v 0.15064944 1.18694526 -0.39063032
v 0.06908860 1.02951789 -0.63085642
v 0.14510228 1.20362526 -0.39954568
v 0.15239133 1.16967158 -0.38139853
v 0.02991049 1.26531789 -0.42211263
v 0.05031049 1.26744000 -0.42275495
v 0.13614523 1.12167789 -0.34939579
v 0.05775554 1.01115789 -0.62025537
v 0.09064817 1.09057895 -0.32387495
v 0.10829954 1.09839158 -0.33028863
v 0.10851491 1.09848632 -0.33036632
v 0.14500754 1.20390947 -0.39969726
v 0.38279828 1.16936842 -0.38123495
v 0.46613449 1.02951789 -0.63085642
v 0.46576817 1.02631579 -0.62900779
v 0.38282923 1.16967158 -0.38139853
v 0.38457112 1.18694526 -0.39063032
v 0.44457238 1.09057895 -0.32387495
v 0.42692038 1.09839158 -0.33028863
v 0.47746502 1.01115789 -0.62025537
v 0.47746502 1.04147368 -0.63776211
v 0.42669491 1.24890947 -0.41713453
v 0.42690775 1.24902947 -0.41717116
v 0.47418712 1.03995789 -0.63688421
v 0.57931344 1.20362526 -0.39954568
v 0.50222291 1.03259368 -0.63263368
v 0.57921870 1.20390947 -0.39969726
v 0.50329660 1.02951789 -0.63085642
v 0.54272607 1.09848632 -0.33036632
v 0.49524396 1.01267368 -0.62113074
v 0.55789028 1.10887579 -0.33889263
v 0.46613449 1.02311368 -0.62715979
v 0.38778144 1.14385263 -0.36759726
v 0.38494123 1.15185474 -0.37187432
v 0.39027554 1.13614737 -0.36127263
v 0.56927133 1.22028632 -0.40845221
v 0.50046712 1.03542947 -0.63426947
v 0.55807975 1.23528000 -0.41299958
v 0.56990923 1.21959789 -0.40808211
v 0.46896396 1.03542947 -0.63426947
v 0.40015849 1.22028632 -0.40845221
v 0.41135133 1.23528000 -0.41299958
v 0.39952502 1.21959789 -0.40808211
v 0.58165028 1.14385263 -0.36759726
v 0.50329660 1.02311368 -0.62715979
v 0.58449238 1.15185474 -0.37187432
v 0.57915554 1.13614737 -0.36127263
v 0.57049028 1.12189263 -0.34957389
v 0.50222291 1.02003789 -0.62538253
v 0.57907344 1.13588842 -0.36105916
v 0.46419238 1.08567158 -0.31984800
v 0.44478965 1.09052211 -0.32383074
v 0.48102081 1.01022316 -0.61971600
v 0.41117133 1.10919158 -0.33914968
v 0.39907533 1.12167789 -0.34939579
v 0.46896396 1.01720211 -0.62374484
v 0.39894270 1.12189263 -0.34957389
v 0.46720817 1.02003789 -0.62538253
v 0.38283554 1.16905895 -0.38107074
v 0.39011828 1.20362526 -0.39954568
v 0.58659554 1.16905895 -0.38107074
v 0.50366291 1.02631579 -0.62900779
v 0.58663344 1.16936842 -0.38123495
v 0.52473870 1.25909053 -0.42022295
v 0.48841028 1.04240842 -0.63829895
v 0.50531133 1.26531789 -0.42211263
v 0.41173154 1.23569053 -0.41312463
v 0.44448333 1.25902105 -0.42020274
v 0.39937281 1.21933895 -0.40794568
v 0.46720817 1.03259368 -0.63263368
v 0.55826291 1.10919158 -0.33914968
v 0.50046712 1.01720211 -0.62374484
v 0.57035765 1.12167789 -0.34939579
v 0.49196607 1.01115789 -0.62025537
v 0.54251133 1.09839158 -0.33028863
v 0.50524186 1.08567158 -0.31984800
v 0.48841028 1.01022316 -0.61971600
v 0.52464396 1.09052211 -0.32383074
v 0.42670565 1.09848632 -0.33036632
v 0.41154333 1.10887579 -0.33889263
v 0.47418712 1.01267368 -0.62113074
v 0.48450712 1.08402316 -0.31849705
v 0.39036017 1.13588842 -0.36105916
v 0.58485870 1.18694526 -0.39063032
v 0.58660186 1.16967158 -0.38139853
v 0.49811133 1.03791789 -0.63570947
v 0.55790923 1.23550737 -0.41306842
v 0.52494712 1.25902105 -0.42020274
v 0.49196607 1.04147368 -0.63776211
v 0.54252396 1.24902947 -0.41717116
v 0.48491133 1.26744000 -0.42275495
v 0.48102081 1.04240842 -0.63829895
v 0.44469112 1.25909053 -0.42022295
v 0.46412102 1.26531789 -0.42211263
v 0.47131975 1.03791789 -0.63570947
v 0.41152123 1.23550737 -0.41306842
v 0.39021302 1.20390947 -0.39969726
v 0.48492396 1.08402316 -0.31849705
v 0.48471554 1.00990737 -0.61953411
v 0.48471554 1.08401053 -0.31848253
v 0.57006081 1.21933895 -0.40794568
v 0.54273870 1.24890947 -0.41713453
v 0.49524396 1.03995789 -0.63688421
v 0.48451975 1.26744000 -0.42275495
v 0.48471554 1.04272421 -0.63848211
v 0.48471554 1.26745895 -0.42276063
v 0.49811133 1.01471368 -0.62230926
v 0.55809238 1.10901474 -0.33900821
v 0.52485870 1.09057895 -0.32387495
v 0.47131975 1.01471368 -0.62230926
v 0.41133807 1.10901474 -0.33900821
v 0.55770081 1.23569053 -0.41312463
v 0.81700817 1.16936842 -0.38123495
v 0.90034502 1.02951789 -0.63085642
v 0.89997870 1.02631579 -0.62900779
v 0.81703975 1.16967158 -0.38139853
v 0.81878291 1.18694526 -0.39063032
v 1.02080607 1.16905895 -0.38107074
v 0.93787344 1.02631579 -0.62900779
v 1.02084396 1.16936842 -0.38123495
v 0.93750712 1.02311368 -0.62715979
v 0.82432817 1.20362526 -0.39954568
v 0.90141870 1.03259368 -0.63263368
v 0.82442291 1.20390947 -0.39969726
v 0.90839765 1.03995789 -0.63688421
v 0.84594081 1.23569053 -0.41312463
v 0.86090291 1.24890947 -0.41713453
v 0.91871765 1.08402316 -0.31849705
v 0.91892607 1.00990737 -0.61953411
v 0.91892607 1.08401053 -0.31848253
v 0.91523133 1.01022316 -0.61971600
v 0.90141870 1.02003789 -0.62538253
v 0.82448607 1.13614737 -0.36127263
v 0.90034502 1.02311368 -0.62715979
v 0.82456817 1.13588842 -0.36105916
v 0.91912186 1.26744000 -0.42275495
v 0.91892607 1.04272421 -0.63848211
v 0.91892607 1.26745895 -0.42276063
v 0.92262081 1.04240842 -0.63829895
v 1.01336607 1.13614737 -0.36127263
v 0.93643344 1.02003789 -0.62538253
v 1.01328396 1.13588842 -0.36105916
v 0.90553028 1.01471368 -0.62230926
v 0.84537870 1.10919158 -0.33914968
v 0.90317449 1.01720211 -0.62374484
v 0.84554923 1.10901474 -0.33900821
v 0.82199133 1.14385263 -0.36759726
v 0.81914923 1.15185474 -0.37187432
v 0.83358081 1.21933895 -0.40794568
v 1.00348186 1.22028632 -0.40845221
v 0.93467765 1.03542947 -0.63426947
v 0.99229028 1.23528000 -0.41299958
v 1.00411975 1.21959789 -0.40808211
v 0.93232186 1.03791789 -0.63570947
v 0.99211975 1.23550737 -0.41306842
v 0.95915765 1.25902105 -0.42020274
v 0.95894923 1.25909053 -0.42022295
v 0.92617660 1.04147368 -0.63776211
v 0.90317449 1.03542947 -0.63426947
v 0.83437028 1.22028632 -0.40845221
v 0.84556186 1.23528000 -0.41299958
v 0.83373238 1.21959789 -0.40808211
v 0.91523133 1.04240842 -0.63829895
v 0.87869449 1.25902105 -0.42020274
v 0.87890291 1.25909053 -0.42022295
v 0.91167554 1.04147368 -0.63776211
v 0.92945449 1.01267368 -0.62113074
v 0.99230291 1.10901474 -0.33900821
v 0.99210081 1.10887579 -0.33889263
v 0.93232186 1.01471368 -0.62230926
v 1.00470081 1.12189263 -0.34957389
v 1.01586081 1.14385263 -0.36759726
v 1.01870291 1.15185474 -0.37187432
v 0.87878291 1.09057895 -0.32387495
v 0.87899765 1.09052211 -0.32383074
v 0.91167554 1.01115789 -0.62025537
v 0.89839975 1.08567158 -0.31984800
v 0.83328396 1.12167789 -0.34939579
v 0.81704607 1.16905895 -0.38107074
v 1.01352396 1.20362526 -0.39954568
v 0.93643344 1.03259368 -0.63263368
v 1.01342923 1.20390947 -0.39969726
v 0.93750712 1.02951789 -0.63085642
v 1.00427133 1.21933895 -0.40794568
v 0.97673449 1.24902947 -0.41717116
v 0.93952186 1.26531789 -0.42211263
v 0.90553028 1.03791789 -0.63570947
v 0.84573238 1.23550737 -0.41306842
v 0.86111765 1.24902947 -0.41717116
v 0.99247344 1.10919158 -0.33914968
v 0.93467765 1.01720211 -0.62374484
v 0.93945238 1.08567158 -0.31984800
v 0.92262081 1.01022316 -0.61971600
v 0.95885449 1.09052211 -0.32383074
v 0.91913449 1.08402316 -0.31849705
v 0.95906923 1.09057895 -0.32387495
v 0.92617660 1.01115789 -0.62025537
v 0.97672186 1.09839158 -0.33028863
v 0.86113028 1.09839158 -0.33028863
v 0.86091554 1.09848632 -0.33036632
v 0.84575133 1.10887579 -0.33889263
v 0.90839765 1.01267368 -0.62113074
v 0.83315133 1.12189263 -0.34957389
v 1.01906923 1.18694526 -0.39063032
v 1.02081238 1.16967158 -0.38139853
v 0.97694923 1.24890947 -0.41713453
v 0.92945449 1.03995789 -0.63688421
v 0.89833028 1.26531789 -0.42211263
v 0.91873028 1.26744000 -0.42275495
v 1.00456817 1.12167789 -0.34939579
v 0.97693660 1.09848632 -0.33036632
v 0.99191133 1.23569053 -0.41312463
v 1.25121870 1.16936842 -0.38123495
v 1.33455554 1.02951789 -0.63085642
v 1.33418923 1.02631579 -0.62900779
v 1.25125028 1.16967158 -0.38139853
v 1.25299344 1.18694526 -0.39063032
v 1.45505449 1.16936842 -0.38123495
v 1.37171765 1.02951789 -0.63085642
v 1.45502291 1.16967158 -0.38139853
v 1.37208396 1.02631579 -0.62900779
v 1.25853870 1.20362526 -0.39954568
v 1.33562923 1.03259368 -0.63263368
v 1.25863344 1.20390947 -0.39969726
v 1.34260817 1.03995789 -0.63688421
v 1.28015133 1.23569053 -0.41312463
v 1.29511344 1.24890947 -0.41713453
v 1.35313660 1.00990737 -0.61953411
v 1.35334502 1.08402316 -0.31849705
v 1.35313660 1.08401053 -0.31848253
v 1.35683133 1.01022316 -0.61971600
v 1.33562923 1.02003789 -0.62538253
v 1.25869660 1.13614737 -0.36127263
v 1.33455554 1.02311368 -0.62715979
v 1.25877870 1.13588842 -0.36105916
v 1.35313660 1.04272421 -0.63848211
v 1.35294081 1.26744000 -0.42275495
v 1.35313660 1.26745895 -0.42276063
v 1.34944186 1.04240842 -0.63829895
v 1.44757660 1.13614737 -0.36127263
v 1.37064396 1.02003789 -0.62538253
v 1.37171765 1.02311368 -0.62715979
v 1.44749449 1.13588842 -0.36105916
v 1.27975975 1.10901474 -0.33900821
v 1.34260817 1.01267368 -0.62113074
v 1.27996186 1.10887579 -0.33889263
v 1.33974081 1.01471368 -0.62230926
v 1.25620186 1.14385263 -0.36759726
v 1.25335975 1.15185474 -0.37187432
v 1.26779133 1.21933895 -0.40794568
v 1.43769238 1.22028632 -0.40845221
v 1.36888817 1.03542947 -0.63426947
v 1.42650081 1.23528000 -0.41299958
v 1.43833028 1.21959789 -0.40808211
v 1.36653238 1.03791789 -0.63570947
v 1.42633028 1.23550737 -0.41306842
v 1.39336817 1.25902105 -0.42020274
v 1.35683133 1.04240842 -0.63829895
v 1.39315975 1.25909053 -0.42022295
v 1.36038712 1.04147368 -0.63776211
v 1.33738502 1.03542947 -0.63426947
v 1.26858081 1.22028632 -0.40845221
v 1.27977238 1.23528000 -0.41299958
v 1.26794291 1.21959789 -0.40808211
v 1.34588607 1.04147368 -0.63776211
v 1.29532817 1.24902947 -0.41717116
v 1.43891133 1.12189263 -0.34957389
v 1.36888817 1.01720211 -0.62374484
v 1.43877870 1.12167789 -0.34939579
v 1.45007133 1.14385263 -0.36759726
v 1.45291344 1.15185474 -0.37187432
v 1.45501660 1.16905895 -0.38107074
v 1.33261028 1.08567158 -0.31984800
v 1.31320817 1.09052211 -0.32383074
v 1.34944186 1.01022316 -0.61971600
v 1.35292817 1.08402316 -0.31849705
v 1.27958923 1.10919158 -0.33914968
v 1.26749449 1.12167789 -0.34939579
v 1.33738502 1.01720211 -0.62374484
v 1.25125660 1.16905895 -0.38107074
v 1.43848186 1.21933895 -0.40794568
v 1.37064396 1.03259368 -0.63263368
v 1.42612186 1.23569053 -0.41312463
v 1.36366502 1.03995789 -0.63688421
v 1.41115975 1.24890947 -0.41713453
v 1.41094502 1.24902947 -0.41717116
v 1.37373238 1.26531789 -0.42211263
v 1.35333238 1.26744000 -0.42275495
v 1.33974081 1.03791789 -0.63570947
v 1.27994291 1.23550737 -0.41306842
v 1.42668396 1.10919158 -0.33914968
v 1.36366502 1.01267368 -0.62113074
v 1.42651344 1.10901474 -0.33900821
v 1.42631133 1.10887579 -0.33889263
v 1.36653238 1.01471368 -0.62230926
v 1.39327975 1.09057895 -0.32387495
v 1.36038712 1.01115789 -0.62025537
v 1.41093238 1.09839158 -0.33028863
v 1.37366291 1.08567158 -0.31984800
v 1.39306502 1.09052211 -0.32383074
v 1.31299344 1.09057895 -0.32387495
v 1.34588607 1.01115789 -0.62025537
v 1.29512607 1.09848632 -0.33036632
v 1.26736186 1.12189263 -0.34957389
v 1.45327975 1.18694526 -0.39063032
v 1.44773449 1.20362526 -0.39954568
v 1.31311344 1.25909053 -0.42022295
v 1.33254081 1.26531789 -0.42211263
v 1.41114712 1.09848632 -0.33036632
v 1.29534081 1.09839158 -0.33028863
v 1.44763975 1.20390947 -0.39969726
v 1.31290502 1.25902105 -0.42020274
v -1.57111183 1.60988842 -0.38107074
v -1.48817919 1.75263158 -0.62900779
v -1.57114972 1.60957895 -0.38123495
v -1.48781288 1.75583368 -0.62715979
v -1.56900867 1.62709263 -0.37187432
v -1.50946340 1.51992632 -0.42020274
v -1.52704025 1.52991789 -0.41717116
v -1.47648235 1.73747368 -0.63776211
v -1.52724235 1.68046105 -0.33036632
v -1.47648235 1.76778947 -0.62025537
v -1.47976025 1.76627368 -0.62113074
v -1.52702762 1.68055579 -0.33028863
v -1.37463393 1.57532211 -0.39954568
v -1.45172446 1.74635368 -0.63263368
v -1.45065077 1.74942947 -0.63085642
v -1.37472867 1.57503789 -0.39969726
v -1.42900025 1.51992632 -0.42020274
v -1.46198130 1.73747368 -0.63776211
v -1.41142340 1.52991789 -0.41717116
v -1.56382972 1.57532211 -0.39954568
v -1.56937498 1.59200211 -0.39063032
v -1.48781288 1.74942947 -0.63085642
v -1.36908867 1.59200211 -0.39063032
v -1.36734551 1.60927579 -0.38139853
v -1.48498340 1.76174526 -0.62374484
v -1.55487393 1.65726947 -0.34939579
v -1.54277919 1.66975579 -0.33914968
v -1.47292656 1.76872421 -0.61971600
v -1.48975814 1.69327579 -0.31984800
v -1.46944025 1.69492421 -0.31849705
v -1.38388656 1.55960842 -0.40794568
v -1.45348025 1.74351789 -0.63426947
v -1.38467604 1.55866105 -0.40845221
v -1.39586762 1.54366737 -0.41299958
v -1.38403814 1.55934947 -0.40808211
v -1.48982762 1.51362947 -0.42211263
v -1.50925498 1.51985684 -0.42022295
v -1.47292656 1.73653895 -0.63829895
v -1.55378762 1.55866105 -0.40845221
v -1.48498340 1.74351789 -0.63426947
v -1.54259604 1.54366737 -0.41299958
v -1.55442551 1.55934947 -0.40808211
v -1.55457709 1.55960842 -0.40794568
v -1.48673919 1.74635368 -0.63263368
v -1.57111814 1.60927579 -0.38139853
v -1.56616656 1.63509474 -0.36759726
v -1.56367183 1.64280000 -0.36127263
v -1.54240656 1.67007158 -0.33889263
v -1.55500656 1.65705474 -0.34957389
v -1.48673919 1.75890947 -0.62538253
v -1.50937498 1.68836842 -0.32387495
v -1.46553709 1.76872421 -0.61971600
v -1.46902340 1.69492421 -0.31849705
v -1.44870551 1.69327579 -0.31984800
v -1.46923183 1.76904000 -0.61953411
v -1.46923183 1.69493684 -0.31848253
v -1.41120867 1.53003789 -0.41713453
v -1.45870340 1.73898947 -0.63688421
v -1.39624656 1.54325684 -0.41312463
v -1.46903604 1.51150737 -0.42275495
v -1.46923183 1.73622316 -0.63848211
v -1.46553709 1.73653895 -0.63829895
v -1.46923183 1.51148842 -0.42276063
v -1.52725498 1.53003789 -0.41713453
v -1.54221709 1.54325684 -0.41312463
v -1.47976025 1.73898947 -0.63688421
v -1.46942762 1.51150737 -0.42275495
v -1.56373498 1.57503789 -0.39969726
v -1.45065077 1.75583368 -0.62715979
v -1.37229709 1.63509474 -0.36759726
v -1.36945498 1.62709263 -0.37187432
v -1.37479183 1.64280000 -0.36127263
v -1.46198130 1.76778947 -0.62025537
v -1.41122130 1.68046105 -0.33036632
v -1.45870340 1.76627368 -0.62113074
v -1.41143604 1.68055579 -0.33028863
v -1.48262762 1.76423368 -0.62230926
v -1.54260867 1.66993263 -0.33900821
v -1.56358972 1.64305895 -0.36105916
v -1.39603814 1.54344000 -0.41306842
v -1.45583604 1.74102947 -0.63570947
v -1.44863604 1.51362947 -0.42211263
v -1.42920867 1.51985684 -0.42022295
v -1.45583604 1.76423368 -0.62230926
v -1.45348025 1.76174526 -0.62374484
v -1.45172446 1.75890947 -0.62538253
v -1.45028446 1.75263158 -0.62900779
v -1.48262762 1.74102947 -0.63570947
v -1.36735183 1.60988842 -0.38107074
v -1.36731393 1.60957895 -0.38123495
v -1.39605709 1.67007158 -0.33889263
v -1.42930340 1.68842526 -0.32383074
v -1.50916025 1.68842526 -0.32383074
v -1.54242551 1.54344000 -0.41306842
v -1.37487393 1.64305895 -0.36105916
v -1.38358972 1.65726947 -0.34939579
v -1.39568446 1.66975579 -0.33914968
v -1.39585498 1.66993263 -0.33900821
v -1.42908867 1.68836842 -0.32387495
v -1.38345709 1.65705474 -0.34957389
v -1.13690130 1.60988842 -0.38107074
v -1.05396867 1.75263158 -0.62900779
v -1.13693919 1.60957895 -0.38123495
v -1.05360235 1.75583368 -0.62715979
v -1.13479814 1.62709263 -0.37187432
v -1.07525288 1.51992632 -0.42020274
v -1.09282972 1.52991789 -0.41717116
v -1.04227183 1.73747368 -0.63776211
v -1.09303183 1.68046105 -0.33036632
v -1.04227183 1.76778947 -0.62025537
v -1.04554972 1.76627368 -0.62113074
v -1.09281709 1.68055579 -0.33028863
v -0.94042340 1.57532211 -0.39954568
v -1.01751393 1.74635368 -0.63263368
v -1.01644025 1.74942947 -0.63085642
v -0.94051814 1.57503789 -0.39969726
v -0.99478972 1.51992632 -0.42020274
v -1.02777077 1.73747368 -0.63776211
v -0.97721288 1.52991789 -0.41717116
v -1.12961919 1.57532211 -0.39954568
v -1.13516446 1.59200211 -0.39063032
v -1.05360235 1.74942947 -0.63085642
v -0.93487814 1.59200211 -0.39063032
v -0.93313498 1.60927579 -0.38139853
v -1.05077288 1.76174526 -0.62374484
v -1.12066340 1.65726947 -0.34939579
v -1.10856867 1.66975579 -0.33914968
v -1.03871604 1.76872421 -0.61971600
v -1.05554762 1.69327579 -0.31984800
v -1.03522972 1.69492421 -0.31849705
v -0.94967604 1.55960842 -0.40794568
v -1.01926972 1.74351789 -0.63426947
v -0.95046551 1.55866105 -0.40845221
v -0.96165709 1.54366737 -0.41299958
v -0.94982762 1.55934947 -0.40808211
v -1.05561709 1.51362947 -0.42211263
v -1.07504446 1.51985684 -0.42022295
v -1.03871604 1.73653895 -0.63829895
v -1.11957709 1.55866105 -0.40845221
v -1.05077288 1.74351789 -0.63426947
v -1.10838551 1.54366737 -0.41299958
v -1.12021498 1.55934947 -0.40808211
v -1.12036656 1.55960842 -0.40794568
v -1.05252867 1.74635368 -0.63263368
v -1.13690762 1.60927579 -0.38139853
v -1.13195604 1.63509474 -0.36759726
v -1.12946130 1.64280000 -0.36127263
v -1.10819604 1.67007158 -0.33889263
v -1.12079604 1.65705474 -0.34957389
v -1.05252867 1.75890947 -0.62538253
v -1.07516446 1.68836842 -0.32387495
v -1.03132656 1.76872421 -0.61971600
v -1.03481288 1.69492421 -0.31849705
v -1.01449498 1.69327579 -0.31984800
v -1.03502130 1.76904000 -0.61953411
v -1.03502130 1.69493684 -0.31848253
v -0.97699814 1.53003789 -0.41713453
v -1.02449288 1.73898947 -0.63688421
v -0.96203604 1.54325684 -0.41312463
v -1.03482551 1.51150737 -0.42275495
v -1.03502130 1.73622316 -0.63848211
v -1.03132656 1.73653895 -0.63829895
v -1.03502130 1.51148842 -0.42276063
v -1.09304446 1.53003789 -0.41713453
v -1.10800656 1.54325684 -0.41312463
v -1.04554972 1.73898947 -0.63688421
v -1.03521709 1.51150737 -0.42275495
v -1.12952446 1.57503789 -0.39969726
v -1.01644025 1.75583368 -0.62715979
v -0.93808656 1.63509474 -0.36759726
v -0.93524446 1.62709263 -0.37187432
v -0.94058130 1.64280000 -0.36127263
v -1.02777077 1.76778947 -0.62025537
v -0.97701077 1.68046105 -0.33036632
v -1.02449288 1.76627368 -0.62113074
v -0.97722551 1.68055579 -0.33028863
v -1.04841709 1.76423368 -0.62230926
v -1.10839814 1.66993263 -0.33900821
v -1.12937919 1.64305895 -0.36105916
v -0.96182762 1.54344000 -0.41306842
v -1.02162551 1.74102947 -0.63570947
v -1.01442551 1.51362947 -0.42211263
v -0.99499814 1.51985684 -0.42022295
v -1.02162551 1.76423368 -0.62230926
v -1.01926972 1.76174526 -0.62374484
v -1.01751393 1.75890947 -0.62538253
v -1.01607393 1.75263158 -0.62900779
v -1.04841709 1.74102947 -0.63570947
v -0.93314130 1.60988842 -0.38107074
v -0.93310340 1.60957895 -0.38123495
v -0.96184656 1.67007158 -0.33889263
v -0.99509288 1.68842526 -0.32383074
v -1.07494972 1.68842526 -0.32383074
v -1.10821498 1.54344000 -0.41306842
v -0.94066340 1.64305895 -0.36105916
v -0.94937919 1.65726947 -0.34939579
v -0.96147393 1.66975579 -0.33914968
v -0.96164446 1.66993263 -0.33900821
v -0.99487814 1.68836842 -0.32387495
v -0.94924656 1.65705474 -0.34957389
v -0.70269077 1.60988842 -0.38107074
v -0.61975814 1.75263158 -0.62900779
v -0.70272804 1.60957895 -0.38123495
v -0.61939435 1.75583368 -0.62715979
v -0.70058509 1.62709263 -0.37187432
v -0.64104235 1.51992632 -0.42020274
v -0.65861856 1.52991789 -0.41717116
v -0.60806130 1.73747368 -0.63776211
v -0.65882067 1.68046105 -0.33036632
v -0.60806130 1.76778947 -0.62025537
v -0.61133730 1.76627368 -0.62113074
v -0.65860530 1.68055579 -0.33028863
v -0.50621351 1.57532211 -0.39954568
v -0.58330593 1.74635368 -0.63263368
v -0.58222719 1.74942947 -0.63085642
v -0.50630825 1.57503789 -0.39969726
v -0.56057856 1.51992632 -0.42020274
v -0.59355962 1.73747368 -0.63776211
v -0.54300298 1.52991789 -0.41717116
v -0.69540804 1.57532211 -0.39954568
v -0.70095519 1.59200211 -0.39063032
v -0.61939435 1.74942947 -0.63085642
v -0.50066635 1.59200211 -0.39063032
v -0.49892446 1.60927579 -0.38139853
v -0.61656488 1.76174526 -0.62374484
v -0.68645098 1.65726947 -0.34939579
v -0.67435498 1.66975579 -0.33914968
v -0.60450740 1.76872421 -0.61971600
v -0.62133393 1.69327579 -0.31984800
v -0.60102172 1.69492421 -0.31849705
v -0.51546804 1.55960842 -0.40794568
v -0.58505667 1.74351789 -0.63426947
v -0.51625372 1.55866105 -0.40845221
v -0.52744656 1.54366737 -0.41299958
v -0.51562025 1.55934947 -0.40808211
v -0.62140530 1.51362947 -0.42211263
v -0.64083519 1.51985684 -0.42022295
v -0.60450740 1.73653895 -0.63829895
v -0.68536783 1.55866105 -0.40845221
v -0.61656488 1.74351789 -0.63426947
v -0.67417498 1.54366737 -0.41299958
v -0.68600130 1.55934947 -0.40808211
v -0.68615351 1.55960842 -0.40794568
v -0.61831562 1.74635368 -0.63263368
v -0.70269709 1.60927579 -0.38139853
v -0.69774488 1.63509474 -0.36759726
v -0.69525077 1.64280000 -0.36127263
v -0.67398298 1.67007158 -0.33889263
v -0.68658362 1.65705474 -0.34957389
v -0.61831562 1.75890947 -0.62538253
v -0.64095393 1.68836842 -0.32387495
v -0.59711414 1.76872421 -0.61971600
v -0.60059983 1.69492421 -0.31849705
v -0.58028762 1.69327579 -0.31984800
v -0.60081077 1.76904000 -0.61953411
v -0.60081077 1.69493684 -0.31848253
v -0.54279014 1.53003789 -0.41713453
v -0.59028425 1.73898947 -0.63688421
v -0.52782677 1.54325684 -0.41312463
v -0.60061625 1.51150737 -0.42275495
v -0.60081077 1.73622316 -0.63848211
v -0.59711414 1.73653895 -0.63829895
v -0.60081077 1.51148842 -0.42276063
v -0.65883140 1.53003789 -0.41713453
v -0.67379477 1.54325684 -0.41312463
v -0.61133730 1.73898947 -0.63688421
v -0.60100530 1.51150737 -0.42275495
v -0.69531330 1.57503789 -0.39969726
v -0.58222719 1.75583368 -0.62715979
v -0.50387667 1.63509474 -0.36759726
v -0.50103646 1.62709263 -0.37187432
v -0.50637077 1.64280000 -0.36127263
v -0.59355962 1.76778947 -0.62025537
v -0.54280088 1.68046105 -0.33036632
v -0.59028425 1.76627368 -0.62113074
v -0.54301562 1.68055579 -0.33028863
v -0.61420846 1.76423368 -0.62230926
v -0.67418825 1.66993263 -0.33900821
v -0.69516614 1.64305895 -0.36105916
v -0.52761646 1.54344000 -0.41306842
v -0.58741309 1.74102947 -0.63570947
v -0.58021625 1.51362947 -0.42211263
v -0.56078635 1.51985684 -0.42022295
v -0.58741309 1.76423368 -0.62230926
v -0.58505667 1.76174526 -0.62374484
v -0.58330593 1.75890947 -0.62538253
v -0.58186340 1.75263158 -0.62900779
v -0.61420846 1.74102947 -0.63570947
v -0.49893077 1.60988842 -0.38107074
v -0.49889351 1.60957895 -0.38123495
v -0.52763856 1.67007158 -0.33889263
v -0.56088488 1.68842526 -0.32383074
v -0.64073667 1.68842526 -0.32383074
v -0.67400509 1.54344000 -0.41306842
v -0.50645540 1.64305895 -0.36105916
v -0.51517056 1.65726947 -0.34939579
v -0.52726656 1.66975579 -0.33914968
v -0.52743330 1.66993263 -0.33900821
v -0.56066762 1.68836842 -0.32387495
v -0.51503793 1.65705474 -0.34957389
v -0.26848025 1.60988842 -0.38107074
v -0.18554755 1.75263158 -0.62900779
v -0.26851751 1.60957895 -0.38123495
v -0.18518351 1.75583368 -0.62715979
v -0.26637456 1.62709263 -0.37187432
v -0.09340593 1.54344000 -0.41306842
v -0.15607366 1.73898947 -0.63688421
v -0.15320244 1.74102947 -0.63570947
v -0.09361625 1.54325684 -0.41312463
v -0.25194298 1.55960842 -0.40794568
v -0.18235435 1.74351789 -0.63426947
v -0.25179077 1.55934947 -0.40808211
v -0.18410534 1.74635368 -0.63263368
v -0.18410534 1.75890947 -0.62538253
v -0.26095562 1.64305895 -0.36105916
v -0.25237309 1.65705474 -0.34957389
v -0.17712684 1.76627368 -0.62113074
v -0.23977246 1.67007158 -0.33889263
v -0.22461020 1.68046105 -0.33036632
v -0.14909515 1.75890947 -0.62538253
v -0.07216025 1.64280000 -0.36127263
v -0.14801698 1.75583368 -0.62715979
v -0.07224488 1.64305895 -0.36105916
v -0.26119751 1.57532211 -0.39954568
v -0.26674467 1.59200211 -0.39063032
v -0.18518351 1.74942947 -0.63085642
v -0.26353435 1.63509474 -0.36759726
v -0.26104025 1.64280000 -0.36127263
v -0.08096004 1.65726947 -0.34939579
v -0.15084614 1.76174526 -0.62374484
v -0.09305604 1.66975579 -0.33914968
v -0.08125751 1.55960842 -0.40794568
v -0.14909515 1.74635368 -0.63263368
v -0.07209772 1.57503789 -0.39969726
v -0.25115730 1.55866105 -0.40845221
v -0.23996446 1.54366737 -0.41299958
v -0.26848656 1.60927579 -0.38139853
v -0.18235435 1.76174526 -0.62374484
v -0.25224046 1.65726947 -0.34939579
v -0.24014446 1.66975579 -0.33914968
v -0.06472025 1.60988842 -0.38107074
v -0.14765294 1.75263158 -0.62900779
v -0.06468298 1.60957895 -0.38123495
v -0.12667429 1.68842526 -0.32383074
v -0.16290380 1.76872421 -0.61971600
v -0.14607703 1.69327579 -0.31984800
v -0.17385103 1.76778947 -0.62025537
v -0.22439509 1.68055579 -0.33028863
v -0.14801698 1.74942947 -0.63085642
v -0.06471393 1.60927579 -0.38139853
v -0.15084614 1.74351789 -0.63426947
v -0.08140972 1.55934947 -0.40808211
v -0.07200298 1.57532211 -0.39954568
v -0.16660025 1.73622316 -0.63848211
v -0.16679465 1.51150737 -0.42275495
v -0.17029669 1.73653895 -0.63829895
v -0.16660025 1.51148842 -0.42276063
v -0.20683208 1.51992632 -0.42020274
v -0.22440816 1.52991789 -0.41717116
v -0.17385103 1.73747368 -0.63776211
v -0.22462113 1.53003789 -0.41713453
v -0.23958425 1.54325684 -0.41312463
v -0.17712684 1.73898947 -0.63688421
v -0.26110277 1.57503789 -0.39969726
v -0.06966614 1.63509474 -0.36759726
v -0.06682593 1.62709263 -0.37187432
v -0.15320244 1.76423368 -0.62230926
v -0.09322277 1.66993263 -0.33900821
v -0.12645728 1.68836842 -0.32387495
v -0.15934947 1.76778947 -0.62025537
v -0.10880540 1.68055579 -0.33028863
v -0.16638926 1.69492421 -0.31849705
v -0.20674322 1.68836842 -0.32387495
v -0.17029669 1.76872421 -0.61971600
v -0.18712347 1.69327579 -0.31984800
v -0.16681123 1.69492421 -0.31849705
v -0.20652620 1.68842526 -0.32383074
v -0.08204319 1.55866105 -0.40845221
v -0.09323604 1.54366737 -0.41299958
v -0.10857936 1.53003789 -0.41713453
v -0.14600572 1.51362947 -0.42211263
v -0.16290380 1.73653895 -0.63829895
v -0.12657589 1.51985684 -0.42022295
v -0.16640584 1.51150737 -0.42275495
v -0.06645583 1.59200211 -0.39063032
v -0.17999806 1.76423368 -0.62230926
v -0.23997772 1.66993263 -0.33900821
v -0.08082740 1.65705474 -0.34957389
v -0.10859029 1.68046105 -0.33036632
v -0.15607366 1.76627368 -0.62113074
v -0.16660025 1.76904000 -0.61953411
v -0.16660025 1.69493684 -0.31848253
v -0.15934947 1.73747368 -0.63776211
v -0.17999806 1.74102947 -0.63570947
v -0.12636842 1.51992632 -0.42020274
v -0.20662460 1.51985684 -0.42022295
v -0.23979456 1.54344000 -0.41306842
v -0.09342804 1.67007158 -0.33889263
v -0.10879233 1.52991789 -0.41717116
v -0.18719477 1.51362947 -0.42211263
v 0.16573028 1.60988842 -0.38107074
v 0.24866291 1.75263158 -0.62900779
v 0.16569302 1.60957895 -0.38123495
v 0.24902670 1.75583368 -0.62715979
v 0.16783596 1.62709263 -0.37187432
v 0.22737807 1.51992632 -0.42020274
v 0.20980249 1.52991789 -0.41717116
v 0.26035912 1.73747368 -0.63776211
v 0.20960038 1.68046105 -0.33036632
v 0.26035912 1.76778947 -0.62025537
v 0.25708375 1.76627368 -0.62113074
v 0.20981512 1.68055579 -0.33028863
v 0.28511512 1.75890947 -0.62538253
v 0.36205028 1.64280000 -0.36127263
v 0.28619386 1.75583368 -0.62715979
v 0.36196565 1.64305895 -0.36105916
v 0.32563091 1.53003789 -0.41713453
v 0.27813681 1.73898947 -0.63688421
v 0.34059428 1.54325684 -0.41312463
v 0.17301302 1.57532211 -0.39954568
v 0.16746586 1.59200211 -0.39063032
v 0.24902670 1.74942947 -0.63085642
v 0.35325049 1.65726947 -0.34939579
v 0.28336438 1.76174526 -0.62374484
v 0.34115449 1.66975579 -0.33914968
v 0.25185617 1.76174526 -0.62374484
v 0.18197007 1.65726947 -0.34939579
v 0.19406607 1.66975579 -0.33914968
v 0.36220754 1.57532211 -0.39954568
v 0.28619386 1.74942947 -0.63085642
v 0.36775470 1.59200211 -0.39063032
v 0.35295302 1.55960842 -0.40794568
v 0.28511512 1.74635368 -0.63263368
v 0.36211281 1.57503789 -0.39969726
v 0.24701575 1.51362947 -0.42211263
v 0.22758586 1.51985684 -0.42022295
v 0.26391365 1.73653895 -0.63829895
v 0.18305323 1.55866105 -0.40845221
v 0.25185617 1.74351789 -0.63426947
v 0.19424607 1.54366737 -0.41299958
v 0.18241975 1.55934947 -0.40808211
v 0.18226754 1.55960842 -0.40794568
v 0.25010544 1.74635368 -0.63263368
v 0.16572396 1.60927579 -0.38139853
v 0.17067617 1.63509474 -0.36759726
v 0.17317028 1.64280000 -0.36127263
v 0.36949028 1.60988842 -0.38107074
v 0.28655765 1.75263158 -0.62900779
v 0.36952754 1.60957895 -0.38123495
v 0.30753617 1.68842526 -0.32383074
v 0.27130691 1.76872421 -0.61971600
v 0.28813344 1.69327579 -0.31984800
v 0.19443807 1.67007158 -0.33889263
v 0.22746712 1.68836842 -0.32387495
v 0.18183744 1.65705474 -0.34957389
v 0.25010544 1.75890947 -0.62538253
v 0.28336438 1.74351789 -0.63426947
v 0.35216733 1.55866105 -0.40845221
v 0.34097449 1.54366737 -0.41299958
v 0.35280081 1.55934947 -0.40808211
v 0.36949660 1.60927579 -0.38139853
v 0.27486081 1.73747368 -0.63776211
v 0.32541807 1.52991789 -0.41717116
v 0.28820481 1.51362947 -0.42211263
v 0.27130691 1.73653895 -0.63829895
v 0.30763470 1.51985684 -0.42022295
v 0.20958965 1.53003789 -0.41713453
v 0.19462628 1.54325684 -0.41312463
v 0.25708375 1.73898947 -0.63688421
v 0.26741575 1.51150737 -0.42275495
v 0.17310775 1.57503789 -0.39969726
v 0.36454438 1.63509474 -0.36759726
v 0.36738460 1.62709263 -0.37187432
v 0.28100796 1.76423368 -0.62230926
v 0.34098775 1.66993263 -0.33900821
v 0.30775344 1.68836842 -0.32387495
v 0.27486081 1.76778947 -0.62025537
v 0.32540481 1.68055579 -0.33028863
v 0.26782123 1.69492421 -0.31849705
v 0.26391365 1.76872421 -0.61971600
v 0.22768438 1.68842526 -0.32383074
v 0.24708712 1.69327579 -0.31984800
v 0.25421260 1.76423368 -0.62230926
v 0.19423281 1.66993263 -0.33900821
v 0.17325491 1.64305895 -0.36105916
v 0.26780481 1.51150737 -0.42275495
v 0.26761028 1.73622316 -0.63848211
v 0.26761028 1.51148842 -0.42276063
v 0.35338312 1.65705474 -0.34957389
v 0.32562017 1.68046105 -0.33036632
v 0.27813681 1.76627368 -0.62113074
v 0.26739933 1.69492421 -0.31849705
v 0.26761028 1.76904000 -0.61953411
v 0.26761028 1.69493684 -0.31848253
v 0.28100796 1.74102947 -0.63570947
v 0.34080460 1.54344000 -0.41306842
v 0.30784186 1.51992632 -0.42020274
v 0.25421260 1.74102947 -0.63570947
v 0.19441596 1.54344000 -0.41306842
v 0.34078249 1.67007158 -0.33889263
v 0.59994081 1.60988842 -0.38107074
v 0.68287344 1.75263158 -0.62900779
v 0.59990291 1.60957895 -0.38123495
v 0.68323975 1.75583368 -0.62715979
v 0.60204396 1.62709263 -0.37187432
v 0.64381028 1.68046105 -0.33036632
v 0.69457028 1.76778947 -0.62025537
v 0.69129238 1.76627368 -0.62113074
v 0.64402502 1.68055579 -0.33028863
v 0.71757238 1.76174526 -0.62374484
v 0.78759554 1.65705474 -0.34957389
v 0.71932817 1.75890947 -0.62538253
v 0.78746291 1.65726947 -0.34939579
v 0.60722291 1.57532211 -0.39954568
v 0.60167765 1.59200211 -0.39063032
v 0.68323975 1.74942947 -0.63085642
v 0.77536817 1.66975579 -0.33914968
v 0.68606923 1.76174526 -0.62374484
v 0.61617870 1.65726947 -0.34939579
v 0.62827344 1.66975579 -0.33914968
v 0.79641870 1.57532211 -0.39954568
v 0.72040186 1.74942947 -0.63085642
v 0.80196396 1.59200211 -0.39063032
v 0.68122502 1.51362947 -0.42211263
v 0.66179765 1.51985684 -0.42022295
v 0.69812607 1.73653895 -0.63829895
v 0.61726502 1.55866105 -0.40845221
v 0.68606923 1.74351789 -0.63426947
v 0.62845660 1.54366737 -0.41299958
v 0.61662712 1.55934947 -0.40808211
v 0.61647554 1.55960842 -0.40794568
v 0.68431344 1.74635368 -0.63263368
v 0.59993449 1.60927579 -0.38139853
v 0.60488607 1.63509474 -0.36759726
v 0.60738081 1.64280000 -0.36127263
v 0.80370081 1.60988842 -0.38107074
v 0.72076817 1.75263158 -0.62900779
v 0.72040186 1.75583368 -0.62715979
v 0.80373870 1.60957895 -0.38123495
v 0.74174923 1.68842526 -0.32383074
v 0.70551554 1.76872421 -0.61971600
v 0.72234712 1.69327579 -0.31984800
v 0.62864607 1.67007158 -0.33889263
v 0.66167765 1.68836842 -0.32387495
v 0.61604607 1.65705474 -0.34957389
v 0.68431344 1.75890947 -0.62538253
v 0.71757238 1.74351789 -0.63426947
v 0.78637660 1.55866105 -0.40845221
v 0.77518502 1.54366737 -0.41299958
v 0.78701449 1.55934947 -0.40808211
v 0.71521660 1.74102947 -0.63570947
v 0.77501449 1.54344000 -0.41306842
v 0.80370712 1.60927579 -0.38139853
v 0.72241660 1.51362947 -0.42211263
v 0.70551554 1.73653895 -0.63829895
v 0.74184396 1.51985684 -0.42022295
v 0.70201660 1.51150737 -0.42275495
v 0.64379765 1.53003789 -0.41713453
v 0.62883554 1.54325684 -0.41312463
v 0.69129238 1.73898947 -0.63688421
v 0.62862712 1.54344000 -0.41306842
v 0.68842502 1.74102947 -0.63570947
v 0.70162502 1.51150737 -0.42275495
v 0.60731765 1.57503789 -0.39969726
v 0.79875554 1.63509474 -0.36759726
v 0.80159765 1.62709263 -0.37187432
v 0.79626081 1.64280000 -0.36127263
v 0.71521660 1.76423368 -0.62230926
v 0.77519765 1.66993263 -0.33900821
v 0.77499554 1.67007158 -0.33889263
v 0.71234923 1.76627368 -0.62113074
v 0.75983133 1.68046105 -0.33036632
v 0.74196396 1.68836842 -0.32387495
v 0.70907133 1.76778947 -0.62025537
v 0.75961660 1.68055579 -0.33028863
v 0.70202923 1.69492421 -0.31849705
v 0.69812607 1.76872421 -0.61971600
v 0.68129449 1.69327579 -0.31984800
v 0.70161238 1.69492421 -0.31849705
v 0.68842502 1.76423368 -0.62230926
v 0.62844396 1.66993263 -0.33900821
v 0.60746291 1.64305895 -0.36105916
v 0.71932817 1.74635368 -0.63263368
v 0.79632396 1.57503789 -0.39969726
v 0.70182081 1.73622316 -0.63848211
v 0.70182081 1.51148842 -0.42276063
v 0.74205238 1.51992632 -0.42020274
v 0.70907133 1.73747368 -0.63776211
v 0.66158923 1.51992632 -0.42020274
v 0.69457028 1.73747368 -0.63776211
v 0.70182081 1.76904000 -0.61953411
v 0.70182081 1.69493684 -0.31848253
v 0.78716607 1.55960842 -0.40794568
v 0.71234923 1.73898947 -0.63688421
v 0.77480607 1.54325684 -0.41312463
v 0.75984396 1.53003789 -0.41713453
v 0.75962923 1.52991789 -0.41717116
v 0.64401238 1.52991789 -0.41717116
v 0.79617870 1.64305895 -0.36105916
v 0.66189238 1.68842526 -0.32383074
v 1.03415133 1.60988842 -0.38107074
v 1.11708396 1.75263158 -0.62900779
v 1.03411344 1.60957895 -0.38123495
v 1.11745028 1.75583368 -0.62715979
v 1.03625449 1.62709263 -0.37187432
v 1.09579975 1.51992632 -0.42020274
v 1.07822291 1.52991789 -0.41717116
v 1.12878081 1.73747368 -0.63776211
v 1.07802081 1.68046105 -0.33036632
v 1.12878081 1.76778947 -0.62025537
v 1.12550291 1.76627368 -0.62113074
v 1.07823554 1.68055579 -0.33028863
v 1.15353870 1.75890947 -0.62538253
v 1.23047133 1.64280000 -0.36127263
v 1.15461238 1.75583368 -0.62715979
v 1.23038923 1.64305895 -0.36105916
v 1.19405449 1.53003789 -0.41713453
v 1.14655975 1.73898947 -0.63688421
v 1.20901660 1.54325684 -0.41312463
v 1.04143344 1.57532211 -0.39954568
v 1.03588817 1.59200211 -0.39063032
v 1.11745028 1.74942947 -0.63085642
v 1.22167344 1.65726947 -0.34939579
v 1.15178291 1.76174526 -0.62374484
v 1.20957870 1.66975579 -0.33914968
v 1.12027975 1.76174526 -0.62374484
v 1.05038923 1.65726947 -0.34939579
v 1.06248396 1.66975579 -0.33914968
v 1.23062923 1.57532211 -0.39954568
v 1.15461238 1.74942947 -0.63085642
v 1.23617449 1.59200211 -0.39063032
v 1.22137660 1.55960842 -0.40794568
v 1.15353870 1.74635368 -0.63263368
v 1.23053449 1.57503789 -0.39969726
v 1.11543554 1.51362947 -0.42211263
v 1.09600817 1.51985684 -0.42022295
v 1.13233660 1.73653895 -0.63829895
v 1.05147554 1.55866105 -0.40845221
v 1.12027975 1.74351789 -0.63426947
v 1.06266712 1.54366737 -0.41299958
v 1.05083765 1.55934947 -0.40808211
v 1.05068607 1.55960842 -0.40794568
v 1.11852396 1.74635368 -0.63263368
v 1.03414502 1.60927579 -0.38139853
v 1.03909660 1.63509474 -0.36759726
v 1.04159133 1.64280000 -0.36127263
v 1.23791133 1.60988842 -0.38107074
v 1.15497870 1.75263158 -0.62900779
v 1.23794923 1.60957895 -0.38123495
v 1.17595975 1.68842526 -0.32383074
v 1.13972607 1.76872421 -0.61971600
v 1.15655765 1.69327579 -0.31984800
v 1.06285660 1.67007158 -0.33889263
v 1.09588817 1.68836842 -0.32387495
v 1.05025660 1.65705474 -0.34957389
v 1.11852396 1.75890947 -0.62538253
v 1.15178291 1.74351789 -0.63426947
v 1.22058712 1.55866105 -0.40845221
v 1.20939554 1.54366737 -0.41299958
v 1.22122502 1.55934947 -0.40808211
v 1.23791765 1.60927579 -0.38139853
v 1.14328186 1.73747368 -0.63776211
v 1.19383975 1.52991789 -0.41717116
v 1.15662712 1.51362947 -0.42211263
v 1.13972607 1.73653895 -0.63829895
v 1.17605449 1.51985684 -0.42022295
v 1.07800817 1.53003789 -0.41713453
v 1.06304607 1.54325684 -0.41312463
v 1.12550291 1.73898947 -0.63688421
v 1.13583554 1.51150737 -0.42275495
v 1.04152817 1.57503789 -0.39969726
v 1.23296607 1.63509474 -0.36759726
v 1.23580817 1.62709263 -0.37187432
v 1.14942712 1.76423368 -0.62230926
v 1.20940817 1.66993263 -0.33900821
v 1.17617449 1.68836842 -0.32387495
v 1.14328186 1.76778947 -0.62025537
v 1.19382712 1.68055579 -0.33028863
v 1.13623975 1.69492421 -0.31849705
v 1.13233660 1.76872421 -0.61971600
v 1.09610291 1.68842526 -0.32383074
v 1.11550502 1.69327579 -0.31984800
v 1.12263554 1.76423368 -0.62230926
v 1.06265449 1.66993263 -0.33900821
v 1.04167344 1.64305895 -0.36105916
v 1.13622712 1.51150737 -0.42275495
v 1.13603133 1.73622316 -0.63848211
v 1.13603133 1.51148842 -0.42276063
v 1.22180607 1.65705474 -0.34957389
v 1.19404186 1.68046105 -0.33036632
v 1.14655975 1.76627368 -0.62113074
v 1.13582291 1.69492421 -0.31849705
v 1.13603133 1.76904000 -0.61953411
v 1.13603133 1.69493684 -0.31848253
v 1.14942712 1.74102947 -0.63570947
v 1.20922502 1.54344000 -0.41306842
v 1.17626291 1.51992632 -0.42020274
v 1.12263554 1.74102947 -0.63570947
v 1.06283765 1.54344000 -0.41306842
v 1.20920607 1.67007158 -0.33889263
v -1.27070762 2.11578947 0.00369644
v -1.35349498 1.83157895 -0.00000000
v -1.35346972 1.83154105 0.00036922
v -1.27107393 2.11578947 0.00000000
v -1.35210551 1.82962105 0.01988678
v -1.29221288 1.81988842 -0.09678442
v -1.30958762 1.82301474 -0.08647705
v -1.25937709 2.11578947 -0.01750509
v -1.30958762 1.82301474 0.08647705
v -1.26265498 2.11578947 0.01575411
v -1.30981498 1.82305895 0.08633937
v -1.25937709 2.11578947 0.01750509
v -1.23461919 2.11578947 -0.00725078
v -1.15735183 1.82774526 -0.03890495
v -1.15744025 1.82771368 -0.03922067
v -1.23354551 2.11578947 -0.00369644
v -1.21203393 1.81988842 -0.09678442
v -1.24487604 2.11578947 -0.01750509
v -1.19466551 1.82301474 -0.08647705
v -1.34690130 1.82774526 -0.03890495
v -1.35210551 1.82962105 -0.01988678
v -1.27070762 2.11578947 -0.00369644
v -1.15214762 1.82962105 -0.01988678
v -1.15078340 1.83154105 -0.00036922
v -1.26787814 2.11578947 0.01052659
v -1.33776867 1.82594526 0.05722528
v -1.32545919 1.82439789 0.07292968
v -1.25582130 2.11578947 0.01858326
v -1.27267814 1.81791158 0.10330863
v -1.25232867 1.81724211 0.10550589
v -1.16634551 1.82597053 -0.05695156
v -1.17879393 1.82439789 -0.07292968
v -1.23637498 2.11578947 -0.01052659
v -1.16648446 1.82594526 -0.05722528
v -1.27267814 1.81791158 -0.10330863
v -1.29199183 1.81986316 -0.09685832
v -1.25582130 2.11578947 -0.01858326
v -1.32545919 1.82439789 -0.07292968
v -1.33776867 1.82594526 -0.05722528
v -1.26787814 2.11578947 -0.01052659
v -1.33790762 1.82597053 -0.05695156
v -1.26963393 2.11578947 -0.00725078
v -1.35346972 1.83154105 -0.00036922
v -1.34690130 1.82774526 0.03890495
v -1.30991604 1.82308421 0.08625032
v -1.32506762 1.82435368 0.07334147
v -1.33790762 1.82597053 0.05695156
v -1.26963393 2.11578947 0.00725078
v -1.29221288 1.81988842 0.09678442
v -1.24843183 2.11578947 0.01858326
v -1.25192446 1.81724211 0.10550589
v -1.23157498 1.81791158 0.10330863
v -1.25212656 2.11578947 0.01894731
v -1.25212656 1.81723579 0.10552800
v -1.19433709 1.82308421 -0.08625032
v -1.24159814 2.11578947 -0.01575411
v -1.17918551 1.82435368 -0.07334147
v -1.19443814 1.82305895 -0.08633937
v -1.25192446 1.81724211 -0.10550589
v -1.25212656 2.11578947 -0.01894731
v -1.24843183 2.11578947 -0.01858326
v -1.25212656 1.81723579 -0.10552800
v -1.26265498 2.11578947 -0.01575411
v -1.30991604 1.82308421 -0.08625032
v -1.32506762 1.82435368 -0.07334147
v -1.30981498 1.82305895 -0.08633937
v -1.25232867 1.81724211 -0.10550589
v -1.34681288 1.82771368 -0.03922067
v -1.15214762 1.82962105 0.01988678
v -1.23354551 2.11578947 0.00369644
v -1.15735183 1.82774526 0.03890495
v -1.19466551 1.82301474 0.08647705
v -1.24159814 2.11578947 0.01575411
v -1.24487604 2.11578947 0.01750509
v -1.19443814 1.82305895 0.08633937
v -1.26552235 2.11578947 0.01339781
v -1.32528235 1.82437263 0.07315579
v -1.34681288 1.82771368 0.03922067
v -1.23873077 2.11578947 -0.01339781
v -1.17897077 1.82437263 -0.07315579
v -1.23157498 1.81791158 -0.10330863
v -1.21226130 1.81986316 -0.09685832
v -1.23317919 2.11578947 0.00000000
v -1.23461919 2.11578947 0.00725078
v -1.23637498 2.11578947 0.01052659
v -1.23873077 2.11578947 0.01339781
v -1.26552235 2.11578947 -0.01339781
v -1.15078340 1.83154105 0.00036922
v -1.15075814 1.83157895 -0.00000000
v -1.19433709 1.82308421 0.08625032
v -1.17918551 1.82435368 0.07334147
v -1.21226130 1.81986316 0.09685832
v -1.29199183 1.81986316 0.09685832
v -1.32528235 1.82437263 -0.07315579
v -1.15744025 1.82771368 0.03922067
v -1.16648446 1.82594526 0.05722528
v -1.17879393 1.82439789 0.07292968
v -1.17897077 1.82437263 0.07315579
v -1.21203393 1.81988842 0.09678442
v -1.16634551 1.82597053 0.05695156
v -0.83649709 2.11578947 0.00369644
v -0.91928446 1.83157895 -0.00000000
v -0.91925919 1.83154105 0.00036922
v -0.83686340 2.11578947 0.00000000
v -0.91789498 1.82962105 0.01988678
v -0.85800235 1.81988842 -0.09678442
v -0.87537709 1.82301474 -0.08647705
v -0.82516656 2.11578947 -0.01750509
v -0.87537709 1.82301474 0.08647705
v -0.82844446 2.11578947 0.01575411
v -0.87560446 1.82305895 0.08633937
v -0.82516656 2.11578947 0.01750509
v -0.80040867 2.11578947 -0.00725078
v -0.72314256 1.82774526 -0.03890495
v -0.72322909 1.82771368 -0.03922067
v -0.79933498 2.11578947 -0.00369644
v -0.77782656 1.81988842 -0.09678442
v -0.81066551 2.11578947 -0.01750509
v -0.76045751 1.82301474 -0.08647705
v -0.91269077 1.82774526 -0.03890495
v -0.91789498 1.82962105 -0.01988678
v -0.83649709 2.11578947 -0.00369644
v -0.71793835 1.82962105 -0.01988678
v -0.71657351 1.83154105 -0.00036922
v -0.83366762 2.11578947 0.01052659
v -0.90355814 1.82594526 0.05722528
v -0.89124867 1.82439789 0.07292968
v -0.82161077 2.11578947 0.01858326
v -0.83846762 1.81791158 0.10330863
v -0.81811814 1.81724211 0.10550589
v -0.73213498 1.82597053 -0.05695156
v -0.74458277 1.82439789 -0.07292968
v -0.80216446 2.11578947 -0.01052659
v -0.73227204 1.82594526 -0.05722528
v -0.83846762 1.81791158 -0.10330863
v -0.85778130 1.81986316 -0.09685832
v -0.82161077 2.11578947 -0.01858326
v -0.89124867 1.82439789 -0.07292968
v -0.90355814 1.82594526 -0.05722528
v -0.83366762 2.11578947 -0.01052659
v -0.90369709 1.82597053 -0.05695156
v -0.83542340 2.11578947 -0.00725078
v -0.91925919 1.83154105 -0.00036922
v -0.91269077 1.82774526 0.03890495
v -0.87570551 1.82308421 0.08625032
v -0.89085709 1.82435368 0.07334147
v -0.90369709 1.82597053 0.05695156
v -0.83542340 2.11578947 0.00725078
v -0.85800235 1.81988842 0.09678442
v -0.81422130 2.11578947 0.01858326
v -0.81771393 1.81724211 0.10550589
v -0.79736635 1.81791158 0.10330863
v -0.81791604 2.11578947 0.01894731
v -0.81791604 1.81723579 0.10552800
v -0.76012909 1.82308421 -0.08625032
v -0.80738762 2.11578947 -0.01575411
v -0.74497814 1.82435368 -0.07334147
v -0.76022572 1.82305895 -0.08633937
v -0.81771393 1.81724211 -0.10550589
v -0.81791604 2.11578947 -0.01894731
v -0.81422130 2.11578947 -0.01858326
v -0.81791604 1.81723579 -0.10552800
v -0.82844446 2.11578947 -0.01575411
v -0.87570551 1.82308421 -0.08625032
v -0.89085709 1.82435368 -0.07334147
v -0.87560446 1.82305895 -0.08633937
v -0.81811814 1.81724211 -0.10550589
v -0.91260235 1.82771368 -0.03922067
v -0.71793835 1.82962105 0.01988678
v -0.79933498 2.11578947 0.00369644
v -0.72314256 1.82774526 0.03890495
v -0.76045751 1.82301474 0.08647705
v -0.80738762 2.11578947 0.01575411
v -0.81066551 2.11578947 0.01750509
v -0.76022572 1.82305895 0.08633937
v -0.83131183 2.11578947 0.01339781
v -0.89107183 1.82437263 0.07315579
v -0.91260235 1.82771368 0.03922067
v -0.80452025 2.11578947 -0.01339781
v -0.74476025 1.82437263 -0.07315579
v -0.79736635 1.81791158 -0.10330863
v -0.77804762 1.81986316 -0.09685832
v -0.79896867 2.11578947 0.00000000
v -0.80040867 2.11578947 0.00725078
v -0.80216446 2.11578947 0.01052659
v -0.80452025 2.11578947 0.01339781
v -0.83131183 2.11578947 -0.01339781
v -0.71657351 1.83154105 0.00036922
v -0.71654762 1.83157895 -0.00000000
v -0.76012909 1.82308421 0.08625032
v -0.74497814 1.82435368 0.07334147
v -0.77804762 1.81986316 0.09685832
v -0.85778130 1.81986316 0.09685832
v -0.89107183 1.82437263 -0.07315579
v -0.72322909 1.82771368 0.03922067
v -0.73227204 1.82594526 0.05722528
v -0.74458277 1.82439789 0.07292968
v -0.74476025 1.82437263 0.07315579
v -0.77782656 1.81988842 0.09678442
v -0.73213498 1.82597053 0.05695156
v -0.40228909 2.11578947 0.00369644
v -0.48507393 1.83157895 -0.00000000
v -0.48504804 1.83154105 0.00036922
v -0.40265288 2.11578947 0.00000000
v -0.48368319 1.82962105 0.01988678
v -0.28893204 1.82774526 -0.03890495
v -0.36512193 2.11578947 -0.00369644
v -0.28372783 1.82962105 -0.01988678
v -0.47847898 1.82774526 0.03890495
v -0.40121035 2.11578947 0.00725078
v -0.47839246 1.82771368 0.03922067
v -0.38000888 2.11578947 0.01858326
v -0.38350340 1.81724211 0.10550589
v -0.36315583 1.81791158 0.10330863
v -0.38370551 2.11578947 -0.01894731
v -0.38390762 1.81724211 -0.10550589
v -0.38740214 2.11578947 -0.01858326
v -0.38370551 1.81723579 -0.10552800
v -0.47847898 1.82774526 -0.03890495
v -0.40121035 2.11578947 -0.00725078
v -0.47839246 1.82771368 -0.03922067
v -0.40228909 2.11578947 -0.00369644
v -0.44149183 1.82308421 0.08625032
v -0.39423204 2.11578947 0.01575411
v -0.45664340 1.82435368 0.07334147
v -0.44139583 1.82305895 0.08633937
v -0.38740214 2.11578947 0.01858326
v -0.40425456 1.81791158 0.10330863
v -0.38390762 1.81724211 0.10550589
v -0.36795140 2.11578947 -0.01052659
v -0.29792446 1.82597053 -0.05695156
v -0.29806151 1.82594526 -0.05722528
v -0.36620067 2.11578947 -0.00725078
v -0.45703877 1.82439789 -0.07292968
v -0.39710319 2.11578947 -0.01339781
v -0.45686130 1.82437263 -0.07315579
v -0.39945962 2.11578947 -0.01052659
v -0.48368319 1.82962105 -0.01988678
v -0.46948656 1.82597053 0.05695156
v -0.28901856 1.82771368 -0.03922067
v -0.39945962 2.11578947 0.01052659
v -0.46934951 1.82594526 0.05722528
v -0.45703877 1.82439789 0.07292968
v -0.42357393 1.81986316 0.09685832
v -0.32624698 1.82301474 -0.08647705
v -0.37317898 2.11578947 -0.01575411
v -0.32601519 1.82305895 -0.08633937
v -0.37645435 2.11578947 -0.01750509
v -0.31037225 1.82439789 -0.07292968
v -0.36315583 1.81791158 -0.10330863
v -0.38350340 1.81724211 -0.10550589
v -0.38000888 2.11578947 -0.01858326
v -0.34383709 1.81986316 -0.09685832
v -0.34361604 1.81988842 -0.09678442
v -0.42357393 1.81986316 -0.09685832
v -0.39095604 2.11578947 -0.01750509
v -0.42379498 1.81988842 -0.09678442
v -0.40425456 1.81791158 -0.10330863
v -0.46934951 1.82594526 -0.05722528
v -0.48504804 1.83154105 -0.00036922
v -0.28372783 1.82962105 0.01988678
v -0.36512193 2.11578947 0.00369644
v -0.28893204 1.82774526 0.03890495
v -0.28236298 1.83154105 -0.00036922
v -0.34383709 1.81986316 0.09685832
v -0.37645435 2.11578947 0.01750509
v -0.34361604 1.81988842 0.09678442
v -0.39710319 2.11578947 0.01339781
v -0.45686130 1.82437263 0.07315579
v -0.39095604 2.11578947 0.01750509
v -0.44116404 1.82301474 0.08647705
v -0.42379498 1.81988842 0.09678442
v -0.38370551 2.11578947 0.01894731
v -0.38370551 1.81723579 0.10552800
v -0.36475814 2.11578947 0.00000000
v -0.36620067 2.11578947 0.00725078
v -0.36795140 2.11578947 0.01052659
v -0.37030783 2.11578947 -0.01339781
v -0.37030783 2.11578947 0.01339781
v -0.37317898 2.11578947 0.01575411
v -0.39423204 2.11578947 -0.01575411
v -0.44116404 1.82301474 -0.08647705
v -0.44149183 1.82308421 -0.08625032
v -0.45664340 1.82435368 -0.07334147
v -0.44139583 1.82305895 -0.08633937
v -0.46948656 1.82597053 -0.05695156
v -0.28236298 1.83154105 0.00036922
v -0.28233709 1.83157895 -0.00000000
v -0.32591856 1.82308421 0.08625032
v -0.31076762 1.82435368 0.07334147
v -0.32601519 1.82305895 0.08633937
v -0.32624698 1.82301474 0.08647705
v -0.31076762 1.82435368 -0.07334147
v -0.31054972 1.82437263 -0.07315579
v -0.32591856 1.82308421 -0.08625032
v -0.28901856 1.82771368 0.03922067
v -0.29806151 1.82594526 0.05722528
v -0.31037225 1.82439789 0.07292968
v -0.31054972 1.82437263 0.07315579
v -0.29792446 1.82597053 0.05695156
v 0.03192144 2.11578947 0.00369644
v -0.05086340 1.83157895 -0.00000000
v -0.05083751 1.83154105 0.00036922
v 0.03155765 2.11578947 0.00000000
v -0.04947267 1.82962105 0.01988678
v 0.15187344 1.83157895 -0.00000000
v 0.06908860 2.11578947 -0.00369644
v 0.06945238 2.11578947 0.00000000
v 0.15184754 1.83154105 -0.00036922
v -0.04426846 1.82774526 0.03890495
v 0.03300017 2.11578947 0.00725078
v -0.04418193 1.82771368 0.03922067
v -0.00728193 1.82308421 0.08625032
v 0.03997849 2.11578947 0.01575411
v -0.02243288 1.82435368 0.07334147
v -0.00718530 1.82305895 0.08633937
v 0.05050502 2.11578947 -0.01894731
v 0.05030291 1.81724211 -0.10550589
v 0.04680838 2.11578947 -0.01858326
v 0.05050502 1.81723579 -0.10552800
v -0.04426846 1.82774526 -0.03890495
v 0.03300017 2.11578947 -0.00725078
v -0.04418193 1.82771368 -0.03922067
v 0.03192144 2.11578947 -0.00369644
v 0.05050502 2.11578947 0.01894731
v 0.05070712 1.81724211 0.10550589
v 0.05420165 2.11578947 0.01858326
v 0.05050502 1.81723579 0.10552800
v 0.06800986 2.11578947 -0.00725078
v 0.14527849 1.82774526 -0.03890495
v 0.14519196 1.82771368 -0.03922067
v -0.02282825 1.82439789 -0.07292968
v 0.03710733 2.11578947 -0.01339781
v -0.02265077 1.82437263 -0.07315579
v 0.03475091 2.11578947 -0.01052659
v -0.04947267 1.82962105 -0.01988678
v -0.03527604 1.82597053 0.05695156
v 0.13614902 1.82594526 0.05722528
v 0.06625912 2.11578947 0.01052659
v 0.12383828 1.82439789 0.07292968
v 0.06390270 2.11578947 0.01339781
v 0.12366081 1.82437263 0.07315579
v 0.09037344 1.81986316 0.09685832
v 0.05775554 2.11578947 0.01750509
v 0.09059449 1.81988842 0.09678442
v 0.03475091 2.11578947 0.01052659
v -0.03513898 1.82594526 0.05722528
v -0.02282825 1.82439789 0.07292968
v 0.01063660 1.81986316 0.09685832
v 0.04325386 2.11578947 0.01750509
v 0.01041554 1.81988842 0.09678442
v 0.04680838 2.11578947 0.01858326
v 0.12344291 1.82435368 -0.07334147
v 0.06390270 2.11578947 -0.01339781
v 0.12366081 1.82437263 -0.07315579
v 0.06103154 2.11578947 -0.01575411
v 0.13628607 1.82597053 -0.05695156
v 0.15048270 1.82962105 -0.01988678
v 0.01063660 1.81986316 -0.09685832
v 0.04325386 2.11578947 -0.01750509
v 0.01041554 1.81988842 -0.09678442
v 0.02995533 1.81791158 -0.10330863
v -0.03513898 1.82594526 -0.05722528
v -0.05083751 1.83154105 -0.00036922
v 0.13628607 1.82597053 0.05695156
v 0.06800986 2.11578947 0.00725078
v 0.06103154 2.11578947 0.01575411
v 0.10829133 1.82308421 0.08625032
v 0.12344291 1.82435368 0.07334147
v 0.10819533 1.82305895 0.08633937
v 0.10796354 1.82301474 0.08647705
v 0.07105407 1.81791158 0.10330863
v 0.03710733 2.11578947 0.01339781
v -0.02265077 1.82437263 0.07315579
v -0.00695351 1.82301474 0.08647705
v 0.12383828 1.82439789 -0.07292968
v 0.06625912 2.11578947 -0.01052659
v 0.07105407 1.81791158 -0.10330863
v 0.05420165 2.11578947 -0.01858326
v 0.09037344 1.81986316 -0.09685832
v 0.05070712 1.81724211 -0.10550589
v -0.00695351 1.82301474 -0.08647705
v 0.03997849 2.11578947 -0.01575411
v -0.00728193 1.82308421 -0.08625032
v -0.02243288 1.82435368 -0.07334147
v -0.00718530 1.82305895 -0.08633937
v -0.03527604 1.82597053 -0.05695156
v 0.15048270 1.82962105 0.01988678
v 0.06908860 2.11578947 0.00369644
v 0.14527849 1.82774526 0.03890495
v 0.15184754 1.83154105 0.00036922
v 0.02995533 1.81791158 0.10330863
v 0.05030291 1.81724211 0.10550589
v 0.13614902 1.82594526 -0.05722528
v 0.05775554 2.11578947 -0.01750509
v 0.09059449 1.81988842 -0.09678442
v 0.10796354 1.82301474 -0.08647705
v 0.10819533 1.82305895 -0.08633937
v 0.10829133 1.82308421 -0.08625032
v 0.14519196 1.82771368 0.03922067
v 0.46613449 2.11578947 0.00369644
v 0.38334712 1.83157895 -0.00000000
v 0.38337302 1.83154105 0.00036922
v 0.46576817 2.11578947 0.00000000
v 0.38473786 1.82962105 0.01988678
v 0.44462607 1.81988842 -0.09678442
v 0.42725702 1.82301474 -0.08647705
v 0.47746502 2.11578947 -0.01750509
v 0.42725702 1.82301474 0.08647705
v 0.47418712 2.11578947 0.01575411
v 0.42702523 1.82305895 0.08633937
v 0.47746502 2.11578947 0.01750509
v 0.50222291 2.11578947 0.00725078
v 0.57949028 1.82774526 0.03890495
v 0.50329660 2.11578947 0.00369644
v 0.57940186 1.82771368 0.03922067
v 0.54250502 1.82308421 -0.08625032
v 0.49524396 2.11578947 -0.01575411
v 0.55765660 1.82435368 -0.07334147
v 0.54240396 1.82305895 -0.08633937
v 0.38994207 1.82774526 -0.03890495
v 0.38473786 1.82962105 -0.01988678
v 0.46613449 2.11578947 -0.00369644
v 0.57035765 1.82594526 0.05722528
v 0.50046712 2.11578947 0.01052659
v 0.55804817 1.82439789 0.07292968
v 0.46896396 2.11578947 0.01052659
v 0.39907154 1.82594526 0.05722528
v 0.41138228 1.82439789 0.07292968
v 0.57949028 1.82774526 -0.03890495
v 0.50329660 2.11578947 -0.00369644
v 0.58469449 1.82962105 -0.01988678
v 0.57049660 1.82597053 -0.05695156
v 0.50222291 2.11578947 -0.00725078
v 0.57940186 1.82771368 -0.03922067
v 0.46416586 1.81791158 -0.10330863
v 0.44484712 1.81986316 -0.09685832
v 0.48102081 2.11578947 -0.01858326
v 0.41138228 1.82439789 -0.07292968
v 0.39907154 1.82594526 -0.05722528
v 0.46896396 2.11578947 -0.01052659
v 0.39893449 1.82597053 -0.05695156
v 0.46720817 2.11578947 -0.00725078
v 0.38337302 1.83154105 -0.00036922
v 0.38994207 1.82774526 0.03890495
v 0.58608396 1.83157895 -0.00000000
v 0.50366291 2.11578947 0.00000000
v 0.58605870 1.83154105 -0.00036922
v 0.52458081 1.81986316 0.09685832
v 0.48841028 2.11578947 0.01858326
v 0.50526712 1.81791158 0.10330863
v 0.42692860 1.82308421 0.08625032
v 0.41177765 1.82435368 0.07334147
v 0.44462607 1.81988842 0.09678442
v 0.39893449 1.82597053 0.05695156
v 0.46720817 2.11578947 0.00725078
v 0.55804817 1.82439789 -0.07292968
v 0.50046712 2.11578947 -0.01052659
v 0.57035765 1.82594526 -0.05722528
v 0.54217660 1.82301474 -0.08647705
v 0.49196607 2.11578947 -0.01750509
v 0.50526712 1.81791158 -0.10330863
v 0.48841028 2.11578947 -0.01858326
v 0.52458081 1.81986316 -0.09685832
v 0.47418712 2.11578947 -0.01575411
v 0.42692860 1.82308421 -0.08625032
v 0.41177765 1.82435368 -0.07334147
v 0.42702523 1.82305895 -0.08633937
v 0.48451344 1.81724211 -0.10550589
v 0.39002860 1.82771368 -0.03922067
v 0.58469449 1.82962105 0.01988678
v 0.58605870 1.83154105 0.00036922
v 0.49811133 2.11578947 0.01339781
v 0.55787133 1.82437263 0.07315579
v 0.49196607 2.11578947 0.01750509
v 0.52480186 1.81988842 0.09678442
v 0.54217660 1.82301474 0.08647705
v 0.48491765 1.81724211 0.10550589
v 0.48102081 2.11578947 0.01858326
v 0.44484712 1.81986316 0.09685832
v 0.46416586 1.81791158 0.10330863
v 0.47131975 2.11578947 0.01339781
v 0.41155975 1.82437263 0.07315579
v 0.39002860 1.82771368 0.03922067
v 0.48491765 1.81724211 -0.10550589
v 0.48471554 2.11578947 -0.01894731
v 0.48471554 1.81723579 -0.10552800
v 0.57049660 1.82597053 0.05695156
v 0.49524396 2.11578947 0.01575411
v 0.54240396 1.82305895 0.08633937
v 0.48451344 1.81724211 0.10550589
v 0.48471554 2.11578947 0.01894731
v 0.48471554 1.81723579 0.10552800
v 0.49811133 2.11578947 -0.01339781
v 0.55787133 1.82437263 -0.07315579
v 0.52480186 1.81988842 -0.09678442
v 0.47131975 2.11578947 -0.01339781
v 0.41155975 1.82437263 -0.07315579
v 0.54250502 1.82308421 0.08625032
v 0.55765660 1.82435368 0.07334147
v 0.90034502 2.11578947 0.00369644
v 0.81755765 1.83157895 -0.00000000
v 0.81758291 1.83154105 0.00036922
v 0.89997870 2.11578947 0.00000000
v 0.81894712 1.82962105 0.01988678
v 1.02029449 1.83157895 -0.00000000
v 0.93750712 2.11578947 -0.00369644
v 0.93787344 2.11578947 0.00000000
v 1.02026923 1.83154105 -0.00036922
v 0.82415133 1.82774526 0.03890495
v 0.90141870 2.11578947 0.00725078
v 0.82423975 1.82771368 0.03922067
v 0.86113660 1.82308421 0.08625032
v 0.90839765 2.11578947 0.01575411
v 0.84598502 1.82435368 0.07334147
v 0.86123765 1.82305895 0.08633937
v 0.91892607 2.11578947 -0.01894731
v 0.91872396 1.81724211 -0.10550589
v 0.91523133 2.11578947 -0.01858326
v 0.91892607 1.81723579 -0.10552800
v 0.82415133 1.82774526 -0.03890495
v 0.90141870 2.11578947 -0.00725078
v 0.82423975 1.82771368 -0.03922067
v 0.90034502 2.11578947 -0.00369644
v 0.91892607 2.11578947 0.01894731
v 0.91912817 1.81724211 0.10550589
v 0.92262081 2.11578947 0.01858326
v 0.91892607 1.81723579 0.10552800
v 0.93643344 2.11578947 -0.00725078
v 1.01370081 1.82774526 -0.03890495
v 1.01361238 1.82771368 -0.03922067
v 0.84559344 1.82439789 -0.07292968
v 0.90553028 2.11578947 -0.01339781
v 0.84577028 1.82437263 -0.07315579
v 0.90317449 2.11578947 -0.01052659
v 0.81894712 1.82962105 -0.01988678
v 0.83314502 1.82597053 0.05695156
v 1.00456817 1.82594526 0.05722528
v 0.93467765 2.11578947 0.01052659
v 0.99225870 1.82439789 0.07292968
v 0.93232186 2.11578947 0.01339781
v 0.99208186 1.82437263 0.07315579
v 0.95879133 1.81986316 0.09685832
v 0.92617660 2.11578947 0.01750509
v 0.95901238 1.81988842 0.09678442
v 0.90317449 2.11578947 0.01052659
v 0.83328396 1.82594526 0.05722528
v 0.84559344 1.82439789 0.07292968
v 0.87906081 1.81986316 0.09685832
v 0.91167554 2.11578947 0.01750509
v 0.87883344 1.81988842 0.09678442
v 0.91523133 2.11578947 0.01858326
v 0.99186712 1.82435368 -0.07334147
v 0.93232186 2.11578947 -0.01339781
v 0.99208186 1.82437263 -0.07315579
v 0.92945449 2.11578947 -0.01575411
v 1.00470712 1.82597053 -0.05695156
v 1.01890502 1.82962105 -0.01988678
v 0.87906081 1.81986316 -0.09685832
v 0.91167554 2.11578947 -0.01750509
v 0.87883344 1.81988842 -0.09678442
v 0.89837449 1.81791158 -0.10330863
v 0.83328396 1.82594526 -0.05722528
v 0.81758291 1.83154105 -0.00036922
v 0.93643344 2.11578947 0.00725078
v 1.01370081 1.82774526 0.03890495
v 0.93750712 2.11578947 0.00369644
v 1.01361238 1.82771368 0.03922067
v 1.00470712 1.82597053 0.05695156
v 0.97638712 1.82301474 0.08647705
v 0.93947765 1.81791158 0.10330863
v 0.90553028 2.11578947 0.01339781
v 0.84577028 1.82437263 0.07315579
v 0.86146502 1.82301474 0.08647705
v 0.99225870 1.82439789 -0.07292968
v 0.93467765 2.11578947 -0.01052659
v 0.93947765 1.81791158 -0.10330863
v 0.92262081 2.11578947 -0.01858326
v 0.95879133 1.81986316 -0.09685832
v 0.91912817 1.81724211 -0.10550589
v 0.95901238 1.81988842 -0.09678442
v 0.92617660 2.11578947 -0.01750509
v 0.97638712 1.82301474 -0.08647705
v 0.86146502 1.82301474 -0.08647705
v 0.90839765 2.11578947 -0.01575411
v 0.86113660 1.82308421 -0.08625032
v 0.84598502 1.82435368 -0.07334147
v 0.86123765 1.82305895 -0.08633937
v 0.83314502 1.82597053 -0.05695156
v 1.01890502 1.82962105 0.01988678
v 1.02026923 1.83154105 0.00036922
v 0.92945449 2.11578947 0.01575411
v 0.97661449 1.82305895 0.08633937
v 0.89837449 1.81791158 0.10330863
v 0.91872396 1.81724211 0.10550589
v 1.00456817 1.82594526 -0.05722528
v 0.97661449 1.82305895 -0.08633937
v 0.97671554 1.82308421 -0.08625032
v 0.97671554 1.82308421 0.08625032
v 0.99186712 1.82435368 0.07334147
v 1.33455554 2.11578947 0.00369644
v 1.25176817 1.83157895 -0.00000000
v 1.25179344 1.83154105 0.00036922
v 1.33418923 2.11578947 0.00000000
v 1.25315765 1.82962105 0.01988678
v 1.37171765 2.11578947 0.00369644
v 1.45450502 1.83157895 -0.00000000
v 1.37208396 2.11578947 0.00000000
v 1.45447975 1.83154105 0.00036922
v 1.25836186 1.82774526 0.03890495
v 1.33562923 2.11578947 0.00725078
v 1.25845028 1.82771368 0.03922067
v 1.29534712 1.82308421 0.08625032
v 1.34260817 2.11578947 0.01575411
v 1.28019554 1.82435368 0.07334147
v 1.29544817 1.82305895 0.08633937
v 1.35333870 1.81724211 -0.10550589
v 1.35313660 2.11578947 -0.01894731
v 1.35683133 2.11578947 -0.01858326
v 1.35313660 1.81723579 -0.10552800
v 1.25836186 1.82774526 -0.03890495
v 1.33562923 2.11578947 -0.00725078
v 1.25845028 1.82771368 -0.03922067
v 1.33455554 2.11578947 -0.00369644
v 1.35293449 1.81724211 0.10550589
v 1.35313660 2.11578947 0.01894731
v 1.34944186 2.11578947 0.01858326
v 1.35313660 1.81723579 0.10552800
v 1.37064396 2.11578947 -0.00725078
v 1.44791133 1.82774526 -0.03890495
v 1.44782291 1.82771368 -0.03922067
v 1.37171765 2.11578947 -0.00369644
v 1.28019554 1.82435368 -0.07334147
v 1.33974081 2.11578947 -0.01339781
v 1.34260817 2.11578947 -0.01575411
v 1.27998081 1.82437263 -0.07315579
v 1.25315765 1.82962105 -0.01988678
v 1.26735554 1.82597053 0.05695156
v 1.43877870 1.82594526 0.05722528
v 1.36888817 2.11578947 0.01052659
v 1.42646923 1.82439789 0.07292968
v 1.36653238 2.11578947 0.01339781
v 1.42629238 1.82437263 0.07315579
v 1.39300186 1.81986316 0.09685832
v 1.36038712 2.11578947 0.01750509
v 1.35683133 2.11578947 0.01858326
v 1.39322291 1.81988842 0.09678442
v 1.33738502 2.11578947 0.01052659
v 1.26749449 1.82594526 0.05722528
v 1.27980396 1.82439789 0.07292968
v 1.29567554 1.82301474 0.08647705
v 1.34588607 2.11578947 0.01750509
v 1.36888817 2.11578947 -0.01052659
v 1.43891765 1.82597053 -0.05695156
v 1.43877870 1.82594526 -0.05722528
v 1.45311554 1.82962105 -0.01988678
v 1.45447975 1.83154105 -0.00036922
v 1.33258502 1.81791158 -0.10330863
v 1.31327133 1.81986316 -0.09685832
v 1.34944186 2.11578947 -0.01858326
v 1.35293449 1.81724211 -0.10550589
v 1.27980396 1.82439789 -0.07292968
v 1.26749449 1.82594526 -0.05722528
v 1.33738502 2.11578947 -0.01052659
v 1.25179344 1.83154105 -0.00036922
v 1.43891765 1.82597053 0.05695156
v 1.37064396 2.11578947 0.00725078
v 1.36366502 2.11578947 0.01575411
v 1.41092607 1.82308421 0.08625032
v 1.42607765 1.82435368 0.07334147
v 1.41082502 1.82305895 0.08633937
v 1.41059765 1.82301474 0.08647705
v 1.37368817 1.81791158 0.10330863
v 1.35333870 1.81724211 0.10550589
v 1.33974081 2.11578947 0.01339781
v 1.27998081 1.82437263 0.07315579
v 1.42646923 1.82439789 -0.07292968
v 1.42607765 1.82435368 -0.07334147
v 1.36653238 2.11578947 -0.01339781
v 1.42629238 1.82437263 -0.07315579
v 1.36366502 2.11578947 -0.01575411
v 1.39322291 1.81988842 -0.09678442
v 1.36038712 2.11578947 -0.01750509
v 1.41059765 1.82301474 -0.08647705
v 1.37368817 1.81791158 -0.10330863
v 1.39300186 1.81986316 -0.09685832
v 1.34588607 2.11578947 -0.01750509
v 1.31304396 1.81988842 -0.09678442
v 1.29534712 1.82308421 -0.08625032
v 1.29544817 1.82305895 -0.08633937
v 1.26735554 1.82597053 -0.05695156
v 1.45311554 1.82962105 0.01988678
v 1.44791133 1.82774526 0.03890495
v 1.31327133 1.81986316 0.09685832
v 1.33258502 1.81791158 0.10330863
v 1.41082502 1.82305895 -0.08633937
v 1.41092607 1.82308421 -0.08625032
v 1.29567554 1.82301474 -0.08647705
v 1.44782291 1.82771368 0.03922067
v 1.31304396 1.81988842 0.09678442
v -1.48781288 1.74942947 0.63085642
v -1.57114972 1.60957895 0.38123495
v -1.57111814 1.60927579 0.38139853
v -1.48817919 1.75263158 0.62900779
v -1.56937498 1.59200211 0.39063032
v -1.50937498 1.68836842 0.32387495
v -1.52702762 1.68055579 0.33028863
v -1.47648235 1.76778947 0.62025537
v -1.52725498 1.53003789 0.41713453
v -1.47648235 1.73747368 0.63776211
v -1.47976025 1.73898947 0.63688421
v -1.52704025 1.52991789 0.41717116
v -1.45172446 1.75890947 0.62538253
v -1.37479183 1.64280000 0.36127263
v -1.37487393 1.64305895 0.36105916
v -1.45065077 1.75583368 0.62715979
v -1.42908867 1.68836842 0.32387495
v -1.46198130 1.76778947 0.62025537
v -1.41143604 1.68055579 0.33028863
v -1.56616656 1.63509474 0.36759726
v -1.48781288 1.75583368 0.62715979
v -1.56367183 1.64280000 0.36127263
v -1.56900867 1.62709263 0.37187432
v -1.36945498 1.62709263 0.37187432
v -1.36735183 1.60988842 0.38107074
v -1.55378762 1.55866105 0.40845221
v -1.48498340 1.74351789 0.63426947
v -1.55442551 1.55934947 0.40808211
v -1.54259604 1.54366737 0.41299958
v -1.47292656 1.73653895 0.63829895
v -1.48982762 1.51362947 0.42211263
v -1.46942762 1.51150737 0.42275495
v -1.38345709 1.65705474 0.34957389
v -1.39568446 1.66975579 0.33914968
v -1.45348025 1.76174526 0.62374484
v -1.38358972 1.65726947 0.34939579
v -1.48975814 1.69327579 0.31984800
v -1.50916025 1.68842526 0.32383074
v -1.47292656 1.76872421 0.61971600
v -1.54277919 1.66975579 0.33914968
v -1.55487393 1.65726947 0.34939579
v -1.48498340 1.76174526 0.62374484
v -1.55500656 1.65705474 0.34957389
v -1.48673919 1.75890947 0.62538253
v -1.57111183 1.60988842 0.38107074
v -1.56382972 1.57532211 0.39954568
v -1.54221709 1.54325684 0.41312463
v -1.55457709 1.55960842 0.40794568
v -1.48673919 1.74635368 0.63263368
v -1.50946340 1.51992632 0.42020274
v -1.46553709 1.73653895 0.63829895
v -1.46903604 1.51150737 0.42275495
v -1.44863604 1.51362947 0.42211263
v -1.46923183 1.73622316 0.63848211
v -1.46923183 1.51148842 0.42276063
v -1.41122130 1.68046105 0.33036632
v -1.45870340 1.76627368 0.62113074
v -1.39605709 1.67007158 0.33889263
v -1.37229709 1.63509474 0.36759726
v -1.46923183 1.76904000 0.61953411
v -1.46902340 1.69492421 0.31849705
v -1.46923183 1.69493684 0.31848253
v -1.46553709 1.76872421 0.61971600
v -1.52724235 1.68046105 0.33036632
v -1.54240656 1.67007158 0.33889263
v -1.47976025 1.76627368 0.62113074
v -1.46944025 1.69492421 0.31849705
v -1.56358972 1.64305895 0.36105916
v -1.36908867 1.59200211 0.39063032
v -1.45065077 1.74942947 0.63085642
v -1.37463393 1.57532211 0.39954568
v -1.46198130 1.73747368 0.63776211
v -1.41120867 1.53003789 0.41713453
v -1.45870340 1.73898947 0.63688421
v -1.41142340 1.52991789 0.41717116
v -1.48262762 1.74102947 0.63570947
v -1.54242551 1.54344000 0.41306842
v -1.56373498 1.57503789 0.39969726
v -1.39585498 1.66993263 0.33900821
v -1.45583604 1.76423368 0.62230926
v -1.44870551 1.69327579 0.31984800
v -1.42930340 1.68842526 0.32383074
v -1.48262762 1.76423368 0.62230926
v -1.45583604 1.74102947 0.63570947
v -1.45348025 1.74351789 0.63426947
v -1.45028446 1.75263158 0.62900779
v -1.45172446 1.74635368 0.63263368
v -1.36734551 1.60927579 0.38139853
v -1.36731393 1.60957895 0.38123495
v -1.39624656 1.54325684 0.41312463
v -1.42920867 1.51985684 0.42022295
v -1.50925498 1.51985684 0.42022295
v -1.54260867 1.66993263 0.33900821
v -1.37472867 1.57503789 0.39969726
v -1.38467604 1.55866105 0.40845221
v -1.39586762 1.54366737 0.41299958
v -1.38403814 1.55934947 0.40808211
v -1.39603814 1.54344000 0.41306842
v -1.42900025 1.51992632 0.42020274
v -1.38388656 1.55960842 0.40794568
v -1.05360235 1.74942947 0.63085642
v -1.13693919 1.60957895 0.38123495
v -1.13690762 1.60927579 0.38139853
v -1.05396867 1.75263158 0.62900779
v -1.13516446 1.59200211 0.39063032
v -1.07516446 1.68836842 0.32387495
v -1.09281709 1.68055579 0.33028863
v -1.04227183 1.76778947 0.62025537
v -1.09304446 1.53003789 0.41713453
v -1.04227183 1.73747368 0.63776211
v -1.04554972 1.73898947 0.63688421
v -1.09282972 1.52991789 0.41717116
v -1.01751393 1.75890947 0.62538253
v -0.94058130 1.64280000 0.36127263
v -0.94066340 1.64305895 0.36105916
v -1.01644025 1.75583368 0.62715979
v -0.99487814 1.68836842 0.32387495
v -1.02777077 1.76778947 0.62025537
v -0.97722551 1.68055579 0.33028863
v -1.13195604 1.63509474 0.36759726
v -1.05360235 1.75583368 0.62715979
v -1.12946130 1.64280000 0.36127263
v -1.13479814 1.62709263 0.37187432
v -0.93524446 1.62709263 0.37187432
v -0.93314130 1.60988842 0.38107074
v -1.11957709 1.55866105 0.40845221
v -1.05077288 1.74351789 0.63426947
v -1.12021498 1.55934947 0.40808211
v -1.10838551 1.54366737 0.41299958
v -1.03871604 1.73653895 0.63829895
v -1.05561709 1.51362947 0.42211263
v -1.03521709 1.51150737 0.42275495
v -0.94924656 1.65705474 0.34957389
v -0.96147393 1.66975579 0.33914968
v -1.01926972 1.76174526 0.62374484
v -0.94937919 1.65726947 0.34939579
v -1.05554762 1.69327579 0.31984800
v -1.07494972 1.68842526 0.32383074
v -1.03871604 1.76872421 0.61971600
v -1.10856867 1.66975579 0.33914968
v -1.12066340 1.65726947 0.34939579
v -1.05077288 1.76174526 0.62374484
v -1.12079604 1.65705474 0.34957389
v -1.05252867 1.75890947 0.62538253
v -1.13690130 1.60988842 0.38107074
v -1.12961919 1.57532211 0.39954568
v -1.10800656 1.54325684 0.41312463
v -1.12036656 1.55960842 0.40794568
v -1.05252867 1.74635368 0.63263368
v -1.07525288 1.51992632 0.42020274
v -1.03132656 1.73653895 0.63829895
v -1.03482551 1.51150737 0.42275495
v -1.01442551 1.51362947 0.42211263
v -1.03502130 1.73622316 0.63848211
v -1.03502130 1.51148842 0.42276063
v -0.97701077 1.68046105 0.33036632
v -1.02449288 1.76627368 0.62113074
v -0.96184656 1.67007158 0.33889263
v -0.93808656 1.63509474 0.36759726
v -1.03502130 1.76904000 0.61953411
v -1.03481288 1.69492421 0.31849705
v -1.03502130 1.69493684 0.31848253
v -1.03132656 1.76872421 0.61971600
v -1.09303183 1.68046105 0.33036632
v -1.10819604 1.67007158 0.33889263
v -1.04554972 1.76627368 0.62113074
v -1.03522972 1.69492421 0.31849705
v -1.12937919 1.64305895 0.36105916
v -0.93487814 1.59200211 0.39063032
v -1.01644025 1.74942947 0.63085642
v -0.94042340 1.57532211 0.39954568
v -1.02777077 1.73747368 0.63776211
v -0.97699814 1.53003789 0.41713453
v -1.02449288 1.73898947 0.63688421
v -0.97721288 1.52991789 0.41717116
v -1.04841709 1.74102947 0.63570947
v -1.10821498 1.54344000 0.41306842
v -1.12952446 1.57503789 0.39969726
v -0.96164446 1.66993263 0.33900821
v -1.02162551 1.76423368 0.62230926
v -1.01449498 1.69327579 0.31984800
v -0.99509288 1.68842526 0.32383074
v -1.04841709 1.76423368 0.62230926
v -1.02162551 1.74102947 0.63570947
v -1.01926972 1.74351789 0.63426947
v -1.01751393 1.74635368 0.63263368
v -1.01607393 1.75263158 0.62900779
v -0.93313498 1.60927579 0.38139853
v -0.93310340 1.60957895 0.38123495
v -0.96203604 1.54325684 0.41312463
v -0.99499814 1.51985684 0.42022295
v -1.07504446 1.51985684 0.42022295
v -1.10839814 1.66993263 0.33900821
v -0.94051814 1.57503789 0.39969726
v -0.95046551 1.55866105 0.40845221
v -0.96165709 1.54366737 0.41299958
v -0.94982762 1.55934947 0.40808211
v -0.96182762 1.54344000 0.41306842
v -0.99478972 1.51992632 0.42020274
v -0.94967604 1.55960842 0.40794568
v -0.61939435 1.74942947 0.63085642
v -0.70272804 1.60957895 0.38123495
v -0.70269709 1.60927579 0.38139853
v -0.61975814 1.75263158 0.62900779
v -0.70095519 1.59200211 0.39063032
v -0.64095393 1.68836842 0.32387495
v -0.65860530 1.68055579 0.33028863
v -0.60806130 1.76778947 0.62025537
v -0.65883140 1.53003789 0.41713453
v -0.60806130 1.73747368 0.63776211
v -0.61133730 1.73898947 0.63688421
v -0.65861856 1.52991789 0.41717116
v -0.58330593 1.75890947 0.62538253
v -0.50637077 1.64280000 0.36127263
v -0.50645540 1.64305895 0.36105916
v -0.58222719 1.75583368 0.62715979
v -0.56066762 1.68836842 0.32387495
v -0.59355962 1.76778947 0.62025537
v -0.54301562 1.68055579 0.33028863
v -0.69774488 1.63509474 0.36759726
v -0.61939435 1.75583368 0.62715979
v -0.69525077 1.64280000 0.36127263
v -0.70058509 1.62709263 0.37187432
v -0.50103646 1.62709263 0.37187432
v -0.49893077 1.60988842 0.38107074
v -0.68536783 1.55866105 0.40845221
v -0.61656488 1.74351789 0.63426947
v -0.68600130 1.55934947 0.40808211
v -0.67417498 1.54366737 0.41299958
v -0.60450740 1.73653895 0.63829895
v -0.62140530 1.51362947 0.42211263
v -0.60100530 1.51150737 0.42275495
v -0.51503793 1.65705474 0.34957389
v -0.52726656 1.66975579 0.33914968
v -0.58505667 1.76174526 0.62374484
v -0.51517056 1.65726947 0.34939579
v -0.62133393 1.69327579 0.31984800
v -0.64073667 1.68842526 0.32383074
v -0.60450740 1.76872421 0.61971600
v -0.67435498 1.66975579 0.33914968
v -0.68645098 1.65726947 0.34939579
v -0.61656488 1.76174526 0.62374484
v -0.68658362 1.65705474 0.34957389
v -0.61831562 1.75890947 0.62538253
v -0.70269077 1.60988842 0.38107074
v -0.69540804 1.57532211 0.39954568
v -0.67379477 1.54325684 0.41312463
v -0.68615351 1.55960842 0.40794568
v -0.61831562 1.74635368 0.63263368
v -0.64104235 1.51992632 0.42020274
v -0.59711414 1.73653895 0.63829895
v -0.60061625 1.51150737 0.42275495
v -0.58021625 1.51362947 0.42211263
v -0.60081077 1.73622316 0.63848211
v -0.60081077 1.51148842 0.42276063
v -0.54280088 1.68046105 0.33036632
v -0.59028425 1.76627368 0.62113074
v -0.52763856 1.67007158 0.33889263
v -0.50387667 1.63509474 0.36759726
v -0.60081077 1.76904000 0.61953411
v -0.60059983 1.69492421 0.31849705
v -0.60081077 1.69493684 0.31848253
v -0.59711414 1.76872421 0.61971600
v -0.65882067 1.68046105 0.33036632
v -0.67398298 1.67007158 0.33889263
v -0.61133730 1.76627368 0.62113074
v -0.60102172 1.69492421 0.31849705
v -0.69516614 1.64305895 0.36105916
v -0.50066635 1.59200211 0.39063032
v -0.58222719 1.74942947 0.63085642
v -0.50621351 1.57532211 0.39954568
v -0.59355962 1.73747368 0.63776211
v -0.54279014 1.53003789 0.41713453
v -0.59028425 1.73898947 0.63688421
v -0.54300298 1.52991789 0.41717116
v -0.61420846 1.74102947 0.63570947
v -0.67400509 1.54344000 0.41306842
v -0.69531330 1.57503789 0.39969726
v -0.52743330 1.66993263 0.33900821
v -0.58741309 1.76423368 0.62230926
v -0.58028762 1.69327579 0.31984800
v -0.56088488 1.68842526 0.32383074
v -0.61420846 1.76423368 0.62230926
v -0.58741309 1.74102947 0.63570947
v -0.58505667 1.74351789 0.63426947
v -0.58330593 1.74635368 0.63263368
v -0.58186340 1.75263158 0.62900779
v -0.49892446 1.60927579 0.38139853
v -0.49889351 1.60957895 0.38123495
v -0.52782677 1.54325684 0.41312463
v -0.56078635 1.51985684 0.42022295
v -0.64083519 1.51985684 0.42022295
v -0.67418825 1.66993263 0.33900821
v -0.50630825 1.57503789 0.39969726
v -0.51625372 1.55866105 0.40845221
v -0.52744656 1.54366737 0.41299958
v -0.51562025 1.55934947 0.40808211
v -0.52761646 1.54344000 0.41306842
v -0.56057856 1.51992632 0.42020274
v -0.51546804 1.55960842 0.40794568
v -0.18518351 1.74942947 0.63085642
v -0.26851751 1.60957895 0.38123495
v -0.26848656 1.60927579 0.38139853
v -0.18554755 1.75263158 0.62900779
v -0.26674467 1.59200211 0.39063032
v -0.15607366 1.76627368 0.62113074
v -0.09322277 1.66993263 0.33900821
v -0.09342804 1.67007158 0.33889263
v -0.15320244 1.76423368 0.62230926
v -0.25237309 1.65705474 0.34957389
v -0.18235435 1.76174526 0.62374484
v -0.25224046 1.65726947 0.34939579
v -0.18410534 1.75890947 0.62538253
v -0.18410534 1.74635368 0.63263368
v -0.26110277 1.57503789 0.39969726
v -0.25194298 1.55960842 0.40794568
v -0.17712684 1.73898947 0.63688421
v -0.23958425 1.54325684 0.41312463
v -0.22462113 1.53003789 0.41713453
v -0.14909515 1.74635368 0.63263368
v -0.07200298 1.57532211 0.39954568
v -0.14801698 1.74942947 0.63085642
v -0.07209772 1.57503789 0.39969726
v -0.26353435 1.63509474 0.36759726
v -0.18518351 1.75583368 0.62715979
v -0.26104025 1.64280000 0.36127263
v -0.26637456 1.62709263 0.37187432
v -0.26119751 1.57532211 0.39954568
v -0.08204319 1.55866105 0.40845221
v -0.15084614 1.74351789 0.63426947
v -0.09323604 1.54366737 0.41299958
v -0.08140972 1.55934947 0.40808211
v -0.08082740 1.65705474 0.34957389
v -0.14909515 1.75890947 0.62538253
v -0.07224488 1.64305895 0.36105916
v -0.24014446 1.66975579 0.33914968
v -0.26848025 1.60988842 0.38107074
v -0.25115730 1.55866105 0.40845221
v -0.18235435 1.74351789 0.63426947
v -0.25179077 1.55934947 0.40808211
v -0.23996446 1.54366737 0.41299958
v -0.06468298 1.60957895 0.38123495
v -0.14765294 1.75263158 0.62900779
v -0.06471393 1.60927579 0.38139853
v -0.12657589 1.51985684 0.42022295
v -0.16290380 1.73653895 0.63829895
v -0.14600572 1.51362947 0.42211263
v -0.17385103 1.73747368 0.63776211
v -0.22440816 1.52991789 0.41717116
v -0.06472025 1.60988842 0.38107074
v -0.14801698 1.75583368 0.62715979
v -0.15084614 1.76174526 0.62374484
v -0.08096004 1.65726947 0.34939579
v -0.07216025 1.64280000 0.36127263
v -0.16681123 1.69492421 0.31849705
v -0.16660025 1.76904000 0.61953411
v -0.16660025 1.69493684 0.31848253
v -0.17029669 1.76872421 0.61971600
v -0.20674322 1.68836842 0.32387495
v -0.22439509 1.68055579 0.33028863
v -0.17385103 1.76778947 0.62025537
v -0.22461020 1.68046105 0.33036632
v -0.23977246 1.67007158 0.33889263
v -0.17712684 1.76627368 0.62113074
v -0.26095562 1.64305895 0.36105916
v -0.06645583 1.59200211 0.39063032
v -0.15320244 1.74102947 0.63570947
v -0.09340593 1.54344000 0.41306842
v -0.12636842 1.51992632 0.42020274
v -0.15934947 1.73747368 0.63776211
v -0.10879233 1.52991789 0.41717116
v -0.16640584 1.51150737 0.42275495
v -0.20683208 1.51992632 0.42020274
v -0.17029669 1.73653895 0.63829895
v -0.18719477 1.51362947 0.42211263
v -0.16679465 1.51150737 0.42275495
v -0.20662460 1.51985684 0.42022295
v -0.09305604 1.66975579 0.33914968
v -0.10859029 1.68046105 0.33036632
v -0.14607703 1.69327579 0.31984800
v -0.16290380 1.76872421 0.61971600
v -0.12667429 1.68842526 0.32383074
v -0.16638926 1.69492421 0.31849705
v -0.06682593 1.62709263 0.37187432
v -0.06966614 1.63509474 0.36759726
v -0.17999806 1.74102947 0.63570947
v -0.23979456 1.54344000 0.41306842
v -0.08125751 1.55960842 0.40794568
v -0.10857936 1.53003789 0.41713453
v -0.15607366 1.73898947 0.63688421
v -0.16660025 1.73622316 0.63848211
v -0.16660025 1.51148842 0.42276063
v -0.17999806 1.76423368 0.62230926
v -0.15934947 1.76778947 0.62025537
v -0.12645728 1.68836842 0.32387495
v -0.20652620 1.68842526 0.32383074
v -0.23997772 1.66993263 0.33900821
v -0.09361625 1.54325684 0.41312463
v -0.10880540 1.68055579 0.33028863
v -0.18712347 1.69327579 0.31984800
v 0.24902670 1.74942947 0.63085642
v 0.16569302 1.60957895 0.38123495
v 0.16572396 1.60927579 0.38139853
v 0.24866291 1.75263158 0.62900779
v 0.16746586 1.59200211 0.39063032
v 0.22746712 1.68836842 0.32387495
v 0.20981512 1.68055579 0.33028863
v 0.26035912 1.76778947 0.62025537
v 0.20958965 1.53003789 0.41713453
v 0.26035912 1.73747368 0.63776211
v 0.25708375 1.73898947 0.63688421
v 0.20980249 1.52991789 0.41717116
v 0.28511512 1.74635368 0.63263368
v 0.36220754 1.57532211 0.39954568
v 0.28619386 1.74942947 0.63085642
v 0.36211281 1.57503789 0.39969726
v 0.32562017 1.68046105 0.33036632
v 0.27813681 1.76627368 0.62113074
v 0.34078249 1.67007158 0.33889263
v 0.17067617 1.63509474 0.36759726
v 0.24902670 1.75583368 0.62715979
v 0.17317028 1.64280000 0.36127263
v 0.16783596 1.62709263 0.37187432
v 0.35216733 1.55866105 0.40845221
v 0.28336438 1.74351789 0.63426947
v 0.34097449 1.54366737 0.41299958
v 0.35280081 1.55934947 0.40808211
v 0.18305323 1.55866105 0.40845221
v 0.25185617 1.74351789 0.63426947
v 0.18241975 1.55934947 0.40808211
v 0.19424607 1.54366737 0.41299958
v 0.36454438 1.63509474 0.36759726
v 0.28619386 1.75583368 0.62715979
v 0.36738460 1.62709263 0.37187432
v 0.36205028 1.64280000 0.36127263
v 0.35338312 1.65705474 0.34957389
v 0.28511512 1.75890947 0.62538253
v 0.36196565 1.64305895 0.36105916
v 0.24708712 1.69327579 0.31984800
v 0.22768438 1.68842526 0.32383074
v 0.26391365 1.76872421 0.61971600
v 0.19406607 1.66975579 0.33914968
v 0.18197007 1.65726947 0.34939579
v 0.25185617 1.76174526 0.62374484
v 0.18183744 1.65705474 0.34957389
v 0.25010544 1.75890947 0.62538253
v 0.16573028 1.60988842 0.38107074
v 0.17301302 1.57532211 0.39954568
v 0.36952754 1.60957895 0.38123495
v 0.28655765 1.75263158 0.62900779
v 0.36949660 1.60927579 0.38139853
v 0.30763470 1.51985684 0.42022295
v 0.27130691 1.73653895 0.63829895
v 0.28820481 1.51362947 0.42211263
v 0.19462628 1.54325684 0.41312463
v 0.22737807 1.51992632 0.42020274
v 0.18226754 1.55960842 0.40794568
v 0.25010544 1.74635368 0.63263368
v 0.34115449 1.66975579 0.33914968
v 0.28336438 1.76174526 0.62374484
v 0.35325049 1.65726947 0.34939579
v 0.36949028 1.60988842 0.38107074
v 0.27486081 1.76778947 0.62025537
v 0.32540481 1.68055579 0.33028863
v 0.28813344 1.69327579 0.31984800
v 0.27130691 1.76872421 0.61971600
v 0.30753617 1.68842526 0.32383074
v 0.20960038 1.68046105 0.33036632
v 0.19443807 1.67007158 0.33889263
v 0.25708375 1.76627368 0.62113074
v 0.26739933 1.69492421 0.31849705
v 0.17325491 1.64305895 0.36105916
v 0.36775470 1.59200211 0.39063032
v 0.28100796 1.74102947 0.63570947
v 0.34080460 1.54344000 0.41306842
v 0.30784186 1.51992632 0.42020274
v 0.27486081 1.73747368 0.63776211
v 0.32541807 1.52991789 0.41717116
v 0.26780481 1.51150737 0.42275495
v 0.26391365 1.73653895 0.63829895
v 0.22758586 1.51985684 0.42022295
v 0.24701575 1.51362947 0.42211263
v 0.25421260 1.74102947 0.63570947
v 0.19441596 1.54344000 0.41306842
v 0.17310775 1.57503789 0.39969726
v 0.26782123 1.69492421 0.31849705
v 0.26761028 1.76904000 0.61953411
v 0.26761028 1.69493684 0.31848253
v 0.35295302 1.55960842 0.40794568
v 0.32563091 1.53003789 0.41713453
v 0.27813681 1.73898947 0.63688421
v 0.26741575 1.51150737 0.42275495
v 0.26761028 1.73622316 0.63848211
v 0.26761028 1.51148842 0.42276063
v 0.28100796 1.76423368 0.62230926
v 0.34098775 1.66993263 0.33900821
v 0.30775344 1.68836842 0.32387495
v 0.25421260 1.76423368 0.62230926
v 0.19423281 1.66993263 0.33900821
v 0.34059428 1.54325684 0.41312463
v 0.68323975 1.74942947 0.63085642
v 0.59990291 1.60957895 0.38123495
v 0.59993449 1.60927579 0.38139853
v 0.68287344 1.75263158 0.62900779
v 0.60167765 1.59200211 0.39063032
v 0.64379765 1.53003789 0.41713453
v 0.69457028 1.73747368 0.63776211
v 0.69129238 1.73898947 0.63688421
v 0.64401238 1.52991789 0.41717116
v 0.71757238 1.74351789 0.63426947
v 0.78716607 1.55960842 0.40794568
v 0.71932817 1.74635368 0.63263368
v 0.78701449 1.55934947 0.40808211
v 0.60488607 1.63509474 0.36759726
v 0.68323975 1.75583368 0.62715979
v 0.60738081 1.64280000 0.36127263
v 0.60204396 1.62709263 0.37187432
v 0.78637660 1.55866105 0.40845221
v 0.77518502 1.54366737 0.41299958
v 0.61726502 1.55866105 0.40845221
v 0.68606923 1.74351789 0.63426947
v 0.61662712 1.55934947 0.40808211
v 0.62845660 1.54366737 0.41299958
v 0.79875554 1.63509474 0.36759726
v 0.72040186 1.75583368 0.62715979
v 0.80159765 1.62709263 0.37187432
v 0.79626081 1.64280000 0.36127263
v 0.68129449 1.69327579 0.31984800
v 0.66189238 1.68842526 0.32383074
v 0.69812607 1.76872421 0.61971600
v 0.62827344 1.66975579 0.33914968
v 0.61617870 1.65726947 0.34939579
v 0.68606923 1.76174526 0.62374484
v 0.61604607 1.65705474 0.34957389
v 0.68431344 1.75890947 0.62538253
v 0.59994081 1.60988842 0.38107074
v 0.60722291 1.57532211 0.39954568
v 0.72040186 1.74942947 0.63085642
v 0.80373870 1.60957895 0.38123495
v 0.72076817 1.75263158 0.62900779
v 0.80370712 1.60927579 0.38139853
v 0.74184396 1.51985684 0.42022295
v 0.70551554 1.73653895 0.63829895
v 0.72241660 1.51362947 0.42211263
v 0.62883554 1.54325684 0.41312463
v 0.66158923 1.51992632 0.42020274
v 0.61647554 1.55960842 0.40794568
v 0.68431344 1.74635368 0.63263368
v 0.77536817 1.66975579 0.33914968
v 0.71757238 1.76174526 0.62374484
v 0.78746291 1.65726947 0.34939579
v 0.71521660 1.76423368 0.62230926
v 0.77519765 1.66993263 0.33900821
v 0.80370081 1.60988842 0.38107074
v 0.72234712 1.69327579 0.31984800
v 0.70551554 1.76872421 0.61971600
v 0.74174923 1.68842526 0.32383074
v 0.70202923 1.69492421 0.31849705
v 0.64381028 1.68046105 0.33036632
v 0.62864607 1.67007158 0.33889263
v 0.69129238 1.76627368 0.62113074
v 0.62844396 1.66993263 0.33900821
v 0.68842502 1.76423368 0.62230926
v 0.70161238 1.69492421 0.31849705
v 0.60746291 1.64305895 0.36105916
v 0.80196396 1.59200211 0.39063032
v 0.79641870 1.57532211 0.39954568
v 0.71521660 1.74102947 0.63570947
v 0.77501449 1.54344000 0.41306842
v 0.77480607 1.54325684 0.41312463
v 0.71234923 1.73898947 0.63688421
v 0.75984396 1.53003789 0.41713453
v 0.74205238 1.51992632 0.42020274
v 0.70907133 1.73747368 0.63776211
v 0.75962923 1.52991789 0.41717116
v 0.70201660 1.51150737 0.42275495
v 0.69812607 1.73653895 0.63829895
v 0.68122502 1.51362947 0.42211263
v 0.70162502 1.51150737 0.42275495
v 0.68842502 1.74102947 0.63570947
v 0.62862712 1.54344000 0.41306842
v 0.60731765 1.57503789 0.39969726
v 0.71932817 1.75890947 0.62538253
v 0.79617870 1.64305895 0.36105916
v 0.70182081 1.76904000 0.61953411
v 0.70182081 1.69493684 0.31848253
v 0.74196396 1.68836842 0.32387495
v 0.70907133 1.76778947 0.62025537
v 0.66167765 1.68836842 0.32387495
v 0.69457028 1.76778947 0.62025537
v 0.70182081 1.73622316 0.63848211
v 0.70182081 1.51148842 0.42276063
v 0.78759554 1.65705474 0.34957389
v 0.71234923 1.76627368 0.62113074
v 0.77499554 1.67007158 0.33889263
v 0.75983133 1.68046105 0.33036632
v 0.75961660 1.68055579 0.33028863
v 0.64402502 1.68055579 0.33028863
v 0.79632396 1.57503789 0.39969726
v 0.66179765 1.51985684 0.42022295
v 1.11745028 1.74942947 0.63085642
v 1.03411344 1.60957895 0.38123495
v 1.03414502 1.60927579 0.38139853
v 1.11708396 1.75263158 0.62900779
v 1.03588817 1.59200211 0.39063032
v 1.09588817 1.68836842 0.32387495
v 1.07823554 1.68055579 0.33028863
v 1.12878081 1.76778947 0.62025537
v 1.07800817 1.53003789 0.41713453
v 1.12878081 1.73747368 0.63776211
v 1.12550291 1.73898947 0.63688421
v 1.07822291 1.52991789 0.41717116
v 1.15353870 1.74635368 0.63263368
v 1.23062923 1.57532211 0.39954568
v 1.15461238 1.74942947 0.63085642
v 1.23053449 1.57503789 0.39969726
v 1.19404186 1.68046105 0.33036632
v 1.14655975 1.76627368 0.62113074
v 1.20920607 1.67007158 0.33889263
v 1.03909660 1.63509474 0.36759726
v 1.11745028 1.75583368 0.62715979
v 1.04159133 1.64280000 0.36127263
v 1.03625449 1.62709263 0.37187432
v 1.22058712 1.55866105 0.40845221
v 1.15178291 1.74351789 0.63426947
v 1.20939554 1.54366737 0.41299958
v 1.22122502 1.55934947 0.40808211
v 1.05147554 1.55866105 0.40845221
v 1.12027975 1.74351789 0.63426947
v 1.05083765 1.55934947 0.40808211
v 1.06266712 1.54366737 0.41299958
v 1.23296607 1.63509474 0.36759726
v 1.15461238 1.75583368 0.62715979
v 1.23580817 1.62709263 0.37187432
v 1.23047133 1.64280000 0.36127263
v 1.22180607 1.65705474 0.34957389
v 1.15353870 1.75890947 0.62538253
v 1.23038923 1.64305895 0.36105916
v 1.11550502 1.69327579 0.31984800
v 1.09610291 1.68842526 0.32383074
v 1.13233660 1.76872421 0.61971600
v 1.06248396 1.66975579 0.33914968
v 1.05038923 1.65726947 0.34939579
v 1.12027975 1.76174526 0.62374484
v 1.05025660 1.65705474 0.34957389
v 1.11852396 1.75890947 0.62538253
v 1.03415133 1.60988842 0.38107074
v 1.04143344 1.57532211 0.39954568
v 1.23794923 1.60957895 0.38123495
v 1.15497870 1.75263158 0.62900779
v 1.23791765 1.60927579 0.38139853
v 1.17605449 1.51985684 0.42022295
v 1.13972607 1.73653895 0.63829895
v 1.15662712 1.51362947 0.42211263
v 1.06304607 1.54325684 0.41312463
v 1.09579975 1.51992632 0.42020274
v 1.05068607 1.55960842 0.40794568
v 1.11852396 1.74635368 0.63263368
v 1.20957870 1.66975579 0.33914968
v 1.15178291 1.76174526 0.62374484
v 1.22167344 1.65726947 0.34939579
v 1.23791133 1.60988842 0.38107074
v 1.14328186 1.76778947 0.62025537
v 1.19382712 1.68055579 0.33028863
v 1.15655765 1.69327579 0.31984800
v 1.13972607 1.76872421 0.61971600
v 1.17595975 1.68842526 0.32383074
v 1.07802081 1.68046105 0.33036632
v 1.06285660 1.67007158 0.33889263
v 1.12550291 1.76627368 0.62113074
v 1.13582291 1.69492421 0.31849705
v 1.04167344 1.64305895 0.36105916
v 1.23617449 1.59200211 0.39063032
v 1.14942712 1.74102947 0.63570947
v 1.20922502 1.54344000 0.41306842
v 1.17626291 1.51992632 0.42020274
v 1.14328186 1.73747368 0.63776211
v 1.19383975 1.52991789 0.41717116
v 1.13622712 1.51150737 0.42275495
v 1.13233660 1.73653895 0.63829895
v 1.09600817 1.51985684 0.42022295
v 1.11543554 1.51362947 0.42211263
v 1.12263554 1.74102947 0.63570947
v 1.06283765 1.54344000 0.41306842
v 1.04152817 1.57503789 0.39969726
v 1.13623975 1.69492421 0.31849705
v 1.13603133 1.76904000 0.61953411
v 1.13603133 1.69493684 0.31848253
v 1.22137660 1.55960842 0.40794568
v 1.19405449 1.53003789 0.41713453
v 1.14655975 1.73898947 0.63688421
v 1.13583554 1.51150737 0.42275495
v 1.13603133 1.73622316 0.63848211
v 1.13603133 1.51148842 0.42276063
v 1.14942712 1.76423368 0.62230926
v 1.20940817 1.66993263 0.33900821
v 1.17617449 1.68836842 0.32387495
v 1.12263554 1.76423368 0.62230926
v 1.06265449 1.66993263 0.33900821
v 1.20901660 1.54325684 0.41312463
v -1.27107393 1.02631579 0.62900779
v -1.35400656 1.16905895 0.38107074
v -1.27070762 1.02311368 0.62715979
v -1.35404446 1.16936842 0.38123495
v -1.35190340 1.15185474 0.37187432
v -1.29235814 1.25902105 0.42020274
v -1.30993498 1.24902947 0.41717116
v -1.25937709 1.04147368 0.63776211
v -1.31013709 1.09848632 0.33036632
v -1.25937709 1.01115789 0.62025537
v -1.26265498 1.01267368 0.62113074
v -1.30992235 1.09839158 0.33028863
v -1.23461919 1.03259368 0.63263368
v -1.15752867 1.20362526 0.39954568
v -1.15762340 1.20390947 0.39969726
v -1.23354551 1.02951789 0.63085642
v -1.21189498 1.25902105 0.42020274
v -1.24487604 1.04147368 0.63776211
v -1.19431814 1.24902947 0.41717116
v -1.34672446 1.20362526 0.39954568
v -1.35226972 1.18694526 0.39063032
v -1.27070762 1.02951789 0.63085642
v -1.15198340 1.18694526 0.39063032
v -1.15024025 1.16967158 0.38139853
v -1.26787814 1.01720211 0.62374484
v -1.33776867 1.12167789 0.34939579
v -1.32567393 1.10919158 0.33914968
v -1.25582130 1.01022316 0.61971600
v -1.27265288 1.08567158 0.31984800
v -1.25233498 1.08402316 0.31849705
v -1.16678130 1.21933895 0.40794568
v -1.16757077 1.22028632 0.40845221
v -1.23637498 1.03542947 0.63426947
v -1.16693288 1.21959789 0.40808211
v -1.17876235 1.23528000 0.41299958
v -1.27272235 1.26531789 0.42211263
v -1.29214972 1.25909053 0.42022295
v -1.25582130 1.04240842 0.63829895
v -1.33668235 1.22028632 0.40845221
v -1.26787814 1.03542947 0.63426947
v -1.32549077 1.23528000 0.41299958
v -1.33732025 1.21959789 0.40808211
v -1.33747183 1.21933895 0.40794568
v -1.26963393 1.03259368 0.63263368
v -1.35401288 1.16967158 0.38139853
v -1.34906130 1.14385263 0.36759726
v -1.34656656 1.13614737 0.36127263
v -1.32530130 1.10887579 0.33889263
v -1.33790130 1.12189263 0.34957389
v -1.26963393 1.02003789 0.62538253
v -1.29226972 1.09057895 0.32387495
v -1.24843183 1.01022316 0.61971600
v -1.25191814 1.08402316 0.31849705
v -1.23160025 1.08567158 0.31984800
v -1.25212656 1.00990737 0.61953411
v -1.25212656 1.08401053 0.31848253
v -1.19410340 1.24890947 0.41713453
v -1.24159814 1.03995789 0.63688421
v -1.17914130 1.23569053 0.41312463
v -1.25212656 1.04272421 0.63848211
v -1.25193077 1.26744000 0.42275495
v -1.25212656 1.26745895 0.42276063
v -1.24843183 1.04240842 0.63829895
v -1.31014972 1.24890947 0.41713453
v -1.32511183 1.23569053 0.41312463
v -1.26265498 1.03995789 0.63688421
v -1.25232235 1.26744000 0.42275495
v -1.34662972 1.20390947 0.39969726
v -1.15519183 1.14385263 0.36759726
v -1.23354551 1.02311368 0.62715979
v -1.15768656 1.13614737 0.36127263
v -1.15234972 1.15185474 0.37187432
v -1.24487604 1.01115789 0.62025537
v -1.19411604 1.09848632 0.33036632
v -1.24159814 1.01267368 0.62113074
v -1.19433077 1.09839158 0.33028863
v -1.26552235 1.01471368 0.62230926
v -1.32550340 1.10901474 0.33900821
v -1.34648446 1.13588842 0.36105916
v -1.17893288 1.23550737 0.41306842
v -1.23873077 1.03791789 0.63570947
v -1.23153077 1.26531789 0.42211263
v -1.21210340 1.25909053 0.42022295
v -1.26552235 1.03791789 0.63570947
v -1.23873077 1.01471368 0.62230926
v -1.23637498 1.01720211 0.62374484
v -1.23317919 1.02631579 0.62900779
v -1.23461919 1.02003789 0.62538253
v -1.15024656 1.16905895 0.38107074
v -1.15020867 1.16936842 0.38123495
v -1.17895183 1.10887579 0.33889263
v -1.21219814 1.09052211 0.32383074
v -1.29205498 1.09052211 0.32383074
v -1.32532025 1.23550737 0.41306842
v -1.15776867 1.13588842 0.36105916
v -1.16648446 1.12167789 0.34939579
v -1.17857919 1.10919158 0.33914968
v -1.17874972 1.10901474 0.33900821
v -1.21198340 1.09057895 0.32387495
v -1.16635183 1.12189263 0.34957389
v -0.83686340 1.02631579 0.62900779
v -0.91979604 1.16905895 0.38107074
v -0.83649709 1.02311368 0.62715979
v -0.91983393 1.16936842 0.38123495
v -0.91769288 1.15185474 0.37187432
v -0.85814762 1.25902105 0.42020274
v -0.87572446 1.24902947 0.41717116
v -0.82516656 1.04147368 0.63776211
v -0.87592656 1.09848632 0.33036632
v -0.82516656 1.01115789 0.62025537
v -0.82844446 1.01267368 0.62113074
v -0.87571183 1.09839158 0.33028863
v -0.80040867 1.03259368 0.63263368
v -0.72331877 1.20362526 0.39954568
v -0.72341351 1.20390947 0.39969726
v -0.79933498 1.02951789 0.63085642
v -0.77768383 1.25902105 0.42020274
v -0.81066551 1.04147368 0.63776211
v -0.76010825 1.24902947 0.41717116
v -0.91251393 1.20362526 0.39954568
v -0.91805919 1.18694526 0.39063032
v -0.83649709 1.02951789 0.63085642
v -0.71777162 1.18694526 0.39063032
v -0.71602972 1.16967158 0.38139853
v -0.83366762 1.01720211 0.62374484
v -0.90355814 1.12167789 0.34939579
v -0.89146340 1.10919158 0.33914968
v -0.82161077 1.01022316 0.61971600
v -0.83844235 1.08567158 0.31984800
v -0.81812446 1.08402316 0.31849705
v -0.73257330 1.21933895 0.40794568
v -0.73335898 1.22028632 0.40845221
v -0.80216446 1.03542947 0.63426947
v -0.73272551 1.21959789 0.40808211
v -0.74455183 1.23528000 0.41299958
v -0.83851183 1.26531789 0.42211263
v -0.85793919 1.25909053 0.42022295
v -0.82161077 1.04240842 0.63829895
v -0.90247183 1.22028632 0.40845221
v -0.83366762 1.03542947 0.63426947
v -0.89128025 1.23528000 0.41299958
v -0.90310972 1.21959789 0.40808211
v -0.90326130 1.21933895 0.40794568
v -0.83542340 1.03259368 0.63263368
v -0.91980235 1.16967158 0.38139853
v -0.91485077 1.14385263 0.36759726
v -0.91235604 1.13614737 0.36127263
v -0.89109077 1.10887579 0.33889263
v -0.90369077 1.12189263 0.34957389
v -0.83542340 1.02003789 0.62538253
v -0.85805919 1.09057895 0.32387495
v -0.81422130 1.01022316 0.61971600
v -0.81770762 1.08402316 0.31849705
v -0.79739288 1.08567158 0.31984800
v -0.81791604 1.00990737 0.61953411
v -0.81791604 1.08401053 0.31848253
v -0.75989540 1.24890947 0.41713453
v -0.80738762 1.03995789 0.63688421
v -0.74493204 1.23569053 0.41312463
v -0.81791604 1.04272421 0.63848211
v -0.81772025 1.26744000 0.42275495
v -0.81791604 1.26745895 0.42276063
v -0.81422130 1.04240842 0.63829895
v -0.87593919 1.24890947 0.41713453
v -0.89090130 1.23569053 0.41312463
v -0.82844446 1.03995789 0.63688421
v -0.81811183 1.26744000 0.42275495
v -0.91241919 1.20390947 0.39969726
v -0.72098193 1.14385263 0.36759726
v -0.79933498 1.02311368 0.62715979
v -0.72347604 1.13614737 0.36127263
v -0.71814172 1.15185474 0.37187432
v -0.81066551 1.01115789 0.62025537
v -0.75990614 1.09848632 0.33036632
v -0.80738762 1.01267368 0.62113074
v -0.76012088 1.09839158 0.33028863
v -0.83131183 1.01471368 0.62230926
v -0.89129288 1.10901474 0.33900821
v -0.91227393 1.13588842 0.36105916
v -0.74472172 1.23550737 0.41306842
v -0.80452025 1.03791789 0.63570947
v -0.79732151 1.26531789 0.42211263
v -0.77789162 1.25909053 0.42022295
v -0.83131183 1.03791789 0.63570947
v -0.80452025 1.01471368 0.62230926
v -0.80216446 1.01720211 0.62374484
v -0.80040867 1.02003789 0.62538253
v -0.79896867 1.02631579 0.62900779
v -0.71603604 1.16905895 0.38107074
v -0.71599877 1.16936842 0.38123495
v -0.74474383 1.10887579 0.33889263
v -0.77799014 1.09052211 0.32383074
v -0.85784446 1.09052211 0.32383074
v -0.89110972 1.23550737 0.41306842
v -0.72356067 1.13588842 0.36105916
v -0.73227583 1.12167789 0.34939579
v -0.74437183 1.10919158 0.33914968
v -0.74453856 1.10901474 0.33900821
v -0.77777288 1.09057895 0.32387495
v -0.73214319 1.12189263 0.34957389
v -0.40265288 1.02631579 0.62900779
v -0.48558551 1.16905895 0.38107074
v -0.40228909 1.02311368 0.62715979
v -0.48562277 1.16936842 0.38123495
v -0.48347983 1.15185474 0.37187432
v -0.28910825 1.20362526 0.39954568
v -0.36512193 1.02951789 0.63085642
v -0.28356109 1.18694526 0.39063032
v -0.40121035 1.02003789 0.62538253
v -0.47814551 1.13614737 0.36127263
v -0.47806088 1.13588842 0.36105916
v -0.38000888 1.01022316 0.61971600
v -0.38349456 1.08402316 0.31849705
v -0.36318235 1.08567158 0.31984800
v -0.38390004 1.26744000 0.42275495
v -0.38370551 1.04272421 0.63848211
v -0.38370551 1.26745895 0.42276063
v -0.38740214 1.04240842 0.63829895
v -0.40121035 1.03259368 0.63263368
v -0.47830277 1.20362526 0.39954568
v -0.40228909 1.02951789 0.63085642
v -0.47820804 1.20390947 0.39969726
v -0.39423204 1.01267368 0.62113074
v -0.45687772 1.10887579 0.33889263
v -0.44171540 1.09848632 0.33036632
v -0.38740214 1.01022316 0.61971600
v -0.40422867 1.08567158 0.31984800
v -0.38391646 1.08402316 0.31849705
v -0.36795140 1.03542947 0.63426947
v -0.29836277 1.21933895 0.40794568
v -0.29851498 1.21959789 0.40808211
v -0.36620067 1.03259368 0.63263368
v -0.39710319 1.03791789 0.63570947
v -0.45706972 1.23528000 0.41299958
v -0.39945962 1.03542947 0.63426947
v -0.45689983 1.23550737 0.41306842
v -0.48384993 1.18694526 0.39063032
v -0.46947835 1.12189263 0.34957389
v -0.48063962 1.14385263 0.36759726
v -0.28920298 1.20390947 0.39969726
v -0.39945962 1.01720211 0.62374484
v -0.46934572 1.12167789 0.34939579
v -0.45724972 1.10919158 0.33914968
v -0.42363140 1.09052211 0.32383074
v -0.37645435 1.04147368 0.63776211
v -0.32568488 1.24890947 0.41713453
v -0.32589772 1.24902947 0.41717116
v -0.37317898 1.03995789 0.63688421
v -0.29914846 1.22028632 0.40845221
v -0.31034130 1.23528000 0.41299958
v -0.36311098 1.26531789 0.42211263
v -0.38351098 1.26744000 0.42275495
v -0.38000888 1.04240842 0.63829895
v -0.34347330 1.25902105 0.42020274
v -0.34368109 1.25909053 0.42022295
v -0.42393709 1.25902105 0.42020274
v -0.42372993 1.25909053 0.42022295
v -0.39095604 1.04147368 0.63776211
v -0.40430004 1.26531789 0.42211263
v -0.46826256 1.22028632 0.40845221
v -0.46889604 1.21959789 0.40808211
v -0.48559183 1.16967158 0.38139853
v -0.28677140 1.14385263 0.36759726
v -0.36512193 1.02311368 0.62715979
v -0.28926551 1.13614737 0.36127263
v -0.28393119 1.15185474 0.37187432
v -0.28181919 1.16967158 0.38139853
v -0.34356235 1.09057895 0.32387495
v -0.37645435 1.01115789 0.62025537
v -0.34377962 1.09052211 0.32383074
v -0.39710319 1.01471368 0.62230926
v -0.45708298 1.10901474 0.33900821
v -0.39095604 1.01115789 0.62025537
v -0.44150004 1.09839158 0.33028863
v -0.42384867 1.09057895 0.32387495
v -0.38370551 1.00990737 0.61953411
v -0.38370551 1.08401053 0.31848253
v -0.39423204 1.03995789 0.63688421
v -0.37317898 1.01267368 0.62113074
v -0.37030783 1.03791789 0.63570947
v -0.37030783 1.01471368 0.62230926
v -0.36795140 1.01720211 0.62374484
v -0.36620067 1.02003789 0.62538253
v -0.36475814 1.02631579 0.62900779
v -0.44151330 1.24902947 0.41717116
v -0.44172614 1.24890947 0.41713453
v -0.45668951 1.23569053 0.41312463
v -0.46904825 1.21933895 0.40794568
v -0.28182551 1.16905895 0.38107074
v -0.28178825 1.16936842 0.38123495
v -0.31053330 1.10887579 0.33889263
v -0.32569562 1.09848632 0.33036632
v -0.32591035 1.09839158 0.33028863
v -0.31051119 1.23550737 0.41306842
v -0.31072151 1.23569053 0.41312463
v -0.28935014 1.13588842 0.36105916
v -0.29806530 1.12167789 0.34939579
v -0.31016130 1.10919158 0.33914968
v -0.31032804 1.10901474 0.33900821
v -0.29793267 1.12189263 0.34957389
v 0.03155765 1.02631579 0.62900779
v -0.05137498 1.16905895 0.38107074
v 0.03192144 1.02311368 0.62715979
v -0.05141225 1.16936842 0.38123495
v -0.04926930 1.15185474 0.37187432
v 0.06908860 1.02951789 0.63085642
v 0.15242228 1.16936842 0.38123495
v 0.15239133 1.16967158 0.38139853
v 0.06945238 1.02631579 0.62900779
v 0.03300017 1.02003789 0.62538253
v -0.04393498 1.13614737 0.36127263
v -0.04385035 1.13588842 0.36105916
v 0.03997849 1.01267368 0.62113074
v -0.02266719 1.10887579 0.33889263
v -0.00750488 1.09848632 0.33036632
v 0.05031049 1.26744000 0.42275495
v 0.05050502 1.04272421 0.63848211
v 0.05050502 1.26745895 0.42276063
v 0.04680838 1.04240842 0.63829895
v 0.03300017 1.03259368 0.63263368
v -0.04409225 1.20362526 0.39954568
v 0.03192144 1.02951789 0.63085642
v -0.04399751 1.20390947 0.39969726
v 0.05050502 1.00990737 0.61953411
v 0.05071596 1.08402316 0.31849705
v 0.05420165 1.01022316 0.61971600
v 0.05050502 1.08401053 0.31848253
v 0.06800986 1.03259368 0.63263368
v 0.14510228 1.20362526 0.39954568
v 0.14500754 1.20390947 0.39969726
v 0.03710733 1.03791789 0.63570947
v -0.02285919 1.23528000 0.41299958
v 0.03475091 1.03542947 0.63426947
v -0.02268930 1.23550737 0.41306842
v -0.04963940 1.18694526 0.39063032
v -0.03526783 1.12189263 0.34957389
v -0.04642909 1.14385263 0.36759726
v 0.13614523 1.12167789 0.34939579
v 0.06625912 1.01720211 0.62374484
v 0.12404923 1.10919158 0.33914968
v 0.06390270 1.01471368 0.62230926
v 0.12388249 1.10901474 0.33900821
v 0.09064817 1.09057895 0.32387495
v 0.05775554 1.01115789 0.62025537
v 0.09043091 1.09052211 0.32383074
v 0.03475091 1.01720211 0.62374484
v -0.03513519 1.12167789 0.34939579
v -0.02303919 1.10919158 0.33914968
v 0.01036186 1.09057895 0.32387495
v 0.04680838 1.01022316 0.61971600
v 0.04325386 1.01115789 0.62025537
v 0.01057912 1.09052211 0.32383074
v 0.06103154 1.03995789 0.63688421
v 0.12369933 1.23550737 0.41306842
v 0.12348902 1.23569053 0.41312463
v 0.06390270 1.03791789 0.63570947
v 0.13584775 1.21933895 0.40794568
v 0.15064944 1.18694526 0.39063032
v 0.01027281 1.25902105 0.42020274
v 0.01048060 1.25909053 0.42022295
v 0.04325386 1.04147368 0.63776211
v 0.02991049 1.26531789 0.42211263
v -0.03405204 1.22028632 0.40845221
v -0.03468551 1.21959789 0.40808211
v -0.05138130 1.16967158 0.38139853
v 0.13627786 1.12189263 0.34957389
v 0.06800986 1.02003789 0.62538253
v 0.12367723 1.10887579 0.33889263
v 0.06103154 1.01267368 0.62113074
v 0.10851491 1.09848632 0.33036632
v 0.10829954 1.09839158 0.33028863
v 0.07102817 1.08567158 0.31984800
v 0.03710733 1.01471368 0.62230926
v -0.02287246 1.10901474 0.33900821
v -0.00729014 1.09839158 0.33028863
v 0.12386923 1.23528000 0.41299958
v 0.06625912 1.03542947 0.63426947
v 0.07109954 1.26531789 0.42211263
v 0.05420165 1.04240842 0.63829895
v 0.09052944 1.25909053 0.42022295
v 0.05069954 1.26744000 0.42275495
v -0.00730277 1.24902947 0.41717116
v -0.00751562 1.24890947 0.41713453
v -0.02247898 1.23569053 0.41312463
v 0.03997849 1.03995789 0.63688421
v -0.03483772 1.21933895 0.40794568
v 0.14743912 1.14385263 0.36759726
v 0.06908860 1.02311368 0.62715979
v 0.14494502 1.13614737 0.36127263
v 0.15027933 1.15185474 0.37187432
v 0.15238502 1.16905895 0.38107074
v 0.02998186 1.08567158 0.31984800
v 0.05029407 1.08402316 0.31849705
v 0.13569554 1.21959789 0.40808211
v 0.13506207 1.22028632 0.40845221
v 0.05775554 1.04147368 0.63776211
v 0.09073660 1.25902105 0.42020274
v 0.10831281 1.24902947 0.41717116
v 0.10852565 1.24890947 0.41713453
v 0.14486038 1.13588842 0.36105916
v 0.46576817 1.02631579 0.62900779
v 0.38283554 1.16905895 0.38107074
v 0.46613449 1.02311368 0.62715979
v 0.38279828 1.16936842 0.38123495
v 0.38494123 1.15185474 0.37187432
v 0.44448333 1.25902105 0.42020274
v 0.42690775 1.24902947 0.41717116
v 0.47746502 1.04147368 0.63776211
v 0.42670565 1.09848632 0.33036632
v 0.47746502 1.01115789 0.62025537
v 0.47418712 1.01267368 0.62113074
v 0.42692038 1.09839158 0.33028863
v 0.57915554 1.13614737 0.36127263
v 0.50222291 1.02003789 0.62538253
v 0.57907344 1.13588842 0.36105916
v 0.50329660 1.02311368 0.62715979
v 0.54273870 1.24890947 0.41713453
v 0.49524396 1.03995789 0.63688421
v 0.55770081 1.23569053 0.41312463
v 0.39011828 1.20362526 0.39954568
v 0.38457112 1.18694526 0.39063032
v 0.46613449 1.02951789 0.63085642
v 0.57035765 1.12167789 0.34939579
v 0.50046712 1.01720211 0.62374484
v 0.55826291 1.10919158 0.33914968
v 0.46896396 1.01720211 0.62374484
v 0.39907533 1.12167789 0.34939579
v 0.41117133 1.10919158 0.33914968
v 0.57931344 1.20362526 0.39954568
v 0.50329660 1.02951789 0.63085642
v 0.58485870 1.18694526 0.39063032
v 0.57006081 1.21933895 0.40794568
v 0.50222291 1.03259368 0.63263368
v 0.57921870 1.20390947 0.39969726
v 0.46412102 1.26531789 0.42211263
v 0.44469112 1.25909053 0.42022295
v 0.48102081 1.04240842 0.63829895
v 0.40015849 1.22028632 0.40845221
v 0.46896396 1.03542947 0.63426947
v 0.41135133 1.23528000 0.41299958
v 0.39952502 1.21959789 0.40808211
v 0.39937281 1.21933895 0.40794568
v 0.46720817 1.03259368 0.63263368
v 0.38282923 1.16967158 0.38139853
v 0.38778144 1.14385263 0.36759726
v 0.39027554 1.13614737 0.36127263
v 0.58663344 1.16936842 0.38123495
v 0.58660186 1.16967158 0.38139853
v 0.50366291 1.02631579 0.62900779
v 0.52464396 1.09052211 0.32383074
v 0.48841028 1.01022316 0.61971600
v 0.50524186 1.08567158 0.31984800
v 0.41154333 1.10887579 0.33889263
v 0.44457238 1.09057895 0.32387495
v 0.39894270 1.12189263 0.34957389
v 0.46720817 1.02003789 0.62538253
v 0.56927133 1.22028632 0.40845221
v 0.50046712 1.03542947 0.63426947
v 0.56990923 1.21959789 0.40808211
v 0.55807975 1.23528000 0.41299958
v 0.49196607 1.04147368 0.63776211
v 0.54252396 1.24902947 0.41717116
v 0.50531133 1.26531789 0.42211263
v 0.48841028 1.04240842 0.63829895
v 0.52473870 1.25909053 0.42022295
v 0.42669491 1.24890947 0.41713453
v 0.41173154 1.23569053 0.41312463
v 0.47418712 1.03995789 0.63688421
v 0.48451975 1.26744000 0.42275495
v 0.39021302 1.20390947 0.39969726
v 0.58165028 1.14385263 0.36759726
v 0.58449238 1.15185474 0.37187432
v 0.58659554 1.16905895 0.38107074
v 0.49811133 1.01471368 0.62230926
v 0.55809238 1.10901474 0.33900821
v 0.52485870 1.09057895 0.32387495
v 0.49196607 1.01115789 0.62025537
v 0.54251133 1.09839158 0.33028863
v 0.48492396 1.08402316 0.31849705
v 0.48102081 1.01022316 0.61971600
v 0.44478965 1.09052211 0.32383074
v 0.46419238 1.08567158 0.31984800
v 0.47131975 1.01471368 0.62230926
v 0.41133807 1.10901474 0.33900821
v 0.39036017 1.13588842 0.36105916
v 0.48491133 1.26744000 0.42275495
v 0.48471554 1.04272421 0.63848211
v 0.48471554 1.26745895 0.42276063
v 0.57049028 1.12189263 0.34957389
v 0.54272607 1.09848632 0.33036632
v 0.49524396 1.01267368 0.62113074
v 0.48450712 1.08402316 0.31849705
v 0.48471554 1.00990737 0.61953411
v 0.48471554 1.08401053 0.31848253
v 0.49811133 1.03791789 0.63570947
v 0.55790923 1.23550737 0.41306842
v 0.52494712 1.25902105 0.42020274
v 0.47131975 1.03791789 0.63570947
v 0.41152123 1.23550737 0.41306842
v 0.55789028 1.10887579 0.33889263
v 0.89997870 1.02631579 0.62900779
v 0.81704607 1.16905895 0.38107074
v 0.90034502 1.02311368 0.62715979
v 0.81700817 1.16936842 0.38123495
v 0.81914923 1.15185474 0.37187432
v 0.93750712 1.02951789 0.63085642
v 1.02084396 1.16936842 0.38123495
v 1.02081238 1.16967158 0.38139853
v 0.93787344 1.02631579 0.62900779
v 0.90141870 1.02003789 0.62538253
v 0.82448607 1.13614737 0.36127263
v 0.82456817 1.13588842 0.36105916
v 0.90839765 1.01267368 0.62113074
v 0.84575133 1.10887579 0.33889263
v 0.86091554 1.09848632 0.33036632
v 0.91873028 1.26744000 0.42275495
v 0.91892607 1.04272421 0.63848211
v 0.91892607 1.26745895 0.42276063
v 0.91523133 1.04240842 0.63829895
v 0.90141870 1.03259368 0.63263368
v 0.82432817 1.20362526 0.39954568
v 0.90034502 1.02951789 0.63085642
v 0.82442291 1.20390947 0.39969726
v 0.91892607 1.00990737 0.61953411
v 0.91913449 1.08402316 0.31849705
v 0.92262081 1.01022316 0.61971600
v 0.91892607 1.08401053 0.31848253
v 0.93643344 1.03259368 0.63263368
v 1.01352396 1.20362526 0.39954568
v 1.01342923 1.20390947 0.39969726
v 0.90553028 1.03791789 0.63570947
v 0.84556186 1.23528000 0.41299958
v 0.90317449 1.03542947 0.63426947
v 0.84573238 1.23550737 0.41306842
v 0.81878291 1.18694526 0.39063032
v 0.83315133 1.12189263 0.34957389
v 0.82199133 1.14385263 0.36759726
v 1.00456817 1.12167789 0.34939579
v 0.93467765 1.01720211 0.62374484
v 0.99247344 1.10919158 0.33914968
v 0.93232186 1.01471368 0.62230926
v 0.99230291 1.10901474 0.33900821
v 0.95906923 1.09057895 0.32387495
v 0.92617660 1.01115789 0.62025537
v 0.95885449 1.09052211 0.32383074
v 0.90317449 1.01720211 0.62374484
v 0.83328396 1.12167789 0.34939579
v 0.84537870 1.10919158 0.33914968
v 0.87878291 1.09057895 0.32387495
v 0.91523133 1.01022316 0.61971600
v 0.91167554 1.01115789 0.62025537
v 0.87899765 1.09052211 0.32383074
v 0.92945449 1.03995789 0.63688421
v 0.99211975 1.23550737 0.41306842
v 0.99191133 1.23569053 0.41312463
v 0.93232186 1.03791789 0.63570947
v 1.00427133 1.21933895 0.40794568
v 1.01906923 1.18694526 0.39063032
v 0.87869449 1.25902105 0.42020274
v 0.87890291 1.25909053 0.42022295
v 0.91167554 1.04147368 0.63776211
v 0.89833028 1.26531789 0.42211263
v 0.83437028 1.22028632 0.40845221
v 0.83373238 1.21959789 0.40808211
v 0.81703975 1.16967158 0.38139853
v 1.01336607 1.13614737 0.36127263
v 0.93643344 1.02003789 0.62538253
v 1.01328396 1.13588842 0.36105916
v 0.93750712 1.02311368 0.62715979
v 1.00470081 1.12189263 0.34957389
v 0.97672186 1.09839158 0.33028863
v 0.93945238 1.08567158 0.31984800
v 0.90553028 1.01471368 0.62230926
v 0.84554923 1.10901474 0.33900821
v 0.86113028 1.09839158 0.33028863
v 0.99229028 1.23528000 0.41299958
v 0.93467765 1.03542947 0.63426947
v 0.93952186 1.26531789 0.42211263
v 0.92262081 1.04240842 0.63829895
v 0.95894923 1.25909053 0.42022295
v 0.91912186 1.26744000 0.42275495
v 0.95915765 1.25902105 0.42020274
v 0.92617660 1.04147368 0.63776211
v 0.97673449 1.24902947 0.41717116
v 0.86111765 1.24902947 0.41717116
v 0.86090291 1.24890947 0.41713453
v 0.84594081 1.23569053 0.41312463
v 0.90839765 1.03995789 0.63688421
v 0.83358081 1.21933895 0.40794568
v 1.01586081 1.14385263 0.36759726
v 1.01870291 1.15185474 0.37187432
v 1.02080607 1.16905895 0.38107074
v 0.97693660 1.09848632 0.33036632
v 0.92945449 1.01267368 0.62113074
v 0.89839975 1.08567158 0.31984800
v 0.91871765 1.08402316 0.31849705
v 1.00411975 1.21959789 0.40808211
v 1.00348186 1.22028632 0.40845221
v 0.97694923 1.24890947 0.41713453
v 0.99210081 1.10887579 0.33889263
v 1.33418923 1.02631579 0.62900779
v 1.25125660 1.16905895 0.38107074
v 1.33455554 1.02311368 0.62715979
v 1.25121870 1.16936842 0.38123495
v 1.25335975 1.15185474 0.37187432
v 1.37208396 1.02631579 0.62900779
v 1.45501660 1.16905895 0.38107074
v 1.45505449 1.16936842 0.38123495
v 1.37171765 1.02311368 0.62715979
v 1.33562923 1.02003789 0.62538253
v 1.25869660 1.13614737 0.36127263
v 1.25877870 1.13588842 0.36105916
v 1.34260817 1.01267368 0.62113074
v 1.27996186 1.10887579 0.33889263
v 1.29512607 1.09848632 0.33036632
v 1.35313660 1.04272421 0.63848211
v 1.35333238 1.26744000 0.42275495
v 1.35313660 1.26745895 0.42276063
v 1.35683133 1.04240842 0.63829895
v 1.33562923 1.03259368 0.63263368
v 1.25853870 1.20362526 0.39954568
v 1.33455554 1.02951789 0.63085642
v 1.25863344 1.20390947 0.39969726
v 1.35313660 1.00990737 0.61953411
v 1.35292817 1.08402316 0.31849705
v 1.35313660 1.08401053 0.31848253
v 1.34944186 1.01022316 0.61971600
v 1.37064396 1.03259368 0.63263368
v 1.44773449 1.20362526 0.39954568
v 1.44763975 1.20390947 0.39969726
v 1.37171765 1.02951789 0.63085642
v 1.27994291 1.23550737 0.41306842
v 1.34260817 1.03995789 0.63688421
v 1.28015133 1.23569053 0.41312463
v 1.33974081 1.03791789 0.63570947
v 1.25299344 1.18694526 0.39063032
v 1.26736186 1.12189263 0.34957389
v 1.25620186 1.14385263 0.36759726
v 1.43877870 1.12167789 0.34939579
v 1.36888817 1.01720211 0.62374484
v 1.42668396 1.10919158 0.33914968
v 1.36653238 1.01471368 0.62230926
v 1.42651344 1.10901474 0.33900821
v 1.35683133 1.01022316 0.61971600
v 1.39327975 1.09057895 0.32387495
v 1.36038712 1.01115789 0.62025537
v 1.39306502 1.09052211 0.32383074
v 1.33738502 1.01720211 0.62374484
v 1.26749449 1.12167789 0.34939579
v 1.27958923 1.10919158 0.33914968
v 1.34588607 1.01115789 0.62025537
v 1.29534081 1.09839158 0.33028863
v 1.36888817 1.03542947 0.63426947
v 1.43848186 1.21933895 0.40794568
v 1.43833028 1.21959789 0.40808211
v 1.45327975 1.18694526 0.39063032
v 1.45502291 1.16967158 0.38139853
v 1.33254081 1.26531789 0.42211263
v 1.31311344 1.25909053 0.42022295
v 1.34944186 1.04240842 0.63829895
v 1.35294081 1.26744000 0.42275495
v 1.26858081 1.22028632 0.40845221
v 1.33738502 1.03542947 0.63426947
v 1.27977238 1.23528000 0.41299958
v 1.26794291 1.21959789 0.40808211
v 1.25125028 1.16967158 0.38139853
v 1.43891133 1.12189263 0.34957389
v 1.37064396 1.02003789 0.62538253
v 1.42631133 1.10887579 0.33889263
v 1.36366502 1.01267368 0.62113074
v 1.41114712 1.09848632 0.33036632
v 1.41093238 1.09839158 0.33028863
v 1.37366291 1.08567158 0.31984800
v 1.35334502 1.08402316 0.31849705
v 1.33974081 1.01471368 0.62230926
v 1.27975975 1.10901474 0.33900821
v 1.43769238 1.22028632 0.40845221
v 1.42650081 1.23528000 0.41299958
v 1.36366502 1.03995789 0.63688421
v 1.42633028 1.23550737 0.41306842
v 1.42612186 1.23569053 0.41312463
v 1.36653238 1.03791789 0.63570947
v 1.39336817 1.25902105 0.42020274
v 1.36038712 1.04147368 0.63776211
v 1.41094502 1.24902947 0.41717116
v 1.37373238 1.26531789 0.42211263
v 1.39315975 1.25909053 0.42022295
v 1.31290502 1.25902105 0.42020274
v 1.34588607 1.04147368 0.63776211
v 1.29511344 1.24890947 0.41713453
v 1.26779133 1.21933895 0.40794568
v 1.45007133 1.14385263 0.36759726
v 1.44757660 1.13614737 0.36127263
v 1.45291344 1.15185474 0.37187432
v 1.31320817 1.09052211 0.32383074
v 1.33261028 1.08567158 0.31984800
v 1.41115975 1.24890947 0.41713453
v 1.29532817 1.24902947 0.41717116
v 1.44749449 1.13588842 0.36105916
v 1.31299344 1.09057895 0.32387495
v -1.90344235 0.95586316 -0.08625032
v -1.90344235 0.94736842 -0.00000000
v 1.57024186 0.94736842 -0.00000000
v 1.57024186 0.95586316 -0.08625032
v -1.90344235 1.82308421 -0.08625032
v -1.90344235 1.83157895 -0.00000000
v 1.57024186 1.83157895 -0.00000000
v 1.57024186 1.82308421 -0.08625032
v 1.57024186 1.30322526 -0.43361053
v -1.90344235 1.38947368 -0.44210526
v 1.57024186 1.38947368 -0.44210526
v -1.90344235 1.30322526 -0.43361053
v -1.90344235 1.02187579 -0.24562042
v 1.57024186 1.07686105 -0.31261579
v 1.57024186 1.02187579 -0.24562042
v -1.90344235 1.07686105 -0.31261579
v 1.57024186 1.70208632 -0.31261579
v 1.57024186 1.63509474 -0.36759726
v -1.90344235 1.70208632 -0.31261579
v -1.90344235 1.63509474 -0.36759726
v 1.57024186 1.47572211 -0.43361053
v 1.57024186 1.55866105 -0.40845221
v -1.90344235 1.47572211 -0.43361053
v -1.90344235 1.55866105 -0.40845221
v -1.90344235 1.07686105 0.31261579
v 1.57024186 1.02187579 0.24562042
v 1.57024186 1.07686105 0.31261579
v -1.90344235 1.02187579 0.24562042
v -1.90344235 1.75707158 0.24562042
v 1.57024186 1.70208632 0.31261579
v 1.57024186 1.75707158 0.24562042
v -1.90344235 1.70208632 0.31261579
v -1.90344235 0.98101895 -0.16918611
v 1.57024186 0.98101895 -0.16918611
v -1.90344235 1.22028632 -0.40845221
v -1.90344235 1.14385263 -0.36759726
v 1.57024186 1.22028632 -0.40845221
v 1.57024186 1.14385263 -0.36759726
v -1.90344235 1.75707158 -0.24562042
v 1.57024186 1.79792842 -0.16918611
v 1.57024186 1.75707158 -0.24562042
v -1.90344235 1.79792842 -0.16918611
v 1.57024186 1.38947368 -0.06315789
v 1.57024186 1.40179579 -0.06194425
v 1.57024186 1.41364421 -0.05835025
v 1.57024186 1.37715158 -0.06194425
v 1.57024186 1.42456421 -0.05251389
v 1.57024186 1.43413263 -0.04465939
v 1.57024186 1.36530316 -0.05835025
v 1.57024186 1.44198947 -0.03508863
v 1.57024186 1.44782526 -0.02416945
v 1.57024186 1.35438316 -0.05251389
v 1.57024186 1.45141895 -0.01232147
v 1.57024186 1.45263158 -0.00000000
v 1.57024186 1.45141895 0.01232147
v 1.57024186 1.82308421 0.08625032
v 1.57024186 1.44782526 0.02416945
v 1.57024186 1.79792842 0.16918611
v 1.57024186 1.44198947 0.03508863
v 1.57024186 1.43413263 0.04465939
v 1.57024186 1.42456421 0.05251389
v 1.57024186 1.34481474 -0.04465939
v 1.57024186 1.33695789 -0.03508863
v 1.57024186 1.33112211 -0.02416945
v 1.57024186 1.32752842 -0.01232147
v 1.57024186 1.32631579 -0.00000000
v 1.57024186 1.32752842 0.01232147
v 1.57024186 0.95586316 0.08625032
v 1.57024186 1.33112211 0.02416945
v 1.57024186 0.98101895 0.16918611
v 1.57024186 1.33695789 0.03508863
v 1.57024186 1.34481474 0.04465939
v 1.57024186 1.35438316 0.05251389
v 1.57024186 1.14385263 0.36759726
v 1.57024186 1.36530316 0.05835025
v 1.57024186 1.22028632 0.40845221
v 1.57024186 1.37715158 0.06194425
v 1.57024186 1.30322526 0.43361053
v 1.57024186 1.38947368 0.06315789
v 1.57024186 1.63509474 0.36759726
v 1.57024186 1.41364421 0.05835025
v 1.57024186 1.55866105 0.40845221
v 1.57024186 1.40179579 0.06194425
v 1.57024186 1.47572211 0.43361053
v 1.57024186 1.38947368 0.44210526
v -1.90344235 1.30322526 0.43361053
v -1.90344235 1.38947368 0.44210526
v -1.90344235 1.22028632 0.40845221
v -1.90344235 1.14385263 0.36759726
v -1.90344235 1.63509474 0.36759726
v -1.90344235 1.47572211 0.43361053
v -1.90344235 1.55866105 0.40845221
v -1.90344235 1.82308421 0.08625032
v -1.90344235 1.79792842 0.16918611
v -1.90344235 1.38947368 -0.06315789
v -1.90344235 1.37715158 -0.06194425
v -1.90344235 1.36530316 -0.05835025
v -1.90344235 1.40179579 -0.06194425
v -1.90344235 1.35438316 -0.05251389
v -1.90344235 1.34481474 -0.04465939
v -1.90344235 1.41364421 -0.05835025
v -1.90344235 1.33695789 -0.03508863
v -1.90344235 1.33112211 -0.02416945
v -1.90344235 1.42456421 -0.05251389
v -1.90344235 1.32752842 -0.01232147
v -1.90344235 1.32631579 -0.00000000
v -1.90344235 1.32752842 0.01232147
v -1.90344235 0.95586316 0.08625032
v -1.90344235 1.33112211 0.02416945
v -1.90344235 0.98101895 0.16918611
v -1.90344235 1.33695789 0.03508863
v -1.90344235 1.34481474 0.04465939
v -1.90344235 1.35438316 0.05251389
v -1.90344235 1.43413263 -0.04465939
v -1.90344235 1.44198947 -0.03508863
v -1.90344235 1.44782526 -0.02416945
v -1.90344235 1.45141895 -0.01232147
v -1.90344235 1.45263158 -0.00000000
v -1.90344235 1.45141895 0.01232147
v -1.90344235 1.44782526 0.02416945
v -1.90344235 1.44198947 0.03508863
v -1.90344235 1.43413263 0.04465939
v -1.90344235 1.42456421 0.05251389
v -1.90344235 1.41364421 0.05835025
v -1.90344235 1.40179579 0.06194425
v -1.90344235 1.38947368 0.06315789
v -1.90344235 1.36530316 0.05835025
v -1.90344235 1.37715158 0.06194425
v 2.32813660 1.63724842 -0.04928596
v 2.58076817 1.64210526 -0.00000000
v 2.58076817 1.63724842 -0.04928596
v 2.32813660 1.64210526 -0.00000000
v 2.58076817 1.34018526 -0.24777726
v 2.32813660 1.38947368 -0.25263158
v 2.58076817 1.38947368 -0.25263158
v 2.32813660 1.34018526 -0.24777726
v 2.32813660 1.38947368 0.25263158
v 2.58076817 1.43876211 0.24777726
v 2.32813660 1.43876211 0.24777726
v 2.58076817 1.38947368 0.25263158
v 2.58076817 1.22403789 -0.18947368
v 2.32813660 1.24911789 -0.21005558
v 2.58076817 1.24911789 -0.21005558
v 2.32813660 1.22403789 -0.18947368
v 2.58076817 1.52982947 -0.21005558
v 2.32813660 1.56810947 -0.17863768
v 2.58076817 1.56810947 -0.17863768
v 2.32813660 1.52982947 -0.21005558
v 2.58076817 1.43876211 -0.24777726
v 2.32813660 1.48614947 -0.23340126
v 2.58076817 1.48614947 -0.23340126
v 2.32813660 1.43876211 -0.24777726
v 2.32813660 1.59953053 0.14035453
v 2.58076817 1.56810947 0.17863768
v 2.58076817 1.59953053 0.14035453
v 2.32813660 1.56810947 0.17863768
v 2.58076817 1.29279789 -0.23340126
v 2.32813660 1.29279789 -0.23340126
v 2.32813660 1.59953053 -0.14035453
v 2.58076817 1.62287368 -0.09667768
v 2.58076817 1.59953053 -0.14035453
v 2.32813660 1.62287368 -0.09667768
v 2.58076817 1.39963579 0.05110408
v 2.58076817 1.48614947 0.23340126
v 2.58076817 1.38947368 0.05210526
v 2.58076817 1.24911789 0.21005558
v 2.58076817 1.29279789 0.23340126
v 2.58076817 1.22403789 0.18947368
v 2.58076817 1.34018526 0.24777726
v 2.58076817 1.38947368 -0.05210526
v 2.58076817 1.39963579 -0.05110408
v 2.58076817 1.40941263 -0.04813895
v 2.58076817 1.37931158 -0.05110408
v 2.58076817 1.41841895 -0.04332392
v 2.58076817 1.36953474 -0.04813895
v 2.58076817 0.71929895 -0.13128442
v 2.58076817 0.63157895 -0.18947368
v 2.58076817 0.66238105 -0.15486063
v 2.58076817 0.63157895 -0.15789474
v 2.58076817 0.69200211 -0.14587579
v 2.58076817 1.42632000 -0.03684398
v 2.58076817 1.36052842 -0.04332392
v 2.58076817 1.43280000 -0.02894811
v 2.58076817 0.74322947 -0.11164863
v 2.58076817 1.43761263 -0.01993977
v 2.58076817 1.44057474 -0.01016520
v 2.58076817 1.44157895 -0.00000000
v 2.58076817 1.44057474 0.01016520
v 2.58076817 1.63724842 0.04928596
v 2.58076817 1.43761263 0.01993977
v 2.58076817 1.62287368 0.09667768
v 2.58076817 1.43280000 0.02894811
v 2.58076817 1.42632000 0.03684398
v 2.58076817 1.41841895 0.04332392
v 2.58076817 1.52982947 0.21005558
v 2.58076817 0.77745474 0.06042366
v 2.58076817 1.40941263 0.04813895
v 2.58076817 0.76286526 0.08772189
v 2.58076817 0.74322947 0.11164863
v 2.58076817 0.71929895 0.13128442
v 2.58076817 0.63157895 0.18947368
v 2.58076817 0.69200211 0.14587579
v 2.58076817 0.66238105 0.15486063
v 2.58076817 0.63157895 0.15789474
v 2.58076817 1.35262737 -0.03684398
v 2.58076817 0.76286526 -0.08772189
v 2.58076817 1.34614737 -0.02894811
v 2.58076817 1.34133474 -0.01993977
v 2.58076817 0.77745474 -0.06042366
v 2.58076817 1.33837263 -0.01016520
v 2.58076817 0.78644211 -0.03080368
v 2.58076817 1.33736842 -0.00000000
v 2.58076817 1.33837263 0.01016520
v 2.58076817 0.78947368 -0.00000000
v 2.58076817 0.78644211 0.03080368
v 2.58076817 1.34133474 0.01993977
v 2.58076817 1.34614737 0.02894811
v 2.58076817 1.35262737 0.03684398
v 2.58076817 1.36052842 0.04332392
v 2.58076817 1.36953474 0.04813895
v 2.58076817 1.37931158 0.05110408
v 2.32813660 1.29279789 0.23340126
v 2.32813660 1.34018526 0.24777726
v 2.32813660 1.22403789 0.18947368
v 2.32813660 1.24911789 0.21005558
v 2.32813660 1.52982947 0.21005558
v 2.32813660 1.48614947 0.23340126
v 2.32813660 1.63724842 0.04928596
v 2.32813660 1.62287368 0.09667768
v 2.32813660 1.37931158 -0.05110408
v 2.32813660 1.38947368 -0.05210526
v 2.32813660 0.63157895 -0.15789474
v 2.32813660 1.36953474 -0.04813895
v 2.32813660 1.36052842 -0.04332392
v 2.32813660 1.35262737 -0.03684398
v 2.32813660 0.63157895 0.15789474
v 2.32813660 0.48570316 -0.06042366
v 2.32813660 0.47671832 -0.03080368
v 2.32813660 1.34614737 -0.02894811
v 2.32813660 1.34133474 -0.01993977
v 2.32813660 0.47368421 -0.00000000
v 2.32813660 1.33837263 -0.01016520
v 2.32813660 1.33736842 -0.00000000
v 2.32813660 1.33837263 0.01016520
v 2.32813660 0.47671832 0.03080368
v 2.32813660 1.34133474 0.01993977
v 2.32813660 1.34614737 0.02894811
v 2.32813660 1.35262737 0.03684398
v 2.32813660 1.36052842 0.04332392
v 2.32813660 0.48570316 0.06042366
v 2.32813660 0.63157895 -0.18947368
v 2.32813660 0.60077495 -0.15486063
v 2.32813660 0.57115516 -0.14587579
v 2.32813660 0.54385705 -0.13128442
v 2.32813660 0.51993032 -0.11164863
v 2.32813660 1.39963579 -0.05110408
v 2.32813660 0.50029453 -0.08772189
v 2.32813660 1.40941263 -0.04813895
v 2.32813660 1.41841895 -0.04332392
v 2.32813660 1.42632000 -0.03684398
v 2.32813660 1.43280000 -0.02894811
v 2.32813660 1.43761263 -0.01993977
v 2.32813660 1.44057474 -0.01016520
v 2.32813660 1.44157895 -0.00000000
v 2.32813660 1.44057474 0.01016520
v 2.32813660 1.43761263 0.01993977
v 2.32813660 1.43280000 0.02894811
v 2.32813660 1.42632000 0.03684398
v 2.32813660 1.41841895 0.04332392
v 2.32813660 1.40941263 0.04813895
v 2.32813660 1.39963579 0.05110408
v 2.32813660 1.38947368 0.05210526
v 2.32813660 0.50029453 0.08772189
v 2.32813660 1.36953474 0.04813895
v 2.32813660 1.37931158 0.05110408
v 2.32813660 0.51993032 0.11164863
v 2.32813660 0.54385705 0.13128442
v 2.32813660 0.57115516 0.14587579
v 2.32813660 0.60077495 0.15486063
v 2.32813660 0.63157895 0.18947368
v 2.95971554 0.47671832 -0.03080368
v 2.95971554 0.47368421 -0.00000000
v 2.95971554 0.63157895 -0.15789474
v 2.95971554 0.66238105 -0.15486063
v 2.95971554 0.51993032 -0.11164863
v 2.95971554 0.54385705 -0.13128442
v 2.95971554 0.76286526 -0.08772189
v 2.95971554 0.74322947 -0.11164863
v 2.95971554 0.69200211 -0.14587579
v 2.95971554 0.71929895 -0.13128442
v 2.95971554 0.50029453 -0.08772189
v 2.95971554 0.48570316 -0.06042366
v 2.95971554 0.57115516 -0.14587579
v 2.95971554 0.60077495 -0.15486063
v 2.95971554 0.78644211 -0.03080368
v 2.95971554 0.77745474 -0.06042366
v 2.95971554 0.78947368 -0.00000000
v 2.95971554 0.78644211 0.03080368
v 2.95971554 0.47671832 0.03080368
v 2.95971554 0.77745474 0.06042366
v 2.95971554 0.48570316 0.06042366
v 2.95971554 0.76286526 0.08772189
v 2.95971554 0.50029453 0.08772189
v 2.95971554 0.74322947 0.11164863
v 2.95971554 0.51993032 0.11164863
v 2.95971554 0.71929895 0.13128442
v 2.95971554 0.54385705 0.13128442
v 2.95971554 0.69200211 0.14587579
v 2.95971554 0.57115516 0.14587579
v 2.95971554 0.66238105 0.15486063
v 2.95971554 0.60077495 0.15486063
v 2.95971554 0.63157895 0.15789474
v -3.04028446 1.33894737 -0.00000000
v 2.70708396 1.33992000 -0.00985718
v 2.70708396 1.33894737 -0.00000000
v -3.04028446 1.33992000 -0.00985718
v -3.04028446 1.43902737 -0.00985718
v 2.70708396 1.44000000 -0.00000000
v 2.70708396 1.43902737 -0.00985718
v -3.04028446 1.44000000 -0.00000000
v 2.70708396 1.38947368 -0.05052625
v -3.04028446 1.39933263 -0.04955545
v 2.70708396 1.39933263 -0.04955545
v -3.04028446 1.38947368 -0.05052625
v 2.70708396 1.41754737 -0.04201105
v -3.04028446 1.42520211 -0.03572747
v 2.70708396 1.42520211 -0.03572747
v -3.04028446 1.41754737 -0.04201105
v -3.04028446 1.40880632 -0.04668019
v 2.70708396 1.40880632 -0.04668019
v 2.70708396 1.34279368 -0.01933560
v -3.04028446 1.34279368 -0.01933560
v -3.04028446 1.34746105 -0.02807091
v 2.70708396 1.35374526 -0.03572747
v 2.70708396 1.34746105 -0.02807091
v -3.04028446 1.35374526 -0.03572747
v 2.70708396 1.37961474 -0.04955545
v -3.04028446 1.37961474 -0.04955545
v 2.70708396 1.36140000 -0.04201105
v -3.04028446 1.37014105 -0.04668019
v 2.70708396 1.37014105 -0.04668019
v -3.04028446 1.36140000 -0.04201105
v -3.04028446 1.43148632 -0.02807091
v 2.70708396 1.43615368 -0.01933560
v 2.70708396 1.43148632 -0.02807091
v -3.04028446 1.43615368 -0.01933560
v -3.04028446 1.33992000 0.00985718
v 2.70708396 1.33992000 0.00985718
v -3.04028446 1.39933263 0.04955545
v 2.70708396 1.40880632 0.04668019
v -3.04028446 1.40880632 0.04668019
v 2.70708396 1.39933263 0.04955545
v -3.04028446 1.35374526 0.03572747
v 2.70708396 1.36140000 0.04201105
v -3.04028446 1.36140000 0.04201105
v 2.70708396 1.35374526 0.03572747
v -3.04028446 1.34279368 0.01933560
v 2.70708396 1.34279368 0.01933560
v 2.70708396 1.41754737 0.04201105
v -3.04028446 1.41754737 0.04201105
v -3.04028446 1.43902737 0.00985718
v 2.70708396 1.43615368 0.01933560
v 2.70708396 1.43902737 0.00985718
v -3.04028446 1.43615368 0.01933560
v -3.04028446 1.37014105 0.04668019
v 2.70708396 1.37961474 0.04955545
v -3.04028446 1.37961474 0.04955545
v 2.70708396 1.37014105 0.04668019
v -3.04028446 1.34746105 0.02807091
v 2.70708396 1.34746105 0.02807091
v -3.04028446 1.43148632 0.02807091
v -3.04028446 1.42520211 0.03572747
v -3.04028446 1.38947368 0.05052625
v 2.70708396 1.42520211 0.03572747
v 2.70708396 1.43148632 0.02807091
v 2.70708396 1.38947368 0.05052625
f 1 2 3
f 2 1 4
f 5 6 7
f 6 5 8
f 9 10 11
f 10 9 12
f 13 14 15
f 14 13 16
f 17 18 19
f 18 17 20
f 21 11 22
f 11 21 9
f 23 24 25
f 24 26 27
f 24 28 26
f 24 29 28
f 24 23 29
f 25 30 23
f 25 31 30
f 25 32 31
f 25 33 32
f 25 34 33
f 25 35 34
f 3 36 37
f 36 38 39
f 40 39 41
f 42 39 43
f 44 39 45
f 46 47 44
f 1 37 48
f 39 44 47
f 45 39 42
f 43 39 40
f 39 38 41
f 36 49 38
f 36 50 49
f 36 51 50
f 36 52 51
f 36 53 52
f 54 52 53
f 52 54 55
f 56 55 54
f 55 56 57
f 58 57 56
f 59 60 61
f 60 62 63
f 59 61 64
f 60 65 62
f 57 58 66
f 60 59 67
f 68 48 69
f 60 67 65
f 36 3 70
f 71 69 72
f 14 72 73
f 15 73 35
f 74 35 25
f 37 1 3
f 48 68 1
f 69 71 68
f 72 14 71
f 73 15 14
f 35 74 15
f 25 75 74
f 76 75 25
f 77 78 8
f 79 78 77
f 19 78 79
f 78 19 76
f 18 76 19
f 22 76 18
f 11 76 22
f 10 76 11
f 75 76 10
f 80 24 27
f 81 24 80
f 82 24 81
f 83 24 82
f 83 39 24
f 84 39 83
f 85 39 84
f 86 39 85
f 87 39 86
f 88 39 87
f 89 39 88
f 90 39 89
f 91 39 90
f 92 39 91
f 93 39 92
f 94 39 93
f 39 94 36
f 47 46 95
f 96 95 46
f 95 96 97
f 98 97 96
f 97 98 99
f 100 99 98
f 99 100 101
f 102 101 100
f 103 101 102
f 103 104 101
f 105 104 103
f 106 105 107
f 63 107 108
f 63 108 109
f 63 109 110
f 63 110 111
f 105 106 104
f 63 111 112
f 63 112 60
f 107 63 106
f 36 70 113
f 36 113 53
f 114 66 58
f 66 114 115
f 116 115 114
f 59 115 116
f 115 59 117
f 117 59 64
f 118 59 116
f 119 59 118
f 120 59 119
f 121 59 120
f 78 121 122
f 78 122 123
f 78 123 124
f 8 78 6
f 6 78 124
f 121 78 59
f 71 125 68
f 125 71 126
f 68 4 1
f 4 68 125
f 14 126 71
f 126 14 16
f 127 74 75
f 74 127 128
f 12 75 10
f 75 12 127
f 128 15 74
f 15 128 13
f 129 77 130
f 77 129 79
f 17 79 129
f 79 17 19
f 130 8 5
f 8 130 77
f 4 131 2
f 125 131 4
f 125 132 131
f 126 132 125
f 126 133 132
f 16 133 126
f 16 134 133
f 13 134 16
f 13 135 134
f 128 135 13
f 128 136 135
f 127 136 128
f 127 137 136
f 12 137 127
f 12 138 137
f 9 138 12
f 9 139 138
f 21 139 9
f 21 140 139
f 20 140 21
f 20 141 140
f 17 141 20
f 17 142 141
f 129 142 17
f 129 143 142
f 130 143 129
f 130 144 143
f 5 144 130
f 5 145 144
f 145 5 7
f 20 22 18
f 22 20 21
f 137 116 114
f 116 137 138
f 135 58 56
f 58 135 136
f 141 121 120
f 121 141 142
f 139 119 118
f 119 139 140
f 144 122 143
f 122 144 123
f 7 124 145
f 124 7 6
f 3 131 70
f 131 3 2
f 136 114 58
f 114 136 137
f 134 56 54
f 56 134 135
f 113 133 53
f 133 113 132
f 53 134 54
f 134 53 133
f 70 132 113
f 132 70 131
f 140 120 119
f 120 140 141
f 138 118 116
f 118 138 139
f 143 121 142
f 121 143 122
f 145 123 144
f 123 145 124
f 26 146 27
f 146 26 147
f 148 94 149
f 94 148 36
f 150 33 34
f 33 150 151
f 152 23 30
f 23 152 153
f 154 69 155
f 69 154 72
f 156 35 73
f 35 156 157
f 29 158 28
f 158 29 159
f 28 147 26
f 147 28 158
f 23 159 29
f 159 23 153
f 160 31 32
f 31 160 161
f 151 32 33
f 32 151 160
f 161 30 31
f 30 161 152
f 162 37 163
f 37 162 48
f 155 48 162
f 48 155 69
f 163 36 148
f 36 163 37
f 147 164 146
f 158 164 147
f 158 165 164
f 159 165 158
f 159 166 165
f 153 166 159
f 153 167 166
f 152 167 153
f 152 168 167
f 161 168 152
f 161 169 168
f 160 169 161
f 160 170 169
f 151 170 160
f 151 171 170
f 150 171 151
f 150 172 171
f 157 172 150
f 157 173 172
f 156 173 157
f 156 174 173
f 154 174 156
f 154 175 174
f 155 175 154
f 155 176 175
f 162 176 155
f 162 177 176
f 163 177 162
f 163 149 177
f 149 163 148
f 154 73 72
f 73 154 156
f 157 34 35
f 34 157 150
f 81 166 82
f 166 81 165
f 27 164 80
f 164 27 146
f 171 88 87
f 88 171 172
f 149 93 177
f 93 149 94
f 169 86 85
f 86 169 170
f 167 84 83
f 84 167 168
f 172 89 88
f 89 172 173
f 176 91 175
f 91 176 92
f 177 92 176
f 92 177 93
f 82 167 83
f 167 82 166
f 168 85 84
f 85 168 169
f 80 165 81
f 165 80 164
f 170 87 86
f 87 170 171
f 173 90 89
f 90 173 174
f 174 91 90
f 91 174 175
f 178 179 180
f 179 178 181
f 182 183 179
f 182 25 183
f 25 184 76
f 184 25 182
f 185 179 183
f 76 179 185
f 76 180 179
f 180 76 184
f 186 184 182
f 184 186 187
f 178 186 181
f 186 178 187
f 179 186 182
f 186 179 181
f 178 184 187
f 184 178 180
f 188 189 190
f 191 192 193
f 194 195 189
f 194 196 195
f 194 197 196
f 194 198 197
f 192 191 198
f 193 199 191
f 200 199 193
f 200 201 199
f 200 202 201
f 203 202 200
f 202 203 204
f 205 204 203
f 204 205 206
f 207 206 205
f 206 207 208
f 209 208 207
f 208 209 210
f 211 210 209
f 212 213 188
f 189 188 214
f 189 214 215
f 189 215 194
f 198 194 192
f 188 190 216
f 188 216 217
f 188 217 218
f 212 188 218
f 219 213 212
f 220 213 219
f 221 213 220
f 222 213 221
f 223 213 222
f 223 222 224
f 223 224 225
f 223 225 226
f 223 226 227
f 228 227 229
f 210 211 230
f 228 230 211
f 230 228 231
f 231 228 232
f 232 228 233
f 233 228 234
f 234 228 229
f 227 228 223
f 213 223 183
f 183 223 185
f 213 39 188
f 39 213 24
f 76 223 78
f 223 76 185
f 183 24 213
f 24 183 25
f 101 200 193
f 200 101 104
f 78 228 59
f 228 78 223
f 95 194 215
f 194 95 97
f 104 203 200
f 203 104 106
f 214 95 215
f 95 214 47
f 97 192 194
f 192 97 99
f 99 193 192
f 193 99 101
f 63 207 205
f 207 63 62
f 106 205 203
f 205 106 63
f 62 209 207
f 209 62 65
f 59 211 67
f 211 59 228
f 188 47 214
f 47 188 39
f 67 209 65
f 209 67 211
f 42 189 45
f 189 42 190
f 45 195 44
f 195 45 189
f 105 201 202
f 201 105 103
f 98 197 198
f 197 98 96
f 108 204 206
f 204 108 107
f 50 221 220
f 221 50 51
f 41 217 40
f 217 41 218
f 44 196 46
f 196 44 195
f 102 191 199
f 191 102 100
f 100 198 191
f 198 100 98
f 231 111 230
f 111 231 112
f 230 110 210
f 110 230 111
f 107 202 204
f 202 107 105
f 57 226 225
f 226 57 66
f 234 61 233
f 61 234 64
f 46 197 96
f 197 46 196
f 103 199 201
f 199 103 102
f 232 112 231
f 112 232 60
f 233 60 232
f 60 233 61
f 109 206 208
f 206 109 108
f 210 109 208
f 109 210 110
f 49 220 219
f 220 49 50
f 38 219 212
f 219 38 49
f 38 218 41
f 218 38 212
f 40 216 43
f 216 40 217
f 43 190 42
f 190 43 216
f 55 225 224
f 225 55 57
f 52 224 222
f 224 52 55
f 51 222 221
f 222 51 52
f 227 117 229
f 117 227 115
f 66 227 226
f 227 66 115
f 229 64 234
f 64 229 117
f 235 236 237
f 236 235 238
f 239 240 241
f 240 239 242
f 243 244 245
f 244 243 246
f 247 248 249
f 248 247 250
f 251 252 253
f 252 251 254
f 255 245 256
f 245 255 243
f 257 258 259
f 258 260 261
f 258 262 260
f 258 263 262
f 258 257 263
f 259 264 257
f 259 265 264
f 259 266 265
f 259 267 266
f 259 268 267
f 259 269 268
f 237 270 271
f 270 272 273
f 274 273 275
f 276 273 277
f 278 273 279
f 280 281 278
f 235 271 282
f 273 278 281
f 279 273 276
f 277 273 274
f 273 272 275
f 270 283 272
f 270 284 283
f 270 285 284
f 270 286 285
f 270 287 286
f 288 286 287
f 286 288 289
f 290 289 288
f 289 290 291
f 292 291 290
f 293 294 295
f 294 296 297
f 293 295 298
f 294 299 296
f 291 292 300
f 294 293 301
f 302 282 303
f 294 301 299
f 270 237 304
f 305 303 306
f 248 306 307
f 249 307 269
f 308 269 259
f 271 235 237
f 282 302 235
f 303 305 302
f 306 248 305
f 307 249 248
f 269 308 249
f 259 309 308
f 310 309 259
f 311 312 242
f 313 312 311
f 253 312 313
f 312 253 310
f 252 310 253
f 256 310 252
f 245 310 256
f 244 310 245
f 309 310 244
f 314 258 261
f 315 258 314
f 316 258 315
f 317 258 316
f 317 273 258
f 318 273 317
f 319 273 318
f 320 273 319
f 321 273 320
f 322 273 321
f 323 273 322
f 324 273 323
f 325 273 324
f 326 273 325
f 327 273 326
f 328 273 327
f 273 328 270
f 281 280 329
f 330 329 280
f 329 330 331
f 332 331 330
f 331 332 333
f 334 333 332
f 333 334 335
f 336 335 334
f 337 335 336
f 337 338 335
f 339 338 337
f 340 339 341
f 297 341 342
f 297 342 343
f 297 343 344
f 297 344 345
f 339 340 338
f 297 345 346
f 297 346 294
f 341 297 340
f 270 304 347
f 270 347 287
f 348 300 292
f 300 348 349
f 350 349 348
f 293 349 350
f 349 293 351
f 351 293 298
f 352 293 350
f 353 293 352
f 354 293 353
f 355 293 354
f 312 355 356
f 312 356 357
f 312 357 358
f 242 312 240
f 240 312 358
f 355 312 293
f 305 359 302
f 359 305 360
f 302 238 235
f 238 302 359
f 248 360 305
f 360 248 250
f 361 308 309
f 308 361 362
f 246 309 244
f 309 246 361
f 362 249 308
f 249 362 247
f 363 311 364
f 311 363 313
f 251 313 363
f 313 251 253
f 364 242 239
f 242 364 311
f 238 365 236
f 359 365 238
f 359 366 365
f 360 366 359
f 360 367 366
f 250 367 360
f 250 368 367
f 247 368 250
f 247 369 368
f 362 369 247
f 362 370 369
f 361 370 362
f 361 371 370
f 246 371 361
f 246 372 371
f 243 372 246
f 243 373 372
f 255 373 243
f 255 374 373
f 254 374 255
f 254 375 374
f 251 375 254
f 251 376 375
f 363 376 251
f 363 377 376
f 364 377 363
f 364 378 377
f 239 378 364
f 239 379 378
f 379 239 241
f 254 256 252
f 256 254 255
f 371 350 348
f 350 371 372
f 369 292 290
f 292 369 370
f 375 355 354
f 355 375 376
f 373 353 352
f 353 373 374
f 378 356 377
f 356 378 357
f 241 358 379
f 358 241 240
f 237 365 304
f 365 237 236
f 370 348 292
f 348 370 371
f 368 290 288
f 290 368 369
f 347 367 287
f 367 347 366
f 287 368 288
f 368 287 367
f 304 366 347
f 366 304 365
f 374 354 353
f 354 374 375
f 372 352 350
f 352 372 373
f 377 355 376
f 355 377 356
f 379 357 378
f 357 379 358
f 260 380 261
f 380 260 381
f 382 328 383
f 328 382 270
f 384 267 268
f 267 384 385
f 386 257 264
f 257 386 387
f 388 303 389
f 303 388 306
f 390 269 307
f 269 390 391
f 263 392 262
f 392 263 393
f 262 381 260
f 381 262 392
f 257 393 263
f 393 257 387
f 394 265 266
f 265 394 395
f 385 266 267
f 266 385 394
f 395 264 265
f 264 395 386
f 396 271 397
f 271 396 282
f 389 282 396
f 282 389 303
f 397 270 382
f 270 397 271
f 381 398 380
f 392 398 381
f 392 399 398
f 393 399 392
f 393 400 399
f 387 400 393
f 387 401 400
f 386 401 387
f 386 402 401
f 395 402 386
f 395 403 402
f 394 403 395
f 394 404 403
f 385 404 394
f 385 405 404
f 384 405 385
f 384 406 405
f 391 406 384
f 391 407 406
f 390 407 391
f 390 408 407
f 388 408 390
f 388 409 408
f 389 409 388
f 389 410 409
f 396 410 389
f 396 411 410
f 397 411 396
f 397 383 411
f 383 397 382
f 388 307 306
f 307 388 390
f 391 268 269
f 268 391 384
f 315 400 316
f 400 315 399
f 261 398 314
f 398 261 380
f 405 322 321
f 322 405 406
f 383 327 411
f 327 383 328
f 403 320 319
f 320 403 404
f 401 318 317
f 318 401 402
f 406 323 322
f 323 406 407
f 410 325 409
f 325 410 326
f 411 326 410
f 326 411 327
f 316 401 317
f 401 316 400
f 402 319 318
f 319 402 403
f 314 399 315
f 399 314 398
f 404 321 320
f 321 404 405
f 407 324 323
f 324 407 408
f 408 325 324
f 325 408 409
f 412 413 414
f 413 412 415
f 416 417 413
f 416 259 417
f 259 418 310
f 418 259 416
f 419 413 417
f 310 413 419
f 310 414 413
f 414 310 418
f 420 418 416
f 418 420 421
f 412 420 415
f 420 412 421
f 413 420 416
f 420 413 415
f 412 418 421
f 418 412 414
f 422 423 424
f 425 426 427
f 428 429 423
f 428 430 429
f 428 431 430
f 428 432 431
f 426 425 432
f 427 433 425
f 434 433 427
f 434 435 433
f 434 436 435
f 437 436 434
f 436 437 438
f 439 438 437
f 438 439 440
f 441 440 439
f 440 441 442
f 443 442 441
f 442 443 444
f 445 444 443
f 446 447 422
f 423 422 448
f 423 448 449
f 423 449 428
f 432 428 426
f 422 424 450
f 422 450 451
f 422 451 452
f 446 422 452
f 453 447 446
f 454 447 453
f 455 447 454
f 456 447 455
f 457 447 456
f 457 456 458
f 457 458 459
f 457 459 460
f 457 460 461
f 462 461 463
f 444 445 464
f 462 464 445
f 464 462 465
f 465 462 466
f 466 462 467
f 467 462 468
f 468 462 463
f 461 462 457
f 447 457 417
f 417 457 419
f 447 273 422
f 273 447 258
f 310 457 312
f 457 310 419
f 417 258 447
f 258 417 259
f 335 434 427
f 434 335 338
f 312 462 293
f 462 312 457
f 329 428 449
f 428 329 331
f 338 437 434
f 437 338 340
f 448 329 449
f 329 448 281
f 331 426 428
f 426 331 333
f 333 427 426
f 427 333 335
f 297 441 439
f 441 297 296
f 340 439 437
f 439 340 297
f 296 443 441
f 443 296 299
f 293 445 301
f 445 293 462
f 422 281 448
f 281 422 273
f 301 443 299
f 443 301 445
f 276 423 279
f 423 276 424
f 279 429 278
f 429 279 423
f 339 435 436
f 435 339 337
f 332 431 432
f 431 332 330
f 342 438 440
f 438 342 341
f 284 455 454
f 455 284 285
f 275 451 274
f 451 275 452
f 278 430 280
f 430 278 429
f 336 425 433
f 425 336 334
f 334 432 425
f 432 334 332
f 465 345 464
f 345 465 346
f 464 344 444
f 344 464 345
f 341 436 438
f 436 341 339
f 291 460 459
f 460 291 300
f 468 295 467
f 295 468 298
f 280 431 330
f 431 280 430
f 337 433 435
f 433 337 336
f 466 346 465
f 346 466 294
f 467 294 466
f 294 467 295
f 343 440 442
f 440 343 342
f 444 343 442
f 343 444 344
f 283 454 453
f 454 283 284
f 272 453 446
f 453 272 283
f 272 452 275
f 452 272 446
f 274 450 277
f 450 274 451
f 277 424 276
f 424 277 450
f 289 459 458
f 459 289 291
f 286 458 456
f 458 286 289
f 285 456 455
f 456 285 286
f 461 351 463
f 351 461 349
f 300 461 460
f 461 300 349
f 463 298 468
f 298 463 351
f 469 470 471
f 470 469 472
f 470 472 473
f 474 475 476
f 477 478 479
f 478 477 480
f 481 482 483
f 482 481 484
f 485 486 487
f 488 489 490
f 491 483 492
f 493 494 495
f 496 497 498
f 499 482 484
f 500 501 502
f 503 504 505
f 506 507 508
f 508 509 510
f 509 508 507
f 489 511 490
f 470 473 512
f 513 477 514
f 477 513 480
f 493 515 494
f 515 493 516
f 479 478 517
f 518 519 520
f 521 519 518
f 519 521 522
f 523 524 525
f 524 523 526
f 524 487 486
f 487 524 526
f 481 483 491
f 527 528 529
f 528 527 530
f 531 532 533
f 532 531 534
f 535 503 505
f 509 536 510
f 490 469 471
f 469 490 511
f 537 538 539
f 540 541 542
f 541 540 543
f 544 495 545
f 495 544 493
f 544 514 477
f 514 544 545
f 516 512 546
f 512 516 470
f 516 546 515
f 547 525 524
f 525 547 548
f 549 530 550
f 486 550 530
f 550 486 485
f 527 535 505
f 535 527 529
f 483 538 551
f 482 538 483
f 482 552 538
f 501 552 482
f 501 553 552
f 547 553 501
f 547 554 553
f 524 554 547
f 524 540 554
f 486 540 524
f 486 543 540
f 530 543 486
f 530 518 543
f 527 518 530
f 527 521 518
f 505 521 527
f 505 496 521
f 476 496 505
f 476 479 496
f 532 479 476
f 532 477 479
f 555 477 532
f 555 544 477
f 508 544 555
f 508 493 544
f 510 493 508
f 510 516 493
f 490 516 510
f 490 470 516
f 470 490 471
f 532 475 533
f 475 532 476
f 510 488 490
f 488 510 536
f 556 538 537
f 483 557 492
f 557 483 551
f 558 540 542
f 540 558 559
f 560 518 520
f 479 561 496
f 561 479 517
f 496 561 497
f 499 501 482
f 501 499 502
f 549 528 530
f 476 504 474
f 504 476 505
f 555 534 562
f 534 555 532
f 555 506 508
f 506 555 562
f 539 552 563
f 552 539 538
f 564 553 565
f 554 559 566
f 559 554 540
f 565 554 566
f 554 565 553
f 543 560 567
f 560 543 518
f 541 543 567
f 521 498 522
f 498 521 496
f 500 547 501
f 547 500 548
f 557 538 556
f 538 557 551
f 568 553 564
f 553 568 552
f 563 552 568
f 569 570 571
f 570 569 572
f 570 572 573
f 574 575 576
f 577 578 579
f 578 577 580
f 581 582 583
f 582 581 584
f 585 586 587
f 588 589 590
f 591 583 592
f 593 594 595
f 596 597 598
f 599 582 584
f 600 601 602
f 603 604 605
f 606 607 608
f 608 609 610
f 609 608 607
f 589 611 590
f 570 573 612
f 613 577 614
f 577 613 580
f 593 615 594
f 615 593 616
f 579 578 617
f 618 619 620
f 621 619 618
f 619 621 622
f 623 624 625
f 624 623 626
f 624 587 586
f 587 624 626
f 581 583 591
f 627 628 629
f 628 627 630
f 631 632 633
f 632 631 634
f 635 603 605
f 609 636 610
f 590 569 571
f 569 590 611
f 637 638 639
f 640 641 642
f 641 640 643
f 644 595 645
f 595 644 593
f 644 614 577
f 614 644 645
f 616 612 646
f 612 616 570
f 616 646 615
f 647 625 624
f 625 647 648
f 649 630 650
f 586 650 630
f 650 586 585
f 627 635 605
f 635 627 629
f 583 638 651
f 582 638 583
f 582 652 638
f 601 652 582
f 601 653 652
f 647 653 601
f 647 654 653
f 624 654 647
f 624 640 654
f 586 640 624
f 586 643 640
f 630 643 586
f 630 618 643
f 627 618 630
f 627 621 618
f 605 621 627
f 605 596 621
f 576 596 605
f 576 579 596
f 632 579 576
f 632 577 579
f 655 577 632
f 655 644 577
f 608 644 655
f 608 593 644
f 610 593 608
f 610 616 593
f 590 616 610
f 590 570 616
f 570 590 571
f 632 575 633
f 575 632 576
f 610 588 590
f 588 610 636
f 656 638 637
f 583 657 592
f 657 583 651
f 658 640 642
f 640 658 659
f 660 618 620
f 579 661 596
f 661 579 617
f 596 661 597
f 599 601 582
f 601 599 602
f 649 628 630
f 576 604 574
f 604 576 605
f 655 634 662
f 634 655 632
f 655 606 608
f 606 655 662
f 639 652 663
f 652 639 638
f 664 653 665
f 654 659 666
f 659 654 640
f 665 654 666
f 654 665 653
f 643 660 667
f 660 643 618
f 641 643 667
f 621 598 622
f 598 621 596
f 600 647 601
f 647 600 648
f 657 638 656
f 638 657 651
f 668 653 664
f 653 668 652
f 663 652 668
f 669 670 671
f 670 669 672
f 670 672 673
f 674 675 676
f 677 678 679
f 678 677 680
f 681 682 683
f 682 681 684
f 685 686 687
f 688 689 690
f 691 683 692
f 693 694 695
f 696 697 698
f 699 682 684
f 700 701 702
f 703 704 705
f 706 707 708
f 708 709 710
f 709 708 707
f 689 711 690
f 670 673 712
f 713 677 714
f 677 713 680
f 693 715 694
f 715 693 716
f 679 678 717
f 718 719 720
f 721 719 718
f 719 721 722
f 723 724 725
f 724 723 726
f 724 687 686
f 687 724 726
f 681 683 691
f 727 728 729
f 728 727 730
f 731 732 733
f 732 731 734
f 735 703 705
f 709 736 710
f 690 669 671
f 669 690 711
f 737 738 739
f 740 741 742
f 741 740 743
f 744 695 745
f 695 744 693
f 744 714 677
f 714 744 745
f 716 712 746
f 712 716 670
f 716 746 715
f 747 725 724
f 725 747 748
f 749 730 750
f 686 750 730
f 750 686 685
f 727 735 705
f 735 727 729
f 683 738 751
f 682 738 683
f 682 752 738
f 701 752 682
f 701 753 752
f 747 753 701
f 747 754 753
f 724 754 747
f 724 740 754
f 686 740 724
f 686 743 740
f 730 743 686
f 730 718 743
f 727 718 730
f 727 721 718
f 705 721 727
f 705 696 721
f 676 696 705
f 676 679 696
f 732 679 676
f 732 677 679
f 755 677 732
f 755 744 677
f 708 744 755
f 708 693 744
f 710 693 708
f 710 716 693
f 690 716 710
f 690 670 716
f 670 690 671
f 732 675 733
f 675 732 676
f 710 688 690
f 688 710 736
f 756 738 737
f 683 757 692
f 757 683 751
f 758 740 742
f 740 758 759
f 760 718 720
f 679 761 696
f 761 679 717
f 696 761 697
f 699 701 682
f 701 699 702
f 749 728 730
f 676 704 674
f 704 676 705
f 755 734 762
f 734 755 732
f 755 706 708
f 706 755 762
f 739 752 763
f 752 739 738
f 764 753 765
f 754 759 766
f 759 754 740
f 765 754 766
f 754 765 753
f 743 760 767
f 760 743 718
f 741 743 767
f 721 698 722
f 698 721 696
f 700 747 701
f 747 700 748
f 757 738 756
f 738 757 751
f 768 753 764
f 753 768 752
f 763 752 768
f 769 770 771
f 770 769 772
f 770 772 773
f 774 775 776
f 775 774 777
f 778 779 780
f 779 778 781
f 782 783 784
f 785 786 787
f 786 785 788
f 789 790 791
f 790 789 792
f 793 794 795
f 770 773 796
f 797 798 799
f 800 801 802
f 803 781 778
f 794 804 795
f 805 806 807
f 808 792 809
f 792 808 810
f 811 812 813
f 786 814 815
f 814 786 788
f 816 808 817
f 808 816 810
f 800 818 801
f 818 800 819
f 820 801 816
f 801 820 802
f 821 822 823
f 822 821 824
f 825 826 827
f 828 829 830
f 829 828 831
f 779 832 780
f 795 769 771
f 769 795 804
f 805 784 806
f 784 805 782
f 833 792 789
f 809 792 833
f 799 834 835
f 834 799 798
f 836 811 837
f 811 836 812
f 838 836 837
f 812 839 813
f 815 814 840
f 841 842 843
f 841 844 842
f 845 818 819
f 845 774 818
f 774 845 777
f 846 776 775
f 776 846 847
f 848 849 850
f 848 851 849
f 852 816 817
f 820 816 852
f 829 826 830
f 826 829 827
f 780 793 795
f 793 780 832
f 782 796 783
f 796 782 770
f 853 807 854
f 807 853 805
f 853 787 786
f 787 853 854
f 791 790 855
f 856 838 857
f 838 856 836
f 858 843 859
f 843 858 841
f 821 851 824
f 851 821 849
f 816 792 810
f 801 792 816
f 801 790 792
f 818 790 801
f 818 798 790
f 774 798 818
f 774 834 798
f 776 834 774
f 776 856 834
f 860 856 776
f 860 836 856
f 849 836 860
f 849 812 836
f 821 812 849
f 821 858 812
f 823 858 821
f 823 841 858
f 827 841 823
f 827 815 841
f 829 815 827
f 829 786 815
f 861 786 829
f 861 853 786
f 778 853 861
f 778 805 853
f 780 805 778
f 780 782 805
f 795 782 780
f 795 770 782
f 770 795 771
f 860 850 849
f 850 860 862
f 827 863 825
f 863 827 823
f 861 831 864
f 831 861 829
f 861 803 778
f 803 861 864
f 855 798 797
f 798 855 790
f 865 856 857
f 856 865 866
f 834 866 835
f 866 834 856
f 815 844 841
f 844 815 840
f 858 839 812
f 839 858 859
f 776 867 860
f 867 776 847
f 862 860 867
f 822 868 823
f 868 863 823
f 869 870 871
f 870 869 872
f 870 872 873
f 874 875 876
f 877 878 879
f 878 877 880
f 881 882 883
f 882 881 884
f 885 886 887
f 886 885 888
f 889 890 891
f 892 893 894
f 895 896 897
f 898 899 900
f 901 902 903
f 904 905 906
f 907 908 909
f 909 910 911
f 910 909 908
f 890 912 891
f 870 873 913
f 914 884 915
f 884 914 916
f 917 918 919
f 920 877 921
f 877 920 880
f 879 878 922
f 895 923 896
f 923 895 924
f 925 926 927
f 900 899 928
f 886 929 930
f 929 886 888
f 931 932 933
f 934 935 936
f 935 934 937
f 938 904 906
f 910 939 911
f 891 869 871
f 869 891 912
f 940 884 881
f 915 884 940
f 894 941 942
f 941 894 893
f 943 917 944
f 917 943 918
f 945 943 944
f 918 946 919
f 947 948 949
f 950 897 951
f 897 950 895
f 950 921 877
f 921 950 951
f 924 913 952
f 913 924 870
f 924 952 923
f 901 926 902
f 926 901 927
f 931 953 932
f 954 953 955
f 953 954 932
f 935 875 936
f 875 935 876
f 911 889 891
f 889 911 939
f 883 882 956
f 957 945 958
f 945 957 943
f 947 949 959
f 960 959 961
f 959 960 947
f 960 946 918
f 946 960 961
f 898 902 899
f 902 898 903
f 925 962 926
f 962 925 963
f 962 887 886
f 887 962 963
f 964 930 929
f 930 933 932
f 933 930 964
f 954 938 906
f 938 954 955
f 899 884 916
f 902 884 899
f 902 882 884
f 926 882 902
f 926 893 882
f 962 893 926
f 962 941 893
f 886 941 962
f 886 957 941
f 930 957 886
f 930 943 957
f 932 943 930
f 932 918 943
f 954 918 932
f 954 960 918
f 906 960 954
f 906 947 960
f 876 947 906
f 876 879 947
f 935 879 876
f 935 877 879
f 965 877 935
f 965 950 877
f 909 950 965
f 909 895 950
f 911 895 909
f 911 924 895
f 891 924 911
f 891 870 924
f 870 891 871
f 876 905 874
f 905 876 906
f 965 937 966
f 937 965 935
f 965 907 909
f 907 965 966
f 899 914 928
f 914 899 916
f 956 893 892
f 893 956 882
f 967 957 958
f 957 967 968
f 941 968 942
f 968 941 957
f 879 948 947
f 948 879 922
f 969 970 971
f 970 969 972
f 970 972 973
f 974 975 976
f 975 974 977
f 978 979 980
f 979 978 981
f 982 983 984
f 980 979 985
f 986 987 988
f 989 990 991
f 992 993 994
f 995 996 997
f 997 998 999
f 998 997 996
f 983 1000 984
f 970 973 1001
f 1002 1003 1004
f 1003 1002 1005
f 1006 1007 1008
f 1009 974 1010
f 974 1009 977
f 976 975 1011
f 986 1012 987
f 1012 986 1013
f 1014 1015 1016
f 1014 1017 1015
f 1017 1014 1018
f 991 990 1019
f 1020 1021 1022
f 1020 1023 1021
f 1024 1025 1026
f 1025 1024 1027
f 1028 1027 1029
f 1027 1028 1025
f 1030 992 994
f 998 1031 999
f 984 969 971
f 969 984 1000
f 1032 1003 1033
f 1004 1003 1032
f 985 1034 1035
f 1034 985 979
f 1036 1037 1038
f 1037 1036 1039
f 1040 1006 1041
f 1006 1040 1007
f 1042 1040 1041
f 1007 1043 1008
f 1044 1045 1046
f 1047 988 1048
f 988 1047 986
f 1047 1010 974
f 1010 1047 1048
f 1013 1001 1049
f 1001 1013 970
f 1013 1049 1012
f 989 1050 990
f 1050 989 1051
f 1052 1023 1053
f 1023 1052 1021
f 1054 1022 1021
f 1022 1054 1055
f 1056 993 1057
f 993 1056 994
f 999 982 984
f 982 999 1031
f 1034 1039 1035
f 1039 1034 1037
f 1058 1043 1007
f 1043 1058 1059
f 1058 1046 1059
f 1046 1058 1044
f 1060 1050 1051
f 1060 1015 1050
f 1015 1060 1016
f 1017 1061 1062
f 1061 1017 1018
f 1063 1062 1061
f 1062 1063 1064
f 1052 1030 994
f 1030 1052 1053
f 990 1003 1005
f 1050 1003 990
f 1050 981 1003
f 1015 981 1050
f 1015 979 981
f 1017 979 1015
f 1017 1034 979
f 1062 1034 1017
f 1062 1037 1034
f 1054 1037 1062
f 1054 1040 1037
f 1021 1040 1054
f 1021 1007 1040
f 1052 1007 1021
f 1052 1058 1007
f 994 1058 1052
f 994 1044 1058
f 1056 1044 994
f 1056 976 1044
f 1025 976 1056
f 1025 974 976
f 1028 974 1025
f 1028 1047 974
f 997 1047 1028
f 997 986 1047
f 999 986 997
f 999 1013 986
f 984 1013 999
f 984 970 1013
f 970 984 971
f 1062 1065 1054
f 1065 1062 1064
f 1055 1054 1065
f 1057 1066 1056
f 1025 1066 1026
f 1066 1025 1056
f 1028 995 997
f 995 1028 1029
f 990 1002 1019
f 1002 990 1005
f 1067 981 978
f 1033 981 1067
f 981 1033 1003
f 1037 1042 1038
f 1042 1037 1040
f 976 1068 1044
f 1068 976 1011
f 1044 1068 1045
f 1069 1070 1071
f 1070 1069 1072
f 1070 1072 1073
f 1074 1075 1076
f 1077 1078 1079
f 1078 1077 1080
f 1081 1082 1083
f 1082 1081 1084
f 1085 1086 1087
f 1086 1085 1088
f 1089 1090 1091
f 1092 1093 1094
f 1095 1096 1097
f 1098 1099 1100
f 1101 1102 1103
f 1104 1105 1106
f 1107 1108 1109
f 1109 1110 1111
f 1110 1109 1108
f 1090 1112 1091
f 1070 1073 1113
f 1114 1084 1115
f 1084 1114 1116
f 1117 1118 1119
f 1120 1077 1121
f 1077 1120 1080
f 1079 1078 1122
f 1095 1123 1096
f 1123 1095 1124
f 1125 1126 1127
f 1100 1099 1128
f 1086 1129 1130
f 1129 1086 1088
f 1131 1132 1133
f 1134 1135 1136
f 1135 1134 1137
f 1138 1104 1106
f 1110 1139 1111
f 1091 1069 1071
f 1069 1091 1112
f 1140 1084 1081
f 1115 1084 1140
f 1094 1141 1142
f 1141 1094 1093
f 1143 1117 1144
f 1117 1143 1118
f 1145 1143 1144
f 1118 1146 1119
f 1147 1148 1149
f 1150 1097 1151
f 1097 1150 1095
f 1150 1121 1077
f 1121 1150 1151
f 1124 1113 1152
f 1113 1124 1070
f 1124 1152 1123
f 1101 1126 1102
f 1126 1101 1127
f 1131 1153 1132
f 1154 1153 1155
f 1153 1154 1132
f 1135 1075 1136
f 1075 1135 1076
f 1111 1089 1091
f 1089 1111 1139
f 1083 1082 1156
f 1157 1145 1158
f 1145 1157 1143
f 1147 1149 1159
f 1160 1159 1161
f 1159 1160 1147
f 1160 1146 1118
f 1146 1160 1161
f 1098 1102 1099
f 1102 1098 1103
f 1125 1162 1126
f 1162 1125 1163
f 1162 1087 1086
f 1087 1162 1163
f 1164 1130 1129
f 1130 1133 1132
f 1133 1130 1164
f 1154 1138 1106
f 1138 1154 1155
f 1099 1084 1116
f 1102 1084 1099
f 1102 1082 1084
f 1126 1082 1102
f 1126 1093 1082
f 1162 1093 1126
f 1162 1141 1093
f 1086 1141 1162
f 1086 1157 1141
f 1130 1157 1086
f 1130 1143 1157
f 1132 1143 1130
f 1132 1118 1143
f 1154 1118 1132
f 1154 1160 1118
f 1106 1160 1154
f 1106 1147 1160
f 1076 1147 1106
f 1076 1079 1147
f 1135 1079 1076
f 1135 1077 1079
f 1165 1077 1135
f 1165 1150 1077
f 1109 1150 1165
f 1109 1095 1150
f 1111 1095 1109
f 1111 1124 1095
f 1091 1124 1111
f 1091 1070 1124
f 1070 1091 1071
f 1076 1105 1074
f 1105 1076 1106
f 1165 1137 1166
f 1137 1165 1135
f 1165 1107 1109
f 1107 1165 1166
f 1099 1114 1128
f 1114 1099 1116
f 1156 1093 1092
f 1093 1156 1082
f 1167 1157 1158
f 1157 1167 1168
f 1141 1168 1142
f 1168 1141 1157
f 1079 1148 1147
f 1148 1079 1122
f 1169 1170 1171
f 1170 1169 1172
f 1170 1172 1173
f 1174 1175 1176
f 1177 1178 1179
f 1178 1177 1180
f 1181 1182 1183
f 1182 1181 1184
f 1185 1186 1187
f 1188 1189 1190
f 1189 1188 1191
f 1192 1183 1193
f 1194 1195 1196
f 1195 1194 1197
f 1198 1199 1200
f 1201 1182 1184
f 1202 1203 1204
f 1205 1206 1207
f 1208 1209 1210
f 1210 1211 1212
f 1211 1210 1209
f 1190 1213 1188
f 1170 1173 1214
f 1180 1215 1178
f 1216 1194 1217
f 1194 1216 1197
f 1177 1179 1218
f 1219 1220 1221
f 1220 1222 1223
f 1222 1220 1219
f 1224 1225 1226
f 1186 1224 1187
f 1224 1186 1225
f 1227 1183 1192
f 1183 1227 1181
f 1228 1229 1230
f 1229 1228 1231
f 1232 1233 1234
f 1235 1205 1207
f 1211 1236 1212
f 1213 1171 1188
f 1171 1213 1169
f 1237 1238 1239
f 1240 1241 1242
f 1241 1240 1243
f 1196 1244 1194
f 1244 1196 1245
f 1180 1245 1215
f 1245 1180 1244
f 1214 1217 1170
f 1217 1214 1246
f 1217 1246 1216
f 1225 1247 1226
f 1247 1225 1248
f 1249 1231 1250
f 1231 1185 1250
f 1185 1231 1186
f 1235 1228 1230
f 1228 1235 1207
f 1228 1222 1219
f 1231 1219 1241
f 1222 1228 1198
f 1186 1241 1243
f 1207 1198 1228
f 1225 1243 1251
f 1198 1207 1177
f 1248 1251 1252
f 1176 1177 1207
f 1203 1252 1253
f 1177 1176 1180
f 1203 1253 1238
f 1234 1180 1176
f 1203 1238 1254
f 1180 1234 1244
f 1203 1254 1183
f 1255 1244 1234
f 1203 1183 1182
f 1219 1231 1228
f 1252 1203 1248
f 1244 1255 1194
f 1251 1248 1225
f 1210 1194 1255
f 1243 1225 1186
f 1241 1186 1231
f 1194 1210 1217
f 1188 1210 1212
f 1170 1210 1171
f 1171 1210 1188
f 1217 1210 1170
f 1232 1176 1175
f 1176 1232 1234
f 1212 1191 1188
f 1191 1212 1236
f 1256 1238 1237
f 1193 1254 1257
f 1254 1193 1183
f 1258 1243 1240
f 1259 1219 1221
f 1198 1218 1260
f 1218 1198 1177
f 1198 1260 1199
f 1201 1203 1182
f 1203 1201 1204
f 1249 1229 1231
f 1174 1207 1206
f 1207 1174 1176
f 1261 1234 1233
f 1234 1261 1255
f 1255 1208 1210
f 1208 1255 1261
f 1239 1253 1262
f 1253 1239 1238
f 1263 1252 1264
f 1252 1263 1265
f 1266 1243 1258
f 1243 1266 1251
f 1264 1251 1266
f 1251 1264 1252
f 1267 1219 1259
f 1219 1267 1241
f 1242 1241 1267
f 1222 1200 1223
f 1200 1222 1198
f 1202 1248 1203
f 1248 1202 1247
f 1257 1238 1256
f 1238 1257 1254
f 1268 1252 1265
f 1252 1268 1253
f 1262 1253 1268
f 1269 1270 1271
f 1270 1269 1272
f 1270 1272 1273
f 1274 1275 1276
f 1277 1278 1279
f 1278 1277 1280
f 1281 1282 1283
f 1282 1281 1284
f 1285 1286 1287
f 1288 1289 1290
f 1289 1288 1291
f 1292 1283 1293
f 1294 1295 1296
f 1295 1294 1297
f 1298 1299 1300
f 1301 1282 1284
f 1302 1303 1304
f 1305 1306 1307
f 1308 1309 1310
f 1310 1311 1312
f 1311 1310 1309
f 1290 1313 1288
f 1270 1273 1314
f 1280 1315 1278
f 1316 1294 1317
f 1294 1316 1297
f 1277 1279 1318
f 1319 1320 1321
f 1320 1322 1323
f 1322 1320 1319
f 1324 1325 1326
f 1286 1324 1287
f 1324 1286 1325
f 1327 1283 1292
f 1283 1327 1281
f 1328 1329 1330
f 1329 1328 1331
f 1332 1333 1334
f 1335 1305 1307
f 1311 1336 1312
f 1313 1271 1288
f 1271 1313 1269
f 1337 1338 1339
f 1340 1341 1342
f 1341 1340 1343
f 1296 1344 1294
f 1344 1296 1345
f 1280 1345 1315
f 1345 1280 1344
f 1314 1317 1270
f 1317 1314 1346
f 1317 1346 1316
f 1325 1347 1326
f 1347 1325 1348
f 1349 1331 1350
f 1331 1285 1350
f 1285 1331 1286
f 1335 1328 1330
f 1328 1335 1307
f 1328 1322 1319
f 1331 1319 1341
f 1322 1328 1298
f 1286 1341 1343
f 1307 1298 1328
f 1325 1343 1351
f 1298 1307 1277
f 1348 1351 1352
f 1276 1277 1307
f 1303 1352 1353
f 1277 1276 1280
f 1303 1353 1338
f 1334 1280 1276
f 1303 1338 1354
f 1280 1334 1344
f 1303 1354 1283
f 1355 1344 1334
f 1303 1283 1282
f 1319 1331 1328
f 1352 1303 1348
f 1344 1355 1294
f 1351 1348 1325
f 1310 1294 1355
f 1343 1325 1286
f 1341 1286 1331
f 1294 1310 1317
f 1288 1310 1312
f 1270 1310 1271
f 1271 1310 1288
f 1317 1310 1270
f 1332 1276 1275
f 1276 1332 1334
f 1312 1291 1288
f 1291 1312 1336
f 1356 1338 1337
f 1293 1354 1357
f 1354 1293 1283
f 1358 1343 1340
f 1359 1319 1321
f 1298 1318 1360
f 1318 1298 1277
f 1298 1360 1299
f 1301 1303 1282
f 1303 1301 1304
f 1349 1329 1331
f 1274 1307 1306
f 1307 1274 1276
f 1361 1334 1333
f 1334 1361 1355
f 1355 1308 1310
f 1308 1355 1361
f 1339 1353 1362
f 1353 1339 1338
f 1363 1352 1364
f 1352 1363 1365
f 1366 1343 1358
f 1343 1366 1351
f 1364 1351 1366
f 1351 1364 1352
f 1367 1319 1359
f 1319 1367 1341
f 1342 1341 1367
f 1322 1300 1323
f 1300 1322 1298
f 1302 1348 1303
f 1348 1302 1347
f 1357 1338 1356
f 1338 1357 1354
f 1368 1352 1365
f 1352 1368 1353
f 1362 1353 1368
f 1369 1370 1371
f 1370 1369 1372
f 1370 1372 1373
f 1374 1375 1376
f 1375 1374 1377
f 1378 1379 1370
f 1379 1378 1380
f 1381 1382 1383
f 1384 1385 1386
f 1385 1384 1387
f 1388 1389 1390
f 1389 1388 1391
f 1392 1393 1394
f 1395 1396 1397
f 1398 1399 1400
f 1399 1398 1401
f 1402 1403 1404
f 1403 1402 1405
f 1390 1406 1407
f 1406 1390 1389
f 1379 1380 1408
f 1370 1373 1378
f 1377 1400 1375
f 1400 1377 1409
f 1410 1411 1412
f 1411 1410 1413
f 1395 1414 1396
f 1415 1416 1417
f 1416 1415 1418
f 1419 1399 1401
f 1398 1400 1409
f 1420 1421 1422
f 1422 1423 1424
f 1423 1422 1415
f 1425 1387 1426
f 1387 1425 1427
f 1428 1426 1387
f 1384 1428 1387
f 1403 1429 1404
f 1407 1430 1390
f 1430 1371 1390
f 1371 1430 1369
f 1431 1432 1433
f 1376 1375 1434
f 1435 1381 1436
f 1381 1435 1437
f 1408 1410 1379
f 1410 1408 1413
f 1412 1438 1410
f 1438 1412 1439
f 1392 1439 1393
f 1439 1392 1438
f 1440 1441 1442
f 1395 1442 1414
f 1442 1395 1440
f 1443 1397 1444
f 1397 1443 1395
f 1382 1443 1444
f 1443 1382 1381
f 1385 1443 1381
f 1422 1381 1437
f 1443 1385 1395
f 1415 1437 1445
f 1387 1395 1385
f 1418 1445 1446
f 1395 1387 1440
f 1447 1446 1448
f 1427 1440 1387
f 1399 1448 1449
f 1440 1427 1392
f 1399 1449 1432
f 1450 1392 1427
f 1399 1432 1451
f 1392 1450 1438
f 1399 1451 1375
f 1402 1438 1450
f 1399 1375 1400
f 1381 1422 1385
f 1448 1399 1447
f 1438 1402 1410
f 1446 1447 1418
f 1404 1410 1402
f 1445 1418 1415
f 1437 1415 1422
f 1410 1404 1379
f 1390 1404 1388
f 1370 1404 1371
f 1371 1404 1390
f 1379 1404 1370
f 1385 1421 1386
f 1421 1385 1422
f 1423 1415 1417
f 1425 1452 1427
f 1453 1454 1450
f 1404 1455 1388
f 1455 1404 1429
f 1455 1391 1388
f 1456 1432 1431
f 1434 1451 1457
f 1451 1434 1375
f 1458 1445 1459
f 1460 1437 1435
f 1436 1381 1383
f 1440 1394 1441
f 1394 1440 1392
f 1418 1461 1462
f 1461 1418 1447
f 1416 1418 1462
f 1420 1422 1424
f 1405 1450 1454
f 1450 1405 1402
f 1453 1427 1452
f 1427 1453 1450
f 1433 1449 1463
f 1449 1433 1432
f 1464 1448 1465
f 1448 1464 1466
f 1467 1445 1458
f 1445 1467 1446
f 1465 1446 1467
f 1446 1465 1448
f 1459 1437 1460
f 1437 1459 1445
f 1419 1447 1399
f 1447 1419 1461
f 1457 1432 1456
f 1432 1457 1451
f 1468 1448 1466
f 1448 1468 1449
f 1463 1449 1468
f 1469 1470 1471
f 1470 1469 1472
f 1470 1472 1473
f 1474 1475 1476
f 1475 1474 1477
f 1478 1479 1470
f 1479 1478 1480
f 1481 1482 1483
f 1484 1485 1486
f 1485 1484 1487
f 1488 1489 1490
f 1489 1488 1491
f 1492 1493 1494
f 1493 1492 1495
f 1496 1497 1477
f 1497 1496 1498
f 1499 1500 1501
f 1500 1499 1502
f 1490 1503 1504
f 1503 1490 1489
f 1479 1480 1505
f 1470 1473 1478
f 1506 1507 1508
f 1507 1506 1509
f 1508 1510 1511
f 1510 1508 1507
f 1512 1495 1513
f 1495 1512 1514
f 1515 1516 1517
f 1516 1515 1518
f 1519 1520 1521
f 1520 1519 1522
f 1523 1524 1525
f 1524 1523 1526
f 1527 1497 1498
f 1528 1477 1529
f 1477 1528 1496
f 1529 1477 1474
f 1530 1487 1531
f 1487 1530 1532
f 1533 1531 1487
f 1484 1533 1487
f 1500 1534 1501
f 1504 1535 1490
f 1535 1471 1490
f 1471 1535 1469
f 1536 1507 1509
f 1507 1536 1537
f 1538 1539 1540
f 1541 1514 1512
f 1513 1495 1542
f 1495 1492 1542
f 1505 1515 1479
f 1515 1505 1518
f 1517 1543 1515
f 1543 1517 1544
f 1481 1544 1482
f 1544 1481 1543
f 1522 1545 1520
f 1546 1526 1547
f 1526 1546 1524
f 1548 1549 1550
f 1548 1551 1549
f 1530 1552 1532
f 1553 1554 1555
f 1501 1556 1488
f 1556 1501 1534
f 1556 1491 1488
f 1557 1558 1559
f 1560 1558 1557
f 1511 1539 1538
f 1539 1511 1510
f 1519 1521 1561
f 1519 1561 1562
f 1527 1547 1497
f 1547 1527 1563
f 1546 1547 1563
f 1485 1493 1495
f 1549 1495 1514
f 1493 1485 1519
f 1564 1514 1539
f 1487 1519 1485
f 1523 1539 1510
f 1519 1487 1522
f 1526 1510 1507
f 1532 1522 1487
f 1547 1507 1537
f 1522 1532 1481
f 1547 1537 1558
f 1555 1481 1532
f 1547 1558 1475
f 1481 1555 1543
f 1547 1475 1477
f 1499 1543 1555
f 1547 1477 1497
f 1495 1549 1485
f 1507 1547 1526
f 1543 1499 1515
f 1510 1526 1523
f 1501 1515 1499
f 1539 1523 1564
f 1514 1564 1549
f 1515 1501 1479
f 1490 1501 1488
f 1470 1501 1471
f 1471 1501 1490
f 1479 1501 1470
f 1485 1551 1486
f 1551 1485 1549
f 1565 1564 1566
f 1549 1565 1550
f 1565 1549 1564
f 1564 1567 1566
f 1567 1564 1523
f 1567 1523 1525
f 1502 1555 1554
f 1555 1502 1499
f 1553 1532 1552
f 1532 1553 1555
f 1476 1558 1560
f 1558 1476 1475
f 1568 1537 1536
f 1559 1537 1568
f 1537 1559 1558
f 1540 1514 1541
f 1514 1540 1539
f 1493 1562 1494
f 1562 1493 1519
f 1522 1483 1545
f 1483 1522 1481
f 1569 1570 1571
f 1570 1569 1572
f 1570 1572 1573
f 1574 1575 1576
f 1577 1578 1579
f 1578 1577 1580
f 1581 1582 1583
f 1582 1581 1584
f 1585 1586 1587
f 1588 1589 1590
f 1589 1588 1591
f 1592 1593 1594
f 1593 1592 1595
f 1596 1597 1598
f 1597 1596 1599
f 1600 1601 1602
f 1601 1600 1603
f 1604 1605 1606
f 1607 1608 1609
f 1610 1611 1612
f 1612 1613 1614
f 1613 1612 1611
f 1590 1615 1588
f 1570 1573 1616
f 1617 1618 1619
f 1618 1617 1601
f 1620 1621 1622
f 1580 1623 1578
f 1577 1579 1624
f 1625 1596 1626
f 1596 1625 1599
f 1627 1628 1629
f 1602 1601 1617
f 1630 1585 1631
f 1585 1630 1586
f 1632 1633 1634
f 1635 1636 1637
f 1638 1607 1609
f 1613 1639 1614
f 1615 1571 1588
f 1571 1615 1569
f 1640 1584 1581
f 1641 1584 1640
f 1594 1642 1643
f 1642 1594 1593
f 1644 1621 1620
f 1621 1644 1645
f 1646 1645 1644
f 1621 1647 1622
f 1648 1649 1650
f 1598 1651 1596
f 1651 1598 1652
f 1580 1652 1623
f 1652 1580 1651
f 1616 1626 1570
f 1626 1616 1653
f 1626 1653 1625
f 1604 1628 1605
f 1628 1604 1629
f 1632 1654 1633
f 1638 1655 1656
f 1655 1638 1609
f 1635 1576 1575
f 1576 1635 1637
f 1614 1591 1588
f 1591 1614 1639
f 1583 1582 1657
f 1658 1645 1646
f 1645 1658 1659
f 1648 1650 1660
f 1661 1660 1662
f 1660 1661 1648
f 1647 1661 1662
f 1661 1647 1621
f 1603 1605 1601
f 1605 1603 1606
f 1627 1663 1628
f 1663 1627 1664
f 1586 1664 1587
f 1664 1586 1663
f 1665 1630 1631
f 1633 1665 1634
f 1665 1633 1630
f 1655 1661 1621
f 1633 1621 1645
f 1661 1655 1648
f 1630 1645 1659
f 1609 1648 1655
f 1586 1659 1642
f 1648 1609 1577
f 1663 1642 1593
f 1576 1577 1609
f 1628 1593 1582
f 1577 1576 1580
f 1628 1582 1584
f 1637 1580 1576
f 1628 1584 1618
f 1580 1637 1651
f 1628 1618 1601
f 1666 1651 1637
f 1628 1601 1605
f 1621 1633 1655
f 1593 1628 1663
f 1651 1666 1596
f 1642 1663 1586
f 1612 1596 1666
f 1659 1586 1630
f 1645 1630 1633
f 1596 1612 1626
f 1588 1612 1614
f 1570 1612 1571
f 1571 1612 1588
f 1626 1612 1570
f 1655 1654 1656
f 1654 1655 1633
f 1574 1609 1608
f 1609 1574 1576
f 1667 1637 1636
f 1637 1667 1666
f 1666 1610 1612
f 1610 1666 1667
f 1619 1584 1641
f 1584 1619 1618
f 1657 1593 1595
f 1593 1657 1582
f 1668 1659 1658
f 1643 1659 1668
f 1659 1643 1642
f 1648 1624 1649
f 1624 1648 1577
f 1669 1670 1671
f 1670 1669 1672
f 1670 1672 1673
f 1674 1675 1676
f 1675 1674 1677
f 1678 1679 1670
f 1679 1678 1680
f 1681 1682 1683
f 1684 1685 1686
f 1685 1684 1687
f 1688 1689 1690
f 1689 1688 1691
f 1692 1693 1694
f 1693 1692 1695
f 1696 1697 1677
f 1697 1696 1698
f 1699 1700 1701
f 1700 1699 1702
f 1690 1703 1704
f 1703 1690 1689
f 1679 1680 1705
f 1670 1673 1678
f 1706 1707 1708
f 1707 1706 1709
f 1708 1710 1711
f 1710 1708 1707
f 1712 1695 1713
f 1695 1712 1714
f 1715 1716 1717
f 1716 1715 1718
f 1719 1720 1721
f 1720 1719 1722
f 1723 1724 1725
f 1724 1723 1726
f 1727 1697 1698
f 1728 1677 1729
f 1677 1728 1696
f 1729 1677 1674
f 1730 1687 1731
f 1687 1730 1732
f 1733 1731 1687
f 1684 1733 1687
f 1700 1734 1701
f 1704 1735 1690
f 1735 1671 1690
f 1671 1735 1669
f 1736 1737 1738
f 1737 1736 1739
f 1738 1737 1740
f 1741 1714 1712
f 1713 1695 1742
f 1695 1692 1742
f 1705 1715 1679
f 1715 1705 1718
f 1717 1743 1715
f 1743 1717 1744
f 1681 1744 1682
f 1744 1681 1743
f 1722 1745 1720
f 1746 1726 1747
f 1726 1746 1724
f 1748 1749 1750
f 1748 1751 1749
f 1752 1753 1754
f 1730 1755 1732
f 1756 1757 1758
f 1701 1759 1688
f 1759 1701 1734
f 1759 1691 1688
f 1760 1739 1736
f 1761 1739 1760
f 1762 1714 1741
f 1714 1762 1763
f 1719 1721 1764
f 1719 1764 1765
f 1727 1747 1697
f 1747 1727 1766
f 1746 1747 1766
f 1685 1693 1695
f 1749 1695 1714
f 1693 1685 1719
f 1753 1714 1763
f 1687 1719 1685
f 1723 1763 1710
f 1719 1687 1722
f 1726 1710 1707
f 1732 1722 1687
f 1747 1707 1737
f 1722 1732 1681
f 1747 1737 1739
f 1758 1681 1732
f 1747 1739 1675
f 1681 1758 1743
f 1747 1675 1677
f 1699 1743 1758
f 1747 1677 1697
f 1695 1749 1685
f 1707 1747 1726
f 1743 1699 1715
f 1710 1726 1723
f 1701 1715 1699
f 1763 1723 1753
f 1714 1753 1749
f 1715 1701 1679
f 1671 1701 1690
f 1670 1701 1671
f 1690 1701 1688
f 1679 1701 1670
f 1685 1751 1686
f 1751 1685 1749
f 1749 1752 1750
f 1752 1749 1753
f 1753 1767 1754
f 1767 1753 1723
f 1767 1723 1725
f 1702 1758 1757
f 1758 1702 1699
f 1756 1732 1755
f 1732 1756 1758
f 1676 1739 1761
f 1739 1676 1675
f 1740 1707 1709
f 1707 1740 1737
f 1768 1763 1762
f 1711 1763 1768
f 1763 1711 1710
f 1693 1765 1694
f 1765 1693 1719
f 1722 1683 1745
f 1683 1722 1681
f 1769 1770 1771
f 1770 1769 1772
f 1770 1772 1773
f 1774 1775 1776
f 1775 1774 1777
f 1778 1779 1770
f 1779 1778 1780
f 1781 1782 1783
f 1784 1785 1786
f 1785 1784 1787
f 1788 1789 1790
f 1789 1788 1791
f 1792 1793 1794
f 1793 1792 1795
f 1796 1797 1798
f 1797 1796 1799
f 1800 1801 1802
f 1801 1800 1803
f 1790 1804 1805
f 1804 1790 1789
f 1779 1780 1806
f 1770 1773 1778
f 1807 1808 1809
f 1808 1807 1810
f 1809 1811 1812
f 1811 1809 1808
f 1813 1814 1815
f 1814 1813 1816
f 1817 1818 1819
f 1818 1817 1820
f 1821 1783 1822
f 1783 1821 1781
f 1823 1824 1797
f 1824 1823 1825
f 1823 1797 1799
f 1826 1798 1827
f 1798 1826 1796
f 1827 1798 1828
f 1829 1830 1831
f 1832 1829 1831
f 1833 1834 1835
f 1805 1836 1790
f 1836 1771 1790
f 1771 1836 1769
f 1837 1808 1810
f 1808 1837 1838
f 1839 1840 1841
f 1842 1816 1813
f 1815 1814 1843
f 1814 1844 1843
f 1806 1817 1779
f 1817 1806 1820
f 1819 1845 1817
f 1845 1819 1846
f 1781 1846 1782
f 1846 1781 1845
f 1847 1824 1825
f 1848 1849 1850
f 1849 1848 1851
f 1852 1853 1854
f 1855 1785 1787
f 1855 1787 1856
f 1857 1831 1830
f 1831 1857 1858
f 1859 1802 1801
f 1835 1860 1788
f 1860 1835 1834
f 1860 1791 1788
f 1861 1775 1862
f 1776 1775 1861
f 1812 1840 1839
f 1840 1812 1811
f 1795 1863 1864
f 1795 1864 1793
f 1847 1851 1824
f 1851 1847 1849
f 1832 1784 1786
f 1784 1832 1831
f 1784 1792 1814
f 1787 1814 1816
f 1792 1784 1795
f 1853 1816 1840
f 1831 1795 1784
f 1848 1840 1811
f 1795 1831 1821
f 1851 1811 1808
f 1858 1821 1831
f 1824 1808 1838
f 1821 1858 1781
f 1824 1838 1775
f 1801 1781 1858
f 1824 1775 1777
f 1781 1801 1845
f 1824 1777 1798
f 1803 1845 1801
f 1824 1798 1797
f 1814 1787 1784
f 1808 1824 1851
f 1845 1803 1817
f 1811 1851 1848
f 1835 1817 1803
f 1840 1848 1853
f 1816 1853 1787
f 1817 1835 1779
f 1771 1835 1790
f 1770 1835 1771
f 1790 1835 1788
f 1779 1835 1770
f 1853 1865 1854
f 1865 1853 1848
f 1787 1852 1856
f 1852 1787 1853
f 1865 1848 1850
f 1803 1833 1835
f 1833 1803 1800
f 1857 1866 1858
f 1859 1858 1866
f 1858 1859 1801
f 1828 1777 1774
f 1777 1828 1798
f 1867 1838 1837
f 1862 1838 1867
f 1838 1862 1775
f 1841 1816 1842
f 1816 1841 1840
f 1844 1792 1794
f 1792 1844 1814
f 1821 1822 1868
f 1795 1868 1863
f 1868 1795 1821
f 1869 1870 1871
f 1870 1869 1872
f 1872 1869 1873
f 1874 1875 1876
f 1877 1878 1879
f 1878 1877 1880
f 1881 1882 1883
f 1882 1881 1884
f 1885 1886 1887
f 1888 1889 1890
f 1891 1883 1892
f 1893 1894 1895
f 1896 1897 1898
f 1899 1882 1884
f 1900 1901 1902
f 1901 1900 1903
f 1904 1905 1906
f 1907 1908 1909
f 1908 1907 1910
f 1911 1908 1910
f 1908 1911 1912
f 1889 1913 1890
f 1914 1872 1873
f 1872 1914 1915
f 1879 1916 1877
f 1917 1893 1918
f 1893 1917 1894
f 1878 1880 1919
f 1920 1921 1922
f 1923 1921 1920
f 1921 1923 1924
f 1925 1926 1927
f 1925 1886 1926
f 1886 1925 1887
f 1881 1883 1891
f 1928 1929 1930
f 1929 1928 1931
f 1932 1933 1934
f 1935 1904 1906
f 1911 1936 1912
f 1871 1890 1913
f 1890 1871 1870
f 1937 1938 1939
f 1938 1937 1940
f 1941 1942 1943
f 1942 1941 1944
f 1895 1945 1893
f 1945 1895 1946
f 1946 1879 1945
f 1879 1946 1916
f 1915 1918 1872
f 1918 1915 1947
f 1918 1947 1917
f 1948 1926 1949
f 1926 1948 1927
f 1950 1930 1951
f 1885 1930 1886
f 1930 1885 1951
f 1929 1935 1906
f 1935 1929 1931
f 1929 1923 1920
f 1930 1920 1941
f 1923 1929 1896
f 1886 1941 1943
f 1906 1896 1929
f 1926 1943 1952
f 1896 1906 1878
f 1949 1952 1953
f 1876 1878 1906
f 1900 1953 1954
f 1878 1876 1879
f 1900 1954 1937
f 1934 1879 1876
f 1900 1937 1955
f 1879 1934 1945
f 1900 1955 1883
f 1956 1945 1934
f 1900 1883 1882
f 1920 1930 1929
f 1953 1900 1949
f 1945 1956 1893
f 1952 1949 1926
f 1908 1893 1956
f 1943 1926 1886
f 1941 1886 1930
f 1893 1908 1918
f 1890 1908 1912
f 1872 1908 1870
f 1870 1908 1890
f 1918 1908 1872
f 1876 1932 1934
f 1932 1876 1875
f 1888 1912 1936
f 1912 1888 1890
f 1957 1937 1939
f 1958 1883 1955
f 1883 1958 1892
f 1959 1943 1942
f 1960 1920 1922
f 1919 1896 1878
f 1896 1919 1961
f 1896 1961 1897
f 1899 1900 1882
f 1900 1899 1903
f 1950 1928 1930
f 1906 1874 1876
f 1874 1906 1905
f 1934 1962 1956
f 1962 1934 1933
f 1909 1956 1962
f 1956 1909 1908
f 1954 1940 1937
f 1940 1954 1963
f 1964 1953 1965
f 1943 1966 1952
f 1966 1943 1959
f 1952 1965 1953
f 1965 1952 1966
f 1920 1967 1941
f 1967 1920 1960
f 1944 1941 1967
f 1923 1898 1924
f 1898 1923 1896
f 1902 1949 1900
f 1949 1902 1948
f 1957 1955 1937
f 1955 1957 1958
f 1953 1968 1954
f 1968 1953 1964
f 1963 1954 1968
f 1969 1970 1971
f 1970 1969 1972
f 1972 1969 1973
f 1974 1975 1976
f 1977 1978 1979
f 1978 1977 1980
f 1981 1982 1983
f 1982 1981 1984
f 1985 1986 1987
f 1988 1989 1990
f 1991 1983 1992
f 1993 1994 1995
f 1996 1997 1998
f 1999 1982 1984
f 2000 2001 2002
f 2001 2000 2003
f 2004 2005 2006
f 2007 2008 2009
f 2008 2007 2010
f 2011 2008 2010
f 2008 2011 2012
f 1989 2013 1990
f 2014 1972 1973
f 1972 2014 2015
f 1979 2016 1977
f 2017 1993 2018
f 1993 2017 1994
f 1978 1980 2019
f 2020 2021 2022
f 2023 2021 2020
f 2021 2023 2024
f 2025 2026 2027
f 2025 1986 2026
f 1986 2025 1987
f 1981 1983 1991
f 2028 2029 2030
f 2029 2028 2031
f 2032 2033 2034
f 2035 2004 2006
f 2011 2036 2012
f 1971 1990 2013
f 1990 1971 1970
f 2037 2038 2039
f 2038 2037 2040
f 2041 2042 2043
f 2042 2041 2044
f 1995 2045 1993
f 2045 1995 2046
f 2046 1979 2045
f 1979 2046 2016
f 2015 2018 1972
f 2018 2015 2047
f 2018 2047 2017
f 2048 2026 2049
f 2026 2048 2027
f 2050 2030 2051
f 1985 2030 1986
f 2030 1985 2051
f 2029 2035 2006
f 2035 2029 2031
f 2029 2023 2020
f 2030 2020 2041
f 2023 2029 1996
f 1986 2041 2043
f 2006 1996 2029
f 2026 2043 2052
f 1996 2006 1978
f 2049 2052 2053
f 1976 1978 2006
f 2000 2053 2054
f 1978 1976 1979
f 2000 2054 2037
f 2034 1979 1976
f 2000 2037 2055
f 1979 2034 2045
f 2000 2055 1983
f 2056 2045 2034
f 2000 1983 1982
f 2020 2030 2029
f 2053 2000 2049
f 2045 2056 1993
f 2052 2049 2026
f 2008 1993 2056
f 2043 2026 1986
f 2041 1986 2030
f 1993 2008 2018
f 1990 2008 2012
f 1972 2008 1970
f 1970 2008 1990
f 2018 2008 1972
f 1976 2032 2034
f 2032 1976 1975
f 1988 2012 2036
f 2012 1988 1990
f 2057 2037 2039
f 2058 1983 2055
f 1983 2058 1992
f 2059 2043 2042
f 2060 2020 2022
f 2019 1996 1978
f 1996 2019 2061
f 1996 2061 1997
f 1999 2000 1982
f 2000 1999 2003
f 2050 2028 2030
f 2006 1974 1976
f 1974 2006 2005
f 2034 2062 2056
f 2062 2034 2033
f 2009 2056 2062
f 2056 2009 2008
f 2054 2040 2037
f 2040 2054 2063
f 2064 2053 2065
f 2043 2066 2052
f 2066 2043 2059
f 2052 2065 2053
f 2065 2052 2066
f 2020 2067 2041
f 2067 2020 2060
f 2044 2041 2067
f 2023 1998 2024
f 1998 2023 1996
f 2002 2049 2000
f 2049 2002 2048
f 2057 2055 2037
f 2055 2057 2058
f 2053 2068 2054
f 2068 2053 2064
f 2063 2054 2068
f 2069 2070 2071
f 2070 2069 2072
f 2072 2069 2073
f 2074 2075 2076
f 2077 2078 2079
f 2078 2077 2080
f 2081 2082 2083
f 2082 2081 2084
f 2085 2086 2087
f 2088 2089 2090
f 2091 2083 2092
f 2093 2094 2095
f 2096 2097 2098
f 2099 2082 2084
f 2100 2101 2102
f 2101 2100 2103
f 2104 2105 2106
f 2107 2108 2109
f 2108 2107 2110
f 2111 2108 2110
f 2108 2111 2112
f 2089 2113 2090
f 2114 2072 2073
f 2072 2114 2115
f 2079 2116 2077
f 2117 2093 2118
f 2093 2117 2094
f 2078 2080 2119
f 2120 2121 2122
f 2123 2121 2120
f 2121 2123 2124
f 2125 2126 2127
f 2125 2086 2126
f 2086 2125 2087
f 2081 2083 2091
f 2128 2129 2130
f 2129 2128 2131
f 2132 2133 2134
f 2135 2104 2106
f 2111 2136 2112
f 2071 2090 2113
f 2090 2071 2070
f 2137 2138 2139
f 2138 2137 2140
f 2141 2142 2143
f 2142 2141 2144
f 2095 2145 2093
f 2145 2095 2146
f 2146 2079 2145
f 2079 2146 2116
f 2115 2118 2072
f 2118 2115 2147
f 2118 2147 2117
f 2148 2126 2149
f 2126 2148 2127
f 2150 2130 2151
f 2085 2130 2086
f 2130 2085 2151
f 2129 2135 2106
f 2135 2129 2131
f 2129 2123 2120
f 2130 2120 2141
f 2123 2129 2096
f 2086 2141 2143
f 2106 2096 2129
f 2126 2143 2152
f 2096 2106 2078
f 2149 2152 2153
f 2076 2078 2106
f 2100 2153 2154
f 2078 2076 2079
f 2100 2154 2137
f 2134 2079 2076
f 2100 2137 2155
f 2079 2134 2145
f 2100 2155 2083
f 2156 2145 2134
f 2100 2083 2082
f 2120 2130 2129
f 2153 2100 2149
f 2145 2156 2093
f 2152 2149 2126
f 2108 2093 2156
f 2143 2126 2086
f 2141 2086 2130
f 2093 2108 2118
f 2090 2108 2112
f 2072 2108 2070
f 2070 2108 2090
f 2118 2108 2072
f 2076 2132 2134
f 2132 2076 2075
f 2088 2112 2136
f 2112 2088 2090
f 2157 2137 2139
f 2158 2083 2155
f 2083 2158 2092
f 2159 2143 2142
f 2160 2120 2122
f 2119 2096 2078
f 2096 2119 2161
f 2096 2161 2097
f 2099 2100 2082
f 2100 2099 2103
f 2150 2128 2130
f 2106 2074 2076
f 2074 2106 2105
f 2134 2162 2156
f 2162 2134 2133
f 2109 2156 2162
f 2156 2109 2108
f 2154 2140 2137
f 2140 2154 2163
f 2164 2153 2165
f 2143 2166 2152
f 2166 2143 2159
f 2152 2165 2153
f 2165 2152 2166
f 2120 2167 2141
f 2167 2120 2160
f 2144 2141 2167
f 2123 2098 2124
f 2098 2123 2096
f 2102 2149 2100
f 2149 2102 2148
f 2157 2155 2137
f 2155 2157 2158
f 2153 2168 2154
f 2168 2153 2164
f 2163 2154 2168
f 2169 2170 2171
f 2170 2169 2172
f 2172 2169 2173
f 2174 2175 2176
f 2175 2174 2177
f 2178 2179 2180
f 2179 2178 2181
f 2182 2183 2184
f 2185 2186 2187
f 2188 2189 2190
f 2189 2188 2191
f 2192 2193 2194
f 2195 2172 2173
f 2172 2195 2196
f 2197 2198 2199
f 2200 2201 2202
f 2203 2179 2204
f 2179 2203 2180
f 2193 2205 2194
f 2206 2207 2208
f 2209 2210 2190
f 2210 2209 2211
f 2212 2213 2214
f 2187 2215 2185
f 2215 2187 2216
f 2211 2217 2210
f 2217 2211 2218
f 2200 2219 2201
f 2219 2200 2220
f 2221 2201 2217
f 2201 2221 2202
f 2222 2223 2224
f 2223 2222 2225
f 2226 2227 2228
f 2229 2230 2231
f 2178 2232 2181
f 2171 2194 2205
f 2194 2171 2170
f 2184 2206 2182
f 2206 2184 2207
f 2190 2233 2234
f 2233 2190 2189
f 2209 2190 2234
f 2235 2199 2198
f 2199 2235 2236
f 2213 2237 2238
f 2237 2213 2212
f 2239 2238 2237
f 2213 2240 2214
f 2215 2216 2241
f 2242 2243 2244
f 2242 2245 2243
f 2219 2246 2247
f 2246 2219 2220
f 2247 2176 2219
f 2176 2247 2174
f 2248 2175 2177
f 2249 2250 2251
f 2249 2252 2250
f 2253 2217 2218
f 2221 2217 2253
f 2228 2229 2231
f 2229 2228 2227
f 2192 2181 2232
f 2181 2192 2194
f 2196 2182 2172
f 2182 2196 2183
f 2208 2254 2206
f 2254 2208 2255
f 2255 2185 2254
f 2185 2255 2186
f 2191 2188 2256
f 2238 2257 2258
f 2257 2238 2239
f 2259 2244 2260
f 2244 2259 2242
f 2252 2222 2250
f 2222 2252 2225
f 2222 2259 2213
f 2250 2213 2238
f 2259 2222 2242
f 2261 2238 2258
f 2224 2242 2222
f 2175 2258 2235
f 2242 2224 2215
f 2176 2235 2198
f 2228 2215 2224
f 2219 2198 2188
f 2215 2228 2185
f 2219 2188 2190
f 2231 2185 2228
f 2219 2190 2210
f 2185 2231 2254
f 2219 2210 2217
f 2262 2254 2231
f 2219 2217 2201
f 2213 2250 2222
f 2198 2219 2176
f 2254 2262 2206
f 2235 2176 2175
f 2179 2206 2262
f 2258 2175 2261
f 2238 2261 2250
f 2206 2179 2182
f 2194 2179 2181
f 2172 2179 2170
f 2170 2179 2194
f 2182 2179 2172
f 2263 2250 2261
f 2250 2263 2251
f 2224 2226 2228
f 2226 2224 2264
f 2231 2265 2262
f 2265 2231 2230
f 2204 2262 2265
f 2262 2204 2179
f 2198 2256 2188
f 2256 2198 2197
f 2266 2258 2257
f 2258 2236 2235
f 2236 2258 2266
f 2241 2242 2215
f 2242 2241 2245
f 2259 2240 2213
f 2240 2259 2260
f 2248 2261 2175
f 2261 2248 2267
f 2263 2261 2267
f 2223 2268 2224
f 2268 2264 2224
f 2269 2270 2271
f 2270 2269 2272
f 2272 2269 2273
f 2274 2275 2276
f 2277 2278 2279
f 2278 2277 2280
f 2281 2282 2283
f 2282 2281 2284
f 2285 2286 2287
f 2288 2289 2290
f 2291 2292 2293
f 2294 2295 2296
f 2297 2298 2299
f 2300 2301 2302
f 2303 2304 2305
f 2306 2307 2308
f 2307 2306 2309
f 2310 2307 2309
f 2307 2310 2311
f 2289 2312 2290
f 2313 2272 2273
f 2272 2313 2314
f 2315 2316 2283
f 2316 2315 2317
f 2318 2319 2320
f 2279 2321 2277
f 2278 2280 2322
f 2323 2294 2324
f 2294 2323 2295
f 2325 2326 2327
f 2326 2325 2328
f 2299 2298 2329
f 2285 2330 2286
f 2330 2285 2331
f 2332 2333 2334
f 2335 2336 2337
f 2338 2303 2305
f 2310 2339 2311
f 2271 2290 2312
f 2290 2271 2270
f 2283 2340 2341
f 2340 2283 2282
f 2315 2283 2341
f 2342 2293 2292
f 2293 2342 2343
f 2319 2344 2345
f 2344 2319 2318
f 2346 2345 2344
f 2319 2347 2320
f 2348 2349 2350
f 2296 2351 2294
f 2351 2296 2352
f 2352 2279 2351
f 2279 2352 2321
f 2314 2324 2272
f 2324 2314 2353
f 2324 2353 2323
f 2300 2325 2301
f 2325 2300 2328
f 2332 2354 2333
f 2354 2355 2333
f 2355 2354 2356
f 2276 2335 2337
f 2335 2276 2275
f 2288 2311 2339
f 2311 2288 2290
f 2284 2281 2357
f 2345 2358 2359
f 2358 2345 2346
f 2348 2350 2360
f 2361 2360 2362
f 2360 2361 2348
f 2361 2347 2319
f 2347 2361 2362
f 2297 2301 2298
f 2301 2297 2302
f 2327 2363 2325
f 2363 2327 2364
f 2364 2286 2363
f 2286 2364 2287
f 2365 2330 2331
f 2365 2333 2330
f 2333 2365 2334
f 2355 2338 2305
f 2338 2355 2356
f 2355 2361 2319
f 2333 2319 2345
f 2361 2355 2348
f 2330 2345 2359
f 2305 2348 2355
f 2286 2359 2342
f 2348 2305 2278
f 2363 2342 2292
f 2276 2278 2305
f 2325 2292 2281
f 2278 2276 2279
f 2325 2281 2283
f 2337 2279 2276
f 2325 2283 2316
f 2279 2337 2351
f 2325 2316 2298
f 2366 2351 2337
f 2325 2298 2301
f 2319 2333 2355
f 2292 2325 2363
f 2351 2366 2294
f 2342 2363 2286
f 2307 2294 2366
f 2359 2286 2330
f 2345 2330 2333
f 2294 2307 2324
f 2290 2307 2311
f 2272 2307 2270
f 2270 2307 2290
f 2324 2307 2272
f 2305 2274 2276
f 2274 2305 2304
f 2337 2367 2366
f 2367 2337 2336
f 2308 2366 2367
f 2366 2308 2307
f 2317 2298 2316
f 2298 2317 2329
f 2292 2357 2281
f 2357 2292 2291
f 2368 2359 2358
f 2359 2343 2342
f 2343 2359 2368
f 2322 2348 2278
f 2348 2322 2349
f 2369 2370 2371
f 2370 2369 2372
f 2372 2369 2373
f 2374 2375 2376
f 2375 2374 2377
f 2378 2379 2380
f 2379 2378 2381
f 2382 2383 2384
f 2381 2378 2385
f 2386 2387 2388
f 2389 2390 2391
f 2392 2393 2394
f 2395 2396 2397
f 2396 2395 2398
f 2399 2396 2398
f 2396 2399 2400
f 2383 2401 2384
f 2402 2372 2373
f 2372 2402 2403
f 2404 2405 2406
f 2405 2404 2407
f 2408 2409 2410
f 2376 2411 2374
f 2375 2377 2412
f 2413 2386 2414
f 2386 2413 2387
f 2415 2416 2417
f 2416 2415 2418
f 2417 2419 2415
f 2419 2417 2420
f 2391 2390 2421
f 2422 2423 2424
f 2422 2425 2423
f 2426 2427 2428
f 2428 2429 2430
f 2429 2428 2427
f 2431 2392 2394
f 2399 2432 2400
f 2371 2384 2401
f 2384 2371 2370
f 2406 2433 2434
f 2433 2406 2435
f 2404 2406 2434
f 2436 2385 2378
f 2385 2436 2437
f 2438 2439 2440
f 2409 2441 2442
f 2441 2409 2408
f 2443 2442 2441
f 2409 2444 2410
f 2445 2446 2447
f 2388 2448 2386
f 2448 2388 2449
f 2449 2376 2448
f 2376 2449 2411
f 2403 2414 2372
f 2414 2403 2450
f 2414 2450 2413
f 2389 2451 2390
f 2451 2389 2452
f 2425 2453 2423
f 2453 2425 2454
f 2455 2423 2456
f 2423 2455 2424
f 2394 2457 2458
f 2457 2394 2393
f 2382 2400 2432
f 2400 2382 2384
f 2439 2437 2436
f 2437 2439 2438
f 2459 2444 2409
f 2444 2459 2460
f 2459 2447 2460
f 2447 2459 2445
f 2461 2451 2452
f 2461 2415 2451
f 2415 2461 2418
f 2420 2462 2419
f 2462 2420 2463
f 2464 2462 2463
f 2453 2431 2394
f 2431 2453 2454
f 2453 2459 2409
f 2423 2409 2442
f 2459 2453 2445
f 2456 2442 2439
f 2394 2445 2453
f 2462 2439 2436
f 2445 2394 2375
f 2419 2436 2378
f 2458 2375 2394
f 2415 2378 2380
f 2375 2458 2376
f 2415 2380 2406
f 2428 2376 2458
f 2415 2406 2405
f 2376 2428 2448
f 2415 2405 2390
f 2430 2448 2428
f 2415 2390 2451
f 2409 2423 2453
f 2378 2415 2419
f 2448 2430 2386
f 2436 2419 2462
f 2396 2386 2430
f 2439 2462 2456
f 2442 2456 2423
f 2386 2396 2414
f 2384 2396 2400
f 2372 2396 2370
f 2370 2396 2384
f 2414 2396 2372
f 2464 2456 2462
f 2456 2464 2465
f 2455 2456 2465
f 2457 2466 2458
f 2458 2426 2428
f 2426 2458 2466
f 2397 2430 2429
f 2430 2397 2396
f 2407 2390 2405
f 2390 2407 2421
f 2467 2380 2379
f 2380 2435 2406
f 2435 2380 2467
f 2442 2440 2439
f 2440 2442 2443
f 2412 2445 2375
f 2445 2412 2468
f 2445 2468 2446
f 2469 2470 2471
f 2470 2469 2472
f 2472 2469 2473
f 2474 2475 2476
f 2477 2478 2479
f 2478 2477 2480
f 2481 2482 2483
f 2482 2481 2484
f 2485 2486 2487
f 2488 2489 2490
f 2491 2492 2493
f 2494 2495 2496
f 2497 2498 2499
f 2500 2501 2502
f 2503 2504 2505
f 2506 2507 2508
f 2507 2506 2509
f 2510 2507 2509
f 2507 2510 2511
f 2489 2512 2490
f 2513 2472 2473
f 2472 2513 2514
f 2515 2516 2483
f 2516 2515 2517
f 2518 2519 2520
f 2479 2521 2477
f 2478 2480 2522
f 2523 2494 2524
f 2494 2523 2495
f 2525 2526 2527
f 2526 2525 2528
f 2499 2498 2529
f 2485 2530 2486
f 2530 2485 2531
f 2532 2533 2534
f 2535 2536 2537
f 2538 2503 2505
f 2510 2539 2511
f 2471 2490 2512
f 2490 2471 2470
f 2483 2540 2541
f 2540 2483 2482
f 2515 2483 2541
f 2542 2493 2492
f 2493 2542 2543
f 2519 2544 2545
f 2544 2519 2518
f 2546 2545 2544
f 2519 2547 2520
f 2548 2549 2550
f 2496 2551 2494
f 2551 2496 2552
f 2552 2479 2551
f 2479 2552 2521
f 2514 2524 2472
f 2524 2514 2553
f 2524 2553 2523
f 2500 2525 2501
f 2525 2500 2528
f 2532 2554 2533
f 2554 2555 2533
f 2555 2554 2556
f 2476 2535 2537
f 2535 2476 2475
f 2488 2511 2539
f 2511 2488 2490
f 2484 2481 2557
f 2545 2558 2559
f 2558 2545 2546
f 2548 2550 2560
f 2561 2560 2562
f 2560 2561 2548
f 2561 2547 2519
f 2547 2561 2562
f 2497 2501 2498
f 2501 2497 2502
f 2527 2563 2525
f 2563 2527 2564
f 2564 2486 2563
f 2486 2564 2487
f 2565 2530 2531
f 2565 2533 2530
f 2533 2565 2534
f 2555 2538 2505
f 2538 2555 2556
f 2555 2561 2519
f 2533 2519 2545
f 2561 2555 2548
f 2530 2545 2559
f 2505 2548 2555
f 2486 2559 2542
f 2548 2505 2478
f 2563 2542 2492
f 2476 2478 2505
f 2525 2492 2481
f 2478 2476 2479
f 2525 2481 2483
f 2537 2479 2476
f 2525 2483 2516
f 2479 2537 2551
f 2525 2516 2498
f 2566 2551 2537
f 2525 2498 2501
f 2519 2533 2555
f 2492 2525 2563
f 2551 2566 2494
f 2542 2563 2486
f 2507 2494 2566
f 2559 2486 2530
f 2545 2530 2533
f 2494 2507 2524
f 2470 2507 2490
f 2472 2507 2470
f 2490 2507 2511
f 2524 2507 2472
f 2505 2474 2476
f 2474 2505 2504
f 2537 2567 2566
f 2567 2537 2536
f 2508 2566 2567
f 2566 2508 2507
f 2517 2498 2516
f 2498 2517 2529
f 2492 2557 2481
f 2557 2492 2491
f 2568 2559 2558
f 2559 2543 2542
f 2543 2559 2568
f 2522 2548 2478
f 2548 2522 2549
f 2569 2570 2571
f 2570 2569 2572
f 2569 2571 2573
f 2574 2575 2576
f 2577 2578 2579
f 2578 2577 2580
f 2581 2582 2583
f 2582 2581 2584
f 2585 2586 2587
f 2588 2589 2590
f 2591 2584 2592
f 2593 2594 2595
f 2596 2597 2598
f 2599 2581 2583
f 2600 2601 2602
f 2603 2604 2605
f 2606 2607 2608
f 2609 2608 2607
f 2608 2609 2610
f 2589 2611 2590
f 2569 2573 2612
f 2613 2578 2614
f 2578 2613 2579
f 2615 2593 2616
f 2593 2615 2594
f 2580 2577 2617
f 2618 2619 2620
f 2621 2619 2618
f 2619 2621 2622
f 2623 2624 2625
f 2624 2623 2626
f 2587 2624 2626
f 2624 2587 2586
f 2582 2584 2591
f 2627 2628 2629
f 2628 2627 2630
f 2631 2632 2633
f 2632 2631 2634
f 2635 2603 2605
f 2609 2636 2610
f 2570 2590 2611
f 2590 2570 2572
f 2637 2638 2639
f 2640 2641 2642
f 2641 2640 2643
f 2595 2644 2593
f 2644 2595 2645
f 2614 2644 2645
f 2644 2614 2578
f 2612 2616 2569
f 2616 2612 2646
f 2616 2646 2615
f 2625 2647 2648
f 2647 2625 2624
f 2649 2629 2650
f 2650 2586 2585
f 2586 2650 2629
f 2628 2635 2605
f 2635 2628 2630
f 2584 2638 2651
f 2581 2638 2584
f 2581 2652 2638
f 2601 2652 2581
f 2601 2653 2652
f 2647 2653 2601
f 2647 2654 2653
f 2624 2654 2647
f 2624 2641 2654
f 2586 2641 2624
f 2586 2642 2641
f 2629 2642 2586
f 2629 2618 2642
f 2628 2618 2629
f 2628 2621 2618
f 2605 2621 2628
f 2605 2596 2621
f 2576 2596 2605
f 2576 2580 2596
f 2631 2580 2576
f 2631 2578 2580
f 2655 2578 2631
f 2655 2644 2578
f 2608 2644 2655
f 2608 2593 2644
f 2610 2593 2608
f 2610 2616 2593
f 2590 2616 2610
f 2590 2569 2616
f 2569 2590 2572
f 2575 2631 2576
f 2631 2575 2634
f 2588 2610 2636
f 2610 2588 2590
f 2656 2638 2637
f 2657 2584 2651
f 2584 2657 2592
f 2641 2658 2659
f 2658 2641 2643
f 2660 2618 2620
f 2661 2580 2617
f 2580 2661 2596
f 2596 2661 2597
f 2601 2599 2602
f 2599 2601 2581
f 2649 2627 2629
f 2604 2576 2605
f 2576 2604 2574
f 2633 2655 2631
f 2655 2633 2662
f 2606 2655 2662
f 2655 2606 2608
f 2652 2639 2638
f 2639 2652 2663
f 2664 2653 2665
f 2659 2654 2641
f 2654 2659 2666
f 2654 2665 2653
f 2665 2654 2666
f 2660 2642 2618
f 2642 2660 2667
f 2640 2642 2667
f 2598 2621 2596
f 2621 2598 2622
f 2647 2600 2648
f 2600 2647 2601
f 2638 2657 2651
f 2657 2638 2656
f 2653 2668 2652
f 2668 2653 2664
f 2663 2652 2668
f 2669 2670 2671
f 2670 2669 2672
f 2669 2671 2673
f 2674 2675 2676
f 2677 2678 2679
f 2678 2677 2680
f 2681 2682 2683
f 2682 2681 2684
f 2685 2686 2687
f 2688 2689 2690
f 2691 2684 2692
f 2693 2694 2695
f 2696 2697 2698
f 2699 2681 2683
f 2700 2701 2702
f 2703 2704 2705
f 2706 2707 2708
f 2709 2708 2707
f 2708 2709 2710
f 2689 2711 2690
f 2669 2673 2712
f 2713 2678 2714
f 2678 2713 2679
f 2715 2693 2716
f 2693 2715 2694
f 2680 2677 2717
f 2718 2719 2720
f 2721 2719 2718
f 2719 2721 2722
f 2723 2724 2725
f 2724 2723 2726
f 2687 2724 2726
f 2724 2687 2686
f 2682 2684 2691
f 2727 2728 2729
f 2728 2727 2730
f 2731 2732 2733
f 2732 2731 2734
f 2735 2703 2705
f 2709 2736 2710
f 2670 2690 2711
f 2690 2670 2672
f 2737 2738 2739
f 2740 2741 2742
f 2741 2740 2743
f 2695 2744 2693
f 2744 2695 2745
f 2714 2744 2745
f 2744 2714 2678
f 2712 2716 2669
f 2716 2712 2746
f 2716 2746 2715
f 2725 2747 2748
f 2747 2725 2724
f 2749 2729 2750
f 2750 2686 2685
f 2686 2750 2729
f 2728 2735 2705
f 2735 2728 2730
f 2684 2738 2751
f 2681 2738 2684
f 2681 2752 2738
f 2701 2752 2681
f 2701 2753 2752
f 2747 2753 2701
f 2747 2754 2753
f 2724 2754 2747
f 2724 2741 2754
f 2686 2741 2724
f 2686 2742 2741
f 2729 2742 2686
f 2729 2718 2742
f 2728 2718 2729
f 2728 2721 2718
f 2705 2721 2728
f 2705 2696 2721
f 2676 2696 2705
f 2676 2680 2696
f 2731 2680 2676
f 2731 2678 2680
f 2755 2678 2731
f 2755 2744 2678
f 2708 2744 2755
f 2708 2693 2744
f 2710 2693 2708
f 2710 2716 2693
f 2690 2716 2710
f 2690 2669 2716
f 2669 2690 2672
f 2675 2731 2676
f 2731 2675 2734
f 2688 2710 2736
f 2710 2688 2690
f 2756 2738 2737
f 2757 2684 2751
f 2684 2757 2692
f 2741 2758 2759
f 2758 2741 2743
f 2760 2718 2720
f 2761 2680 2717
f 2680 2761 2696
f 2696 2761 2697
f 2701 2699 2702
f 2699 2701 2681
f 2749 2727 2729
f 2704 2676 2705
f 2676 2704 2674
f 2733 2755 2731
f 2755 2733 2762
f 2706 2755 2762
f 2755 2706 2708
f 2752 2739 2738
f 2739 2752 2763
f 2764 2753 2765
f 2759 2754 2741
f 2754 2759 2766
f 2754 2765 2753
f 2765 2754 2766
f 2760 2742 2718
f 2742 2760 2767
f 2740 2742 2767
f 2698 2721 2696
f 2721 2698 2722
f 2747 2700 2748
f 2700 2747 2701
f 2738 2757 2751
f 2757 2738 2756
f 2753 2768 2752
f 2768 2753 2764
f 2763 2752 2768
f 2769 2770 2771
f 2770 2769 2772
f 2769 2771 2773
f 2774 2775 2776
f 2777 2778 2769
f 2778 2777 2779
f 2780 2781 2782
f 2783 2784 2785
f 2784 2783 2786
f 2787 2788 2789
f 2788 2787 2790
f 2791 2792 2793
f 2792 2791 2794
f 2795 2796 2797
f 2798 2799 2800
f 2799 2798 2801
f 2802 2803 2804
f 2803 2802 2805
f 2787 2806 2790
f 2778 2779 2807
f 2769 2773 2777
f 2801 2774 2808
f 2774 2801 2775
f 2809 2810 2811
f 2795 2812 2796
f 2813 2814 2815
f 2814 2813 2816
f 2817 2798 2800
f 2799 2801 2808
f 2818 2819 2820
f 2821 2816 2822
f 2816 2821 2820
f 2823 2824 2785
f 2824 2823 2825
f 2826 2823 2785
f 2784 2826 2785
f 2802 2827 2805
f 2806 2828 2790
f 2770 2790 2828
f 2790 2770 2772
f 2829 2830 2831
f 2776 2775 2832
f 2833 2834 2780
f 2834 2833 2835
f 2807 2809 2778
f 2809 2807 2810
f 2811 2836 2809
f 2836 2811 2837
f 2793 2836 2837
f 2836 2793 2792
f 2838 2839 2840
f 2812 2838 2840
f 2838 2812 2795
f 2797 2841 2795
f 2841 2797 2842
f 2841 2781 2780
f 2781 2841 2842
f 2775 2830 2843
f 2801 2830 2775
f 2801 2844 2830
f 2798 2844 2801
f 2798 2845 2844
f 2846 2845 2798
f 2846 2847 2845
f 2814 2847 2846
f 2814 2848 2847
f 2816 2848 2814
f 2816 2834 2848
f 2820 2834 2816
f 2820 2780 2834
f 2783 2780 2820
f 2783 2841 2780
f 2785 2841 2783
f 2785 2795 2841
f 2824 2795 2785
f 2824 2838 2795
f 2849 2838 2824
f 2849 2792 2838
f 2803 2792 2849
f 2803 2836 2792
f 2805 2836 2803
f 2805 2809 2836
f 2788 2809 2805
f 2788 2778 2809
f 2790 2778 2788
f 2790 2769 2778
f 2769 2790 2772
f 2819 2783 2820
f 2783 2819 2786
f 2822 2816 2813
f 2825 2850 2824
f 2849 2851 2852
f 2851 2849 2853
f 2854 2805 2827
f 2805 2854 2788
f 2854 2789 2788
f 2855 2830 2829
f 2856 2775 2843
f 2775 2856 2832
f 2848 2857 2858
f 2857 2848 2859
f 2860 2834 2835
f 2833 2780 2782
f 2839 2792 2794
f 2792 2839 2838
f 2861 2846 2862
f 2846 2861 2814
f 2863 2814 2861
f 2814 2863 2815
f 2818 2820 2821
f 2852 2803 2849
f 2803 2852 2804
f 2850 2849 2824
f 2849 2850 2853
f 2844 2831 2830
f 2831 2844 2864
f 2865 2845 2866
f 2858 2847 2848
f 2847 2858 2867
f 2847 2866 2845
f 2866 2847 2867
f 2860 2848 2834
f 2848 2860 2859
f 2846 2817 2862
f 2817 2846 2798
f 2830 2856 2843
f 2856 2830 2855
f 2845 2868 2844
f 2868 2845 2865
f 2864 2844 2868
f 2869 2870 2871
f 2870 2869 2872
f 2869 2871 2873
f 2874 2875 2876
f 2875 2874 2877
f 2878 2879 2869
f 2879 2878 2880
f 2881 2882 2883
f 2882 2881 2884
f 2885 2886 2887
f 2886 2885 2888
f 2889 2890 2891
f 2890 2889 2892
f 2893 2894 2895
f 2894 2893 2896
f 2897 2898 2899
f 2898 2897 2875
f 2900 2901 2902
f 2901 2900 2903
f 2889 2904 2892
f 2879 2880 2905
f 2869 2873 2878
f 2906 2907 2908
f 2909 2908 2907
f 2908 2909 2910
f 2911 2912 2895
f 2912 2911 2913
f 2914 2915 2916
f 2917 2918 2919
f 2918 2917 2920
f 2921 2922 2923
f 2922 2921 2924
f 2925 2897 2899
f 2898 2875 2926
f 2926 2875 2877
f 2927 2928 2887
f 2928 2927 2929
f 2930 2927 2887
f 2886 2930 2887
f 2900 2931 2903
f 2904 2932 2892
f 2870 2892 2932
f 2892 2870 2872
f 2907 2933 2934
f 2933 2907 2906
f 2935 2936 2937
f 2936 2935 2938
f 2939 2912 2913
f 2911 2895 2940
f 2895 2894 2940
f 2905 2914 2879
f 2914 2905 2915
f 2916 2941 2914
f 2941 2916 2942
f 2883 2941 2942
f 2941 2883 2882
f 2918 2943 2919
f 2922 2944 2923
f 2944 2922 2945
f 2946 2947 2948
f 2946 2949 2947
f 2929 2950 2928
f 2951 2952 2953
f 2952 2951 2954
f 2955 2903 2931
f 2903 2955 2890
f 2955 2891 2890
f 2956 2957 2958
f 2959 2957 2956
f 2937 2909 2935
f 2909 2937 2910
f 2920 2917 2960
f 2920 2960 2961
f 2945 2925 2962
f 2925 2945 2897
f 2944 2945 2962
f 2875 2957 2876
f 2897 2957 2875
f 2897 2934 2957
f 2945 2934 2897
f 2945 2907 2934
f 2922 2907 2945
f 2922 2909 2907
f 2924 2909 2922
f 2924 2935 2909
f 2963 2935 2924
f 2963 2912 2935
f 2947 2912 2963
f 2947 2895 2912
f 2885 2895 2947
f 2885 2893 2895
f 2887 2893 2885
f 2887 2920 2893
f 2928 2920 2887
f 2928 2918 2920
f 2951 2918 2928
f 2951 2882 2918
f 2901 2882 2951
f 2901 2941 2882
f 2903 2941 2901
f 2903 2914 2941
f 2890 2914 2903
f 2890 2879 2914
f 2892 2879 2890
f 2892 2869 2879
f 2869 2892 2872
f 2949 2885 2947
f 2885 2949 2888
f 2964 2963 2965
f 2948 2963 2964
f 2963 2948 2947
f 2965 2924 2966
f 2924 2965 2963
f 2967 2924 2921
f 2924 2967 2966
f 2953 2901 2951
f 2901 2953 2902
f 2950 2951 2928
f 2951 2950 2954
f 2957 2874 2876
f 2874 2957 2959
f 2968 2934 2933
f 2934 2958 2957
f 2958 2934 2968
f 2939 2935 2912
f 2935 2939 2938
f 2961 2893 2920
f 2893 2961 2896
f 2943 2882 2884
f 2882 2943 2918
f 2969 2970 2971
f 2970 2969 2972
f 2969 2971 2973
f 2974 2975 2976
f 2977 2978 2979
f 2978 2977 2980
f 2981 2982 2983
f 2982 2981 2984
f 2985 2986 2987
f 2986 2985 2988
f 2989 2990 2991
f 2992 2993 2994
f 2995 2996 2997
f 2998 2999 3000
f 3001 3002 3003
f 3004 3005 3006
f 3007 3008 3009
f 3010 3009 3008
f 3009 3010 3011
f 2990 3012 2991
f 2969 2973 3013
f 3014 2999 3015
f 2999 3014 3016
f 3017 3018 3019
f 3020 2978 3021
f 2978 3020 2979
f 2980 2977 3022
f 3023 2995 3024
f 2995 3023 2996
f 3025 3026 3027
f 3000 2999 3016
f 3028 2986 2988
f 2986 3028 3029
f 3030 3031 3032
f 3033 3034 3035
f 3034 3033 3036
f 3037 3004 3006
f 3010 3038 3011
f 2970 2991 3012
f 2991 2970 2972
f 3039 2983 2982
f 3040 2983 3039
f 3041 2994 2993
f 2994 3041 3042
f 3017 3043 3018
f 3043 3017 3044
f 3045 3043 3044
f 3018 3046 3019
f 3047 3048 3049
f 2997 3050 2995
f 3050 2997 3051
f 3021 3050 3051
f 3050 3021 2978
f 3013 3024 2969
f 3024 3013 3052
f 3024 3052 3023
f 3026 3001 3027
f 3001 3026 3002
f 3030 3053 3031
f 3054 3037 3006
f 3037 3054 3055
f 2975 3033 2976
f 3033 2975 3036
f 2989 3011 3038
f 3011 2989 2991
f 2984 2981 3056
f 3045 3057 3043
f 3057 3045 3058
f 3047 3049 3059
f 3059 3060 3047
f 3060 3059 3061
f 3060 3046 3018
f 3046 3060 3061
f 3002 2998 3003
f 2998 3002 2999
f 3062 3025 3063
f 3025 3062 3026
f 2987 3062 3063
f 3062 2987 2986
f 3064 3029 3028
f 3032 3029 3064
f 3029 3032 3031
f 2999 2983 3015
f 3002 2983 2999
f 3002 2981 2983
f 3026 2981 3002
f 3026 2993 2981
f 3062 2993 3026
f 3062 3041 2993
f 2986 3041 3062
f 2986 3057 3041
f 3029 3057 2986
f 3029 3043 3057
f 3031 3043 3029
f 3031 3018 3043
f 3054 3018 3031
f 3054 3060 3018
f 3006 3060 3054
f 3006 3047 3060
f 2976 3047 3006
f 2976 2980 3047
f 3033 2980 2976
f 3033 2978 2980
f 3065 2978 3033
f 3065 3050 2978
f 3009 3050 3065
f 3009 2995 3050
f 3011 2995 3009
f 3011 3024 2995
f 2991 3024 3011
f 2991 2969 3024
f 2969 2991 2972
f 3053 3054 3031
f 3054 3053 3055
f 3005 2976 3006
f 2976 3005 2974
f 3035 3065 3033
f 3065 3035 3066
f 3007 3065 3066
f 3065 3007 3009
f 2983 3014 3015
f 3014 2983 3040
f 2993 3056 2981
f 3056 2993 2992
f 3057 3067 3068
f 3067 3057 3058
f 3068 3041 3057
f 3041 3068 3042
f 3048 2980 3022
f 2980 3048 3047
f 3069 3070 3071
f 3070 3069 3072
f 3069 3071 3073
f 3074 3075 3076
f 3075 3074 3077
f 3078 3079 3069
f 3079 3078 3080
f 3081 3082 3083
f 3082 3081 3084
f 3085 3086 3087
f 3086 3085 3088
f 3089 3090 3091
f 3090 3089 3092
f 3093 3094 3095
f 3094 3093 3096
f 3097 3098 3099
f 3098 3097 3075
f 3100 3101 3102
f 3101 3100 3103
f 3089 3104 3092
f 3079 3080 3105
f 3069 3073 3078
f 3106 3107 3108
f 3109 3108 3107
f 3108 3109 3110
f 3111 3112 3095
f 3112 3111 3113
f 3114 3115 3116
f 3117 3118 3119
f 3118 3117 3120
f 3121 3122 3123
f 3122 3121 3124
f 3125 3097 3099
f 3098 3075 3126
f 3126 3075 3077
f 3127 3128 3087
f 3128 3127 3129
f 3130 3127 3087
f 3086 3130 3087
f 3100 3131 3103
f 3104 3132 3092
f 3070 3092 3132
f 3092 3070 3072
f 3133 3134 3135
f 3134 3133 3136
f 3136 3133 3137
f 3138 3112 3113
f 3111 3095 3139
f 3095 3094 3139
f 3105 3114 3079
f 3114 3105 3115
f 3116 3140 3114
f 3140 3116 3141
f 3083 3140 3141
f 3140 3083 3082
f 3118 3142 3119
f 3122 3143 3123
f 3143 3122 3144
f 3145 3146 3147
f 3145 3148 3146
f 3149 3150 3151
f 3129 3152 3128
f 3153 3154 3155
f 3154 3153 3156
f 3157 3103 3131
f 3103 3157 3090
f 3157 3091 3090
f 3158 3135 3134
f 3159 3135 3158
f 3138 3160 3112
f 3160 3138 3161
f 3120 3117 3162
f 3120 3162 3163
f 3144 3125 3164
f 3125 3144 3097
f 3143 3144 3164
f 3075 3135 3076
f 3097 3135 3075
f 3097 3133 3135
f 3144 3133 3097
f 3144 3107 3133
f 3122 3107 3144
f 3122 3109 3107
f 3124 3109 3122
f 3124 3160 3109
f 3150 3160 3124
f 3150 3112 3160
f 3146 3112 3150
f 3146 3095 3112
f 3085 3095 3146
f 3085 3093 3095
f 3087 3093 3085
f 3087 3120 3093
f 3128 3120 3087
f 3128 3118 3120
f 3153 3118 3128
f 3153 3082 3118
f 3101 3082 3153
f 3101 3140 3082
f 3103 3140 3101
f 3103 3114 3140
f 3090 3114 3103
f 3090 3079 3114
f 3092 3079 3090
f 3092 3069 3079
f 3069 3092 3072
f 3148 3085 3146
f 3085 3148 3088
f 3147 3150 3149
f 3150 3147 3146
f 3151 3124 3165
f 3124 3151 3150
f 3166 3124 3121
f 3124 3166 3165
f 3155 3101 3153
f 3101 3155 3102
f 3152 3153 3128
f 3153 3152 3156
f 3135 3074 3076
f 3074 3135 3159
f 3107 3137 3133
f 3137 3107 3106
f 3160 3167 3168
f 3167 3160 3161
f 3168 3109 3160
f 3109 3168 3110
f 3163 3093 3120
f 3093 3163 3096
f 3142 3082 3084
f 3082 3142 3118
f 3169 3170 3171
f 3170 3169 3172
f 3169 3171 3173
f 3174 3175 3176
f 3175 3174 3177
f 3178 3179 3169
f 3179 3178 3180
f 3181 3182 3183
f 3182 3181 3184
f 3185 3186 3187
f 3186 3185 3188
f 3189 3190 3191
f 3190 3189 3192
f 3193 3194 3195
f 3194 3193 3196
f 3197 3198 3199
f 3198 3197 3200
f 3201 3202 3203
f 3202 3201 3204
f 3189 3205 3192
f 3179 3180 3206
f 3169 3173 3178
f 3207 3208 3209
f 3210 3209 3208
f 3209 3210 3211
f 3212 3213 3214
f 3213 3212 3215
f 3216 3217 3218
f 3219 3182 3184
f 3182 3219 3220
f 3221 3222 3223
f 3222 3221 3197
f 3222 3197 3199
f 3198 3200 3224
f 3224 3200 3225
f 3226 3227 3228
f 3229 3226 3228
f 3230 3231 3232
f 3205 3233 3192
f 3170 3192 3233
f 3192 3170 3172
f 3208 3234 3235
f 3234 3208 3207
f 3236 3237 3238
f 3237 3236 3239
f 3240 3213 3215
f 3212 3214 3241
f 3214 3242 3241
f 3206 3216 3179
f 3216 3206 3217
f 3218 3243 3216
f 3243 3218 3244
f 3183 3243 3244
f 3243 3183 3182
f 3245 3221 3223
f 3246 3247 3248
f 3247 3246 3249
f 3250 3251 3252
f 3253 3185 3187
f 3253 3187 3254
f 3227 3255 3228
f 3255 3227 3256
f 3203 3257 3201
f 3257 3203 3258
f 3259 3232 3231
f 3232 3259 3190
f 3259 3191 3190
f 3260 3174 3261
f 3177 3174 3260
f 3238 3210 3236
f 3210 3238 3211
f 3195 3262 3263
f 3195 3263 3193
f 3247 3245 3248
f 3245 3247 3221
f 3186 3229 3228
f 3229 3186 3188
f 3200 3174 3176
f 3197 3174 3200
f 3197 3235 3174
f 3221 3235 3197
f 3221 3208 3235
f 3247 3208 3221
f 3247 3210 3208
f 3249 3210 3247
f 3249 3236 3210
f 3251 3236 3249
f 3251 3213 3236
f 3187 3213 3251
f 3187 3214 3213
f 3186 3214 3187
f 3186 3194 3214
f 3228 3194 3186
f 3228 3195 3194
f 3255 3195 3228
f 3255 3220 3195
f 3203 3220 3255
f 3203 3182 3220
f 3202 3182 3203
f 3202 3243 3182
f 3232 3243 3202
f 3232 3216 3243
f 3190 3216 3232
f 3190 3179 3216
f 3192 3179 3190
f 3192 3169 3179
f 3169 3192 3172
f 3252 3249 3264
f 3249 3252 3251
f 3254 3251 3250
f 3251 3254 3187
f 3265 3249 3246
f 3249 3265 3264
f 3230 3202 3204
f 3202 3230 3232
f 3256 3266 3255
f 3266 3203 3255
f 3203 3266 3258
f 3175 3200 3176
f 3200 3175 3225
f 3267 3235 3234
f 3235 3261 3174
f 3261 3235 3267
f 3240 3236 3213
f 3236 3240 3239
f 3194 3242 3214
f 3242 3194 3196
f 3220 3219 3268
f 3262 3220 3268
f 3220 3262 3195
f 3269 3270 3271
f 3270 3269 3272
f 3269 3271 3273
f 3274 3275 3276
f 3277 3278 3279
f 3278 3277 3280
f 3281 3282 3283
f 3282 3281 3284
f 3285 3286 3287
f 3288 3289 3290
f 3289 3288 3291
f 3292 3284 3293
f 3294 3295 3296
f 3295 3294 3297
f 3298 3299 3300
f 3301 3281 3283
f 3302 3303 3304
f 3305 3306 3307
f 3308 3309 3310
f 3311 3310 3309
f 3310 3311 3312
f 3291 3313 3289
f 3269 3273 3314
f 3279 3315 3277
f 3295 3316 3296
f 3316 3295 3317
f 3278 3280 3318
f 3319 3320 3321
f 3322 3320 3319
f 3320 3322 3323
f 3324 3325 3326
f 3286 3324 3287
f 3324 3286 3325
f 3327 3284 3292
f 3284 3327 3282
f 3328 3329 3330
f 3329 3328 3331
f 3332 3333 3334
f 3335 3305 3307
f 3311 3336 3312
f 3272 3313 3270
f 3313 3272 3289
f 3337 3338 3339
f 3340 3341 3342
f 3341 3340 3343
f 3344 3297 3345
f 3297 3344 3295
f 3345 3279 3344
f 3279 3345 3315
f 3317 3314 3346
f 3314 3317 3269
f 3317 3346 3316
f 3325 3347 3326
f 3347 3325 3348
f 3349 3331 3350
f 3331 3285 3350
f 3285 3331 3286
f 3335 3328 3330
f 3328 3335 3307
f 3322 3328 3307
f 3298 3307 3276
f 3328 3322 3331
f 3278 3276 3334
f 3319 3331 3322
f 3279 3334 3351
f 3331 3319 3286
f 3344 3351 3310
f 3340 3286 3319
f 3295 3310 3312
f 3286 3340 3325
f 3295 3312 3289
f 3342 3325 3340
f 3295 3289 3272
f 3325 3342 3348
f 3295 3272 3269
f 3352 3348 3342
f 3295 3269 3317
f 3307 3298 3322
f 3310 3295 3344
f 3348 3352 3303
f 3351 3344 3279
f 3353 3303 3352
f 3334 3279 3278
f 3276 3278 3298
f 3303 3353 3281
f 3354 3353 3338
f 3284 3353 3354
f 3338 3353 3355
f 3281 3353 3284
f 3332 3276 3275
f 3276 3332 3334
f 3290 3312 3336
f 3312 3290 3289
f 3356 3338 3337
f 3354 3293 3284
f 3293 3354 3357
f 3358 3342 3341
f 3359 3319 3321
f 3318 3298 3278
f 3298 3318 3360
f 3298 3360 3299
f 3303 3301 3304
f 3301 3303 3281
f 3349 3329 3331
f 3274 3307 3306
f 3307 3274 3276
f 3361 3334 3333
f 3334 3361 3351
f 3308 3351 3361
f 3351 3308 3310
f 3355 3339 3338
f 3339 3355 3362
f 3363 3353 3364
f 3353 3363 3365
f 3342 3366 3352
f 3366 3342 3358
f 3352 3364 3353
f 3364 3352 3366
f 3319 3367 3340
f 3367 3319 3359
f 3343 3340 3367
f 3300 3322 3298
f 3322 3300 3323
f 3348 3302 3347
f 3302 3348 3303
f 3338 3357 3354
f 3357 3338 3356
f 3353 3368 3355
f 3368 3353 3365
f 3362 3355 3368
f 3369 3370 3371
f 3370 3369 3372
f 3369 3371 3373
f 3374 3375 3376
f 3377 3378 3379
f 3378 3377 3380
f 3381 3382 3383
f 3382 3381 3384
f 3385 3386 3387
f 3388 3389 3390
f 3389 3388 3391
f 3392 3384 3393
f 3394 3395 3396
f 3395 3394 3397
f 3398 3399 3400
f 3401 3381 3383
f 3402 3403 3404
f 3405 3406 3407
f 3408 3409 3410
f 3411 3410 3409
f 3410 3411 3412
f 3391 3413 3389
f 3369 3373 3414
f 3379 3415 3377
f 3395 3416 3396
f 3416 3395 3417
f 3378 3380 3418
f 3419 3420 3421
f 3422 3420 3419
f 3420 3422 3423
f 3424 3425 3426
f 3386 3424 3387
f 3424 3386 3425
f 3427 3384 3392
f 3384 3427 3382
f 3428 3429 3430
f 3429 3428 3431
f 3432 3433 3434
f 3435 3405 3407
f 3411 3436 3412
f 3372 3413 3370
f 3413 3372 3389
f 3437 3438 3439
f 3440 3441 3442
f 3441 3440 3443
f 3444 3397 3445
f 3397 3444 3395
f 3445 3379 3444
f 3379 3445 3415
f 3417 3414 3446
f 3414 3417 3369
f 3417 3446 3416
f 3425 3447 3426
f 3447 3425 3448
f 3449 3431 3450
f 3431 3385 3450
f 3385 3431 3386
f 3435 3428 3430
f 3428 3435 3407
f 3422 3428 3407
f 3398 3407 3376
f 3428 3422 3431
f 3378 3376 3434
f 3419 3431 3422
f 3379 3434 3451
f 3431 3419 3386
f 3444 3451 3410
f 3440 3386 3419
f 3395 3410 3412
f 3386 3440 3425
f 3395 3412 3389
f 3442 3425 3440
f 3395 3389 3372
f 3425 3442 3448
f 3395 3372 3369
f 3452 3448 3442
f 3395 3369 3417
f 3407 3398 3422
f 3410 3395 3444
f 3448 3452 3403
f 3451 3444 3379
f 3453 3403 3452
f 3434 3379 3378
f 3376 3378 3398
f 3403 3453 3381
f 3438 3453 3454
f 3384 3453 3455
f 3455 3453 3438
f 3381 3453 3384
f 3432 3376 3375
f 3376 3432 3434
f 3390 3412 3436
f 3412 3390 3389
f 3456 3438 3437
f 3455 3393 3384
f 3393 3455 3457
f 3458 3442 3441
f 3459 3419 3421
f 3418 3398 3378
f 3398 3418 3460
f 3398 3460 3399
f 3403 3401 3404
f 3401 3403 3381
f 3449 3429 3431
f 3374 3407 3406
f 3407 3374 3376
f 3461 3434 3433
f 3434 3461 3451
f 3408 3451 3461
f 3451 3408 3410
f 3454 3439 3438
f 3439 3454 3462
f 3463 3453 3464
f 3453 3463 3465
f 3442 3466 3452
f 3466 3442 3458
f 3452 3464 3453
f 3464 3452 3466
f 3419 3467 3440
f 3467 3419 3459
f 3443 3440 3467
f 3400 3422 3398
f 3422 3400 3423
f 3448 3402 3447
f 3402 3448 3403
f 3438 3457 3455
f 3457 3438 3456
f 3453 3468 3454
f 3468 3453 3465
f 3462 3454 3468
f 3469 3470 3471
f 3470 3469 3472
f 3469 3471 3473
f 3474 3475 3476
f 3477 3478 3479
f 3478 3477 3480
f 3481 3482 3483
f 3482 3481 3484
f 3485 3486 3487
f 3488 3489 3490
f 3489 3488 3491
f 3492 3484 3493
f 3494 3495 3496
f 3495 3494 3497
f 3498 3499 3500
f 3501 3481 3483
f 3502 3503 3504
f 3505 3506 3507
f 3508 3509 3510
f 3511 3510 3509
f 3510 3511 3512
f 3491 3513 3489
f 3469 3473 3514
f 3479 3515 3477
f 3495 3516 3496
f 3516 3495 3517
f 3478 3480 3518
f 3519 3520 3521
f 3522 3520 3519
f 3520 3522 3523
f 3524 3525 3526
f 3486 3524 3487
f 3524 3486 3525
f 3527 3484 3492
f 3484 3527 3482
f 3528 3529 3530
f 3529 3528 3531
f 3532 3533 3534
f 3535 3505 3507
f 3511 3536 3512
f 3472 3513 3470
f 3513 3472 3489
f 3537 3538 3539
f 3540 3541 3542
f 3541 3540 3543
f 3544 3497 3545
f 3497 3544 3495
f 3545 3479 3544
f 3479 3545 3515
f 3517 3514 3546
f 3514 3517 3469
f 3517 3546 3516
f 3525 3547 3526
f 3547 3525 3548
f 3549 3531 3550
f 3531 3485 3550
f 3485 3531 3486
f 3535 3528 3530
f 3528 3535 3507
f 3522 3528 3507
f 3498 3507 3476
f 3528 3522 3531
f 3478 3476 3534
f 3519 3531 3522
f 3479 3534 3551
f 3531 3519 3486
f 3544 3551 3510
f 3540 3486 3519
f 3495 3510 3512
f 3486 3540 3525
f 3495 3512 3489
f 3542 3525 3540
f 3495 3489 3472
f 3525 3542 3548
f 3495 3472 3469
f 3552 3548 3542
f 3495 3469 3517
f 3507 3498 3522
f 3510 3495 3544
f 3548 3552 3503
f 3551 3544 3479
f 3553 3503 3552
f 3534 3479 3478
f 3476 3478 3498
f 3503 3553 3481
f 3538 3553 3554
f 3484 3553 3555
f 3555 3553 3538
f 3481 3553 3484
f 3532 3476 3475
f 3476 3532 3534
f 3490 3512 3536
f 3512 3490 3489
f 3556 3538 3537
f 3555 3493 3484
f 3493 3555 3557
f 3558 3542 3541
f 3559 3519 3521
f 3518 3498 3478
f 3498 3518 3560
f 3498 3560 3499
f 3503 3501 3504
f 3501 3503 3481
f 3549 3529 3531
f 3474 3507 3506
f 3507 3474 3476
f 3561 3534 3533
f 3534 3561 3551
f 3508 3551 3561
f 3551 3508 3510
f 3554 3539 3538
f 3539 3554 3562
f 3563 3553 3564
f 3553 3563 3565
f 3542 3566 3552
f 3566 3542 3558
f 3552 3564 3553
f 3564 3552 3566
f 3519 3567 3540
f 3567 3519 3559
f 3543 3540 3567
f 3500 3522 3498
f 3522 3500 3523
f 3548 3502 3547
f 3502 3548 3503
f 3538 3557 3555
f 3557 3538 3556
f 3553 3568 3554
f 3568 3553 3565
f 3562 3554 3568
f 3569 3570 3571
f 3570 3569 3572
f 3569 3571 3573
f 3574 3575 3576
f 3575 3574 3577
f 3578 3579 3580
f 3579 3578 3581
f 3582 3583 3584
f 3585 3586 3587
f 3588 3589 3590
f 3589 3588 3591
f 3592 3593 3594
f 3593 3592 3595
f 3569 3573 3596
f 3597 3598 3599
f 3598 3597 3600
f 3601 3602 3603
f 3604 3580 3579
f 3595 3605 3593
f 3606 3607 3608
f 3607 3606 3609
f 3590 3610 3611
f 3610 3590 3612
f 3613 3614 3615
f 3587 3616 3585
f 3616 3587 3617
f 3611 3618 3619
f 3618 3611 3610
f 3620 3601 3621
f 3601 3620 3602
f 3602 3622 3603
f 3622 3602 3619
f 3623 3624 3625
f 3624 3623 3626
f 3627 3628 3629
f 3630 3631 3632
f 3578 3633 3581
f 3572 3605 3570
f 3605 3572 3593
f 3607 3584 3608
f 3584 3607 3582
f 3634 3590 3589
f 3612 3590 3634
f 3635 3599 3598
f 3599 3635 3636
f 3614 3637 3638
f 3637 3614 3613
f 3639 3638 3637
f 3614 3640 3615
f 3616 3617 3641
f 3642 3643 3644
f 3642 3645 3643
f 3646 3620 3621
f 3577 3646 3575
f 3646 3577 3620
f 3647 3574 3576
f 3648 3649 3650
f 3648 3651 3649
f 3652 3619 3618
f 3653 3619 3652
f 3619 3653 3622
f 3630 3629 3628
f 3629 3630 3632
f 3594 3581 3633
f 3581 3594 3593
f 3582 3596 3583
f 3596 3582 3569
f 3654 3609 3655
f 3609 3654 3607
f 3655 3585 3654
f 3585 3655 3586
f 3591 3588 3656
f 3638 3657 3658
f 3657 3638 3639
f 3644 3659 3642
f 3659 3644 3660
f 3624 3651 3625
f 3651 3624 3649
f 3659 3624 3626
f 3642 3626 3629
f 3624 3659 3649
f 3616 3629 3632
f 3614 3649 3659
f 3585 3632 3661
f 3649 3614 3662
f 3654 3661 3579
f 3638 3662 3614
f 3607 3579 3581
f 3662 3638 3574
f 3607 3581 3593
f 3658 3574 3638
f 3607 3593 3572
f 3574 3658 3577
f 3607 3572 3569
f 3635 3577 3658
f 3607 3569 3582
f 3626 3642 3659
f 3579 3607 3654
f 3577 3635 3620
f 3661 3654 3585
f 3598 3620 3635
f 3632 3585 3616
f 3629 3616 3642
f 3620 3598 3602
f 3590 3598 3588
f 3619 3598 3611
f 3611 3598 3590
f 3602 3598 3619
f 3649 3663 3650
f 3663 3649 3662
f 3627 3626 3664
f 3626 3627 3629
f 3665 3632 3631
f 3632 3665 3661
f 3604 3661 3665
f 3661 3604 3579
f 3598 3656 3588
f 3656 3598 3600
f 3666 3658 3657
f 3658 3636 3635
f 3636 3658 3666
f 3641 3642 3616
f 3642 3641 3645
f 3659 3640 3614
f 3640 3659 3660
f 3662 3647 3667
f 3647 3662 3574
f 3663 3662 3667
f 3623 3668 3626
f 3668 3664 3626
f 3669 3670 3671
f 3670 3669 3672
f 3669 3671 3673
f 3674 3675 3676
f 3677 3678 3679
f 3678 3677 3680
f 3681 3682 3683
f 3682 3681 3684
f 3685 3686 3687
f 3688 3689 3690
f 3689 3688 3691
f 3692 3693 3694
f 3693 3692 3695
f 3696 3697 3698
f 3697 3696 3699
f 3700 3701 3702
f 3701 3700 3703
f 3704 3705 3706
f 3707 3708 3709
f 3710 3711 3712
f 3713 3712 3711
f 3712 3713 3714
f 3691 3715 3689
f 3669 3673 3716
f 3683 3717 3718
f 3717 3683 3719
f 3720 3721 3722
f 3679 3723 3677
f 3678 3680 3724
f 3697 3725 3698
f 3725 3697 3726
f 3727 3728 3729
f 3702 3701 3730
f 3731 3685 3732
f 3685 3731 3686
f 3733 3734 3735
f 3736 3737 3738
f 3739 3707 3709
f 3713 3740 3714
f 3672 3715 3670
f 3715 3672 3689
f 3741 3683 3682
f 3719 3683 3741
f 3742 3694 3693
f 3694 3742 3743
f 3721 3744 3745
f 3744 3721 3720
f 3746 3745 3744
f 3721 3747 3722
f 3748 3749 3750
f 3751 3699 3752
f 3699 3751 3697
f 3752 3679 3751
f 3679 3752 3723
f 3726 3716 3753
f 3716 3726 3669
f 3726 3753 3725
f 3728 3704 3729
f 3704 3728 3705
f 3733 3754 3734
f 3755 3754 3756
f 3754 3755 3734
f 3736 3676 3675
f 3676 3736 3738
f 3690 3714 3740
f 3714 3690 3689
f 3684 3681 3757
f 3745 3758 3759
f 3758 3745 3746
f 3748 3750 3760
f 3760 3761 3748
f 3761 3760 3762
f 3761 3747 3721
f 3747 3761 3762
f 3705 3703 3706
f 3703 3705 3701
f 3763 3727 3764
f 3727 3763 3728
f 3686 3764 3687
f 3764 3686 3763
f 3765 3731 3732
f 3734 3765 3735
f 3765 3734 3731
f 3739 3755 3756
f 3755 3739 3709
f 3761 3755 3709
f 3748 3709 3676
f 3755 3761 3734
f 3678 3676 3738
f 3721 3734 3761
f 3679 3738 3766
f 3734 3721 3731
f 3751 3766 3712
f 3745 3731 3721
f 3697 3712 3714
f 3731 3745 3686
f 3697 3714 3689
f 3759 3686 3745
f 3697 3689 3672
f 3686 3759 3763
f 3697 3672 3669
f 3742 3763 3759
f 3697 3669 3726
f 3709 3748 3761
f 3712 3697 3751
f 3763 3742 3728
f 3766 3751 3679
f 3693 3728 3742
f 3738 3679 3678
f 3676 3678 3748
f 3728 3693 3705
f 3683 3693 3681
f 3701 3693 3718
f 3718 3693 3683
f 3705 3693 3701
f 3674 3709 3708
f 3709 3674 3676
f 3767 3738 3737
f 3738 3767 3766
f 3710 3766 3767
f 3766 3710 3712
f 3718 3730 3701
f 3730 3718 3717
f 3693 3757 3681
f 3757 3693 3695
f 3768 3759 3758
f 3759 3743 3742
f 3743 3759 3768
f 3724 3748 3678
f 3748 3724 3749
f 3769 3770 3771
f 3770 3769 3772
f 3769 3771 3773
f 3774 3775 3776
f 3775 3774 3777
f 3778 3779 3780
f 3779 3778 3781
f 3782 3783 3784
f 3783 3782 3785
f 3786 3778 3787
f 3778 3786 3781
f 3788 3789 3790
f 3789 3788 3791
f 3792 3793 3794
f 3793 3792 3795
f 3796 3797 3798
f 3799 3800 3801
f 3802 3801 3800
f 3801 3802 3803
f 3785 3804 3783
f 3769 3773 3805
f 3806 3807 3808
f 3807 3806 3809
f 3810 3811 3812
f 3776 3813 3774
f 3775 3777 3814
f 3789 3815 3790
f 3815 3789 3816
f 3817 3818 3819
f 3820 3817 3821
f 3817 3820 3818
f 3794 3793 3822
f 3823 3824 3825
f 3823 3826 3824
f 3827 3828 3829
f 3830 3829 3828
f 3829 3830 3831
f 3832 3796 3798
f 3802 3833 3803
f 3772 3804 3770
f 3804 3772 3783
f 3834 3806 3835
f 3809 3806 3834
f 3836 3787 3778
f 3787 3836 3837
f 3838 3839 3840
f 3811 3841 3842
f 3841 3811 3810
f 3843 3842 3841
f 3811 3844 3812
f 3845 3846 3847
f 3848 3791 3849
f 3791 3848 3789
f 3849 3776 3848
f 3776 3849 3813
f 3816 3805 3850
f 3805 3816 3769
f 3816 3850 3815
f 3851 3795 3852
f 3795 3851 3793
f 3853 3826 3854
f 3826 3853 3824
f 3824 3855 3825
f 3855 3824 3856
f 3857 3798 3797
f 3798 3857 3858
f 3784 3803 3833
f 3803 3784 3783
f 3839 3837 3836
f 3837 3839 3838
f 3859 3844 3811
f 3844 3859 3860
f 3847 3859 3845
f 3859 3847 3860
f 3861 3851 3852
f 3818 3861 3819
f 3861 3818 3851
f 3862 3821 3863
f 3821 3862 3820
f 3864 3862 3863
f 3832 3853 3854
f 3853 3832 3798
f 3859 3853 3798
f 3845 3798 3858
f 3853 3859 3824
f 3775 3858 3829
f 3811 3824 3859
f 3776 3829 3831
f 3824 3811 3856
f 3848 3831 3801
f 3842 3856 3811
f 3789 3801 3803
f 3856 3842 3862
f 3789 3803 3783
f 3839 3862 3842
f 3789 3783 3772
f 3862 3839 3820
f 3789 3772 3769
f 3836 3820 3839
f 3789 3769 3816
f 3798 3845 3859
f 3801 3789 3848
f 3820 3836 3818
f 3831 3848 3776
f 3778 3818 3836
f 3829 3776 3775
f 3858 3775 3845
f 3818 3778 3851
f 3806 3778 3780
f 3793 3778 3808
f 3808 3778 3806
f 3851 3778 3793
f 3856 3864 3865
f 3864 3856 3862
f 3855 3856 3865
f 3857 3866 3858
f 3827 3858 3866
f 3858 3827 3829
f 3799 3831 3830
f 3831 3799 3801
f 3808 3822 3793
f 3822 3808 3807
f 3867 3780 3779
f 3780 3835 3806
f 3835 3780 3867
f 3842 3840 3839
f 3840 3842 3843
f 3814 3845 3775
f 3845 3814 3868
f 3845 3868 3846
f 3869 3870 3871
f 3870 3869 3872
f 3869 3871 3873
f 3874 3875 3876
f 3877 3878 3879
f 3878 3877 3880
f 3881 3882 3883
f 3882 3881 3884
f 3885 3886 3887
f 3888 3889 3890
f 3889 3888 3891
f 3892 3893 3894
f 3893 3892 3895
f 3896 3897 3898
f 3897 3896 3899
f 3900 3901 3902
f 3901 3900 3903
f 3904 3905 3906
f 3907 3908 3909
f 3910 3911 3912
f 3913 3912 3911
f 3912 3913 3914
f 3891 3915 3889
f 3869 3873 3916
f 3883 3917 3918
f 3917 3883 3919
f 3920 3921 3922
f 3879 3923 3877
f 3878 3880 3924
f 3897 3925 3898
f 3925 3897 3926
f 3927 3928 3929
f 3902 3901 3930
f 3931 3885 3932
f 3885 3931 3886
f 3933 3934 3935
f 3936 3937 3938
f 3939 3907 3909
f 3913 3940 3914
f 3872 3915 3870
f 3915 3872 3889
f 3941 3883 3882
f 3919 3883 3941
f 3942 3894 3893
f 3894 3942 3943
f 3921 3944 3945
f 3944 3921 3920
f 3946 3945 3944
f 3921 3947 3922
f 3948 3949 3950
f 3951 3899 3952
f 3899 3951 3897
f 3952 3879 3951
f 3879 3952 3923
f 3926 3916 3953
f 3916 3926 3869
f 3926 3953 3925
f 3928 3904 3929
f 3904 3928 3905
f 3933 3954 3934
f 3955 3954 3956
f 3954 3955 3934
f 3936 3876 3875
f 3876 3936 3938
f 3890 3914 3940
f 3914 3890 3889
f 3884 3881 3957
f 3945 3958 3959
f 3958 3945 3946
f 3948 3950 3960
f 3960 3961 3948
f 3961 3960 3962
f 3961 3947 3921
f 3947 3961 3962
f 3905 3903 3906
f 3903 3905 3901
f 3963 3927 3964
f 3927 3963 3928
f 3886 3964 3887
f 3964 3886 3963
f 3965 3931 3932
f 3934 3965 3935
f 3965 3934 3931
f 3939 3955 3956
f 3955 3939 3909
f 3961 3955 3909
f 3948 3909 3876
f 3955 3961 3934
f 3878 3876 3938
f 3921 3934 3961
f 3879 3938 3966
f 3934 3921 3931
f 3951 3966 3912
f 3945 3931 3921
f 3897 3912 3914
f 3931 3945 3886
f 3897 3914 3889
f 3959 3886 3945
f 3897 3889 3872
f 3886 3959 3963
f 3897 3872 3869
f 3942 3963 3959
f 3897 3869 3926
f 3909 3948 3961
f 3912 3897 3951
f 3963 3942 3928
f 3966 3951 3879
f 3893 3928 3942
f 3938 3879 3878
f 3876 3878 3948
f 3928 3893 3905
f 3883 3893 3881
f 3901 3893 3918
f 3918 3893 3883
f 3905 3893 3901
f 3874 3909 3908
f 3909 3874 3876
f 3967 3938 3937
f 3938 3967 3966
f 3910 3966 3967
f 3966 3910 3912
f 3918 3930 3901
f 3930 3918 3917
f 3893 3957 3881
f 3957 3893 3895
f 3968 3959 3958
f 3959 3943 3942
f 3943 3959 3968
f 3924 3948 3878
f 3948 3924 3949
f 3969 3970 3971
f 3970 3969 3972
f 3971 3970 3973
f 3974 3975 3976
f 3977 3978 3979
f 3978 3977 3980
f 3981 3982 3983
f 3982 3981 3984
f 3985 3986 3987
f 3988 3989 3990
f 3991 3984 3992
f 3993 3994 3995
f 3996 3997 3998
f 3999 3981 3983
f 4000 4001 4002
f 4001 4000 4003
f 4004 4005 4006
f 4007 4008 4009
f 4008 4007 4010
f 4008 4011 4012
f 4011 4008 4010
f 3989 4013 3990
f 4014 3971 3973
f 3971 4014 4015
f 3979 4016 3977
f 3993 4017 3994
f 4017 3993 4018
f 3978 3980 4019
f 4020 4021 4022
f 4023 4021 4020
f 4021 4023 4024
f 4025 4026 4027
f 3986 4025 3987
f 4025 3986 4026
f 3982 3984 3991
f 4028 4029 4030
f 4029 4028 4031
f 4032 4033 4034
f 4035 4004 4006
f 4011 4036 4012
f 3990 3972 3969
f 3972 3990 4013
f 4037 4038 4039
f 4038 4037 4040
f 4041 4042 4043
f 4042 4041 4044
f 4045 3995 4046
f 3995 4045 3993
f 4046 3979 4045
f 3979 4046 4016
f 4018 4015 4047
f 4015 4018 3971
f 4018 4047 4017
f 4026 4048 4027
f 4048 4026 4049
f 4050 4031 4051
f 4031 3985 4051
f 3985 4031 3986
f 4035 4028 4030
f 4028 4035 4006
f 4023 4028 4006
f 3996 4006 3976
f 4028 4023 4031
f 3978 3976 4034
f 4020 4031 4023
f 3979 4034 4052
f 4031 4020 3986
f 4045 4052 4008
f 4041 3986 4020
f 3993 4008 4012
f 3986 4041 4026
f 3993 4012 3990
f 4043 4026 4041
f 3993 3990 3969
f 4026 4043 4049
f 3993 3969 3971
f 4053 4049 4043
f 3993 3971 4018
f 4006 3996 4023
f 4008 3993 4045
f 4049 4053 4001
f 4052 4045 3979
f 4054 4001 4053
f 4034 3979 3978
f 3976 3978 3996
f 4001 4054 3981
f 4055 4054 4038
f 3984 4054 4055
f 4038 4054 4056
f 3981 4054 3984
f 4032 3976 3975
f 3976 4032 4034
f 4012 3988 3990
f 3988 4012 4036
f 4057 4038 4040
f 3984 4058 3992
f 4058 3984 4055
f 4059 4043 4042
f 4060 4020 4022
f 4019 3996 3978
f 3996 4019 4061
f 3996 4061 3997
f 4001 3999 4002
f 3999 4001 3981
f 4050 4029 4031
f 3974 4006 4005
f 4006 3974 3976
f 4062 4034 4033
f 4034 4062 4052
f 4052 4009 4008
f 4009 4052 4062
f 4039 4056 4063
f 4056 4039 4038
f 4064 4054 4065
f 4043 4066 4053
f 4066 4043 4059
f 4065 4053 4066
f 4053 4065 4054
f 4020 4067 4041
f 4067 4020 4060
f 4044 4041 4067
f 4023 3998 4024
f 3998 4023 3996
f 4049 4003 4048
f 4003 4049 4001
f 4055 4057 4058
f 4057 4055 4038
f 4068 4054 4064
f 4054 4068 4056
f 4063 4056 4068
f 4069 4070 4071
f 4070 4069 4072
f 4071 4070 4073
f 4074 4075 4076
f 4077 4078 4079
f 4078 4077 4080
f 4081 4082 4083
f 4082 4081 4084
f 4085 4086 4087
f 4088 4089 4090
f 4091 4084 4092
f 4093 4094 4095
f 4096 4097 4098
f 4099 4081 4083
f 4100 4101 4102
f 4101 4100 4103
f 4104 4105 4106
f 4107 4108 4109
f 4108 4107 4110
f 4108 4111 4112
f 4111 4108 4110
f 4089 4113 4090
f 4114 4071 4073
f 4071 4114 4115
f 4079 4116 4077
f 4093 4117 4094
f 4117 4093 4118
f 4078 4080 4119
f 4120 4121 4122
f 4123 4121 4120
f 4121 4123 4124
f 4125 4126 4127
f 4086 4125 4087
f 4125 4086 4126
f 4082 4084 4091
f 4128 4129 4130
f 4129 4128 4131
f 4132 4133 4134
f 4135 4104 4106
f 4111 4136 4112
f 4090 4072 4069
f 4072 4090 4113
f 4137 4138 4139
f 4138 4137 4140
f 4141 4142 4143
f 4142 4141 4144
f 4145 4095 4146
f 4095 4145 4093
f 4146 4079 4145
f 4079 4146 4116
f 4118 4115 4147
f 4115 4118 4071
f 4118 4147 4117
f 4126 4148 4127
f 4148 4126 4149
f 4150 4131 4151
f 4131 4085 4151
f 4085 4131 4086
f 4135 4128 4130
f 4128 4135 4106
f 4123 4128 4106
f 4096 4106 4076
f 4128 4123 4131
f 4078 4076 4134
f 4120 4131 4123
f 4079 4134 4152
f 4131 4120 4086
f 4145 4152 4108
f 4141 4086 4120
f 4093 4108 4112
f 4086 4141 4126
f 4093 4112 4090
f 4143 4126 4141
f 4093 4090 4069
f 4126 4143 4149
f 4093 4069 4071
f 4153 4149 4143
f 4093 4071 4118
f 4106 4096 4123
f 4108 4093 4145
f 4149 4153 4101
f 4152 4145 4079
f 4154 4101 4153
f 4134 4079 4078
f 4076 4078 4096
f 4101 4154 4081
f 4138 4154 4155
f 4084 4154 4156
f 4156 4154 4138
f 4081 4154 4084
f 4132 4076 4075
f 4076 4132 4134
f 4112 4088 4090
f 4088 4112 4136
f 4157 4138 4140
f 4084 4158 4092
f 4158 4084 4156
f 4159 4143 4142
f 4160 4120 4122
f 4119 4096 4078
f 4096 4119 4161
f 4096 4161 4097
f 4101 4099 4102
f 4099 4101 4081
f 4150 4129 4131
f 4074 4106 4105
f 4106 4074 4076
f 4162 4134 4133
f 4134 4162 4152
f 4152 4109 4108
f 4109 4152 4162
f 4139 4155 4163
f 4155 4139 4138
f 4164 4154 4165
f 4143 4166 4153
f 4166 4143 4159
f 4165 4153 4166
f 4153 4165 4154
f 4120 4167 4141
f 4167 4120 4160
f 4144 4141 4167
f 4123 4098 4124
f 4098 4123 4096
f 4149 4103 4148
f 4103 4149 4101
f 4156 4157 4158
f 4157 4156 4138
f 4168 4154 4164
f 4154 4168 4155
f 4163 4155 4168
f 4169 4170 4171
f 4170 4169 4172
f 4171 4170 4173
f 4174 4175 4176
f 4177 4178 4179
f 4178 4177 4171
f 4180 4181 4182
f 4183 4184 4185
f 4184 4183 4186
f 4187 4188 4189
f 4188 4187 4190
f 4191 4192 4193
f 4194 4195 4196
f 4197 4198 4199
f 4198 4197 4200
f 4201 4202 4203
f 4202 4201 4204
f 4188 4205 4189
f 4177 4179 4206
f 4207 4171 4173
f 4171 4207 4178
f 4200 4174 4208
f 4174 4200 4175
f 4209 4210 4211
f 4194 4212 4195
f 4213 4214 4215
f 4214 4213 4216
f 4217 4197 4199
f 4197 4217 4218
f 4198 4200 4208
f 4219 4220 4221
f 4221 4222 4223
f 4222 4221 4213
f 4224 4186 4225
f 4186 4224 4226
f 4227 4225 4186
f 4183 4227 4186
f 4228 4203 4202
f 4203 4228 4229
f 4205 4230 4189
f 4189 4172 4169
f 4172 4189 4230
f 4231 4232 4233
f 4232 4231 4234
f 4176 4175 4235
f 4180 4236 4237
f 4236 4180 4238
f 4209 4206 4210
f 4206 4209 4177
f 4239 4211 4240
f 4211 4239 4209
f 4240 4191 4239
f 4191 4240 4192
f 4241 4242 4243
f 4243 4194 4241
f 4194 4243 4212
f 4244 4196 4245
f 4196 4244 4194
f 4244 4181 4180
f 4181 4244 4245
f 4244 4184 4186
f 4194 4186 4226
f 4184 4244 4221
f 4241 4226 4246
f 4180 4221 4244
f 4191 4246 4201
f 4221 4180 4213
f 4239 4201 4203
f 4237 4213 4180
f 4209 4203 4187
f 4213 4237 4216
f 4209 4187 4189
f 4247 4216 4237
f 4209 4189 4169
f 4216 4247 4248
f 4209 4169 4171
f 4249 4248 4247
f 4209 4171 4177
f 4186 4194 4244
f 4203 4209 4239
f 4248 4249 4197
f 4201 4239 4191
f 4250 4197 4249
f 4246 4191 4241
f 4226 4241 4194
f 4197 4250 4200
f 4232 4250 4251
f 4175 4250 4252
f 4252 4250 4232
f 4200 4250 4175
f 4184 4220 4185
f 4220 4184 4221
f 4222 4213 4215
f 4224 4253 4226
f 4254 4255 4246
f 4203 4256 4187
f 4256 4203 4229
f 4256 4190 4187
f 4257 4232 4234
f 4175 4258 4235
f 4258 4175 4252
f 4259 4247 4260
f 4261 4237 4236
f 4238 4180 4182
f 4193 4241 4191
f 4241 4193 4242
f 4216 4262 4263
f 4262 4216 4248
f 4214 4216 4263
f 4219 4221 4223
f 4204 4246 4255
f 4246 4204 4201
f 4254 4226 4253
f 4226 4254 4246
f 4233 4251 4264
f 4251 4233 4232
f 4265 4250 4266
f 4247 4267 4249
f 4267 4247 4259
f 4266 4249 4267
f 4249 4266 4250
f 4237 4260 4247
f 4260 4237 4261
f 4248 4218 4262
f 4218 4248 4197
f 4252 4257 4258
f 4257 4252 4232
f 4268 4250 4265
f 4250 4268 4251
f 4264 4251 4268
f 4269 4270 4271
f 4270 4269 4272
f 4271 4270 4273
f 4274 4275 4276
f 4275 4274 4277
f 4278 4279 4280
f 4279 4278 4271
f 4281 4282 4283
f 4284 4285 4286
f 4285 4284 4287
f 4288 4289 4290
f 4289 4288 4291
f 4292 4293 4294
f 4293 4292 4295
f 4296 4297 4298
f 4297 4296 4274
f 4299 4300 4301
f 4300 4299 4302
f 4289 4303 4290
f 4278 4280 4304
f 4305 4271 4273
f 4271 4305 4279
f 4306 4307 4308
f 4308 4309 4310
f 4309 4308 4307
f 4294 4311 4312
f 4311 4294 4313
f 4314 4315 4316
f 4317 4318 4319
f 4318 4317 4320
f 4321 4322 4323
f 4322 4321 4324
f 4325 4296 4298
f 4297 4274 4326
f 4326 4274 4276
f 4327 4287 4328
f 4287 4327 4329
f 4330 4328 4287
f 4284 4330 4287
f 4331 4301 4300
f 4301 4331 4332
f 4303 4333 4290
f 4290 4272 4269
f 4272 4290 4333
f 4334 4307 4306
f 4307 4334 4335
f 4336 4337 4338
f 4339 4312 4311
f 4313 4294 4340
f 4294 4293 4340
f 4314 4304 4315
f 4304 4314 4278
f 4341 4316 4342
f 4316 4341 4314
f 4342 4281 4341
f 4281 4342 4282
f 4319 4343 4317
f 4324 4344 4322
f 4344 4324 4345
f 4346 4347 4348
f 4346 4349 4347
f 4327 4350 4329
f 4351 4352 4353
f 4301 4354 4288
f 4354 4301 4332
f 4354 4291 4288
f 4355 4356 4357
f 4356 4355 4358
f 4359 4356 4358
f 4337 4310 4309
f 4310 4337 4336
f 4318 4320 4360
f 4318 4360 4361
f 4345 4325 4362
f 4325 4345 4296
f 4363 4345 4362
f 4345 4363 4344
f 4292 4285 4287
f 4318 4287 4329
f 4285 4292 4347
f 4319 4329 4353
f 4294 4347 4292
f 4281 4353 4299
f 4347 4294 4364
f 4341 4299 4301
f 4312 4364 4294
f 4314 4301 4288
f 4364 4312 4321
f 4314 4288 4290
f 4337 4321 4312
f 4314 4290 4269
f 4321 4337 4324
f 4314 4269 4271
f 4309 4324 4337
f 4314 4271 4278
f 4287 4318 4292
f 4301 4314 4341
f 4324 4309 4345
f 4299 4341 4281
f 4307 4345 4309
f 4353 4281 4319
f 4329 4319 4318
f 4345 4307 4296
f 4356 4307 4335
f 4274 4307 4277
f 4277 4307 4356
f 4296 4307 4274
f 4285 4349 4286
f 4349 4285 4347
f 4365 4364 4366
f 4347 4365 4348
f 4365 4347 4364
f 4364 4367 4366
f 4367 4364 4321
f 4367 4321 4323
f 4302 4353 4352
f 4353 4302 4299
f 4351 4329 4350
f 4329 4351 4353
f 4277 4359 4275
f 4359 4277 4356
f 4368 4335 4334
f 4357 4335 4368
f 4335 4357 4356
f 4312 4338 4337
f 4338 4312 4339
f 4292 4361 4295
f 4361 4292 4318
f 4283 4319 4281
f 4319 4283 4343
f 4369 4370 4371
f 4370 4369 4372
f 4371 4370 4373
f 4374 4375 4376
f 4377 4378 4379
f 4378 4377 4380
f 4381 4382 4383
f 4382 4381 4384
f 4385 4386 4387
f 4388 4389 4390
f 4391 4392 4393
f 4394 4395 4396
f 4397 4398 4399
f 4400 4401 4402
f 4403 4404 4405
f 4406 4407 4408
f 4407 4406 4409
f 4407 4410 4411
f 4410 4407 4409
f 4389 4412 4390
f 4413 4371 4373
f 4371 4413 4414
f 4398 4415 4416
f 4415 4398 4417
f 4418 4419 4420
f 4379 4421 4377
f 4378 4380 4422
f 4394 4423 4395
f 4423 4394 4424
f 4425 4426 4427
f 4426 4425 4428
f 4399 4398 4416
f 4429 4385 4430
f 4385 4429 4386
f 4431 4432 4433
f 4434 4435 4436
f 4437 4403 4405
f 4410 4438 4411
f 4390 4372 4369
f 4372 4390 4412
f 4439 4384 4381
f 4384 4439 4440
f 4441 4384 4440
f 4393 4442 4443
f 4442 4393 4392
f 4419 4444 4445
f 4444 4419 4418
f 4446 4445 4444
f 4419 4447 4420
f 4448 4449 4450
f 4451 4396 4452
f 4396 4451 4394
f 4452 4379 4451
f 4379 4452 4421
f 4424 4414 4453
f 4414 4424 4371
f 4424 4453 4423
f 4426 4400 4427
f 4400 4426 4401
f 4431 4454 4432
f 4437 4455 4456
f 4455 4437 4405
f 4434 4376 4375
f 4376 4434 4436
f 4411 4388 4390
f 4388 4411 4438
f 4383 4382 4457
f 4445 4458 4459
f 4458 4445 4446
f 4448 4450 4460
f 4461 4460 4462
f 4460 4461 4448
f 4461 4447 4419
f 4447 4461 4462
f 4401 4397 4402
f 4397 4401 4398
f 4463 4428 4464
f 4428 4463 4426
f 4386 4464 4387
f 4464 4386 4463
f 4465 4429 4430
f 4432 4465 4433
f 4465 4432 4429
f 4461 4455 4405
f 4448 4405 4376
f 4455 4461 4432
f 4378 4376 4436
f 4419 4432 4461
f 4379 4436 4466
f 4432 4419 4429
f 4451 4466 4407
f 4445 4429 4419
f 4394 4407 4411
f 4429 4445 4386
f 4394 4411 4390
f 4459 4386 4445
f 4394 4390 4369
f 4386 4459 4463
f 4394 4369 4371
f 4442 4463 4459
f 4394 4371 4424
f 4405 4448 4461
f 4407 4394 4451
f 4463 4442 4426
f 4466 4451 4379
f 4392 4426 4442
f 4436 4379 4378
f 4376 4378 4448
f 4426 4392 4401
f 4384 4392 4382
f 4398 4392 4417
f 4417 4392 4384
f 4401 4392 4398
f 4455 4454 4456
f 4454 4455 4432
f 4374 4405 4404
f 4405 4374 4376
f 4467 4436 4435
f 4436 4467 4466
f 4466 4408 4407
f 4408 4466 4467
f 4417 4441 4415
f 4441 4417 4384
f 4457 4392 4391
f 4392 4457 4382
f 4468 4459 4458
f 4459 4443 4442
f 4443 4459 4468
f 4422 4448 4378
f 4448 4422 4449
f 4469 4470 4471
f 4470 4469 4472
f 4471 4470 4473
f 4474 4475 4476
f 4475 4474 4477
f 4478 4479 4480
f 4479 4478 4471
f 4481 4482 4483
f 4484 4485 4486
f 4485 4484 4487
f 4488 4489 4490
f 4489 4488 4491
f 4492 4493 4494
f 4493 4492 4495
f 4496 4497 4498
f 4497 4496 4474
f 4499 4500 4501
f 4500 4499 4502
f 4489 4503 4490
f 4478 4480 4504
f 4505 4471 4473
f 4471 4505 4479
f 4506 4507 4508
f 4508 4509 4510
f 4509 4508 4507
f 4494 4511 4512
f 4511 4494 4513
f 4514 4515 4516
f 4517 4518 4519
f 4518 4517 4520
f 4521 4522 4523
f 4522 4521 4524
f 4525 4496 4498
f 4497 4474 4526
f 4526 4474 4476
f 4527 4487 4528
f 4487 4527 4529
f 4530 4528 4487
f 4484 4530 4487
f 4531 4501 4500
f 4501 4531 4532
f 4503 4533 4490
f 4490 4472 4469
f 4472 4490 4533
f 4534 4535 4536
f 4535 4534 4537
f 4536 4535 4538
f 4539 4512 4511
f 4513 4494 4540
f 4494 4493 4540
f 4514 4504 4515
f 4504 4514 4478
f 4541 4516 4542
f 4516 4541 4514
f 4542 4481 4541
f 4481 4542 4482
f 4519 4543 4517
f 4524 4544 4522
f 4544 4524 4545
f 4546 4547 4548
f 4546 4549 4547
f 4550 4551 4552
f 4527 4553 4529
f 4554 4555 4556
f 4501 4557 4488
f 4557 4501 4532
f 4557 4491 4488
f 4558 4537 4534
f 4537 4558 4559
f 4560 4537 4559
f 4512 4561 4562
f 4561 4512 4539
f 4518 4520 4563
f 4518 4563 4564
f 4545 4525 4565
f 4525 4545 4496
f 4566 4545 4565
f 4545 4566 4544
f 4492 4485 4487
f 4518 4487 4529
f 4485 4492 4547
f 4519 4529 4556
f 4494 4547 4492
f 4481 4556 4499
f 4547 4494 4551
f 4541 4499 4501
f 4512 4551 4494
f 4514 4501 4488
f 4551 4512 4521
f 4514 4488 4490
f 4562 4521 4512
f 4514 4490 4469
f 4521 4562 4524
f 4514 4469 4471
f 4509 4524 4562
f 4514 4471 4478
f 4487 4518 4492
f 4501 4514 4541
f 4524 4509 4545
f 4499 4541 4481
f 4507 4545 4509
f 4556 4481 4519
f 4529 4519 4518
f 4545 4507 4496
f 4537 4507 4535
f 4474 4507 4477
f 4477 4507 4537
f 4496 4507 4474
f 4485 4549 4486
f 4549 4485 4547
f 4547 4550 4548
f 4550 4547 4551
f 4551 4567 4552
f 4567 4551 4521
f 4567 4521 4523
f 4502 4556 4555
f 4556 4502 4499
f 4554 4529 4553
f 4529 4554 4556
f 4477 4560 4475
f 4560 4477 4537
f 4538 4507 4506
f 4507 4538 4535
f 4568 4562 4561
f 4562 4510 4509
f 4510 4562 4568
f 4492 4564 4495
f 4564 4492 4518
f 4483 4519 4481
f 4519 4483 4543
f 4569 4570 4571
f 4570 4569 4572
f 4571 4570 4573
f 4574 4575 4576
f 4575 4574 4577
f 4578 4579 4580
f 4579 4578 4571
f 4581 4582 4583
f 4584 4585 4586
f 4585 4584 4587
f 4588 4589 4590
f 4589 4588 4591
f 4592 4593 4594
f 4593 4592 4595
f 4596 4597 4598
f 4597 4596 4599
f 4600 4601 4602
f 4601 4600 4603
f 4589 4604 4590
f 4578 4580 4605
f 4606 4571 4573
f 4571 4606 4579
f 4607 4608 4609
f 4609 4610 4611
f 4610 4609 4608
f 4612 4613 4614
f 4613 4612 4615
f 4616 4617 4618
f 4583 4619 4581
f 4619 4583 4620
f 4621 4622 4623
f 4622 4621 4596
f 4622 4596 4598
f 4597 4599 4624
f 4624 4599 4625
f 4626 4627 4628
f 4629 4626 4628
f 4630 4631 4632
f 4631 4630 4633
f 4604 4634 4590
f 4590 4572 4569
f 4572 4590 4634
f 4635 4608 4607
f 4608 4635 4636
f 4637 4638 4639
f 4640 4614 4613
f 4615 4612 4641
f 4612 4642 4641
f 4616 4605 4617
f 4605 4616 4578
f 4643 4618 4644
f 4618 4643 4616
f 4644 4581 4643
f 4581 4644 4582
f 4645 4621 4623
f 4621 4645 4646
f 4647 4648 4649
f 4648 4647 4650
f 4651 4652 4653
f 4654 4585 4587
f 4654 4587 4655
f 4656 4628 4627
f 4628 4656 4657
f 4658 4602 4601
f 4631 4659 4588
f 4659 4631 4633
f 4659 4591 4588
f 4660 4577 4661
f 4577 4660 4662
f 4575 4577 4662
f 4638 4611 4610
f 4611 4638 4637
f 4595 4663 4664
f 4595 4664 4593
f 4650 4646 4648
f 4646 4650 4621
f 4629 4584 4586
f 4584 4629 4628
f 4592 4584 4628
f 4595 4628 4657
f 4584 4592 4587
f 4619 4657 4601
f 4612 4587 4592
f 4581 4601 4603
f 4587 4612 4652
f 4643 4603 4631
f 4614 4652 4612
f 4616 4631 4588
f 4652 4614 4647
f 4616 4588 4590
f 4638 4647 4614
f 4616 4590 4569
f 4647 4638 4650
f 4616 4569 4571
f 4610 4650 4638
f 4616 4571 4578
f 4628 4595 4592
f 4631 4616 4643
f 4650 4610 4621
f 4603 4643 4581
f 4608 4621 4610
f 4601 4581 4619
f 4657 4619 4595
f 4621 4608 4596
f 4577 4608 4636
f 4599 4608 4574
f 4574 4608 4577
f 4596 4608 4599
f 4652 4665 4653
f 4665 4652 4647
f 4587 4651 4655
f 4651 4587 4652
f 4665 4647 4649
f 4603 4632 4631
f 4632 4603 4600
f 4656 4666 4657
f 4658 4657 4666
f 4657 4658 4601
f 4599 4576 4625
f 4576 4599 4574
f 4667 4636 4635
f 4661 4636 4667
f 4636 4661 4577
f 4614 4639 4638
f 4639 4614 4640
f 4592 4642 4612
f 4642 4592 4594
f 4619 4620 4668
f 4668 4595 4619
f 4595 4668 4663
f 4669 495 494
f 4669 512 473
f 4670 472 469
f 4670 473 472
f 4669 473 4670
f 512 4669 546
f 546 4669 515
f 515 4669 494
f 495 4669 545
f 545 4669 514
f 514 4669 513
f 1115 4671 1114
f 1140 4671 1115
f 4671 1140 4672
f 1081 4672 1140
f 1083 4672 1081
f 1156 4672 1083
f 1092 4672 1156
f 1094 4672 1092
f 1142 4672 1094
f 1168 4672 1142
f 4672 1168 1167
f 563 615 646
f 557 572 569
f 556 572 557
f 572 556 573
f 537 573 556
f 573 537 612
f 539 612 537
f 612 539 646
f 563 646 539
f 568 615 563
f 615 568 594
f 564 594 568
f 594 564 595
f 565 595 564
f 595 565 645
f 566 645 565
f 645 566 614
f 559 614 566
f 614 559 613
f 613 559 558
f 663 715 746
f 657 672 669
f 656 672 657
f 672 656 673
f 637 673 656
f 673 637 712
f 639 712 637
f 712 639 746
f 663 746 639
f 668 715 663
f 715 668 694
f 664 694 668
f 694 664 695
f 665 695 664
f 695 665 745
f 666 745 665
f 745 666 714
f 659 714 666
f 714 659 713
f 713 659 658
f 759 787 854
f 764 807 806
f 757 772 769
f 756 772 757
f 772 756 773
f 737 773 756
f 773 737 796
f 739 796 737
f 796 739 783
f 763 783 739
f 783 763 784
f 768 784 763
f 784 768 806
f 764 806 768
f 765 807 764
f 807 765 854
f 766 854 765
f 759 854 766
f 787 759 785
f 785 759 758
f 866 921 951
f 797 897 896
f 791 923 952
f 833 913 873
f 808 872 869
f 809 872 808
f 872 809 873
f 833 873 809
f 789 913 833
f 913 789 952
f 791 952 789
f 855 923 791
f 923 855 896
f 797 896 855
f 799 897 797
f 897 799 951
f 835 951 799
f 866 951 835
f 921 866 920
f 920 866 865
f 883 1012 1049
f 914 972 969
f 915 972 914
f 972 915 973
f 940 973 915
f 973 940 1001
f 881 1001 940
f 1001 881 1049
f 883 1049 881
f 956 1012 883
f 1012 956 987
f 892 987 956
f 987 892 988
f 894 988 892
f 988 894 1048
f 942 1048 894
f 1048 942 1010
f 968 1010 942
f 1010 968 1009
f 1009 968 967
f 980 1097 1096
f 1067 1123 1152
f 1032 1113 1073
f 1002 1072 1069
f 1004 1072 1002
f 1072 1004 1073
f 1032 1073 1004
f 1033 1113 1032
f 1113 1033 1152
f 1067 1152 1033
f 978 1123 1067
f 1123 978 1096
f 980 1096 978
f 985 1097 980
f 1097 985 1151
f 1035 1151 985
f 1151 1035 1121
f 1039 1121 1035
f 1121 1039 1120
f 1120 1039 1036
f 4673 2606 2662
f 4673 2588 2636
f 4673 2633 2632
f 4673 2662 2633
f 2606 4673 2607
f 4673 2609 2607
f 4673 2636 2609
f 2588 4673 2589
f 4674 2589 4673
f 2589 4674 2611
f 2611 4674 2570
f 3224 4675 4676
f 4675 3225 3175
f 4675 3224 3225
f 4676 3198 3224
f 4676 3199 3198
f 4676 3222 3199
f 4676 3223 3222
f 4676 3245 3223
f 4676 3248 3245
f 4676 3246 3248
f 3246 4676 3265
f 2599 2709 2707
f 2711 2657 2670
f 2592 2711 2689
f 2591 2689 2688
f 2582 2688 2736
f 2709 2583 2736
f 2602 2707 2706
f 2600 2706 2762
f 2648 2762 2733
f 2625 2733 2732
f 2711 2592 2657
f 2689 2591 2592
f 2688 2582 2591
f 2736 2583 2582
f 2709 2599 2583
f 2707 2602 2599
f 2706 2600 2602
f 2762 2648 2600
f 2733 2625 2648
f 2625 2732 2623
f 2725 2852 2851
f 2700 2802 2804
f 2699 2854 2827
f 2682 2787 2789
f 2828 2757 2770
f 2692 2828 2806
f 2787 2691 2806
f 2854 2683 2789
f 2802 2702 2827
f 2852 2725 2804
f 2828 2692 2757
f 2806 2691 2692
f 2787 2682 2691
f 2789 2683 2682
f 2854 2699 2683
f 2827 2702 2699
f 2802 2700 2702
f 2804 2748 2700
f 2804 2725 2748
f 2725 2851 2723
f 2932 2856 2870
f 2832 2932 2904
f 2776 2904 2889
f 2774 2889 2891
f 2808 2891 2955
f 2799 2955 2931
f 2800 2931 2900
f 2817 2900 2902
f 2862 2902 2953
f 2861 2953 2952
f 2932 2832 2856
f 2904 2776 2832
f 2889 2774 2776
f 2891 2808 2774
f 2955 2799 2808
f 2931 2800 2799
f 2900 2817 2800
f 2902 2862 2817
f 2953 2861 2862
f 2861 2952 2863
f 2925 3010 3008
f 3012 2874 2970
f 2877 3012 2990
f 2926 2990 2989
f 2898 2989 3038
f 3010 2899 3038
f 2962 3008 3007
f 2944 3007 3066
f 2923 3066 3035
f 2921 3035 3034
f 3012 2877 2874
f 2990 2926 2877
f 2989 2898 2926
f 3038 2899 2898
f 3010 2925 2899
f 3008 2962 2925
f 3007 2944 2962
f 3066 2923 2944
f 3035 2921 2923
f 2921 3034 2967
f 3025 3100 3102
f 3001 3157 3131
f 3132 3014 3070
f 3016 3132 3104
f 3000 3104 3089
f 2998 3089 3091
f 3157 3003 3091
f 3100 3027 3131
f 3063 3102 3155
f 2987 3155 3154
f 3132 3016 3014
f 3104 3000 3016
f 3089 2998 3000
f 3091 3003 2998
f 3157 3001 3003
f 3131 3027 3001
f 3100 3025 3027
f 3102 3063 3025
f 3155 2987 3063
f 2987 3154 2985
f 3143 3230 3204
f 3125 3259 3231
f 3098 3189 3191
f 3233 3074 3170
f 3077 3233 3205
f 3189 3126 3205
f 3259 3099 3191
f 3230 3164 3231
f 3123 3204 3201
f 3121 3201 3257
f 3233 3077 3074
f 3205 3126 3077
f 3189 3098 3126
f 3191 3099 3098
f 3259 3125 3099
f 3231 3164 3125
f 3230 3143 3164
f 3204 3123 3143
f 3201 3121 3123
f 3121 3257 3166
f 4677 4678 4679
f 4678 4677 4680
f 4681 4682 4683
f 4682 4681 4684
f 1998 1924 2024
f 1998 1921 1924
f 1997 1921 1998
f 1997 1922 1921
f 2061 1922 1997
f 2061 1960 1922
f 2019 1960 2061
f 2019 1967 1960
f 1980 1967 2019
f 1980 1944 1967
f 1977 1944 1980
f 1977 1942 1944
f 2016 1942 1977
f 2016 1959 1942
f 2046 1959 2016
f 2046 1966 1959
f 1995 1966 2046
f 1995 1965 1966
f 1994 1965 1995
f 1994 1964 1965
f 2017 1964 1994
f 2017 1968 1964
f 2047 1968 2017
f 2047 1963 1968
f 2015 1963 2047
f 2015 1940 1963
f 2014 1940 2015
f 1940 2014 1938
f 2098 2024 2124
f 2098 2021 2024
f 2097 2021 2098
f 2097 2022 2021
f 2161 2022 2097
f 2161 2060 2022
f 2119 2060 2161
f 2119 2067 2060
f 2080 2067 2119
f 2080 2044 2067
f 2077 2044 2080
f 2077 2042 2044
f 2116 2042 2077
f 2116 2059 2042
f 2146 2059 2116
f 2146 2066 2059
f 2095 2066 2146
f 2095 2065 2066
f 2094 2065 2095
f 2094 2064 2065
f 2117 2064 2094
f 2117 2068 2064
f 2147 2068 2117
f 2147 2063 2068
f 2115 2063 2147
f 2115 2040 2063
f 2114 2040 2115
f 2040 2114 2038
f 2244 2124 2260
f 2244 2121 2124
f 2243 2121 2244
f 2243 2122 2121
f 2245 2122 2243
f 2245 2160 2122
f 2241 2160 2245
f 2241 2167 2160
f 2216 2167 2241
f 2216 2144 2167
f 2187 2144 2216
f 2187 2142 2144
f 2186 2142 2187
f 2186 2159 2142
f 2255 2159 2186
f 2255 2166 2159
f 2208 2166 2255
f 2208 2165 2166
f 2207 2165 2208
f 2207 2164 2165
f 2184 2164 2207
f 2184 2168 2164
f 2183 2168 2184
f 2183 2163 2168
f 2196 2163 2183
f 2196 2140 2163
f 2195 2140 2196
f 2140 2195 2138
f 2360 2260 2362
f 2360 2240 2260
f 2350 2240 2360
f 2350 2214 2240
f 2349 2214 2350
f 2349 2212 2214
f 2322 2212 2349
f 2322 2237 2212
f 2280 2237 2322
f 2280 2239 2237
f 2277 2239 2280
f 2277 2257 2239
f 2321 2257 2277
f 2321 2266 2257
f 2352 2266 2321
f 2352 2236 2266
f 2296 2236 2352
f 2296 2199 2236
f 2295 2199 2296
f 2295 2197 2199
f 2323 2197 2295
f 2323 2256 2197
f 2353 2256 2323
f 2353 2191 2256
f 2314 2191 2353
f 2314 2189 2191
f 2313 2189 2314
f 2189 2313 2233
f 2447 2362 2460
f 2447 2347 2362
f 2446 2347 2447
f 2446 2320 2347
f 2468 2320 2446
f 2468 2318 2320
f 2412 2318 2468
f 2412 2344 2318
f 2377 2344 2412
f 2377 2346 2344
f 2374 2346 2377
f 2374 2358 2346
f 2411 2358 2374
f 2411 2368 2358
f 2449 2368 2411
f 2449 2343 2368
f 2388 2343 2449
f 2388 2293 2343
f 2387 2293 2388
f 2387 2291 2293
f 2413 2291 2387
f 2413 2357 2291
f 2450 2357 2413
f 2450 2284 2357
f 2403 2284 2450
f 2403 2282 2284
f 2402 2282 2403
f 2282 2402 2340
f 2560 2460 2562
f 2560 2444 2460
f 2550 2444 2560
f 2550 2410 2444
f 2549 2410 2550
f 2549 2408 2410
f 2522 2408 2549
f 2522 2441 2408
f 2480 2441 2522
f 2480 2443 2441
f 2477 2443 2480
f 2477 2440 2443
f 2521 2440 2477
f 2521 2438 2440
f 2552 2438 2521
f 2552 2437 2438
f 2496 2437 2552
f 2496 2385 2437
f 2495 2385 2496
f 2495 2381 2385
f 2523 2381 2495
f 2523 2379 2381
f 2553 2379 2523
f 2553 2467 2379
f 2514 2467 2553
f 2514 2435 2467
f 2513 2435 2514
f 2435 2513 2433
f 2460 4685 2562
f 4685 2547 2562
f 4685 2520 2547
f 4685 2518 2520
f 4685 2544 2518
f 4685 2546 2544
f 4685 2558 2546
f 4685 2568 2558
f 4685 2543 2568
f 4685 2493 2543
f 4685 2491 2493
f 4685 2557 2491
f 4685 2484 2557
f 4685 2482 2484
f 2540 4685 4686
f 4685 2540 2482
f 4685 2460 4687
f 2362 4687 2460
f 2260 4687 2362
f 2124 4687 2260
f 2024 4687 2124
f 1924 4687 2024
f 1898 4687 1924
f 1897 4687 1898
f 1961 4687 1897
f 1919 4687 1961
f 1880 4687 1919
f 1877 4687 1880
f 1916 4687 1877
f 1946 4687 1916
f 1895 4687 1946
f 1894 4687 1895
f 1917 4687 1894
f 1947 4687 1917
f 1915 4687 1947
f 1914 4687 1915
f 4687 1914 4688
f 4689 2526 4690
f 2526 4689 2527
f 2527 4689 2564
f 2564 4689 2487
f 2487 4689 2485
f 2485 4689 2531
f 2531 4689 2565
f 2565 4689 2534
f 2532 2556 2554
f 4689 2454 2556
f 2454 4689 2356
f 2356 4689 2225
f 2225 4689 2131
f 4691 2131 4689
f 2131 4691 2031
f 2532 4689 2556
f 2534 4689 2532
f 2508 2416 2506
f 2508 2417 2416
f 2567 2417 2508
f 2567 2420 2417
f 2536 2420 2567
f 2536 2463 2420
f 2535 2463 2536
f 2535 2464 2463
f 2475 2464 2535
f 2475 2465 2464
f 2474 2465 2475
f 2474 2455 2465
f 2504 2455 2474
f 2504 2424 2455
f 2503 2424 2504
f 2503 2422 2424
f 2538 2422 2503
f 2538 2425 2422
f 2556 2425 2538
f 2425 2556 2454
f 2397 2326 2395
f 2397 2327 2326
f 2429 2327 2397
f 2429 2364 2327
f 2427 2364 2429
f 2427 2287 2364
f 2426 2287 2427
f 2426 2285 2287
f 2466 2285 2426
f 2466 2331 2285
f 2457 2331 2466
f 2457 2365 2331
f 2393 2365 2457
f 2393 2334 2365
f 2392 2334 2393
f 2392 2332 2334
f 2431 2332 2392
f 2431 2354 2332
f 2454 2354 2431
f 2354 2454 2356
f 2308 2246 2306
f 2308 2247 2246
f 2367 2247 2308
f 2367 2174 2247
f 2336 2174 2367
f 2336 2177 2174
f 2335 2177 2336
f 2335 2248 2177
f 2275 2248 2335
f 2275 2267 2248
f 2274 2267 2275
f 2274 2263 2267
f 2304 2263 2274
f 2304 2251 2263
f 2303 2251 2304
f 2303 2249 2251
f 2338 2249 2303
f 2338 2252 2249
f 2356 2252 2338
f 2252 2356 2225
f 2204 2101 2203
f 2204 2102 2101
f 2265 2102 2204
f 2265 2148 2102
f 2230 2148 2265
f 2230 2127 2148
f 2229 2127 2230
f 2229 2125 2127
f 2227 2125 2229
f 2227 2087 2125
f 2226 2087 2227
f 2226 2085 2087
f 2264 2085 2226
f 2264 2151 2085
f 2268 2151 2264
f 2268 2150 2151
f 2223 2150 2268
f 2223 2128 2150
f 2225 2128 2223
f 2128 2225 2131
f 2109 2001 2107
f 2109 2002 2001
f 2162 2002 2109
f 2162 2048 2002
f 2133 2048 2162
f 2133 2027 2048
f 2132 2027 2133
f 2132 2025 2027
f 2075 2025 2132
f 2075 1987 2025
f 2074 1987 2075
f 2074 1985 1987
f 2105 1985 2074
f 2105 2051 1985
f 2104 2051 2105
f 2104 2050 2051
f 2135 2050 2104
f 2135 2028 2050
f 2131 2028 2135
f 2028 2131 2031
f 2009 1901 2007
f 2009 1902 1901
f 2062 1902 2009
f 2062 1948 1902
f 2033 1948 2062
f 2033 1927 1948
f 2032 1927 2033
f 2032 1925 1927
f 1975 1925 2032
f 1975 1887 1925
f 1974 1887 1975
f 1974 1885 1887
f 2005 1885 1974
f 2005 1951 1885
f 2004 1951 2005
f 2004 1950 1951
f 2035 1950 2004
f 2035 1928 1950
f 2031 1928 2035
f 1928 2031 1931
f 4691 1907 1909
f 4691 1909 1962
f 4691 1962 1933
f 4691 1933 1932
f 4691 1932 1875
f 4691 1875 1874
f 4691 1874 1905
f 4691 1905 1904
f 1931 1904 1935
f 1907 4691 4692
f 1931 4691 1904
f 2031 4691 1931
f 4693 4694 4695
f 4694 4693 4696
f 4697 4698 4699
f 4698 4697 4700
f 4701 4683 4702
f 4683 4701 4681
f 1167 4702 4672
f 1158 4702 1167
f 1145 4702 1158
f 1144 4702 1145
f 1117 4702 1144
f 1119 4702 1117
f 1146 4702 1119
f 1161 4702 1146
f 1059 1161 1159
f 1059 1159 1149
f 1006 1148 1122
f 1036 1080 1120
f 1038 1080 1036
f 1080 1038 1078
f 1042 1078 1038
f 1078 1042 1122
f 1041 1122 1042
f 1006 1122 1041
f 1148 1006 1149
f 1008 1149 1006
f 1043 1149 1008
f 1059 1149 1043
f 1161 1059 4702
f 967 977 1009
f 958 977 967
f 977 958 975
f 945 975 958
f 975 945 1011
f 944 1011 945
f 1011 944 1068
f 917 1068 944
f 1068 917 1045
f 919 1045 917
f 1045 919 1046
f 1046 919 1059
f 946 1059 919
f 961 1059 946
f 1059 961 4702
f 865 880 920
f 857 880 865
f 880 857 878
f 838 878 857
f 878 838 922
f 837 922 838
f 922 837 948
f 811 948 837
f 948 811 949
f 813 949 811
f 949 813 959
f 959 813 961
f 839 961 813
f 859 961 839
f 961 859 4702
f 760 844 840
f 758 788 785
f 742 788 758
f 788 742 814
f 741 814 742
f 814 741 840
f 767 840 741
f 760 840 767
f 844 760 842
f 720 842 760
f 842 720 843
f 843 720 859
f 719 859 720
f 722 859 719
f 4701 859 722
f 658 680 713
f 642 680 658
f 680 642 678
f 641 678 642
f 678 641 717
f 667 717 641
f 717 667 761
f 660 761 667
f 761 660 697
f 620 697 660
f 697 620 698
f 698 620 722
f 619 722 620
f 622 722 619
f 4701 722 622
f 558 580 613
f 542 580 558
f 580 542 578
f 541 578 542
f 578 541 617
f 567 617 541
f 617 567 661
f 560 661 567
f 661 560 597
f 520 597 560
f 597 520 598
f 598 520 622
f 519 622 520
f 522 622 519
f 622 522 4701
f 4701 498 497
f 4701 561 517
f 4701 513 4669
f 513 4701 480
f 480 4701 478
f 478 4701 517
f 561 4701 497
f 859 4701 4702
f 498 4701 522
f 1197 4703 1195
f 1216 4703 1197
f 1246 4703 1216
f 1214 4703 1246
f 1173 4703 1214
f 1172 4703 1173
f 1169 4703 1172
f 4704 1169 1213
f 4704 1213 1190
f 4704 1190 1189
f 1169 4704 4703
f 4705 1810 1807
f 4705 1837 1810
f 4705 1867 1837
f 4705 1862 1867
f 4705 1861 1862
f 4705 1776 1861
f 4706 1776 4705
f 1776 4706 1774
f 1774 4706 1828
f 1828 4706 1827
f 1827 4706 1826
f 1297 1263 1295
f 1297 1265 1263
f 1316 1265 1297
f 1316 1268 1265
f 1346 1268 1316
f 1346 1262 1268
f 1314 1262 1346
f 1314 1239 1262
f 1273 1239 1314
f 1273 1237 1239
f 1272 1237 1273
f 1272 1256 1237
f 1269 1256 1272
f 1269 1257 1256
f 1313 1257 1269
f 1313 1193 1257
f 1290 1193 1313
f 1290 1192 1193
f 1289 1192 1290
f 1192 1289 1227
f 1413 1363 1411
f 1413 1365 1363
f 1408 1365 1413
f 1408 1368 1365
f 1380 1368 1408
f 1380 1362 1368
f 1378 1362 1380
f 1378 1339 1362
f 1373 1339 1378
f 1373 1337 1339
f 1372 1337 1373
f 1372 1356 1337
f 1369 1356 1372
f 1369 1357 1356
f 1430 1357 1369
f 1430 1293 1357
f 1407 1293 1430
f 1407 1292 1293
f 1406 1292 1407
f 1292 1406 1327
f 1518 1464 1516
f 1518 1466 1464
f 1505 1466 1518
f 1505 1468 1466
f 1480 1468 1505
f 1480 1463 1468
f 1478 1463 1480
f 1478 1433 1463
f 1473 1433 1478
f 1473 1431 1433
f 1472 1431 1473
f 1472 1456 1431
f 1469 1456 1472
f 1469 1457 1456
f 1535 1457 1469
f 1535 1434 1457
f 1504 1434 1535
f 1504 1376 1434
f 1503 1376 1504
f 1376 1503 1374
f 1599 1506 1597
f 1599 1509 1506
f 1625 1509 1599
f 1625 1536 1509
f 1653 1536 1625
f 1653 1568 1536
f 1616 1568 1653
f 1616 1559 1568
f 1573 1559 1616
f 1573 1557 1559
f 1572 1557 1573
f 1572 1560 1557
f 1569 1560 1572
f 1569 1476 1560
f 1615 1476 1569
f 1615 1474 1476
f 1590 1474 1615
f 1590 1529 1474
f 1589 1529 1590
f 1529 1589 1528
f 1718 1592 1716
f 1718 1595 1592
f 1705 1595 1718
f 1705 1657 1595
f 1680 1657 1705
f 1680 1583 1657
f 1678 1583 1680
f 1678 1581 1583
f 1673 1581 1678
f 1673 1640 1581
f 1672 1640 1673
f 1672 1641 1640
f 1669 1641 1672
f 1669 1619 1641
f 1735 1619 1669
f 1735 1617 1619
f 1704 1617 1735
f 1704 1602 1617
f 1703 1602 1704
f 1602 1703 1600
f 1820 1706 1818
f 1820 1709 1706
f 1806 1709 1820
f 1806 1740 1709
f 1780 1740 1806
f 1780 1738 1740
f 1778 1738 1780
f 1778 1736 1738
f 1773 1736 1778
f 1773 1760 1736
f 1772 1760 1773
f 1772 1761 1760
f 1769 1761 1772
f 1769 1676 1761
f 1836 1676 1769
f 1836 1674 1676
f 1805 1674 1836
f 1805 1729 1674
f 1804 1729 1805
f 1729 1804 1728
f 1300 1223 1323
f 1300 1220 1223
f 1299 1220 1300
f 1299 1221 1220
f 1360 1221 1299
f 1360 1259 1221
f 1318 1259 1360
f 1318 1267 1259
f 1279 1267 1318
f 1279 1242 1267
f 1278 1242 1279
f 1278 1240 1242
f 1315 1240 1278
f 1315 1258 1240
f 1345 1258 1315
f 1345 1266 1258
f 1296 1266 1345
f 1296 1264 1266
f 1295 1264 1296
f 1264 1295 1263
f 1397 1323 1444
f 1397 1320 1323
f 1396 1320 1397
f 1396 1321 1320
f 1414 1321 1396
f 1414 1359 1321
f 1442 1359 1414
f 1442 1367 1359
f 1441 1367 1442
f 1441 1342 1367
f 1394 1342 1441
f 1394 1340 1342
f 1393 1340 1394
f 1393 1358 1340
f 1439 1358 1393
f 1439 1366 1358
f 1412 1366 1439
f 1412 1364 1366
f 1411 1364 1412
f 1364 1411 1363
f 1562 1444 1494
f 1562 1382 1444
f 1561 1382 1562
f 1561 1383 1382
f 1521 1383 1561
f 1521 1436 1383
f 1520 1436 1521
f 1520 1435 1436
f 1545 1435 1520
f 1545 1460 1435
f 1483 1460 1545
f 1483 1459 1460
f 1482 1459 1483
f 1482 1458 1459
f 1544 1458 1482
f 1544 1467 1458
f 1517 1467 1544
f 1517 1465 1467
f 1516 1465 1517
f 1465 1516 1464
f 1660 1494 1662
f 1660 1492 1494
f 1650 1492 1660
f 1650 1542 1492
f 1649 1542 1650
f 1649 1513 1542
f 1624 1513 1649
f 1624 1512 1513
f 1579 1512 1624
f 1579 1541 1512
f 1578 1541 1579
f 1578 1540 1541
f 1623 1540 1578
f 1623 1538 1540
f 1652 1538 1623
f 1652 1511 1538
f 1598 1511 1652
f 1598 1508 1511
f 1597 1508 1598
f 1508 1597 1506
f 1765 1662 1694
f 1765 1647 1662
f 1764 1647 1765
f 1764 1622 1647
f 1721 1622 1764
f 1721 1620 1622
f 1720 1620 1721
f 1720 1644 1620
f 1745 1644 1720
f 1745 1646 1644
f 1683 1646 1745
f 1683 1658 1646
f 1682 1658 1683
f 1682 1668 1658
f 1744 1668 1682
f 1744 1643 1668
f 1717 1643 1744
f 1717 1594 1643
f 1716 1594 1717
f 1594 1716 1592
f 1793 1694 1794
f 1793 1692 1694
f 1864 1692 1793
f 1864 1742 1692
f 1863 1742 1864
f 1863 1713 1742
f 1868 1713 1863
f 1868 1712 1713
f 1822 1712 1868
f 1822 1741 1712
f 1783 1741 1822
f 1783 1762 1741
f 1782 1762 1783
f 1782 1768 1762
f 1846 1768 1782
f 1846 1711 1768
f 1819 1711 1846
f 1819 1708 1711
f 1818 1708 1819
f 1708 1818 1706
f 1694 4677 1794
f 4677 1844 1794
f 4677 1843 1844
f 4677 1815 1843
f 4677 1813 1815
f 4677 1842 1813
f 4677 1841 1842
f 4677 1839 1841
f 4677 1812 1839
f 4677 1809 1812
f 1807 4677 4705
f 4677 1807 1809
f 1662 4677 1694
f 1494 4677 1662
f 4677 1494 4680
f 1444 4680 1494
f 1323 4680 1444
f 1223 4680 1323
f 1200 4680 1223
f 1199 4680 1200
f 1260 4680 1199
f 1218 4680 1260
f 1179 4680 1218
f 1178 4680 1179
f 1215 4680 1178
f 1245 4680 1215
f 1196 4680 1245
f 1195 4680 1196
f 4680 1195 4703
f 4706 1796 1826
f 4706 1799 1796
f 4682 1799 4706
f 1799 4682 1823
f 1823 4682 1825
f 1825 4682 1847
f 1847 4682 1849
f 1849 4682 1850
f 1850 4682 1865
f 1865 4682 1854
f 4682 1785 1855
f 4682 1686 1786
f 1686 4682 1656
f 1656 4682 1486
f 1486 4682 1386
f 1386 4682 1330
f 1330 4682 1230
f 1785 4682 1786
f 1856 4682 1855
f 1852 4682 1856
f 1854 4682 1852
f 1789 1728 1804
f 1789 1696 1728
f 1791 1696 1789
f 1791 1698 1696
f 1860 1698 1791
f 1860 1727 1698
f 1834 1727 1860
f 1834 1766 1727
f 1833 1766 1834
f 1833 1746 1766
f 1800 1746 1833
f 1800 1724 1746
f 1802 1724 1800
f 1802 1725 1724
f 1859 1725 1802
f 1859 1767 1725
f 1866 1767 1859
f 1866 1754 1767
f 1857 1754 1866
f 1857 1752 1754
f 1830 1752 1857
f 1830 1750 1752
f 1829 1750 1830
f 1829 1748 1750
f 1832 1748 1829
f 1832 1751 1748
f 1786 1751 1832
f 1751 1786 1686
f 1689 1600 1703
f 1689 1603 1600
f 1691 1603 1689
f 1691 1606 1603
f 1759 1606 1691
f 1759 1604 1606
f 1734 1604 1759
f 1734 1629 1604
f 1700 1629 1734
f 1700 1627 1629
f 1702 1627 1700
f 1702 1664 1627
f 1757 1664 1702
f 1757 1587 1664
f 1756 1587 1757
f 1756 1585 1587
f 1755 1585 1756
f 1755 1631 1585
f 1730 1631 1755
f 1730 1665 1631
f 1731 1665 1730
f 1731 1634 1665
f 1733 1634 1731
f 1733 1632 1634
f 1684 1632 1733
f 1684 1654 1632
f 1686 1654 1684
f 1654 1686 1656
f 1591 1528 1589
f 1591 1496 1528
f 1639 1496 1591
f 1639 1498 1496
f 1613 1498 1639
f 1613 1527 1498
f 1611 1527 1613
f 1611 1563 1527
f 1610 1563 1611
f 1610 1546 1563
f 1667 1546 1610
f 1667 1524 1546
f 1636 1524 1667
f 1636 1525 1524
f 1635 1525 1636
f 1635 1567 1525
f 1575 1567 1635
f 1575 1566 1567
f 1574 1566 1575
f 1574 1565 1566
f 1608 1565 1574
f 1608 1550 1565
f 1607 1550 1608
f 1607 1548 1550
f 1638 1548 1607
f 1638 1551 1548
f 1656 1551 1638
f 1551 1656 1486
f 1489 1374 1503
f 1489 1377 1374
f 1491 1377 1489
f 1491 1409 1377
f 1556 1409 1491
f 1556 1398 1409
f 1534 1398 1556
f 1534 1401 1398
f 1500 1401 1534
f 1500 1419 1401
f 1502 1419 1500
f 1502 1461 1419
f 1554 1461 1502
f 1554 1462 1461
f 1553 1462 1554
f 1553 1416 1462
f 1552 1416 1553
f 1552 1417 1416
f 1530 1417 1552
f 1530 1423 1417
f 1531 1423 1530
f 1531 1424 1423
f 1533 1424 1531
f 1533 1420 1424
f 1484 1420 1533
f 1484 1421 1420
f 1486 1421 1484
f 1421 1486 1386
f 1389 1327 1406
f 1389 1281 1327
f 1391 1281 1389
f 1391 1284 1281
f 1455 1284 1391
f 1455 1301 1284
f 1429 1301 1455
f 1429 1304 1301
f 1403 1304 1429
f 1403 1302 1304
f 1405 1302 1403
f 1405 1347 1302
f 1454 1347 1405
f 1454 1326 1347
f 1453 1326 1454
f 1453 1324 1326
f 1452 1324 1453
f 1452 1287 1324
f 1425 1287 1452
f 1425 1285 1287
f 1426 1285 1425
f 1426 1350 1285
f 1428 1350 1426
f 1428 1349 1350
f 1384 1349 1428
f 1384 1329 1349
f 1386 1329 1384
f 1329 1386 1330
f 1291 1227 1289
f 1291 1181 1227
f 1336 1181 1291
f 1336 1184 1181
f 1311 1184 1336
f 1311 1201 1184
f 1309 1201 1311
f 1309 1204 1201
f 1308 1204 1309
f 1308 1202 1204
f 1361 1202 1308
f 1361 1247 1202
f 1333 1247 1361
f 1333 1226 1247
f 1332 1226 1333
f 1332 1224 1226
f 1275 1224 1332
f 1275 1187 1224
f 1274 1187 1275
f 1274 1185 1187
f 1306 1185 1274
f 1306 1250 1185
f 1305 1250 1306
f 1305 1249 1250
f 1335 1249 1305
f 1335 1229 1249
f 1330 1229 1335
f 1229 1330 1230
f 4684 1189 1191
f 4684 1191 1236
f 4684 1236 1211
f 4684 1211 1209
f 4684 1209 1208
f 4684 1208 1261
f 4684 1261 1233
f 4684 1233 1232
f 4684 1232 1175
f 4684 1175 1174
f 4684 1174 1206
f 4684 1206 1205
f 1230 1205 1235
f 1189 4684 4704
f 1230 4684 1205
f 4684 1230 4682
f 4707 4708 4709
f 4708 4707 4710
f 4687 4709 4685
f 4709 4687 4707
f 4708 3265 4676
f 4708 3264 3265
f 4708 3252 3264
f 4708 3250 3252
f 4708 3254 3250
f 4708 3253 3254
f 4708 3185 3253
f 4708 3188 3185
f 4708 3229 3188
f 4708 3226 3229
f 3147 3227 3226
f 3258 3166 3257
f 3165 3258 3266
f 3151 3266 3256
f 3227 3147 3256
f 3145 3226 4708
f 3258 3165 3166
f 3266 3151 3165
f 3256 3149 3151
f 3256 3147 3149
f 3226 3145 3147
f 4708 3148 3145
f 4708 3088 3148
f 3032 3127 3130
f 3156 2985 3154
f 2988 3156 3152
f 3028 3152 3129
f 3127 3032 3129
f 3030 3130 3086
f 3030 3086 3088
f 3055 3088 4708
f 3156 2988 2985
f 3152 3028 2988
f 3129 3064 3028
f 3129 3032 3064
f 3130 3030 3032
f 3088 3053 3030
f 3088 3055 3053
f 3036 2967 3034
f 2966 3036 2975
f 2965 2975 2974
f 2964 2974 3005
f 2948 3005 3004
f 2946 3004 3037
f 2946 3037 3055
f 2888 3055 4708
f 3036 2966 2967
f 2975 2965 2966
f 2974 2964 2965
f 3005 2948 2964
f 3004 2946 2948
f 3055 2949 2946
f 3055 2888 2949
f 2954 2863 2952
f 2815 2954 2950
f 2813 2950 2929
f 2822 2929 2927
f 2821 2927 2930
f 2818 2930 2886
f 2818 2886 2888
f 2954 2815 2863
f 2950 2813 2815
f 2929 2822 2813
f 2786 2888 4708
f 2927 2821 2822
f 2930 2818 2821
f 2888 2819 2818
f 2888 2786 2819
f 2853 2723 2851
f 2726 2853 2850
f 2687 2850 2825
f 2685 2825 2823
f 2750 2823 2826
f 2749 2826 2784
f 2749 2784 2786
f 2853 2726 2723
f 2850 2687 2726
f 2825 2685 2687
f 4710 2786 4708
f 2823 2750 2685
f 2826 2749 2750
f 2786 2727 2749
f 2786 2730 2727
f 2734 2623 2732
f 2626 2734 2675
f 2587 2675 2674
f 2585 2674 2704
f 2650 2704 2703
f 2649 2703 2735
f 2649 2735 2730
f 2734 2626 2623
f 2675 2587 2626
f 2674 2585 2587
f 2786 4710 2730
f 2704 2650 2585
f 2703 2649 2650
f 2730 2627 2649
f 2730 2630 2627
f 2630 2603 2635
f 4710 2604 2603
f 2730 4710 2630
f 4710 2603 2630
f 2604 4710 2574
f 4710 2575 2574
f 4710 2634 2575
f 4710 2632 2634
f 2632 4710 4673
f 4711 4679 4689
f 4712 4689 4690
f 4679 4711 4677
f 4713 4690 4686
f 4714 4677 4711
f 4715 4686 4685
f 4677 4714 4705
f 4716 4685 4709
f 4717 4705 4714
f 4718 4709 4708
f 4705 4717 4706
f 4719 4708 4676
f 4720 4706 4717
f 4706 4720 4682
f 4689 4712 4711
f 4690 4713 4712
f 4686 4715 4713
f 4685 4716 4715
f 4709 4718 4716
f 4708 4719 4718
f 4676 4721 4719
f 4675 4721 4676
f 4675 4722 4721
f 4675 4723 4722
f 4724 4723 4675
f 4723 4724 4725
f 4726 4725 4724
f 4725 4726 4727
f 4699 4727 4726
f 4727 4699 4728
f 4728 4698 4729
f 4698 4728 4699
f 4730 4682 4720
f 4682 4730 4683
f 4731 4683 4730
f 4683 4731 4702
f 4732 4702 4731
f 4702 4732 4672
f 4733 4672 4732
f 4734 4672 4733
f 4734 4671 4672
f 4735 4671 4734
f 4736 4735 4737
f 4738 4737 4739
f 4694 4739 4740
f 4695 4740 4741
f 4742 4741 4743
f 4744 4743 4745
f 4735 4736 4671
f 4746 4745 4747
f 4748 4729 4698
f 4729 4748 4749
f 4737 4738 4736
f 4750 4749 4748
f 4739 4694 4738
f 4749 4750 4751
f 4740 4695 4694
f 4752 4751 4750
f 4741 4742 4695
f 4751 4752 4747
f 4743 4744 4742
f 4753 4747 4752
f 4745 4746 4744
f 4747 4753 4746
f 1873 4688 1914
f 1869 4688 1873
f 1871 4688 1869
f 4692 1871 1913
f 4692 1913 1889
f 4692 1889 1888
f 4692 1888 1936
f 4692 1936 1911
f 4692 1911 1910
f 4692 1910 1907
f 1871 4692 4688
f 4686 2541 2540
f 4686 2515 2541
f 4686 2517 2515
f 4690 2517 4686
f 2517 4690 2529
f 2529 4690 2499
f 2499 4690 2497
f 2497 4690 2502
f 2502 4690 2500
f 2500 4690 2528
f 2528 4690 2526
f 1973 1938 2014
f 1973 1939 1938
f 1969 1939 1973
f 1969 1957 1939
f 1971 1957 1969
f 1971 1958 1957
f 2013 1958 1971
f 2013 1892 1958
f 1989 1892 2013
f 1989 1891 1892
f 1988 1891 1989
f 1988 1881 1891
f 2036 1881 1988
f 2036 1884 1881
f 2011 1884 2036
f 2011 1899 1884
f 2010 1899 2011
f 2010 1903 1899
f 2007 1903 2010
f 1903 2007 1901
f 2073 2038 2114
f 2073 2039 2038
f 2069 2039 2073
f 2069 2057 2039
f 2071 2057 2069
f 2071 2058 2057
f 2113 2058 2071
f 2113 1992 2058
f 2089 1992 2113
f 2089 1991 1992
f 2088 1991 2089
f 2088 1981 1991
f 2136 1981 2088
f 2136 1984 1981
f 2111 1984 2136
f 2111 1999 1984
f 2110 1999 2111
f 2110 2003 1999
f 2107 2003 2110
f 2003 2107 2001
f 2173 2138 2195
f 2173 2139 2138
f 2169 2139 2173
f 2169 2157 2139
f 2171 2157 2169
f 2171 2158 2157
f 2205 2158 2171
f 2205 2092 2158
f 2193 2092 2205
f 2193 2091 2092
f 2192 2091 2193
f 2192 2081 2091
f 2232 2081 2192
f 2232 2084 2081
f 2178 2084 2232
f 2178 2099 2084
f 2180 2099 2178
f 2180 2103 2099
f 2203 2103 2180
f 2103 2203 2101
f 2273 2233 2313
f 2273 2234 2233
f 2269 2234 2273
f 2269 2209 2234
f 2271 2209 2269
f 2271 2211 2209
f 2312 2211 2271
f 2312 2218 2211
f 2289 2218 2312
f 2289 2253 2218
f 2288 2253 2289
f 2288 2221 2253
f 2339 2221 2288
f 2339 2202 2221
f 2310 2202 2339
f 2310 2200 2202
f 2309 2200 2310
f 2309 2220 2200
f 2306 2220 2309
f 2220 2306 2246
f 2373 2340 2402
f 2373 2341 2340
f 2369 2341 2373
f 2369 2315 2341
f 2371 2315 2369
f 2371 2317 2315
f 2401 2317 2371
f 2401 2329 2317
f 2383 2329 2401
f 2383 2299 2329
f 2382 2299 2383
f 2382 2297 2299
f 2432 2297 2382
f 2432 2302 2297
f 2399 2302 2432
f 2399 2300 2302
f 2398 2300 2399
f 2398 2328 2300
f 2395 2328 2398
f 2328 2395 2326
f 2473 2433 2513
f 2473 2434 2433
f 2469 2434 2473
f 2469 2404 2434
f 2471 2404 2469
f 2471 2407 2404
f 2512 2407 2471
f 2512 2421 2407
f 2489 2421 2512
f 2489 2391 2421
f 2488 2391 2489
f 2488 2389 2391
f 2539 2389 2488
f 2539 2452 2389
f 2510 2452 2539
f 2510 2461 2452
f 2509 2461 2510
f 2509 2418 2461
f 2506 2418 2509
f 2418 2506 2416
f 4679 4691 4689
f 4691 4679 4678
f 4754 4753 4755
f 4753 4754 4746
f 4756 4010 4007
f 4756 4011 4010
f 4756 4036 4011
f 4756 3988 4036
f 4756 3989 3988
f 4756 4013 3989
f 4756 3972 4013
f 4757 3972 4756
f 3972 4757 3970
f 3970 4757 3973
f 3973 4757 4014
f 4623 4744 4645
f 4622 4744 4623
f 4598 4744 4622
f 4597 4744 4598
f 4624 4744 4597
f 4625 4744 4624
f 4742 4625 4576
f 4742 4576 4575
f 4742 4575 4662
f 4742 4662 4660
f 4625 4742 4744
f 4002 4107 4000
f 4002 4110 4107
f 3999 4110 4002
f 3999 4111 4110
f 3983 4111 3999
f 3983 4136 4111
f 3982 4136 3983
f 3982 4088 4136
f 3991 4088 3982
f 3991 4089 4088
f 3992 4089 3991
f 3992 4113 4089
f 4058 4113 3992
f 4058 4072 4113
f 4057 4072 4058
f 4057 4070 4072
f 4040 4070 4057
f 4040 4073 4070
f 4037 4073 4040
f 4073 4037 4114
f 4102 4228 4100
f 4102 4229 4228
f 4099 4229 4102
f 4099 4256 4229
f 4083 4256 4099
f 4083 4190 4256
f 4082 4190 4083
f 4082 4188 4190
f 4091 4188 4082
f 4091 4205 4188
f 4092 4205 4091
f 4092 4230 4205
f 4158 4230 4092
f 4158 4172 4230
f 4157 4172 4158
f 4157 4170 4172
f 4140 4170 4157
f 4140 4173 4170
f 4137 4173 4140
f 4173 4137 4207
f 4199 4331 4217
f 4199 4332 4331
f 4198 4332 4199
f 4198 4354 4332
f 4208 4354 4198
f 4208 4291 4354
f 4174 4291 4208
f 4174 4289 4291
f 4176 4289 4174
f 4176 4303 4289
f 4235 4303 4176
f 4235 4333 4303
f 4258 4333 4235
f 4258 4272 4333
f 4257 4272 4258
f 4257 4270 4272
f 4234 4270 4257
f 4234 4273 4270
f 4231 4273 4234
f 4273 4231 4305
f 4362 4406 4363
f 4362 4409 4406
f 4325 4409 4362
f 4325 4410 4409
f 4298 4410 4325
f 4298 4438 4410
f 4297 4438 4298
f 4297 4388 4438
f 4326 4388 4297
f 4326 4389 4388
f 4276 4389 4326
f 4276 4412 4389
f 4275 4412 4276
f 4275 4372 4412
f 4359 4372 4275
f 4359 4370 4372
f 4358 4370 4359
f 4358 4373 4370
f 4355 4373 4358
f 4373 4355 4413
f 4427 4531 4425
f 4427 4532 4531
f 4400 4532 4427
f 4400 4557 4532
f 4402 4557 4400
f 4402 4491 4557
f 4397 4491 4402
f 4397 4489 4491
f 4399 4489 4397
f 4399 4503 4489
f 4416 4503 4399
f 4416 4533 4503
f 4415 4533 4416
f 4415 4472 4533
f 4441 4472 4415
f 4441 4470 4472
f 4440 4470 4441
f 4440 4473 4470
f 4439 4473 4440
f 4473 4439 4505
f 4565 4630 4566
f 4565 4633 4630
f 4525 4633 4565
f 4525 4659 4633
f 4498 4659 4525
f 4498 4591 4659
f 4497 4591 4498
f 4497 4589 4591
f 4526 4589 4497
f 4526 4604 4589
f 4476 4604 4526
f 4476 4634 4604
f 4475 4634 4476
f 4475 4572 4634
f 4560 4572 4475
f 4560 4570 4572
f 4559 4570 4560
f 4559 4573 4570
f 4558 4573 4559
f 4573 4558 4606
f 3826 3956 3854
f 3826 3939 3956
f 3823 3939 3826
f 3823 3907 3939
f 3825 3907 3823
f 3825 3908 3907
f 3855 3908 3825
f 3855 3874 3908
f 3865 3874 3855
f 3865 3875 3874
f 3864 3875 3865
f 3864 3936 3875
f 3863 3936 3864
f 3863 3937 3936
f 3821 3937 3863
f 3821 3967 3937
f 3817 3967 3821
f 3817 3910 3967
f 3819 3910 3817
f 3819 3911 3910
f 3861 3911 3819
f 3861 3913 3911
f 3852 3913 3861
f 3852 3940 3913
f 3795 3940 3852
f 3795 3890 3940
f 3792 3890 3795
f 3890 3792 3888
f 3754 3854 3756
f 3754 3832 3854
f 3733 3832 3754
f 3733 3796 3832
f 3735 3796 3733
f 3735 3797 3796
f 3765 3797 3735
f 3765 3857 3797
f 3732 3857 3765
f 3732 3866 3857
f 3685 3866 3732
f 3685 3827 3866
f 3687 3827 3685
f 3687 3828 3827
f 3764 3828 3687
f 3764 3830 3828
f 3727 3830 3764
f 3727 3799 3830
f 3729 3799 3727
f 3729 3800 3799
f 3704 3800 3729
f 3704 3802 3800
f 3706 3802 3704
f 3706 3833 3802
f 3703 3833 3706
f 3703 3784 3833
f 3700 3784 3703
f 3784 3700 3782
f 3651 3756 3625
f 3651 3739 3756
f 3648 3739 3651
f 3648 3707 3739
f 3650 3707 3648
f 3650 3708 3707
f 3663 3708 3650
f 3663 3674 3708
f 3667 3674 3663
f 3667 3675 3674
f 3647 3675 3667
f 3647 3736 3675
f 3576 3736 3647
f 3576 3737 3736
f 3575 3737 3576
f 3575 3767 3737
f 3646 3767 3575
f 3646 3710 3767
f 3621 3710 3646
f 3621 3711 3710
f 3601 3711 3621
f 3601 3713 3711
f 3603 3713 3601
f 3603 3740 3713
f 3622 3740 3603
f 3622 3690 3740
f 3653 3690 3622
f 3690 3653 3688
f 3529 3625 3530
f 3529 3623 3625
f 3549 3623 3529
f 3549 3668 3623
f 3550 3668 3549
f 3550 3664 3668
f 3485 3664 3550
f 3485 3627 3664
f 3487 3627 3485
f 3487 3628 3627
f 3524 3628 3487
f 3524 3630 3628
f 3526 3630 3524
f 3526 3631 3630
f 3547 3631 3526
f 3547 3665 3631
f 3502 3665 3547
f 3502 3604 3665
f 3504 3604 3502
f 3504 3580 3604
f 3501 3580 3504
f 3501 3578 3580
f 3483 3578 3501
f 3483 3633 3578
f 3482 3633 3483
f 3482 3594 3633
f 3527 3594 3482
f 3594 3527 3592
f 3429 3530 3430
f 3429 3535 3530
f 3449 3535 3429
f 3449 3505 3535
f 3450 3505 3449
f 3450 3506 3505
f 3385 3506 3450
f 3385 3474 3506
f 3387 3474 3385
f 3387 3475 3474
f 3424 3475 3387
f 3424 3532 3475
f 3426 3532 3424
f 3426 3533 3532
f 3447 3533 3426
f 3447 3561 3533
f 3402 3561 3447
f 3402 3508 3561
f 3404 3508 3402
f 3404 3509 3508
f 3401 3509 3404
f 3401 3511 3509
f 3383 3511 3401
f 3383 3536 3511
f 3382 3536 3383
f 3382 3490 3536
f 3427 3490 3382
f 3490 3427 3488
f 3329 3430 3330
f 3329 3435 3430
f 3349 3435 3329
f 3349 3405 3435
f 3350 3405 3349
f 3350 3406 3405
f 3285 3406 3350
f 3285 3374 3406
f 3287 3374 3285
f 3287 3375 3374
f 3324 3375 3287
f 3324 3432 3375
f 3326 3432 3324
f 3326 3433 3432
f 3347 3433 3326
f 3347 3461 3433
f 3302 3461 3347
f 3302 3408 3461
f 3304 3408 3302
f 3304 3409 3408
f 3301 3409 3304
f 3301 3411 3409
f 3283 3411 3301
f 3283 3436 3411
f 3282 3436 3283
f 3282 3390 3436
f 3327 3390 3282
f 3390 3327 3388
f 3430 4700 3330
f 4700 3335 3330
f 4700 3305 3335
f 4700 3306 3305
f 4700 3274 3306
f 4700 3275 3274
f 4700 3332 3275
f 4700 3333 3332
f 4700 3361 3333
f 4700 3308 3361
f 4700 3309 3308
f 4700 3311 3309
f 4700 3336 3311
f 4700 3290 3336
f 3288 4700 4758
f 4700 3288 3290
f 4700 3430 4698
f 3530 4698 3430
f 3625 4698 3530
f 3756 4698 3625
f 3854 4698 3756
f 3956 4698 3854
f 3954 4698 3956
f 3933 4698 3954
f 3935 4698 3933
f 3965 4698 3935
f 3932 4698 3965
f 3885 4698 3932
f 3887 4698 3885
f 3964 4698 3887
f 3927 4698 3964
f 3929 4698 3927
f 3904 4698 3929
f 3906 4698 3904
f 3903 4698 3906
f 3900 4698 3903
f 4698 3900 4748
f 4759 3294 4760
f 3294 4759 3297
f 3297 4759 3345
f 3345 4759 3315
f 3315 4759 3277
f 3277 4759 3280
f 3280 4759 3318
f 3318 4759 3360
f 3299 3323 3300
f 4759 3423 3323
f 3423 4759 3523
f 3523 4759 3660
f 3660 4759 3762
f 4752 3762 4759
f 3762 4752 3860
f 3299 4759 3323
f 3360 4759 3299
f 3364 3394 3363
f 3364 3397 3394
f 3366 3397 3364
f 3366 3445 3397
f 3358 3445 3366
f 3358 3415 3445
f 3341 3415 3358
f 3341 3377 3415
f 3343 3377 3341
f 3343 3380 3377
f 3367 3380 3343
f 3367 3418 3380
f 3359 3418 3367
f 3359 3460 3418
f 3321 3460 3359
f 3321 3399 3460
f 3320 3399 3321
f 3320 3400 3399
f 3323 3400 3320
f 3400 3323 3423
f 3464 3494 3463
f 3464 3497 3494
f 3466 3497 3464
f 3466 3545 3497
f 3458 3545 3466
f 3458 3515 3545
f 3441 3515 3458
f 3441 3477 3515
f 3443 3477 3441
f 3443 3480 3477
f 3467 3480 3443
f 3467 3518 3480
f 3459 3518 3467
f 3459 3560 3518
f 3421 3560 3459
f 3421 3499 3560
f 3420 3499 3421
f 3420 3500 3499
f 3423 3500 3420
f 3500 3423 3523
f 3564 3606 3563
f 3564 3609 3606
f 3566 3609 3564
f 3566 3655 3609
f 3558 3655 3566
f 3558 3586 3655
f 3541 3586 3558
f 3541 3587 3586
f 3543 3587 3541
f 3543 3617 3587
f 3567 3617 3543
f 3567 3641 3617
f 3559 3641 3567
f 3559 3645 3641
f 3521 3645 3559
f 3521 3643 3645
f 3520 3643 3521
f 3520 3644 3643
f 3523 3644 3520
f 3644 3523 3660
f 3599 3696 3597
f 3599 3699 3696
f 3636 3699 3599
f 3636 3752 3699
f 3666 3752 3636
f 3666 3723 3752
f 3657 3723 3666
f 3657 3677 3723
f 3639 3677 3657
f 3639 3680 3677
f 3637 3680 3639
f 3637 3724 3680
f 3613 3724 3637
f 3613 3749 3724
f 3615 3749 3613
f 3615 3750 3749
f 3640 3750 3615
f 3640 3760 3750
f 3660 3760 3640
f 3760 3660 3762
f 3694 3788 3692
f 3694 3791 3788
f 3743 3791 3694
f 3743 3849 3791
f 3768 3849 3743
f 3768 3813 3849
f 3758 3813 3768
f 3758 3774 3813
f 3746 3774 3758
f 3746 3777 3774
f 3744 3777 3746
f 3744 3814 3777
f 3720 3814 3744
f 3720 3868 3814
f 3722 3868 3720
f 3722 3846 3868
f 3747 3846 3722
f 3747 3847 3846
f 3762 3847 3747
f 3847 3762 3860
f 3787 3896 3786
f 3787 3899 3896
f 3837 3899 3787
f 3837 3952 3899
f 3838 3952 3837
f 3838 3923 3952
f 3840 3923 3838
f 3840 3877 3923
f 3843 3877 3840
f 3843 3880 3877
f 3841 3880 3843
f 3841 3924 3880
f 3810 3924 3841
f 3810 3949 3924
f 3812 3949 3810
f 3812 3950 3949
f 3844 3950 3812
f 3844 3960 3950
f 3860 3960 3844
f 3960 3860 3962
f 4752 3892 3894
f 4752 3894 3943
f 4752 3943 3968
f 4752 3968 3958
f 4752 3958 3946
f 4752 3946 3944
f 4752 3944 3920
f 4752 3920 3922
f 3962 3922 3947
f 3892 4752 4750
f 3962 4752 3922
f 3860 4752 3962
f 4761 2595 2594
f 4761 2612 2573
f 4674 2571 2570
f 4674 2573 2571
f 4761 2573 4674
f 2612 4761 2646
f 2646 4761 2615
f 2615 4761 2594
f 2595 4761 2645
f 2645 4761 2614
f 2614 4761 2613
f 3177 4675 3175
f 3260 4675 3177
f 4675 3260 4724
f 3261 4724 3260
f 3267 4724 3261
f 3234 4724 3267
f 3207 4724 3234
f 3209 4724 3207
f 3211 4724 3209
f 3238 4724 3211
f 4724 3238 3237
f 2663 2715 2746
f 2657 2671 2670
f 2656 2671 2657
f 2671 2656 2673
f 2637 2673 2656
f 2673 2637 2712
f 2639 2712 2637
f 2712 2639 2746
f 2663 2746 2639
f 2668 2715 2663
f 2715 2668 2694
f 2664 2694 2668
f 2694 2664 2695
f 2665 2695 2664
f 2695 2665 2745
f 2666 2745 2665
f 2745 2666 2714
f 2659 2714 2666
f 2714 2659 2713
f 2713 2659 2658
f 2759 2793 2837
f 2764 2811 2810
f 2763 2807 2779
f 2737 2777 2773
f 2757 2771 2770
f 2756 2771 2757
f 2771 2756 2773
f 2737 2773 2756
f 2739 2777 2737
f 2777 2739 2779
f 2763 2779 2739
f 2768 2807 2763
f 2807 2768 2810
f 2764 2810 2768
f 2765 2811 2764
f 2811 2765 2837
f 2766 2837 2765
f 2759 2837 2766
f 2793 2759 2791
f 2791 2759 2758
f 2856 2871 2870
f 2855 2871 2856
f 2871 2855 2873
f 2829 2873 2855
f 2873 2829 2878
f 2831 2878 2829
f 2878 2831 2880
f 2864 2880 2831
f 2880 2864 2905
f 2868 2905 2864
f 2905 2868 2915
f 2865 2915 2868
f 2915 2865 2916
f 2866 2916 2865
f 2916 2866 2942
f 2867 2942 2866
f 2942 2867 2883
f 2858 2883 2867
f 2883 2858 2881
f 2881 2858 2857
f 2968 3023 3052
f 2874 2971 2970
f 2959 2971 2874
f 2971 2959 2973
f 2956 2973 2959
f 2973 2956 3013
f 2958 3013 2956
f 3013 2958 3052
f 2968 3052 2958
f 2933 3023 2968
f 3023 2933 2996
f 2906 2996 2933
f 2996 2906 2997
f 2908 2997 2906
f 2997 2908 3051
f 2910 3051 2908
f 3051 2910 3021
f 2937 3021 2910
f 3021 2937 3020
f 3020 2937 2936
f 2992 3116 3115
f 2984 3105 3080
f 3014 3071 3070
f 3040 3071 3014
f 3071 3040 3073
f 3039 3073 3040
f 3073 3039 3078
f 2982 3078 3039
f 3078 2982 3080
f 2984 3080 2982
f 3056 3105 2984
f 3105 3056 3115
f 2992 3115 3056
f 2994 3116 2992
f 3116 2994 3141
f 3042 3141 2994
f 3141 3042 3083
f 3068 3083 3042
f 3083 3068 3081
f 3081 3068 3067
f 3106 3218 3217
f 3136 3206 3180
f 3158 3178 3173
f 3074 3171 3170
f 3159 3171 3074
f 3171 3159 3173
f 3158 3173 3159
f 3134 3178 3158
f 3178 3134 3180
f 3136 3180 3134
f 3137 3206 3136
f 3206 3137 3217
f 3106 3217 3137
f 3108 3218 3106
f 3218 3108 3244
f 3110 3244 3108
f 3244 3110 3183
f 3168 3183 3110
f 3183 3168 3181
f 3181 3168 3167
f 4762 4699 4726
f 4699 4762 4697
f 4763 4678 4680
f 4764 4680 4703
f 4678 4763 4691
f 4765 4703 4704
f 4766 4691 4763
f 4767 4704 4684
f 4691 4766 4692
f 4768 4684 4681
f 4769 4692 4766
f 4770 4681 4701
f 4692 4769 4688
f 4771 4701 4669
f 4772 4688 4769
f 4688 4772 4687
f 4680 4764 4763
f 4703 4765 4764
f 4704 4767 4765
f 4684 4768 4767
f 4681 4770 4768
f 4701 4771 4770
f 4669 4773 4771
f 4670 4773 4669
f 4670 4774 4773
f 4670 4775 4774
f 4776 4775 4670
f 4775 4776 4777
f 4778 4777 4776
f 4777 4778 4779
f 4696 4779 4778
f 4779 4696 4780
f 4780 4693 4781
f 4693 4780 4696
f 4782 4687 4772
f 4687 4782 4707
f 4783 4707 4782
f 4707 4783 4710
f 4784 4710 4783
f 4710 4784 4673
f 4785 4673 4784
f 4786 4673 4785
f 4786 4674 4673
f 4787 4674 4786
f 4761 4787 4788
f 4762 4788 4789
f 4697 4789 4790
f 4700 4790 4791
f 4758 4791 4792
f 4760 4792 4793
f 4787 4761 4674
f 4759 4793 4794
f 4757 4781 4693
f 4781 4757 4795
f 4788 4762 4761
f 4756 4795 4757
f 4789 4697 4762
f 4795 4756 4796
f 4790 4700 4697
f 4754 4796 4756
f 4791 4758 4700
f 4796 4754 4794
f 4792 4760 4758
f 4755 4794 4754
f 4793 4759 4760
f 4794 4755 4759
f 4549 4586 4486
f 4549 4629 4586
f 4546 4629 4549
f 4546 4626 4629
f 4548 4626 4546
f 4548 4627 4626
f 4550 4627 4548
f 4550 4656 4627
f 4552 4656 4550
f 4552 4666 4656
f 4567 4666 4552
f 4567 4658 4666
f 4523 4658 4567
f 4523 4602 4658
f 4522 4602 4523
f 4522 4600 4602
f 4544 4600 4522
f 4544 4632 4600
f 4566 4632 4544
f 4632 4566 4630
f 4454 4486 4456
f 4454 4484 4486
f 4431 4484 4454
f 4431 4530 4484
f 4433 4530 4431
f 4433 4528 4530
f 4465 4528 4433
f 4465 4527 4528
f 4430 4527 4465
f 4430 4553 4527
f 4385 4553 4430
f 4385 4554 4553
f 4387 4554 4385
f 4387 4555 4554
f 4464 4555 4387
f 4464 4502 4555
f 4428 4502 4464
f 4428 4500 4502
f 4425 4500 4428
f 4500 4425 4531
f 4349 4456 4286
f 4349 4437 4456
f 4346 4437 4349
f 4346 4403 4437
f 4348 4403 4346
f 4348 4404 4403
f 4365 4404 4348
f 4365 4374 4404
f 4366 4374 4365
f 4366 4375 4374
f 4367 4375 4366
f 4367 4434 4375
f 4323 4434 4367
f 4323 4435 4434
f 4322 4435 4323
f 4322 4467 4435
f 4344 4467 4322
f 4344 4408 4467
f 4363 4408 4344
f 4408 4363 4406
f 4220 4286 4185
f 4220 4284 4286
f 4219 4284 4220
f 4219 4330 4284
f 4223 4330 4219
f 4223 4328 4330
f 4222 4328 4223
f 4222 4327 4328
f 4215 4327 4222
f 4215 4350 4327
f 4214 4350 4215
f 4214 4351 4350
f 4263 4351 4214
f 4263 4352 4351
f 4262 4352 4263
f 4262 4302 4352
f 4218 4302 4262
f 4218 4300 4302
f 4217 4300 4218
f 4300 4217 4331
f 4129 4185 4130
f 4129 4183 4185
f 4150 4183 4129
f 4150 4227 4183
f 4151 4227 4150
f 4151 4225 4227
f 4085 4225 4151
f 4085 4224 4225
f 4087 4224 4085
f 4087 4253 4224
f 4125 4253 4087
f 4125 4254 4253
f 4127 4254 4125
f 4127 4255 4254
f 4148 4255 4127
f 4148 4204 4255
f 4103 4204 4148
f 4103 4202 4204
f 4100 4202 4103
f 4202 4100 4228
f 4029 4130 4030
f 4029 4135 4130
f 4050 4135 4029
f 4050 4104 4135
f 4051 4104 4050
f 4051 4105 4104
f 3985 4105 4051
f 3985 4074 4105
f 3987 4074 3985
f 3987 4075 4074
f 4025 4075 3987
f 4025 4132 4075
f 4027 4132 4025
f 4027 4133 4132
f 4048 4133 4027
f 4048 4162 4133
f 4003 4162 4048
f 4003 4109 4162
f 4000 4109 4003
f 4109 4000 4107
f 4130 4754 4030
f 4754 4035 4030
f 4754 4004 4035
f 4754 4005 4004
f 4754 3974 4005
f 4754 3975 3974
f 4754 4032 3975
f 4754 4033 4032
f 4754 4062 4033
f 4754 4009 4062
f 4007 4754 4756
f 4754 4007 4009
f 4185 4754 4130
f 4754 4185 4746
f 4286 4746 4185
f 4456 4746 4286
f 4486 4746 4456
f 4586 4746 4486
f 4585 4746 4586
f 4654 4746 4585
f 4655 4746 4654
f 4651 4746 4655
f 4653 4746 4651
f 4665 4746 4653
f 4649 4746 4665
f 4648 4746 4649
f 4646 4746 4648
f 4645 4746 4646
f 4746 4645 4744
f 4693 4014 4757
f 4014 4693 4015
f 4015 4693 4047
f 4047 4693 4017
f 4017 4693 3994
f 3994 4693 3995
f 3995 4693 4046
f 4046 4693 4016
f 4016 4693 3977
f 3977 4693 3980
f 3980 4693 4019
f 4019 4693 4061
f 3997 4024 3998
f 4024 4245 4124
f 4024 4295 4245
f 4024 4462 4295
f 4024 4495 4462
f 4695 4495 4024
f 4695 4024 4693
f 3997 4693 4024
f 4061 4693 3997
f 4039 4114 4037
f 4039 4115 4114
f 4063 4115 4039
f 4063 4147 4115
f 4068 4147 4063
f 4068 4117 4147
f 4064 4117 4068
f 4064 4094 4117
f 4065 4094 4064
f 4065 4095 4094
f 4066 4095 4065
f 4066 4146 4095
f 4059 4146 4066
f 4059 4116 4146
f 4042 4116 4059
f 4042 4077 4116
f 4044 4077 4042
f 4044 4080 4077
f 4067 4080 4044
f 4067 4119 4080
f 4060 4119 4067
f 4060 4161 4119
f 4022 4161 4060
f 4022 4097 4161
f 4021 4097 4022
f 4021 4098 4097
f 4024 4098 4021
f 4098 4024 4124
f 4139 4207 4137
f 4139 4178 4207
f 4163 4178 4139
f 4163 4179 4178
f 4168 4179 4163
f 4168 4206 4179
f 4164 4206 4168
f 4164 4210 4206
f 4165 4210 4164
f 4165 4211 4210
f 4166 4211 4165
f 4166 4240 4211
f 4159 4240 4166
f 4159 4192 4240
f 4142 4192 4159
f 4142 4193 4192
f 4144 4193 4142
f 4144 4242 4193
f 4167 4242 4144
f 4167 4243 4242
f 4160 4243 4167
f 4160 4212 4243
f 4122 4212 4160
f 4122 4195 4212
f 4121 4195 4122
f 4121 4196 4195
f 4124 4196 4121
f 4196 4124 4245
f 4233 4305 4231
f 4233 4279 4305
f 4264 4279 4233
f 4264 4280 4279
f 4268 4280 4264
f 4268 4304 4280
f 4265 4304 4268
f 4265 4315 4304
f 4266 4315 4265
f 4266 4316 4315
f 4267 4316 4266
f 4267 4342 4316
f 4259 4342 4267
f 4259 4282 4342
f 4260 4282 4259
f 4260 4283 4282
f 4261 4283 4260
f 4261 4343 4283
f 4236 4343 4261
f 4236 4317 4343
f 4238 4317 4236
f 4238 4320 4317
f 4182 4320 4238
f 4182 4360 4320
f 4181 4360 4182
f 4181 4361 4360
f 4245 4361 4181
f 4361 4245 4295
f 4357 4413 4355
f 4357 4414 4413
f 4368 4414 4357
f 4368 4453 4414
f 4334 4453 4368
f 4334 4423 4453
f 4306 4423 4334
f 4306 4395 4423
f 4308 4395 4306
f 4308 4396 4395
f 4310 4396 4308
f 4310 4452 4396
f 4336 4452 4310
f 4336 4421 4452
f 4338 4421 4336
f 4338 4377 4421
f 4339 4377 4338
f 4339 4380 4377
f 4311 4380 4339
f 4311 4422 4380
f 4313 4422 4311
f 4313 4449 4422
f 4340 4449 4313
f 4340 4450 4449
f 4293 4450 4340
f 4293 4460 4450
f 4295 4460 4293
f 4460 4295 4462
f 4381 4505 4439
f 4381 4479 4505
f 4383 4479 4381
f 4383 4480 4479
f 4457 4480 4383
f 4457 4504 4480
f 4391 4504 4457
f 4391 4515 4504
f 4393 4515 4391
f 4393 4516 4515
f 4443 4516 4393
f 4443 4542 4516
f 4468 4542 4443
f 4468 4482 4542
f 4458 4482 4468
f 4458 4483 4482
f 4446 4483 4458
f 4446 4543 4483
f 4444 4543 4446
f 4444 4517 4543
f 4418 4517 4444
f 4418 4520 4517
f 4420 4520 4418
f 4420 4563 4520
f 4447 4563 4420
f 4447 4564 4563
f 4462 4564 4447
f 4564 4462 4495
f 4534 4606 4558
f 4534 4579 4606
f 4536 4579 4534
f 4536 4580 4579
f 4538 4580 4536
f 4538 4605 4580
f 4506 4605 4538
f 4506 4617 4605
f 4508 4617 4506
f 4508 4618 4617
f 4510 4618 4508
f 4510 4644 4618
f 4568 4644 4510
f 4568 4582 4644
f 4561 4582 4568
f 4561 4583 4582
f 4539 4583 4561
f 4539 4620 4583
f 4511 4620 4539
f 4511 4668 4620
f 4513 4668 4511
f 4513 4663 4668
f 4540 4663 4513
f 4540 4664 4663
f 4493 4664 4540
f 4493 4593 4664
f 4495 4593 4493
f 4593 4495 4594
f 4661 4742 4660
f 4667 4742 4661
f 4695 4667 4635
f 4695 4635 4607
f 4695 4607 4609
f 4695 4609 4611
f 4695 4611 4637
f 4695 4637 4639
f 4695 4639 4640
f 4695 4640 4613
f 4695 4642 4594
f 4667 4695 4742
f 4615 4695 4613
f 4641 4695 4615
f 4642 4695 4641
f 4495 4695 4594
f 4696 4738 4694
f 4738 4696 4778
f 4758 3291 3288
f 4758 3313 3291
f 4758 3270 3313
f 4760 3270 4758
f 3270 4760 3271
f 3271 4760 3273
f 3273 4760 3314
f 3314 4760 3346
f 3346 4760 3316
f 3316 4760 3296
f 3296 4760 3294
f 3902 4748 3900
f 3930 4748 3902
f 3917 4748 3930
f 4750 3917 3919
f 4750 3919 3941
f 4750 3941 3882
f 4750 3882 3884
f 4750 3884 3957
f 4750 3957 3895
f 4750 3895 3892
f 3917 4750 4748
f 3292 3388 3327
f 3292 3391 3388
f 3293 3391 3292
f 3293 3413 3391
f 3357 3413 3293
f 3357 3370 3413
f 3356 3370 3357
f 3356 3371 3370
f 3337 3371 3356
f 3337 3373 3371
f 3339 3373 3337
f 3339 3414 3373
f 3362 3414 3339
f 3362 3446 3414
f 3368 3446 3362
f 3368 3416 3446
f 3365 3416 3368
f 3365 3396 3416
f 3363 3396 3365
f 3396 3363 3394
f 3392 3488 3427
f 3392 3491 3488
f 3393 3491 3392
f 3393 3513 3491
f 3457 3513 3393
f 3457 3470 3513
f 3456 3470 3457
f 3456 3471 3470
f 3437 3471 3456
f 3437 3473 3471
f 3439 3473 3437
f 3439 3514 3473
f 3462 3514 3439
f 3462 3546 3514
f 3468 3546 3462
f 3468 3516 3546
f 3465 3516 3468
f 3465 3496 3516
f 3463 3496 3465
f 3496 3463 3494
f 3492 3592 3527
f 3492 3595 3592
f 3493 3595 3492
f 3493 3605 3595
f 3557 3605 3493
f 3557 3570 3605
f 3556 3570 3557
f 3556 3571 3570
f 3537 3571 3556
f 3537 3573 3571
f 3539 3573 3537
f 3539 3596 3573
f 3562 3596 3539
f 3562 3583 3596
f 3568 3583 3562
f 3568 3584 3583
f 3565 3584 3568
f 3565 3608 3584
f 3563 3608 3565
f 3608 3563 3606
f 3652 3688 3653
f 3652 3691 3688
f 3618 3691 3652
f 3618 3715 3691
f 3610 3715 3618
f 3610 3670 3715
f 3612 3670 3610
f 3612 3671 3670
f 3634 3671 3612
f 3634 3673 3671
f 3589 3673 3634
f 3589 3716 3673
f 3591 3716 3589
f 3591 3753 3716
f 3656 3753 3591
f 3656 3725 3753
f 3600 3725 3656
f 3600 3698 3725
f 3597 3698 3600
f 3698 3597 3696
f 3702 3782 3700
f 3702 3785 3782
f 3730 3785 3702
f 3730 3804 3785
f 3717 3804 3730
f 3717 3770 3804
f 3719 3770 3717
f 3719 3771 3770
f 3741 3771 3719
f 3741 3773 3771
f 3682 3773 3741
f 3682 3805 3773
f 3684 3805 3682
f 3684 3850 3805
f 3757 3850 3684
f 3757 3815 3850
f 3695 3815 3757
f 3695 3790 3815
f 3692 3790 3695
f 3790 3692 3788
f 3794 3888 3792
f 3794 3891 3888
f 3822 3891 3794
f 3822 3915 3891
f 3807 3915 3822
f 3807 3870 3915
f 3809 3870 3807
f 3809 3871 3870
f 3834 3871 3809
f 3834 3873 3871
f 3835 3873 3834
f 3835 3916 3873
f 3867 3916 3835
f 3867 3953 3916
f 3779 3953 3867
f 3779 3925 3953
f 3781 3925 3779
f 3781 3898 3925
f 3786 3898 3781
f 3898 3786 3896
f 4755 4752 4759
f 4752 4755 4753
f 3237 4726 4724
f 3239 4726 3237
f 3240 4726 3239
f 3215 4726 3240
f 3212 4726 3215
f 3241 4726 3212
f 3242 4726 3241
f 3196 4726 3242
f 3193 4726 3196
f 3263 4726 3193
f 3111 3262 3268
f 3167 3184 3181
f 3161 3184 3167
f 3184 3161 3219
f 3138 3219 3161
f 3219 3138 3268
f 3113 3268 3138
f 3111 3268 3113
f 3262 3111 3263
f 3139 3263 3111
f 3263 3139 4726
f 3094 4726 3139
f 3096 4726 3094
f 3017 3117 3119
f 3067 3084 3081
f 3058 3084 3067
f 3084 3058 3142
f 3045 3142 3058
f 3142 3045 3119
f 3044 3119 3045
f 3017 3119 3044
f 3117 3017 3162
f 3019 3162 3017
f 3162 3019 3163
f 3163 3019 3096
f 3046 3096 3019
f 3061 3096 3046
f 3096 3061 4726
f 2936 2979 3020
f 2938 2979 2936
f 2979 2938 2977
f 2939 2977 2938
f 2977 2939 3022
f 2913 3022 2939
f 3022 2913 3048
f 2911 3048 2913
f 3048 2911 3049
f 2940 3049 2911
f 3049 2940 3059
f 3059 2940 3061
f 2894 3061 2940
f 2896 3061 2894
f 3061 2896 4726
f 2857 2884 2881
f 2859 2884 2857
f 2884 2859 2943
f 2860 2943 2859
f 2943 2860 2919
f 2835 2919 2860
f 2919 2835 2917
f 2833 2917 2835
f 2917 2833 2960
f 2782 2960 2833
f 2960 2782 2961
f 2961 2782 2896
f 2781 2896 2782
f 2842 2896 2781
f 2896 2842 4726
f 2758 2794 2791
f 2743 2794 2758
f 2794 2743 2839
f 2740 2839 2743
f 2839 2740 2840
f 2767 2840 2740
f 2840 2767 2812
f 2760 2812 2767
f 2812 2760 2796
f 2720 2796 2760
f 2796 2720 2797
f 2797 2720 2842
f 2719 2842 2720
f 2722 2842 2719
f 4762 2842 2722
f 2658 2679 2713
f 2643 2679 2658
f 2679 2643 2677
f 2640 2677 2643
f 2677 2640 2717
f 2667 2717 2640
f 2717 2667 2761
f 2660 2761 2667
f 2761 2660 2697
f 2620 2697 2660
f 2697 2620 2698
f 2698 2620 2722
f 2619 2722 2620
f 2622 2722 2619
f 4762 2722 2622
f 2597 2622 2598
f 4762 2661 2617
f 4762 2613 4761
f 2613 4762 2579
f 2579 4762 2577
f 2577 4762 2617
f 2661 4762 2597
f 2842 4762 4726
f 2597 4762 2622
f 4738 1085 4736
f 4738 1088 1085
f 4738 1129 1088
f 4738 1164 1129
f 4738 1133 1164
f 4738 1131 1133
f 4738 1153 1131
f 4738 1155 1153
f 1053 1155 4738
f 1155 1053 1138
f 1022 1105 1104
f 1136 1063 1134
f 1064 1136 1075
f 1065 1075 1074
f 1105 1022 1074
f 1138 1053 1104
f 1136 1064 1063
f 1075 1065 1064
f 1074 1055 1065
f 1074 1022 1055
f 1104 1020 1022
f 1104 1023 1020
f 1104 1053 1023
f 1026 885 1024
f 888 1026 1066
f 929 1066 1057
f 964 1057 993
f 933 993 992
f 931 992 1030
f 931 1030 1053
f 955 1053 4738
f 1026 888 885
f 1066 929 888
f 1057 964 929
f 993 933 964
f 992 931 933
f 1053 953 931
f 1053 955 953
f 936 846 934
f 847 936 875
f 867 875 874
f 862 874 905
f 850 905 904
f 848 904 938
f 848 938 955
f 936 847 846
f 875 867 847
f 874 862 867
f 824 955 4738
f 905 850 862
f 904 848 850
f 955 851 848
f 955 824 851
f 750 863 868
f 830 723 828
f 726 830 826
f 687 826 825
f 863 750 825
f 749 868 822
f 749 822 824
f 830 726 723
f 826 687 726
f 825 685 687
f 4778 824 4738
f 825 750 685
f 868 749 750
f 824 728 749
f 824 729 728
f 733 623 731
f 626 733 675
f 587 675 674
f 585 674 704
f 650 704 703
f 649 703 735
f 649 735 729
f 733 626 623
f 675 587 626
f 674 585 587
f 824 4778 729
f 704 650 585
f 703 649 650
f 729 628 649
f 729 629 628
f 633 523 631
f 526 633 575
f 487 575 574
f 485 574 604
f 550 604 603
f 549 603 635
f 549 635 629
f 633 526 523
f 575 487 526
f 574 485 487
f 729 4778 629
f 604 550 485
f 603 549 550
f 529 629 4778
f 629 528 549
f 4778 535 529
f 4778 504 503
f 629 529 528
f 535 4778 503
f 504 4778 474
f 4778 475 474
f 4778 533 475
f 4778 531 533
f 531 4778 4776
f 4776 506 562
f 4776 488 536
f 4776 534 531
f 4776 562 534
f 506 4776 507
f 4776 509 507
f 4776 536 509
f 488 4776 489
f 4670 489 4776
f 489 4670 511
f 511 4670 469
f 1100 4671 4736
f 4671 1128 1114
f 4671 1100 1128
f 4736 1098 1100
f 4736 1103 1098
f 4736 1101 1103
f 4736 1127 1101
f 4736 1125 1127
f 4736 1163 1125
f 4736 1087 1163
f 1087 4736 1085
f 499 609 607
f 611 557 569
f 492 611 589
f 491 589 588
f 481 588 636
f 609 484 636
f 502 607 606
f 500 606 662
f 548 662 634
f 525 634 631
f 611 492 557
f 589 491 492
f 588 481 491
f 636 484 481
f 609 499 484
f 607 502 499
f 606 500 502
f 662 548 500
f 634 525 548
f 525 631 523
f 599 709 707
f 711 657 669
f 592 711 689
f 591 689 688
f 581 688 736
f 709 584 736
f 602 707 706
f 600 706 762
f 648 762 734
f 625 734 731
f 711 592 657
f 689 591 592
f 688 581 591
f 736 584 581
f 709 599 584
f 707 602 599
f 706 600 602
f 762 648 600
f 734 625 648
f 625 731 623
f 725 831 828
f 700 803 864
f 804 757 769
f 692 804 794
f 691 794 793
f 681 793 832
f 684 832 779
f 699 779 781
f 803 702 781
f 831 725 864
f 804 692 757
f 794 691 692
f 793 681 691
f 832 684 681
f 779 699 684
f 781 702 699
f 803 700 702
f 864 748 700
f 864 725 748
f 725 828 723
f 775 937 934
f 845 907 966
f 800 910 908
f 820 889 939
f 912 808 869
f 817 912 890
f 889 852 890
f 910 802 939
f 907 819 908
f 937 775 966
f 912 817 808
f 890 852 817
f 889 820 852
f 939 802 820
f 910 800 802
f 908 819 800
f 907 845 819
f 966 777 845
f 966 775 777
f 775 934 846
f 901 998 996
f 1000 914 969
f 928 1000 983
f 900 983 982
f 898 982 1031
f 998 903 1031
f 927 996 995
f 925 995 1029
f 963 1029 1027
f 887 1027 1024
f 1000 928 914
f 983 900 928
f 982 898 900
f 1031 903 898
f 998 901 903
f 996 927 901
f 995 925 927
f 1029 963 925
f 1027 887 963
f 887 1024 885
f 1014 1107 1166
f 1060 1110 1108
f 989 1089 1139
f 1112 1002 1069
f 1019 1112 1090
f 1089 991 1090
f 1110 1051 1139
f 1107 1016 1108
f 1018 1166 1137
f 1061 1137 1134
f 1112 1019 1002
f 1090 991 1019
f 1089 989 991
f 1139 1051 989
f 1110 1060 1051
f 1108 1016 1060
f 1107 1014 1016
f 1166 1018 1014
f 1137 1061 1018
f 1061 1134 1063
f 4768 4720 4767
f 4720 4768 4730
f 4774 4735 4734
f 4735 4774 4775
f 4751 4792 4749
f 4792 4751 4793
f 4768 4731 4730
f 4731 4768 4770
f 4766 4713 4769
f 4713 4766 4712
f 4784 4718 4719
f 4718 4784 4783
f 4740 4781 4741
f 4781 4740 4780
f 4770 4732 4731
f 4732 4770 4771
f 4767 4717 4765
f 4717 4767 4720
f 4764 4711 4763
f 4711 4764 4714
f 4786 4721 4722
f 4721 4786 4785
f 4783 4716 4718
f 4716 4783 4782
f 4769 4715 4772
f 4715 4769 4713
f 4763 4712 4766
f 4712 4763 4711
f 4772 4716 4782
f 4716 4772 4715
f 4773 4734 4733
f 4734 4773 4774
f 4745 4794 4747
f 4794 4745 4796
f 4775 4737 4735
f 4737 4775 4777
f 4743 4796 4745
f 4796 4743 4795
f 4741 4795 4743
f 4795 4741 4781
f 4747 4793 4751
f 4793 4747 4794
f 4729 4790 4728
f 4790 4729 4791
f 4789 4725 4727
f 4725 4789 4788
f 4787 4722 4723
f 4722 4787 4786
f 4790 4727 4728
f 4727 4790 4789
f 4771 4733 4732
f 4733 4771 4773
f 4765 4714 4764
f 4714 4765 4717
f 4785 4719 4721
f 4719 4785 4784
f 4779 4740 4739
f 4740 4779 4780
f 4777 4739 4737
f 4739 4777 4779
f 4749 4791 4729
f 4791 4749 4792
f 4788 4723 4725
f 4723 4788 4787
f 4797 4798 4799
f 4798 4797 4800
f 4801 4802 4803
f 4802 4801 4804
f 4805 4806 4807
f 4806 4805 4808
f 4809 4810 4811
f 4810 4809 4812
f 4813 4814 4815
f 4814 4813 4816
f 4817 4818 4819
f 4818 4817 4820
f 4821 4822 4823
f 4822 4821 4824
f 4825 4804 4801
f 4804 4825 4826
f 4811 4826 4825
f 4826 4811 4810
f 4827 4828 4829
f 4828 4827 4830
f 4814 4829 4815
f 4829 4814 4827
f 4830 4799 4828
f 4799 4830 4797
f 4806 4831 4832
f 4831 4806 4833
f 4834 4833 4835
f 4833 4834 4836
f 4808 4833 4806
f 4833 4837 4835
f 4833 4808 4837
f 4838 4803 4817
f 4839 4817 4819
f 4803 4838 4801
f 4840 4819 4813
f 4841 4801 4838
f 4801 4841 4825
f 4842 4813 4815
f 4843 4825 4841
f 4809 4844 4845
f 4845 4846 4847
f 4845 4848 4846
f 4849 4815 4829
f 4845 4844 4848
f 4850 4811 4843
f 4851 4829 4828
f 4811 4850 4809
f 4809 4852 4844
f 4825 4843 4811
f 4817 4839 4838
f 4853 4828 4799
f 4819 4840 4839
f 4813 4842 4840
f 4815 4849 4842
f 4829 4851 4849
f 4828 4853 4851
f 4799 4854 4853
f 4798 4854 4799
f 4798 4855 4854
f 4798 4856 4855
f 4857 4856 4798
f 4856 4857 4858
f 4859 4858 4857
f 4858 4859 4860
f 4823 4860 4859
f 4860 4823 4861
f 4822 4861 4823
f 4861 4822 4862
f 4863 4862 4822
f 4833 4836 4864
f 4862 4863 4865
f 4864 4836 4866
f 4866 4836 4867
f 4832 4865 4863
f 4867 4836 4868
f 4869 4868 4836
f 4868 4869 4870
f 4865 4832 4831
f 4870 4869 4871
f 4871 4869 4872
f 4873 4809 4850
f 4809 4874 4852
f 4875 4809 4873
f 4876 4809 4875
f 4809 4877 4874
f 4878 4809 4876
f 4809 4879 4877
f 4880 4809 4878
f 4881 4809 4880
f 4809 4882 4879
f 4809 4881 4882
f 4883 4881 4884
f 4864 4884 4885
f 4881 4883 4882
f 4864 4885 4886
f 4864 4886 4887
f 4864 4887 4888
f 4864 4888 4889
f 4864 4889 4833
f 4884 4864 4883
f 4819 4816 4813
f 4816 4819 4818
f 4803 4820 4817
f 4820 4803 4802
f 4890 4837 4891
f 4837 4890 4835
f 4891 4808 4805
f 4808 4891 4837
f 4892 4834 4893
f 4834 4892 4836
f 4894 4822 4824
f 4822 4894 4863
f 4807 4832 4895
f 4832 4807 4806
f 4800 4857 4798
f 4857 4800 4896
f 4897 4823 4859
f 4823 4897 4821
f 4812 4898 4899
f 4900 4901 4898
f 4900 4902 4901
f 4900 4903 4902
f 4904 4905 4906
f 4900 4907 4903
f 4900 4908 4907
f 4892 4900 4904
f 4904 4906 4909
f 4900 4910 4908
f 4900 4892 4910
f 4910 4892 4911
f 4911 4892 4912
f 4904 4909 4913
f 4912 4892 4914
f 4914 4892 4915
f 4915 4892 4916
f 4916 4892 4917
f 4893 4917 4892
f 4904 4913 4918
f 4900 4812 4919
f 4898 4812 4900
f 4905 4900 4920
f 4905 4920 4921
f 4812 4899 4814
f 4905 4921 4922
f 4905 4922 4923
f 4924 4814 4899
f 4905 4923 4925
f 4904 4900 4905
f 4926 4814 4924
f 4927 4814 4926
f 4928 4814 4927
f 4814 4928 4827
f 4929 4827 4928
f 4827 4929 4830
f 4930 4830 4929
f 4830 4930 4797
f 4931 4797 4930
f 4932 4797 4931
f 4932 4800 4797
f 4933 4800 4932
f 4896 4933 4934
f 4897 4934 4935
f 4821 4935 4936
f 4824 4936 4937
f 4894 4937 4938
f 4933 4896 4800
f 4895 4938 4939
f 4807 4939 4940
f 4904 4918 4941
f 4917 4893 4942
f 4942 4890 4943
f 4904 4941 4944
f 4904 4944 4945
f 4934 4897 4896
f 4904 4945 4946
f 4904 4946 4947
f 4890 4942 4893
f 4935 4821 4897
f 4892 4904 4948
f 4936 4824 4821
f 4891 4943 4890
f 4937 4894 4824
f 4943 4891 4940
f 4938 4895 4894
f 4805 4940 4891
f 4939 4807 4895
f 4940 4805 4807
f 4804 4820 4802
f 4826 4820 4804
f 4826 4818 4820
f 4812 4826 4810
f 4826 4812 4818
f 4818 4812 4816
f 4816 4812 4814
f 4896 4859 4857
f 4859 4896 4897
f 4895 4863 4894
f 4863 4895 4832
f 4893 4835 4890
f 4835 4893 4834
f 4948 4872 4869
f 4872 4948 4904
f 4900 4845 4847
f 4845 4900 4919
f 4845 4812 4809
f 4812 4845 4919
f 4948 4836 4892
f 4836 4948 4869
f 4909 4949 4950
f 4949 4909 4906
f 4951 4846 4952
f 4846 4951 4847
f 4953 4922 4954
f 4922 4953 4923
f 4852 4955 4956
f 4955 4852 4874
f 4957 4844 4958
f 4844 4957 4848
f 4905 4959 4960
f 4959 4905 4925
f 4906 4960 4949
f 4960 4906 4905
f 4925 4953 4959
f 4953 4925 4923
f 4961 4920 4962
f 4920 4961 4921
f 4962 4847 4951
f 4920 4847 4962
f 4847 4920 4900
f 4954 4921 4961
f 4921 4954 4922
f 4877 4963 4964
f 4963 4877 4879
f 4874 4964 4955
f 4964 4874 4877
f 4879 4965 4963
f 4965 4879 4882
f 4952 4962 4951
f 4957 4962 4952
f 4957 4961 4962
f 4958 4961 4957
f 4958 4954 4961
f 4956 4954 4958
f 4956 4953 4954
f 4955 4953 4956
f 4955 4959 4953
f 4964 4959 4955
f 4964 4960 4959
f 4963 4960 4964
f 4963 4949 4960
f 4965 4949 4963
f 4965 4950 4949
f 4966 4950 4965
f 4966 4967 4950
f 4968 4967 4966
f 4968 4969 4967
f 4970 4969 4968
f 4970 4971 4969
f 4972 4971 4970
f 4972 4973 4971
f 4974 4973 4972
f 4974 4975 4973
f 4976 4975 4974
f 4976 4977 4975
f 4978 4977 4976
f 4978 4979 4977
f 4979 4978 4980
f 4958 4852 4956
f 4852 4958 4844
f 4952 4848 4957
f 4848 4952 4846
f 4913 4950 4967
f 4950 4913 4909
f 4941 4969 4971
f 4969 4941 4918
f 4872 4978 4871
f 4978 4872 4980
f 4946 4979 4947
f 4979 4946 4977
f 4882 4966 4965
f 4966 4882 4883
f 4944 4975 4945
f 4975 4944 4973
f 4871 4976 4870
f 4976 4871 4978
f 4866 4972 4970
f 4972 4866 4867
f 4883 4968 4966
f 4968 4883 4864
f 4864 4970 4968
f 4970 4864 4866
f 4944 4971 4973
f 4971 4944 4941
f 4945 4977 4946
f 4977 4945 4975
f 4918 4967 4969
f 4967 4918 4913
f 4947 4872 4904
f 4979 4872 4947
f 4872 4979 4980
f 4870 4974 4868
f 4974 4870 4976
f 4868 4972 4867
f 4972 4868 4974
f 4910 4880 4878
f 4880 4910 4911
f 4932 4854 4855
f 4854 4932 4931
f 4899 4839 4924
f 4839 4899 4838
f 4903 4850 4902
f 4850 4903 4873
f 4929 4849 4851
f 4849 4929 4928
f 4926 4842 4927
f 4842 4926 4840
f 4914 4885 4884
f 4885 4914 4915
f 4907 4876 4875
f 4876 4907 4908
f 4908 4878 4876
f 4878 4908 4910
f 4903 4875 4873
f 4875 4903 4907
f 4901 4841 4898
f 4841 4901 4843
f 4898 4838 4899
f 4838 4898 4841
f 4902 4843 4901
f 4843 4902 4850
f 4930 4851 4853
f 4851 4930 4929
f 4931 4853 4854
f 4853 4931 4930
f 4927 4849 4928
f 4849 4927 4842
f 4924 4840 4926
f 4840 4924 4839
f 4833 4939 4831
f 4939 4833 4940
f 4935 4858 4860
f 4858 4935 4934
f 4886 4917 4887
f 4917 4886 4916
f 4912 4884 4881
f 4884 4912 4914
f 4911 4881 4880
f 4881 4911 4912
f 4936 4860 4861
f 4860 4936 4935
f 4933 4855 4856
f 4855 4933 4932
f 4934 4856 4858
f 4856 4934 4933
f 4888 4943 4889
f 4943 4888 4942
f 4915 4886 4885
f 4886 4915 4916
f 4889 4940 4833
f 4940 4889 4943
f 4831 4938 4865
f 4938 4831 4939
f 4862 4936 4861
f 4936 4862 4937
f 4887 4942 4888
f 4942 4887 4917
f 4865 4937 4862
f 4937 4865 4938
f 4981 4982 4983
f 4982 4981 4984
f 4985 4986 4987
f 4986 4985 4988
f 4989 4990 4991
f 4990 4989 4992
f 4993 4994 4995
f 4994 4993 4996
f 4991 4997 4998
f 4997 4991 4990
f 4984 4999 4982
f 4999 4984 5000
f 5001 5002 5003
f 5002 5001 5004
f 5005 4992 4989
f 4992 5005 5006
f 5007 5008 5009
f 5008 5007 5010
f 5011 5012 5013
f 5012 5011 5014
f 4994 5013 4995
f 5013 4994 5011
f 5014 4987 5012
f 4987 5014 4985
f 4998 4996 4993
f 4996 4998 4997
f 5015 4983 5016
f 4983 5015 4981
f 5017 5018 5019
f 5018 5017 5020
f 5000 5003 4999
f 5003 5000 5001
f 5002 5010 5007
f 5010 5002 5004
f 5009 5006 5005
f 5006 5009 5008
f 5021 5022 5023
f 5022 5021 5024
f 5025 5016 5026
f 5016 5025 5015
f 5019 5027 5028
f 5027 5019 5018
f 5029 5030 5031
f 5030 5029 5032
f 5033 5034 5035
f 5034 5033 5036
f 5037 5026 5038
f 5026 5037 5025
f 5021 5038 5024
f 5038 5021 5037
f 5006 4990 4992
f 5008 4990 5006
f 5008 4997 4990
f 5010 4997 5008
f 5010 4996 4997
f 5004 4996 5010
f 5004 4994 4996
f 5001 4994 5004
f 5001 5011 4994
f 5000 5011 5001
f 5000 5014 5011
f 4984 5014 5000
f 4984 4985 5014
f 4981 4985 4984
f 4981 4988 4985
f 5015 4988 4981
f 5015 5029 4988
f 5025 5029 5015
f 5025 5032 5029
f 5037 5032 5025
f 5037 5039 5032
f 5021 5039 5037
f 5021 5040 5039
f 5023 5040 5021
f 5023 5028 5040
f 5033 5028 5023
f 5033 5019 5028
f 5035 5019 5033
f 5035 5017 5019
f 5017 5035 5041
f 5028 5042 5040
f 5042 5028 5027
f 5039 5042 5043
f 5042 5039 5040
f 5032 5043 5030
f 5043 5032 5039
f 4988 5031 4986
f 5031 4988 5029
f 5023 5036 5033
f 5036 5023 5022
f 5035 5044 5041
f 5044 5035 5034
f 5041 5020 5017
f 5020 5041 5044
f 4991 5005 4989
f 4998 5005 4991
f 4998 5009 5005
f 4993 5009 4998
f 4993 5007 5009
f 4995 5007 4993
f 4995 5002 5007
f 5013 5002 4995
f 5013 5003 5002
f 5012 5003 5013
f 5012 4999 5003
f 4987 4999 5012
f 4987 4982 4999
f 4986 4982 4987
f 4986 4983 4982
f 5031 4983 4986
f 5031 5016 4983
f 5030 5016 5031
f 5030 5026 5016
f 5043 5026 5030
f 5043 5038 5026
f 5042 5038 5043
f 5042 5024 5038
f 5027 5024 5042
f 5027 5022 5024
f 5018 5022 5027
f 5018 5036 5022
f 5020 5036 5018
f 5020 5034 5036
f 5034 5020 5044

